"","ID.Ibex","Label","Response","FeatureMatch","Word1","Word2","WordPair","Conceptual","Valence"
"1","5b87dd09019cf60001a115b3","control_Similar","83","SimilarControl","use","employ","use-employ","",""
"2","5b87dd09019cf60001a115b3","control_Dissimilar","99","DissimilarControl","push","pull","push-pull","",""
"3","5b87dd09019cf60001a115b3","test_ValenceMatch_Positive","0","ValenceMatchingOnly","sandwich","husband","sandwich-husband","InanimateMismatch","PositiveMatch"
"4","5b87dd09019cf60001a115b3","test_ValenceMatch_Negative","0","ValenceMatchingOnly","excrement","mugger","excrement-mugger","InanimateMismatch","NegativeMatch"
"5","5b87dd09019cf60001a115b3","control_MaxMatch_Negative_Animate","71","MaxMatch","intruder","mugger","intruder-mugger","AnimateMatch","NegativeMatch"
"6","5b87dd09019cf60001a115b3","test_ConceptualMatch_Inanimate","0","ConceptualMatchingOnly","cocaine","sunshine","cocaine-sunshine","ConceptualMatch:inanimate","NegativeMismatch"
"7","5b87dd09019cf60001a115b3","control_Similar","99","SimilarControl","help","assist","help-assist","",""
"8","5b87dd09019cf60001a115b3","control_MaxMatch_Positive_Animate","0","MaxMatch","comedian","duckling","comedian-duckling","AnimateMatch","PositiveMatch"
"9","5b87dd09019cf60001a115b3","control_Dissimilar","92","DissimilarControl","arrive","leave","arrive-leave","",""
"10","5b87dd09019cf60001a115b3","control_MaxMismatch","0","MaxMismatch","dictator","puppy","dictator-puppy","AnimateMismatch","NegativeMismatch"
"11","5b87dd09019cf60001a115b3","control_MaxMatch_Negative_Inanimate","0","MaxMatch","heroin","swastika","heroin-swastika","InanimateMatch","NegativeMatch"
"12","5b87dd09019cf60001a115b3","control_MaxMatch_Positive_Inanimate","0","MaxMatch","feast","meadow","feast-meadow","InanimateMatch","PositiveMatch"
"13","5b87dd09019cf60001a115b3","control_Similar","99","SimilarControl","show","display","show-display","",""
"14","5b87dd09019cf60001a115b3","control_Dissimilar","80","DissimilarControl","come","go","come-go","",""
"15","5b87dd09019cf60001a115b3","test_ValenceMatch_Positive","0","ValenceMatchingOnly","feast","sibling","feast-sibling","InanimateMismatch","PositiveMatch"
"16","5b87dd09019cf60001a115b3","test_ValenceMatch_Negative","0","ValenceMatchingOnly","corpse","tapeworm","corpse-tapeworm","InanimateMismatch","NegativeMatch"
"17","5b87dd09019cf60001a115b3","control_MaxMatch_Negative_Animate","0","MaxMatch","widow","inmate","widow-inmate","AnimateMatch","NegativeMatch"
"18","5b87dd09019cf60001a115b3","test_ConceptualMatch_Inanimate","0","ConceptualMatchingOnly","cocaine","prize","cocaine-prize","ConceptualMatch:inanimate","NegativeMismatch"
"19","5b87dd09019cf60001a115b3","control_Similar","99","SimilarControl","begin","start","begin-start","",""
"20","5b87dd09019cf60001a115b3","control_MaxMatch_Positive_Animate","69","MaxMatch","duckling","kitten","duckling-kitten","AnimateMatch","PositiveMatch"
"21","5b87dd09019cf60001a115b3","control_Dissimilar","81","DissimilarControl","add","remove","add-remove","",""
"22","5b87dd09019cf60001a115b3","control_MaxMismatch","0","MaxMismatch","leech","princess","leech-princess","AnimateMismatch","NegativeMismatch"
"23","5b87dd09019cf60001a115b3","control_MaxMatch_Negative_Inanimate","0","MaxMatch","gunshot","smallpox","gunshot-smallpox","InanimateMatch","NegativeMatch"
"24","5b87dd09019cf60001a115b3","control_MaxMatch_Positive_Inanimate","0","MaxMatch","sunshine","award","sunshine-award","InanimateMatch","PositiveMatch"
"25","5b87dd09019cf60001a115b3","control_Similar","99","SimilarControl","speak","talk","speak-talk","",""
"26","5b87dd09019cf60001a115b3","control_Dissimilar","86","DissimilarControl","enter","exit","enter-exit","",""
"27","5b87dd09019cf60001a115b3","test_ValenceMatch_Positive","0","ValenceMatchingOnly","feast","duckling","feast-duckling","InanimateMismatch","PositiveMatch"
"28","5b87dd09019cf60001a115b3","test_ValenceMatch_Negative","0","ValenceMatchingOnly","wiretap","leech","wiretap-leech","InanimateMismatch","NegativeMatch"
"29","5b87dd09019cf60001a115b3","control_MaxMatch_Negative_Animate","0","MaxMatch","slave","widow","slave-widow","AnimateMatch","NegativeMatch"
"30","5b87dd09019cf60001a115b3","test_ConceptualMatch_Inanimate","0","ConceptualMatchingOnly","smallpox","meadow","smallpox-meadow","ConceptualMatch:inanimate","NegativeMismatch"
"31","5b87dd09019cf60001a115b3","control_Similar","99","SimilarControl","ask","inquire","ask-inquire","",""
"32","5b87dd09019cf60001a115b3","control_MaxMatch_Positive_Animate","0","MaxMatch","sibling","duckling","sibling-duckling","AnimateMatch","PositiveMatch"
"33","5b87dd09019cf60001a115b3","control_Dissimilar","82","DissimilarControl","increase","decrease","increase-decrease","",""
"34","5b87dd09019cf60001a115b3","control_MaxMismatch","0","MaxMismatch","intruder","princess","intruder-princess","AnimateMismatch","NegativeMismatch"
"35","5b87dd09019cf60001a115b3","control_MaxMatch_Negative_Inanimate","0","MaxMatch","swastika","flood","swastika-flood","InanimateMatch","NegativeMatch"
"36","5b87dd09019cf60001a115b3","control_MaxMatch_Positive_Inanimate","0","MaxMatch","award","sandwich","award-sandwich","InanimateMatch","PositiveMatch"
"37","5b87dd09019cf60001a115b3","control_Similar","99","SimilarControl","buy","purchase","buy-purchase","",""
"38","5b87dd09019cf60001a115b3","control_Dissimilar","81","DissimilarControl","begin","end","begin-end","",""
"39","5b87dd09019cf60001a115b3","test_ValenceMatch_Positive","0","ValenceMatchingOnly","pizza","sibling","pizza-sibling","InanimateMismatch","PositiveMatch"
"40","5b87dd09019cf60001a115b3","test_ValenceMatch_Negative","0","ValenceMatchingOnly","wiretap","mugger","wiretap-mugger","InanimateMismatch","NegativeMatch"
"41","5b87dd09019cf60001a115b3","control_MaxMatch_Negative_Animate","0","MaxMatch","slave","asshole","slave-asshole","AnimateMatch","NegativeMatch"
"42","5b87dd09019cf60001a115b3","test_ConceptualMatch_Inanimate","0","ConceptualMatchingOnly","wiretap","doughnut","wiretap-doughnut","ConceptualMatch:inanimate","NegativeMismatch"
"43","5b87dd09019cf60001a115b3","control_Similar","99","SimilarControl","need","require","need-require","",""
"44","5b87dd09019cf60001a115b3","control_MaxMatch_Positive_Animate","0","MaxMatch","comedian","chipmunk","comedian-chipmunk","AnimateMatch","PositiveMatch"
"45","5b87dd09019cf60001a115b3","control_Dissimilar","82","DissimilarControl","give","take","give-take","",""
"46","5b87dd09019cf60001a115b3","control_MaxMismatch","0","MaxMismatch","maggot","comedian","maggot-comedian","AnimateMismatch","NegativeMismatch"
"47","5b87dd09019cf60001a115b3","control_MaxMatch_Negative_Inanimate","0","MaxMatch","cocaine","flood","cocaine-flood","InanimateMatch","NegativeMatch"
"48","5b87dd09019cf60001a115b3","control_MaxMatch_Positive_Inanimate","0","MaxMatch","sandwich","meadow","sandwich-meadow","InanimateMatch","PositiveMatch"
"49","5b87dd09019cf60001a115b3","control_Similar","99","SimilarControl","get","obtain","get-obtain","",""
"50","5b87dd09019cf60001a115b3","control_Dissimilar","86","DissimilarControl","open","close","open-close","",""
"51","5b87dd09019cf60001a115b3","test_ValenceMatch_Positive","0","ValenceMatchingOnly","doughnut","duckling","doughnut-duckling","InanimateMismatch","PositiveMatch"
"52","5b87dd09019cf60001a115b3","test_ValenceMatch_Negative","0","ValenceMatchingOnly","flood","leech","flood-leech","InanimateMismatch","NegativeMatch"
"53","5b87dd09019cf60001a115b3","control_MaxMatch_Negative_Animate","0","MaxMatch","maggot","intruder","maggot-intruder","AnimateMatch","NegativeMatch"
"54","5b87dd09019cf60001a115b3","test_ConceptualMatch_Inanimate","0","ConceptualMatchingOnly","excrement","dollar","excrement-dollar","ConceptualMatch:inanimate","NegativeMismatch"
"55","5b87dd09019cf60001a115b3","control_Similar","99","SimilarControl","end","finish","end-finish","",""
"56","5b87dd09019cf60001a115b3","control_MaxMatch_Positive_Animate","0","MaxMatch","chipmunk","husband","chipmunk-husband","AnimateMatch","PositiveMatch"
"57","5b87dd09019cf60001a115b3","control_Dissimilar","85","DissimilarControl","rise","fall","rise-fall","",""
"58","5b87dd09019cf60001a115b3","control_MaxMismatch","0","MaxMismatch","leech","duckling","leech-duckling","AnimateMismatch","NegativeMismatch"
"59","5b87dd09019cf60001a115b3","control_MaxMatch_Negative_Inanimate","0","MaxMatch","swastika","gunshot","swastika-gunshot","InanimateMatch","NegativeMatch"
"60","5b87dd09019cf60001a115b3","control_MaxMatch_Positive_Inanimate","0","MaxMatch","sunshine","meadow","sunshine-meadow","InanimateMatch","PositiveMatch"
"61","6317ac941faaf331c4573eab","control_Similar","90","SimilarControl","show","display","show-display","",""
"62","6317ac941faaf331c4573eab","control_Dissimilar","0","DissimilarControl","open","close","open-close","",""
"63","6317ac941faaf331c4573eab","test_ValenceMatch_Positive","27","ValenceMatchingOnly","meadow","chipmunk","meadow-chipmunk","InanimateMismatch","PositiveMatch"
"64","6317ac941faaf331c4573eab","control_MaxMatch_Negative_Inanimate","10","MaxMatch","flood","corpse","flood-corpse","InanimateMatch","NegativeMatch"
"65","6317ac941faaf331c4573eab","control_MaxMatch_Positive_Inanimate","62","MaxMatch","prize","sunshine","prize-sunshine","InanimateMatch","PositiveMatch"
"66","6317ac941faaf331c4573eab","test_ConceptualMatch_Inanimate","6","ConceptualMatchingOnly","corpse","sunshine","corpse-sunshine","ConceptualMatch:inanimate","NegativeMismatch"
"67","6317ac941faaf331c4573eab","control_Similar","99","SimilarControl","end","finish","end-finish","",""
"68","6317ac941faaf331c4573eab","control_MaxMatch_Positive_Animate","12","MaxMatch","comedian","puppy","comedian-puppy","AnimateMatch","PositiveMatch"
"69","6317ac941faaf331c4573eab","control_Dissimilar","13","DissimilarControl","give","take","give-take","",""
"70","6317ac941faaf331c4573eab","control_MaxMatch_Negative_Animate","17","MaxMatch","asshole","maggot","asshole-maggot","AnimateMatch","NegativeMatch"
"71","6317ac941faaf331c4573eab","control_MaxMismatch","7","MaxMismatch","mugger","husband","mugger-husband","AnimateMismatch","NegativeMismatch"
"72","6317ac941faaf331c4573eab","test_ValenceMatch_Negative","17","ValenceMatchingOnly","wiretap","leech","wiretap-leech","InanimateMismatch","NegativeMatch"
"73","6317ac941faaf331c4573eab","control_Similar","99","SimilarControl","need","require","need-require","",""
"74","6317ac941faaf331c4573eab","control_Dissimilar","25","DissimilarControl","begin","end","begin-end","",""
"75","6317ac941faaf331c4573eab","test_ValenceMatch_Positive","80","ValenceMatchingOnly","feast","princess","feast-princess","InanimateMismatch","PositiveMatch"
"76","6317ac941faaf331c4573eab","control_MaxMatch_Negative_Inanimate","87","MaxMatch","poison","corpse","poison-corpse","InanimateMatch","NegativeMatch"
"77","6317ac941faaf331c4573eab","control_MaxMatch_Positive_Inanimate","99","MaxMatch","prize","award","prize-award","InanimateMatch","PositiveMatch"
"78","6317ac941faaf331c4573eab","test_ConceptualMatch_Inanimate","9","ConceptualMatchingOnly","swastika","meadow","swastika-meadow","ConceptualMatch:inanimate","NegativeMismatch"
"79","6317ac941faaf331c4573eab","control_Similar","99","SimilarControl","get","obtain","get-obtain","",""
"80","6317ac941faaf331c4573eab","control_MaxMatch_Positive_Animate","15","MaxMatch","sibling","duckling","sibling-duckling","AnimateMatch","PositiveMatch"
"81","6317ac941faaf331c4573eab","control_Dissimilar","12","DissimilarControl","add","remove","add-remove","",""
"82","6317ac941faaf331c4573eab","control_MaxMatch_Negative_Animate","21","MaxMatch","maggot","mugger","maggot-mugger","AnimateMatch","NegativeMatch"
"83","6317ac941faaf331c4573eab","control_MaxMismatch","22","MaxMismatch","intruder","kitten","intruder-kitten","AnimateMismatch","NegativeMismatch"
"84","6317ac941faaf331c4573eab","test_ValenceMatch_Negative","84","ValenceMatchingOnly","corpse","tapeworm","corpse-tapeworm","InanimateMismatch","NegativeMatch"
"85","6317ac941faaf331c4573eab","control_Similar","99","SimilarControl","buy","purchase","buy-purchase","",""
"86","6317ac941faaf331c4573eab","control_Dissimilar","20","DissimilarControl","push","pull","push-pull","",""
"87","6317ac941faaf331c4573eab","test_ValenceMatch_Positive","20","ValenceMatchingOnly","doughnut","duckling","doughnut-duckling","InanimateMismatch","PositiveMatch"
"88","6317ac941faaf331c4573eab","control_MaxMatch_Negative_Inanimate","3","MaxMatch","cocaine","smallpox","cocaine-smallpox","InanimateMatch","NegativeMatch"
"89","6317ac941faaf331c4573eab","control_MaxMatch_Positive_Inanimate","79","MaxMatch","award","doughnut","award-doughnut","InanimateMatch","PositiveMatch"
"90","6317ac941faaf331c4573eab","test_ConceptualMatch_Inanimate","6","ConceptualMatchingOnly","poison","feast","poison-feast","ConceptualMatch:inanimate","NegativeMismatch"
"91","6317ac941faaf331c4573eab","control_Similar","99","SimilarControl","begin","start","begin-start","",""
"92","6317ac941faaf331c4573eab","control_MaxMatch_Positive_Animate","61","MaxMatch","comedian","kitten","comedian-kitten","AnimateMatch","PositiveMatch"
"93","6317ac941faaf331c4573eab","control_Dissimilar","14","DissimilarControl","increase","decrease","increase-decrease","",""
"94","6317ac941faaf331c4573eab","control_MaxMatch_Negative_Animate","18","MaxMatch","inmate","tapeworm","inmate-tapeworm","AnimateMatch","NegativeMatch"
"95","6317ac941faaf331c4573eab","control_MaxMismatch","11","MaxMismatch","dictator","husband","dictator-husband","AnimateMismatch","NegativeMismatch"
"96","6317ac941faaf331c4573eab","test_ValenceMatch_Negative","0","ValenceMatchingOnly","flood","mugger","flood-mugger","InanimateMismatch","NegativeMatch"
"97","6317ac941faaf331c4573eab","control_Similar","83","SimilarControl","use","employ","use-employ","",""
"98","6317ac941faaf331c4573eab","control_Dissimilar","31","DissimilarControl","enter","exit","enter-exit","",""
"99","6317ac941faaf331c4573eab","test_ValenceMatch_Positive","15","ValenceMatchingOnly","dollar","child","dollar-child","InanimateMismatch","PositiveMatch"
"100","6317ac941faaf331c4573eab","control_MaxMatch_Negative_Inanimate","3","MaxMatch","cocaine","excrement","cocaine-excrement","InanimateMatch","NegativeMatch"
"101","6317ac941faaf331c4573eab","control_MaxMatch_Positive_Inanimate","69","MaxMatch","sunshine","pizza","sunshine-pizza","InanimateMatch","PositiveMatch"
"102","6317ac941faaf331c4573eab","test_ConceptualMatch_Inanimate","0","ConceptualMatchingOnly","swastika","doughnut","swastika-doughnut","ConceptualMatch:inanimate","NegativeMismatch"
"103","6317ac941faaf331c4573eab","control_Similar","92","SimilarControl","ask","inquire","ask-inquire","",""
"104","6317ac941faaf331c4573eab","control_MaxMatch_Positive_Animate","71","MaxMatch","bunny","child","bunny-child","AnimateMatch","PositiveMatch"
"105","6317ac941faaf331c4573eab","control_Dissimilar","32","DissimilarControl","rise","fall","rise-fall","",""
"106","6317ac941faaf331c4573eab","control_MaxMatch_Negative_Animate","26","MaxMatch","widow","inmate","widow-inmate","AnimateMatch","NegativeMatch"
"107","6317ac941faaf331c4573eab","control_MaxMismatch","19","MaxMismatch","leech","princess","leech-princess","AnimateMismatch","NegativeMismatch"
"108","6317ac941faaf331c4573eab","test_ValenceMatch_Negative","14","ValenceMatchingOnly","smallpox","intruder","smallpox-intruder","InanimateMismatch","NegativeMatch"
"109","6317ac941faaf331c4573eab","control_Similar","99","SimilarControl","help","assist","help-assist","",""
"110","6317ac941faaf331c4573eab","control_Dissimilar","33","DissimilarControl","come","go","come-go","",""
"111","6317ac941faaf331c4573eab","test_ValenceMatch_Positive","76","ValenceMatchingOnly","laughter","husband","laughter-husband","InanimateMismatch","PositiveMatch"
"112","6317ac941faaf331c4573eab","control_MaxMatch_Negative_Inanimate","11","MaxMatch","excrement","gunshot","excrement-gunshot","InanimateMatch","NegativeMatch"
"113","6317ac941faaf331c4573eab","control_MaxMatch_Positive_Inanimate","22","MaxMatch","dollar","sandwich","dollar-sandwich","InanimateMatch","PositiveMatch"
"114","6317ac941faaf331c4573eab","test_ConceptualMatch_Inanimate","0","ConceptualMatchingOnly","poison","meadow","poison-meadow","ConceptualMatch:inanimate","NegativeMismatch"
"115","6317ac941faaf331c4573eab","control_Similar","99","SimilarControl","speak","talk","speak-talk","",""
"116","6317ac941faaf331c4573eab","control_MaxMatch_Positive_Animate","87","MaxMatch","sibling","kitten","sibling-kitten","AnimateMatch","PositiveMatch"
"117","6317ac941faaf331c4573eab","control_Dissimilar","32","DissimilarControl","arrive","leave","arrive-leave","",""
"118","6317ac941faaf331c4573eab","control_MaxMatch_Negative_Animate","15","MaxMatch","dictator","leech","dictator-leech","AnimateMatch","NegativeMatch"
"119","6317ac941faaf331c4573eab","control_MaxMismatch","9","MaxMismatch","tapeworm","duckling","tapeworm-duckling","AnimateMismatch","NegativeMismatch"
"120","6317ac941faaf331c4573eab","test_ValenceMatch_Negative","11","ValenceMatchingOnly","smallpox","leech","smallpox-leech","InanimateMismatch","NegativeMatch"
"121","5cb5e6927a92c500015c0de1","control_Similar","94","SimilarControl","buy","purchase","buy-purchase","",""
"122","5cb5e6927a92c500015c0de1","control_Dissimilar","5","DissimilarControl","come","go","come-go","",""
"123","5cb5e6927a92c500015c0de1","control_MaxMatch_Positive_Animate","5","MaxMatch","comedian","duckling","comedian-duckling","AnimateMatch","PositiveMatch"
"124","5cb5e6927a92c500015c0de1","test_ValenceMatch_Negative","2","ValenceMatchingOnly","smallpox","intruder","smallpox-intruder","InanimateMismatch","NegativeMatch"
"125","5cb5e6927a92c500015c0de1","control_Similar","99","SimilarControl","ask","inquire","ask-inquire","",""
"126","5cb5e6927a92c500015c0de1","test_ValenceMatch_Positive","6","ValenceMatchingOnly","pizza","comedian","pizza-comedian","InanimateMismatch","PositiveMatch"
"127","5cb5e6927a92c500015c0de1","control_MaxMatch_Negative_Animate","2","MaxMatch","maggot","mugger","maggot-mugger","AnimateMatch","NegativeMatch"
"128","5cb5e6927a92c500015c0de1","control_MaxMismatch","3","MaxMismatch","inmate","kitten","inmate-kitten","AnimateMismatch","NegativeMismatch"
"129","5cb5e6927a92c500015c0de1","control_MaxMatch_Positive_Inanimate","4","MaxMatch","sandwich","meadow","sandwich-meadow","InanimateMatch","PositiveMatch"
"130","5cb5e6927a92c500015c0de1","control_MaxMatch_Negative_Inanimate","5","MaxMatch","swastika","excrement","swastika-excrement","InanimateMatch","NegativeMatch"
"131","5cb5e6927a92c500015c0de1","test_ConceptualMatch_Inanimate","3","ConceptualMatchingOnly","cocaine","prize","cocaine-prize","ConceptualMatch:inanimate","NegativeMismatch"
"132","5cb5e6927a92c500015c0de1","control_Dissimilar","0","DissimilarControl","give","take","give-take","",""
"133","5cb5e6927a92c500015c0de1","control_Similar","86","SimilarControl","need","require","need-require","",""
"134","5cb5e6927a92c500015c0de1","control_Dissimilar","0","DissimilarControl","rise","fall","rise-fall","",""
"135","5cb5e6927a92c500015c0de1","control_MaxMatch_Positive_Animate","2","MaxMatch","comedian","bunny","comedian-bunny","AnimateMatch","PositiveMatch"
"136","5cb5e6927a92c500015c0de1","test_ValenceMatch_Negative","4","ValenceMatchingOnly","smallpox","dictator","smallpox-dictator","InanimateMismatch","NegativeMatch"
"137","5cb5e6927a92c500015c0de1","control_Similar","75","SimilarControl","use","employ","use-employ","",""
"138","5cb5e6927a92c500015c0de1","test_ValenceMatch_Positive","8","ValenceMatchingOnly","laughter","kitten","laughter-kitten","InanimateMismatch","PositiveMatch"
"139","5cb5e6927a92c500015c0de1","control_MaxMatch_Negative_Animate","4","MaxMatch","dictator","tapeworm","dictator-tapeworm","AnimateMatch","NegativeMatch"
"140","5cb5e6927a92c500015c0de1","control_MaxMismatch","0","MaxMismatch","dictator","child","dictator-child","AnimateMismatch","NegativeMismatch"
"141","5cb5e6927a92c500015c0de1","control_MaxMatch_Positive_Inanimate","77","MaxMatch","feast","sandwich","feast-sandwich","InanimateMatch","PositiveMatch"
"142","5cb5e6927a92c500015c0de1","control_MaxMatch_Negative_Inanimate","83","MaxMatch","swastika","gunshot","swastika-gunshot","InanimateMatch","NegativeMatch"
"143","5cb5e6927a92c500015c0de1","test_ConceptualMatch_Inanimate","5","ConceptualMatchingOnly","cocaine","pizza","cocaine-pizza","ConceptualMatch:inanimate","NegativeMismatch"
"144","5cb5e6927a92c500015c0de1","control_Dissimilar","0","DissimilarControl","push","pull","push-pull","",""
"145","5cb5e6927a92c500015c0de1","control_Similar","99","SimilarControl","speak","talk","speak-talk","",""
"146","5cb5e6927a92c500015c0de1","control_Dissimilar","0","DissimilarControl","arrive","leave","arrive-leave","",""
"147","5cb5e6927a92c500015c0de1","control_MaxMatch_Positive_Animate","2","MaxMatch","puppy","sibling","puppy-sibling","AnimateMatch","PositiveMatch"
"148","5cb5e6927a92c500015c0de1","test_ValenceMatch_Negative","5","ValenceMatchingOnly","wiretap","slave","wiretap-slave","InanimateMismatch","NegativeMatch"
"149","5cb5e6927a92c500015c0de1","control_Similar","99","SimilarControl","end","finish","end-finish","",""
"150","5cb5e6927a92c500015c0de1","test_ValenceMatch_Positive","5","ValenceMatchingOnly","award","sibling","award-sibling","InanimateMismatch","PositiveMatch"
"151","5cb5e6927a92c500015c0de1","control_MaxMatch_Negative_Animate","20","MaxMatch","maggot","leech","maggot-leech","AnimateMatch","NegativeMatch"
"152","5cb5e6927a92c500015c0de1","control_MaxMismatch","1","MaxMismatch","tapeworm","comedian","tapeworm-comedian","AnimateMismatch","NegativeMismatch"
"153","5cb5e6927a92c500015c0de1","control_MaxMatch_Positive_Inanimate","4","MaxMatch","sunshine","pizza","sunshine-pizza","InanimateMatch","PositiveMatch"
"154","5cb5e6927a92c500015c0de1","control_MaxMatch_Negative_Inanimate","1","MaxMatch","cocaine","excrement","cocaine-excrement","InanimateMatch","NegativeMatch"
"155","5cb5e6927a92c500015c0de1","test_ConceptualMatch_Inanimate","0","ConceptualMatchingOnly","swastika","meadow","swastika-meadow","ConceptualMatch:inanimate","NegativeMismatch"
"156","5cb5e6927a92c500015c0de1","control_Dissimilar","0","DissimilarControl","enter","exit","enter-exit","",""
"157","5cb5e6927a92c500015c0de1","control_Similar","99","SimilarControl","help","assist","help-assist","",""
"158","5cb5e6927a92c500015c0de1","control_Dissimilar","0","DissimilarControl","begin","end","begin-end","",""
"159","5cb5e6927a92c500015c0de1","control_MaxMatch_Positive_Animate","22","MaxMatch","comedian","husband","comedian-husband","AnimateMatch","PositiveMatch"
"160","5cb5e6927a92c500015c0de1","test_ValenceMatch_Negative","0","ValenceMatchingOnly","excrement","widow","excrement-widow","InanimateMismatch","NegativeMatch"
"161","5cb5e6927a92c500015c0de1","control_Similar","99","SimilarControl","begin","start","begin-start","",""
"162","5cb5e6927a92c500015c0de1","test_ValenceMatch_Positive","6","ValenceMatchingOnly","sandwich","comedian","sandwich-comedian","InanimateMismatch","PositiveMatch"
"163","5cb5e6927a92c500015c0de1","control_MaxMatch_Negative_Animate","7","MaxMatch","inmate","dictator","inmate-dictator","AnimateMatch","NegativeMatch"
"164","5cb5e6927a92c500015c0de1","control_MaxMismatch","6","MaxMismatch","intruder","sibling","intruder-sibling","AnimateMismatch","NegativeMismatch"
"165","5cb5e6927a92c500015c0de1","control_MaxMatch_Positive_Inanimate","18","MaxMatch","laughter","feast","laughter-feast","InanimateMatch","PositiveMatch"
"166","5cb5e6927a92c500015c0de1","control_MaxMatch_Negative_Inanimate","33","MaxMatch","heroin","gunshot","heroin-gunshot","InanimateMatch","NegativeMatch"
"167","5cb5e6927a92c500015c0de1","test_ConceptualMatch_Inanimate","76","ConceptualMatchingOnly","wiretap","dollar","wiretap-dollar","ConceptualMatch:inanimate","NegativeMismatch"
"168","5cb5e6927a92c500015c0de1","control_Dissimilar","1","DissimilarControl","increase","decrease","increase-decrease","",""
"169","5cb5e6927a92c500015c0de1","control_Similar","83","SimilarControl","show","display","show-display","",""
"170","5cb5e6927a92c500015c0de1","control_Dissimilar","0","DissimilarControl","open","close","open-close","",""
"171","5cb5e6927a92c500015c0de1","control_MaxMatch_Positive_Animate","48","MaxMatch","duckling","bunny","duckling-bunny","AnimateMatch","PositiveMatch"
"172","5cb5e6927a92c500015c0de1","test_ValenceMatch_Negative","21","ValenceMatchingOnly","heroin","intruder","heroin-intruder","InanimateMismatch","NegativeMatch"
"173","5cb5e6927a92c500015c0de1","control_Similar","99","SimilarControl","get","obtain","get-obtain","",""
"174","5cb5e6927a92c500015c0de1","test_ValenceMatch_Positive","5","ValenceMatchingOnly","doughnut","puppy","doughnut-puppy","InanimateMismatch","PositiveMatch"
"175","5cb5e6927a92c500015c0de1","control_MaxMatch_Negative_Animate","4","MaxMatch","slave","asshole","slave-asshole","AnimateMatch","NegativeMatch"
"176","5cb5e6927a92c500015c0de1","control_MaxMismatch","16","MaxMismatch","asshole","comedian","asshole-comedian","AnimateMismatch","NegativeMismatch"
"177","5cb5e6927a92c500015c0de1","control_MaxMatch_Positive_Inanimate","0","MaxMatch","doughnut","meadow","doughnut-meadow","InanimateMatch","PositiveMatch"
"178","5cb5e6927a92c500015c0de1","control_MaxMatch_Negative_Inanimate","9","MaxMatch","excrement","flood","excrement-flood","InanimateMatch","NegativeMatch"
"179","5cb5e6927a92c500015c0de1","test_ConceptualMatch_Inanimate","0","ConceptualMatchingOnly","flood","sandwich","flood-sandwich","ConceptualMatch:inanimate","NegativeMismatch"
"180","5cb5e6927a92c500015c0de1","control_Dissimilar","0","DissimilarControl","add","remove","add-remove","",""
"181","633b7b6e5d73a6fb05e2e003","control_Similar","99","SimilarControl","show","display","show-display","",""
"182","633b7b6e5d73a6fb05e2e003","control_Dissimilar","0","DissimilarControl","rise","fall","rise-fall","",""
"183","633b7b6e5d73a6fb05e2e003","control_MaxMismatch","0","MaxMismatch","mugger","bunny","mugger-bunny","AnimateMismatch","NegativeMismatch"
"184","633b7b6e5d73a6fb05e2e003","test_ValenceMatch_Negative","0","ValenceMatchingOnly","wiretap","tapeworm","wiretap-tapeworm","InanimateMismatch","NegativeMatch"
"185","633b7b6e5d73a6fb05e2e003","control_Similar","90","SimilarControl","help","assist","help-assist","",""
"186","633b7b6e5d73a6fb05e2e003","control_Dissimilar","0","DissimilarControl","give","take","give-take","",""
"187","633b7b6e5d73a6fb05e2e003","test_ConceptualMatch_Inanimate","0","ConceptualMatchingOnly","poison","sunshine","poison-sunshine","ConceptualMatch:inanimate","NegativeMismatch"
"188","633b7b6e5d73a6fb05e2e003","control_MaxMatch_Negative_Inanimate","72","MaxMatch","excrement","poison","excrement-poison","InanimateMatch","NegativeMatch"
"189","633b7b6e5d73a6fb05e2e003","control_MaxMatch_Positive_Inanimate","0","MaxMatch","pizza","laughter","pizza-laughter","InanimateMatch","PositiveMatch"
"190","633b7b6e5d73a6fb05e2e003","test_ValenceMatch_Positive","0","ValenceMatchingOnly","pizza","bunny","pizza-bunny","InanimateMismatch","PositiveMatch"
"191","633b7b6e5d73a6fb05e2e003","control_MaxMatch_Positive_Animate","0","MaxMatch","duckling","chipmunk","duckling-chipmunk","AnimateMatch","PositiveMatch"
"192","633b7b6e5d73a6fb05e2e003","control_MaxMatch_Negative_Animate","9","MaxMatch","asshole","leech","asshole-leech","AnimateMatch","NegativeMatch"
"193","633b7b6e5d73a6fb05e2e003","control_Similar","87","SimilarControl","buy","purchase","buy-purchase","",""
"194","633b7b6e5d73a6fb05e2e003","control_Dissimilar","0","DissimilarControl","increase","decrease","increase-decrease","",""
"195","633b7b6e5d73a6fb05e2e003","control_MaxMismatch","0","MaxMismatch","widow","puppy","widow-puppy","AnimateMismatch","NegativeMismatch"
"196","633b7b6e5d73a6fb05e2e003","test_ValenceMatch_Negative","9","ValenceMatchingOnly","gunshot","slave","gunshot-slave","InanimateMismatch","NegativeMatch"
"197","633b7b6e5d73a6fb05e2e003","control_Similar","99","SimilarControl","begin","start","begin-start","",""
"198","633b7b6e5d73a6fb05e2e003","control_Dissimilar","0","DissimilarControl","arrive","leave","arrive-leave","",""
"199","633b7b6e5d73a6fb05e2e003","test_ConceptualMatch_Inanimate","0","ConceptualMatchingOnly","smallpox","pizza","smallpox-pizza","ConceptualMatch:inanimate","NegativeMismatch"
"200","633b7b6e5d73a6fb05e2e003","control_MaxMatch_Negative_Inanimate","0","MaxMatch","excrement","gunshot","excrement-gunshot","InanimateMatch","NegativeMatch"
"201","633b7b6e5d73a6fb05e2e003","control_MaxMatch_Positive_Inanimate","17","MaxMatch","prize","laughter","prize-laughter","InanimateMatch","PositiveMatch"
"202","633b7b6e5d73a6fb05e2e003","test_ValenceMatch_Positive","0","ValenceMatchingOnly","laughter","chipmunk","laughter-chipmunk","InanimateMismatch","PositiveMatch"
"203","633b7b6e5d73a6fb05e2e003","control_MaxMatch_Positive_Animate","0","MaxMatch","bunny","chipmunk","bunny-chipmunk","AnimateMatch","PositiveMatch"
"204","633b7b6e5d73a6fb05e2e003","control_MaxMatch_Negative_Animate","0","MaxMatch","tapeworm","mugger","tapeworm-mugger","AnimateMatch","NegativeMatch"
"205","633b7b6e5d73a6fb05e2e003","control_Similar","99","SimilarControl","speak","talk","speak-talk","",""
"206","633b7b6e5d73a6fb05e2e003","control_Dissimilar","0","DissimilarControl","add","remove","add-remove","",""
"207","633b7b6e5d73a6fb05e2e003","control_MaxMismatch","0","MaxMismatch","widow","comedian","widow-comedian","AnimateMismatch","NegativeMismatch"
"208","633b7b6e5d73a6fb05e2e003","test_ValenceMatch_Negative","0","ValenceMatchingOnly","wiretap","widow","wiretap-widow","InanimateMismatch","NegativeMatch"
"209","633b7b6e5d73a6fb05e2e003","control_Similar","0","SimilarControl","use","employ","use-employ","",""
"210","633b7b6e5d73a6fb05e2e003","control_Dissimilar","0","DissimilarControl","come","go","come-go","",""
"211","633b7b6e5d73a6fb05e2e003","test_ConceptualMatch_Inanimate","0","ConceptualMatchingOnly","swastika","award","swastika-award","ConceptualMatch:inanimate","NegativeMismatch"
"212","633b7b6e5d73a6fb05e2e003","control_MaxMatch_Negative_Inanimate","0","MaxMatch","wiretap","corpse","wiretap-corpse","InanimateMatch","NegativeMatch"
"213","633b7b6e5d73a6fb05e2e003","control_MaxMatch_Positive_Inanimate","0","MaxMatch","award","laughter","award-laughter","InanimateMatch","PositiveMatch"
"214","633b7b6e5d73a6fb05e2e003","test_ValenceMatch_Positive","0","ValenceMatchingOnly","feast","child","feast-child","InanimateMismatch","PositiveMatch"
"215","633b7b6e5d73a6fb05e2e003","control_MaxMatch_Positive_Animate","0","MaxMatch","comedian","puppy","comedian-puppy","AnimateMatch","PositiveMatch"
"216","633b7b6e5d73a6fb05e2e003","control_MaxMatch_Negative_Animate","9","MaxMatch","inmate","dictator","inmate-dictator","AnimateMatch","NegativeMatch"
"217","633b7b6e5d73a6fb05e2e003","control_Similar","93","SimilarControl","get","obtain","get-obtain","",""
"218","633b7b6e5d73a6fb05e2e003","control_Dissimilar","0","DissimilarControl","begin","end","begin-end","",""
"219","633b7b6e5d73a6fb05e2e003","control_MaxMismatch","0","MaxMismatch","maggot","child","maggot-child","AnimateMismatch","NegativeMismatch"
"220","633b7b6e5d73a6fb05e2e003","test_ValenceMatch_Negative","0","ValenceMatchingOnly","excrement","mugger","excrement-mugger","InanimateMismatch","NegativeMatch"
"221","633b7b6e5d73a6fb05e2e003","control_Similar","87","SimilarControl","need","require","need-require","",""
"222","633b7b6e5d73a6fb05e2e003","control_Dissimilar","0","DissimilarControl","enter","exit","enter-exit","",""
"223","633b7b6e5d73a6fb05e2e003","test_ConceptualMatch_Inanimate","0","ConceptualMatchingOnly","excrement","pizza","excrement-pizza","ConceptualMatch:inanimate","NegativeMismatch"
"224","633b7b6e5d73a6fb05e2e003","control_MaxMatch_Negative_Inanimate","0","MaxMatch","cocaine","gunshot","cocaine-gunshot","InanimateMatch","NegativeMatch"
"225","633b7b6e5d73a6fb05e2e003","control_MaxMatch_Positive_Inanimate","0","MaxMatch","sunshine","sandwich","sunshine-sandwich","InanimateMatch","PositiveMatch"
"226","633b7b6e5d73a6fb05e2e003","test_ValenceMatch_Positive","0","ValenceMatchingOnly","dollar","chipmunk","dollar-chipmunk","InanimateMismatch","PositiveMatch"
"227","633b7b6e5d73a6fb05e2e003","control_MaxMatch_Positive_Animate","0","MaxMatch","princess","chipmunk","princess-chipmunk","AnimateMatch","PositiveMatch"
"228","633b7b6e5d73a6fb05e2e003","control_MaxMatch_Negative_Animate","0","MaxMatch","dictator","tapeworm","dictator-tapeworm","AnimateMatch","NegativeMatch"
"229","633b7b6e5d73a6fb05e2e003","control_Similar","99","SimilarControl","end","finish","end-finish","",""
"230","633b7b6e5d73a6fb05e2e003","control_Dissimilar","0","DissimilarControl","open","close","open-close","",""
"231","633b7b6e5d73a6fb05e2e003","control_MaxMismatch","0","MaxMismatch","widow","duckling","widow-duckling","AnimateMismatch","NegativeMismatch"
"232","633b7b6e5d73a6fb05e2e003","test_ValenceMatch_Negative","0","ValenceMatchingOnly","flood","tapeworm","flood-tapeworm","InanimateMismatch","NegativeMatch"
"233","633b7b6e5d73a6fb05e2e003","control_Similar","92","SimilarControl","ask","inquire","ask-inquire","",""
"234","633b7b6e5d73a6fb05e2e003","control_Dissimilar","0","DissimilarControl","push","pull","push-pull","",""
"235","633b7b6e5d73a6fb05e2e003","test_ConceptualMatch_Inanimate","0","ConceptualMatchingOnly","gunshot","prize","gunshot-prize","ConceptualMatch:inanimate","NegativeMismatch"
"236","633b7b6e5d73a6fb05e2e003","control_MaxMatch_Negative_Inanimate","0","MaxMatch","wiretap","poison","wiretap-poison","InanimateMatch","NegativeMatch"
"237","633b7b6e5d73a6fb05e2e003","control_MaxMatch_Positive_Inanimate","0","MaxMatch","pizza","dollar","pizza-dollar","InanimateMatch","PositiveMatch"
"238","633b7b6e5d73a6fb05e2e003","test_ValenceMatch_Positive","0","ValenceMatchingOnly","sunshine","sibling","sunshine-sibling","InanimateMismatch","PositiveMatch"
"239","633b7b6e5d73a6fb05e2e003","control_MaxMatch_Positive_Animate","3","MaxMatch","bunny","child","bunny-child","AnimateMatch","PositiveMatch"
"240","633b7b6e5d73a6fb05e2e003","control_MaxMatch_Negative_Animate","30","MaxMatch","maggot","leech","maggot-leech","AnimateMatch","NegativeMatch"
"241","6699469d177ba339d6c4648b","control_Similar","53","SimilarControl","use","employ","use-employ","",""
"242","6699469d177ba339d6c4648b","control_Dissimilar","0","DissimilarControl","add","remove","add-remove","",""
"243","6699469d177ba339d6c4648b","test_ValenceMatch_Negative","0","ValenceMatchingOnly","flood","dictator","flood-dictator","InanimateMismatch","NegativeMatch"
"244","6699469d177ba339d6c4648b","test_ConceptualMatch_Inanimate","0","ConceptualMatchingOnly","smallpox","pizza","smallpox-pizza","ConceptualMatch:inanimate","NegativeMismatch"
"245","6699469d177ba339d6c4648b","control_MaxMatch_Negative_Inanimate","0","MaxMatch","cocaine","excrement","cocaine-excrement","InanimateMatch","NegativeMatch"
"246","6699469d177ba339d6c4648b","control_Similar","99","SimilarControl","ask","inquire","ask-inquire","",""
"247","6699469d177ba339d6c4648b","control_MaxMismatch","0","MaxMismatch","leech","bunny","leech-bunny","AnimateMismatch","NegativeMismatch"
"248","6699469d177ba339d6c4648b","control_MaxMatch_Negative_Animate","6","MaxMatch","slave","tapeworm","slave-tapeworm","AnimateMatch","NegativeMatch"
"249","6699469d177ba339d6c4648b","control_Dissimilar","32","DissimilarControl","come","go","come-go","",""
"250","6699469d177ba339d6c4648b","test_ValenceMatch_Positive","0","ValenceMatchingOnly","feast","child","feast-child","InanimateMismatch","PositiveMatch"
"251","6699469d177ba339d6c4648b","control_MaxMatch_Positive_Inanimate","0","MaxMatch","sunshine","feast","sunshine-feast","InanimateMatch","PositiveMatch"
"252","6699469d177ba339d6c4648b","control_MaxMatch_Positive_Animate","0","MaxMatch","princess","chipmunk","princess-chipmunk","AnimateMatch","PositiveMatch"
"253","6699469d177ba339d6c4648b","control_Similar","79","SimilarControl","end","finish","end-finish","",""
"254","6699469d177ba339d6c4648b","control_Dissimilar","0","DissimilarControl","begin","end","begin-end","",""
"255","6699469d177ba339d6c4648b","test_ValenceMatch_Negative","0","ValenceMatchingOnly","flood","inmate","flood-inmate","InanimateMismatch","NegativeMatch"
"256","6699469d177ba339d6c4648b","test_ConceptualMatch_Inanimate","0","ConceptualMatchingOnly","heroin","sandwich","heroin-sandwich","ConceptualMatch:inanimate","NegativeMismatch"
"257","6699469d177ba339d6c4648b","control_MaxMatch_Negative_Inanimate","0","MaxMatch","swastika","excrement","swastika-excrement","InanimateMatch","NegativeMatch"
"258","6699469d177ba339d6c4648b","control_Similar","99","SimilarControl","get","obtain","get-obtain","",""
"259","6699469d177ba339d6c4648b","control_MaxMismatch","0","MaxMismatch","intruder","chipmunk","intruder-chipmunk","AnimateMismatch","NegativeMismatch"
"260","6699469d177ba339d6c4648b","control_MaxMatch_Negative_Animate","0","MaxMatch","inmate","tapeworm","inmate-tapeworm","AnimateMatch","NegativeMatch"
"261","6699469d177ba339d6c4648b","control_Dissimilar","0","DissimilarControl","enter","exit","enter-exit","",""
"262","6699469d177ba339d6c4648b","test_ValenceMatch_Positive","0","ValenceMatchingOnly","prize","sibling","prize-sibling","InanimateMismatch","PositiveMatch"
"263","6699469d177ba339d6c4648b","control_MaxMatch_Positive_Inanimate","0","MaxMatch","award","feast","award-feast","InanimateMatch","PositiveMatch"
"264","6699469d177ba339d6c4648b","control_MaxMatch_Positive_Animate","0","MaxMatch","chipmunk","husband","chipmunk-husband","AnimateMatch","PositiveMatch"
"265","6699469d177ba339d6c4648b","control_Similar","99","SimilarControl","speak","talk","speak-talk","",""
"266","6699469d177ba339d6c4648b","control_Dissimilar","0","DissimilarControl","arrive","leave","arrive-leave","",""
"267","6699469d177ba339d6c4648b","test_ValenceMatch_Negative","15","ValenceMatchingOnly","corpse","slave","corpse-slave","InanimateMismatch","NegativeMatch"
"268","6699469d177ba339d6c4648b","test_ConceptualMatch_Inanimate","0","ConceptualMatchingOnly","flood","doughnut","flood-doughnut","ConceptualMatch:inanimate","NegativeMismatch"
"269","6699469d177ba339d6c4648b","control_MaxMatch_Negative_Inanimate","0","MaxMatch","cocaine","corpse","cocaine-corpse","InanimateMatch","NegativeMatch"
"270","6699469d177ba339d6c4648b","control_Similar","99","SimilarControl","need","require","need-require","",""
"271","6699469d177ba339d6c4648b","control_MaxMismatch","0","MaxMismatch","intruder","comedian","intruder-comedian","AnimateMismatch","NegativeMismatch"
"272","6699469d177ba339d6c4648b","control_MaxMatch_Negative_Animate","65","MaxMatch","leech","tapeworm","leech-tapeworm","AnimateMatch","NegativeMatch"
"273","6699469d177ba339d6c4648b","control_Dissimilar","0","DissimilarControl","push","pull","push-pull","",""
"274","6699469d177ba339d6c4648b","test_ValenceMatch_Positive","0","ValenceMatchingOnly","award","husband","award-husband","InanimateMismatch","PositiveMatch"
"275","6699469d177ba339d6c4648b","control_MaxMatch_Positive_Inanimate","0","MaxMatch","pizza","laughter","pizza-laughter","InanimateMatch","PositiveMatch"
"276","6699469d177ba339d6c4648b","control_MaxMatch_Positive_Animate","0","MaxMatch","comedian","puppy","comedian-puppy","AnimateMatch","PositiveMatch"
"277","6699469d177ba339d6c4648b","control_Similar","99","SimilarControl","help","assist","help-assist","",""
"278","6699469d177ba339d6c4648b","control_Dissimilar","0","DissimilarControl","rise","fall","rise-fall","",""
"279","6699469d177ba339d6c4648b","test_ValenceMatch_Negative","0","ValenceMatchingOnly","swastika","mugger","swastika-mugger","InanimateMismatch","NegativeMatch"
"280","6699469d177ba339d6c4648b","test_ConceptualMatch_Inanimate","0","ConceptualMatchingOnly","wiretap","laughter","wiretap-laughter","ConceptualMatch:inanimate","NegativeMismatch"
"281","6699469d177ba339d6c4648b","control_MaxMatch_Negative_Inanimate","0","MaxMatch","swastika","smallpox","swastika-smallpox","InanimateMatch","NegativeMatch"
"282","6699469d177ba339d6c4648b","control_Similar","99","SimilarControl","buy","purchase","buy-purchase","",""
"283","6699469d177ba339d6c4648b","control_MaxMismatch","0","MaxMismatch","dictator","husband","dictator-husband","AnimateMismatch","NegativeMismatch"
"284","6699469d177ba339d6c4648b","control_MaxMatch_Negative_Animate","0","MaxMatch","slave","asshole","slave-asshole","AnimateMatch","NegativeMatch"
"285","6699469d177ba339d6c4648b","control_Dissimilar","0","DissimilarControl","open","close","open-close","",""
"286","6699469d177ba339d6c4648b","test_ValenceMatch_Positive","0","ValenceMatchingOnly","sunshine","puppy","sunshine-puppy","InanimateMismatch","PositiveMatch"
"287","6699469d177ba339d6c4648b","control_MaxMatch_Positive_Inanimate","0","MaxMatch","prize","laughter","prize-laughter","InanimateMatch","PositiveMatch"
"288","6699469d177ba339d6c4648b","control_MaxMatch_Positive_Animate","0","MaxMatch","kitten","bunny","kitten-bunny","AnimateMatch","PositiveMatch"
"289","6699469d177ba339d6c4648b","control_Similar","99","SimilarControl","begin","start","begin-start","",""
"290","6699469d177ba339d6c4648b","control_Dissimilar","0","DissimilarControl","increase","decrease","increase-decrease","",""
"291","6699469d177ba339d6c4648b","test_ValenceMatch_Negative","0","ValenceMatchingOnly","smallpox","maggot","smallpox-maggot","InanimateMismatch","NegativeMatch"
"292","6699469d177ba339d6c4648b","test_ConceptualMatch_Inanimate","0","ConceptualMatchingOnly","excrement","meadow","excrement-meadow","ConceptualMatch:inanimate","NegativeMismatch"
"293","6699469d177ba339d6c4648b","control_MaxMatch_Negative_Inanimate","0","MaxMatch","excrement","poison","excrement-poison","InanimateMatch","NegativeMatch"
"294","6699469d177ba339d6c4648b","control_Similar","99","SimilarControl","show","display","show-display","",""
"295","6699469d177ba339d6c4648b","control_MaxMismatch","0","MaxMismatch","tapeworm","puppy","tapeworm-puppy","AnimateMismatch","NegativeMismatch"
"296","6699469d177ba339d6c4648b","control_MaxMatch_Negative_Animate","0","MaxMatch","dictator","leech","dictator-leech","AnimateMatch","NegativeMatch"
"297","6699469d177ba339d6c4648b","control_Dissimilar","0","DissimilarControl","give","take","give-take","",""
"298","6699469d177ba339d6c4648b","test_ValenceMatch_Positive","0","ValenceMatchingOnly","award","comedian","award-comedian","InanimateMismatch","PositiveMatch"
"299","6699469d177ba339d6c4648b","control_MaxMatch_Positive_Inanimate","0","MaxMatch","prize","feast","prize-feast","InanimateMatch","PositiveMatch"
"300","6699469d177ba339d6c4648b","control_MaxMatch_Positive_Animate","0","MaxMatch","bunny","child","bunny-child","AnimateMatch","PositiveMatch"
"301","663e3c2870a87bac315ac450","control_Dissimilar","4","DissimilarControl","add","remove","add-remove","",""
"302","663e3c2870a87bac315ac450","control_Similar","98","SimilarControl","ask","inquire","ask-inquire","",""
"303","663e3c2870a87bac315ac450","test_ValenceMatch_Positive","16","ValenceMatchingOnly","prize","puppy","prize-puppy","InanimateMismatch","PositiveMatch"
"304","663e3c2870a87bac315ac450","control_MaxMismatch","0","MaxMismatch","tapeworm","comedian","tapeworm-comedian","AnimateMismatch","NegativeMismatch"
"305","663e3c2870a87bac315ac450","control_MaxMatch_Negative_Inanimate","0","MaxMatch","wiretap","smallpox","wiretap-smallpox","InanimateMatch","NegativeMatch"
"306","663e3c2870a87bac315ac450","control_Dissimilar","6","DissimilarControl","increase","decrease","increase-decrease","",""
"307","663e3c2870a87bac315ac450","control_MaxMatch_Positive_Animate","0","MaxMatch","princess","chipmunk","princess-chipmunk","AnimateMatch","PositiveMatch"
"308","663e3c2870a87bac315ac450","test_ConceptualMatch_Inanimate","0","ConceptualMatchingOnly","poison","prize","poison-prize","ConceptualMatch:inanimate","NegativeMismatch"
"309","663e3c2870a87bac315ac450","control_MaxMatch_Positive_Inanimate","0","MaxMatch","laughter","dollar","laughter-dollar","InanimateMatch","PositiveMatch"
"310","663e3c2870a87bac315ac450","test_ValenceMatch_Negative","1","ValenceMatchingOnly","gunshot","maggot","gunshot-maggot","InanimateMismatch","NegativeMatch"
"311","663e3c2870a87bac315ac450","control_MaxMatch_Negative_Animate","0","MaxMatch","inmate","tapeworm","inmate-tapeworm","AnimateMatch","NegativeMatch"
"312","663e3c2870a87bac315ac450","control_Similar","99","SimilarControl","buy","purchase","buy-purchase","",""
"313","663e3c2870a87bac315ac450","control_Dissimilar","6","DissimilarControl","rise","fall","rise-fall","",""
"314","663e3c2870a87bac315ac450","control_Similar","99","SimilarControl","begin","start","begin-start","",""
"315","663e3c2870a87bac315ac450","test_ValenceMatch_Positive","0","ValenceMatchingOnly","feast","puppy","feast-puppy","InanimateMismatch","PositiveMatch"
"316","663e3c2870a87bac315ac450","control_MaxMismatch","0","MaxMismatch","intruder","child","intruder-child","AnimateMismatch","NegativeMismatch"
"317","663e3c2870a87bac315ac450","control_MaxMatch_Negative_Inanimate","3","MaxMatch","wiretap","excrement","wiretap-excrement","InanimateMatch","NegativeMatch"
"318","663e3c2870a87bac315ac450","control_Dissimilar","3","DissimilarControl","begin","end","begin-end","",""
"319","663e3c2870a87bac315ac450","control_MaxMatch_Positive_Animate","49","MaxMatch","puppy","child","puppy-child","AnimateMatch","PositiveMatch"
"320","663e3c2870a87bac315ac450","test_ConceptualMatch_Inanimate","0","ConceptualMatchingOnly","cocaine","sunshine","cocaine-sunshine","ConceptualMatch:inanimate","NegativeMismatch"
"321","663e3c2870a87bac315ac450","control_MaxMatch_Positive_Inanimate","19","MaxMatch","award","laughter","award-laughter","InanimateMatch","PositiveMatch"
"322","663e3c2870a87bac315ac450","test_ValenceMatch_Negative","74","ValenceMatchingOnly","excrement","maggot","excrement-maggot","InanimateMismatch","NegativeMatch"
"323","663e3c2870a87bac315ac450","control_MaxMatch_Negative_Animate","52","MaxMatch","inmate","intruder","inmate-intruder","AnimateMatch","NegativeMatch"
"324","663e3c2870a87bac315ac450","control_Similar","99","SimilarControl","help","assist","help-assist","",""
"325","663e3c2870a87bac315ac450","control_Dissimilar","5","DissimilarControl","arrive","leave","arrive-leave","",""
"326","663e3c2870a87bac315ac450","control_Similar","98","SimilarControl","show","display","show-display","",""
"327","663e3c2870a87bac315ac450","test_ValenceMatch_Positive","2","ValenceMatchingOnly","pizza","comedian","pizza-comedian","InanimateMismatch","PositiveMatch"
"328","663e3c2870a87bac315ac450","control_MaxMismatch","0","MaxMismatch","intruder","bunny","intruder-bunny","AnimateMismatch","NegativeMismatch"
"329","663e3c2870a87bac315ac450","control_MaxMatch_Negative_Inanimate","35","MaxMatch","excrement","smallpox","excrement-smallpox","InanimateMatch","NegativeMatch"
"330","663e3c2870a87bac315ac450","control_Dissimilar","7","DissimilarControl","enter","exit","enter-exit","",""
"331","663e3c2870a87bac315ac450","control_MaxMatch_Positive_Animate","28","MaxMatch","duckling","child","duckling-child","AnimateMatch","PositiveMatch"
"332","663e3c2870a87bac315ac450","test_ConceptualMatch_Inanimate","0","ConceptualMatchingOnly","heroin","award","heroin-award","ConceptualMatch:inanimate","NegativeMismatch"
"333","663e3c2870a87bac315ac450","control_MaxMatch_Positive_Inanimate","20","MaxMatch","sunshine","meadow","sunshine-meadow","InanimateMatch","PositiveMatch"
"334","663e3c2870a87bac315ac450","test_ValenceMatch_Negative","0","ValenceMatchingOnly","swastika","intruder","swastika-intruder","InanimateMismatch","NegativeMatch"
"335","663e3c2870a87bac315ac450","control_MaxMatch_Negative_Animate","11","MaxMatch","dictator","mugger","dictator-mugger","AnimateMatch","NegativeMatch"
"336","663e3c2870a87bac315ac450","control_Similar","99","SimilarControl","end","finish","end-finish","",""
"337","663e3c2870a87bac315ac450","control_Dissimilar","8","DissimilarControl","open","close","open-close","",""
"338","663e3c2870a87bac315ac450","control_Similar","99","SimilarControl","need","require","need-require","",""
"339","663e3c2870a87bac315ac450","test_ValenceMatch_Positive","0","ValenceMatchingOnly","award","duckling","award-duckling","InanimateMismatch","PositiveMatch"
"340","663e3c2870a87bac315ac450","control_MaxMismatch","4","MaxMismatch","intruder","princess","intruder-princess","AnimateMismatch","NegativeMismatch"
"341","663e3c2870a87bac315ac450","control_MaxMatch_Negative_Inanimate","3","MaxMatch","swastika","wiretap","swastika-wiretap","InanimateMatch","NegativeMatch"
"342","663e3c2870a87bac315ac450","control_Dissimilar","5","DissimilarControl","come","go","come-go","",""
"343","663e3c2870a87bac315ac450","control_MaxMatch_Positive_Animate","64","MaxMatch","kitten","bunny","kitten-bunny","AnimateMatch","PositiveMatch"
"344","663e3c2870a87bac315ac450","test_ConceptualMatch_Inanimate","0","ConceptualMatchingOnly","smallpox","prize","smallpox-prize","ConceptualMatch:inanimate","NegativeMismatch"
"345","663e3c2870a87bac315ac450","control_MaxMatch_Positive_Inanimate","16","MaxMatch","sunshine","laughter","sunshine-laughter","InanimateMatch","PositiveMatch"
"346","663e3c2870a87bac315ac450","test_ValenceMatch_Negative","0","ValenceMatchingOnly","smallpox","widow","smallpox-widow","InanimateMismatch","NegativeMatch"
"347","663e3c2870a87bac315ac450","control_MaxMatch_Negative_Animate","7","MaxMatch","slave","widow","slave-widow","AnimateMatch","NegativeMatch"
"348","663e3c2870a87bac315ac450","control_Similar","70","SimilarControl","use","employ","use-employ","",""
"349","663e3c2870a87bac315ac450","control_Dissimilar","9","DissimilarControl","give","take","give-take","",""
"350","663e3c2870a87bac315ac450","control_Similar","99","SimilarControl","get","obtain","get-obtain","",""
"351","663e3c2870a87bac315ac450","test_ValenceMatch_Positive","6","ValenceMatchingOnly","meadow","duckling","meadow-duckling","InanimateMismatch","PositiveMatch"
"352","663e3c2870a87bac315ac450","control_MaxMismatch","0","MaxMismatch","tapeworm","child","tapeworm-child","AnimateMismatch","NegativeMismatch"
"353","663e3c2870a87bac315ac450","control_MaxMatch_Negative_Inanimate","0","MaxMatch","heroin","flood","heroin-flood","InanimateMatch","NegativeMatch"
"354","663e3c2870a87bac315ac450","control_Dissimilar","11","DissimilarControl","push","pull","push-pull","",""
"355","663e3c2870a87bac315ac450","control_MaxMatch_Positive_Animate","0","MaxMatch","puppy","husband","puppy-husband","AnimateMatch","PositiveMatch"
"356","663e3c2870a87bac315ac450","test_ConceptualMatch_Inanimate","0","ConceptualMatchingOnly","corpse","sandwich","corpse-sandwich","ConceptualMatch:inanimate","NegativeMismatch"
"357","663e3c2870a87bac315ac450","control_MaxMatch_Positive_Inanimate","5","MaxMatch","award","dollar","award-dollar","InanimateMatch","PositiveMatch"
"358","663e3c2870a87bac315ac450","test_ValenceMatch_Negative","7","ValenceMatchingOnly","smallpox","inmate","smallpox-inmate","InanimateMismatch","NegativeMatch"
"359","663e3c2870a87bac315ac450","control_MaxMatch_Negative_Animate","0","MaxMatch","widow","dictator","widow-dictator","AnimateMatch","NegativeMatch"
"360","663e3c2870a87bac315ac450","control_Similar","99","SimilarControl","speak","talk","speak-talk","",""
"361","56b0ac5fe8b677000cdc0a34","control_Dissimilar","0","DissimilarControl","increase","decrease","increase-decrease","",""
"362","56b0ac5fe8b677000cdc0a34","control_Similar","68","SimilarControl","need","require","need-require","",""
"363","56b0ac5fe8b677000cdc0a34","test_ValenceMatch_Negative","77","ValenceMatchingOnly","heroin","widow","heroin-widow","InanimateMismatch","NegativeMatch"
"364","56b0ac5fe8b677000cdc0a34","control_Dissimilar","0","DissimilarControl","rise","fall","rise-fall","",""
"365","56b0ac5fe8b677000cdc0a34","control_MaxMatch_Positive_Animate","8","MaxMatch","sibling","duckling","sibling-duckling","AnimateMatch","PositiveMatch"
"366","56b0ac5fe8b677000cdc0a34","test_ConceptualMatch_Inanimate","2","ConceptualMatchingOnly","cocaine","award","cocaine-award","ConceptualMatch:inanimate","NegativeMismatch"
"367","56b0ac5fe8b677000cdc0a34","test_ValenceMatch_Positive","0","ValenceMatchingOnly","laughter","kitten","laughter-kitten","InanimateMismatch","PositiveMatch"
"368","56b0ac5fe8b677000cdc0a34","control_MaxMatch_Negative_Animate","14","MaxMatch","maggot","mugger","maggot-mugger","AnimateMatch","NegativeMatch"
"369","56b0ac5fe8b677000cdc0a34","control_Similar","98","SimilarControl","begin","start","begin-start","",""
"370","56b0ac5fe8b677000cdc0a34","control_MaxMatch_Negative_Inanimate","0","MaxMatch","wiretap","smallpox","wiretap-smallpox","InanimateMatch","NegativeMatch"
"371","56b0ac5fe8b677000cdc0a34","control_MaxMismatch","0","MaxMismatch","asshole","duckling","asshole-duckling","AnimateMismatch","NegativeMismatch"
"372","56b0ac5fe8b677000cdc0a34","control_MaxMatch_Positive_Inanimate","0","MaxMatch","dollar","meadow","dollar-meadow","InanimateMatch","PositiveMatch"
"373","56b0ac5fe8b677000cdc0a34","control_Dissimilar","3","DissimilarControl","give","take","give-take","",""
"374","56b0ac5fe8b677000cdc0a34","control_Similar","79","SimilarControl","speak","talk","speak-talk","",""
"375","56b0ac5fe8b677000cdc0a34","test_ValenceMatch_Negative","0","ValenceMatchingOnly","heroin","tapeworm","heroin-tapeworm","InanimateMismatch","NegativeMatch"
"376","56b0ac5fe8b677000cdc0a34","control_Dissimilar","0","DissimilarControl","enter","exit","enter-exit","",""
"377","56b0ac5fe8b677000cdc0a34","control_MaxMatch_Positive_Animate","0","MaxMatch","kitten","chipmunk","kitten-chipmunk","AnimateMatch","PositiveMatch"
"378","56b0ac5fe8b677000cdc0a34","test_ConceptualMatch_Inanimate","0","ConceptualMatchingOnly","smallpox","pizza","smallpox-pizza","ConceptualMatch:inanimate","NegativeMismatch"
"379","56b0ac5fe8b677000cdc0a34","test_ValenceMatch_Positive","0","ValenceMatchingOnly","laughter","puppy","laughter-puppy","InanimateMismatch","PositiveMatch"
"380","56b0ac5fe8b677000cdc0a34","control_MaxMatch_Negative_Animate","0","MaxMatch","slave","mugger","slave-mugger","AnimateMatch","NegativeMatch"
"381","56b0ac5fe8b677000cdc0a34","control_Similar","0","SimilarControl","use","employ","use-employ","",""
"382","56b0ac5fe8b677000cdc0a34","control_MaxMatch_Negative_Inanimate","18","MaxMatch","poison","corpse","poison-corpse","InanimateMatch","NegativeMatch"
"383","56b0ac5fe8b677000cdc0a34","control_MaxMismatch","0","MaxMismatch","asshole","chipmunk","asshole-chipmunk","AnimateMismatch","NegativeMismatch"
"384","56b0ac5fe8b677000cdc0a34","control_MaxMatch_Positive_Inanimate","0","MaxMatch","feast","sandwich","feast-sandwich","InanimateMatch","PositiveMatch"
"385","56b0ac5fe8b677000cdc0a34","control_Dissimilar","0","DissimilarControl","begin","end","begin-end","",""
"386","56b0ac5fe8b677000cdc0a34","control_Similar","97","SimilarControl","buy","purchase","buy-purchase","",""
"387","56b0ac5fe8b677000cdc0a34","test_ValenceMatch_Negative","0","ValenceMatchingOnly","heroin","dictator","heroin-dictator","InanimateMismatch","NegativeMatch"
"388","56b0ac5fe8b677000cdc0a34","control_Dissimilar","0","DissimilarControl","push","pull","push-pull","",""
"389","56b0ac5fe8b677000cdc0a34","control_MaxMatch_Positive_Animate","10","MaxMatch","sibling","child","sibling-child","AnimateMatch","PositiveMatch"
"390","56b0ac5fe8b677000cdc0a34","test_ConceptualMatch_Inanimate","0","ConceptualMatchingOnly","smallpox","laughter","smallpox-laughter","ConceptualMatch:inanimate","NegativeMismatch"
"391","56b0ac5fe8b677000cdc0a34","test_ValenceMatch_Positive","0","ValenceMatchingOnly","prize","comedian","prize-comedian","InanimateMismatch","PositiveMatch"
"392","56b0ac5fe8b677000cdc0a34","control_MaxMatch_Negative_Animate","12","MaxMatch","inmate","leech","inmate-leech","AnimateMatch","NegativeMatch"
"393","56b0ac5fe8b677000cdc0a34","control_Similar","99","SimilarControl","end","finish","end-finish","",""
"394","56b0ac5fe8b677000cdc0a34","control_MaxMatch_Negative_Inanimate","0","MaxMatch","wiretap","poison","wiretap-poison","InanimateMatch","NegativeMatch"
"395","56b0ac5fe8b677000cdc0a34","control_MaxMismatch","0","MaxMismatch","widow","comedian","widow-comedian","AnimateMismatch","NegativeMismatch"
"396","56b0ac5fe8b677000cdc0a34","control_MaxMatch_Positive_Inanimate","0","MaxMatch","pizza","doughnut","pizza-doughnut","InanimateMatch","PositiveMatch"
"397","56b0ac5fe8b677000cdc0a34","control_Dissimilar","0","DissimilarControl","come","go","come-go","",""
"398","56b0ac5fe8b677000cdc0a34","control_Similar","84","SimilarControl","ask","inquire","ask-inquire","",""
"399","56b0ac5fe8b677000cdc0a34","test_ValenceMatch_Negative","0","ValenceMatchingOnly","swastika","tapeworm","swastika-tapeworm","InanimateMismatch","NegativeMatch"
"400","56b0ac5fe8b677000cdc0a34","control_Dissimilar","0","DissimilarControl","add","remove","add-remove","",""
"401","56b0ac5fe8b677000cdc0a34","control_MaxMatch_Positive_Animate","0","MaxMatch","bunny","child","bunny-child","AnimateMatch","PositiveMatch"
"402","56b0ac5fe8b677000cdc0a34","test_ConceptualMatch_Inanimate","0","ConceptualMatchingOnly","corpse","laughter","corpse-laughter","ConceptualMatch:inanimate","NegativeMismatch"
"403","56b0ac5fe8b677000cdc0a34","test_ValenceMatch_Positive","0","ValenceMatchingOnly","feast","kitten","feast-kitten","InanimateMismatch","PositiveMatch"
"404","56b0ac5fe8b677000cdc0a34","control_MaxMatch_Negative_Animate","11","MaxMatch","asshole","dictator","asshole-dictator","AnimateMatch","NegativeMatch"
"405","56b0ac5fe8b677000cdc0a34","control_Similar","95","SimilarControl","show","display","show-display","",""
"406","56b0ac5fe8b677000cdc0a34","control_MaxMatch_Negative_Inanimate","0","MaxMatch","swastika","corpse","swastika-corpse","InanimateMatch","NegativeMatch"
"407","56b0ac5fe8b677000cdc0a34","control_MaxMismatch","0","MaxMismatch","dictator","chipmunk","dictator-chipmunk","AnimateMismatch","NegativeMismatch"
"408","56b0ac5fe8b677000cdc0a34","control_MaxMatch_Positive_Inanimate","0","MaxMatch","sunshine","doughnut","sunshine-doughnut","InanimateMatch","PositiveMatch"
"409","56b0ac5fe8b677000cdc0a34","control_Dissimilar","2","DissimilarControl","open","close","open-close","",""
"410","56b0ac5fe8b677000cdc0a34","control_Similar","95","SimilarControl","get","obtain","get-obtain","",""
"411","56b0ac5fe8b677000cdc0a34","test_ValenceMatch_Negative","0","ValenceMatchingOnly","cocaine","intruder","cocaine-intruder","InanimateMismatch","NegativeMatch"
"412","56b0ac5fe8b677000cdc0a34","control_Dissimilar","0","DissimilarControl","arrive","leave","arrive-leave","",""
"413","56b0ac5fe8b677000cdc0a34","control_MaxMatch_Positive_Animate","0","MaxMatch","puppy","husband","puppy-husband","AnimateMatch","PositiveMatch"
"414","56b0ac5fe8b677000cdc0a34","test_ConceptualMatch_Inanimate","0","ConceptualMatchingOnly","gunshot","pizza","gunshot-pizza","ConceptualMatch:inanimate","NegativeMismatch"
"415","56b0ac5fe8b677000cdc0a34","test_ValenceMatch_Positive","0","ValenceMatchingOnly","pizza","child","pizza-child","InanimateMismatch","PositiveMatch"
"416","56b0ac5fe8b677000cdc0a34","control_MaxMatch_Negative_Animate","0","MaxMatch","asshole","leech","asshole-leech","AnimateMatch","NegativeMatch"
"417","56b0ac5fe8b677000cdc0a34","control_Similar","94","SimilarControl","help","assist","help-assist","",""
"418","56b0ac5fe8b677000cdc0a34","control_MaxMatch_Negative_Inanimate","0","MaxMatch","wiretap","cocaine","wiretap-cocaine","InanimateMatch","NegativeMatch"
"419","56b0ac5fe8b677000cdc0a34","control_MaxMismatch","0","MaxMismatch","maggot","princess","maggot-princess","AnimateMismatch","NegativeMismatch"
"420","56b0ac5fe8b677000cdc0a34","control_MaxMatch_Positive_Inanimate","0","MaxMatch","sunshine","laughter","sunshine-laughter","InanimateMatch","PositiveMatch"
"421","67d99f2a57b60762eadd499a","control_Dissimilar","0","DissimilarControl","add","remove","add-remove","",""
"422","67d99f2a57b60762eadd499a","control_Similar","99","SimilarControl","use","employ","use-employ","",""
"423","67d99f2a57b60762eadd499a","test_ConceptualMatch_Inanimate","0","ConceptualMatchingOnly","flood","dollar","flood-dollar","ConceptualMatch:inanimate","NegativeMismatch"
"424","67d99f2a57b60762eadd499a","test_ValenceMatch_Positive","0","ValenceMatchingOnly","award","chipmunk","award-chipmunk","InanimateMismatch","PositiveMatch"
"425","67d99f2a57b60762eadd499a","control_MaxMismatch","0","MaxMismatch","asshole","child","asshole-child","AnimateMismatch","NegativeMismatch"
"426","67d99f2a57b60762eadd499a","control_MaxMatch_Positive_Inanimate","0","MaxMatch","laughter","meadow","laughter-meadow","InanimateMatch","PositiveMatch"
"427","67d99f2a57b60762eadd499a","control_MaxMatch_Negative_Inanimate","99","MaxMatch","heroin","cocaine","heroin-cocaine","InanimateMatch","NegativeMatch"
"428","67d99f2a57b60762eadd499a","control_Dissimilar","0","DissimilarControl","give","take","give-take","",""
"429","67d99f2a57b60762eadd499a","control_MaxMatch_Negative_Animate","99","MaxMatch","inmate","intruder","inmate-intruder","AnimateMatch","NegativeMatch"
"430","67d99f2a57b60762eadd499a","test_ValenceMatch_Negative","0","ValenceMatchingOnly","cocaine","dictator","cocaine-dictator","InanimateMismatch","NegativeMatch"
"431","67d99f2a57b60762eadd499a","control_MaxMatch_Positive_Animate","0","MaxMatch","comedian","husband","comedian-husband","AnimateMatch","PositiveMatch"
"432","67d99f2a57b60762eadd499a","control_Similar","99","SimilarControl","buy","purchase","buy-purchase","",""
"433","67d99f2a57b60762eadd499a","control_Dissimilar","0","DissimilarControl","come","go","come-go","",""
"434","67d99f2a57b60762eadd499a","control_Similar","99","SimilarControl","get","obtain","get-obtain","",""
"435","67d99f2a57b60762eadd499a","test_ConceptualMatch_Inanimate","0","ConceptualMatchingOnly","gunshot","sandwich","gunshot-sandwich","ConceptualMatch:inanimate","NegativeMismatch"
"436","67d99f2a57b60762eadd499a","test_ValenceMatch_Positive","0","ValenceMatchingOnly","laughter","husband","laughter-husband","InanimateMismatch","PositiveMatch"
"437","67d99f2a57b60762eadd499a","control_MaxMismatch","99","MaxMismatch","dictator","husband","dictator-husband","AnimateMismatch","NegativeMismatch"
"438","67d99f2a57b60762eadd499a","control_MaxMatch_Positive_Inanimate","0","MaxMatch","laughter","sandwich","laughter-sandwich","InanimateMatch","PositiveMatch"
"439","67d99f2a57b60762eadd499a","control_MaxMatch_Negative_Inanimate","0","MaxMatch","wiretap","excrement","wiretap-excrement","InanimateMatch","NegativeMatch"
"440","67d99f2a57b60762eadd499a","control_Dissimilar","0","DissimilarControl","rise","fall","rise-fall","",""
"441","67d99f2a57b60762eadd499a","control_MaxMatch_Negative_Animate","0","MaxMatch","dictator","mugger","dictator-mugger","AnimateMatch","NegativeMatch"
"442","67d99f2a57b60762eadd499a","test_ValenceMatch_Negative","0","ValenceMatchingOnly","swastika","asshole","swastika-asshole","InanimateMismatch","NegativeMatch"
"443","67d99f2a57b60762eadd499a","control_MaxMatch_Positive_Animate","99","MaxMatch","puppy","child","puppy-child","AnimateMatch","PositiveMatch"
"444","67d99f2a57b60762eadd499a","control_Similar","99","SimilarControl","show","display","show-display","",""
"445","67d99f2a57b60762eadd499a","control_Dissimilar","5","DissimilarControl","arrive","leave","arrive-leave","",""
"446","67d99f2a57b60762eadd499a","control_Similar","99","SimilarControl","speak","talk","speak-talk","",""
"447","67d99f2a57b60762eadd499a","test_ConceptualMatch_Inanimate","99","ConceptualMatchingOnly","excrement","feast","excrement-feast","ConceptualMatch:inanimate","NegativeMismatch"
"448","67d99f2a57b60762eadd499a","test_ValenceMatch_Positive","0","ValenceMatchingOnly","doughnut","bunny","doughnut-bunny","InanimateMismatch","PositiveMatch"
"449","67d99f2a57b60762eadd499a","control_MaxMismatch","0","MaxMismatch","intruder","bunny","intruder-bunny","AnimateMismatch","NegativeMismatch"
"450","67d99f2a57b60762eadd499a","control_MaxMatch_Positive_Inanimate","0","MaxMatch","doughnut","meadow","doughnut-meadow","InanimateMatch","PositiveMatch"
"451","67d99f2a57b60762eadd499a","control_MaxMatch_Negative_Inanimate","0","MaxMatch","heroin","corpse","heroin-corpse","InanimateMatch","NegativeMatch"
"452","67d99f2a57b60762eadd499a","control_Dissimilar","0","DissimilarControl","enter","exit","enter-exit","",""
"453","67d99f2a57b60762eadd499a","control_MaxMatch_Negative_Animate","99","MaxMatch","asshole","dictator","asshole-dictator","AnimateMatch","NegativeMatch"
"454","67d99f2a57b60762eadd499a","test_ValenceMatch_Negative","99","ValenceMatchingOnly","smallpox","tapeworm","smallpox-tapeworm","InanimateMismatch","NegativeMatch"
"455","67d99f2a57b60762eadd499a","control_MaxMatch_Positive_Animate","44","MaxMatch","duckling","child","duckling-child","AnimateMatch","PositiveMatch"
"456","67d99f2a57b60762eadd499a","control_Similar","99","SimilarControl","begin","start","begin-start","",""
"457","67d99f2a57b60762eadd499a","control_Dissimilar","1","DissimilarControl","increase","decrease","increase-decrease","",""
"458","67d99f2a57b60762eadd499a","control_Similar","99","SimilarControl","end","finish","end-finish","",""
"459","67d99f2a57b60762eadd499a","test_ConceptualMatch_Inanimate","0","ConceptualMatchingOnly","gunshot","pizza","gunshot-pizza","ConceptualMatch:inanimate","NegativeMismatch"
"460","67d99f2a57b60762eadd499a","test_ValenceMatch_Positive","99","ValenceMatchingOnly","laughter","comedian","laughter-comedian","InanimateMismatch","PositiveMatch"
"461","67d99f2a57b60762eadd499a","control_MaxMismatch","0","MaxMismatch","leech","sibling","leech-sibling","AnimateMismatch","NegativeMismatch"
"462","67d99f2a57b60762eadd499a","control_MaxMatch_Positive_Inanimate","0","MaxMatch","sunshine","dollar","sunshine-dollar","InanimateMatch","PositiveMatch"
"463","67d99f2a57b60762eadd499a","control_MaxMatch_Negative_Inanimate","0","MaxMatch","swastika","poison","swastika-poison","InanimateMatch","NegativeMatch"
"464","67d99f2a57b60762eadd499a","control_Dissimilar","0","DissimilarControl","push","pull","push-pull","",""
"465","67d99f2a57b60762eadd499a","control_MaxMatch_Negative_Animate","0","MaxMatch","tapeworm","mugger","tapeworm-mugger","AnimateMatch","NegativeMatch"
"466","67d99f2a57b60762eadd499a","test_ValenceMatch_Negative","0","ValenceMatchingOnly","wiretap","maggot","wiretap-maggot","InanimateMismatch","NegativeMatch"
"467","67d99f2a57b60762eadd499a","control_MaxMatch_Positive_Animate","0","MaxMatch","sibling","kitten","sibling-kitten","AnimateMatch","PositiveMatch"
"468","67d99f2a57b60762eadd499a","control_Similar","99","SimilarControl","need","require","need-require","",""
"469","67d99f2a57b60762eadd499a","control_Dissimilar","0","DissimilarControl","open","close","open-close","",""
"470","67d99f2a57b60762eadd499a","control_Similar","99","SimilarControl","ask","inquire","ask-inquire","",""
"471","67d99f2a57b60762eadd499a","test_ConceptualMatch_Inanimate","0","ConceptualMatchingOnly","flood","prize","flood-prize","ConceptualMatch:inanimate","NegativeMismatch"
"472","67d99f2a57b60762eadd499a","test_ValenceMatch_Positive","0","ValenceMatchingOnly","prize","child","prize-child","InanimateMismatch","PositiveMatch"
"473","67d99f2a57b60762eadd499a","control_MaxMismatch","0","MaxMismatch","mugger","child","mugger-child","AnimateMismatch","NegativeMismatch"
"474","67d99f2a57b60762eadd499a","control_MaxMatch_Positive_Inanimate","0","MaxMatch","award","meadow","award-meadow","InanimateMatch","PositiveMatch"
"475","67d99f2a57b60762eadd499a","control_MaxMatch_Negative_Inanimate","3","MaxMatch","poison","smallpox","poison-smallpox","InanimateMatch","NegativeMatch"
"476","67d99f2a57b60762eadd499a","control_Dissimilar","0","DissimilarControl","begin","end","begin-end","",""
"477","67d99f2a57b60762eadd499a","control_MaxMatch_Negative_Animate","99","MaxMatch","intruder","mugger","intruder-mugger","AnimateMatch","NegativeMatch"
"478","67d99f2a57b60762eadd499a","test_ValenceMatch_Negative","0","ValenceMatchingOnly","smallpox","widow","smallpox-widow","InanimateMismatch","NegativeMatch"
"479","67d99f2a57b60762eadd499a","control_MaxMatch_Positive_Animate","0","MaxMatch","bunny","princess","bunny-princess","AnimateMatch","PositiveMatch"
"480","67d99f2a57b60762eadd499a","control_Similar","99","SimilarControl","help","assist","help-assist","",""
"481","64921fc8c813049f1fd29b47","control_Similar","82","SimilarControl","show","display","show-display","",""
"482","64921fc8c813049f1fd29b47","control_Dissimilar","0","DissimilarControl","arrive","leave","arrive-leave","",""
"483","64921fc8c813049f1fd29b47","test_ValenceMatch_Positive","36","ValenceMatchingOnly","pizza","princess","pizza-princess","InanimateMismatch","PositiveMatch"
"484","64921fc8c813049f1fd29b47","control_Similar","94","SimilarControl","help","assist","help-assist","",""
"485","64921fc8c813049f1fd29b47","control_Dissimilar","0","DissimilarControl","come","go","come-go","",""
"486","64921fc8c813049f1fd29b47","control_MaxMatch_Negative_Inanimate","68","MaxMatch","heroin","wiretap","heroin-wiretap","InanimateMatch","NegativeMatch"
"487","64921fc8c813049f1fd29b47","control_MaxMatch_Positive_Animate","54","MaxMatch","sibling","princess","sibling-princess","AnimateMatch","PositiveMatch"
"488","64921fc8c813049f1fd29b47","test_ValenceMatch_Negative","41","ValenceMatchingOnly","smallpox","asshole","smallpox-asshole","InanimateMismatch","NegativeMatch"
"489","64921fc8c813049f1fd29b47","control_MaxMismatch","9","MaxMismatch","intruder","bunny","intruder-bunny","AnimateMismatch","NegativeMismatch"
"490","64921fc8c813049f1fd29b47","test_ConceptualMatch_Inanimate","8","ConceptualMatchingOnly","smallpox","sandwich","smallpox-sandwich","ConceptualMatch:inanimate","NegativeMismatch"
"491","64921fc8c813049f1fd29b47","control_MaxMatch_Negative_Animate","79","MaxMatch","slave","inmate","slave-inmate","AnimateMatch","NegativeMatch"
"492","64921fc8c813049f1fd29b47","control_MaxMatch_Positive_Inanimate","0","MaxMatch","sunshine","pizza","sunshine-pizza","InanimateMatch","PositiveMatch"
"493","64921fc8c813049f1fd29b47","control_Similar","99","SimilarControl","speak","talk","speak-talk","",""
"494","64921fc8c813049f1fd29b47","control_Dissimilar","6","DissimilarControl","open","close","open-close","",""
"495","64921fc8c813049f1fd29b47","test_ValenceMatch_Positive","0","ValenceMatchingOnly","sunshine","princess","sunshine-princess","InanimateMismatch","PositiveMatch"
"496","64921fc8c813049f1fd29b47","control_Similar","99","SimilarControl","end","finish","end-finish","",""
"497","64921fc8c813049f1fd29b47","control_Dissimilar","0","DissimilarControl","begin","end","begin-end","",""
"498","64921fc8c813049f1fd29b47","control_MaxMatch_Negative_Inanimate","0","MaxMatch","heroin","smallpox","heroin-smallpox","InanimateMatch","NegativeMatch"
"499","64921fc8c813049f1fd29b47","control_MaxMatch_Positive_Animate","0","MaxMatch","comedian","bunny","comedian-bunny","AnimateMatch","PositiveMatch"
"500","64921fc8c813049f1fd29b47","test_ValenceMatch_Negative","66","ValenceMatchingOnly","wiretap","intruder","wiretap-intruder","InanimateMismatch","NegativeMatch"
"501","64921fc8c813049f1fd29b47","control_MaxMismatch","0","MaxMismatch","leech","comedian","leech-comedian","AnimateMismatch","NegativeMismatch"
"502","64921fc8c813049f1fd29b47","test_ConceptualMatch_Inanimate","0","ConceptualMatchingOnly","poison","sandwich","poison-sandwich","ConceptualMatch:inanimate","NegativeMismatch"
"503","64921fc8c813049f1fd29b47","control_MaxMatch_Negative_Animate","0","MaxMatch","slave","intruder","slave-intruder","AnimateMatch","NegativeMatch"
"504","64921fc8c813049f1fd29b47","control_MaxMatch_Positive_Inanimate","0","MaxMatch","sunshine","doughnut","sunshine-doughnut","InanimateMatch","PositiveMatch"
"505","64921fc8c813049f1fd29b47","control_Similar","99","SimilarControl","get","obtain","get-obtain","",""
"506","64921fc8c813049f1fd29b47","control_Dissimilar","0","DissimilarControl","give","take","give-take","",""
"507","64921fc8c813049f1fd29b47","test_ValenceMatch_Positive","0","ValenceMatchingOnly","prize","bunny","prize-bunny","InanimateMismatch","PositiveMatch"
"508","64921fc8c813049f1fd29b47","control_Similar","99","SimilarControl","buy","purchase","buy-purchase","",""
"509","64921fc8c813049f1fd29b47","control_Dissimilar","0","DissimilarControl","add","remove","add-remove","",""
"510","64921fc8c813049f1fd29b47","control_MaxMatch_Negative_Inanimate","60","MaxMatch","cocaine","poison","cocaine-poison","InanimateMatch","NegativeMatch"
"511","64921fc8c813049f1fd29b47","control_MaxMatch_Positive_Animate","0","MaxMatch","comedian","duckling","comedian-duckling","AnimateMatch","PositiveMatch"
"512","64921fc8c813049f1fd29b47","test_ValenceMatch_Negative","55","ValenceMatchingOnly","gunshot","mugger","gunshot-mugger","InanimateMismatch","NegativeMatch"
"513","64921fc8c813049f1fd29b47","control_MaxMismatch","0","MaxMismatch","asshole","puppy","asshole-puppy","AnimateMismatch","NegativeMismatch"
"514","64921fc8c813049f1fd29b47","test_ConceptualMatch_Inanimate","0","ConceptualMatchingOnly","wiretap","award","wiretap-award","ConceptualMatch:inanimate","NegativeMismatch"
"515","64921fc8c813049f1fd29b47","control_MaxMatch_Negative_Animate","0","MaxMatch","maggot","mugger","maggot-mugger","AnimateMatch","NegativeMatch"
"516","64921fc8c813049f1fd29b47","control_MaxMatch_Positive_Inanimate","0","MaxMatch","sunshine","award","sunshine-award","InanimateMatch","PositiveMatch"
"517","64921fc8c813049f1fd29b47","control_Similar","99","SimilarControl","need","require","need-require","",""
"518","64921fc8c813049f1fd29b47","control_Dissimilar","0","DissimilarControl","rise","fall","rise-fall","",""
"519","64921fc8c813049f1fd29b47","test_ValenceMatch_Positive","0","ValenceMatchingOnly","doughnut","sibling","doughnut-sibling","InanimateMismatch","PositiveMatch"
"520","64921fc8c813049f1fd29b47","control_Similar","99","SimilarControl","ask","inquire","ask-inquire","",""
"521","64921fc8c813049f1fd29b47","control_Dissimilar","0","DissimilarControl","push","pull","push-pull","",""
"522","64921fc8c813049f1fd29b47","control_MaxMatch_Negative_Inanimate","0","MaxMatch","cocaine","gunshot","cocaine-gunshot","InanimateMatch","NegativeMatch"
"523","64921fc8c813049f1fd29b47","control_MaxMatch_Positive_Animate","42","MaxMatch","puppy","kitten","puppy-kitten","AnimateMatch","PositiveMatch"
"524","64921fc8c813049f1fd29b47","test_ValenceMatch_Negative","0","ValenceMatchingOnly","gunshot","leech","gunshot-leech","InanimateMismatch","NegativeMatch"
"525","64921fc8c813049f1fd29b47","control_MaxMismatch","12","MaxMismatch","widow","sibling","widow-sibling","AnimateMismatch","NegativeMismatch"
"526","64921fc8c813049f1fd29b47","test_ConceptualMatch_Inanimate","0","ConceptualMatchingOnly","flood","dollar","flood-dollar","ConceptualMatch:inanimate","NegativeMismatch"
"527","64921fc8c813049f1fd29b47","control_MaxMatch_Negative_Animate","0","MaxMatch","maggot","inmate","maggot-inmate","AnimateMatch","NegativeMatch"
"528","64921fc8c813049f1fd29b47","control_MaxMatch_Positive_Inanimate","0","MaxMatch","award","doughnut","award-doughnut","InanimateMatch","PositiveMatch"
"529","64921fc8c813049f1fd29b47","control_Similar","99","SimilarControl","begin","start","begin-start","",""
"530","64921fc8c813049f1fd29b47","control_Dissimilar","0","DissimilarControl","enter","exit","enter-exit","",""
"531","64921fc8c813049f1fd29b47","test_ValenceMatch_Positive","0","ValenceMatchingOnly","doughnut","husband","doughnut-husband","InanimateMismatch","PositiveMatch"
"532","64921fc8c813049f1fd29b47","control_Similar","86","SimilarControl","use","employ","use-employ","",""
"533","64921fc8c813049f1fd29b47","control_Dissimilar","0","DissimilarControl","increase","decrease","increase-decrease","",""
"534","64921fc8c813049f1fd29b47","control_MaxMatch_Negative_Inanimate","54","MaxMatch","wiretap","cocaine","wiretap-cocaine","InanimateMatch","NegativeMatch"
"535","64921fc8c813049f1fd29b47","control_MaxMatch_Positive_Animate","53","MaxMatch","bunny","chipmunk","bunny-chipmunk","AnimateMatch","PositiveMatch"
"536","64921fc8c813049f1fd29b47","test_ValenceMatch_Negative","0","ValenceMatchingOnly","poison","inmate","poison-inmate","InanimateMismatch","NegativeMatch"
"537","64921fc8c813049f1fd29b47","control_MaxMismatch","0","MaxMismatch","inmate","bunny","inmate-bunny","AnimateMismatch","NegativeMismatch"
"538","64921fc8c813049f1fd29b47","test_ConceptualMatch_Inanimate","0","ConceptualMatchingOnly","poison","award","poison-award","ConceptualMatch:inanimate","NegativeMismatch"
"539","64921fc8c813049f1fd29b47","control_MaxMatch_Negative_Animate","0","MaxMatch","dictator","intruder","dictator-intruder","AnimateMatch","NegativeMatch"
"540","64921fc8c813049f1fd29b47","control_MaxMatch_Positive_Inanimate","99","MaxMatch","prize","award","prize-award","InanimateMatch","PositiveMatch"
"541","61532109e21fff7c56edc8b6","control_Similar","99","SimilarControl","end","finish","end-finish","",""
"542","61532109e21fff7c56edc8b6","control_Dissimilar","0","DissimilarControl","give","take","give-take","",""
"543","61532109e21fff7c56edc8b6","test_ValenceMatch_Positive","27","ValenceMatchingOnly","prize","princess","prize-princess","InanimateMismatch","PositiveMatch"
"544","61532109e21fff7c56edc8b6","control_MaxMismatch","45","MaxMismatch","asshole","chipmunk","asshole-chipmunk","AnimateMismatch","NegativeMismatch"
"545","61532109e21fff7c56edc8b6","test_ConceptualMatch_Inanimate","27","ConceptualMatchingOnly","corpse","laughter","corpse-laughter","ConceptualMatch:inanimate","NegativeMismatch"
"546","61532109e21fff7c56edc8b6","control_MaxMatch_Negative_Inanimate","55","MaxMatch","heroin","flood","heroin-flood","InanimateMatch","NegativeMatch"
"547","61532109e21fff7c56edc8b6","control_MaxMatch_Positive_Inanimate","62","MaxMatch","laughter","feast","laughter-feast","InanimateMatch","PositiveMatch"
"548","61532109e21fff7c56edc8b6","control_MaxMatch_Positive_Animate","73","MaxMatch","duckling","kitten","duckling-kitten","AnimateMatch","PositiveMatch"
"549","61532109e21fff7c56edc8b6","control_MaxMatch_Negative_Animate","17","MaxMatch","inmate","tapeworm","inmate-tapeworm","AnimateMatch","NegativeMatch"
"550","61532109e21fff7c56edc8b6","test_ValenceMatch_Negative","32","ValenceMatchingOnly","flood","slave","flood-slave","InanimateMismatch","NegativeMatch"
"551","61532109e21fff7c56edc8b6","control_Similar","99","SimilarControl","get","obtain","get-obtain","",""
"552","61532109e21fff7c56edc8b6","control_Dissimilar","0","DissimilarControl","open","close","open-close","",""
"553","61532109e21fff7c56edc8b6","control_Similar","99","SimilarControl","buy","purchase","buy-purchase","",""
"554","61532109e21fff7c56edc8b6","control_Dissimilar","0","DissimilarControl","push","pull","push-pull","",""
"555","61532109e21fff7c56edc8b6","test_ValenceMatch_Positive","46","ValenceMatchingOnly","doughnut","chipmunk","doughnut-chipmunk","InanimateMismatch","PositiveMatch"
"556","61532109e21fff7c56edc8b6","control_MaxMismatch","59","MaxMismatch","tapeworm","chipmunk","tapeworm-chipmunk","AnimateMismatch","NegativeMismatch"
"557","61532109e21fff7c56edc8b6","test_ConceptualMatch_Inanimate","33","ConceptualMatchingOnly","heroin","sunshine","heroin-sunshine","ConceptualMatch:inanimate","NegativeMismatch"
"558","61532109e21fff7c56edc8b6","control_MaxMatch_Negative_Inanimate","42","MaxMatch","swastika","flood","swastika-flood","InanimateMatch","NegativeMatch"
"559","61532109e21fff7c56edc8b6","control_MaxMatch_Positive_Inanimate","51","MaxMatch","prize","meadow","prize-meadow","InanimateMatch","PositiveMatch"
"560","61532109e21fff7c56edc8b6","control_MaxMatch_Positive_Animate","64","MaxMatch","sibling","princess","sibling-princess","AnimateMatch","PositiveMatch"
"561","61532109e21fff7c56edc8b6","control_MaxMatch_Negative_Animate","80","MaxMatch","slave","inmate","slave-inmate","AnimateMatch","NegativeMatch"
"562","61532109e21fff7c56edc8b6","test_ValenceMatch_Negative","40","ValenceMatchingOnly","gunshot","tapeworm","gunshot-tapeworm","InanimateMismatch","NegativeMatch"
"563","61532109e21fff7c56edc8b6","control_Similar","89","SimilarControl","need","require","need-require","",""
"564","61532109e21fff7c56edc8b6","control_Dissimilar","0","DissimilarControl","increase","decrease","increase-decrease","",""
"565","61532109e21fff7c56edc8b6","control_Similar","92","SimilarControl","help","assist","help-assist","",""
"566","61532109e21fff7c56edc8b6","control_Dissimilar","0","DissimilarControl","come","go","come-go","",""
"567","61532109e21fff7c56edc8b6","test_ValenceMatch_Positive","43","ValenceMatchingOnly","doughnut","duckling","doughnut-duckling","InanimateMismatch","PositiveMatch"
"568","61532109e21fff7c56edc8b6","control_MaxMismatch","26","MaxMismatch","dictator","puppy","dictator-puppy","AnimateMismatch","NegativeMismatch"
"569","61532109e21fff7c56edc8b6","test_ConceptualMatch_Inanimate","33","ConceptualMatchingOnly","gunshot","prize","gunshot-prize","ConceptualMatch:inanimate","NegativeMismatch"
"570","61532109e21fff7c56edc8b6","control_MaxMatch_Negative_Inanimate","70","MaxMatch","poison","corpse","poison-corpse","InanimateMatch","NegativeMatch"
"571","61532109e21fff7c56edc8b6","control_MaxMatch_Positive_Inanimate","41","MaxMatch","laughter","sandwich","laughter-sandwich","InanimateMatch","PositiveMatch"
"572","61532109e21fff7c56edc8b6","control_MaxMatch_Positive_Animate","29","MaxMatch","bunny","husband","bunny-husband","AnimateMatch","PositiveMatch"
"573","61532109e21fff7c56edc8b6","control_MaxMatch_Negative_Animate","84","MaxMatch","leech","tapeworm","leech-tapeworm","AnimateMatch","NegativeMatch"
"574","61532109e21fff7c56edc8b6","test_ValenceMatch_Negative","58","ValenceMatchingOnly","smallpox","tapeworm","smallpox-tapeworm","InanimateMismatch","NegativeMatch"
"575","61532109e21fff7c56edc8b6","control_Similar","89","SimilarControl","show","display","show-display","",""
"576","61532109e21fff7c56edc8b6","control_Dissimilar","0","DissimilarControl","rise","fall","rise-fall","",""
"577","61532109e21fff7c56edc8b6","control_Similar","73","SimilarControl","use","employ","use-employ","",""
"578","61532109e21fff7c56edc8b6","control_Dissimilar","0","DissimilarControl","add","remove","add-remove","",""
"579","61532109e21fff7c56edc8b6","test_ValenceMatch_Positive","45","ValenceMatchingOnly","dollar","puppy","dollar-puppy","InanimateMismatch","PositiveMatch"
"580","61532109e21fff7c56edc8b6","control_MaxMismatch","34","MaxMismatch","mugger","child","mugger-child","AnimateMismatch","NegativeMismatch"
"581","61532109e21fff7c56edc8b6","test_ConceptualMatch_Inanimate","32","ConceptualMatchingOnly","swastika","award","swastika-award","ConceptualMatch:inanimate","NegativeMismatch"
"582","61532109e21fff7c56edc8b6","control_MaxMatch_Negative_Inanimate","75","MaxMatch","cocaine","poison","cocaine-poison","InanimateMatch","NegativeMatch"
"583","61532109e21fff7c56edc8b6","control_MaxMatch_Positive_Inanimate","42","MaxMatch","sunshine","feast","sunshine-feast","InanimateMatch","PositiveMatch"
"584","61532109e21fff7c56edc8b6","control_MaxMatch_Positive_Animate","81","MaxMatch","duckling","bunny","duckling-bunny","AnimateMatch","PositiveMatch"
"585","61532109e21fff7c56edc8b6","control_MaxMatch_Negative_Animate","36","MaxMatch","widow","leech","widow-leech","AnimateMatch","NegativeMatch"
"586","61532109e21fff7c56edc8b6","test_ValenceMatch_Negative","27","ValenceMatchingOnly","corpse","intruder","corpse-intruder","InanimateMismatch","NegativeMatch"
"587","61532109e21fff7c56edc8b6","control_Similar","91","SimilarControl","ask","inquire","ask-inquire","",""
"588","61532109e21fff7c56edc8b6","control_Dissimilar","0","DissimilarControl","enter","exit","enter-exit","",""
"589","61532109e21fff7c56edc8b6","control_Similar","84","SimilarControl","speak","talk","speak-talk","",""
"590","61532109e21fff7c56edc8b6","control_Dissimilar","0","DissimilarControl","arrive","leave","arrive-leave","",""
"591","61532109e21fff7c56edc8b6","test_ValenceMatch_Positive","40","ValenceMatchingOnly","award","duckling","award-duckling","InanimateMismatch","PositiveMatch"
"592","61532109e21fff7c56edc8b6","control_MaxMismatch","38","MaxMismatch","tapeworm","puppy","tapeworm-puppy","AnimateMismatch","NegativeMismatch"
"593","61532109e21fff7c56edc8b6","test_ConceptualMatch_Inanimate","45","ConceptualMatchingOnly","excrement","meadow","excrement-meadow","ConceptualMatch:inanimate","NegativeMismatch"
"594","61532109e21fff7c56edc8b6","control_MaxMatch_Negative_Inanimate","73","MaxMatch","swastika","poison","swastika-poison","InanimateMatch","NegativeMatch"
"595","61532109e21fff7c56edc8b6","control_MaxMatch_Positive_Inanimate","73","MaxMatch","sunshine","laughter","sunshine-laughter","InanimateMatch","PositiveMatch"
"596","61532109e21fff7c56edc8b6","control_MaxMatch_Positive_Animate","39","MaxMatch","puppy","chipmunk","puppy-chipmunk","AnimateMatch","PositiveMatch"
"597","61532109e21fff7c56edc8b6","control_MaxMatch_Negative_Animate","36","MaxMatch","inmate","intruder","inmate-intruder","AnimateMatch","NegativeMatch"
"598","61532109e21fff7c56edc8b6","test_ValenceMatch_Negative","66","ValenceMatchingOnly","wiretap","leech","wiretap-leech","InanimateMismatch","NegativeMatch"
"599","61532109e21fff7c56edc8b6","control_Similar","99","SimilarControl","begin","start","begin-start","",""
"600","61532109e21fff7c56edc8b6","control_Dissimilar","0","DissimilarControl","begin","end","begin-end","",""
"601","66db9db4324609f1a7231f49","control_Similar","87","SimilarControl","use","employ","use-employ","",""
"602","66db9db4324609f1a7231f49","control_Dissimilar","0","DissimilarControl","begin","end","begin-end","",""
"603","66db9db4324609f1a7231f49","control_Similar","99","SimilarControl","help","assist","help-assist","",""
"604","66db9db4324609f1a7231f49","test_ValenceMatch_Negative","0","ValenceMatchingOnly","corpse","slave","corpse-slave","InanimateMismatch","NegativeMatch"
"605","66db9db4324609f1a7231f49","control_MaxMatch_Positive_Inanimate","72","MaxMatch","prize","feast","prize-feast","InanimateMatch","PositiveMatch"
"606","66db9db4324609f1a7231f49","control_MaxMatch_Positive_Animate","75","MaxMatch","sibling","child","sibling-child","AnimateMatch","PositiveMatch"
"607","66db9db4324609f1a7231f49","test_ValenceMatch_Positive","0","ValenceMatchingOnly","doughnut","princess","doughnut-princess","InanimateMismatch","PositiveMatch"
"608","66db9db4324609f1a7231f49","control_MaxMismatch","0","MaxMismatch","dictator","duckling","dictator-duckling","AnimateMismatch","NegativeMismatch"
"609","66db9db4324609f1a7231f49","control_Dissimilar","0","DissimilarControl","enter","exit","enter-exit","",""
"610","66db9db4324609f1a7231f49","control_MaxMatch_Negative_Inanimate","15","MaxMatch","poison","flood","poison-flood","InanimateMatch","NegativeMatch"
"611","66db9db4324609f1a7231f49","test_ConceptualMatch_Inanimate","0","ConceptualMatchingOnly","corpse","pizza","corpse-pizza","ConceptualMatch:inanimate","NegativeMismatch"
"612","66db9db4324609f1a7231f49","control_MaxMatch_Negative_Animate","0","MaxMatch","widow","tapeworm","widow-tapeworm","AnimateMatch","NegativeMatch"
"613","66db9db4324609f1a7231f49","control_Similar","99","SimilarControl","buy","purchase","buy-purchase","",""
"614","66db9db4324609f1a7231f49","control_Dissimilar","0","DissimilarControl","open","close","open-close","",""
"615","66db9db4324609f1a7231f49","control_Similar","99","SimilarControl","ask","inquire","ask-inquire","",""
"616","66db9db4324609f1a7231f49","test_ValenceMatch_Negative","0","ValenceMatchingOnly","corpse","mugger","corpse-mugger","InanimateMismatch","NegativeMatch"
"617","66db9db4324609f1a7231f49","control_MaxMatch_Positive_Inanimate","15","MaxMatch","laughter","feast","laughter-feast","InanimateMatch","PositiveMatch"
"618","66db9db4324609f1a7231f49","control_MaxMatch_Positive_Animate","81","MaxMatch","sibling","husband","sibling-husband","AnimateMatch","PositiveMatch"
"619","66db9db4324609f1a7231f49","test_ValenceMatch_Positive","0","ValenceMatchingOnly","pizza","comedian","pizza-comedian","InanimateMismatch","PositiveMatch"
"620","66db9db4324609f1a7231f49","control_MaxMismatch","0","MaxMismatch","slave","sibling","slave-sibling","AnimateMismatch","NegativeMismatch"
"621","66db9db4324609f1a7231f49","control_Dissimilar","0","DissimilarControl","give","take","give-take","",""
"622","66db9db4324609f1a7231f49","control_MaxMatch_Negative_Inanimate","11","MaxMatch","poison","corpse","poison-corpse","InanimateMatch","NegativeMatch"
"623","66db9db4324609f1a7231f49","test_ConceptualMatch_Inanimate","0","ConceptualMatchingOnly","wiretap","pizza","wiretap-pizza","ConceptualMatch:inanimate","NegativeMismatch"
"624","66db9db4324609f1a7231f49","control_MaxMatch_Negative_Animate","0","MaxMatch","widow","intruder","widow-intruder","AnimateMatch","NegativeMatch"
"625","66db9db4324609f1a7231f49","control_Similar","99","SimilarControl","end","finish","end-finish","",""
"626","66db9db4324609f1a7231f49","control_Dissimilar","0","DissimilarControl","rise","fall","rise-fall","",""
"627","66db9db4324609f1a7231f49","control_Similar","99","SimilarControl","show","display","show-display","",""
"628","66db9db4324609f1a7231f49","test_ValenceMatch_Negative","0","ValenceMatchingOnly","poison","intruder","poison-intruder","InanimateMismatch","NegativeMatch"
"629","66db9db4324609f1a7231f49","control_MaxMatch_Positive_Inanimate","0","MaxMatch","award","sandwich","award-sandwich","InanimateMatch","PositiveMatch"
"630","66db9db4324609f1a7231f49","control_MaxMatch_Positive_Animate","0","MaxMatch","bunny","husband","bunny-husband","AnimateMatch","PositiveMatch"
"631","66db9db4324609f1a7231f49","test_ValenceMatch_Positive","0","ValenceMatchingOnly","sandwich","kitten","sandwich-kitten","InanimateMismatch","PositiveMatch"
"632","66db9db4324609f1a7231f49","control_MaxMismatch","81","MaxMismatch","asshole","child","asshole-child","AnimateMismatch","NegativeMismatch"
"633","66db9db4324609f1a7231f49","control_Dissimilar","0","DissimilarControl","arrive","leave","arrive-leave","",""
"634","66db9db4324609f1a7231f49","control_MaxMatch_Negative_Inanimate","9","MaxMatch","gunshot","smallpox","gunshot-smallpox","InanimateMatch","NegativeMatch"
"635","66db9db4324609f1a7231f49","test_ConceptualMatch_Inanimate","0","ConceptualMatchingOnly","smallpox","meadow","smallpox-meadow","ConceptualMatch:inanimate","NegativeMismatch"
"636","66db9db4324609f1a7231f49","control_MaxMatch_Negative_Animate","73","MaxMatch","asshole","maggot","asshole-maggot","AnimateMatch","NegativeMatch"
"637","66db9db4324609f1a7231f49","control_Similar","99","SimilarControl","need","require","need-require","",""
"638","66db9db4324609f1a7231f49","control_Dissimilar","0","DissimilarControl","push","pull","push-pull","",""
"639","66db9db4324609f1a7231f49","control_Similar","99","SimilarControl","begin","start","begin-start","",""
"640","66db9db4324609f1a7231f49","test_ValenceMatch_Negative","63","ValenceMatchingOnly","poison","leech","poison-leech","InanimateMismatch","NegativeMatch"
"641","66db9db4324609f1a7231f49","control_MaxMatch_Positive_Inanimate","0","MaxMatch","sunshine","award","sunshine-award","InanimateMatch","PositiveMatch"
"642","66db9db4324609f1a7231f49","control_MaxMatch_Positive_Animate","0","MaxMatch","kitten","husband","kitten-husband","AnimateMatch","PositiveMatch"
"643","66db9db4324609f1a7231f49","test_ValenceMatch_Positive","66","ValenceMatchingOnly","sunshine","duckling","sunshine-duckling","InanimateMismatch","PositiveMatch"
"644","66db9db4324609f1a7231f49","control_MaxMismatch","0","MaxMismatch","intruder","kitten","intruder-kitten","AnimateMismatch","NegativeMismatch"
"645","66db9db4324609f1a7231f49","control_Dissimilar","0","DissimilarControl","increase","decrease","increase-decrease","",""
"646","66db9db4324609f1a7231f49","control_MaxMatch_Negative_Inanimate","76","MaxMatch","excrement","corpse","excrement-corpse","InanimateMatch","NegativeMatch"
"647","66db9db4324609f1a7231f49","test_ConceptualMatch_Inanimate","0","ConceptualMatchingOnly","poison","sandwich","poison-sandwich","ConceptualMatch:inanimate","NegativeMismatch"
"648","66db9db4324609f1a7231f49","control_MaxMatch_Negative_Animate","0","MaxMatch","maggot","inmate","maggot-inmate","AnimateMatch","NegativeMatch"
"649","66db9db4324609f1a7231f49","control_Similar","99","SimilarControl","speak","talk","speak-talk","",""
"650","66db9db4324609f1a7231f49","control_Dissimilar","0","DissimilarControl","come","go","come-go","",""
"651","66db9db4324609f1a7231f49","control_Similar","99","SimilarControl","get","obtain","get-obtain","",""
"652","66db9db4324609f1a7231f49","test_ValenceMatch_Negative","20","ValenceMatchingOnly","poison","maggot","poison-maggot","InanimateMismatch","NegativeMatch"
"653","66db9db4324609f1a7231f49","control_MaxMatch_Positive_Inanimate","72","MaxMatch","sunshine","pizza","sunshine-pizza","InanimateMatch","PositiveMatch"
"654","66db9db4324609f1a7231f49","control_MaxMatch_Positive_Animate","0","MaxMatch","comedian","sibling","comedian-sibling","AnimateMatch","PositiveMatch"
"655","66db9db4324609f1a7231f49","test_ValenceMatch_Positive","0","ValenceMatchingOnly","meadow","kitten","meadow-kitten","InanimateMismatch","PositiveMatch"
"656","66db9db4324609f1a7231f49","control_MaxMismatch","0","MaxMismatch","maggot","sibling","maggot-sibling","AnimateMismatch","NegativeMismatch"
"657","66db9db4324609f1a7231f49","control_Dissimilar","0","DissimilarControl","add","remove","add-remove","",""
"658","66db9db4324609f1a7231f49","control_MaxMatch_Negative_Inanimate","67","MaxMatch","flood","corpse","flood-corpse","InanimateMatch","NegativeMatch"
"659","66db9db4324609f1a7231f49","test_ConceptualMatch_Inanimate","0","ConceptualMatchingOnly","cocaine","dollar","cocaine-dollar","ConceptualMatch:inanimate","NegativeMismatch"
"660","66db9db4324609f1a7231f49","control_MaxMatch_Negative_Animate","0","MaxMatch","slave","maggot","slave-maggot","AnimateMatch","NegativeMatch"
"661","6682b197d953c2cf476e0bd7","control_Dissimilar","0","DissimilarControl","rise","fall","rise-fall","",""
"662","6682b197d953c2cf476e0bd7","control_Similar","93","SimilarControl","buy","purchase","buy-purchase","",""
"663","6682b197d953c2cf476e0bd7","control_MaxMismatch","0","MaxMismatch","tapeworm","princess","tapeworm-princess","AnimateMismatch","NegativeMismatch"
"664","6682b197d953c2cf476e0bd7","test_ConceptualMatch_Inanimate","1","ConceptualMatchingOnly","heroin","sunshine","heroin-sunshine","ConceptualMatch:inanimate","NegativeMismatch"
"665","6682b197d953c2cf476e0bd7","control_MaxMatch_Negative_Animate","49","MaxMatch","inmate","leech","inmate-leech","AnimateMatch","NegativeMatch"
"666","6682b197d953c2cf476e0bd7","control_MaxMatch_Positive_Animate","5","MaxMatch","duckling","bunny","duckling-bunny","AnimateMatch","PositiveMatch"
"667","6682b197d953c2cf476e0bd7","control_Dissimilar","0","DissimilarControl","add","remove","add-remove","",""
"668","6682b197d953c2cf476e0bd7","control_MaxMatch_Negative_Inanimate","48","MaxMatch","poison","smallpox","poison-smallpox","InanimateMatch","NegativeMatch"
"669","6682b197d953c2cf476e0bd7","control_Similar","97","SimilarControl","ask","inquire","ask-inquire","",""
"670","6682b197d953c2cf476e0bd7","test_ValenceMatch_Positive","0","ValenceMatchingOnly","meadow","child","meadow-child","InanimateMismatch","PositiveMatch"
"671","6682b197d953c2cf476e0bd7","test_ValenceMatch_Negative","0","ValenceMatchingOnly","wiretap","intruder","wiretap-intruder","InanimateMismatch","NegativeMatch"
"672","6682b197d953c2cf476e0bd7","control_MaxMatch_Positive_Inanimate","74","MaxMatch","feast","sandwich","feast-sandwich","InanimateMatch","PositiveMatch"
"673","6682b197d953c2cf476e0bd7","control_Dissimilar","0","DissimilarControl","give","take","give-take","",""
"674","6682b197d953c2cf476e0bd7","control_Similar","65","SimilarControl","use","employ","use-employ","",""
"675","6682b197d953c2cf476e0bd7","control_MaxMismatch","0","MaxMismatch","maggot","bunny","maggot-bunny","AnimateMismatch","NegativeMismatch"
"676","6682b197d953c2cf476e0bd7","test_ConceptualMatch_Inanimate","0","ConceptualMatchingOnly","smallpox","pizza","smallpox-pizza","ConceptualMatch:inanimate","NegativeMismatch"
"677","6682b197d953c2cf476e0bd7","control_MaxMatch_Negative_Animate","5","MaxMatch","asshole","maggot","asshole-maggot","AnimateMatch","NegativeMatch"
"678","6682b197d953c2cf476e0bd7","control_MaxMatch_Positive_Animate","0","MaxMatch","comedian","sibling","comedian-sibling","AnimateMatch","PositiveMatch"
"679","6682b197d953c2cf476e0bd7","control_Dissimilar","5","DissimilarControl","increase","decrease","increase-decrease","",""
"680","6682b197d953c2cf476e0bd7","control_MaxMatch_Negative_Inanimate","56","MaxMatch","cocaine","poison","cocaine-poison","InanimateMatch","NegativeMatch"
"681","6682b197d953c2cf476e0bd7","control_Similar","91","SimilarControl","begin","start","begin-start","",""
"682","6682b197d953c2cf476e0bd7","test_ValenceMatch_Positive","0","ValenceMatchingOnly","award","chipmunk","award-chipmunk","InanimateMismatch","PositiveMatch"
"683","6682b197d953c2cf476e0bd7","test_ValenceMatch_Negative","0","ValenceMatchingOnly","poison","intruder","poison-intruder","InanimateMismatch","NegativeMatch"
"684","6682b197d953c2cf476e0bd7","control_MaxMatch_Positive_Inanimate","36","MaxMatch","doughnut","sandwich","doughnut-sandwich","InanimateMatch","PositiveMatch"
"685","6682b197d953c2cf476e0bd7","control_Dissimilar","5","DissimilarControl","open","close","open-close","",""
"686","6682b197d953c2cf476e0bd7","control_Similar","99","SimilarControl","need","require","need-require","",""
"687","6682b197d953c2cf476e0bd7","control_MaxMismatch","0","MaxMismatch","intruder","princess","intruder-princess","AnimateMismatch","NegativeMismatch"
"688","6682b197d953c2cf476e0bd7","test_ConceptualMatch_Inanimate","6","ConceptualMatchingOnly","smallpox","doughnut","smallpox-doughnut","ConceptualMatch:inanimate","NegativeMismatch"
"689","6682b197d953c2cf476e0bd7","control_MaxMatch_Negative_Animate","2","MaxMatch","slave","widow","slave-widow","AnimateMatch","NegativeMatch"
"690","6682b197d953c2cf476e0bd7","control_MaxMatch_Positive_Animate","0","MaxMatch","sibling","princess","sibling-princess","AnimateMatch","PositiveMatch"
"691","6682b197d953c2cf476e0bd7","control_Dissimilar","0","DissimilarControl","begin","end","begin-end","",""
"692","6682b197d953c2cf476e0bd7","control_MaxMatch_Negative_Inanimate","16","MaxMatch","heroin","swastika","heroin-swastika","InanimateMatch","NegativeMatch"
"693","6682b197d953c2cf476e0bd7","control_Similar","99","SimilarControl","get","obtain","get-obtain","",""
"694","6682b197d953c2cf476e0bd7","test_ValenceMatch_Positive","0","ValenceMatchingOnly","award","bunny","award-bunny","InanimateMismatch","PositiveMatch"
"695","6682b197d953c2cf476e0bd7","test_ValenceMatch_Negative","0","ValenceMatchingOnly","gunshot","maggot","gunshot-maggot","InanimateMismatch","NegativeMatch"
"696","6682b197d953c2cf476e0bd7","control_MaxMatch_Positive_Inanimate","2","MaxMatch","sunshine","pizza","sunshine-pizza","InanimateMatch","PositiveMatch"
"697","6682b197d953c2cf476e0bd7","control_Dissimilar","2","DissimilarControl","come","go","come-go","",""
"698","6682b197d953c2cf476e0bd7","control_Similar","97","SimilarControl","end","finish","end-finish","",""
"699","6682b197d953c2cf476e0bd7","control_MaxMismatch","3","MaxMismatch","slave","princess","slave-princess","AnimateMismatch","NegativeMismatch"
"700","6682b197d953c2cf476e0bd7","test_ConceptualMatch_Inanimate","0","ConceptualMatchingOnly","corpse","award","corpse-award","ConceptualMatch:inanimate","NegativeMismatch"
"701","6682b197d953c2cf476e0bd7","control_MaxMatch_Negative_Animate","1","MaxMatch","widow","mugger","widow-mugger","AnimateMatch","NegativeMatch"
"702","6682b197d953c2cf476e0bd7","control_MaxMatch_Positive_Animate","0","MaxMatch","comedian","chipmunk","comedian-chipmunk","AnimateMatch","PositiveMatch"
"703","6682b197d953c2cf476e0bd7","control_Dissimilar","0","DissimilarControl","enter","exit","enter-exit","",""
"704","6682b197d953c2cf476e0bd7","control_MaxMatch_Negative_Inanimate","19","MaxMatch","smallpox","corpse","smallpox-corpse","InanimateMatch","NegativeMatch"
"705","6682b197d953c2cf476e0bd7","control_Similar","95","SimilarControl","help","assist","help-assist","",""
"706","6682b197d953c2cf476e0bd7","test_ValenceMatch_Positive","0","ValenceMatchingOnly","sandwich","sibling","sandwich-sibling","InanimateMismatch","PositiveMatch"
"707","6682b197d953c2cf476e0bd7","test_ValenceMatch_Negative","3","ValenceMatchingOnly","heroin","asshole","heroin-asshole","InanimateMismatch","NegativeMatch"
"708","6682b197d953c2cf476e0bd7","control_MaxMatch_Positive_Inanimate","2","MaxMatch","dollar","meadow","dollar-meadow","InanimateMatch","PositiveMatch"
"709","6682b197d953c2cf476e0bd7","control_Dissimilar","0","DissimilarControl","arrive","leave","arrive-leave","",""
"710","6682b197d953c2cf476e0bd7","control_Similar","96","SimilarControl","show","display","show-display","",""
"711","6682b197d953c2cf476e0bd7","control_MaxMismatch","40","MaxMismatch","maggot","chipmunk","maggot-chipmunk","AnimateMismatch","NegativeMismatch"
"712","6682b197d953c2cf476e0bd7","test_ConceptualMatch_Inanimate","33","ConceptualMatchingOnly","heroin","dollar","heroin-dollar","ConceptualMatch:inanimate","NegativeMismatch"
"713","6682b197d953c2cf476e0bd7","control_MaxMatch_Negative_Animate","71","MaxMatch","leech","tapeworm","leech-tapeworm","AnimateMatch","NegativeMatch"
"714","6682b197d953c2cf476e0bd7","control_MaxMatch_Positive_Animate","11","MaxMatch","bunny","husband","bunny-husband","AnimateMatch","PositiveMatch"
"715","6682b197d953c2cf476e0bd7","control_Dissimilar","3","DissimilarControl","push","pull","push-pull","",""
"716","6682b197d953c2cf476e0bd7","control_MaxMatch_Negative_Inanimate","42","MaxMatch","excrement","smallpox","excrement-smallpox","InanimateMatch","NegativeMatch"
"717","6682b197d953c2cf476e0bd7","control_Similar","99","SimilarControl","speak","talk","speak-talk","",""
"718","6682b197d953c2cf476e0bd7","test_ValenceMatch_Positive","29","ValenceMatchingOnly","award","comedian","award-comedian","InanimateMismatch","PositiveMatch"
"719","6682b197d953c2cf476e0bd7","test_ValenceMatch_Negative","2","ValenceMatchingOnly","smallpox","slave","smallpox-slave","InanimateMismatch","NegativeMatch"
"720","6682b197d953c2cf476e0bd7","control_MaxMatch_Positive_Inanimate","0","MaxMatch","award","dollar","award-dollar","InanimateMatch","PositiveMatch"
"721","67e2dc56b092a0c2fcaf50d6","control_Dissimilar","0","DissimilarControl","open","close","open-close","",""
"722","67e2dc56b092a0c2fcaf50d6","control_Similar","99","SimilarControl","end","finish","end-finish","",""
"723","67e2dc56b092a0c2fcaf50d6","control_MaxMatch_Positive_Animate","58","MaxMatch","sibling","husband","sibling-husband","AnimateMatch","PositiveMatch"
"724","67e2dc56b092a0c2fcaf50d6","control_MaxMatch_Negative_Inanimate","0","MaxMatch","poison","gunshot","poison-gunshot","InanimateMatch","NegativeMatch"
"725","67e2dc56b092a0c2fcaf50d6","test_ValenceMatch_Positive","0","ValenceMatchingOnly","dollar","puppy","dollar-puppy","InanimateMismatch","PositiveMatch"
"726","67e2dc56b092a0c2fcaf50d6","control_MaxMatch_Positive_Inanimate","0","MaxMatch","laughter","sandwich","laughter-sandwich","InanimateMatch","PositiveMatch"
"727","67e2dc56b092a0c2fcaf50d6","test_ValenceMatch_Negative","61","ValenceMatchingOnly","corpse","leech","corpse-leech","InanimateMismatch","NegativeMatch"
"728","67e2dc56b092a0c2fcaf50d6","control_MaxMismatch","0","MaxMismatch","leech","child","leech-child","AnimateMismatch","NegativeMismatch"
"729","67e2dc56b092a0c2fcaf50d6","control_Dissimilar","0","DissimilarControl","push","pull","push-pull","",""
"730","67e2dc56b092a0c2fcaf50d6","test_ConceptualMatch_Inanimate","0","ConceptualMatchingOnly","excrement","doughnut","excrement-doughnut","ConceptualMatch:inanimate","NegativeMismatch"
"731","67e2dc56b092a0c2fcaf50d6","control_Similar","99","SimilarControl","help","assist","help-assist","",""
"732","67e2dc56b092a0c2fcaf50d6","control_MaxMatch_Negative_Animate","34","MaxMatch","tapeworm","mugger","tapeworm-mugger","AnimateMatch","NegativeMatch"
"733","67e2dc56b092a0c2fcaf50d6","control_Dissimilar","0","DissimilarControl","begin","end","begin-end","",""
"734","67e2dc56b092a0c2fcaf50d6","control_Similar","99","SimilarControl","need","require","need-require","",""
"735","67e2dc56b092a0c2fcaf50d6","control_MaxMatch_Positive_Animate","0","MaxMatch","puppy","duckling","puppy-duckling","AnimateMatch","PositiveMatch"
"736","67e2dc56b092a0c2fcaf50d6","control_MaxMatch_Negative_Inanimate","16","MaxMatch","excrement","corpse","excrement-corpse","InanimateMatch","NegativeMatch"
"737","67e2dc56b092a0c2fcaf50d6","test_ValenceMatch_Positive","0","ValenceMatchingOnly","sunshine","puppy","sunshine-puppy","InanimateMismatch","PositiveMatch"
"738","67e2dc56b092a0c2fcaf50d6","control_MaxMatch_Positive_Inanimate","99","MaxMatch","prize","award","prize-award","InanimateMatch","PositiveMatch"
"739","67e2dc56b092a0c2fcaf50d6","test_ValenceMatch_Negative","7","ValenceMatchingOnly","corpse","maggot","corpse-maggot","InanimateMismatch","NegativeMatch"
"740","67e2dc56b092a0c2fcaf50d6","control_MaxMismatch","0","MaxMismatch","tapeworm","husband","tapeworm-husband","AnimateMismatch","NegativeMismatch"
"741","67e2dc56b092a0c2fcaf50d6","control_Dissimilar","99","DissimilarControl","give","take","give-take","",""
"742","67e2dc56b092a0c2fcaf50d6","test_ConceptualMatch_Inanimate","0","ConceptualMatchingOnly","wiretap","sunshine","wiretap-sunshine","ConceptualMatch:inanimate","NegativeMismatch"
"743","67e2dc56b092a0c2fcaf50d6","control_Similar","99","SimilarControl","show","display","show-display","",""
"744","67e2dc56b092a0c2fcaf50d6","control_MaxMatch_Negative_Animate","0","MaxMatch","inmate","leech","inmate-leech","AnimateMatch","NegativeMatch"
"745","67e2dc56b092a0c2fcaf50d6","control_Dissimilar","0","DissimilarControl","add","remove","add-remove","",""
"746","67e2dc56b092a0c2fcaf50d6","control_Similar","99","SimilarControl","use","employ","use-employ","",""
"747","67e2dc56b092a0c2fcaf50d6","control_MaxMatch_Positive_Animate","0","MaxMatch","sibling","princess","sibling-princess","AnimateMatch","PositiveMatch"
"748","67e2dc56b092a0c2fcaf50d6","control_MaxMatch_Negative_Inanimate","0","MaxMatch","excrement","flood","excrement-flood","InanimateMatch","NegativeMatch"
"749","67e2dc56b092a0c2fcaf50d6","test_ValenceMatch_Positive","60","ValenceMatchingOnly","meadow","chipmunk","meadow-chipmunk","InanimateMismatch","PositiveMatch"
"750","67e2dc56b092a0c2fcaf50d6","control_MaxMatch_Positive_Inanimate","0","MaxMatch","sunshine","doughnut","sunshine-doughnut","InanimateMatch","PositiveMatch"
"751","67e2dc56b092a0c2fcaf50d6","test_ValenceMatch_Negative","0","ValenceMatchingOnly","cocaine","widow","cocaine-widow","InanimateMismatch","NegativeMatch"
"752","67e2dc56b092a0c2fcaf50d6","control_MaxMismatch","26","MaxMismatch","maggot","kitten","maggot-kitten","AnimateMismatch","NegativeMismatch"
"753","67e2dc56b092a0c2fcaf50d6","control_Dissimilar","0","DissimilarControl","rise","fall","rise-fall","",""
"754","67e2dc56b092a0c2fcaf50d6","test_ConceptualMatch_Inanimate","62","ConceptualMatchingOnly","excrement","feast","excrement-feast","ConceptualMatch:inanimate","NegativeMismatch"
"755","67e2dc56b092a0c2fcaf50d6","control_Similar","99","SimilarControl","speak","talk","speak-talk","",""
"756","67e2dc56b092a0c2fcaf50d6","control_MaxMatch_Negative_Animate","19","MaxMatch","maggot","intruder","maggot-intruder","AnimateMatch","NegativeMatch"
"757","67e2dc56b092a0c2fcaf50d6","control_Dissimilar","0","DissimilarControl","come","go","come-go","",""
"758","67e2dc56b092a0c2fcaf50d6","control_Similar","99","SimilarControl","begin","start","begin-start","",""
"759","67e2dc56b092a0c2fcaf50d6","control_MaxMatch_Positive_Animate","24","MaxMatch","comedian","husband","comedian-husband","AnimateMatch","PositiveMatch"
"760","67e2dc56b092a0c2fcaf50d6","control_MaxMatch_Negative_Inanimate","0","MaxMatch","gunshot","corpse","gunshot-corpse","InanimateMatch","NegativeMatch"
"761","67e2dc56b092a0c2fcaf50d6","test_ValenceMatch_Positive","83","ValenceMatchingOnly","dollar","duckling","dollar-duckling","InanimateMismatch","PositiveMatch"
"762","67e2dc56b092a0c2fcaf50d6","control_MaxMatch_Positive_Inanimate","11","MaxMatch","award","meadow","award-meadow","InanimateMatch","PositiveMatch"
"763","67e2dc56b092a0c2fcaf50d6","test_ValenceMatch_Negative","0","ValenceMatchingOnly","heroin","asshole","heroin-asshole","InanimateMismatch","NegativeMatch"
"764","67e2dc56b092a0c2fcaf50d6","control_MaxMismatch","73","MaxMismatch","inmate","duckling","inmate-duckling","AnimateMismatch","NegativeMismatch"
"765","67e2dc56b092a0c2fcaf50d6","control_Dissimilar","0","DissimilarControl","enter","exit","enter-exit","",""
"766","67e2dc56b092a0c2fcaf50d6","test_ConceptualMatch_Inanimate","66","ConceptualMatchingOnly","swastika","sandwich","swastika-sandwich","ConceptualMatch:inanimate","NegativeMismatch"
"767","67e2dc56b092a0c2fcaf50d6","control_Similar","99","SimilarControl","buy","purchase","buy-purchase","",""
"768","67e2dc56b092a0c2fcaf50d6","control_MaxMatch_Negative_Animate","99","MaxMatch","asshole","dictator","asshole-dictator","AnimateMatch","NegativeMatch"
"769","67e2dc56b092a0c2fcaf50d6","control_Dissimilar","0","DissimilarControl","increase","decrease","increase-decrease","",""
"770","67e2dc56b092a0c2fcaf50d6","control_Similar","99","SimilarControl","get","obtain","get-obtain","",""
"771","67e2dc56b092a0c2fcaf50d6","control_MaxMatch_Positive_Animate","2","MaxMatch","duckling","princess","duckling-princess","AnimateMatch","PositiveMatch"
"772","67e2dc56b092a0c2fcaf50d6","control_MaxMatch_Negative_Inanimate","5","MaxMatch","gunshot","smallpox","gunshot-smallpox","InanimateMatch","NegativeMatch"
"773","67e2dc56b092a0c2fcaf50d6","test_ValenceMatch_Positive","82","ValenceMatchingOnly","sunshine","comedian","sunshine-comedian","InanimateMismatch","PositiveMatch"
"774","67e2dc56b092a0c2fcaf50d6","control_MaxMatch_Positive_Inanimate","4","MaxMatch","award","feast","award-feast","InanimateMatch","PositiveMatch"
"775","67e2dc56b092a0c2fcaf50d6","test_ValenceMatch_Negative","68","ValenceMatchingOnly","swastika","asshole","swastika-asshole","InanimateMismatch","NegativeMatch"
"776","67e2dc56b092a0c2fcaf50d6","control_MaxMismatch","28","MaxMismatch","intruder","bunny","intruder-bunny","AnimateMismatch","NegativeMismatch"
"777","67e2dc56b092a0c2fcaf50d6","control_Dissimilar","0","DissimilarControl","arrive","leave","arrive-leave","",""
"778","67e2dc56b092a0c2fcaf50d6","test_ConceptualMatch_Inanimate","0","ConceptualMatchingOnly","smallpox","sunshine","smallpox-sunshine","ConceptualMatch:inanimate","NegativeMismatch"
"779","67e2dc56b092a0c2fcaf50d6","control_Similar","99","SimilarControl","ask","inquire","ask-inquire","",""
"780","67e2dc56b092a0c2fcaf50d6","control_MaxMatch_Negative_Animate","8","MaxMatch","maggot","widow","maggot-widow","AnimateMatch","NegativeMatch"
"781","63614d7ed7516f2df577dd64","control_Dissimilar","0","DissimilarControl","give","take","give-take","",""
"782","63614d7ed7516f2df577dd64","control_Similar","99","SimilarControl","show","display","show-display","",""
"783","63614d7ed7516f2df577dd64","control_Dissimilar","0","DissimilarControl","add","remove","add-remove","",""
"784","63614d7ed7516f2df577dd64","control_MaxMatch_Positive_Inanimate","0","MaxMatch","pizza","dollar","pizza-dollar","InanimateMatch","PositiveMatch"
"785","63614d7ed7516f2df577dd64","control_Similar","99","SimilarControl","get","obtain","get-obtain","",""
"786","63614d7ed7516f2df577dd64","control_MaxMatch_Negative_Animate","0","MaxMatch","slave","dictator","slave-dictator","AnimateMatch","NegativeMatch"
"787","63614d7ed7516f2df577dd64","control_MaxMatch_Positive_Animate","0","MaxMatch","sibling","princess","sibling-princess","AnimateMatch","PositiveMatch"
"788","63614d7ed7516f2df577dd64","control_MaxMatch_Negative_Inanimate","0","MaxMatch","wiretap","cocaine","wiretap-cocaine","InanimateMatch","NegativeMatch"
"789","63614d7ed7516f2df577dd64","control_MaxMismatch","0","MaxMismatch","maggot","duckling","maggot-duckling","AnimateMismatch","NegativeMismatch"
"790","63614d7ed7516f2df577dd64","test_ValenceMatch_Negative","17","ValenceMatchingOnly","smallpox","intruder","smallpox-intruder","InanimateMismatch","NegativeMatch"
"791","63614d7ed7516f2df577dd64","test_ConceptualMatch_Inanimate","0","ConceptualMatchingOnly","cocaine","laughter","cocaine-laughter","ConceptualMatch:inanimate","NegativeMismatch"
"792","63614d7ed7516f2df577dd64","test_ValenceMatch_Positive","0","ValenceMatchingOnly","pizza","duckling","pizza-duckling","InanimateMismatch","PositiveMatch"
"793","63614d7ed7516f2df577dd64","control_Dissimilar","0","DissimilarControl","begin","end","begin-end","",""
"794","63614d7ed7516f2df577dd64","control_Similar","99","SimilarControl","need","require","need-require","",""
"795","63614d7ed7516f2df577dd64","control_Dissimilar","0","DissimilarControl","push","pull","push-pull","",""
"796","63614d7ed7516f2df577dd64","control_MaxMatch_Positive_Inanimate","99","MaxMatch","prize","award","prize-award","InanimateMatch","PositiveMatch"
"797","63614d7ed7516f2df577dd64","control_Similar","99","SimilarControl","ask","inquire","ask-inquire","",""
"798","63614d7ed7516f2df577dd64","control_MaxMatch_Negative_Animate","0","MaxMatch","tapeworm","mugger","tapeworm-mugger","AnimateMatch","NegativeMatch"
"799","63614d7ed7516f2df577dd64","control_MaxMatch_Positive_Animate","0","MaxMatch","kitten","chipmunk","kitten-chipmunk","AnimateMatch","PositiveMatch"
"800","63614d7ed7516f2df577dd64","control_MaxMatch_Negative_Inanimate","0","MaxMatch","cocaine","corpse","cocaine-corpse","InanimateMatch","NegativeMatch"
"801","63614d7ed7516f2df577dd64","control_MaxMismatch","0","MaxMismatch","maggot","chipmunk","maggot-chipmunk","AnimateMismatch","NegativeMismatch"
"802","63614d7ed7516f2df577dd64","test_ValenceMatch_Negative","51","ValenceMatchingOnly","swastika","dictator","swastika-dictator","InanimateMismatch","NegativeMatch"
"803","63614d7ed7516f2df577dd64","test_ConceptualMatch_Inanimate","0","ConceptualMatchingOnly","gunshot","sandwich","gunshot-sandwich","ConceptualMatch:inanimate","NegativeMismatch"
"804","63614d7ed7516f2df577dd64","test_ValenceMatch_Positive","0","ValenceMatchingOnly","dollar","bunny","dollar-bunny","InanimateMismatch","PositiveMatch"
"805","63614d7ed7516f2df577dd64","control_Dissimilar","0","DissimilarControl","increase","decrease","increase-decrease","",""
"806","63614d7ed7516f2df577dd64","control_Similar","99","SimilarControl","begin","start","begin-start","",""
"807","63614d7ed7516f2df577dd64","control_Dissimilar","0","DissimilarControl","come","go","come-go","",""
"808","63614d7ed7516f2df577dd64","control_MaxMatch_Positive_Inanimate","0","MaxMatch","sunshine","feast","sunshine-feast","InanimateMatch","PositiveMatch"
"809","63614d7ed7516f2df577dd64","control_Similar","99","SimilarControl","use","employ","use-employ","",""
"810","63614d7ed7516f2df577dd64","control_MaxMatch_Negative_Animate","0","MaxMatch","widow","leech","widow-leech","AnimateMatch","NegativeMatch"
"811","63614d7ed7516f2df577dd64","control_MaxMatch_Positive_Animate","0","MaxMatch","sibling","chipmunk","sibling-chipmunk","AnimateMatch","PositiveMatch"
"812","63614d7ed7516f2df577dd64","control_MaxMatch_Negative_Inanimate","54","MaxMatch","swastika","poison","swastika-poison","InanimateMatch","NegativeMatch"
"813","63614d7ed7516f2df577dd64","control_MaxMismatch","0","MaxMismatch","leech","chipmunk","leech-chipmunk","AnimateMismatch","NegativeMismatch"
"814","63614d7ed7516f2df577dd64","test_ValenceMatch_Negative","0","ValenceMatchingOnly","corpse","dictator","corpse-dictator","InanimateMismatch","NegativeMatch"
"815","63614d7ed7516f2df577dd64","test_ConceptualMatch_Inanimate","0","ConceptualMatchingOnly","flood","sunshine","flood-sunshine","ConceptualMatch:inanimate","NegativeMismatch"
"816","63614d7ed7516f2df577dd64","test_ValenceMatch_Positive","13","ValenceMatchingOnly","laughter","sibling","laughter-sibling","InanimateMismatch","PositiveMatch"
"817","63614d7ed7516f2df577dd64","control_Dissimilar","0","DissimilarControl","arrive","leave","arrive-leave","",""
"818","63614d7ed7516f2df577dd64","control_Similar","99","SimilarControl","buy","purchase","buy-purchase","",""
"819","63614d7ed7516f2df577dd64","control_Dissimilar","0","DissimilarControl","rise","fall","rise-fall","",""
"820","63614d7ed7516f2df577dd64","control_MaxMatch_Positive_Inanimate","0","MaxMatch","doughnut","sandwich","doughnut-sandwich","InanimateMatch","PositiveMatch"
"821","63614d7ed7516f2df577dd64","control_Similar","99","SimilarControl","end","finish","end-finish","",""
"822","63614d7ed7516f2df577dd64","control_MaxMatch_Negative_Animate","0","MaxMatch","widow","tapeworm","widow-tapeworm","AnimateMatch","NegativeMatch"
"823","63614d7ed7516f2df577dd64","control_MaxMatch_Positive_Animate","0","MaxMatch","sibling","bunny","sibling-bunny","AnimateMatch","PositiveMatch"
"824","63614d7ed7516f2df577dd64","control_MaxMatch_Negative_Inanimate","0","MaxMatch","cocaine","smallpox","cocaine-smallpox","InanimateMatch","NegativeMatch"
"825","63614d7ed7516f2df577dd64","control_MaxMismatch","0","MaxMismatch","mugger","sibling","mugger-sibling","AnimateMismatch","NegativeMismatch"
"826","63614d7ed7516f2df577dd64","test_ValenceMatch_Negative","0","ValenceMatchingOnly","flood","inmate","flood-inmate","InanimateMismatch","NegativeMatch"
"827","63614d7ed7516f2df577dd64","test_ConceptualMatch_Inanimate","0","ConceptualMatchingOnly","corpse","sunshine","corpse-sunshine","ConceptualMatch:inanimate","NegativeMismatch"
"828","63614d7ed7516f2df577dd64","test_ValenceMatch_Positive","0","ValenceMatchingOnly","meadow","comedian","meadow-comedian","InanimateMismatch","PositiveMatch"
"829","63614d7ed7516f2df577dd64","control_Dissimilar","0","DissimilarControl","open","close","open-close","",""
"830","63614d7ed7516f2df577dd64","control_Similar","99","SimilarControl","speak","talk","speak-talk","",""
"831","63614d7ed7516f2df577dd64","control_Dissimilar","0","DissimilarControl","enter","exit","enter-exit","",""
"832","63614d7ed7516f2df577dd64","control_MaxMatch_Positive_Inanimate","69","MaxMatch","award","dollar","award-dollar","InanimateMatch","PositiveMatch"
"833","63614d7ed7516f2df577dd64","control_Similar","99","SimilarControl","help","assist","help-assist","",""
"834","63614d7ed7516f2df577dd64","control_MaxMatch_Negative_Animate","0","MaxMatch","widow","inmate","widow-inmate","AnimateMatch","NegativeMatch"
"835","63614d7ed7516f2df577dd64","control_MaxMatch_Positive_Animate","0","MaxMatch","comedian","husband","comedian-husband","AnimateMatch","PositiveMatch"
"836","63614d7ed7516f2df577dd64","control_MaxMatch_Negative_Inanimate","0","MaxMatch","flood","smallpox","flood-smallpox","InanimateMatch","NegativeMatch"
"837","63614d7ed7516f2df577dd64","control_MaxMismatch","0","MaxMismatch","mugger","duckling","mugger-duckling","AnimateMismatch","NegativeMismatch"
"838","63614d7ed7516f2df577dd64","test_ValenceMatch_Negative","71","ValenceMatchingOnly","wiretap","intruder","wiretap-intruder","InanimateMismatch","NegativeMatch"
"839","63614d7ed7516f2df577dd64","test_ConceptualMatch_Inanimate","0","ConceptualMatchingOnly","excrement","meadow","excrement-meadow","ConceptualMatch:inanimate","NegativeMismatch"
"840","63614d7ed7516f2df577dd64","test_ValenceMatch_Positive","0","ValenceMatchingOnly","dollar","sibling","dollar-sibling","InanimateMismatch","PositiveMatch"
"841","633eb584ec1a3cf0efdc2563","control_Similar","93","SimilarControl","need","require","need-require","",""
"842","633eb584ec1a3cf0efdc2563","control_Dissimilar","16","DissimilarControl","arrive","leave","arrive-leave","",""
"843","633eb584ec1a3cf0efdc2563","control_MaxMatch_Negative_Inanimate","1","MaxMatch","wiretap","excrement","wiretap-excrement","InanimateMatch","NegativeMatch"
"844","633eb584ec1a3cf0efdc2563","control_Similar","85","SimilarControl","use","employ","use-employ","",""
"845","633eb584ec1a3cf0efdc2563","test_ConceptualMatch_Inanimate","6","ConceptualMatchingOnly","flood","doughnut","flood-doughnut","ConceptualMatch:inanimate","NegativeMismatch"
"846","633eb584ec1a3cf0efdc2563","control_Dissimilar","10","DissimilarControl","begin","end","begin-end","",""
"847","633eb584ec1a3cf0efdc2563","test_ValenceMatch_Negative","8","ValenceMatchingOnly","excrement","widow","excrement-widow","InanimateMismatch","NegativeMatch"
"848","633eb584ec1a3cf0efdc2563","test_ValenceMatch_Positive","1","ValenceMatchingOnly","award","kitten","award-kitten","InanimateMismatch","PositiveMatch"
"849","633eb584ec1a3cf0efdc2563","control_MaxMatch_Positive_Animate","63","MaxMatch","kitten","chipmunk","kitten-chipmunk","AnimateMatch","PositiveMatch"
"850","633eb584ec1a3cf0efdc2563","control_MaxMatch_Positive_Inanimate","97","MaxMatch","prize","award","prize-award","InanimateMatch","PositiveMatch"
"851","633eb584ec1a3cf0efdc2563","control_MaxMismatch","6","MaxMismatch","mugger","chipmunk","mugger-chipmunk","AnimateMismatch","NegativeMismatch"
"852","633eb584ec1a3cf0efdc2563","control_MaxMatch_Negative_Animate","60","MaxMatch","leech","tapeworm","leech-tapeworm","AnimateMatch","NegativeMatch"
"853","633eb584ec1a3cf0efdc2563","control_Similar","89","SimilarControl","help","assist","help-assist","",""
"854","633eb584ec1a3cf0efdc2563","control_Dissimilar","20","DissimilarControl","enter","exit","enter-exit","",""
"855","633eb584ec1a3cf0efdc2563","control_MaxMatch_Negative_Inanimate","6","MaxMatch","swastika","poison","swastika-poison","InanimateMatch","NegativeMatch"
"856","633eb584ec1a3cf0efdc2563","control_Similar","99","SimilarControl","speak","talk","speak-talk","",""
"857","633eb584ec1a3cf0efdc2563","test_ConceptualMatch_Inanimate","0","ConceptualMatchingOnly","gunshot","doughnut","gunshot-doughnut","ConceptualMatch:inanimate","NegativeMismatch"
"858","633eb584ec1a3cf0efdc2563","control_Dissimilar","26","DissimilarControl","come","go","come-go","",""
"859","633eb584ec1a3cf0efdc2563","test_ValenceMatch_Negative","0","ValenceMatchingOnly","excrement","maggot","excrement-maggot","InanimateMismatch","NegativeMatch"
"860","633eb584ec1a3cf0efdc2563","test_ValenceMatch_Positive","4","ValenceMatchingOnly","prize","princess","prize-princess","InanimateMismatch","PositiveMatch"
"861","633eb584ec1a3cf0efdc2563","control_MaxMatch_Positive_Animate","8","MaxMatch","comedian","sibling","comedian-sibling","AnimateMatch","PositiveMatch"
"862","633eb584ec1a3cf0efdc2563","control_MaxMatch_Positive_Inanimate","2","MaxMatch","doughnut","dollar","doughnut-dollar","InanimateMatch","PositiveMatch"
"863","633eb584ec1a3cf0efdc2563","control_MaxMismatch","1","MaxMismatch","slave","child","slave-child","AnimateMismatch","NegativeMismatch"
"864","633eb584ec1a3cf0efdc2563","control_MaxMatch_Negative_Animate","59","MaxMatch","leech","intruder","leech-intruder","AnimateMatch","NegativeMatch"
"865","633eb584ec1a3cf0efdc2563","control_Similar","99","SimilarControl","begin","start","begin-start","",""
"866","633eb584ec1a3cf0efdc2563","control_Dissimilar","24","DissimilarControl","rise","fall","rise-fall","",""
"867","633eb584ec1a3cf0efdc2563","control_MaxMatch_Negative_Inanimate","78","MaxMatch","heroin","poison","heroin-poison","InanimateMatch","NegativeMatch"
"868","633eb584ec1a3cf0efdc2563","control_Similar","99","SimilarControl","end","finish","end-finish","",""
"869","633eb584ec1a3cf0efdc2563","test_ConceptualMatch_Inanimate","4","ConceptualMatchingOnly","smallpox","pizza","smallpox-pizza","ConceptualMatch:inanimate","NegativeMismatch"
"870","633eb584ec1a3cf0efdc2563","control_Dissimilar","0","DissimilarControl","increase","decrease","increase-decrease","",""
"871","633eb584ec1a3cf0efdc2563","test_ValenceMatch_Negative","4","ValenceMatchingOnly","heroin","mugger","heroin-mugger","InanimateMismatch","NegativeMatch"
"872","633eb584ec1a3cf0efdc2563","test_ValenceMatch_Positive","3","ValenceMatchingOnly","meadow","kitten","meadow-kitten","InanimateMismatch","PositiveMatch"
"873","633eb584ec1a3cf0efdc2563","control_MaxMatch_Positive_Animate","34","MaxMatch","puppy","kitten","puppy-kitten","AnimateMatch","PositiveMatch"
"874","633eb584ec1a3cf0efdc2563","control_MaxMatch_Positive_Inanimate","2","MaxMatch","feast","dollar","feast-dollar","InanimateMatch","PositiveMatch"
"875","633eb584ec1a3cf0efdc2563","control_MaxMismatch","0","MaxMismatch","maggot","sibling","maggot-sibling","AnimateMismatch","NegativeMismatch"
"876","633eb584ec1a3cf0efdc2563","control_MaxMatch_Negative_Animate","0","MaxMatch","tapeworm","mugger","tapeworm-mugger","AnimateMatch","NegativeMatch"
"877","633eb584ec1a3cf0efdc2563","control_Similar","98","SimilarControl","buy","purchase","buy-purchase","",""
"878","633eb584ec1a3cf0efdc2563","control_Dissimilar","9","DissimilarControl","open","close","open-close","",""
"879","633eb584ec1a3cf0efdc2563","control_MaxMatch_Negative_Inanimate","0","MaxMatch","wiretap","poison","wiretap-poison","InanimateMatch","NegativeMatch"
"880","633eb584ec1a3cf0efdc2563","control_Similar","83","SimilarControl","show","display","show-display","",""
"881","633eb584ec1a3cf0efdc2563","test_ConceptualMatch_Inanimate","0","ConceptualMatchingOnly","swastika","award","swastika-award","ConceptualMatch:inanimate","NegativeMismatch"
"882","633eb584ec1a3cf0efdc2563","control_Dissimilar","14","DissimilarControl","push","pull","push-pull","",""
"883","633eb584ec1a3cf0efdc2563","test_ValenceMatch_Negative","6","ValenceMatchingOnly","flood","intruder","flood-intruder","InanimateMismatch","NegativeMatch"
"884","633eb584ec1a3cf0efdc2563","test_ValenceMatch_Positive","1","ValenceMatchingOnly","dollar","duckling","dollar-duckling","InanimateMismatch","PositiveMatch"
"885","633eb584ec1a3cf0efdc2563","control_MaxMatch_Positive_Animate","0","MaxMatch","sibling","chipmunk","sibling-chipmunk","AnimateMatch","PositiveMatch"
"886","633eb584ec1a3cf0efdc2563","control_MaxMatch_Positive_Inanimate","19","MaxMatch","doughnut","sandwich","doughnut-sandwich","InanimateMatch","PositiveMatch"
"887","633eb584ec1a3cf0efdc2563","control_MaxMismatch","3","MaxMismatch","widow","puppy","widow-puppy","AnimateMismatch","NegativeMismatch"
"888","633eb584ec1a3cf0efdc2563","control_MaxMatch_Negative_Animate","6","MaxMatch","widow","inmate","widow-inmate","AnimateMatch","NegativeMatch"
"889","633eb584ec1a3cf0efdc2563","control_Similar","89","SimilarControl","get","obtain","get-obtain","",""
"890","633eb584ec1a3cf0efdc2563","control_Dissimilar","15","DissimilarControl","add","remove","add-remove","",""
"891","633eb584ec1a3cf0efdc2563","control_MaxMatch_Negative_Inanimate","0","MaxMatch","heroin","wiretap","heroin-wiretap","InanimateMatch","NegativeMatch"
"892","633eb584ec1a3cf0efdc2563","control_Similar","94","SimilarControl","ask","inquire","ask-inquire","",""
"893","633eb584ec1a3cf0efdc2563","test_ConceptualMatch_Inanimate","0","ConceptualMatchingOnly","excrement","prize","excrement-prize","ConceptualMatch:inanimate","NegativeMismatch"
"894","633eb584ec1a3cf0efdc2563","control_Dissimilar","59","DissimilarControl","give","take","give-take","",""
"895","633eb584ec1a3cf0efdc2563","test_ValenceMatch_Negative","0","ValenceMatchingOnly","swastika","maggot","swastika-maggot","InanimateMismatch","NegativeMatch"
"896","633eb584ec1a3cf0efdc2563","test_ValenceMatch_Positive","0","ValenceMatchingOnly","sunshine","comedian","sunshine-comedian","InanimateMismatch","PositiveMatch"
"897","633eb584ec1a3cf0efdc2563","control_MaxMatch_Positive_Animate","19","MaxMatch","puppy","chipmunk","puppy-chipmunk","AnimateMatch","PositiveMatch"
"898","633eb584ec1a3cf0efdc2563","control_MaxMatch_Positive_Inanimate","2","MaxMatch","sunshine","pizza","sunshine-pizza","InanimateMatch","PositiveMatch"
"899","633eb584ec1a3cf0efdc2563","control_MaxMismatch","8","MaxMismatch","widow","kitten","widow-kitten","AnimateMismatch","NegativeMismatch"
"900","633eb584ec1a3cf0efdc2563","control_MaxMatch_Negative_Animate","4","MaxMatch","slave","asshole","slave-asshole","AnimateMatch","NegativeMatch"
"901","5f4d07b4fae27694de8f5af1","control_Dissimilar","4","DissimilarControl","rise","fall","rise-fall","",""
"902","5f4d07b4fae27694de8f5af1","control_Similar","96","SimilarControl","get","obtain","get-obtain","",""
"903","5f4d07b4fae27694de8f5af1","control_Dissimilar","2","DissimilarControl","arrive","leave","arrive-leave","",""
"904","5f4d07b4fae27694de8f5af1","control_Similar","99","SimilarControl","begin","start","begin-start","",""
"905","5f4d07b4fae27694de8f5af1","test_ValenceMatch_Positive","23","ValenceMatchingOnly","laughter","child","laughter-child","InanimateMismatch","PositiveMatch"
"906","5f4d07b4fae27694de8f5af1","control_MaxMatch_Negative_Inanimate","23","MaxMatch","heroin","corpse","heroin-corpse","InanimateMatch","NegativeMatch"
"907","5f4d07b4fae27694de8f5af1","control_MaxMatch_Negative_Animate","31","MaxMatch","slave","inmate","slave-inmate","AnimateMatch","NegativeMatch"
"908","5f4d07b4fae27694de8f5af1","control_MaxMismatch","0","MaxMismatch","leech","bunny","leech-bunny","AnimateMismatch","NegativeMismatch"
"909","5f4d07b4fae27694de8f5af1","control_MaxMatch_Positive_Inanimate","0","MaxMatch","award","doughnut","award-doughnut","InanimateMatch","PositiveMatch"
"910","5f4d07b4fae27694de8f5af1","test_ConceptualMatch_Inanimate","0","ConceptualMatchingOnly","flood","laughter","flood-laughter","ConceptualMatch:inanimate","NegativeMismatch"
"911","5f4d07b4fae27694de8f5af1","test_ValenceMatch_Negative","4","ValenceMatchingOnly","corpse","maggot","corpse-maggot","InanimateMismatch","NegativeMatch"
"912","5f4d07b4fae27694de8f5af1","control_MaxMatch_Positive_Animate","35","MaxMatch","puppy","child","puppy-child","AnimateMatch","PositiveMatch"
"913","5f4d07b4fae27694de8f5af1","control_Dissimilar","12","DissimilarControl","begin","end","begin-end","",""
"914","5f4d07b4fae27694de8f5af1","control_Similar","92","SimilarControl","help","assist","help-assist","",""
"915","5f4d07b4fae27694de8f5af1","control_Dissimilar","9","DissimilarControl","add","remove","add-remove","",""
"916","5f4d07b4fae27694de8f5af1","control_Similar","98","SimilarControl","need","require","need-require","",""
"917","5f4d07b4fae27694de8f5af1","test_ValenceMatch_Positive","2","ValenceMatchingOnly","sunshine","comedian","sunshine-comedian","InanimateMismatch","PositiveMatch"
"918","5f4d07b4fae27694de8f5af1","control_MaxMatch_Negative_Inanimate","14","MaxMatch","heroin","wiretap","heroin-wiretap","InanimateMatch","NegativeMatch"
"919","5f4d07b4fae27694de8f5af1","control_MaxMatch_Negative_Animate","6","MaxMatch","leech","mugger","leech-mugger","AnimateMatch","NegativeMatch"
"920","5f4d07b4fae27694de8f5af1","control_MaxMismatch","0","MaxMismatch","intruder","sibling","intruder-sibling","AnimateMismatch","NegativeMismatch"
"921","5f4d07b4fae27694de8f5af1","control_MaxMatch_Positive_Inanimate","0","MaxMatch","laughter","dollar","laughter-dollar","InanimateMatch","PositiveMatch"
"922","5f4d07b4fae27694de8f5af1","test_ConceptualMatch_Inanimate","0","ConceptualMatchingOnly","smallpox","feast","smallpox-feast","ConceptualMatch:inanimate","NegativeMismatch"
"923","5f4d07b4fae27694de8f5af1","test_ValenceMatch_Negative","8","ValenceMatchingOnly","cocaine","slave","cocaine-slave","InanimateMismatch","NegativeMatch"
"924","5f4d07b4fae27694de8f5af1","control_MaxMatch_Positive_Animate","31","MaxMatch","duckling","bunny","duckling-bunny","AnimateMatch","PositiveMatch"
"925","5f4d07b4fae27694de8f5af1","control_Dissimilar","0","DissimilarControl","increase","decrease","increase-decrease","",""
"926","5f4d07b4fae27694de8f5af1","control_Similar","99","SimilarControl","buy","purchase","buy-purchase","",""
"927","5f4d07b4fae27694de8f5af1","control_Dissimilar","11","DissimilarControl","enter","exit","enter-exit","",""
"928","5f4d07b4fae27694de8f5af1","control_Similar","99","SimilarControl","ask","inquire","ask-inquire","",""
"929","5f4d07b4fae27694de8f5af1","test_ValenceMatch_Positive","3","ValenceMatchingOnly","award","sibling","award-sibling","InanimateMismatch","PositiveMatch"
"930","5f4d07b4fae27694de8f5af1","control_MaxMatch_Negative_Inanimate","6","MaxMatch","heroin","smallpox","heroin-smallpox","InanimateMatch","NegativeMatch"
"931","5f4d07b4fae27694de8f5af1","control_MaxMatch_Negative_Animate","5","MaxMatch","tapeworm","mugger","tapeworm-mugger","AnimateMatch","NegativeMatch"
"932","5f4d07b4fae27694de8f5af1","control_MaxMismatch","0","MaxMismatch","mugger","princess","mugger-princess","AnimateMismatch","NegativeMismatch"
"933","5f4d07b4fae27694de8f5af1","control_MaxMatch_Positive_Inanimate","4","MaxMatch","award","feast","award-feast","InanimateMatch","PositiveMatch"
"934","5f4d07b4fae27694de8f5af1","test_ConceptualMatch_Inanimate","0","ConceptualMatchingOnly","gunshot","dollar","gunshot-dollar","ConceptualMatch:inanimate","NegativeMismatch"
"935","5f4d07b4fae27694de8f5af1","test_ValenceMatch_Negative","0","ValenceMatchingOnly","wiretap","slave","wiretap-slave","InanimateMismatch","NegativeMatch"
"936","5f4d07b4fae27694de8f5af1","control_MaxMatch_Positive_Animate","0","MaxMatch","duckling","princess","duckling-princess","AnimateMatch","PositiveMatch"
"937","5f4d07b4fae27694de8f5af1","control_Dissimilar","17","DissimilarControl","give","take","give-take","",""
"938","5f4d07b4fae27694de8f5af1","control_Similar","99","SimilarControl","show","display","show-display","",""
"939","5f4d07b4fae27694de8f5af1","control_Dissimilar","8","DissimilarControl","open","close","open-close","",""
"940","5f4d07b4fae27694de8f5af1","control_Similar","99","SimilarControl","end","finish","end-finish","",""
"941","5f4d07b4fae27694de8f5af1","test_ValenceMatch_Positive","0","ValenceMatchingOnly","doughnut","sibling","doughnut-sibling","InanimateMismatch","PositiveMatch"
"942","5f4d07b4fae27694de8f5af1","control_MaxMatch_Negative_Inanimate","8","MaxMatch","poison","smallpox","poison-smallpox","InanimateMatch","NegativeMatch"
"943","5f4d07b4fae27694de8f5af1","control_MaxMatch_Negative_Animate","0","MaxMatch","slave","intruder","slave-intruder","AnimateMatch","NegativeMatch"
"944","5f4d07b4fae27694de8f5af1","control_MaxMismatch","0","MaxMismatch","intruder","child","intruder-child","AnimateMismatch","NegativeMismatch"
"945","5f4d07b4fae27694de8f5af1","control_MaxMatch_Positive_Inanimate","0","MaxMatch","feast","dollar","feast-dollar","InanimateMatch","PositiveMatch"
"946","5f4d07b4fae27694de8f5af1","test_ConceptualMatch_Inanimate","0","ConceptualMatchingOnly","cocaine","laughter","cocaine-laughter","ConceptualMatch:inanimate","NegativeMismatch"
"947","5f4d07b4fae27694de8f5af1","test_ValenceMatch_Negative","29","ValenceMatchingOnly","excrement","dictator","excrement-dictator","InanimateMismatch","NegativeMatch"
"948","5f4d07b4fae27694de8f5af1","control_MaxMatch_Positive_Animate","0","MaxMatch","comedian","duckling","comedian-duckling","AnimateMatch","PositiveMatch"
"949","5f4d07b4fae27694de8f5af1","control_Dissimilar","21","DissimilarControl","come","go","come-go","",""
"950","5f4d07b4fae27694de8f5af1","control_Similar","95","SimilarControl","speak","talk","speak-talk","",""
"951","5f4d07b4fae27694de8f5af1","control_Dissimilar","20","DissimilarControl","push","pull","push-pull","",""
"952","5f4d07b4fae27694de8f5af1","control_Similar","96","SimilarControl","use","employ","use-employ","",""
"953","5f4d07b4fae27694de8f5af1","test_ValenceMatch_Positive","10","ValenceMatchingOnly","sunshine","kitten","sunshine-kitten","InanimateMismatch","PositiveMatch"
"954","5f4d07b4fae27694de8f5af1","control_MaxMatch_Negative_Inanimate","0","MaxMatch","wiretap","excrement","wiretap-excrement","InanimateMatch","NegativeMatch"
"955","5f4d07b4fae27694de8f5af1","control_MaxMatch_Negative_Animate","73","MaxMatch","asshole","dictator","asshole-dictator","AnimateMatch","NegativeMatch"
"956","5f4d07b4fae27694de8f5af1","control_MaxMismatch","0","MaxMismatch","slave","comedian","slave-comedian","AnimateMismatch","NegativeMismatch"
"957","5f4d07b4fae27694de8f5af1","control_MaxMatch_Positive_Inanimate","9","MaxMatch","sunshine","meadow","sunshine-meadow","InanimateMatch","PositiveMatch"
"958","5f4d07b4fae27694de8f5af1","test_ConceptualMatch_Inanimate","0","ConceptualMatchingOnly","smallpox","sandwich","smallpox-sandwich","ConceptualMatch:inanimate","NegativeMismatch"
"959","5f4d07b4fae27694de8f5af1","test_ValenceMatch_Negative","17","ValenceMatchingOnly","flood","intruder","flood-intruder","InanimateMismatch","NegativeMatch"
"960","5f4d07b4fae27694de8f5af1","control_MaxMatch_Positive_Animate","0","MaxMatch","comedian","sibling","comedian-sibling","AnimateMatch","PositiveMatch"
"961","668074940bb84263e75dce77","control_Similar","89","SimilarControl","ask","inquire","ask-inquire","",""
"962","668074940bb84263e75dce77","control_Dissimilar","19","DissimilarControl","add","remove","add-remove","",""
"963","668074940bb84263e75dce77","control_Similar","88","SimilarControl","help","assist","help-assist","",""
"964","668074940bb84263e75dce77","control_MaxMatch_Positive_Inanimate","39","MaxMatch","sunshine","sandwich","sunshine-sandwich","InanimateMatch","PositiveMatch"
"965","668074940bb84263e75dce77","test_ValenceMatch_Negative","56","ValenceMatchingOnly","corpse","mugger","corpse-mugger","InanimateMismatch","NegativeMatch"
"966","668074940bb84263e75dce77","test_ValenceMatch_Positive","43","ValenceMatchingOnly","meadow","duckling","meadow-duckling","InanimateMismatch","PositiveMatch"
"967","668074940bb84263e75dce77","test_ConceptualMatch_Inanimate","22","ConceptualMatchingOnly","swastika","sandwich","swastika-sandwich","ConceptualMatch:inanimate","NegativeMismatch"
"968","668074940bb84263e75dce77","control_Dissimilar","16","DissimilarControl","arrive","leave","arrive-leave","",""
"969","668074940bb84263e75dce77","control_MaxMatch_Negative_Inanimate","46","MaxMatch","cocaine","gunshot","cocaine-gunshot","InanimateMatch","NegativeMatch"
"970","668074940bb84263e75dce77","control_MaxMatch_Positive_Animate","30","MaxMatch","princess","husband","princess-husband","AnimateMatch","PositiveMatch"
"971","668074940bb84263e75dce77","control_MaxMatch_Negative_Animate","45","MaxMatch","dictator","tapeworm","dictator-tapeworm","AnimateMatch","NegativeMatch"
"972","668074940bb84263e75dce77","control_MaxMismatch","21","MaxMismatch","intruder","sibling","intruder-sibling","AnimateMismatch","NegativeMismatch"
"973","668074940bb84263e75dce77","control_Similar","93","SimilarControl","get","obtain","get-obtain","",""
"974","668074940bb84263e75dce77","control_Dissimilar","58","DissimilarControl","push","pull","push-pull","",""
"975","668074940bb84263e75dce77","control_Similar","0","SimilarControl","end","finish","end-finish","",""
"976","668074940bb84263e75dce77","control_MaxMatch_Positive_Inanimate","55","MaxMatch","sunshine","meadow","sunshine-meadow","InanimateMatch","PositiveMatch"
"977","668074940bb84263e75dce77","test_ValenceMatch_Negative","47","ValenceMatchingOnly","flood","mugger","flood-mugger","InanimateMismatch","NegativeMatch"
"978","668074940bb84263e75dce77","test_ValenceMatch_Positive","41","ValenceMatchingOnly","sandwich","puppy","sandwich-puppy","InanimateMismatch","PositiveMatch"
"979","668074940bb84263e75dce77","test_ConceptualMatch_Inanimate","42","ConceptualMatchingOnly","cocaine","dollar","cocaine-dollar","ConceptualMatch:inanimate","NegativeMismatch"
"980","668074940bb84263e75dce77","control_Dissimilar","4","DissimilarControl","give","take","give-take","",""
"981","668074940bb84263e75dce77","control_MaxMatch_Negative_Inanimate","61","MaxMatch","smallpox","corpse","smallpox-corpse","InanimateMatch","NegativeMatch"
"982","668074940bb84263e75dce77","control_MaxMatch_Positive_Animate","30","MaxMatch","princess","chipmunk","princess-chipmunk","AnimateMatch","PositiveMatch"
"983","668074940bb84263e75dce77","control_MaxMatch_Negative_Animate","39","MaxMatch","asshole","dictator","asshole-dictator","AnimateMatch","NegativeMatch"
"984","668074940bb84263e75dce77","control_MaxMismatch","34","MaxMismatch","widow","bunny","widow-bunny","AnimateMismatch","NegativeMismatch"
"985","668074940bb84263e75dce77","control_Similar","83","SimilarControl","need","require","need-require","",""
"986","668074940bb84263e75dce77","control_Dissimilar","3","DissimilarControl","increase","decrease","increase-decrease","",""
"987","668074940bb84263e75dce77","control_Similar","93","SimilarControl","buy","purchase","buy-purchase","",""
"988","668074940bb84263e75dce77","control_MaxMatch_Positive_Inanimate","62","MaxMatch","award","dollar","award-dollar","InanimateMatch","PositiveMatch"
"989","668074940bb84263e75dce77","test_ValenceMatch_Negative","40","ValenceMatchingOnly","heroin","intruder","heroin-intruder","InanimateMismatch","NegativeMatch"
"990","668074940bb84263e75dce77","test_ValenceMatch_Positive","45","ValenceMatchingOnly","sunshine","chipmunk","sunshine-chipmunk","InanimateMismatch","PositiveMatch"
"991","668074940bb84263e75dce77","test_ConceptualMatch_Inanimate","26","ConceptualMatchingOnly","poison","award","poison-award","ConceptualMatch:inanimate","NegativeMismatch"
"992","668074940bb84263e75dce77","control_Dissimilar","11","DissimilarControl","come","go","come-go","",""
"993","668074940bb84263e75dce77","control_MaxMatch_Negative_Inanimate","39","MaxMatch","swastika","gunshot","swastika-gunshot","InanimateMatch","NegativeMatch"
"994","668074940bb84263e75dce77","control_MaxMatch_Positive_Animate","44","MaxMatch","comedian","sibling","comedian-sibling","AnimateMatch","PositiveMatch"
"995","668074940bb84263e75dce77","control_MaxMatch_Negative_Animate","49","MaxMatch","asshole","leech","asshole-leech","AnimateMatch","NegativeMatch"
"996","668074940bb84263e75dce77","control_MaxMismatch","61","MaxMismatch","tapeworm","bunny","tapeworm-bunny","AnimateMismatch","NegativeMismatch"
"997","668074940bb84263e75dce77","control_Similar","94","SimilarControl","speak","talk","speak-talk","",""
"998","668074940bb84263e75dce77","control_Dissimilar","16","DissimilarControl","rise","fall","rise-fall","",""
"999","668074940bb84263e75dce77","control_Similar","90","SimilarControl","begin","start","begin-start","",""
"1000","668074940bb84263e75dce77","control_MaxMatch_Positive_Inanimate","38","MaxMatch","pizza","meadow","pizza-meadow","InanimateMatch","PositiveMatch"
"1001","668074940bb84263e75dce77","test_ValenceMatch_Negative","44","ValenceMatchingOnly","excrement","leech","excrement-leech","InanimateMismatch","NegativeMatch"
"1002","668074940bb84263e75dce77","test_ValenceMatch_Positive","33","ValenceMatchingOnly","prize","husband","prize-husband","InanimateMismatch","PositiveMatch"
"1003","668074940bb84263e75dce77","test_ConceptualMatch_Inanimate","36","ConceptualMatchingOnly","swastika","prize","swastika-prize","ConceptualMatch:inanimate","NegativeMismatch"
"1004","668074940bb84263e75dce77","control_Dissimilar","3","DissimilarControl","open","close","open-close","",""
"1005","668074940bb84263e75dce77","control_MaxMatch_Negative_Inanimate","44","MaxMatch","heroin","corpse","heroin-corpse","InanimateMatch","NegativeMatch"
"1006","668074940bb84263e75dce77","control_MaxMatch_Positive_Animate","78","MaxMatch","duckling","kitten","duckling-kitten","AnimateMatch","PositiveMatch"
"1007","668074940bb84263e75dce77","control_MaxMatch_Negative_Animate","59","MaxMatch","slave","dictator","slave-dictator","AnimateMatch","NegativeMatch"
"1008","668074940bb84263e75dce77","control_MaxMismatch","40","MaxMismatch","maggot","sibling","maggot-sibling","AnimateMismatch","NegativeMismatch"
"1009","668074940bb84263e75dce77","control_Similar","90","SimilarControl","show","display","show-display","",""
"1010","668074940bb84263e75dce77","control_Dissimilar","7","DissimilarControl","begin","end","begin-end","",""
"1011","668074940bb84263e75dce77","control_Similar","76","SimilarControl","use","employ","use-employ","",""
"1012","668074940bb84263e75dce77","control_MaxMatch_Positive_Inanimate","44","MaxMatch","sunshine","dollar","sunshine-dollar","InanimateMatch","PositiveMatch"
"1013","668074940bb84263e75dce77","test_ValenceMatch_Negative","44","ValenceMatchingOnly","corpse","dictator","corpse-dictator","InanimateMismatch","NegativeMatch"
"1014","668074940bb84263e75dce77","test_ValenceMatch_Positive","40","ValenceMatchingOnly","dollar","bunny","dollar-bunny","InanimateMismatch","PositiveMatch"
"1015","668074940bb84263e75dce77","test_ConceptualMatch_Inanimate","56","ConceptualMatchingOnly","poison","feast","poison-feast","ConceptualMatch:inanimate","NegativeMismatch"
"1016","668074940bb84263e75dce77","control_Dissimilar","7","DissimilarControl","enter","exit","enter-exit","",""
"1017","668074940bb84263e75dce77","control_MaxMatch_Negative_Inanimate","54","MaxMatch","gunshot","corpse","gunshot-corpse","InanimateMatch","NegativeMatch"
"1018","668074940bb84263e75dce77","control_MaxMatch_Positive_Animate","88","MaxMatch","sibling","child","sibling-child","AnimateMatch","PositiveMatch"
"1019","668074940bb84263e75dce77","control_MaxMatch_Negative_Animate","46","MaxMatch","dictator","leech","dictator-leech","AnimateMatch","NegativeMatch"
"1020","668074940bb84263e75dce77","control_MaxMismatch","61","MaxMismatch","mugger","comedian","mugger-comedian","AnimateMismatch","NegativeMismatch"
"1021","663a7dc83986ee24fb6ec0e6","control_Dissimilar","0","DissimilarControl","come","go","come-go","",""
"1022","663a7dc83986ee24fb6ec0e6","control_Similar","99","SimilarControl","end","finish","end-finish","",""
"1023","663a7dc83986ee24fb6ec0e6","control_Dissimilar","0","DissimilarControl","increase","decrease","increase-decrease","",""
"1024","663a7dc83986ee24fb6ec0e6","control_MaxMatch_Positive_Inanimate","21","MaxMatch","sunshine","feast","sunshine-feast","InanimateMatch","PositiveMatch"
"1025","663a7dc83986ee24fb6ec0e6","control_MaxMatch_Negative_Animate","80","MaxMatch","maggot","leech","maggot-leech","AnimateMatch","NegativeMatch"
"1026","663a7dc83986ee24fb6ec0e6","control_MaxMatch_Positive_Animate","72","MaxMatch","duckling","child","duckling-child","AnimateMatch","PositiveMatch"
"1027","663a7dc83986ee24fb6ec0e6","test_ValenceMatch_Positive","10","ValenceMatchingOnly","dollar","child","dollar-child","InanimateMismatch","PositiveMatch"
"1028","663a7dc83986ee24fb6ec0e6","test_ValenceMatch_Negative","72","ValenceMatchingOnly","poison","dictator","poison-dictator","InanimateMismatch","NegativeMatch"
"1029","663a7dc83986ee24fb6ec0e6","control_Similar","86","SimilarControl","buy","purchase","buy-purchase","",""
"1030","663a7dc83986ee24fb6ec0e6","control_MaxMismatch","8","MaxMismatch","intruder","kitten","intruder-kitten","AnimateMismatch","NegativeMismatch"
"1031","663a7dc83986ee24fb6ec0e6","control_MaxMatch_Negative_Inanimate","83","MaxMatch","poison","smallpox","poison-smallpox","InanimateMatch","NegativeMatch"
"1032","663a7dc83986ee24fb6ec0e6","test_ConceptualMatch_Inanimate","13","ConceptualMatchingOnly","gunshot","feast","gunshot-feast","ConceptualMatch:inanimate","NegativeMismatch"
"1033","663a7dc83986ee24fb6ec0e6","control_Dissimilar","11","DissimilarControl","rise","fall","rise-fall","",""
"1034","663a7dc83986ee24fb6ec0e6","control_Similar","99","SimilarControl","speak","talk","speak-talk","",""
"1035","663a7dc83986ee24fb6ec0e6","control_Dissimilar","0","DissimilarControl","enter","exit","enter-exit","",""
"1036","663a7dc83986ee24fb6ec0e6","control_MaxMatch_Positive_Inanimate","18","MaxMatch","prize","sandwich","prize-sandwich","InanimateMatch","PositiveMatch"
"1037","663a7dc83986ee24fb6ec0e6","control_MaxMatch_Negative_Animate","22","MaxMatch","inmate","leech","inmate-leech","AnimateMatch","NegativeMatch"
"1038","663a7dc83986ee24fb6ec0e6","control_MaxMatch_Positive_Animate","76","MaxMatch","puppy","child","puppy-child","AnimateMatch","PositiveMatch"
"1039","663a7dc83986ee24fb6ec0e6","test_ValenceMatch_Positive","16","ValenceMatchingOnly","prize","comedian","prize-comedian","InanimateMismatch","PositiveMatch"
"1040","663a7dc83986ee24fb6ec0e6","test_ValenceMatch_Negative","76","ValenceMatchingOnly","corpse","slave","corpse-slave","InanimateMismatch","NegativeMatch"
"1041","663a7dc83986ee24fb6ec0e6","control_Similar","72","SimilarControl","use","employ","use-employ","",""
"1042","663a7dc83986ee24fb6ec0e6","control_MaxMismatch","8","MaxMismatch","dictator","sibling","dictator-sibling","AnimateMismatch","NegativeMismatch"
"1043","663a7dc83986ee24fb6ec0e6","control_MaxMatch_Negative_Inanimate","18","MaxMatch","swastika","flood","swastika-flood","InanimateMatch","NegativeMatch"
"1044","663a7dc83986ee24fb6ec0e6","test_ConceptualMatch_Inanimate","12","ConceptualMatchingOnly","poison","sandwich","poison-sandwich","ConceptualMatch:inanimate","NegativeMismatch"
"1045","663a7dc83986ee24fb6ec0e6","control_Dissimilar","0","DissimilarControl","give","take","give-take","",""
"1046","663a7dc83986ee24fb6ec0e6","control_Similar","99","SimilarControl","help","assist","help-assist","",""
"1047","663a7dc83986ee24fb6ec0e6","control_Dissimilar","0","DissimilarControl","add","remove","add-remove","",""
"1048","663a7dc83986ee24fb6ec0e6","control_MaxMatch_Positive_Inanimate","75","MaxMatch","pizza","doughnut","pizza-doughnut","InanimateMatch","PositiveMatch"
"1049","663a7dc83986ee24fb6ec0e6","control_MaxMatch_Negative_Animate","13","MaxMatch","maggot","mugger","maggot-mugger","AnimateMatch","NegativeMatch"
"1050","663a7dc83986ee24fb6ec0e6","control_MaxMatch_Positive_Animate","71","MaxMatch","duckling","kitten","duckling-kitten","AnimateMatch","PositiveMatch"
"1051","663a7dc83986ee24fb6ec0e6","test_ValenceMatch_Positive","13","ValenceMatchingOnly","sunshine","kitten","sunshine-kitten","InanimateMismatch","PositiveMatch"
"1052","663a7dc83986ee24fb6ec0e6","test_ValenceMatch_Negative","12","ValenceMatchingOnly","cocaine","intruder","cocaine-intruder","InanimateMismatch","NegativeMatch"
"1053","663a7dc83986ee24fb6ec0e6","control_Similar","92","SimilarControl","ask","inquire","ask-inquire","",""
"1054","663a7dc83986ee24fb6ec0e6","control_MaxMismatch","12","MaxMismatch","inmate","husband","inmate-husband","AnimateMismatch","NegativeMismatch"
"1055","663a7dc83986ee24fb6ec0e6","control_MaxMatch_Negative_Inanimate","9","MaxMatch","wiretap","corpse","wiretap-corpse","InanimateMatch","NegativeMatch"
"1056","663a7dc83986ee24fb6ec0e6","test_ConceptualMatch_Inanimate","7","ConceptualMatchingOnly","excrement","feast","excrement-feast","ConceptualMatch:inanimate","NegativeMismatch"
"1057","663a7dc83986ee24fb6ec0e6","control_Dissimilar","0","DissimilarControl","push","pull","push-pull","",""
"1058","663a7dc83986ee24fb6ec0e6","control_Similar","99","SimilarControl","get","obtain","get-obtain","",""
"1059","663a7dc83986ee24fb6ec0e6","control_Dissimilar","0","DissimilarControl","open","close","open-close","",""
"1060","663a7dc83986ee24fb6ec0e6","control_MaxMatch_Positive_Inanimate","9","MaxMatch","doughnut","dollar","doughnut-dollar","InanimateMatch","PositiveMatch"
"1061","663a7dc83986ee24fb6ec0e6","control_MaxMatch_Negative_Animate","11","MaxMatch","slave","widow","slave-widow","AnimateMatch","NegativeMatch"
"1062","663a7dc83986ee24fb6ec0e6","control_MaxMatch_Positive_Animate","61","MaxMatch","sibling","child","sibling-child","AnimateMatch","PositiveMatch"
"1063","663a7dc83986ee24fb6ec0e6","test_ValenceMatch_Positive","12","ValenceMatchingOnly","doughnut","bunny","doughnut-bunny","InanimateMismatch","PositiveMatch"
"1064","663a7dc83986ee24fb6ec0e6","test_ValenceMatch_Negative","16","ValenceMatchingOnly","corpse","asshole","corpse-asshole","InanimateMismatch","NegativeMatch"
"1065","663a7dc83986ee24fb6ec0e6","control_Similar","99","SimilarControl","need","require","need-require","",""
"1066","663a7dc83986ee24fb6ec0e6","control_MaxMismatch","13","MaxMismatch","maggot","chipmunk","maggot-chipmunk","AnimateMismatch","NegativeMismatch"
"1067","663a7dc83986ee24fb6ec0e6","control_MaxMatch_Negative_Inanimate","73","MaxMatch","gunshot","corpse","gunshot-corpse","InanimateMatch","NegativeMatch"
"1068","663a7dc83986ee24fb6ec0e6","test_ConceptualMatch_Inanimate","9","ConceptualMatchingOnly","wiretap","pizza","wiretap-pizza","ConceptualMatch:inanimate","NegativeMismatch"
"1069","663a7dc83986ee24fb6ec0e6","control_Dissimilar","0","DissimilarControl","arrive","leave","arrive-leave","",""
"1070","663a7dc83986ee24fb6ec0e6","control_Similar","99","SimilarControl","show","display","show-display","",""
"1071","663a7dc83986ee24fb6ec0e6","control_Dissimilar","0","DissimilarControl","begin","end","begin-end","",""
"1072","663a7dc83986ee24fb6ec0e6","control_MaxMatch_Positive_Inanimate","10","MaxMatch","award","meadow","award-meadow","InanimateMatch","PositiveMatch"
"1073","663a7dc83986ee24fb6ec0e6","control_MaxMatch_Negative_Animate","11","MaxMatch","slave","dictator","slave-dictator","AnimateMatch","NegativeMatch"
"1074","663a7dc83986ee24fb6ec0e6","control_MaxMatch_Positive_Animate","12","MaxMatch","duckling","chipmunk","duckling-chipmunk","AnimateMatch","PositiveMatch"
"1075","663a7dc83986ee24fb6ec0e6","test_ValenceMatch_Positive","6","ValenceMatchingOnly","sandwich","duckling","sandwich-duckling","InanimateMismatch","PositiveMatch"
"1076","663a7dc83986ee24fb6ec0e6","test_ValenceMatch_Negative","75","ValenceMatchingOnly","smallpox","maggot","smallpox-maggot","InanimateMismatch","NegativeMatch"
"1077","663a7dc83986ee24fb6ec0e6","control_Similar","99","SimilarControl","begin","start","begin-start","",""
"1078","663a7dc83986ee24fb6ec0e6","control_MaxMismatch","69","MaxMismatch","asshole","comedian","asshole-comedian","AnimateMismatch","NegativeMismatch"
"1079","663a7dc83986ee24fb6ec0e6","control_MaxMatch_Negative_Inanimate","8","MaxMatch","wiretap","gunshot","wiretap-gunshot","InanimateMatch","NegativeMatch"
"1080","663a7dc83986ee24fb6ec0e6","test_ConceptualMatch_Inanimate","11","ConceptualMatchingOnly","excrement","dollar","excrement-dollar","ConceptualMatch:inanimate","NegativeMismatch"
"1081","67cb6ffcdfb183f140c5439c","control_Dissimilar","0","DissimilarControl","come","go","come-go","",""
"1082","67cb6ffcdfb183f140c5439c","control_Similar","99","SimilarControl","show","display","show-display","",""
"1083","67cb6ffcdfb183f140c5439c","control_MaxMatch_Negative_Animate","0","MaxMatch","inmate","tapeworm","inmate-tapeworm","AnimateMatch","NegativeMatch"
"1084","67cb6ffcdfb183f140c5439c","control_Dissimilar","0","DissimilarControl","rise","fall","rise-fall","",""
"1085","67cb6ffcdfb183f140c5439c","control_MaxMismatch","99","MaxMismatch","asshole","husband","asshole-husband","AnimateMismatch","NegativeMismatch"
"1086","67cb6ffcdfb183f140c5439c","test_ConceptualMatch_Inanimate","0","ConceptualMatchingOnly","flood","laughter","flood-laughter","ConceptualMatch:inanimate","NegativeMismatch"
"1087","67cb6ffcdfb183f140c5439c","control_MaxMatch_Negative_Inanimate","49","MaxMatch","heroin","corpse","heroin-corpse","InanimateMatch","NegativeMatch"
"1088","67cb6ffcdfb183f140c5439c","test_ValenceMatch_Negative","0","ValenceMatchingOnly","heroin","dictator","heroin-dictator","InanimateMismatch","NegativeMatch"
"1089","67cb6ffcdfb183f140c5439c","test_ValenceMatch_Positive","0","ValenceMatchingOnly","sandwich","child","sandwich-child","InanimateMismatch","PositiveMatch"
"1090","67cb6ffcdfb183f140c5439c","control_Similar","99","SimilarControl","ask","inquire","ask-inquire","",""
"1091","67cb6ffcdfb183f140c5439c","control_MaxMatch_Positive_Inanimate","0","MaxMatch","laughter","meadow","laughter-meadow","InanimateMatch","PositiveMatch"
"1092","67cb6ffcdfb183f140c5439c","control_MaxMatch_Positive_Animate","0","MaxMatch","sibling","kitten","sibling-kitten","AnimateMatch","PositiveMatch"
"1093","67cb6ffcdfb183f140c5439c","control_Dissimilar","0","DissimilarControl","open","close","open-close","",""
"1094","67cb6ffcdfb183f140c5439c","control_Similar","99","SimilarControl","end","finish","end-finish","",""
"1095","67cb6ffcdfb183f140c5439c","control_MaxMatch_Negative_Animate","0","MaxMatch","slave","dictator","slave-dictator","AnimateMatch","NegativeMatch"
"1096","67cb6ffcdfb183f140c5439c","control_Dissimilar","0","DissimilarControl","arrive","leave","arrive-leave","",""
"1097","67cb6ffcdfb183f140c5439c","control_MaxMismatch","0","MaxMismatch","widow","duckling","widow-duckling","AnimateMismatch","NegativeMismatch"
"1098","67cb6ffcdfb183f140c5439c","test_ConceptualMatch_Inanimate","0","ConceptualMatchingOnly","cocaine","feast","cocaine-feast","ConceptualMatch:inanimate","NegativeMismatch"
"1099","67cb6ffcdfb183f140c5439c","control_MaxMatch_Negative_Inanimate","0","MaxMatch","heroin","gunshot","heroin-gunshot","InanimateMatch","NegativeMatch"
"1100","67cb6ffcdfb183f140c5439c","test_ValenceMatch_Negative","0","ValenceMatchingOnly","cocaine","leech","cocaine-leech","InanimateMismatch","NegativeMatch"
"1101","67cb6ffcdfb183f140c5439c","test_ValenceMatch_Positive","0","ValenceMatchingOnly","doughnut","husband","doughnut-husband","InanimateMismatch","PositiveMatch"
"1102","67cb6ffcdfb183f140c5439c","control_Similar","98","SimilarControl","need","require","need-require","",""
"1103","67cb6ffcdfb183f140c5439c","control_MaxMatch_Positive_Inanimate","0","MaxMatch","award","dollar","award-dollar","InanimateMatch","PositiveMatch"
"1104","67cb6ffcdfb183f140c5439c","control_MaxMatch_Positive_Animate","48","MaxMatch","puppy","child","puppy-child","AnimateMatch","PositiveMatch"
"1105","67cb6ffcdfb183f140c5439c","control_Dissimilar","0","DissimilarControl","push","pull","push-pull","",""
"1106","67cb6ffcdfb183f140c5439c","control_Similar","99","SimilarControl","begin","start","begin-start","",""
"1107","67cb6ffcdfb183f140c5439c","control_MaxMatch_Negative_Animate","0","MaxMatch","asshole","inmate","asshole-inmate","AnimateMatch","NegativeMatch"
"1108","67cb6ffcdfb183f140c5439c","control_Dissimilar","0","DissimilarControl","add","remove","add-remove","",""
"1109","67cb6ffcdfb183f140c5439c","control_MaxMismatch","0","MaxMismatch","mugger","princess","mugger-princess","AnimateMismatch","NegativeMismatch"
"1110","67cb6ffcdfb183f140c5439c","test_ConceptualMatch_Inanimate","0","ConceptualMatchingOnly","smallpox","pizza","smallpox-pizza","ConceptualMatch:inanimate","NegativeMismatch"
"1111","67cb6ffcdfb183f140c5439c","control_MaxMatch_Negative_Inanimate","0","MaxMatch","heroin","flood","heroin-flood","InanimateMatch","NegativeMatch"
"1112","67cb6ffcdfb183f140c5439c","test_ValenceMatch_Negative","0","ValenceMatchingOnly","swastika","leech","swastika-leech","InanimateMismatch","NegativeMatch"
"1113","67cb6ffcdfb183f140c5439c","test_ValenceMatch_Positive","0","ValenceMatchingOnly","prize","bunny","prize-bunny","InanimateMismatch","PositiveMatch"
"1114","67cb6ffcdfb183f140c5439c","control_Similar","98","SimilarControl","help","assist","help-assist","",""
"1115","67cb6ffcdfb183f140c5439c","control_MaxMatch_Positive_Inanimate","0","MaxMatch","laughter","sandwich","laughter-sandwich","InanimateMatch","PositiveMatch"
"1116","67cb6ffcdfb183f140c5439c","control_MaxMatch_Positive_Animate","0","MaxMatch","comedian","kitten","comedian-kitten","AnimateMatch","PositiveMatch"
"1117","67cb6ffcdfb183f140c5439c","control_Dissimilar","0","DissimilarControl","give","take","give-take","",""
"1118","67cb6ffcdfb183f140c5439c","control_Similar","99","SimilarControl","buy","purchase","buy-purchase","",""
"1119","67cb6ffcdfb183f140c5439c","control_MaxMatch_Negative_Animate","0","MaxMatch","slave","maggot","slave-maggot","AnimateMatch","NegativeMatch"
"1120","67cb6ffcdfb183f140c5439c","control_Dissimilar","0","DissimilarControl","enter","exit","enter-exit","",""
"1121","67cb6ffcdfb183f140c5439c","control_MaxMismatch","0","MaxMismatch","dictator","princess","dictator-princess","AnimateMismatch","NegativeMismatch"
"1122","67cb6ffcdfb183f140c5439c","test_ConceptualMatch_Inanimate","70","ConceptualMatchingOnly","poison","dollar","poison-dollar","ConceptualMatch:inanimate","NegativeMismatch"
"1123","67cb6ffcdfb183f140c5439c","control_MaxMatch_Negative_Inanimate","44","MaxMatch","poison","smallpox","poison-smallpox","InanimateMatch","NegativeMatch"
"1124","67cb6ffcdfb183f140c5439c","test_ValenceMatch_Negative","0","ValenceMatchingOnly","cocaine","slave","cocaine-slave","InanimateMismatch","NegativeMatch"
"1125","67cb6ffcdfb183f140c5439c","test_ValenceMatch_Positive","0","ValenceMatchingOnly","laughter","puppy","laughter-puppy","InanimateMismatch","PositiveMatch"
"1126","67cb6ffcdfb183f140c5439c","control_Similar","86","SimilarControl","use","employ","use-employ","",""
"1127","67cb6ffcdfb183f140c5439c","control_MaxMatch_Positive_Inanimate","0","MaxMatch","dollar","sandwich","dollar-sandwich","InanimateMatch","PositiveMatch"
"1128","67cb6ffcdfb183f140c5439c","control_MaxMatch_Positive_Animate","0","MaxMatch","comedian","puppy","comedian-puppy","AnimateMatch","PositiveMatch"
"1129","67cb6ffcdfb183f140c5439c","control_Dissimilar","0","DissimilarControl","increase","decrease","increase-decrease","",""
"1130","67cb6ffcdfb183f140c5439c","control_Similar","96","SimilarControl","speak","talk","speak-talk","",""
"1131","67cb6ffcdfb183f140c5439c","control_MaxMatch_Negative_Animate","0","MaxMatch","maggot","mugger","maggot-mugger","AnimateMatch","NegativeMatch"
"1132","67cb6ffcdfb183f140c5439c","control_Dissimilar","0","DissimilarControl","begin","end","begin-end","",""
"1133","67cb6ffcdfb183f140c5439c","control_MaxMismatch","0","MaxMismatch","dictator","child","dictator-child","AnimateMismatch","NegativeMismatch"
"1134","67cb6ffcdfb183f140c5439c","test_ConceptualMatch_Inanimate","0","ConceptualMatchingOnly","heroin","feast","heroin-feast","ConceptualMatch:inanimate","NegativeMismatch"
"1135","67cb6ffcdfb183f140c5439c","control_MaxMatch_Negative_Inanimate","53","MaxMatch","gunshot","corpse","gunshot-corpse","InanimateMatch","NegativeMatch"
"1136","67cb6ffcdfb183f140c5439c","test_ValenceMatch_Negative","0","ValenceMatchingOnly","heroin","asshole","heroin-asshole","InanimateMismatch","NegativeMatch"
"1137","67cb6ffcdfb183f140c5439c","test_ValenceMatch_Positive","48","ValenceMatchingOnly","laughter","bunny","laughter-bunny","InanimateMismatch","PositiveMatch"
"1138","67cb6ffcdfb183f140c5439c","control_Similar","99","SimilarControl","get","obtain","get-obtain","",""
"1139","67cb6ffcdfb183f140c5439c","control_MaxMatch_Positive_Inanimate","0","MaxMatch","sunshine","doughnut","sunshine-doughnut","InanimateMatch","PositiveMatch"
"1140","67cb6ffcdfb183f140c5439c","control_MaxMatch_Positive_Animate","0","MaxMatch","sibling","husband","sibling-husband","AnimateMatch","PositiveMatch"
"1141","5dda993086c886a06ce9108d","control_Similar","94","SimilarControl","ask","inquire","ask-inquire","",""
"1142","5dda993086c886a06ce9108d","control_Dissimilar","1","DissimilarControl","give","take","give-take","",""
"1143","5dda993086c886a06ce9108d","control_MaxMatch_Positive_Inanimate","0","MaxMatch","sunshine","feast","sunshine-feast","InanimateMatch","PositiveMatch"
"1144","5dda993086c886a06ce9108d","control_Similar","99","SimilarControl","buy","purchase","buy-purchase","",""
"1145","5dda993086c886a06ce9108d","control_Dissimilar","0","DissimilarControl","open","close","open-close","",""
"1146","5dda993086c886a06ce9108d","test_ConceptualMatch_Inanimate","1","ConceptualMatchingOnly","corpse","laughter","corpse-laughter","ConceptualMatch:inanimate","NegativeMismatch"
"1147","5dda993086c886a06ce9108d","control_MaxMatch_Negative_Animate","0","MaxMatch","asshole","widow","asshole-widow","AnimateMatch","NegativeMatch"
"1148","5dda993086c886a06ce9108d","control_MaxMismatch","6","MaxMismatch","slave","husband","slave-husband","AnimateMismatch","NegativeMismatch"
"1149","5dda993086c886a06ce9108d","control_MaxMatch_Negative_Inanimate","87","MaxMatch","heroin","cocaine","heroin-cocaine","InanimateMatch","NegativeMatch"
"1150","5dda993086c886a06ce9108d","test_ValenceMatch_Positive","0","ValenceMatchingOnly","laughter","puppy","laughter-puppy","InanimateMismatch","PositiveMatch"
"1151","5dda993086c886a06ce9108d","control_MaxMatch_Positive_Animate","0","MaxMatch","sibling","chipmunk","sibling-chipmunk","AnimateMatch","PositiveMatch"
"1152","5dda993086c886a06ce9108d","test_ValenceMatch_Negative","3","ValenceMatchingOnly","gunshot","dictator","gunshot-dictator","InanimateMismatch","NegativeMatch"
"1153","5dda993086c886a06ce9108d","control_Similar","96","SimilarControl","speak","talk","speak-talk","",""
"1154","5dda993086c886a06ce9108d","control_Dissimilar","0","DissimilarControl","begin","end","begin-end","",""
"1155","5dda993086c886a06ce9108d","control_MaxMatch_Positive_Inanimate","0","MaxMatch","prize","pizza","prize-pizza","InanimateMatch","PositiveMatch"
"1156","5dda993086c886a06ce9108d","control_Similar","99","SimilarControl","begin","start","begin-start","",""
"1157","5dda993086c886a06ce9108d","control_Dissimilar","0","DissimilarControl","increase","decrease","increase-decrease","",""
"1158","5dda993086c886a06ce9108d","test_ConceptualMatch_Inanimate","0","ConceptualMatchingOnly","swastika","doughnut","swastika-doughnut","ConceptualMatch:inanimate","NegativeMismatch"
"1159","5dda993086c886a06ce9108d","control_MaxMatch_Negative_Animate","77","MaxMatch","maggot","leech","maggot-leech","AnimateMatch","NegativeMatch"
"1160","5dda993086c886a06ce9108d","control_MaxMismatch","0","MaxMismatch","tapeworm","bunny","tapeworm-bunny","AnimateMismatch","NegativeMismatch"
"1161","5dda993086c886a06ce9108d","control_MaxMatch_Negative_Inanimate","0","MaxMatch","wiretap","excrement","wiretap-excrement","InanimateMatch","NegativeMatch"
"1162","5dda993086c886a06ce9108d","test_ValenceMatch_Positive","0","ValenceMatchingOnly","sunshine","comedian","sunshine-comedian","InanimateMismatch","PositiveMatch"
"1163","5dda993086c886a06ce9108d","control_MaxMatch_Positive_Animate","0","MaxMatch","kitten","chipmunk","kitten-chipmunk","AnimateMatch","PositiveMatch"
"1164","5dda993086c886a06ce9108d","test_ValenceMatch_Negative","0","ValenceMatchingOnly","corpse","dictator","corpse-dictator","InanimateMismatch","NegativeMatch"
"1165","5dda993086c886a06ce9108d","control_Similar","99","SimilarControl","get","obtain","get-obtain","",""
"1166","5dda993086c886a06ce9108d","control_Dissimilar","0","DissimilarControl","arrive","leave","arrive-leave","",""
"1167","5dda993086c886a06ce9108d","control_MaxMatch_Positive_Inanimate","0","MaxMatch","laughter","dollar","laughter-dollar","InanimateMatch","PositiveMatch"
"1168","5dda993086c886a06ce9108d","control_Similar","99","SimilarControl","end","finish","end-finish","",""
"1169","5dda993086c886a06ce9108d","control_Dissimilar","0","DissimilarControl","add","remove","add-remove","",""
"1170","5dda993086c886a06ce9108d","test_ConceptualMatch_Inanimate","0","ConceptualMatchingOnly","corpse","prize","corpse-prize","ConceptualMatch:inanimate","NegativeMismatch"
"1171","5dda993086c886a06ce9108d","control_MaxMatch_Negative_Animate","0","MaxMatch","widow","dictator","widow-dictator","AnimateMatch","NegativeMatch"
"1172","5dda993086c886a06ce9108d","control_MaxMismatch","0","MaxMismatch","mugger","bunny","mugger-bunny","AnimateMismatch","NegativeMismatch"
"1173","5dda993086c886a06ce9108d","control_MaxMatch_Negative_Inanimate","0","MaxMatch","swastika","corpse","swastika-corpse","InanimateMatch","NegativeMatch"
"1174","5dda993086c886a06ce9108d","test_ValenceMatch_Positive","0","ValenceMatchingOnly","laughter","duckling","laughter-duckling","InanimateMismatch","PositiveMatch"
"1175","5dda993086c886a06ce9108d","control_MaxMatch_Positive_Animate","0","MaxMatch","bunny","child","bunny-child","AnimateMatch","PositiveMatch"
"1176","5dda993086c886a06ce9108d","test_ValenceMatch_Negative","0","ValenceMatchingOnly","excrement","dictator","excrement-dictator","InanimateMismatch","NegativeMatch"
"1177","5dda993086c886a06ce9108d","control_Similar","89","SimilarControl","show","display","show-display","",""
"1178","5dda993086c886a06ce9108d","control_Dissimilar","0","DissimilarControl","rise","fall","rise-fall","",""
"1179","5dda993086c886a06ce9108d","control_MaxMatch_Positive_Inanimate","0","MaxMatch","laughter","sandwich","laughter-sandwich","InanimateMatch","PositiveMatch"
"1180","5dda993086c886a06ce9108d","control_Similar","99","SimilarControl","help","assist","help-assist","",""
"1181","5dda993086c886a06ce9108d","control_Dissimilar","0","DissimilarControl","push","pull","push-pull","",""
"1182","5dda993086c886a06ce9108d","test_ConceptualMatch_Inanimate","0","ConceptualMatchingOnly","flood","sunshine","flood-sunshine","ConceptualMatch:inanimate","NegativeMismatch"
"1183","5dda993086c886a06ce9108d","control_MaxMatch_Negative_Animate","2","MaxMatch","tapeworm","mugger","tapeworm-mugger","AnimateMatch","NegativeMatch"
"1184","5dda993086c886a06ce9108d","control_MaxMismatch","0","MaxMismatch","leech","husband","leech-husband","AnimateMismatch","NegativeMismatch"
"1185","5dda993086c886a06ce9108d","control_MaxMatch_Negative_Inanimate","0","MaxMatch","wiretap","corpse","wiretap-corpse","InanimateMatch","NegativeMatch"
"1186","5dda993086c886a06ce9108d","test_ValenceMatch_Positive","0","ValenceMatchingOnly","pizza","princess","pizza-princess","InanimateMismatch","PositiveMatch"
"1187","5dda993086c886a06ce9108d","control_MaxMatch_Positive_Animate","0","MaxMatch","sibling","bunny","sibling-bunny","AnimateMatch","PositiveMatch"
"1188","5dda993086c886a06ce9108d","test_ValenceMatch_Negative","1","ValenceMatchingOnly","corpse","leech","corpse-leech","InanimateMismatch","NegativeMatch"
"1189","5dda993086c886a06ce9108d","control_Similar","92","SimilarControl","use","employ","use-employ","",""
"1190","5dda993086c886a06ce9108d","control_Dissimilar","0","DissimilarControl","enter","exit","enter-exit","",""
"1191","5dda993086c886a06ce9108d","control_MaxMatch_Positive_Inanimate","0","MaxMatch","pizza","doughnut","pizza-doughnut","InanimateMatch","PositiveMatch"
"1192","5dda993086c886a06ce9108d","control_Similar","84","SimilarControl","need","require","need-require","",""
"1193","5dda993086c886a06ce9108d","control_Dissimilar","0","DissimilarControl","come","go","come-go","",""
"1194","5dda993086c886a06ce9108d","test_ConceptualMatch_Inanimate","0","ConceptualMatchingOnly","cocaine","meadow","cocaine-meadow","ConceptualMatch:inanimate","NegativeMismatch"
"1195","5dda993086c886a06ce9108d","control_MaxMatch_Negative_Animate","0","MaxMatch","inmate","intruder","inmate-intruder","AnimateMatch","NegativeMatch"
"1196","5dda993086c886a06ce9108d","control_MaxMismatch","0","MaxMismatch","dictator","comedian","dictator-comedian","AnimateMismatch","NegativeMismatch"
"1197","5dda993086c886a06ce9108d","control_MaxMatch_Negative_Inanimate","0","MaxMatch","swastika","smallpox","swastika-smallpox","InanimateMatch","NegativeMatch"
"1198","5dda993086c886a06ce9108d","test_ValenceMatch_Positive","0","ValenceMatchingOnly","award","duckling","award-duckling","InanimateMismatch","PositiveMatch"
"1199","5dda993086c886a06ce9108d","control_MaxMatch_Positive_Animate","0","MaxMatch","comedian","child","comedian-child","AnimateMatch","PositiveMatch"
"1200","5dda993086c886a06ce9108d","test_ValenceMatch_Negative","0","ValenceMatchingOnly","heroin","mugger","heroin-mugger","InanimateMismatch","NegativeMatch"
"1201","66a2812744e8026f80ef0879","control_Dissimilar","37","DissimilarControl","enter","exit","enter-exit","",""
"1202","66a2812744e8026f80ef0879","control_Similar","99","SimilarControl","speak","talk","speak-talk","",""
"1203","66a2812744e8026f80ef0879","control_MaxMismatch","18","MaxMismatch","maggot","kitten","maggot-kitten","AnimateMismatch","NegativeMismatch"
"1204","66a2812744e8026f80ef0879","control_MaxMatch_Negative_Animate","45","MaxMatch","tapeworm","mugger","tapeworm-mugger","AnimateMatch","NegativeMatch"
"1205","66a2812744e8026f80ef0879","test_ValenceMatch_Negative","67","ValenceMatchingOnly","flood","intruder","flood-intruder","InanimateMismatch","NegativeMatch"
"1206","66a2812744e8026f80ef0879","control_Dissimilar","47","DissimilarControl","give","take","give-take","",""
"1207","66a2812744e8026f80ef0879","control_MaxMatch_Negative_Inanimate","39","MaxMatch","wiretap","gunshot","wiretap-gunshot","InanimateMatch","NegativeMatch"
"1208","66a2812744e8026f80ef0879","test_ConceptualMatch_Inanimate","0","ConceptualMatchingOnly","wiretap","award","wiretap-award","ConceptualMatch:inanimate","NegativeMismatch"
"1209","66a2812744e8026f80ef0879","control_Similar","99","SimilarControl","buy","purchase","buy-purchase","",""
"1210","66a2812744e8026f80ef0879","control_MaxMatch_Positive_Inanimate","0","MaxMatch","award","doughnut","award-doughnut","InanimateMatch","PositiveMatch"
"1211","66a2812744e8026f80ef0879","test_ValenceMatch_Positive","95","ValenceMatchingOnly","sunshine","princess","sunshine-princess","InanimateMismatch","PositiveMatch"
"1212","66a2812744e8026f80ef0879","control_MaxMatch_Positive_Animate","22","MaxMatch","kitten","husband","kitten-husband","AnimateMatch","PositiveMatch"
"1213","66a2812744e8026f80ef0879","control_Dissimilar","44","DissimilarControl","increase","decrease","increase-decrease","",""
"1214","66a2812744e8026f80ef0879","control_Similar","99","SimilarControl","begin","start","begin-start","",""
"1215","66a2812744e8026f80ef0879","control_MaxMismatch","3","MaxMismatch","maggot","comedian","maggot-comedian","AnimateMismatch","NegativeMismatch"
"1216","66a2812744e8026f80ef0879","control_MaxMatch_Negative_Animate","0","MaxMatch","asshole","widow","asshole-widow","AnimateMatch","NegativeMatch"
"1217","66a2812744e8026f80ef0879","test_ValenceMatch_Negative","85","ValenceMatchingOnly","excrement","asshole","excrement-asshole","InanimateMismatch","NegativeMatch"
"1218","66a2812744e8026f80ef0879","control_Dissimilar","44","DissimilarControl","open","close","open-close","",""
"1219","66a2812744e8026f80ef0879","control_MaxMatch_Negative_Inanimate","1","MaxMatch","excrement","flood","excrement-flood","InanimateMatch","NegativeMatch"
"1220","66a2812744e8026f80ef0879","test_ConceptualMatch_Inanimate","10","ConceptualMatchingOnly","excrement","feast","excrement-feast","ConceptualMatch:inanimate","NegativeMismatch"
"1221","66a2812744e8026f80ef0879","control_Similar","99","SimilarControl","ask","inquire","ask-inquire","",""
"1222","66a2812744e8026f80ef0879","control_MaxMatch_Positive_Inanimate","2","MaxMatch","prize","sunshine","prize-sunshine","InanimateMatch","PositiveMatch"
"1223","66a2812744e8026f80ef0879","test_ValenceMatch_Positive","10","ValenceMatchingOnly","laughter","duckling","laughter-duckling","InanimateMismatch","PositiveMatch"
"1224","66a2812744e8026f80ef0879","control_MaxMatch_Positive_Animate","15","MaxMatch","comedian","princess","comedian-princess","AnimateMatch","PositiveMatch"
"1225","66a2812744e8026f80ef0879","control_Dissimilar","38","DissimilarControl","push","pull","push-pull","",""
"1226","66a2812744e8026f80ef0879","control_Similar","99","SimilarControl","need","require","need-require","",""
"1227","66a2812744e8026f80ef0879","control_MaxMismatch","9","MaxMismatch","slave","kitten","slave-kitten","AnimateMismatch","NegativeMismatch"
"1228","66a2812744e8026f80ef0879","control_MaxMatch_Negative_Animate","0","MaxMatch","widow","intruder","widow-intruder","AnimateMatch","NegativeMatch"
"1229","66a2812744e8026f80ef0879","test_ValenceMatch_Negative","2","ValenceMatchingOnly","excrement","leech","excrement-leech","InanimateMismatch","NegativeMatch"
"1230","66a2812744e8026f80ef0879","control_Dissimilar","41","DissimilarControl","arrive","leave","arrive-leave","",""
"1231","66a2812744e8026f80ef0879","control_MaxMatch_Negative_Inanimate","62","MaxMatch","poison","smallpox","poison-smallpox","InanimateMatch","NegativeMatch"
"1232","66a2812744e8026f80ef0879","test_ConceptualMatch_Inanimate","45","ConceptualMatchingOnly","swastika","sunshine","swastika-sunshine","ConceptualMatch:inanimate","NegativeMismatch"
"1233","66a2812744e8026f80ef0879","control_Similar","99","SimilarControl","help","assist","help-assist","",""
"1234","66a2812744e8026f80ef0879","control_MaxMatch_Positive_Inanimate","72","MaxMatch","pizza","feast","pizza-feast","InanimateMatch","PositiveMatch"
"1235","66a2812744e8026f80ef0879","test_ValenceMatch_Positive","0","ValenceMatchingOnly","doughnut","kitten","doughnut-kitten","InanimateMismatch","PositiveMatch"
"1236","66a2812744e8026f80ef0879","control_MaxMatch_Positive_Animate","67","MaxMatch","bunny","chipmunk","bunny-chipmunk","AnimateMatch","PositiveMatch"
"1237","66a2812744e8026f80ef0879","control_Dissimilar","57","DissimilarControl","come","go","come-go","",""
"1238","66a2812744e8026f80ef0879","control_Similar","99","SimilarControl","get","obtain","get-obtain","",""
"1239","66a2812744e8026f80ef0879","control_MaxMismatch","35","MaxMismatch","slave","husband","slave-husband","AnimateMismatch","NegativeMismatch"
"1240","66a2812744e8026f80ef0879","control_MaxMatch_Negative_Animate","0","MaxMatch","widow","tapeworm","widow-tapeworm","AnimateMatch","NegativeMatch"
"1241","66a2812744e8026f80ef0879","test_ValenceMatch_Negative","0","ValenceMatchingOnly","cocaine","intruder","cocaine-intruder","InanimateMismatch","NegativeMatch"
"1242","66a2812744e8026f80ef0879","control_Dissimilar","40","DissimilarControl","begin","end","begin-end","",""
"1243","66a2812744e8026f80ef0879","control_MaxMatch_Negative_Inanimate","99","MaxMatch","heroin","cocaine","heroin-cocaine","InanimateMatch","NegativeMatch"
"1244","66a2812744e8026f80ef0879","test_ConceptualMatch_Inanimate","0","ConceptualMatchingOnly","swastika","laughter","swastika-laughter","ConceptualMatch:inanimate","NegativeMismatch"
"1245","66a2812744e8026f80ef0879","control_Similar","99","SimilarControl","show","display","show-display","",""
"1246","66a2812744e8026f80ef0879","control_MaxMatch_Positive_Inanimate","0","MaxMatch","laughter","doughnut","laughter-doughnut","InanimateMatch","PositiveMatch"
"1247","66a2812744e8026f80ef0879","test_ValenceMatch_Positive","0","ValenceMatchingOnly","award","husband","award-husband","InanimateMismatch","PositiveMatch"
"1248","66a2812744e8026f80ef0879","control_MaxMatch_Positive_Animate","72","MaxMatch","puppy","chipmunk","puppy-chipmunk","AnimateMatch","PositiveMatch"
"1249","66a2812744e8026f80ef0879","control_Dissimilar","55","DissimilarControl","add","remove","add-remove","",""
"1250","66a2812744e8026f80ef0879","control_Similar","99","SimilarControl","end","finish","end-finish","",""
"1251","66a2812744e8026f80ef0879","control_MaxMismatch","29","MaxMismatch","asshole","sibling","asshole-sibling","AnimateMismatch","NegativeMismatch"
"1252","66a2812744e8026f80ef0879","control_MaxMatch_Negative_Animate","60","MaxMatch","inmate","mugger","inmate-mugger","AnimateMatch","NegativeMatch"
"1253","66a2812744e8026f80ef0879","test_ValenceMatch_Negative","39","ValenceMatchingOnly","cocaine","mugger","cocaine-mugger","InanimateMismatch","NegativeMatch"
"1254","66a2812744e8026f80ef0879","control_Dissimilar","57","DissimilarControl","rise","fall","rise-fall","",""
"1255","66a2812744e8026f80ef0879","control_MaxMatch_Negative_Inanimate","2","MaxMatch","heroin","swastika","heroin-swastika","InanimateMatch","NegativeMatch"
"1256","66a2812744e8026f80ef0879","test_ConceptualMatch_Inanimate","4","ConceptualMatchingOnly","corpse","sunshine","corpse-sunshine","ConceptualMatch:inanimate","NegativeMismatch"
"1257","66a2812744e8026f80ef0879","control_Similar","99","SimilarControl","use","employ","use-employ","",""
"1258","66a2812744e8026f80ef0879","control_MaxMatch_Positive_Inanimate","12","MaxMatch","prize","pizza","prize-pizza","InanimateMatch","PositiveMatch"
"1259","66a2812744e8026f80ef0879","test_ValenceMatch_Positive","42","ValenceMatchingOnly","sunshine","chipmunk","sunshine-chipmunk","InanimateMismatch","PositiveMatch"
"1260","66a2812744e8026f80ef0879","control_MaxMatch_Positive_Animate","86","MaxMatch","puppy","child","puppy-child","AnimateMatch","PositiveMatch"
"1261","63d42387aba51e699ab9ce5c","control_Similar","0","SimilarControl","begin","start","begin-start","",""
"1262","63d42387aba51e699ab9ce5c","control_Dissimilar","0","DissimilarControl","come","go","come-go","",""
"1263","63d42387aba51e699ab9ce5c","control_MaxMatch_Positive_Animate","50","MaxMatch","kitten","child","kitten-child","AnimateMatch","PositiveMatch"
"1264","63d42387aba51e699ab9ce5c","control_Similar","76","SimilarControl","help","assist","help-assist","",""
"1265","63d42387aba51e699ab9ce5c","control_MaxMatch_Negative_Animate","11","MaxMatch","asshole","maggot","asshole-maggot","AnimateMatch","NegativeMatch"
"1266","63d42387aba51e699ab9ce5c","control_MaxMatch_Positive_Inanimate","16","MaxMatch","prize","laughter","prize-laughter","InanimateMatch","PositiveMatch"
"1267","63d42387aba51e699ab9ce5c","test_ConceptualMatch_Inanimate","0","ConceptualMatchingOnly","flood","sandwich","flood-sandwich","ConceptualMatch:inanimate","NegativeMismatch"
"1268","63d42387aba51e699ab9ce5c","control_Dissimilar","0","DissimilarControl","push","pull","push-pull","",""
"1269","63d42387aba51e699ab9ce5c","control_MaxMatch_Negative_Inanimate","21","MaxMatch","excrement","corpse","excrement-corpse","InanimateMatch","NegativeMatch"
"1270","63d42387aba51e699ab9ce5c","test_ValenceMatch_Positive","74","ValenceMatchingOnly","prize","bunny","prize-bunny","InanimateMismatch","PositiveMatch"
"1271","63d42387aba51e699ab9ce5c","test_ValenceMatch_Negative","16","ValenceMatchingOnly","smallpox","slave","smallpox-slave","InanimateMismatch","NegativeMatch"
"1272","63d42387aba51e699ab9ce5c","control_MaxMismatch","10","MaxMismatch","inmate","sibling","inmate-sibling","AnimateMismatch","NegativeMismatch"
"1273","63d42387aba51e699ab9ce5c","control_Similar","0","SimilarControl","end","finish","end-finish","",""
"1274","63d42387aba51e699ab9ce5c","control_Dissimilar","22","DissimilarControl","give","take","give-take","",""
"1275","63d42387aba51e699ab9ce5c","control_MaxMatch_Positive_Animate","14","MaxMatch","duckling","bunny","duckling-bunny","AnimateMatch","PositiveMatch"
"1276","63d42387aba51e699ab9ce5c","control_Similar","76","SimilarControl","get","obtain","get-obtain","",""
"1277","63d42387aba51e699ab9ce5c","control_MaxMatch_Negative_Animate","8","MaxMatch","slave","leech","slave-leech","AnimateMatch","NegativeMatch"
"1278","63d42387aba51e699ab9ce5c","control_MaxMatch_Positive_Inanimate","14","MaxMatch","doughnut","dollar","doughnut-dollar","InanimateMatch","PositiveMatch"
"1279","63d42387aba51e699ab9ce5c","test_ConceptualMatch_Inanimate","0","ConceptualMatchingOnly","excrement","doughnut","excrement-doughnut","ConceptualMatch:inanimate","NegativeMismatch"
"1280","63d42387aba51e699ab9ce5c","control_Dissimilar","0","DissimilarControl","arrive","leave","arrive-leave","",""
"1281","63d42387aba51e699ab9ce5c","control_MaxMatch_Negative_Inanimate","0","MaxMatch","cocaine","gunshot","cocaine-gunshot","InanimateMatch","NegativeMatch"
"1282","63d42387aba51e699ab9ce5c","test_ValenceMatch_Positive","0","ValenceMatchingOnly","doughnut","comedian","doughnut-comedian","InanimateMismatch","PositiveMatch"
"1283","63d42387aba51e699ab9ce5c","test_ValenceMatch_Negative","67","ValenceMatchingOnly","gunshot","inmate","gunshot-inmate","InanimateMismatch","NegativeMatch"
"1284","63d42387aba51e699ab9ce5c","control_MaxMismatch","0","MaxMismatch","leech","bunny","leech-bunny","AnimateMismatch","NegativeMismatch"
"1285","63d42387aba51e699ab9ce5c","control_Similar","77","SimilarControl","need","require","need-require","",""
"1286","63d42387aba51e699ab9ce5c","control_Dissimilar","0","DissimilarControl","open","close","open-close","",""
"1287","63d42387aba51e699ab9ce5c","control_MaxMatch_Positive_Animate","7","MaxMatch","sibling","duckling","sibling-duckling","AnimateMatch","PositiveMatch"
"1288","63d42387aba51e699ab9ce5c","control_Similar","84","SimilarControl","buy","purchase","buy-purchase","",""
"1289","63d42387aba51e699ab9ce5c","control_MaxMatch_Negative_Animate","0","MaxMatch","widow","intruder","widow-intruder","AnimateMatch","NegativeMatch"
"1290","63d42387aba51e699ab9ce5c","control_MaxMatch_Positive_Inanimate","18","MaxMatch","prize","doughnut","prize-doughnut","InanimateMatch","PositiveMatch"
"1291","63d42387aba51e699ab9ce5c","test_ConceptualMatch_Inanimate","0","ConceptualMatchingOnly","swastika","sandwich","swastika-sandwich","ConceptualMatch:inanimate","NegativeMismatch"
"1292","63d42387aba51e699ab9ce5c","control_Dissimilar","5","DissimilarControl","begin","end","begin-end","",""
"1293","63d42387aba51e699ab9ce5c","control_MaxMatch_Negative_Inanimate","2","MaxMatch","heroin","swastika","heroin-swastika","InanimateMatch","NegativeMatch"
"1294","63d42387aba51e699ab9ce5c","test_ValenceMatch_Positive","11","ValenceMatchingOnly","prize","chipmunk","prize-chipmunk","InanimateMismatch","PositiveMatch"
"1295","63d42387aba51e699ab9ce5c","test_ValenceMatch_Negative","0","ValenceMatchingOnly","flood","maggot","flood-maggot","InanimateMismatch","NegativeMatch"
"1296","63d42387aba51e699ab9ce5c","control_MaxMismatch","16","MaxMismatch","leech","chipmunk","leech-chipmunk","AnimateMismatch","NegativeMismatch"
"1297","63d42387aba51e699ab9ce5c","control_Similar","71","SimilarControl","ask","inquire","ask-inquire","",""
"1298","63d42387aba51e699ab9ce5c","control_Dissimilar","14","DissimilarControl","enter","exit","enter-exit","",""
"1299","63d42387aba51e699ab9ce5c","control_MaxMatch_Positive_Animate","16","MaxMatch","duckling","princess","duckling-princess","AnimateMatch","PositiveMatch"
"1300","63d42387aba51e699ab9ce5c","control_Similar","71","SimilarControl","show","display","show-display","",""
"1301","63d42387aba51e699ab9ce5c","control_MaxMatch_Negative_Animate","0","MaxMatch","dictator","mugger","dictator-mugger","AnimateMatch","NegativeMatch"
"1302","63d42387aba51e699ab9ce5c","control_MaxMatch_Positive_Inanimate","71","MaxMatch","award","dollar","award-dollar","InanimateMatch","PositiveMatch"
"1303","63d42387aba51e699ab9ce5c","test_ConceptualMatch_Inanimate","5","ConceptualMatchingOnly","corpse","prize","corpse-prize","ConceptualMatch:inanimate","NegativeMismatch"
"1304","63d42387aba51e699ab9ce5c","control_Dissimilar","2","DissimilarControl","increase","decrease","increase-decrease","",""
"1305","63d42387aba51e699ab9ce5c","control_MaxMatch_Negative_Inanimate","18","MaxMatch","poison","smallpox","poison-smallpox","InanimateMatch","NegativeMatch"
"1306","63d42387aba51e699ab9ce5c","test_ValenceMatch_Positive","0","ValenceMatchingOnly","award","husband","award-husband","InanimateMismatch","PositiveMatch"
"1307","63d42387aba51e699ab9ce5c","test_ValenceMatch_Negative","0","ValenceMatchingOnly","wiretap","widow","wiretap-widow","InanimateMismatch","NegativeMatch"
"1308","63d42387aba51e699ab9ce5c","control_MaxMismatch","15","MaxMismatch","dictator","chipmunk","dictator-chipmunk","AnimateMismatch","NegativeMismatch"
"1309","63d42387aba51e699ab9ce5c","control_Similar","99","SimilarControl","speak","talk","speak-talk","",""
"1310","63d42387aba51e699ab9ce5c","control_Dissimilar","17","DissimilarControl","add","remove","add-remove","",""
"1311","63d42387aba51e699ab9ce5c","control_MaxMatch_Positive_Animate","22","MaxMatch","bunny","princess","bunny-princess","AnimateMatch","PositiveMatch"
"1312","63d42387aba51e699ab9ce5c","control_Similar","4","SimilarControl","use","employ","use-employ","",""
"1313","63d42387aba51e699ab9ce5c","control_MaxMatch_Negative_Animate","66","MaxMatch","maggot","tapeworm","maggot-tapeworm","AnimateMatch","NegativeMatch"
"1314","63d42387aba51e699ab9ce5c","control_MaxMatch_Positive_Inanimate","6","MaxMatch","sunshine","doughnut","sunshine-doughnut","InanimateMatch","PositiveMatch"
"1315","63d42387aba51e699ab9ce5c","test_ConceptualMatch_Inanimate","15","ConceptualMatchingOnly","cocaine","meadow","cocaine-meadow","ConceptualMatch:inanimate","NegativeMismatch"
"1316","63d42387aba51e699ab9ce5c","control_Dissimilar","10","DissimilarControl","rise","fall","rise-fall","",""
"1317","63d42387aba51e699ab9ce5c","control_MaxMatch_Negative_Inanimate","15","MaxMatch","excrement","flood","excrement-flood","InanimateMatch","NegativeMatch"
"1318","63d42387aba51e699ab9ce5c","test_ValenceMatch_Positive","25","ValenceMatchingOnly","laughter","princess","laughter-princess","InanimateMismatch","PositiveMatch"
"1319","63d42387aba51e699ab9ce5c","test_ValenceMatch_Negative","0","ValenceMatchingOnly","cocaine","dictator","cocaine-dictator","InanimateMismatch","NegativeMatch"
"1320","63d42387aba51e699ab9ce5c","control_MaxMismatch","0","MaxMismatch","asshole","kitten","asshole-kitten","AnimateMismatch","NegativeMismatch"
"1321","6510652e8c348ca500c8677c","control_Similar","71","SimilarControl","use","employ","use-employ","",""
"1322","6510652e8c348ca500c8677c","control_Dissimilar","0","DissimilarControl","come","go","come-go","",""
"1323","6510652e8c348ca500c8677c","control_MaxMismatch","0","MaxMismatch","intruder","bunny","intruder-bunny","AnimateMismatch","NegativeMismatch"
"1324","6510652e8c348ca500c8677c","control_MaxMatch_Negative_Inanimate","0","MaxMatch","cocaine","smallpox","cocaine-smallpox","InanimateMatch","NegativeMatch"
"1325","6510652e8c348ca500c8677c","control_Similar","99","SimilarControl","ask","inquire","ask-inquire","",""
"1326","6510652e8c348ca500c8677c","control_MaxMatch_Positive_Animate","0","MaxMatch","comedian","bunny","comedian-bunny","AnimateMatch","PositiveMatch"
"1327","6510652e8c348ca500c8677c","control_MaxMatch_Positive_Inanimate","14","MaxMatch","dollar","sandwich","dollar-sandwich","InanimateMatch","PositiveMatch"
"1328","6510652e8c348ca500c8677c","control_Dissimilar","0","DissimilarControl","rise","fall","rise-fall","",""
"1329","6510652e8c348ca500c8677c","test_ValenceMatch_Negative","0","ValenceMatchingOnly","wiretap","mugger","wiretap-mugger","InanimateMismatch","NegativeMatch"
"1330","6510652e8c348ca500c8677c","test_ConceptualMatch_Inanimate","0","ConceptualMatchingOnly","cocaine","dollar","cocaine-dollar","ConceptualMatch:inanimate","NegativeMismatch"
"1331","6510652e8c348ca500c8677c","control_MaxMatch_Negative_Animate","0","MaxMatch","maggot","mugger","maggot-mugger","AnimateMatch","NegativeMatch"
"1332","6510652e8c348ca500c8677c","test_ValenceMatch_Positive","0","ValenceMatchingOnly","prize","puppy","prize-puppy","InanimateMismatch","PositiveMatch"
"1333","6510652e8c348ca500c8677c","control_Similar","99","SimilarControl","help","assist","help-assist","",""
"1334","6510652e8c348ca500c8677c","control_Dissimilar","0","DissimilarControl","open","close","open-close","",""
"1335","6510652e8c348ca500c8677c","control_MaxMismatch","0","MaxMismatch","intruder","princess","intruder-princess","AnimateMismatch","NegativeMismatch"
"1336","6510652e8c348ca500c8677c","control_MaxMatch_Negative_Inanimate","80","MaxMatch","gunshot","corpse","gunshot-corpse","InanimateMatch","NegativeMatch"
"1337","6510652e8c348ca500c8677c","control_Similar","99","SimilarControl","buy","purchase","buy-purchase","",""
"1338","6510652e8c348ca500c8677c","control_MaxMatch_Positive_Animate","0","MaxMatch","puppy","kitten","puppy-kitten","AnimateMatch","PositiveMatch"
"1339","6510652e8c348ca500c8677c","control_MaxMatch_Positive_Inanimate","0","MaxMatch","laughter","dollar","laughter-dollar","InanimateMatch","PositiveMatch"
"1340","6510652e8c348ca500c8677c","control_Dissimilar","0","DissimilarControl","arrive","leave","arrive-leave","",""
"1341","6510652e8c348ca500c8677c","test_ValenceMatch_Negative","0","ValenceMatchingOnly","poison","slave","poison-slave","InanimateMismatch","NegativeMatch"
"1342","6510652e8c348ca500c8677c","test_ConceptualMatch_Inanimate","0","ConceptualMatchingOnly","poison","meadow","poison-meadow","ConceptualMatch:inanimate","NegativeMismatch"
"1343","6510652e8c348ca500c8677c","control_MaxMatch_Negative_Animate","0","MaxMatch","inmate","tapeworm","inmate-tapeworm","AnimateMatch","NegativeMatch"
"1344","6510652e8c348ca500c8677c","test_ValenceMatch_Positive","0","ValenceMatchingOnly","award","sibling","award-sibling","InanimateMismatch","PositiveMatch"
"1345","6510652e8c348ca500c8677c","control_Similar","99","SimilarControl","get","obtain","get-obtain","",""
"1346","6510652e8c348ca500c8677c","control_Dissimilar","0","DissimilarControl","give","take","give-take","",""
"1347","6510652e8c348ca500c8677c","control_MaxMismatch","0","MaxMismatch","inmate","sibling","inmate-sibling","AnimateMismatch","NegativeMismatch"
"1348","6510652e8c348ca500c8677c","control_MaxMatch_Negative_Inanimate","0","MaxMatch","heroin","corpse","heroin-corpse","InanimateMatch","NegativeMatch"
"1349","6510652e8c348ca500c8677c","control_Similar","0","SimilarControl","begin","start","begin-start","",""
"1350","6510652e8c348ca500c8677c","control_MaxMatch_Positive_Animate","0","MaxMatch","comedian","puppy","comedian-puppy","AnimateMatch","PositiveMatch"
"1351","6510652e8c348ca500c8677c","control_MaxMatch_Positive_Inanimate","0","MaxMatch","prize","laughter","prize-laughter","InanimateMatch","PositiveMatch"
"1352","6510652e8c348ca500c8677c","control_Dissimilar","0","DissimilarControl","begin","end","begin-end","",""
"1353","6510652e8c348ca500c8677c","test_ValenceMatch_Negative","0","ValenceMatchingOnly","heroin","slave","heroin-slave","InanimateMismatch","NegativeMatch"
"1354","6510652e8c348ca500c8677c","test_ConceptualMatch_Inanimate","0","ConceptualMatchingOnly","flood","pizza","flood-pizza","ConceptualMatch:inanimate","NegativeMismatch"
"1355","6510652e8c348ca500c8677c","control_MaxMatch_Negative_Animate","0","MaxMatch","inmate","dictator","inmate-dictator","AnimateMatch","NegativeMatch"
"1356","6510652e8c348ca500c8677c","test_ValenceMatch_Positive","0","ValenceMatchingOnly","meadow","child","meadow-child","InanimateMismatch","PositiveMatch"
"1357","6510652e8c348ca500c8677c","control_Similar","79","SimilarControl","need","require","need-require","",""
"1358","6510652e8c348ca500c8677c","control_Dissimilar","0","DissimilarControl","add","remove","add-remove","",""
"1359","6510652e8c348ca500c8677c","control_MaxMismatch","0","MaxMismatch","tapeworm","child","tapeworm-child","AnimateMismatch","NegativeMismatch"
"1360","6510652e8c348ca500c8677c","control_MaxMatch_Negative_Inanimate","0","MaxMatch","wiretap","gunshot","wiretap-gunshot","InanimateMatch","NegativeMatch"
"1361","6510652e8c348ca500c8677c","control_Similar","99","SimilarControl","end","finish","end-finish","",""
"1362","6510652e8c348ca500c8677c","control_MaxMatch_Positive_Animate","0","MaxMatch","puppy","child","puppy-child","AnimateMatch","PositiveMatch"
"1363","6510652e8c348ca500c8677c","control_MaxMatch_Positive_Inanimate","0","MaxMatch","feast","meadow","feast-meadow","InanimateMatch","PositiveMatch"
"1364","6510652e8c348ca500c8677c","control_Dissimilar","0","DissimilarControl","increase","decrease","increase-decrease","",""
"1365","6510652e8c348ca500c8677c","test_ValenceMatch_Negative","0","ValenceMatchingOnly","poison","dictator","poison-dictator","InanimateMismatch","NegativeMatch"
"1366","6510652e8c348ca500c8677c","test_ConceptualMatch_Inanimate","0","ConceptualMatchingOnly","excrement","feast","excrement-feast","ConceptualMatch:inanimate","NegativeMismatch"
"1367","6510652e8c348ca500c8677c","control_MaxMatch_Negative_Animate","0","MaxMatch","inmate","mugger","inmate-mugger","AnimateMatch","NegativeMatch"
"1368","6510652e8c348ca500c8677c","test_ValenceMatch_Positive","0","ValenceMatchingOnly","doughnut","kitten","doughnut-kitten","InanimateMismatch","PositiveMatch"
"1369","6510652e8c348ca500c8677c","control_Similar","99","SimilarControl","speak","talk","speak-talk","",""
"1370","6510652e8c348ca500c8677c","control_Dissimilar","0","DissimilarControl","enter","exit","enter-exit","",""
"1371","6510652e8c348ca500c8677c","control_MaxMismatch","0","MaxMismatch","dictator","puppy","dictator-puppy","AnimateMismatch","NegativeMismatch"
"1372","6510652e8c348ca500c8677c","control_MaxMatch_Negative_Inanimate","0","MaxMatch","excrement","gunshot","excrement-gunshot","InanimateMatch","NegativeMatch"
"1373","6510652e8c348ca500c8677c","control_Similar","99","SimilarControl","show","display","show-display","",""
"1374","6510652e8c348ca500c8677c","control_MaxMatch_Positive_Animate","0","MaxMatch","bunny","husband","bunny-husband","AnimateMatch","PositiveMatch"
"1375","6510652e8c348ca500c8677c","control_MaxMatch_Positive_Inanimate","0","MaxMatch","award","laughter","award-laughter","InanimateMatch","PositiveMatch"
"1376","6510652e8c348ca500c8677c","control_Dissimilar","0","DissimilarControl","push","pull","push-pull","",""
"1377","6510652e8c348ca500c8677c","test_ValenceMatch_Negative","0","ValenceMatchingOnly","wiretap","slave","wiretap-slave","InanimateMismatch","NegativeMatch"
"1378","6510652e8c348ca500c8677c","test_ConceptualMatch_Inanimate","0","ConceptualMatchingOnly","heroin","meadow","heroin-meadow","ConceptualMatch:inanimate","NegativeMismatch"
"1379","6510652e8c348ca500c8677c","control_MaxMatch_Negative_Animate","0","MaxMatch","slave","asshole","slave-asshole","AnimateMatch","NegativeMatch"
"1380","6510652e8c348ca500c8677c","test_ValenceMatch_Positive","0","ValenceMatchingOnly","prize","duckling","prize-duckling","InanimateMismatch","PositiveMatch"
"1381","5d75c56a52c89d0017df611c","control_Dissimilar","0","DissimilarControl","arrive","leave","arrive-leave","",""
"1382","5d75c56a52c89d0017df611c","control_Similar","99","SimilarControl","help","assist","help-assist","",""
"1383","5d75c56a52c89d0017df611c","test_ValenceMatch_Positive","0","ValenceMatchingOnly","sunshine","puppy","sunshine-puppy","InanimateMismatch","PositiveMatch"
"1384","5d75c56a52c89d0017df611c","test_ValenceMatch_Negative","0","ValenceMatchingOnly","flood","mugger","flood-mugger","InanimateMismatch","NegativeMatch"
"1385","5d75c56a52c89d0017df611c","control_MaxMatch_Negative_Inanimate","0","MaxMatch","smallpox","corpse","smallpox-corpse","InanimateMatch","NegativeMatch"
"1386","5d75c56a52c89d0017df611c","test_ConceptualMatch_Inanimate","0","ConceptualMatchingOnly","heroin","sandwich","heroin-sandwich","ConceptualMatch:inanimate","NegativeMismatch"
"1387","5d75c56a52c89d0017df611c","control_Dissimilar","0","DissimilarControl","increase","decrease","increase-decrease","",""
"1388","5d75c56a52c89d0017df611c","control_MaxMatch_Positive_Animate","0","MaxMatch","sibling","princess","sibling-princess","AnimateMatch","PositiveMatch"
"1389","5d75c56a52c89d0017df611c","control_MaxMatch_Negative_Animate","0","MaxMatch","asshole","leech","asshole-leech","AnimateMatch","NegativeMatch"
"1390","5d75c56a52c89d0017df611c","control_Similar","99","SimilarControl","get","obtain","get-obtain","",""
"1391","5d75c56a52c89d0017df611c","control_MaxMatch_Positive_Inanimate","0","MaxMatch","award","doughnut","award-doughnut","InanimateMatch","PositiveMatch"
"1392","5d75c56a52c89d0017df611c","control_MaxMismatch","0","MaxMismatch","tapeworm","child","tapeworm-child","AnimateMismatch","NegativeMismatch"
"1393","5d75c56a52c89d0017df611c","control_Dissimilar","0","DissimilarControl","come","go","come-go","",""
"1394","5d75c56a52c89d0017df611c","control_Similar","99","SimilarControl","ask","inquire","ask-inquire","",""
"1395","5d75c56a52c89d0017df611c","test_ValenceMatch_Positive","0","ValenceMatchingOnly","laughter","puppy","laughter-puppy","InanimateMismatch","PositiveMatch"
"1396","5d75c56a52c89d0017df611c","test_ValenceMatch_Negative","0","ValenceMatchingOnly","corpse","asshole","corpse-asshole","InanimateMismatch","NegativeMatch"
"1397","5d75c56a52c89d0017df611c","control_MaxMatch_Negative_Inanimate","0","MaxMatch","excrement","corpse","excrement-corpse","InanimateMatch","NegativeMatch"
"1398","5d75c56a52c89d0017df611c","test_ConceptualMatch_Inanimate","0","ConceptualMatchingOnly","poison","sandwich","poison-sandwich","ConceptualMatch:inanimate","NegativeMismatch"
"1399","5d75c56a52c89d0017df611c","control_Dissimilar","0","DissimilarControl","rise","fall","rise-fall","",""
"1400","5d75c56a52c89d0017df611c","control_MaxMatch_Positive_Animate","28","MaxMatch","puppy","bunny","puppy-bunny","AnimateMatch","PositiveMatch"
"1401","5d75c56a52c89d0017df611c","control_MaxMatch_Negative_Animate","0","MaxMatch","slave","asshole","slave-asshole","AnimateMatch","NegativeMatch"
"1402","5d75c56a52c89d0017df611c","control_Similar","99","SimilarControl","show","display","show-display","",""
"1403","5d75c56a52c89d0017df611c","control_MaxMatch_Positive_Inanimate","0","MaxMatch","sunshine","sandwich","sunshine-sandwich","InanimateMatch","PositiveMatch"
"1404","5d75c56a52c89d0017df611c","control_MaxMismatch","0","MaxMismatch","inmate","husband","inmate-husband","AnimateMismatch","NegativeMismatch"
"1405","5d75c56a52c89d0017df611c","control_Dissimilar","0","DissimilarControl","open","close","open-close","",""
"1406","5d75c56a52c89d0017df611c","control_Similar","99","SimilarControl","need","require","need-require","",""
"1407","5d75c56a52c89d0017df611c","test_ValenceMatch_Positive","0","ValenceMatchingOnly","laughter","duckling","laughter-duckling","InanimateMismatch","PositiveMatch"
"1408","5d75c56a52c89d0017df611c","test_ValenceMatch_Negative","0","ValenceMatchingOnly","heroin","widow","heroin-widow","InanimateMismatch","NegativeMatch"
"1409","5d75c56a52c89d0017df611c","control_MaxMatch_Negative_Inanimate","0","MaxMatch","swastika","excrement","swastika-excrement","InanimateMatch","NegativeMatch"
"1410","5d75c56a52c89d0017df611c","test_ConceptualMatch_Inanimate","0","ConceptualMatchingOnly","cocaine","prize","cocaine-prize","ConceptualMatch:inanimate","NegativeMismatch"
"1411","5d75c56a52c89d0017df611c","control_Dissimilar","0","DissimilarControl","give","take","give-take","",""
"1412","5d75c56a52c89d0017df611c","control_MaxMatch_Positive_Animate","0","MaxMatch","comedian","duckling","comedian-duckling","AnimateMatch","PositiveMatch"
"1413","5d75c56a52c89d0017df611c","control_MaxMatch_Negative_Animate","0","MaxMatch","maggot","inmate","maggot-inmate","AnimateMatch","NegativeMatch"
"1414","5d75c56a52c89d0017df611c","control_Similar","99","SimilarControl","buy","purchase","buy-purchase","",""
"1415","5d75c56a52c89d0017df611c","control_MaxMatch_Positive_Inanimate","23","MaxMatch","feast","sandwich","feast-sandwich","InanimateMatch","PositiveMatch"
"1416","5d75c56a52c89d0017df611c","control_MaxMismatch","0","MaxMismatch","maggot","comedian","maggot-comedian","AnimateMismatch","NegativeMismatch"
"1417","5d75c56a52c89d0017df611c","control_Dissimilar","0","DissimilarControl","enter","exit","enter-exit","",""
"1418","5d75c56a52c89d0017df611c","control_Similar","99","SimilarControl","begin","start","begin-start","",""
"1419","5d75c56a52c89d0017df611c","test_ValenceMatch_Positive","0","ValenceMatchingOnly","award","puppy","award-puppy","InanimateMismatch","PositiveMatch"
"1420","5d75c56a52c89d0017df611c","test_ValenceMatch_Negative","0","ValenceMatchingOnly","swastika","leech","swastika-leech","InanimateMismatch","NegativeMatch"
"1421","5d75c56a52c89d0017df611c","control_MaxMatch_Negative_Inanimate","0","MaxMatch","gunshot","flood","gunshot-flood","InanimateMatch","NegativeMatch"
"1422","5d75c56a52c89d0017df611c","test_ConceptualMatch_Inanimate","0","ConceptualMatchingOnly","excrement","pizza","excrement-pizza","ConceptualMatch:inanimate","NegativeMismatch"
"1423","5d75c56a52c89d0017df611c","control_Dissimilar","0","DissimilarControl","add","remove","add-remove","",""
"1424","5d75c56a52c89d0017df611c","control_MaxMatch_Positive_Animate","26","MaxMatch","kitten","bunny","kitten-bunny","AnimateMatch","PositiveMatch"
"1425","5d75c56a52c89d0017df611c","control_MaxMatch_Negative_Animate","0","MaxMatch","inmate","mugger","inmate-mugger","AnimateMatch","NegativeMatch"
"1426","5d75c56a52c89d0017df611c","control_Similar","99","SimilarControl","end","finish","end-finish","",""
"1427","5d75c56a52c89d0017df611c","control_MaxMatch_Positive_Inanimate","0","MaxMatch","sunshine","pizza","sunshine-pizza","InanimateMatch","PositiveMatch"
"1428","5d75c56a52c89d0017df611c","control_MaxMismatch","0","MaxMismatch","inmate","child","inmate-child","AnimateMismatch","NegativeMismatch"
"1429","5d75c56a52c89d0017df611c","control_Dissimilar","0","DissimilarControl","begin","end","begin-end","",""
"1430","5d75c56a52c89d0017df611c","control_Similar","99","SimilarControl","speak","talk","speak-talk","",""
"1431","5d75c56a52c89d0017df611c","test_ValenceMatch_Positive","0","ValenceMatchingOnly","doughnut","princess","doughnut-princess","InanimateMismatch","PositiveMatch"
"1432","5d75c56a52c89d0017df611c","test_ValenceMatch_Negative","0","ValenceMatchingOnly","gunshot","asshole","gunshot-asshole","InanimateMismatch","NegativeMatch"
"1433","5d75c56a52c89d0017df611c","control_MaxMatch_Negative_Inanimate","0","MaxMatch","cocaine","excrement","cocaine-excrement","InanimateMatch","NegativeMatch"
"1434","5d75c56a52c89d0017df611c","test_ConceptualMatch_Inanimate","0","ConceptualMatchingOnly","gunshot","meadow","gunshot-meadow","ConceptualMatch:inanimate","NegativeMismatch"
"1435","5d75c56a52c89d0017df611c","control_Dissimilar","0","DissimilarControl","push","pull","push-pull","",""
"1436","5d75c56a52c89d0017df611c","control_MaxMatch_Positive_Animate","0","MaxMatch","princess","chipmunk","princess-chipmunk","AnimateMatch","PositiveMatch"
"1437","5d75c56a52c89d0017df611c","control_MaxMatch_Negative_Animate","21","MaxMatch","intruder","mugger","intruder-mugger","AnimateMatch","NegativeMatch"
"1438","5d75c56a52c89d0017df611c","control_Similar","78","SimilarControl","use","employ","use-employ","",""
"1439","5d75c56a52c89d0017df611c","control_MaxMatch_Positive_Inanimate","27","MaxMatch","pizza","sandwich","pizza-sandwich","InanimateMatch","PositiveMatch"
"1440","5d75c56a52c89d0017df611c","control_MaxMismatch","0","MaxMismatch","inmate","sibling","inmate-sibling","AnimateMismatch","NegativeMismatch"
"1441","6650908bd5781d5f55bcfb32","control_Dissimilar","38","DissimilarControl","push","pull","push-pull","",""
"1442","6650908bd5781d5f55bcfb32","control_Similar","99","SimilarControl","show","display","show-display","",""
"1443","6650908bd5781d5f55bcfb32","control_MaxMatch_Positive_Inanimate","1","MaxMatch","award","feast","award-feast","InanimateMatch","PositiveMatch"
"1444","6650908bd5781d5f55bcfb32","control_MaxMatch_Negative_Inanimate","17","MaxMatch","excrement","corpse","excrement-corpse","InanimateMatch","NegativeMatch"
"1445","6650908bd5781d5f55bcfb32","control_MaxMismatch","0","MaxMismatch","leech","child","leech-child","AnimateMismatch","NegativeMismatch"
"1446","6650908bd5781d5f55bcfb32","control_MaxMatch_Negative_Animate","61","MaxMatch","leech","tapeworm","leech-tapeworm","AnimateMatch","NegativeMatch"
"1447","6650908bd5781d5f55bcfb32","test_ValenceMatch_Positive","0","ValenceMatchingOnly","laughter","princess","laughter-princess","InanimateMismatch","PositiveMatch"
"1448","6650908bd5781d5f55bcfb32","test_ValenceMatch_Negative","0","ValenceMatchingOnly","cocaine","tapeworm","cocaine-tapeworm","InanimateMismatch","NegativeMatch"
"1449","6650908bd5781d5f55bcfb32","control_Dissimilar","57","DissimilarControl","open","close","open-close","",""
"1450","6650908bd5781d5f55bcfb32","control_MaxMatch_Positive_Animate","0","MaxMatch","princess","chipmunk","princess-chipmunk","AnimateMatch","PositiveMatch"
"1451","6650908bd5781d5f55bcfb32","test_ConceptualMatch_Inanimate","0","ConceptualMatchingOnly","flood","dollar","flood-dollar","ConceptualMatch:inanimate","NegativeMismatch"
"1452","6650908bd5781d5f55bcfb32","control_Similar","99","SimilarControl","get","obtain","get-obtain","",""
"1453","6650908bd5781d5f55bcfb32","control_Dissimilar","61","DissimilarControl","arrive","leave","arrive-leave","",""
"1454","6650908bd5781d5f55bcfb32","control_Similar","99","SimilarControl","help","assist","help-assist","",""
"1455","6650908bd5781d5f55bcfb32","control_MaxMatch_Positive_Inanimate","16","MaxMatch","award","pizza","award-pizza","InanimateMatch","PositiveMatch"
"1456","6650908bd5781d5f55bcfb32","control_MaxMatch_Negative_Inanimate","0","MaxMatch","swastika","flood","swastika-flood","InanimateMatch","NegativeMatch"
"1457","6650908bd5781d5f55bcfb32","control_MaxMismatch","0","MaxMismatch","widow","comedian","widow-comedian","AnimateMismatch","NegativeMismatch"
"1458","6650908bd5781d5f55bcfb32","control_MaxMatch_Negative_Animate","0","MaxMatch","inmate","leech","inmate-leech","AnimateMatch","NegativeMatch"
"1459","6650908bd5781d5f55bcfb32","test_ValenceMatch_Positive","0","ValenceMatchingOnly","doughnut","kitten","doughnut-kitten","InanimateMismatch","PositiveMatch"
"1460","6650908bd5781d5f55bcfb32","test_ValenceMatch_Negative","0","ValenceMatchingOnly","cocaine","intruder","cocaine-intruder","InanimateMismatch","NegativeMatch"
"1461","6650908bd5781d5f55bcfb32","control_Dissimilar","63","DissimilarControl","come","go","come-go","",""
"1462","6650908bd5781d5f55bcfb32","control_MaxMatch_Positive_Animate","0","MaxMatch","child","chipmunk","child-chipmunk","AnimateMatch","PositiveMatch"
"1463","6650908bd5781d5f55bcfb32","test_ConceptualMatch_Inanimate","0","ConceptualMatchingOnly","heroin","award","heroin-award","ConceptualMatch:inanimate","NegativeMismatch"
"1464","6650908bd5781d5f55bcfb32","control_Similar","95","SimilarControl","ask","inquire","ask-inquire","",""
"1465","6650908bd5781d5f55bcfb32","control_Dissimilar","58","DissimilarControl","increase","decrease","increase-decrease","",""
"1466","6650908bd5781d5f55bcfb32","control_Similar","99","SimilarControl","speak","talk","speak-talk","",""
"1467","6650908bd5781d5f55bcfb32","control_MaxMatch_Positive_Inanimate","99","MaxMatch","prize","award","prize-award","InanimateMatch","PositiveMatch"
"1468","6650908bd5781d5f55bcfb32","control_MaxMatch_Negative_Inanimate","0","MaxMatch","swastika","cocaine","swastika-cocaine","InanimateMatch","NegativeMatch"
"1469","6650908bd5781d5f55bcfb32","control_MaxMismatch","0","MaxMismatch","inmate","puppy","inmate-puppy","AnimateMismatch","NegativeMismatch"
"1470","6650908bd5781d5f55bcfb32","control_MaxMatch_Negative_Animate","0","MaxMatch","maggot","widow","maggot-widow","AnimateMatch","NegativeMatch"
"1471","6650908bd5781d5f55bcfb32","test_ValenceMatch_Positive","0","ValenceMatchingOnly","award","comedian","award-comedian","InanimateMismatch","PositiveMatch"
"1472","6650908bd5781d5f55bcfb32","test_ValenceMatch_Negative","40","ValenceMatchingOnly","cocaine","inmate","cocaine-inmate","InanimateMismatch","NegativeMatch"
"1473","6650908bd5781d5f55bcfb32","control_Dissimilar","58","DissimilarControl","enter","exit","enter-exit","",""
"1474","6650908bd5781d5f55bcfb32","control_MaxMatch_Positive_Animate","0","MaxMatch","puppy","duckling","puppy-duckling","AnimateMatch","PositiveMatch"
"1475","6650908bd5781d5f55bcfb32","test_ConceptualMatch_Inanimate","0","ConceptualMatchingOnly","heroin","feast","heroin-feast","ConceptualMatch:inanimate","NegativeMismatch"
"1476","6650908bd5781d5f55bcfb32","control_Similar","99","SimilarControl","buy","purchase","buy-purchase","",""
"1477","6650908bd5781d5f55bcfb32","control_Dissimilar","66","DissimilarControl","add","remove","add-remove","",""
"1478","6650908bd5781d5f55bcfb32","control_Similar","60","SimilarControl","begin","start","begin-start","",""
"1479","6650908bd5781d5f55bcfb32","control_MaxMatch_Positive_Inanimate","0","MaxMatch","laughter","meadow","laughter-meadow","InanimateMatch","PositiveMatch"
"1480","6650908bd5781d5f55bcfb32","control_MaxMatch_Negative_Inanimate","0","MaxMatch","wiretap","smallpox","wiretap-smallpox","InanimateMatch","NegativeMatch"
"1481","6650908bd5781d5f55bcfb32","control_MaxMismatch","0","MaxMismatch","widow","chipmunk","widow-chipmunk","AnimateMismatch","NegativeMismatch"
"1482","6650908bd5781d5f55bcfb32","control_MaxMatch_Negative_Animate","0","MaxMatch","maggot","mugger","maggot-mugger","AnimateMatch","NegativeMatch"
"1483","6650908bd5781d5f55bcfb32","test_ValenceMatch_Positive","0","ValenceMatchingOnly","award","chipmunk","award-chipmunk","InanimateMismatch","PositiveMatch"
"1484","6650908bd5781d5f55bcfb32","test_ValenceMatch_Negative","40","ValenceMatchingOnly","cocaine","leech","cocaine-leech","InanimateMismatch","NegativeMatch"
"1485","6650908bd5781d5f55bcfb32","control_Dissimilar","72","DissimilarControl","rise","fall","rise-fall","",""
"1486","6650908bd5781d5f55bcfb32","control_MaxMatch_Positive_Animate","49","MaxMatch","puppy","kitten","puppy-kitten","AnimateMatch","PositiveMatch"
"1487","6650908bd5781d5f55bcfb32","test_ConceptualMatch_Inanimate","0","ConceptualMatchingOnly","excrement","pizza","excrement-pizza","ConceptualMatch:inanimate","NegativeMismatch"
"1488","6650908bd5781d5f55bcfb32","control_Similar","57","SimilarControl","end","finish","end-finish","",""
"1489","6650908bd5781d5f55bcfb32","control_Dissimilar","60","DissimilarControl","begin","end","begin-end","",""
"1490","6650908bd5781d5f55bcfb32","control_Similar","0","SimilarControl","use","employ","use-employ","",""
"1491","6650908bd5781d5f55bcfb32","control_MaxMatch_Positive_Inanimate","16","MaxMatch","pizza","dollar","pizza-dollar","InanimateMatch","PositiveMatch"
"1492","6650908bd5781d5f55bcfb32","control_MaxMatch_Negative_Inanimate","19","MaxMatch","wiretap","gunshot","wiretap-gunshot","InanimateMatch","NegativeMatch"
"1493","6650908bd5781d5f55bcfb32","control_MaxMismatch","10","MaxMismatch","asshole","comedian","asshole-comedian","AnimateMismatch","NegativeMismatch"
"1494","6650908bd5781d5f55bcfb32","control_MaxMatch_Negative_Animate","23","MaxMatch","slave","inmate","slave-inmate","AnimateMatch","NegativeMatch"
"1495","6650908bd5781d5f55bcfb32","test_ValenceMatch_Positive","73","ValenceMatchingOnly","laughter","child","laughter-child","InanimateMismatch","PositiveMatch"
"1496","6650908bd5781d5f55bcfb32","test_ValenceMatch_Negative","0","ValenceMatchingOnly","wiretap","leech","wiretap-leech","InanimateMismatch","NegativeMatch"
"1497","6650908bd5781d5f55bcfb32","control_Dissimilar","58","DissimilarControl","give","take","give-take","",""
"1498","6650908bd5781d5f55bcfb32","control_MaxMatch_Positive_Animate","5","MaxMatch","comedian","sibling","comedian-sibling","AnimateMatch","PositiveMatch"
"1499","6650908bd5781d5f55bcfb32","test_ConceptualMatch_Inanimate","0","ConceptualMatchingOnly","poison","feast","poison-feast","ConceptualMatch:inanimate","NegativeMismatch"
"1500","6650908bd5781d5f55bcfb32","control_Similar","99","SimilarControl","need","require","need-require","",""
"1501","6712b53345c966536d238e89","control_Dissimilar","0","DissimilarControl","arrive","leave","arrive-leave","",""
"1502","6712b53345c966536d238e89","control_Similar","99","SimilarControl","get","obtain","get-obtain","",""
"1503","6712b53345c966536d238e89","control_MaxMatch_Positive_Animate","0","MaxMatch","comedian","chipmunk","comedian-chipmunk","AnimateMatch","PositiveMatch"
"1504","6712b53345c966536d238e89","control_Dissimilar","0","DissimilarControl","add","remove","add-remove","",""
"1505","6712b53345c966536d238e89","test_ValenceMatch_Positive","0","ValenceMatchingOnly","sunshine","sibling","sunshine-sibling","InanimateMismatch","PositiveMatch"
"1506","6712b53345c966536d238e89","control_MaxMatch_Negative_Animate","0","MaxMatch","widow","mugger","widow-mugger","AnimateMatch","NegativeMatch"
"1507","6712b53345c966536d238e89","control_MaxMatch_Negative_Inanimate","0","MaxMatch","cocaine","smallpox","cocaine-smallpox","InanimateMatch","NegativeMatch"
"1508","6712b53345c966536d238e89","test_ConceptualMatch_Inanimate","0","ConceptualMatchingOnly","poison","sandwich","poison-sandwich","ConceptualMatch:inanimate","NegativeMismatch"
"1509","6712b53345c966536d238e89","control_MaxMatch_Positive_Inanimate","0","MaxMatch","doughnut","sandwich","doughnut-sandwich","InanimateMatch","PositiveMatch"
"1510","6712b53345c966536d238e89","test_ValenceMatch_Negative","0","ValenceMatchingOnly","cocaine","maggot","cocaine-maggot","InanimateMismatch","NegativeMatch"
"1511","6712b53345c966536d238e89","control_MaxMismatch","0","MaxMismatch","mugger","duckling","mugger-duckling","AnimateMismatch","NegativeMismatch"
"1512","6712b53345c966536d238e89","control_Similar","99","SimilarControl","ask","inquire","ask-inquire","",""
"1513","6712b53345c966536d238e89","control_Dissimilar","0","DissimilarControl","push","pull","push-pull","",""
"1514","6712b53345c966536d238e89","control_Similar","99","SimilarControl","begin","start","begin-start","",""
"1515","6712b53345c966536d238e89","control_MaxMatch_Positive_Animate","0","MaxMatch","duckling","princess","duckling-princess","AnimateMatch","PositiveMatch"
"1516","6712b53345c966536d238e89","control_Dissimilar","0","DissimilarControl","rise","fall","rise-fall","",""
"1517","6712b53345c966536d238e89","test_ValenceMatch_Positive","0","ValenceMatchingOnly","dollar","kitten","dollar-kitten","InanimateMismatch","PositiveMatch"
"1518","6712b53345c966536d238e89","control_MaxMatch_Negative_Animate","99","MaxMatch","asshole","mugger","asshole-mugger","AnimateMatch","NegativeMatch"
"1519","6712b53345c966536d238e89","control_MaxMatch_Negative_Inanimate","0","MaxMatch","cocaine","gunshot","cocaine-gunshot","InanimateMatch","NegativeMatch"
"1520","6712b53345c966536d238e89","test_ConceptualMatch_Inanimate","0","ConceptualMatchingOnly","poison","dollar","poison-dollar","ConceptualMatch:inanimate","NegativeMismatch"
"1521","6712b53345c966536d238e89","control_MaxMatch_Positive_Inanimate","99","MaxMatch","prize","award","prize-award","InanimateMatch","PositiveMatch"
"1522","6712b53345c966536d238e89","test_ValenceMatch_Negative","0","ValenceMatchingOnly","gunshot","inmate","gunshot-inmate","InanimateMismatch","NegativeMatch"
"1523","6712b53345c966536d238e89","control_MaxMismatch","0","MaxMismatch","leech","sibling","leech-sibling","AnimateMismatch","NegativeMismatch"
"1524","6712b53345c966536d238e89","control_Similar","99","SimilarControl","show","display","show-display","",""
"1525","6712b53345c966536d238e89","control_Dissimilar","0","DissimilarControl","enter","exit","enter-exit","",""
"1526","6712b53345c966536d238e89","control_Similar","99","SimilarControl","speak","talk","speak-talk","",""
"1527","6712b53345c966536d238e89","control_MaxMatch_Positive_Animate","0","MaxMatch","sibling","chipmunk","sibling-chipmunk","AnimateMatch","PositiveMatch"
"1528","6712b53345c966536d238e89","control_Dissimilar","0","DissimilarControl","begin","end","begin-end","",""
"1529","6712b53345c966536d238e89","test_ValenceMatch_Positive","0","ValenceMatchingOnly","feast","husband","feast-husband","InanimateMismatch","PositiveMatch"
"1530","6712b53345c966536d238e89","control_MaxMatch_Negative_Animate","0","MaxMatch","asshole","leech","asshole-leech","AnimateMatch","NegativeMatch"
"1531","6712b53345c966536d238e89","control_MaxMatch_Negative_Inanimate","0","MaxMatch","swastika","wiretap","swastika-wiretap","InanimateMatch","NegativeMatch"
"1532","6712b53345c966536d238e89","test_ConceptualMatch_Inanimate","0","ConceptualMatchingOnly","flood","sunshine","flood-sunshine","ConceptualMatch:inanimate","NegativeMismatch"
"1533","6712b53345c966536d238e89","control_MaxMatch_Positive_Inanimate","0","MaxMatch","prize","feast","prize-feast","InanimateMatch","PositiveMatch"
"1534","6712b53345c966536d238e89","test_ValenceMatch_Negative","0","ValenceMatchingOnly","smallpox","inmate","smallpox-inmate","InanimateMismatch","NegativeMatch"
"1535","6712b53345c966536d238e89","control_MaxMismatch","0","MaxMismatch","maggot","chipmunk","maggot-chipmunk","AnimateMismatch","NegativeMismatch"
"1536","6712b53345c966536d238e89","control_Similar","99","SimilarControl","end","finish","end-finish","",""
"1537","6712b53345c966536d238e89","control_Dissimilar","0","DissimilarControl","increase","decrease","increase-decrease","",""
"1538","6712b53345c966536d238e89","control_Similar","99","SimilarControl","use","employ","use-employ","",""
"1539","6712b53345c966536d238e89","control_MaxMatch_Positive_Animate","0","MaxMatch","comedian","child","comedian-child","AnimateMatch","PositiveMatch"
"1540","6712b53345c966536d238e89","control_Dissimilar","0","DissimilarControl","come","go","come-go","",""
"1541","6712b53345c966536d238e89","test_ValenceMatch_Positive","0","ValenceMatchingOnly","pizza","sibling","pizza-sibling","InanimateMismatch","PositiveMatch"
"1542","6712b53345c966536d238e89","control_MaxMatch_Negative_Animate","0","MaxMatch","tapeworm","intruder","tapeworm-intruder","AnimateMatch","NegativeMatch"
"1543","6712b53345c966536d238e89","control_MaxMatch_Negative_Inanimate","0","MaxMatch","swastika","corpse","swastika-corpse","InanimateMatch","NegativeMatch"
"1544","6712b53345c966536d238e89","test_ConceptualMatch_Inanimate","0","ConceptualMatchingOnly","smallpox","sandwich","smallpox-sandwich","ConceptualMatch:inanimate","NegativeMismatch"
"1545","6712b53345c966536d238e89","control_MaxMatch_Positive_Inanimate","0","MaxMatch","feast","dollar","feast-dollar","InanimateMatch","PositiveMatch"
"1546","6712b53345c966536d238e89","test_ValenceMatch_Negative","0","ValenceMatchingOnly","smallpox","maggot","smallpox-maggot","InanimateMismatch","NegativeMatch"
"1547","6712b53345c966536d238e89","control_MaxMismatch","0","MaxMismatch","maggot","duckling","maggot-duckling","AnimateMismatch","NegativeMismatch"
"1548","6712b53345c966536d238e89","control_Similar","99","SimilarControl","help","assist","help-assist","",""
"1549","6712b53345c966536d238e89","control_Dissimilar","0","DissimilarControl","open","close","open-close","",""
"1550","6712b53345c966536d238e89","control_Similar","99","SimilarControl","need","require","need-require","",""
"1551","6712b53345c966536d238e89","control_MaxMatch_Positive_Animate","0","MaxMatch","bunny","princess","bunny-princess","AnimateMatch","PositiveMatch"
"1552","6712b53345c966536d238e89","control_Dissimilar","0","DissimilarControl","give","take","give-take","",""
"1553","6712b53345c966536d238e89","test_ValenceMatch_Positive","0","ValenceMatchingOnly","pizza","child","pizza-child","InanimateMismatch","PositiveMatch"
"1554","6712b53345c966536d238e89","control_MaxMatch_Negative_Animate","99","MaxMatch","asshole","dictator","asshole-dictator","AnimateMatch","NegativeMatch"
"1555","6712b53345c966536d238e89","control_MaxMatch_Negative_Inanimate","0","MaxMatch","cocaine","corpse","cocaine-corpse","InanimateMatch","NegativeMatch"
"1556","6712b53345c966536d238e89","test_ConceptualMatch_Inanimate","0","ConceptualMatchingOnly","poison","prize","poison-prize","ConceptualMatch:inanimate","NegativeMismatch"
"1557","6712b53345c966536d238e89","control_MaxMatch_Positive_Inanimate","0","MaxMatch","prize","sunshine","prize-sunshine","InanimateMatch","PositiveMatch"
"1558","6712b53345c966536d238e89","test_ValenceMatch_Negative","0","ValenceMatchingOnly","excrement","tapeworm","excrement-tapeworm","InanimateMismatch","NegativeMatch"
"1559","6712b53345c966536d238e89","control_MaxMismatch","0","MaxMismatch","asshole","kitten","asshole-kitten","AnimateMismatch","NegativeMismatch"
"1560","6712b53345c966536d238e89","control_Similar","99","SimilarControl","buy","purchase","buy-purchase","",""
"1561","628f7e982aad1788d940317a","control_Similar","99","SimilarControl","use","employ","use-employ","",""
"1562","628f7e982aad1788d940317a","control_Dissimilar","0","DissimilarControl","open","close","open-close","",""
"1563","628f7e982aad1788d940317a","control_Similar","99","SimilarControl","end","finish","end-finish","",""
"1564","628f7e982aad1788d940317a","control_MaxMatch_Negative_Animate","21","MaxMatch","dictator","intruder","dictator-intruder","AnimateMatch","NegativeMatch"
"1565","628f7e982aad1788d940317a","control_MaxMismatch","0","MaxMismatch","mugger","princess","mugger-princess","AnimateMismatch","NegativeMismatch"
"1566","628f7e982aad1788d940317a","control_MaxMatch_Negative_Inanimate","69","MaxMatch","cocaine","poison","cocaine-poison","InanimateMatch","NegativeMatch"
"1567","628f7e982aad1788d940317a","control_Dissimilar","0","DissimilarControl","push","pull","push-pull","",""
"1568","628f7e982aad1788d940317a","test_ValenceMatch_Negative","71","ValenceMatchingOnly","flood","intruder","flood-intruder","InanimateMismatch","NegativeMatch"
"1569","628f7e982aad1788d940317a","control_MaxMatch_Positive_Animate","0","MaxMatch","bunny","princess","bunny-princess","AnimateMatch","PositiveMatch"
"1570","628f7e982aad1788d940317a","control_MaxMatch_Positive_Inanimate","0","MaxMatch","doughnut","dollar","doughnut-dollar","InanimateMatch","PositiveMatch"
"1571","628f7e982aad1788d940317a","test_ValenceMatch_Positive","9","ValenceMatchingOnly","dollar","chipmunk","dollar-chipmunk","InanimateMismatch","PositiveMatch"
"1572","628f7e982aad1788d940317a","test_ConceptualMatch_Inanimate","15","ConceptualMatchingOnly","flood","feast","flood-feast","ConceptualMatch:inanimate","NegativeMismatch"
"1573","628f7e982aad1788d940317a","control_Similar","99","SimilarControl","buy","purchase","buy-purchase","",""
"1574","628f7e982aad1788d940317a","control_Dissimilar","0","DissimilarControl","come","go","come-go","",""
"1575","628f7e982aad1788d940317a","control_Similar","99","SimilarControl","help","assist","help-assist","",""
"1576","628f7e982aad1788d940317a","control_MaxMatch_Negative_Animate","27","MaxMatch","slave","mugger","slave-mugger","AnimateMatch","NegativeMatch"
"1577","628f7e982aad1788d940317a","control_MaxMismatch","15","MaxMismatch","dictator","duckling","dictator-duckling","AnimateMismatch","NegativeMismatch"
"1578","628f7e982aad1788d940317a","control_MaxMatch_Negative_Inanimate","17","MaxMatch","swastika","smallpox","swastika-smallpox","InanimateMatch","NegativeMatch"
"1579","628f7e982aad1788d940317a","control_Dissimilar","0","DissimilarControl","enter","exit","enter-exit","",""
"1580","628f7e982aad1788d940317a","test_ValenceMatch_Negative","18","ValenceMatchingOnly","flood","asshole","flood-asshole","InanimateMismatch","NegativeMatch"
"1581","628f7e982aad1788d940317a","control_MaxMatch_Positive_Animate","66","MaxMatch","puppy","child","puppy-child","AnimateMatch","PositiveMatch"
"1582","628f7e982aad1788d940317a","control_MaxMatch_Positive_Inanimate","20","MaxMatch","sandwich","meadow","sandwich-meadow","InanimateMatch","PositiveMatch"
"1583","628f7e982aad1788d940317a","test_ValenceMatch_Positive","24","ValenceMatchingOnly","award","bunny","award-bunny","InanimateMismatch","PositiveMatch"
"1584","628f7e982aad1788d940317a","test_ConceptualMatch_Inanimate","13","ConceptualMatchingOnly","cocaine","meadow","cocaine-meadow","ConceptualMatch:inanimate","NegativeMismatch"
"1585","628f7e982aad1788d940317a","control_Similar","99","SimilarControl","show","display","show-display","",""
"1586","628f7e982aad1788d940317a","control_Dissimilar","0","DissimilarControl","begin","end","begin-end","",""
"1587","628f7e982aad1788d940317a","control_Similar","99","SimilarControl","get","obtain","get-obtain","",""
"1588","628f7e982aad1788d940317a","control_MaxMatch_Negative_Animate","84","MaxMatch","maggot","tapeworm","maggot-tapeworm","AnimateMatch","NegativeMatch"
"1589","628f7e982aad1788d940317a","control_MaxMismatch","66","MaxMismatch","maggot","bunny","maggot-bunny","AnimateMismatch","NegativeMismatch"
"1590","628f7e982aad1788d940317a","control_MaxMatch_Negative_Inanimate","17","MaxMatch","flood","corpse","flood-corpse","InanimateMatch","NegativeMatch"
"1591","628f7e982aad1788d940317a","control_Dissimilar","0","DissimilarControl","arrive","leave","arrive-leave","",""
"1592","628f7e982aad1788d940317a","test_ValenceMatch_Negative","22","ValenceMatchingOnly","poison","intruder","poison-intruder","InanimateMismatch","NegativeMatch"
"1593","628f7e982aad1788d940317a","control_MaxMatch_Positive_Animate","66","MaxMatch","kitten","child","kitten-child","AnimateMatch","PositiveMatch"
"1594","628f7e982aad1788d940317a","control_MaxMatch_Positive_Inanimate","71","MaxMatch","pizza","doughnut","pizza-doughnut","InanimateMatch","PositiveMatch"
"1595","628f7e982aad1788d940317a","test_ValenceMatch_Positive","27","ValenceMatchingOnly","sunshine","puppy","sunshine-puppy","InanimateMismatch","PositiveMatch"
"1596","628f7e982aad1788d940317a","test_ConceptualMatch_Inanimate","24","ConceptualMatchingOnly","excrement","pizza","excrement-pizza","ConceptualMatch:inanimate","NegativeMismatch"
"1597","628f7e982aad1788d940317a","control_Similar","99","SimilarControl","speak","talk","speak-talk","",""
"1598","628f7e982aad1788d940317a","control_Dissimilar","0","DissimilarControl","rise","fall","rise-fall","",""
"1599","628f7e982aad1788d940317a","control_Similar","99","SimilarControl","ask","inquire","ask-inquire","",""
"1600","628f7e982aad1788d940317a","control_MaxMatch_Negative_Animate","34","MaxMatch","slave","widow","slave-widow","AnimateMatch","NegativeMatch"
"1601","628f7e982aad1788d940317a","control_MaxMismatch","62","MaxMismatch","asshole","husband","asshole-husband","AnimateMismatch","NegativeMismatch"
"1602","628f7e982aad1788d940317a","control_MaxMatch_Negative_Inanimate","30","MaxMatch","heroin","wiretap","heroin-wiretap","InanimateMatch","NegativeMatch"
"1603","628f7e982aad1788d940317a","control_Dissimilar","0","DissimilarControl","add","remove","add-remove","",""
"1604","628f7e982aad1788d940317a","test_ValenceMatch_Negative","27","ValenceMatchingOnly","excrement","inmate","excrement-inmate","InanimateMismatch","NegativeMatch"
"1605","628f7e982aad1788d940317a","control_MaxMatch_Positive_Animate","24","MaxMatch","princess","chipmunk","princess-chipmunk","AnimateMatch","PositiveMatch"
"1606","628f7e982aad1788d940317a","control_MaxMatch_Positive_Inanimate","20","MaxMatch","sunshine","dollar","sunshine-dollar","InanimateMatch","PositiveMatch"
"1607","628f7e982aad1788d940317a","test_ValenceMatch_Positive","18","ValenceMatchingOnly","dollar","puppy","dollar-puppy","InanimateMismatch","PositiveMatch"
"1608","628f7e982aad1788d940317a","test_ConceptualMatch_Inanimate","22","ConceptualMatchingOnly","swastika","feast","swastika-feast","ConceptualMatch:inanimate","NegativeMismatch"
"1609","628f7e982aad1788d940317a","control_Similar","99","SimilarControl","need","require","need-require","",""
"1610","628f7e982aad1788d940317a","control_Dissimilar","0","DissimilarControl","give","take","give-take","",""
"1611","628f7e982aad1788d940317a","control_Similar","99","SimilarControl","begin","start","begin-start","",""
"1612","628f7e982aad1788d940317a","control_MaxMatch_Negative_Animate","28","MaxMatch","maggot","intruder","maggot-intruder","AnimateMatch","NegativeMatch"
"1613","628f7e982aad1788d940317a","control_MaxMismatch","28","MaxMismatch","dictator","puppy","dictator-puppy","AnimateMismatch","NegativeMismatch"
"1614","628f7e982aad1788d940317a","control_MaxMatch_Negative_Inanimate","23","MaxMatch","heroin","smallpox","heroin-smallpox","InanimateMatch","NegativeMatch"
"1615","628f7e982aad1788d940317a","control_Dissimilar","0","DissimilarControl","increase","decrease","increase-decrease","",""
"1616","628f7e982aad1788d940317a","test_ValenceMatch_Negative","39","ValenceMatchingOnly","swastika","dictator","swastika-dictator","InanimateMismatch","NegativeMatch"
"1617","628f7e982aad1788d940317a","control_MaxMatch_Positive_Animate","18","MaxMatch","puppy","sibling","puppy-sibling","AnimateMatch","PositiveMatch"
"1618","628f7e982aad1788d940317a","control_MaxMatch_Positive_Inanimate","73","MaxMatch","award","dollar","award-dollar","InanimateMatch","PositiveMatch"
"1619","628f7e982aad1788d940317a","test_ValenceMatch_Positive","23","ValenceMatchingOnly","meadow","duckling","meadow-duckling","InanimateMismatch","PositiveMatch"
"1620","628f7e982aad1788d940317a","test_ConceptualMatch_Inanimate","22","ConceptualMatchingOnly","smallpox","sandwich","smallpox-sandwich","ConceptualMatch:inanimate","NegativeMismatch"
"1621","67e069199f5b036960b0cc5f","control_Dissimilar","52","DissimilarControl","rise","fall","rise-fall","",""
"1622","67e069199f5b036960b0cc5f","control_Similar","99","SimilarControl","speak","talk","speak-talk","",""
"1623","67e069199f5b036960b0cc5f","control_MaxMatch_Positive_Inanimate","0","MaxMatch","prize","feast","prize-feast","InanimateMatch","PositiveMatch"
"1624","67e069199f5b036960b0cc5f","control_MaxMatch_Positive_Animate","0","MaxMatch","puppy","chipmunk","puppy-chipmunk","AnimateMatch","PositiveMatch"
"1625","67e069199f5b036960b0cc5f","control_MaxMismatch","0","MaxMismatch","tapeworm","child","tapeworm-child","AnimateMismatch","NegativeMismatch"
"1626","67e069199f5b036960b0cc5f","control_Dissimilar","51","DissimilarControl","arrive","leave","arrive-leave","",""
"1627","67e069199f5b036960b0cc5f","test_ValenceMatch_Negative","0","ValenceMatchingOnly","wiretap","dictator","wiretap-dictator","InanimateMismatch","NegativeMatch"
"1628","67e069199f5b036960b0cc5f","test_ValenceMatch_Positive","0","ValenceMatchingOnly","sandwich","bunny","sandwich-bunny","InanimateMismatch","PositiveMatch"
"1629","67e069199f5b036960b0cc5f","control_Similar","99","SimilarControl","show","display","show-display","",""
"1630","67e069199f5b036960b0cc5f","control_MaxMatch_Negative_Animate","0","MaxMatch","dictator","intruder","dictator-intruder","AnimateMatch","NegativeMatch"
"1631","67e069199f5b036960b0cc5f","control_MaxMatch_Negative_Inanimate","0","MaxMatch","flood","smallpox","flood-smallpox","InanimateMatch","NegativeMatch"
"1632","67e069199f5b036960b0cc5f","test_ConceptualMatch_Inanimate","0","ConceptualMatchingOnly","poison","sunshine","poison-sunshine","ConceptualMatch:inanimate","NegativeMismatch"
"1633","67e069199f5b036960b0cc5f","control_Dissimilar","48","DissimilarControl","begin","end","begin-end","",""
"1634","67e069199f5b036960b0cc5f","control_Similar","53","SimilarControl","begin","start","begin-start","",""
"1635","67e069199f5b036960b0cc5f","control_MaxMatch_Positive_Inanimate","60","MaxMatch","pizza","doughnut","pizza-doughnut","InanimateMatch","PositiveMatch"
"1636","67e069199f5b036960b0cc5f","control_MaxMatch_Positive_Animate","0","MaxMatch","duckling","child","duckling-child","AnimateMatch","PositiveMatch"
"1637","67e069199f5b036960b0cc5f","control_MaxMismatch","0","MaxMismatch","mugger","comedian","mugger-comedian","AnimateMismatch","NegativeMismatch"
"1638","67e069199f5b036960b0cc5f","control_Dissimilar","57","DissimilarControl","add","remove","add-remove","",""
"1639","67e069199f5b036960b0cc5f","test_ValenceMatch_Negative","0","ValenceMatchingOnly","flood","slave","flood-slave","InanimateMismatch","NegativeMatch"
"1640","67e069199f5b036960b0cc5f","test_ValenceMatch_Positive","0","ValenceMatchingOnly","meadow","kitten","meadow-kitten","InanimateMismatch","PositiveMatch"
"1641","67e069199f5b036960b0cc5f","control_Similar","99","SimilarControl","help","assist","help-assist","",""
"1642","67e069199f5b036960b0cc5f","control_MaxMatch_Negative_Animate","0","MaxMatch","inmate","dictator","inmate-dictator","AnimateMatch","NegativeMatch"
"1643","67e069199f5b036960b0cc5f","control_MaxMatch_Negative_Inanimate","0","MaxMatch","swastika","excrement","swastika-excrement","InanimateMatch","NegativeMatch"
"1644","67e069199f5b036960b0cc5f","test_ConceptualMatch_Inanimate","0","ConceptualMatchingOnly","gunshot","dollar","gunshot-dollar","ConceptualMatch:inanimate","NegativeMismatch"
"1645","67e069199f5b036960b0cc5f","control_Dissimilar","74","DissimilarControl","enter","exit","enter-exit","",""
"1646","67e069199f5b036960b0cc5f","control_Similar","99","SimilarControl","need","require","need-require","",""
"1647","67e069199f5b036960b0cc5f","control_MaxMatch_Positive_Inanimate","0","MaxMatch","prize","pizza","prize-pizza","InanimateMatch","PositiveMatch"
"1648","67e069199f5b036960b0cc5f","control_MaxMatch_Positive_Animate","0","MaxMatch","princess","husband","princess-husband","AnimateMatch","PositiveMatch"
"1649","67e069199f5b036960b0cc5f","control_MaxMismatch","0","MaxMismatch","inmate","child","inmate-child","AnimateMismatch","NegativeMismatch"
"1650","67e069199f5b036960b0cc5f","control_Dissimilar","61","DissimilarControl","give","take","give-take","",""
"1651","67e069199f5b036960b0cc5f","test_ValenceMatch_Negative","0","ValenceMatchingOnly","corpse","inmate","corpse-inmate","InanimateMismatch","NegativeMatch"
"1652","67e069199f5b036960b0cc5f","test_ValenceMatch_Positive","0","ValenceMatchingOnly","award","princess","award-princess","InanimateMismatch","PositiveMatch"
"1653","67e069199f5b036960b0cc5f","control_Similar","99","SimilarControl","ask","inquire","ask-inquire","",""
"1654","67e069199f5b036960b0cc5f","control_MaxMatch_Negative_Animate","69","MaxMatch","maggot","tapeworm","maggot-tapeworm","AnimateMatch","NegativeMatch"
"1655","67e069199f5b036960b0cc5f","control_MaxMatch_Negative_Inanimate","0","MaxMatch","excrement","poison","excrement-poison","InanimateMatch","NegativeMatch"
"1656","67e069199f5b036960b0cc5f","test_ConceptualMatch_Inanimate","0","ConceptualMatchingOnly","wiretap","meadow","wiretap-meadow","ConceptualMatch:inanimate","NegativeMismatch"
"1657","67e069199f5b036960b0cc5f","control_Dissimilar","79","DissimilarControl","push","pull","push-pull","",""
"1658","67e069199f5b036960b0cc5f","control_Similar","67","SimilarControl","use","employ","use-employ","",""
"1659","67e069199f5b036960b0cc5f","control_MaxMatch_Positive_Inanimate","68","MaxMatch","pizza","sandwich","pizza-sandwich","InanimateMatch","PositiveMatch"
"1660","67e069199f5b036960b0cc5f","control_MaxMatch_Positive_Animate","0","MaxMatch","sibling","husband","sibling-husband","AnimateMatch","PositiveMatch"
"1661","67e069199f5b036960b0cc5f","control_MaxMismatch","0","MaxMismatch","inmate","kitten","inmate-kitten","AnimateMismatch","NegativeMismatch"
"1662","67e069199f5b036960b0cc5f","control_Dissimilar","78","DissimilarControl","increase","decrease","increase-decrease","",""
"1663","67e069199f5b036960b0cc5f","test_ValenceMatch_Negative","0","ValenceMatchingOnly","wiretap","widow","wiretap-widow","InanimateMismatch","NegativeMatch"
"1664","67e069199f5b036960b0cc5f","test_ValenceMatch_Positive","0","ValenceMatchingOnly","prize","puppy","prize-puppy","InanimateMismatch","PositiveMatch"
"1665","67e069199f5b036960b0cc5f","control_Similar","99","SimilarControl","buy","purchase","buy-purchase","",""
"1666","67e069199f5b036960b0cc5f","control_MaxMatch_Negative_Animate","0","MaxMatch","asshole","leech","asshole-leech","AnimateMatch","NegativeMatch"
"1667","67e069199f5b036960b0cc5f","control_MaxMatch_Negative_Inanimate","0","MaxMatch","flood","corpse","flood-corpse","InanimateMatch","NegativeMatch"
"1668","67e069199f5b036960b0cc5f","test_ConceptualMatch_Inanimate","0","ConceptualMatchingOnly","heroin","sunshine","heroin-sunshine","ConceptualMatch:inanimate","NegativeMismatch"
"1669","67e069199f5b036960b0cc5f","control_Dissimilar","70","DissimilarControl","open","close","open-close","",""
"1670","67e069199f5b036960b0cc5f","control_Similar","99","SimilarControl","get","obtain","get-obtain","",""
"1671","67e069199f5b036960b0cc5f","control_MaxMatch_Positive_Inanimate","0","MaxMatch","prize","meadow","prize-meadow","InanimateMatch","PositiveMatch"
"1672","67e069199f5b036960b0cc5f","control_MaxMatch_Positive_Animate","0","MaxMatch","sibling","duckling","sibling-duckling","AnimateMatch","PositiveMatch"
"1673","67e069199f5b036960b0cc5f","control_MaxMismatch","0","MaxMismatch","tapeworm","comedian","tapeworm-comedian","AnimateMismatch","NegativeMismatch"
"1674","67e069199f5b036960b0cc5f","control_Dissimilar","75","DissimilarControl","come","go","come-go","",""
"1675","67e069199f5b036960b0cc5f","test_ValenceMatch_Negative","0","ValenceMatchingOnly","excrement","inmate","excrement-inmate","InanimateMismatch","NegativeMatch"
"1676","67e069199f5b036960b0cc5f","test_ValenceMatch_Positive","0","ValenceMatchingOnly","doughnut","sibling","doughnut-sibling","InanimateMismatch","PositiveMatch"
"1677","67e069199f5b036960b0cc5f","control_Similar","99","SimilarControl","end","finish","end-finish","",""
"1678","67e069199f5b036960b0cc5f","control_MaxMatch_Negative_Animate","0","MaxMatch","widow","dictator","widow-dictator","AnimateMatch","NegativeMatch"
"1679","67e069199f5b036960b0cc5f","control_MaxMatch_Negative_Inanimate","77","MaxMatch","heroin","cocaine","heroin-cocaine","InanimateMatch","NegativeMatch"
"1680","67e069199f5b036960b0cc5f","test_ConceptualMatch_Inanimate","0","ConceptualMatchingOnly","poison","meadow","poison-meadow","ConceptualMatch:inanimate","NegativeMismatch"
"1681","6483f9ebf7986bdbdbc0598c","control_Dissimilar","0","DissimilarControl","enter","exit","enter-exit","",""
"1682","6483f9ebf7986bdbdbc0598c","control_Similar","79","SimilarControl","use","employ","use-employ","",""
"1683","6483f9ebf7986bdbdbc0598c","control_Dissimilar","0","DissimilarControl","increase","decrease","increase-decrease","",""
"1684","6483f9ebf7986bdbdbc0598c","control_MaxMatch_Negative_Inanimate","0","MaxMatch","wiretap","corpse","wiretap-corpse","InanimateMatch","NegativeMatch"
"1685","6483f9ebf7986bdbdbc0598c","test_ValenceMatch_Negative","24","ValenceMatchingOnly","poison","intruder","poison-intruder","InanimateMismatch","NegativeMatch"
"1686","6483f9ebf7986bdbdbc0598c","control_MaxMatch_Positive_Animate","65","MaxMatch","bunny","chipmunk","bunny-chipmunk","AnimateMatch","PositiveMatch"
"1687","6483f9ebf7986bdbdbc0598c","test_ConceptualMatch_Inanimate","0","ConceptualMatchingOnly","gunshot","prize","gunshot-prize","ConceptualMatch:inanimate","NegativeMismatch"
"1688","6483f9ebf7986bdbdbc0598c","control_MaxMismatch","0","MaxMismatch","inmate","kitten","inmate-kitten","AnimateMismatch","NegativeMismatch"
"1689","6483f9ebf7986bdbdbc0598c","test_ValenceMatch_Positive","70","ValenceMatchingOnly","meadow","bunny","meadow-bunny","InanimateMismatch","PositiveMatch"
"1690","6483f9ebf7986bdbdbc0598c","control_Similar","91","SimilarControl","end","finish","end-finish","",""
"1691","6483f9ebf7986bdbdbc0598c","control_MaxMatch_Positive_Inanimate","0","MaxMatch","laughter","doughnut","laughter-doughnut","InanimateMatch","PositiveMatch"
"1692","6483f9ebf7986bdbdbc0598c","control_MaxMatch_Negative_Animate","66","MaxMatch","asshole","leech","asshole-leech","AnimateMatch","NegativeMatch"
"1693","6483f9ebf7986bdbdbc0598c","control_Dissimilar","0","DissimilarControl","come","go","come-go","",""
"1694","6483f9ebf7986bdbdbc0598c","control_Similar","99","SimilarControl","speak","talk","speak-talk","",""
"1695","6483f9ebf7986bdbdbc0598c","control_Dissimilar","0","DissimilarControl","arrive","leave","arrive-leave","",""
"1696","6483f9ebf7986bdbdbc0598c","control_MaxMatch_Negative_Inanimate","48","MaxMatch","cocaine","excrement","cocaine-excrement","InanimateMatch","NegativeMatch"
"1697","6483f9ebf7986bdbdbc0598c","test_ValenceMatch_Negative","43","ValenceMatchingOnly","flood","mugger","flood-mugger","InanimateMismatch","NegativeMatch"
"1698","6483f9ebf7986bdbdbc0598c","control_MaxMatch_Positive_Animate","28","MaxMatch","duckling","princess","duckling-princess","AnimateMatch","PositiveMatch"
"1699","6483f9ebf7986bdbdbc0598c","test_ConceptualMatch_Inanimate","28","ConceptualMatchingOnly","smallpox","feast","smallpox-feast","ConceptualMatch:inanimate","NegativeMismatch"
"1700","6483f9ebf7986bdbdbc0598c","control_MaxMismatch","51","MaxMismatch","slave","princess","slave-princess","AnimateMismatch","NegativeMismatch"
"1701","6483f9ebf7986bdbdbc0598c","test_ValenceMatch_Positive","71","ValenceMatchingOnly","prize","child","prize-child","InanimateMismatch","PositiveMatch"
"1702","6483f9ebf7986bdbdbc0598c","control_Similar","99","SimilarControl","help","assist","help-assist","",""
"1703","6483f9ebf7986bdbdbc0598c","control_MaxMatch_Positive_Inanimate","0","MaxMatch","pizza","meadow","pizza-meadow","InanimateMatch","PositiveMatch"
"1704","6483f9ebf7986bdbdbc0598c","control_MaxMatch_Negative_Animate","0","MaxMatch","slave","tapeworm","slave-tapeworm","AnimateMatch","NegativeMatch"
"1705","6483f9ebf7986bdbdbc0598c","control_Dissimilar","0","DissimilarControl","open","close","open-close","",""
"1706","6483f9ebf7986bdbdbc0598c","control_Similar","87","SimilarControl","show","display","show-display","",""
"1707","6483f9ebf7986bdbdbc0598c","control_Dissimilar","0","DissimilarControl","begin","end","begin-end","",""
"1708","6483f9ebf7986bdbdbc0598c","control_MaxMatch_Negative_Inanimate","62","MaxMatch","swastika","wiretap","swastika-wiretap","InanimateMatch","NegativeMatch"
"1709","6483f9ebf7986bdbdbc0598c","test_ValenceMatch_Negative","53","ValenceMatchingOnly","heroin","maggot","heroin-maggot","InanimateMismatch","NegativeMatch"
"1710","6483f9ebf7986bdbdbc0598c","control_MaxMatch_Positive_Animate","0","MaxMatch","comedian","kitten","comedian-kitten","AnimateMatch","PositiveMatch"
"1711","6483f9ebf7986bdbdbc0598c","test_ConceptualMatch_Inanimate","0","ConceptualMatchingOnly","swastika","sandwich","swastika-sandwich","ConceptualMatch:inanimate","NegativeMismatch"
"1712","6483f9ebf7986bdbdbc0598c","control_MaxMismatch","16","MaxMismatch","dictator","child","dictator-child","AnimateMismatch","NegativeMismatch"
"1713","6483f9ebf7986bdbdbc0598c","test_ValenceMatch_Positive","59","ValenceMatchingOnly","award","child","award-child","InanimateMismatch","PositiveMatch"
"1714","6483f9ebf7986bdbdbc0598c","control_Similar","94","SimilarControl","begin","start","begin-start","",""
"1715","6483f9ebf7986bdbdbc0598c","control_MaxMatch_Positive_Inanimate","13","MaxMatch","feast","meadow","feast-meadow","InanimateMatch","PositiveMatch"
"1716","6483f9ebf7986bdbdbc0598c","control_MaxMatch_Negative_Animate","74","MaxMatch","dictator","intruder","dictator-intruder","AnimateMatch","NegativeMatch"
"1717","6483f9ebf7986bdbdbc0598c","control_Dissimilar","20","DissimilarControl","give","take","give-take","",""
"1718","6483f9ebf7986bdbdbc0598c","control_Similar","80","SimilarControl","need","require","need-require","",""
"1719","6483f9ebf7986bdbdbc0598c","control_Dissimilar","3","DissimilarControl","push","pull","push-pull","",""
"1720","6483f9ebf7986bdbdbc0598c","control_MaxMatch_Negative_Inanimate","8","MaxMatch","heroin","flood","heroin-flood","InanimateMatch","NegativeMatch"
"1721","6483f9ebf7986bdbdbc0598c","test_ValenceMatch_Negative","65","ValenceMatchingOnly","wiretap","dictator","wiretap-dictator","InanimateMismatch","NegativeMatch"
"1722","6483f9ebf7986bdbdbc0598c","control_MaxMatch_Positive_Animate","0","MaxMatch","chipmunk","husband","chipmunk-husband","AnimateMatch","PositiveMatch"
"1723","6483f9ebf7986bdbdbc0598c","test_ConceptualMatch_Inanimate","0","ConceptualMatchingOnly","gunshot","dollar","gunshot-dollar","ConceptualMatch:inanimate","NegativeMismatch"
"1724","6483f9ebf7986bdbdbc0598c","control_MaxMismatch","0","MaxMismatch","tapeworm","bunny","tapeworm-bunny","AnimateMismatch","NegativeMismatch"
"1725","6483f9ebf7986bdbdbc0598c","test_ValenceMatch_Positive","87","ValenceMatchingOnly","laughter","comedian","laughter-comedian","InanimateMismatch","PositiveMatch"
"1726","6483f9ebf7986bdbdbc0598c","control_Similar","99","SimilarControl","buy","purchase","buy-purchase","",""
"1727","6483f9ebf7986bdbdbc0598c","control_MaxMatch_Positive_Inanimate","20","MaxMatch","award","sandwich","award-sandwich","InanimateMatch","PositiveMatch"
"1728","6483f9ebf7986bdbdbc0598c","control_MaxMatch_Negative_Animate","68","MaxMatch","intruder","mugger","intruder-mugger","AnimateMatch","NegativeMatch"
"1729","6483f9ebf7986bdbdbc0598c","control_Dissimilar","0","DissimilarControl","rise","fall","rise-fall","",""
"1730","6483f9ebf7986bdbdbc0598c","control_Similar","99","SimilarControl","get","obtain","get-obtain","",""
"1731","6483f9ebf7986bdbdbc0598c","control_Dissimilar","0","DissimilarControl","add","remove","add-remove","",""
"1732","6483f9ebf7986bdbdbc0598c","control_MaxMatch_Negative_Inanimate","84","MaxMatch","cocaine","poison","cocaine-poison","InanimateMatch","NegativeMatch"
"1733","6483f9ebf7986bdbdbc0598c","test_ValenceMatch_Negative","66","ValenceMatchingOnly","gunshot","widow","gunshot-widow","InanimateMismatch","NegativeMatch"
"1734","6483f9ebf7986bdbdbc0598c","control_MaxMatch_Positive_Animate","82","MaxMatch","duckling","bunny","duckling-bunny","AnimateMatch","PositiveMatch"
"1735","6483f9ebf7986bdbdbc0598c","test_ConceptualMatch_Inanimate","0","ConceptualMatchingOnly","wiretap","sunshine","wiretap-sunshine","ConceptualMatch:inanimate","NegativeMismatch"
"1736","6483f9ebf7986bdbdbc0598c","control_MaxMismatch","21","MaxMismatch","leech","princess","leech-princess","AnimateMismatch","NegativeMismatch"
"1737","6483f9ebf7986bdbdbc0598c","test_ValenceMatch_Positive","0","ValenceMatchingOnly","pizza","kitten","pizza-kitten","InanimateMismatch","PositiveMatch"
"1738","6483f9ebf7986bdbdbc0598c","control_Similar","99","SimilarControl","ask","inquire","ask-inquire","",""
"1739","6483f9ebf7986bdbdbc0598c","control_MaxMatch_Positive_Inanimate","24","MaxMatch","laughter","dollar","laughter-dollar","InanimateMatch","PositiveMatch"
"1740","6483f9ebf7986bdbdbc0598c","control_MaxMatch_Negative_Animate","60","MaxMatch","leech","mugger","leech-mugger","AnimateMatch","NegativeMatch"
"1741","658fbb9f64bcbcfb43e3d925","control_Dissimilar","0","DissimilarControl","push","pull","push-pull","",""
"1742","658fbb9f64bcbcfb43e3d925","control_Similar","99","SimilarControl","get","obtain","get-obtain","",""
"1743","658fbb9f64bcbcfb43e3d925","control_MaxMatch_Positive_Inanimate","17","MaxMatch","pizza","feast","pizza-feast","InanimateMatch","PositiveMatch"
"1744","658fbb9f64bcbcfb43e3d925","test_ValenceMatch_Negative","21","ValenceMatchingOnly","swastika","intruder","swastika-intruder","InanimateMismatch","NegativeMatch"
"1745","658fbb9f64bcbcfb43e3d925","control_MaxMatch_Negative_Animate","0","MaxMatch","slave","dictator","slave-dictator","AnimateMatch","NegativeMatch"
"1746","658fbb9f64bcbcfb43e3d925","control_Dissimilar","0","DissimilarControl","increase","decrease","increase-decrease","",""
"1747","658fbb9f64bcbcfb43e3d925","control_MaxMatch_Positive_Animate","15","MaxMatch","bunny","husband","bunny-husband","AnimateMatch","PositiveMatch"
"1748","658fbb9f64bcbcfb43e3d925","control_MaxMismatch","16","MaxMismatch","dictator","comedian","dictator-comedian","AnimateMismatch","NegativeMismatch"
"1749","658fbb9f64bcbcfb43e3d925","test_ValenceMatch_Positive","19","ValenceMatchingOnly","feast","duckling","feast-duckling","InanimateMismatch","PositiveMatch"
"1750","658fbb9f64bcbcfb43e3d925","test_ConceptualMatch_Inanimate","23","ConceptualMatchingOnly","wiretap","laughter","wiretap-laughter","ConceptualMatch:inanimate","NegativeMismatch"
"1751","658fbb9f64bcbcfb43e3d925","control_Similar","99","SimilarControl","speak","talk","speak-talk","",""
"1752","658fbb9f64bcbcfb43e3d925","control_MaxMatch_Negative_Inanimate","16","MaxMatch","cocaine","flood","cocaine-flood","InanimateMatch","NegativeMatch"
"1753","658fbb9f64bcbcfb43e3d925","control_Dissimilar","0","DissimilarControl","begin","end","begin-end","",""
"1754","658fbb9f64bcbcfb43e3d925","control_Similar","99","SimilarControl","buy","purchase","buy-purchase","",""
"1755","658fbb9f64bcbcfb43e3d925","control_MaxMatch_Positive_Inanimate","10","MaxMatch","sunshine","pizza","sunshine-pizza","InanimateMatch","PositiveMatch"
"1756","658fbb9f64bcbcfb43e3d925","test_ValenceMatch_Negative","8","ValenceMatchingOnly","flood","intruder","flood-intruder","InanimateMismatch","NegativeMatch"
"1757","658fbb9f64bcbcfb43e3d925","control_MaxMatch_Negative_Animate","19","MaxMatch","widow","inmate","widow-inmate","AnimateMatch","NegativeMatch"
"1758","658fbb9f64bcbcfb43e3d925","control_Dissimilar","0","DissimilarControl","give","take","give-take","",""
"1759","658fbb9f64bcbcfb43e3d925","control_MaxMatch_Positive_Animate","18","MaxMatch","comedian","child","comedian-child","AnimateMatch","PositiveMatch"
"1760","658fbb9f64bcbcfb43e3d925","control_MaxMismatch","20","MaxMismatch","asshole","husband","asshole-husband","AnimateMismatch","NegativeMismatch"
"1761","658fbb9f64bcbcfb43e3d925","test_ValenceMatch_Positive","14","ValenceMatchingOnly","prize","duckling","prize-duckling","InanimateMismatch","PositiveMatch"
"1762","658fbb9f64bcbcfb43e3d925","test_ConceptualMatch_Inanimate","77","ConceptualMatchingOnly","heroin","meadow","heroin-meadow","ConceptualMatch:inanimate","NegativeMismatch"
"1763","658fbb9f64bcbcfb43e3d925","control_Similar","99","SimilarControl","help","assist","help-assist","",""
"1764","658fbb9f64bcbcfb43e3d925","control_MaxMatch_Negative_Inanimate","15","MaxMatch","gunshot","smallpox","gunshot-smallpox","InanimateMatch","NegativeMatch"
"1765","658fbb9f64bcbcfb43e3d925","control_Dissimilar","0","DissimilarControl","open","close","open-close","",""
"1766","658fbb9f64bcbcfb43e3d925","control_Similar","99","SimilarControl","ask","inquire","ask-inquire","",""
"1767","658fbb9f64bcbcfb43e3d925","control_MaxMatch_Positive_Inanimate","20","MaxMatch","sunshine","meadow","sunshine-meadow","InanimateMatch","PositiveMatch"
"1768","658fbb9f64bcbcfb43e3d925","test_ValenceMatch_Negative","9","ValenceMatchingOnly","excrement","tapeworm","excrement-tapeworm","InanimateMismatch","NegativeMatch"
"1769","658fbb9f64bcbcfb43e3d925","control_MaxMatch_Negative_Animate","19","MaxMatch","dictator","tapeworm","dictator-tapeworm","AnimateMatch","NegativeMatch"
"1770","658fbb9f64bcbcfb43e3d925","control_Dissimilar","0","DissimilarControl","add","remove","add-remove","",""
"1771","658fbb9f64bcbcfb43e3d925","control_MaxMatch_Positive_Animate","22","MaxMatch","chipmunk","husband","chipmunk-husband","AnimateMatch","PositiveMatch"
"1772","658fbb9f64bcbcfb43e3d925","control_MaxMismatch","17","MaxMismatch","widow","kitten","widow-kitten","AnimateMismatch","NegativeMismatch"
"1773","658fbb9f64bcbcfb43e3d925","test_ValenceMatch_Positive","10","ValenceMatchingOnly","dollar","husband","dollar-husband","InanimateMismatch","PositiveMatch"
"1774","658fbb9f64bcbcfb43e3d925","test_ConceptualMatch_Inanimate","11","ConceptualMatchingOnly","gunshot","pizza","gunshot-pizza","ConceptualMatch:inanimate","NegativeMismatch"
"1775","658fbb9f64bcbcfb43e3d925","control_Similar","99","SimilarControl","begin","start","begin-start","",""
"1776","658fbb9f64bcbcfb43e3d925","control_MaxMatch_Negative_Inanimate","16","MaxMatch","heroin","swastika","heroin-swastika","InanimateMatch","NegativeMatch"
"1777","658fbb9f64bcbcfb43e3d925","control_Dissimilar","99","DissimilarControl","arrive","leave","arrive-leave","",""
"1778","658fbb9f64bcbcfb43e3d925","control_Similar","99","SimilarControl","use","employ","use-employ","",""
"1779","658fbb9f64bcbcfb43e3d925","control_MaxMatch_Positive_Inanimate","16","MaxMatch","prize","laughter","prize-laughter","InanimateMatch","PositiveMatch"
"1780","658fbb9f64bcbcfb43e3d925","test_ValenceMatch_Negative","16","ValenceMatchingOnly","wiretap","tapeworm","wiretap-tapeworm","InanimateMismatch","NegativeMatch"
"1781","658fbb9f64bcbcfb43e3d925","control_MaxMatch_Negative_Animate","20","MaxMatch","leech","intruder","leech-intruder","AnimateMatch","NegativeMatch"
"1782","658fbb9f64bcbcfb43e3d925","control_Dissimilar","0","DissimilarControl","rise","fall","rise-fall","",""
"1783","658fbb9f64bcbcfb43e3d925","control_MaxMatch_Positive_Animate","81","MaxMatch","child","princess","child-princess","AnimateMatch","PositiveMatch"
"1784","658fbb9f64bcbcfb43e3d925","control_MaxMismatch","84","MaxMismatch","intruder","bunny","intruder-bunny","AnimateMismatch","NegativeMismatch"
"1785","658fbb9f64bcbcfb43e3d925","test_ValenceMatch_Positive","9","ValenceMatchingOnly","prize","husband","prize-husband","InanimateMismatch","PositiveMatch"
"1786","658fbb9f64bcbcfb43e3d925","test_ConceptualMatch_Inanimate","10","ConceptualMatchingOnly","wiretap","sandwich","wiretap-sandwich","ConceptualMatch:inanimate","NegativeMismatch"
"1787","658fbb9f64bcbcfb43e3d925","control_Similar","99","SimilarControl","need","require","need-require","",""
"1788","658fbb9f64bcbcfb43e3d925","control_MaxMatch_Negative_Inanimate","17","MaxMatch","heroin","flood","heroin-flood","InanimateMatch","NegativeMatch"
"1789","658fbb9f64bcbcfb43e3d925","control_Dissimilar","0","DissimilarControl","come","go","come-go","",""
"1790","658fbb9f64bcbcfb43e3d925","control_Similar","99","SimilarControl","end","finish","end-finish","",""
"1791","658fbb9f64bcbcfb43e3d925","control_MaxMatch_Positive_Inanimate","15","MaxMatch","award","meadow","award-meadow","InanimateMatch","PositiveMatch"
"1792","658fbb9f64bcbcfb43e3d925","test_ValenceMatch_Negative","15","ValenceMatchingOnly","excrement","widow","excrement-widow","InanimateMismatch","NegativeMatch"
"1793","658fbb9f64bcbcfb43e3d925","control_MaxMatch_Negative_Animate","80","MaxMatch","leech","tapeworm","leech-tapeworm","AnimateMatch","NegativeMatch"
"1794","658fbb9f64bcbcfb43e3d925","control_Dissimilar","0","DissimilarControl","enter","exit","enter-exit","",""
"1795","658fbb9f64bcbcfb43e3d925","control_MaxMatch_Positive_Animate","11","MaxMatch","sibling","kitten","sibling-kitten","AnimateMatch","PositiveMatch"
"1796","658fbb9f64bcbcfb43e3d925","control_MaxMismatch","16","MaxMismatch","tapeworm","comedian","tapeworm-comedian","AnimateMismatch","NegativeMismatch"
"1797","658fbb9f64bcbcfb43e3d925","test_ValenceMatch_Positive","14","ValenceMatchingOnly","meadow","kitten","meadow-kitten","InanimateMismatch","PositiveMatch"
"1798","658fbb9f64bcbcfb43e3d925","test_ConceptualMatch_Inanimate","12","ConceptualMatchingOnly","cocaine","prize","cocaine-prize","ConceptualMatch:inanimate","NegativeMismatch"
"1799","658fbb9f64bcbcfb43e3d925","control_Similar","99","SimilarControl","show","display","show-display","",""
"1800","658fbb9f64bcbcfb43e3d925","control_MaxMatch_Negative_Inanimate","21","MaxMatch","swastika","cocaine","swastika-cocaine","InanimateMatch","NegativeMatch"
"1801","5c37aa8b832a8400010983b3","control_Dissimilar","8","DissimilarControl","enter","exit","enter-exit","",""
"1802","5c37aa8b832a8400010983b3","control_Similar","95","SimilarControl","ask","inquire","ask-inquire","",""
"1803","5c37aa8b832a8400010983b3","control_Dissimilar","5","DissimilarControl","arrive","leave","arrive-leave","",""
"1804","5c37aa8b832a8400010983b3","test_ValenceMatch_Positive","34","ValenceMatchingOnly","meadow","child","meadow-child","InanimateMismatch","PositiveMatch"
"1805","5c37aa8b832a8400010983b3","control_MaxMismatch","31","MaxMismatch","maggot","bunny","maggot-bunny","AnimateMismatch","NegativeMismatch"
"1806","5c37aa8b832a8400010983b3","control_MaxMatch_Positive_Animate","45","MaxMatch","child","husband","child-husband","AnimateMatch","PositiveMatch"
"1807","5c37aa8b832a8400010983b3","control_MaxMatch_Negative_Inanimate","61","MaxMatch","swastika","excrement","swastika-excrement","InanimateMatch","NegativeMatch"
"1808","5c37aa8b832a8400010983b3","control_MaxMatch_Positive_Inanimate","60","MaxMatch","sunshine","laughter","sunshine-laughter","InanimateMatch","PositiveMatch"
"1809","5c37aa8b832a8400010983b3","test_ValenceMatch_Negative","21","ValenceMatchingOnly","poison","mugger","poison-mugger","InanimateMismatch","NegativeMatch"
"1810","5c37aa8b832a8400010983b3","test_ConceptualMatch_Inanimate","32","ConceptualMatchingOnly","poison","dollar","poison-dollar","ConceptualMatch:inanimate","NegativeMismatch"
"1811","5c37aa8b832a8400010983b3","control_Similar","88","SimilarControl","speak","talk","speak-talk","",""
"1812","5c37aa8b832a8400010983b3","control_MaxMatch_Negative_Animate","67","MaxMatch","asshole","mugger","asshole-mugger","AnimateMatch","NegativeMatch"
"1813","5c37aa8b832a8400010983b3","control_Dissimilar","24","DissimilarControl","push","pull","push-pull","",""
"1814","5c37aa8b832a8400010983b3","control_Similar","87","SimilarControl","show","display","show-display","",""
"1815","5c37aa8b832a8400010983b3","control_Dissimilar","56","DissimilarControl","come","go","come-go","",""
"1816","5c37aa8b832a8400010983b3","test_ValenceMatch_Positive","40","ValenceMatchingOnly","sunshine","chipmunk","sunshine-chipmunk","InanimateMismatch","PositiveMatch"
"1817","5c37aa8b832a8400010983b3","control_MaxMismatch","15","MaxMismatch","asshole","bunny","asshole-bunny","AnimateMismatch","NegativeMismatch"
"1818","5c37aa8b832a8400010983b3","control_MaxMatch_Positive_Animate","30","MaxMatch","puppy","husband","puppy-husband","AnimateMatch","PositiveMatch"
"1819","5c37aa8b832a8400010983b3","control_MaxMatch_Negative_Inanimate","8","MaxMatch","cocaine","gunshot","cocaine-gunshot","InanimateMatch","NegativeMatch"
"1820","5c37aa8b832a8400010983b3","control_MaxMatch_Positive_Inanimate","11","MaxMatch","laughter","dollar","laughter-dollar","InanimateMatch","PositiveMatch"
"1821","5c37aa8b832a8400010983b3","test_ValenceMatch_Negative","11","ValenceMatchingOnly","poison","maggot","poison-maggot","InanimateMismatch","NegativeMatch"
"1822","5c37aa8b832a8400010983b3","test_ConceptualMatch_Inanimate","10","ConceptualMatchingOnly","poison","feast","poison-feast","ConceptualMatch:inanimate","NegativeMismatch"
"1823","5c37aa8b832a8400010983b3","control_Similar","85","SimilarControl","get","obtain","get-obtain","",""
"1824","5c37aa8b832a8400010983b3","control_MaxMatch_Negative_Animate","52","MaxMatch","intruder","mugger","intruder-mugger","AnimateMatch","NegativeMatch"
"1825","5c37aa8b832a8400010983b3","control_Dissimilar","13","DissimilarControl","give","take","give-take","",""
"1826","5c37aa8b832a8400010983b3","control_Similar","93","SimilarControl","buy","purchase","buy-purchase","",""
"1827","5c37aa8b832a8400010983b3","control_Dissimilar","6","DissimilarControl","open","close","open-close","",""
"1828","5c37aa8b832a8400010983b3","test_ValenceMatch_Positive","15","ValenceMatchingOnly","sandwich","bunny","sandwich-bunny","InanimateMismatch","PositiveMatch"
"1829","5c37aa8b832a8400010983b3","control_MaxMismatch","0","MaxMismatch","maggot","sibling","maggot-sibling","AnimateMismatch","NegativeMismatch"
"1830","5c37aa8b832a8400010983b3","control_MaxMatch_Positive_Animate","38","MaxMatch","duckling","kitten","duckling-kitten","AnimateMatch","PositiveMatch"
"1831","5c37aa8b832a8400010983b3","control_MaxMatch_Negative_Inanimate","38","MaxMatch","flood","smallpox","flood-smallpox","InanimateMatch","NegativeMatch"
"1832","5c37aa8b832a8400010983b3","control_MaxMatch_Positive_Inanimate","23","MaxMatch","feast","doughnut","feast-doughnut","InanimateMatch","PositiveMatch"
"1833","5c37aa8b832a8400010983b3","test_ValenceMatch_Negative","11","ValenceMatchingOnly","corpse","asshole","corpse-asshole","InanimateMismatch","NegativeMatch"
"1834","5c37aa8b832a8400010983b3","test_ConceptualMatch_Inanimate","2","ConceptualMatchingOnly","flood","prize","flood-prize","ConceptualMatch:inanimate","NegativeMismatch"
"1835","5c37aa8b832a8400010983b3","control_Similar","88","SimilarControl","need","require","need-require","",""
"1836","5c37aa8b832a8400010983b3","control_MaxMatch_Negative_Animate","19","MaxMatch","slave","leech","slave-leech","AnimateMatch","NegativeMatch"
"1837","5c37aa8b832a8400010983b3","control_Dissimilar","2","DissimilarControl","rise","fall","rise-fall","",""
"1838","5c37aa8b832a8400010983b3","control_Similar","90","SimilarControl","use","employ","use-employ","",""
"1839","5c37aa8b832a8400010983b3","control_Dissimilar","3","DissimilarControl","increase","decrease","increase-decrease","",""
"1840","5c37aa8b832a8400010983b3","test_ValenceMatch_Positive","0","ValenceMatchingOnly","pizza","sibling","pizza-sibling","InanimateMismatch","PositiveMatch"
"1841","5c37aa8b832a8400010983b3","control_MaxMismatch","0","MaxMismatch","asshole","child","asshole-child","AnimateMismatch","NegativeMismatch"
"1842","5c37aa8b832a8400010983b3","control_MaxMatch_Positive_Animate","36","MaxMatch","duckling","child","duckling-child","AnimateMatch","PositiveMatch"
"1843","5c37aa8b832a8400010983b3","control_MaxMatch_Negative_Inanimate","19","MaxMatch","heroin","excrement","heroin-excrement","InanimateMatch","NegativeMatch"
"1844","5c37aa8b832a8400010983b3","control_MaxMatch_Positive_Inanimate","22","MaxMatch","prize","meadow","prize-meadow","InanimateMatch","PositiveMatch"
"1845","5c37aa8b832a8400010983b3","test_ValenceMatch_Negative","22","ValenceMatchingOnly","corpse","tapeworm","corpse-tapeworm","InanimateMismatch","NegativeMatch"
"1846","5c37aa8b832a8400010983b3","test_ConceptualMatch_Inanimate","17","ConceptualMatchingOnly","heroin","doughnut","heroin-doughnut","ConceptualMatch:inanimate","NegativeMismatch"
"1847","5c37aa8b832a8400010983b3","control_Similar","92","SimilarControl","help","assist","help-assist","",""
"1848","5c37aa8b832a8400010983b3","control_MaxMatch_Negative_Animate","14","MaxMatch","dictator","tapeworm","dictator-tapeworm","AnimateMatch","NegativeMatch"
"1849","5c37aa8b832a8400010983b3","control_Dissimilar","2","DissimilarControl","begin","end","begin-end","",""
"1850","5c37aa8b832a8400010983b3","control_Similar","95","SimilarControl","end","finish","end-finish","",""
"1851","5c37aa8b832a8400010983b3","control_Dissimilar","0","DissimilarControl","add","remove","add-remove","",""
"1852","5c37aa8b832a8400010983b3","test_ValenceMatch_Positive","30","ValenceMatchingOnly","sunshine","puppy","sunshine-puppy","InanimateMismatch","PositiveMatch"
"1853","5c37aa8b832a8400010983b3","control_MaxMismatch","0","MaxMismatch","asshole","sibling","asshole-sibling","AnimateMismatch","NegativeMismatch"
"1854","5c37aa8b832a8400010983b3","control_MaxMatch_Positive_Animate","25","MaxMatch","kitten","child","kitten-child","AnimateMatch","PositiveMatch"
"1855","5c37aa8b832a8400010983b3","control_MaxMatch_Negative_Inanimate","12","MaxMatch","swastika","corpse","swastika-corpse","InanimateMatch","NegativeMatch"
"1856","5c37aa8b832a8400010983b3","control_MaxMatch_Positive_Inanimate","23","MaxMatch","prize","pizza","prize-pizza","InanimateMatch","PositiveMatch"
"1857","5c37aa8b832a8400010983b3","test_ValenceMatch_Negative","0","ValenceMatchingOnly","flood","asshole","flood-asshole","InanimateMismatch","NegativeMatch"
"1858","5c37aa8b832a8400010983b3","test_ConceptualMatch_Inanimate","19","ConceptualMatchingOnly","cocaine","laughter","cocaine-laughter","ConceptualMatch:inanimate","NegativeMismatch"
"1859","5c37aa8b832a8400010983b3","control_Similar","95","SimilarControl","begin","start","begin-start","",""
"1860","5c37aa8b832a8400010983b3","control_MaxMatch_Negative_Animate","11","MaxMatch","maggot","inmate","maggot-inmate","AnimateMatch","NegativeMatch"
"1861","6503144f9a10397111eb3eb9","control_Dissimilar","85","DissimilarControl","come","go","come-go","",""
"1862","6503144f9a10397111eb3eb9","control_Similar","95","SimilarControl","ask","inquire","ask-inquire","",""
"1863","6503144f9a10397111eb3eb9","control_MaxMismatch","11","MaxMismatch","slave","princess","slave-princess","AnimateMismatch","NegativeMismatch"
"1864","6503144f9a10397111eb3eb9","control_MaxMatch_Negative_Inanimate","18","MaxMatch","poison","smallpox","poison-smallpox","InanimateMatch","NegativeMatch"
"1865","6503144f9a10397111eb3eb9","control_Dissimilar","0","DissimilarControl","open","close","open-close","",""
"1866","6503144f9a10397111eb3eb9","control_MaxMatch_Positive_Inanimate","22","MaxMatch","laughter","meadow","laughter-meadow","InanimateMatch","PositiveMatch"
"1867","6503144f9a10397111eb3eb9","control_MaxMatch_Positive_Animate","5","MaxMatch","sibling","kitten","sibling-kitten","AnimateMatch","PositiveMatch"
"1868","6503144f9a10397111eb3eb9","test_ValenceMatch_Negative","10","ValenceMatchingOnly","smallpox","maggot","smallpox-maggot","InanimateMismatch","NegativeMatch"
"1869","6503144f9a10397111eb3eb9","test_ValenceMatch_Positive","5","ValenceMatchingOnly","laughter","chipmunk","laughter-chipmunk","InanimateMismatch","PositiveMatch"
"1870","6503144f9a10397111eb3eb9","control_Similar","99","SimilarControl","begin","start","begin-start","",""
"1871","6503144f9a10397111eb3eb9","control_MaxMatch_Negative_Animate","0","MaxMatch","maggot","intruder","maggot-intruder","AnimateMatch","NegativeMatch"
"1872","6503144f9a10397111eb3eb9","test_ConceptualMatch_Inanimate","0","ConceptualMatchingOnly","flood","award","flood-award","ConceptualMatch:inanimate","NegativeMismatch"
"1873","6503144f9a10397111eb3eb9","control_Dissimilar","0","DissimilarControl","rise","fall","rise-fall","",""
"1874","6503144f9a10397111eb3eb9","control_Similar","99","SimilarControl","buy","purchase","buy-purchase","",""
"1875","6503144f9a10397111eb3eb9","control_MaxMismatch","17","MaxMismatch","tapeworm","duckling","tapeworm-duckling","AnimateMismatch","NegativeMismatch"
"1876","6503144f9a10397111eb3eb9","control_MaxMatch_Negative_Inanimate","9","MaxMatch","heroin","swastika","heroin-swastika","InanimateMatch","NegativeMatch"
"1877","6503144f9a10397111eb3eb9","control_Dissimilar","5","DissimilarControl","arrive","leave","arrive-leave","",""
"1878","6503144f9a10397111eb3eb9","control_MaxMatch_Positive_Inanimate","0","MaxMatch","prize","feast","prize-feast","InanimateMatch","PositiveMatch"
"1879","6503144f9a10397111eb3eb9","control_MaxMatch_Positive_Animate","0","MaxMatch","kitten","husband","kitten-husband","AnimateMatch","PositiveMatch"
"1880","6503144f9a10397111eb3eb9","test_ValenceMatch_Negative","21","ValenceMatchingOnly","poison","maggot","poison-maggot","InanimateMismatch","NegativeMatch"
"1881","6503144f9a10397111eb3eb9","test_ValenceMatch_Positive","12","ValenceMatchingOnly","feast","duckling","feast-duckling","InanimateMismatch","PositiveMatch"
"1882","6503144f9a10397111eb3eb9","control_Similar","99","SimilarControl","end","finish","end-finish","",""
"1883","6503144f9a10397111eb3eb9","control_MaxMatch_Negative_Animate","4","MaxMatch","inmate","dictator","inmate-dictator","AnimateMatch","NegativeMatch"
"1884","6503144f9a10397111eb3eb9","test_ConceptualMatch_Inanimate","0","ConceptualMatchingOnly","flood","sunshine","flood-sunshine","ConceptualMatch:inanimate","NegativeMismatch"
"1885","6503144f9a10397111eb3eb9","control_Dissimilar","0","DissimilarControl","push","pull","push-pull","",""
"1886","6503144f9a10397111eb3eb9","control_Similar","98","SimilarControl","use","employ","use-employ","",""
"1887","6503144f9a10397111eb3eb9","control_MaxMismatch","11","MaxMismatch","dictator","child","dictator-child","AnimateMismatch","NegativeMismatch"
"1888","6503144f9a10397111eb3eb9","control_MaxMatch_Negative_Inanimate","27","MaxMatch","wiretap","cocaine","wiretap-cocaine","InanimateMatch","NegativeMatch"
"1889","6503144f9a10397111eb3eb9","control_Dissimilar","0","DissimilarControl","begin","end","begin-end","",""
"1890","6503144f9a10397111eb3eb9","control_MaxMatch_Positive_Inanimate","10","MaxMatch","prize","pizza","prize-pizza","InanimateMatch","PositiveMatch"
"1891","6503144f9a10397111eb3eb9","control_MaxMatch_Positive_Animate","8","MaxMatch","puppy","sibling","puppy-sibling","AnimateMatch","PositiveMatch"
"1892","6503144f9a10397111eb3eb9","test_ValenceMatch_Negative","0","ValenceMatchingOnly","wiretap","slave","wiretap-slave","InanimateMismatch","NegativeMatch"
"1893","6503144f9a10397111eb3eb9","test_ValenceMatch_Positive","0","ValenceMatchingOnly","award","chipmunk","award-chipmunk","InanimateMismatch","PositiveMatch"
"1894","6503144f9a10397111eb3eb9","control_Similar","99","SimilarControl","help","assist","help-assist","",""
"1895","6503144f9a10397111eb3eb9","control_MaxMatch_Negative_Animate","38","MaxMatch","asshole","intruder","asshole-intruder","AnimateMatch","NegativeMatch"
"1896","6503144f9a10397111eb3eb9","test_ConceptualMatch_Inanimate","0","ConceptualMatchingOnly","corpse","pizza","corpse-pizza","ConceptualMatch:inanimate","NegativeMismatch"
"1897","6503144f9a10397111eb3eb9","control_Dissimilar","0","DissimilarControl","increase","decrease","increase-decrease","",""
"1898","6503144f9a10397111eb3eb9","control_Similar","99","SimilarControl","speak","talk","speak-talk","",""
"1899","6503144f9a10397111eb3eb9","control_MaxMismatch","0","MaxMismatch","slave","sibling","slave-sibling","AnimateMismatch","NegativeMismatch"
"1900","6503144f9a10397111eb3eb9","control_MaxMatch_Negative_Inanimate","70","MaxMatch","cocaine","poison","cocaine-poison","InanimateMatch","NegativeMatch"
"1901","6503144f9a10397111eb3eb9","control_Dissimilar","28","DissimilarControl","add","remove","add-remove","",""
"1902","6503144f9a10397111eb3eb9","control_MaxMatch_Positive_Inanimate","31","MaxMatch","prize","sandwich","prize-sandwich","InanimateMatch","PositiveMatch"
"1903","6503144f9a10397111eb3eb9","control_MaxMatch_Positive_Animate","15","MaxMatch","comedian","sibling","comedian-sibling","AnimateMatch","PositiveMatch"
"1904","6503144f9a10397111eb3eb9","test_ValenceMatch_Negative","8","ValenceMatchingOnly","poison","dictator","poison-dictator","InanimateMismatch","NegativeMatch"
"1905","6503144f9a10397111eb3eb9","test_ValenceMatch_Positive","14","ValenceMatchingOnly","meadow","duckling","meadow-duckling","InanimateMismatch","PositiveMatch"
"1906","6503144f9a10397111eb3eb9","control_Similar","99","SimilarControl","get","obtain","get-obtain","",""
"1907","6503144f9a10397111eb3eb9","control_MaxMatch_Negative_Animate","26","MaxMatch","inmate","intruder","inmate-intruder","AnimateMatch","NegativeMatch"
"1908","6503144f9a10397111eb3eb9","test_ConceptualMatch_Inanimate","0","ConceptualMatchingOnly","corpse","meadow","corpse-meadow","ConceptualMatch:inanimate","NegativeMismatch"
"1909","6503144f9a10397111eb3eb9","control_Dissimilar","0","DissimilarControl","give","take","give-take","",""
"1910","6503144f9a10397111eb3eb9","control_Similar","88","SimilarControl","show","display","show-display","",""
"1911","6503144f9a10397111eb3eb9","control_MaxMismatch","8","MaxMismatch","slave","child","slave-child","AnimateMismatch","NegativeMismatch"
"1912","6503144f9a10397111eb3eb9","control_MaxMatch_Negative_Inanimate","6","MaxMatch","wiretap","corpse","wiretap-corpse","InanimateMatch","NegativeMatch"
"1913","6503144f9a10397111eb3eb9","control_Dissimilar","0","DissimilarControl","enter","exit","enter-exit","",""
"1914","6503144f9a10397111eb3eb9","control_MaxMatch_Positive_Inanimate","15","MaxMatch","feast","dollar","feast-dollar","InanimateMatch","PositiveMatch"
"1915","6503144f9a10397111eb3eb9","control_MaxMatch_Positive_Animate","5","MaxMatch","child","chipmunk","child-chipmunk","AnimateMatch","PositiveMatch"
"1916","6503144f9a10397111eb3eb9","test_ValenceMatch_Negative","0","ValenceMatchingOnly","flood","slave","flood-slave","InanimateMismatch","NegativeMatch"
"1917","6503144f9a10397111eb3eb9","test_ValenceMatch_Positive","13","ValenceMatchingOnly","sunshine","child","sunshine-child","InanimateMismatch","PositiveMatch"
"1918","6503144f9a10397111eb3eb9","control_Similar","93","SimilarControl","need","require","need-require","",""
"1919","6503144f9a10397111eb3eb9","control_MaxMatch_Negative_Animate","17","MaxMatch","asshole","tapeworm","asshole-tapeworm","AnimateMatch","NegativeMatch"
"1920","6503144f9a10397111eb3eb9","test_ConceptualMatch_Inanimate","16","ConceptualMatchingOnly","heroin","laughter","heroin-laughter","ConceptualMatch:inanimate","NegativeMismatch"
"1921","5dd438b65a40f24302c09c2d","control_Similar","95","SimilarControl","need","require","need-require","",""
"1922","5dd438b65a40f24302c09c2d","control_Dissimilar","0","DissimilarControl","enter","exit","enter-exit","",""
"1923","5dd438b65a40f24302c09c2d","control_MaxMatch_Positive_Animate","73","MaxMatch","duckling","bunny","duckling-bunny","AnimateMatch","PositiveMatch"
"1924","5dd438b65a40f24302c09c2d","test_ValenceMatch_Negative","25","ValenceMatchingOnly","poison","widow","poison-widow","InanimateMismatch","NegativeMatch"
"1925","5dd438b65a40f24302c09c2d","control_Similar","99","SimilarControl","buy","purchase","buy-purchase","",""
"1926","5dd438b65a40f24302c09c2d","control_Dissimilar","0","DissimilarControl","add","remove","add-remove","",""
"1927","5dd438b65a40f24302c09c2d","control_MaxMatch_Negative_Animate","22","MaxMatch","widow","intruder","widow-intruder","AnimateMatch","NegativeMatch"
"1928","5dd438b65a40f24302c09c2d","test_ValenceMatch_Positive","51","ValenceMatchingOnly","dollar","sibling","dollar-sibling","InanimateMismatch","PositiveMatch"
"1929","5dd438b65a40f24302c09c2d","control_MaxMatch_Negative_Inanimate","70","MaxMatch","wiretap","poison","wiretap-poison","InanimateMatch","NegativeMatch"
"1930","5dd438b65a40f24302c09c2d","control_MaxMismatch","39","MaxMismatch","slave","comedian","slave-comedian","AnimateMismatch","NegativeMismatch"
"1931","5dd438b65a40f24302c09c2d","control_MaxMatch_Positive_Inanimate","83","MaxMatch","sunshine","doughnut","sunshine-doughnut","InanimateMatch","PositiveMatch"
"1932","5dd438b65a40f24302c09c2d","test_ConceptualMatch_Inanimate","34","ConceptualMatchingOnly","gunshot","award","gunshot-award","ConceptualMatch:inanimate","NegativeMismatch"
"1933","5dd438b65a40f24302c09c2d","control_Similar","99","SimilarControl","help","assist","help-assist","",""
"1934","5dd438b65a40f24302c09c2d","control_Dissimilar","15","DissimilarControl","come","go","come-go","",""
"1935","5dd438b65a40f24302c09c2d","control_MaxMatch_Positive_Animate","69","MaxMatch","puppy","husband","puppy-husband","AnimateMatch","PositiveMatch"
"1936","5dd438b65a40f24302c09c2d","test_ValenceMatch_Negative","48","ValenceMatchingOnly","heroin","slave","heroin-slave","InanimateMismatch","NegativeMatch"
"1937","5dd438b65a40f24302c09c2d","control_Similar","95","SimilarControl","get","obtain","get-obtain","",""
"1938","5dd438b65a40f24302c09c2d","control_Dissimilar","7","DissimilarControl","push","pull","push-pull","",""
"1939","5dd438b65a40f24302c09c2d","control_MaxMatch_Negative_Animate","0","MaxMatch","maggot","leech","maggot-leech","AnimateMatch","NegativeMatch"
"1940","5dd438b65a40f24302c09c2d","test_ValenceMatch_Positive","44","ValenceMatchingOnly","sunshine","duckling","sunshine-duckling","InanimateMismatch","PositiveMatch"
"1941","5dd438b65a40f24302c09c2d","control_MaxMatch_Negative_Inanimate","46","MaxMatch","swastika","wiretap","swastika-wiretap","InanimateMatch","NegativeMatch"
"1942","5dd438b65a40f24302c09c2d","control_MaxMismatch","0","MaxMismatch","leech","chipmunk","leech-chipmunk","AnimateMismatch","NegativeMismatch"
"1943","5dd438b65a40f24302c09c2d","control_MaxMatch_Positive_Inanimate","61","MaxMatch","feast","dollar","feast-dollar","InanimateMatch","PositiveMatch"
"1944","5dd438b65a40f24302c09c2d","test_ConceptualMatch_Inanimate","36","ConceptualMatchingOnly","heroin","pizza","heroin-pizza","ConceptualMatch:inanimate","NegativeMismatch"
"1945","5dd438b65a40f24302c09c2d","control_Similar","99","SimilarControl","speak","talk","speak-talk","",""
"1946","5dd438b65a40f24302c09c2d","control_Dissimilar","17","DissimilarControl","arrive","leave","arrive-leave","",""
"1947","5dd438b65a40f24302c09c2d","control_MaxMatch_Positive_Animate","12","MaxMatch","kitten","husband","kitten-husband","AnimateMatch","PositiveMatch"
"1948","5dd438b65a40f24302c09c2d","test_ValenceMatch_Negative","76","ValenceMatchingOnly","swastika","tapeworm","swastika-tapeworm","InanimateMismatch","NegativeMatch"
"1949","5dd438b65a40f24302c09c2d","control_Similar","99","SimilarControl","begin","start","begin-start","",""
"1950","5dd438b65a40f24302c09c2d","control_Dissimilar","0","DissimilarControl","increase","decrease","increase-decrease","",""
"1951","5dd438b65a40f24302c09c2d","control_MaxMatch_Negative_Animate","5","MaxMatch","slave","maggot","slave-maggot","AnimateMatch","NegativeMatch"
"1952","5dd438b65a40f24302c09c2d","test_ValenceMatch_Positive","21","ValenceMatchingOnly","doughnut","kitten","doughnut-kitten","InanimateMismatch","PositiveMatch"
"1953","5dd438b65a40f24302c09c2d","control_MaxMatch_Negative_Inanimate","13","MaxMatch","wiretap","corpse","wiretap-corpse","InanimateMatch","NegativeMatch"
"1954","5dd438b65a40f24302c09c2d","control_MaxMismatch","40","MaxMismatch","intruder","princess","intruder-princess","AnimateMismatch","NegativeMismatch"
"1955","5dd438b65a40f24302c09c2d","control_MaxMatch_Positive_Inanimate","71","MaxMatch","sandwich","meadow","sandwich-meadow","InanimateMatch","PositiveMatch"
"1956","5dd438b65a40f24302c09c2d","test_ConceptualMatch_Inanimate","0","ConceptualMatchingOnly","corpse","sandwich","corpse-sandwich","ConceptualMatch:inanimate","NegativeMismatch"
"1957","5dd438b65a40f24302c09c2d","control_Similar","99","SimilarControl","end","finish","end-finish","",""
"1958","5dd438b65a40f24302c09c2d","control_Dissimilar","0","DissimilarControl","rise","fall","rise-fall","",""
"1959","5dd438b65a40f24302c09c2d","control_MaxMatch_Positive_Animate","41","MaxMatch","comedian","sibling","comedian-sibling","AnimateMatch","PositiveMatch"
"1960","5dd438b65a40f24302c09c2d","test_ValenceMatch_Negative","0","ValenceMatchingOnly","heroin","dictator","heroin-dictator","InanimateMismatch","NegativeMatch"
"1961","5dd438b65a40f24302c09c2d","control_Similar","83","SimilarControl","use","employ","use-employ","",""
"1962","5dd438b65a40f24302c09c2d","control_Dissimilar","0","DissimilarControl","begin","end","begin-end","",""
"1963","5dd438b65a40f24302c09c2d","control_MaxMatch_Negative_Animate","73","MaxMatch","asshole","leech","asshole-leech","AnimateMatch","NegativeMatch"
"1964","5dd438b65a40f24302c09c2d","test_ValenceMatch_Positive","2","ValenceMatchingOnly","dollar","kitten","dollar-kitten","InanimateMismatch","PositiveMatch"
"1965","5dd438b65a40f24302c09c2d","control_MaxMatch_Negative_Inanimate","86","MaxMatch","swastika","poison","swastika-poison","InanimateMatch","NegativeMatch"
"1966","5dd438b65a40f24302c09c2d","control_MaxMismatch","41","MaxMismatch","tapeworm","bunny","tapeworm-bunny","AnimateMismatch","NegativeMismatch"
"1967","5dd438b65a40f24302c09c2d","control_MaxMatch_Positive_Inanimate","69","MaxMatch","award","feast","award-feast","InanimateMatch","PositiveMatch"
"1968","5dd438b65a40f24302c09c2d","test_ConceptualMatch_Inanimate","49","ConceptualMatchingOnly","poison","sandwich","poison-sandwich","ConceptualMatch:inanimate","NegativeMismatch"
"1969","5dd438b65a40f24302c09c2d","control_Similar","99","SimilarControl","show","display","show-display","",""
"1970","5dd438b65a40f24302c09c2d","control_Dissimilar","2","DissimilarControl","give","take","give-take","",""
"1971","5dd438b65a40f24302c09c2d","control_MaxMatch_Positive_Animate","82","MaxMatch","kitten","child","kitten-child","AnimateMatch","PositiveMatch"
"1972","5dd438b65a40f24302c09c2d","test_ValenceMatch_Negative","82","ValenceMatchingOnly","corpse","maggot","corpse-maggot","InanimateMismatch","NegativeMatch"
"1973","5dd438b65a40f24302c09c2d","control_Similar","99","SimilarControl","ask","inquire","ask-inquire","",""
"1974","5dd438b65a40f24302c09c2d","control_Dissimilar","0","DissimilarControl","open","close","open-close","",""
"1975","5dd438b65a40f24302c09c2d","control_MaxMatch_Negative_Animate","36","MaxMatch","maggot","intruder","maggot-intruder","AnimateMatch","NegativeMatch"
"1976","5dd438b65a40f24302c09c2d","test_ValenceMatch_Positive","21","ValenceMatchingOnly","award","chipmunk","award-chipmunk","InanimateMismatch","PositiveMatch"
"1977","5dd438b65a40f24302c09c2d","control_MaxMatch_Negative_Inanimate","88","MaxMatch","heroin","corpse","heroin-corpse","InanimateMatch","NegativeMatch"
"1978","5dd438b65a40f24302c09c2d","control_MaxMismatch","4","MaxMismatch","maggot","duckling","maggot-duckling","AnimateMismatch","NegativeMismatch"
"1979","5dd438b65a40f24302c09c2d","control_MaxMatch_Positive_Inanimate","89","MaxMatch","pizza","feast","pizza-feast","InanimateMatch","PositiveMatch"
"1980","5dd438b65a40f24302c09c2d","test_ConceptualMatch_Inanimate","63","ConceptualMatchingOnly","flood","sunshine","flood-sunshine","ConceptualMatch:inanimate","NegativeMismatch"
"1981","671d7a754bafa85dac6e0683","control_Dissimilar","0","DissimilarControl","give","take","give-take","",""
"1982","671d7a754bafa85dac6e0683","control_Similar","99","SimilarControl","ask","inquire","ask-inquire","",""
"1983","671d7a754bafa85dac6e0683","test_ValenceMatch_Negative","0","ValenceMatchingOnly","flood","intruder","flood-intruder","InanimateMismatch","NegativeMatch"
"1984","671d7a754bafa85dac6e0683","control_MaxMatch_Positive_Animate","0","MaxMatch","princess","husband","princess-husband","AnimateMatch","PositiveMatch"
"1985","671d7a754bafa85dac6e0683","control_MaxMatch_Positive_Inanimate","0","MaxMatch","sunshine","feast","sunshine-feast","InanimateMatch","PositiveMatch"
"1986","671d7a754bafa85dac6e0683","control_Dissimilar","0","DissimilarControl","come","go","come-go","",""
"1987","671d7a754bafa85dac6e0683","test_ValenceMatch_Positive","0","ValenceMatchingOnly","laughter","princess","laughter-princess","InanimateMismatch","PositiveMatch"
"1988","671d7a754bafa85dac6e0683","control_MaxMatch_Negative_Inanimate","67","MaxMatch","excrement","poison","excrement-poison","InanimateMatch","NegativeMatch"
"1989","671d7a754bafa85dac6e0683","test_ConceptualMatch_Inanimate","0","ConceptualMatchingOnly","cocaine","sunshine","cocaine-sunshine","ConceptualMatch:inanimate","NegativeMismatch"
"1990","671d7a754bafa85dac6e0683","control_Similar","99","SimilarControl","show","display","show-display","",""
"1991","671d7a754bafa85dac6e0683","control_MaxMismatch","0","MaxMismatch","maggot","kitten","maggot-kitten","AnimateMismatch","NegativeMismatch"
"1992","671d7a754bafa85dac6e0683","control_MaxMatch_Negative_Animate","0","MaxMatch","widow","leech","widow-leech","AnimateMatch","NegativeMatch"
"1993","671d7a754bafa85dac6e0683","control_Dissimilar","0","DissimilarControl","begin","end","begin-end","",""
"1994","671d7a754bafa85dac6e0683","control_Similar","99","SimilarControl","get","obtain","get-obtain","",""
"1995","671d7a754bafa85dac6e0683","test_ValenceMatch_Negative","51","ValenceMatchingOnly","poison","maggot","poison-maggot","InanimateMismatch","NegativeMatch"
"1996","671d7a754bafa85dac6e0683","control_MaxMatch_Positive_Animate","0","MaxMatch","sibling","kitten","sibling-kitten","AnimateMatch","PositiveMatch"
"1997","671d7a754bafa85dac6e0683","control_MaxMatch_Positive_Inanimate","0","MaxMatch","laughter","feast","laughter-feast","InanimateMatch","PositiveMatch"
"1998","671d7a754bafa85dac6e0683","control_Dissimilar","0","DissimilarControl","add","remove","add-remove","",""
"1999","671d7a754bafa85dac6e0683","test_ValenceMatch_Positive","0","ValenceMatchingOnly","laughter","sibling","laughter-sibling","InanimateMismatch","PositiveMatch"
"2000","671d7a754bafa85dac6e0683","control_MaxMatch_Negative_Inanimate","0","MaxMatch","swastika","wiretap","swastika-wiretap","InanimateMatch","NegativeMatch"
"2001","671d7a754bafa85dac6e0683","test_ConceptualMatch_Inanimate","0","ConceptualMatchingOnly","excrement","sunshine","excrement-sunshine","ConceptualMatch:inanimate","NegativeMismatch"
"2002","671d7a754bafa85dac6e0683","control_Similar","99","SimilarControl","buy","purchase","buy-purchase","",""
"2003","671d7a754bafa85dac6e0683","control_MaxMismatch","0","MaxMismatch","inmate","comedian","inmate-comedian","AnimateMismatch","NegativeMismatch"
"2004","671d7a754bafa85dac6e0683","control_MaxMatch_Negative_Animate","0","MaxMatch","dictator","mugger","dictator-mugger","AnimateMatch","NegativeMatch"
"2005","671d7a754bafa85dac6e0683","control_Dissimilar","0","DissimilarControl","increase","decrease","increase-decrease","",""
"2006","671d7a754bafa85dac6e0683","control_Similar","99","SimilarControl","use","employ","use-employ","",""
"2007","671d7a754bafa85dac6e0683","test_ValenceMatch_Negative","0","ValenceMatchingOnly","swastika","widow","swastika-widow","InanimateMismatch","NegativeMatch"
"2008","671d7a754bafa85dac6e0683","control_MaxMatch_Positive_Animate","0","MaxMatch","duckling","chipmunk","duckling-chipmunk","AnimateMatch","PositiveMatch"
"2009","671d7a754bafa85dac6e0683","control_MaxMatch_Positive_Inanimate","0","MaxMatch","pizza","doughnut","pizza-doughnut","InanimateMatch","PositiveMatch"
"2010","671d7a754bafa85dac6e0683","control_Dissimilar","0","DissimilarControl","enter","exit","enter-exit","",""
"2011","671d7a754bafa85dac6e0683","test_ValenceMatch_Positive","0","ValenceMatchingOnly","feast","husband","feast-husband","InanimateMismatch","PositiveMatch"
"2012","671d7a754bafa85dac6e0683","control_MaxMatch_Negative_Inanimate","71","MaxMatch","heroin","poison","heroin-poison","InanimateMatch","NegativeMatch"
"2013","671d7a754bafa85dac6e0683","test_ConceptualMatch_Inanimate","0","ConceptualMatchingOnly","wiretap","feast","wiretap-feast","ConceptualMatch:inanimate","NegativeMismatch"
"2014","671d7a754bafa85dac6e0683","control_Similar","99","SimilarControl","speak","talk","speak-talk","",""
"2015","671d7a754bafa85dac6e0683","control_MaxMismatch","0","MaxMismatch","maggot","husband","maggot-husband","AnimateMismatch","NegativeMismatch"
"2016","671d7a754bafa85dac6e0683","control_MaxMatch_Negative_Animate","0","MaxMatch","asshole","maggot","asshole-maggot","AnimateMatch","NegativeMatch"
"2017","671d7a754bafa85dac6e0683","control_Dissimilar","0","DissimilarControl","push","pull","push-pull","",""
"2018","671d7a754bafa85dac6e0683","control_Similar","99","SimilarControl","need","require","need-require","",""
"2019","671d7a754bafa85dac6e0683","test_ValenceMatch_Negative","0","ValenceMatchingOnly","cocaine","widow","cocaine-widow","InanimateMismatch","NegativeMatch"
"2020","671d7a754bafa85dac6e0683","control_MaxMatch_Positive_Animate","0","MaxMatch","sibling","bunny","sibling-bunny","AnimateMatch","PositiveMatch"
"2021","671d7a754bafa85dac6e0683","control_MaxMatch_Positive_Inanimate","0","MaxMatch","pizza","meadow","pizza-meadow","InanimateMatch","PositiveMatch"
"2022","671d7a754bafa85dac6e0683","control_Dissimilar","0","DissimilarControl","arrive","leave","arrive-leave","",""
"2023","671d7a754bafa85dac6e0683","test_ValenceMatch_Positive","0","ValenceMatchingOnly","prize","bunny","prize-bunny","InanimateMismatch","PositiveMatch"
"2024","671d7a754bafa85dac6e0683","control_MaxMatch_Negative_Inanimate","0","MaxMatch","smallpox","corpse","smallpox-corpse","InanimateMatch","NegativeMatch"
"2025","671d7a754bafa85dac6e0683","test_ConceptualMatch_Inanimate","0","ConceptualMatchingOnly","flood","meadow","flood-meadow","ConceptualMatch:inanimate","NegativeMismatch"
"2026","671d7a754bafa85dac6e0683","control_Similar","99","SimilarControl","end","finish","end-finish","",""
"2027","671d7a754bafa85dac6e0683","control_MaxMismatch","0","MaxMismatch","inmate","child","inmate-child","AnimateMismatch","NegativeMismatch"
"2028","671d7a754bafa85dac6e0683","control_MaxMatch_Negative_Animate","0","MaxMatch","slave","asshole","slave-asshole","AnimateMatch","NegativeMatch"
"2029","671d7a754bafa85dac6e0683","control_Dissimilar","0","DissimilarControl","rise","fall","rise-fall","",""
"2030","671d7a754bafa85dac6e0683","control_Similar","99","SimilarControl","begin","start","begin-start","",""
"2031","671d7a754bafa85dac6e0683","test_ValenceMatch_Negative","0","ValenceMatchingOnly","poison","mugger","poison-mugger","InanimateMismatch","NegativeMatch"
"2032","671d7a754bafa85dac6e0683","control_MaxMatch_Positive_Animate","0","MaxMatch","puppy","husband","puppy-husband","AnimateMatch","PositiveMatch"
"2033","671d7a754bafa85dac6e0683","control_MaxMatch_Positive_Inanimate","34","MaxMatch","feast","sandwich","feast-sandwich","InanimateMatch","PositiveMatch"
"2034","671d7a754bafa85dac6e0683","control_Dissimilar","0","DissimilarControl","open","close","open-close","",""
"2035","671d7a754bafa85dac6e0683","test_ValenceMatch_Positive","0","ValenceMatchingOnly","feast","kitten","feast-kitten","InanimateMismatch","PositiveMatch"
"2036","671d7a754bafa85dac6e0683","control_MaxMatch_Negative_Inanimate","0","MaxMatch","swastika","poison","swastika-poison","InanimateMatch","NegativeMatch"
"2037","671d7a754bafa85dac6e0683","test_ConceptualMatch_Inanimate","0","ConceptualMatchingOnly","gunshot","feast","gunshot-feast","ConceptualMatch:inanimate","NegativeMismatch"
"2038","671d7a754bafa85dac6e0683","control_Similar","98","SimilarControl","help","assist","help-assist","",""
"2039","671d7a754bafa85dac6e0683","control_MaxMismatch","0","MaxMismatch","maggot","bunny","maggot-bunny","AnimateMismatch","NegativeMismatch"
"2040","671d7a754bafa85dac6e0683","control_MaxMatch_Negative_Animate","0","MaxMatch","inmate","tapeworm","inmate-tapeworm","AnimateMatch","NegativeMatch"
"2041","58dc64ce2803f900013d540f","control_Similar","99","SimilarControl","begin","start","begin-start","",""
"2042","58dc64ce2803f900013d540f","control_Dissimilar","0","DissimilarControl","add","remove","add-remove","",""
"2043","58dc64ce2803f900013d540f","test_ValenceMatch_Negative","0","ValenceMatchingOnly","wiretap","leech","wiretap-leech","InanimateMismatch","NegativeMatch"
"2044","58dc64ce2803f900013d540f","control_MaxMatch_Negative_Inanimate","0","MaxMatch","gunshot","corpse","gunshot-corpse","InanimateMatch","NegativeMatch"
"2045","58dc64ce2803f900013d540f","control_MaxMatch_Positive_Inanimate","0","MaxMatch","feast","dollar","feast-dollar","InanimateMatch","PositiveMatch"
"2046","58dc64ce2803f900013d540f","control_MaxMismatch","0","MaxMismatch","dictator","puppy","dictator-puppy","AnimateMismatch","NegativeMismatch"
"2047","58dc64ce2803f900013d540f","control_Similar","83","SimilarControl","use","employ","use-employ","",""
"2048","58dc64ce2803f900013d540f","control_MaxMatch_Positive_Animate","0","MaxMatch","duckling","kitten","duckling-kitten","AnimateMatch","PositiveMatch"
"2049","58dc64ce2803f900013d540f","test_ValenceMatch_Positive","4","ValenceMatchingOnly","award","child","award-child","InanimateMismatch","PositiveMatch"
"2050","58dc64ce2803f900013d540f","control_MaxMatch_Negative_Animate","19","MaxMatch","maggot","tapeworm","maggot-tapeworm","AnimateMatch","NegativeMatch"
"2051","58dc64ce2803f900013d540f","control_Dissimilar","0","DissimilarControl","begin","end","begin-end","",""
"2052","58dc64ce2803f900013d540f","test_ConceptualMatch_Inanimate","0","ConceptualMatchingOnly","smallpox","laughter","smallpox-laughter","ConceptualMatch:inanimate","NegativeMismatch"
"2053","58dc64ce2803f900013d540f","control_Similar","99","SimilarControl","buy","purchase","buy-purchase","",""
"2054","58dc64ce2803f900013d540f","control_Dissimilar","0","DissimilarControl","rise","fall","rise-fall","",""
"2055","58dc64ce2803f900013d540f","test_ValenceMatch_Negative","0","ValenceMatchingOnly","gunshot","asshole","gunshot-asshole","InanimateMismatch","NegativeMatch"
"2056","58dc64ce2803f900013d540f","control_MaxMatch_Negative_Inanimate","0","MaxMatch","wiretap","corpse","wiretap-corpse","InanimateMatch","NegativeMatch"
"2057","58dc64ce2803f900013d540f","control_MaxMatch_Positive_Inanimate","0","MaxMatch","award","feast","award-feast","InanimateMatch","PositiveMatch"
"2058","58dc64ce2803f900013d540f","control_MaxMismatch","0","MaxMismatch","tapeworm","kitten","tapeworm-kitten","AnimateMismatch","NegativeMismatch"
"2059","58dc64ce2803f900013d540f","control_Similar","99","SimilarControl","end","finish","end-finish","",""
"2060","58dc64ce2803f900013d540f","control_MaxMatch_Positive_Animate","13","MaxMatch","sibling","husband","sibling-husband","AnimateMatch","PositiveMatch"
"2061","58dc64ce2803f900013d540f","test_ValenceMatch_Positive","0","ValenceMatchingOnly","feast","husband","feast-husband","InanimateMismatch","PositiveMatch"
"2062","58dc64ce2803f900013d540f","control_MaxMatch_Negative_Animate","0","MaxMatch","asshole","leech","asshole-leech","AnimateMatch","NegativeMatch"
"2063","58dc64ce2803f900013d540f","control_Dissimilar","2","DissimilarControl","arrive","leave","arrive-leave","",""
"2064","58dc64ce2803f900013d540f","test_ConceptualMatch_Inanimate","0","ConceptualMatchingOnly","corpse","pizza","corpse-pizza","ConceptualMatch:inanimate","NegativeMismatch"
"2065","58dc64ce2803f900013d540f","control_Similar","99","SimilarControl","help","assist","help-assist","",""
"2066","58dc64ce2803f900013d540f","control_Dissimilar","0","DissimilarControl","come","go","come-go","",""
"2067","58dc64ce2803f900013d540f","test_ValenceMatch_Negative","0","ValenceMatchingOnly","excrement","inmate","excrement-inmate","InanimateMismatch","NegativeMatch"
"2068","58dc64ce2803f900013d540f","control_MaxMatch_Negative_Inanimate","0","MaxMatch","cocaine","gunshot","cocaine-gunshot","InanimateMatch","NegativeMatch"
"2069","58dc64ce2803f900013d540f","control_MaxMatch_Positive_Inanimate","72","MaxMatch","pizza","feast","pizza-feast","InanimateMatch","PositiveMatch"
"2070","58dc64ce2803f900013d540f","control_MaxMismatch","0","MaxMismatch","dictator","comedian","dictator-comedian","AnimateMismatch","NegativeMismatch"
"2071","58dc64ce2803f900013d540f","control_Similar","99","SimilarControl","ask","inquire","ask-inquire","",""
"2072","58dc64ce2803f900013d540f","control_MaxMatch_Positive_Animate","0","MaxMatch","sibling","duckling","sibling-duckling","AnimateMatch","PositiveMatch"
"2073","58dc64ce2803f900013d540f","test_ValenceMatch_Positive","0","ValenceMatchingOnly","sunshine","princess","sunshine-princess","InanimateMismatch","PositiveMatch"
"2074","58dc64ce2803f900013d540f","control_MaxMatch_Negative_Animate","0","MaxMatch","widow","intruder","widow-intruder","AnimateMatch","NegativeMatch"
"2075","58dc64ce2803f900013d540f","control_Dissimilar","0","DissimilarControl","give","take","give-take","",""
"2076","58dc64ce2803f900013d540f","test_ConceptualMatch_Inanimate","0","ConceptualMatchingOnly","cocaine","feast","cocaine-feast","ConceptualMatch:inanimate","NegativeMismatch"
"2077","58dc64ce2803f900013d540f","control_Similar","99","SimilarControl","need","require","need-require","",""
"2078","58dc64ce2803f900013d540f","control_Dissimilar","0","DissimilarControl","increase","decrease","increase-decrease","",""
"2079","58dc64ce2803f900013d540f","test_ValenceMatch_Negative","0","ValenceMatchingOnly","heroin","mugger","heroin-mugger","InanimateMismatch","NegativeMatch"
"2080","58dc64ce2803f900013d540f","control_MaxMatch_Negative_Inanimate","0","MaxMatch","heroin","wiretap","heroin-wiretap","InanimateMatch","NegativeMatch"
"2081","58dc64ce2803f900013d540f","control_MaxMatch_Positive_Inanimate","0","MaxMatch","doughnut","dollar","doughnut-dollar","InanimateMatch","PositiveMatch"
"2082","58dc64ce2803f900013d540f","control_MaxMismatch","0","MaxMismatch","dictator","kitten","dictator-kitten","AnimateMismatch","NegativeMismatch"
"2083","58dc64ce2803f900013d540f","control_Similar","90","SimilarControl","show","display","show-display","",""
"2084","58dc64ce2803f900013d540f","control_MaxMatch_Positive_Animate","0","MaxMatch","puppy","child","puppy-child","AnimateMatch","PositiveMatch"
"2085","58dc64ce2803f900013d540f","test_ValenceMatch_Positive","0","ValenceMatchingOnly","feast","sibling","feast-sibling","InanimateMismatch","PositiveMatch"
"2086","58dc64ce2803f900013d540f","control_MaxMatch_Negative_Animate","0","MaxMatch","slave","leech","slave-leech","AnimateMatch","NegativeMatch"
"2087","58dc64ce2803f900013d540f","control_Dissimilar","0","DissimilarControl","open","close","open-close","",""
"2088","58dc64ce2803f900013d540f","test_ConceptualMatch_Inanimate","0","ConceptualMatchingOnly","flood","prize","flood-prize","ConceptualMatch:inanimate","NegativeMismatch"
"2089","58dc64ce2803f900013d540f","control_Similar","99","SimilarControl","speak","talk","speak-talk","",""
"2090","58dc64ce2803f900013d540f","control_Dissimilar","0","DissimilarControl","push","pull","push-pull","",""
"2091","58dc64ce2803f900013d540f","test_ValenceMatch_Negative","0","ValenceMatchingOnly","cocaine","mugger","cocaine-mugger","InanimateMismatch","NegativeMatch"
"2092","58dc64ce2803f900013d540f","control_MaxMatch_Negative_Inanimate","0","MaxMatch","swastika","excrement","swastika-excrement","InanimateMatch","NegativeMatch"
"2093","58dc64ce2803f900013d540f","control_MaxMatch_Positive_Inanimate","0","MaxMatch","sunshine","award","sunshine-award","InanimateMatch","PositiveMatch"
"2094","58dc64ce2803f900013d540f","control_MaxMismatch","0","MaxMismatch","inmate","sibling","inmate-sibling","AnimateMismatch","NegativeMismatch"
"2095","58dc64ce2803f900013d540f","control_Similar","99","SimilarControl","get","obtain","get-obtain","",""
"2096","58dc64ce2803f900013d540f","control_MaxMatch_Positive_Animate","0","MaxMatch","duckling","husband","duckling-husband","AnimateMatch","PositiveMatch"
"2097","58dc64ce2803f900013d540f","test_ValenceMatch_Positive","0","ValenceMatchingOnly","laughter","puppy","laughter-puppy","InanimateMismatch","PositiveMatch"
"2098","58dc64ce2803f900013d540f","control_MaxMatch_Negative_Animate","0","MaxMatch","slave","maggot","slave-maggot","AnimateMatch","NegativeMatch"
"2099","58dc64ce2803f900013d540f","control_Dissimilar","0","DissimilarControl","enter","exit","enter-exit","",""
"2100","58dc64ce2803f900013d540f","test_ConceptualMatch_Inanimate","0","ConceptualMatchingOnly","gunshot","sandwich","gunshot-sandwich","ConceptualMatch:inanimate","NegativeMismatch"
"2101","6637b21240220c2517fffa1a","control_Dissimilar","0","DissimilarControl","open","close","open-close","",""
"2102","6637b21240220c2517fffa1a","control_Similar","90","SimilarControl","use","employ","use-employ","",""
"2103","6637b21240220c2517fffa1a","test_ValenceMatch_Positive","0","ValenceMatchingOnly","pizza","chipmunk","pizza-chipmunk","InanimateMismatch","PositiveMatch"
"2104","6637b21240220c2517fffa1a","control_MaxMismatch","0","MaxMismatch","tapeworm","duckling","tapeworm-duckling","AnimateMismatch","NegativeMismatch"
"2105","6637b21240220c2517fffa1a","control_MaxMatch_Positive_Inanimate","3","MaxMatch","pizza","meadow","pizza-meadow","InanimateMatch","PositiveMatch"
"2106","6637b21240220c2517fffa1a","control_Dissimilar","0","DissimilarControl","rise","fall","rise-fall","",""
"2107","6637b21240220c2517fffa1a","test_ValenceMatch_Negative","4","ValenceMatchingOnly","flood","maggot","flood-maggot","InanimateMismatch","NegativeMatch"
"2108","6637b21240220c2517fffa1a","control_Similar","97","SimilarControl","show","display","show-display","",""
"2109","6637b21240220c2517fffa1a","control_MaxMatch_Negative_Inanimate","21","MaxMatch","swastika","excrement","swastika-excrement","InanimateMatch","NegativeMatch"
"2110","6637b21240220c2517fffa1a","control_MaxMatch_Negative_Animate","73","MaxMatch","asshole","dictator","asshole-dictator","AnimateMatch","NegativeMatch"
"2111","6637b21240220c2517fffa1a","control_MaxMatch_Positive_Animate","63","MaxMatch","bunny","chipmunk","bunny-chipmunk","AnimateMatch","PositiveMatch"
"2112","6637b21240220c2517fffa1a","test_ConceptualMatch_Inanimate","8","ConceptualMatchingOnly","wiretap","dollar","wiretap-dollar","ConceptualMatch:inanimate","NegativeMismatch"
"2113","6637b21240220c2517fffa1a","control_Dissimilar","88","DissimilarControl","come","go","come-go","",""
"2114","6637b21240220c2517fffa1a","control_Similar","99","SimilarControl","need","require","need-require","",""
"2115","6637b21240220c2517fffa1a","test_ValenceMatch_Positive","91","ValenceMatchingOnly","laughter","comedian","laughter-comedian","InanimateMismatch","PositiveMatch"
"2116","6637b21240220c2517fffa1a","control_MaxMismatch","12","MaxMismatch","inmate","puppy","inmate-puppy","AnimateMismatch","NegativeMismatch"
"2117","6637b21240220c2517fffa1a","control_MaxMatch_Positive_Inanimate","4","MaxMatch","laughter","doughnut","laughter-doughnut","InanimateMatch","PositiveMatch"
"2118","6637b21240220c2517fffa1a","control_Dissimilar","0","DissimilarControl","arrive","leave","arrive-leave","",""
"2119","6637b21240220c2517fffa1a","test_ValenceMatch_Negative","4","ValenceMatchingOnly","smallpox","asshole","smallpox-asshole","InanimateMismatch","NegativeMatch"
"2120","6637b21240220c2517fffa1a","control_Similar","97","SimilarControl","ask","inquire","ask-inquire","",""
"2121","6637b21240220c2517fffa1a","control_MaxMatch_Negative_Inanimate","0","MaxMatch","swastika","flood","swastika-flood","InanimateMatch","NegativeMatch"
"2122","6637b21240220c2517fffa1a","control_MaxMatch_Negative_Animate","90","MaxMatch","intruder","mugger","intruder-mugger","AnimateMatch","NegativeMatch"
"2123","6637b21240220c2517fffa1a","control_MaxMatch_Positive_Animate","63","MaxMatch","kitten","chipmunk","kitten-chipmunk","AnimateMatch","PositiveMatch"
"2124","6637b21240220c2517fffa1a","test_ConceptualMatch_Inanimate","7","ConceptualMatchingOnly","cocaine","dollar","cocaine-dollar","ConceptualMatch:inanimate","NegativeMismatch"
"2125","6637b21240220c2517fffa1a","control_Dissimilar","0","DissimilarControl","push","pull","push-pull","",""
"2126","6637b21240220c2517fffa1a","control_Similar","99","SimilarControl","speak","talk","speak-talk","",""
"2127","6637b21240220c2517fffa1a","test_ValenceMatch_Positive","1","ValenceMatchingOnly","award","puppy","award-puppy","InanimateMismatch","PositiveMatch"
"2128","6637b21240220c2517fffa1a","control_MaxMismatch","0","MaxMismatch","mugger","husband","mugger-husband","AnimateMismatch","NegativeMismatch"
"2129","6637b21240220c2517fffa1a","control_MaxMatch_Positive_Inanimate","4","MaxMatch","dollar","sandwich","dollar-sandwich","InanimateMatch","PositiveMatch"
"2130","6637b21240220c2517fffa1a","control_Dissimilar","0","DissimilarControl","increase","decrease","increase-decrease","",""
"2131","6637b21240220c2517fffa1a","test_ValenceMatch_Negative","0","ValenceMatchingOnly","smallpox","dictator","smallpox-dictator","InanimateMismatch","NegativeMatch"
"2132","6637b21240220c2517fffa1a","control_Similar","96","SimilarControl","get","obtain","get-obtain","",""
"2133","6637b21240220c2517fffa1a","control_MaxMatch_Negative_Inanimate","0","MaxMatch","cocaine","excrement","cocaine-excrement","InanimateMatch","NegativeMatch"
"2134","6637b21240220c2517fffa1a","control_MaxMatch_Negative_Animate","0","MaxMatch","inmate","tapeworm","inmate-tapeworm","AnimateMatch","NegativeMatch"
"2135","6637b21240220c2517fffa1a","control_MaxMatch_Positive_Animate","9","MaxMatch","kitten","child","kitten-child","AnimateMatch","PositiveMatch"
"2136","6637b21240220c2517fffa1a","test_ConceptualMatch_Inanimate","0","ConceptualMatchingOnly","flood","meadow","flood-meadow","ConceptualMatch:inanimate","NegativeMismatch"
"2137","6637b21240220c2517fffa1a","control_Dissimilar","0","DissimilarControl","begin","end","begin-end","",""
"2138","6637b21240220c2517fffa1a","control_Similar","99","SimilarControl","begin","start","begin-start","",""
"2139","6637b21240220c2517fffa1a","test_ValenceMatch_Positive","2","ValenceMatchingOnly","doughnut","princess","doughnut-princess","InanimateMismatch","PositiveMatch"
"2140","6637b21240220c2517fffa1a","control_MaxMismatch","0","MaxMismatch","widow","kitten","widow-kitten","AnimateMismatch","NegativeMismatch"
"2141","6637b21240220c2517fffa1a","control_MaxMatch_Positive_Inanimate","3","MaxMatch","laughter","feast","laughter-feast","InanimateMatch","PositiveMatch"
"2142","6637b21240220c2517fffa1a","control_Dissimilar","0","DissimilarControl","give","take","give-take","",""
"2143","6637b21240220c2517fffa1a","test_ValenceMatch_Negative","7","ValenceMatchingOnly","poison","mugger","poison-mugger","InanimateMismatch","NegativeMatch"
"2144","6637b21240220c2517fffa1a","control_Similar","99","SimilarControl","help","assist","help-assist","",""
"2145","6637b21240220c2517fffa1a","control_MaxMatch_Negative_Inanimate","2","MaxMatch","cocaine","smallpox","cocaine-smallpox","InanimateMatch","NegativeMatch"
"2146","6637b21240220c2517fffa1a","control_MaxMatch_Negative_Animate","2","MaxMatch","slave","dictator","slave-dictator","AnimateMatch","NegativeMatch"
"2147","6637b21240220c2517fffa1a","control_MaxMatch_Positive_Animate","31","MaxMatch","puppy","bunny","puppy-bunny","AnimateMatch","PositiveMatch"
"2148","6637b21240220c2517fffa1a","test_ConceptualMatch_Inanimate","2","ConceptualMatchingOnly","heroin","award","heroin-award","ConceptualMatch:inanimate","NegativeMismatch"
"2149","6637b21240220c2517fffa1a","control_Dissimilar","0","DissimilarControl","add","remove","add-remove","",""
"2150","6637b21240220c2517fffa1a","control_Similar","99","SimilarControl","end","finish","end-finish","",""
"2151","6637b21240220c2517fffa1a","test_ValenceMatch_Positive","0","ValenceMatchingOnly","sandwich","sibling","sandwich-sibling","InanimateMismatch","PositiveMatch"
"2152","6637b21240220c2517fffa1a","control_MaxMismatch","0","MaxMismatch","dictator","puppy","dictator-puppy","AnimateMismatch","NegativeMismatch"
"2153","6637b21240220c2517fffa1a","control_MaxMatch_Positive_Inanimate","99","MaxMatch","prize","award","prize-award","InanimateMatch","PositiveMatch"
"2154","6637b21240220c2517fffa1a","control_Dissimilar","0","DissimilarControl","enter","exit","enter-exit","",""
"2155","6637b21240220c2517fffa1a","test_ValenceMatch_Negative","3","ValenceMatchingOnly","heroin","maggot","heroin-maggot","InanimateMismatch","NegativeMatch"
"2156","6637b21240220c2517fffa1a","control_Similar","99","SimilarControl","buy","purchase","buy-purchase","",""
"2157","6637b21240220c2517fffa1a","control_MaxMatch_Negative_Inanimate","4","MaxMatch","flood","corpse","flood-corpse","InanimateMatch","NegativeMatch"
"2158","6637b21240220c2517fffa1a","control_MaxMatch_Negative_Animate","9","MaxMatch","dictator","intruder","dictator-intruder","AnimateMatch","NegativeMatch"
"2159","6637b21240220c2517fffa1a","control_MaxMatch_Positive_Animate","0","MaxMatch","comedian","bunny","comedian-bunny","AnimateMatch","PositiveMatch"
"2160","6637b21240220c2517fffa1a","test_ConceptualMatch_Inanimate","0","ConceptualMatchingOnly","heroin","laughter","heroin-laughter","ConceptualMatch:inanimate","NegativeMismatch"
"2161","62f4904296e62ae6c19127d4","control_Dissimilar","0","DissimilarControl","add","remove","add-remove","",""
"2162","62f4904296e62ae6c19127d4","control_Similar","99","SimilarControl","ask","inquire","ask-inquire","",""
"2163","62f4904296e62ae6c19127d4","control_MaxMatch_Negative_Animate","0","MaxMatch","widow","intruder","widow-intruder","AnimateMatch","NegativeMatch"
"2164","62f4904296e62ae6c19127d4","control_Dissimilar","0","DissimilarControl","push","pull","push-pull","",""
"2165","62f4904296e62ae6c19127d4","test_ConceptualMatch_Inanimate","0","ConceptualMatchingOnly","cocaine","laughter","cocaine-laughter","ConceptualMatch:inanimate","NegativeMismatch"
"2166","62f4904296e62ae6c19127d4","control_MaxMismatch","0","MaxMismatch","inmate","kitten","inmate-kitten","AnimateMismatch","NegativeMismatch"
"2167","62f4904296e62ae6c19127d4","test_ValenceMatch_Negative","0","ValenceMatchingOnly","heroin","slave","heroin-slave","InanimateMismatch","NegativeMatch"
"2168","62f4904296e62ae6c19127d4","control_MaxMatch_Positive_Animate","0","MaxMatch","comedian","bunny","comedian-bunny","AnimateMatch","PositiveMatch"
"2169","62f4904296e62ae6c19127d4","test_ValenceMatch_Positive","99","ValenceMatchingOnly","laughter","child","laughter-child","InanimateMismatch","PositiveMatch"
"2170","62f4904296e62ae6c19127d4","control_MaxMatch_Positive_Inanimate","99","MaxMatch","feast","sandwich","feast-sandwich","InanimateMatch","PositiveMatch"
"2171","62f4904296e62ae6c19127d4","control_Similar","99","SimilarControl","buy","purchase","buy-purchase","",""
"2172","62f4904296e62ae6c19127d4","control_MaxMatch_Negative_Inanimate","0","MaxMatch","swastika","gunshot","swastika-gunshot","InanimateMatch","NegativeMatch"
"2173","62f4904296e62ae6c19127d4","control_Dissimilar","0","DissimilarControl","arrive","leave","arrive-leave","",""
"2174","62f4904296e62ae6c19127d4","control_Similar","99","SimilarControl","speak","talk","speak-talk","",""
"2175","62f4904296e62ae6c19127d4","control_MaxMatch_Negative_Animate","75","MaxMatch","asshole","maggot","asshole-maggot","AnimateMatch","NegativeMatch"
"2176","62f4904296e62ae6c19127d4","control_Dissimilar","0","DissimilarControl","increase","decrease","increase-decrease","",""
"2177","62f4904296e62ae6c19127d4","test_ConceptualMatch_Inanimate","0","ConceptualMatchingOnly","wiretap","pizza","wiretap-pizza","ConceptualMatch:inanimate","NegativeMismatch"
"2178","62f4904296e62ae6c19127d4","control_MaxMismatch","0","MaxMismatch","widow","child","widow-child","AnimateMismatch","NegativeMismatch"
"2179","62f4904296e62ae6c19127d4","test_ValenceMatch_Negative","0","ValenceMatchingOnly","corpse","slave","corpse-slave","InanimateMismatch","NegativeMatch"
"2180","62f4904296e62ae6c19127d4","control_MaxMatch_Positive_Animate","0","MaxMatch","kitten","bunny","kitten-bunny","AnimateMatch","PositiveMatch"
"2181","62f4904296e62ae6c19127d4","test_ValenceMatch_Positive","0","ValenceMatchingOnly","dollar","kitten","dollar-kitten","InanimateMismatch","PositiveMatch"
"2182","62f4904296e62ae6c19127d4","control_MaxMatch_Positive_Inanimate","0","MaxMatch","prize","laughter","prize-laughter","InanimateMatch","PositiveMatch"
"2183","62f4904296e62ae6c19127d4","control_Similar","99","SimilarControl","need","require","need-require","",""
"2184","62f4904296e62ae6c19127d4","control_MaxMatch_Negative_Inanimate","0","MaxMatch","cocaine","flood","cocaine-flood","InanimateMatch","NegativeMatch"
"2185","62f4904296e62ae6c19127d4","control_Dissimilar","0","DissimilarControl","enter","exit","enter-exit","",""
"2186","62f4904296e62ae6c19127d4","control_Similar","99","SimilarControl","get","obtain","get-obtain","",""
"2187","62f4904296e62ae6c19127d4","control_MaxMatch_Negative_Animate","0","MaxMatch","inmate","dictator","inmate-dictator","AnimateMatch","NegativeMatch"
"2188","62f4904296e62ae6c19127d4","control_Dissimilar","0","DissimilarControl","open","close","open-close","",""
"2189","62f4904296e62ae6c19127d4","test_ConceptualMatch_Inanimate","0","ConceptualMatchingOnly","smallpox","dollar","smallpox-dollar","ConceptualMatch:inanimate","NegativeMismatch"
"2190","62f4904296e62ae6c19127d4","control_MaxMismatch","0","MaxMismatch","mugger","sibling","mugger-sibling","AnimateMismatch","NegativeMismatch"
"2191","62f4904296e62ae6c19127d4","test_ValenceMatch_Negative","0","ValenceMatchingOnly","cocaine","mugger","cocaine-mugger","InanimateMismatch","NegativeMatch"
"2192","62f4904296e62ae6c19127d4","control_MaxMatch_Positive_Animate","0","MaxMatch","puppy","sibling","puppy-sibling","AnimateMatch","PositiveMatch"
"2193","62f4904296e62ae6c19127d4","test_ValenceMatch_Positive","0","ValenceMatchingOnly","sunshine","husband","sunshine-husband","InanimateMismatch","PositiveMatch"
"2194","62f4904296e62ae6c19127d4","control_MaxMatch_Positive_Inanimate","72","MaxMatch","sunshine","feast","sunshine-feast","InanimateMatch","PositiveMatch"
"2195","62f4904296e62ae6c19127d4","control_Similar","99","SimilarControl","show","display","show-display","",""
"2196","62f4904296e62ae6c19127d4","control_MaxMatch_Negative_Inanimate","0","MaxMatch","poison","flood","poison-flood","InanimateMatch","NegativeMatch"
"2197","62f4904296e62ae6c19127d4","control_Dissimilar","0","DissimilarControl","begin","end","begin-end","",""
"2198","62f4904296e62ae6c19127d4","control_Similar","99","SimilarControl","end","finish","end-finish","",""
"2199","62f4904296e62ae6c19127d4","control_MaxMatch_Negative_Animate","0","MaxMatch","asshole","mugger","asshole-mugger","AnimateMatch","NegativeMatch"
"2200","62f4904296e62ae6c19127d4","control_Dissimilar","0","DissimilarControl","rise","fall","rise-fall","",""
"2201","62f4904296e62ae6c19127d4","test_ConceptualMatch_Inanimate","0","ConceptualMatchingOnly","cocaine","feast","cocaine-feast","ConceptualMatch:inanimate","NegativeMismatch"
"2202","62f4904296e62ae6c19127d4","control_MaxMismatch","0","MaxMismatch","slave","kitten","slave-kitten","AnimateMismatch","NegativeMismatch"
"2203","62f4904296e62ae6c19127d4","test_ValenceMatch_Negative","0","ValenceMatchingOnly","cocaine","widow","cocaine-widow","InanimateMismatch","NegativeMatch"
"2204","62f4904296e62ae6c19127d4","control_MaxMatch_Positive_Animate","0","MaxMatch","sibling","princess","sibling-princess","AnimateMatch","PositiveMatch"
"2205","62f4904296e62ae6c19127d4","test_ValenceMatch_Positive","0","ValenceMatchingOnly","sandwich","child","sandwich-child","InanimateMismatch","PositiveMatch"
"2206","62f4904296e62ae6c19127d4","control_MaxMatch_Positive_Inanimate","0","MaxMatch","sunshine","dollar","sunshine-dollar","InanimateMatch","PositiveMatch"
"2207","62f4904296e62ae6c19127d4","control_Similar","99","SimilarControl","begin","start","begin-start","",""
"2208","62f4904296e62ae6c19127d4","control_MaxMatch_Negative_Inanimate","0","MaxMatch","excrement","smallpox","excrement-smallpox","InanimateMatch","NegativeMatch"
"2209","62f4904296e62ae6c19127d4","control_Dissimilar","0","DissimilarControl","come","go","come-go","",""
"2210","62f4904296e62ae6c19127d4","control_Similar","99","SimilarControl","help","assist","help-assist","",""
"2211","62f4904296e62ae6c19127d4","control_MaxMatch_Negative_Animate","0","MaxMatch","dictator","tapeworm","dictator-tapeworm","AnimateMatch","NegativeMatch"
"2212","62f4904296e62ae6c19127d4","control_Dissimilar","2","DissimilarControl","give","take","give-take","",""
"2213","62f4904296e62ae6c19127d4","test_ConceptualMatch_Inanimate","0","ConceptualMatchingOnly","wiretap","dollar","wiretap-dollar","ConceptualMatch:inanimate","NegativeMismatch"
"2214","62f4904296e62ae6c19127d4","control_MaxMismatch","0","MaxMismatch","slave","chipmunk","slave-chipmunk","AnimateMismatch","NegativeMismatch"
"2215","62f4904296e62ae6c19127d4","test_ValenceMatch_Negative","0","ValenceMatchingOnly","wiretap","slave","wiretap-slave","InanimateMismatch","NegativeMatch"
"2216","62f4904296e62ae6c19127d4","control_MaxMatch_Positive_Animate","0","MaxMatch","puppy","princess","puppy-princess","AnimateMatch","PositiveMatch"
"2217","62f4904296e62ae6c19127d4","test_ValenceMatch_Positive","0","ValenceMatchingOnly","pizza","comedian","pizza-comedian","InanimateMismatch","PositiveMatch"
"2218","62f4904296e62ae6c19127d4","control_MaxMatch_Positive_Inanimate","0","MaxMatch","doughnut","sandwich","doughnut-sandwich","InanimateMatch","PositiveMatch"
"2219","62f4904296e62ae6c19127d4","control_Similar","99","SimilarControl","use","employ","use-employ","",""
"2220","62f4904296e62ae6c19127d4","control_MaxMatch_Negative_Inanimate","0","MaxMatch","swastika","smallpox","swastika-smallpox","InanimateMatch","NegativeMatch"
"2221","66632c96e56c2cc87923bf78","control_Similar","98","SimilarControl","ask","inquire","ask-inquire","",""
"2222","66632c96e56c2cc87923bf78","control_Dissimilar","0","DissimilarControl","arrive","leave","arrive-leave","",""
"2223","66632c96e56c2cc87923bf78","control_MaxMatch_Negative_Inanimate","0","MaxMatch","swastika","corpse","swastika-corpse","InanimateMatch","NegativeMatch"
"2224","66632c96e56c2cc87923bf78","test_ValenceMatch_Negative","0","ValenceMatchingOnly","corpse","asshole","corpse-asshole","InanimateMismatch","NegativeMatch"
"2225","66632c96e56c2cc87923bf78","test_ValenceMatch_Positive","0","ValenceMatchingOnly","award","sibling","award-sibling","InanimateMismatch","PositiveMatch"
"2226","66632c96e56c2cc87923bf78","control_MaxMismatch","0","MaxMismatch","maggot","duckling","maggot-duckling","AnimateMismatch","NegativeMismatch"
"2227","66632c96e56c2cc87923bf78","control_MaxMatch_Positive_Animate","76","MaxMatch","sibling","child","sibling-child","AnimateMatch","PositiveMatch"
"2228","66632c96e56c2cc87923bf78","test_ConceptualMatch_Inanimate","52","ConceptualMatchingOnly","wiretap","dollar","wiretap-dollar","ConceptualMatch:inanimate","NegativeMismatch"
"2229","66632c96e56c2cc87923bf78","control_Similar","99","SimilarControl","need","require","need-require","",""
"2230","66632c96e56c2cc87923bf78","control_MaxMatch_Negative_Animate","0","MaxMatch","widow","intruder","widow-intruder","AnimateMatch","NegativeMatch"
"2231","66632c96e56c2cc87923bf78","control_MaxMatch_Positive_Inanimate","99","MaxMatch","prize","award","prize-award","InanimateMatch","PositiveMatch"
"2232","66632c96e56c2cc87923bf78","control_Dissimilar","0","DissimilarControl","add","remove","add-remove","",""
"2233","66632c96e56c2cc87923bf78","control_Similar","0","SimilarControl","buy","purchase","buy-purchase","",""
"2234","66632c96e56c2cc87923bf78","control_Dissimilar","0","DissimilarControl","increase","decrease","increase-decrease","",""
"2235","66632c96e56c2cc87923bf78","control_MaxMatch_Negative_Inanimate","0","MaxMatch","heroin","gunshot","heroin-gunshot","InanimateMatch","NegativeMatch"
"2236","66632c96e56c2cc87923bf78","test_ValenceMatch_Negative","0","ValenceMatchingOnly","poison","intruder","poison-intruder","InanimateMismatch","NegativeMatch"
"2237","66632c96e56c2cc87923bf78","test_ValenceMatch_Positive","0","ValenceMatchingOnly","prize","sibling","prize-sibling","InanimateMismatch","PositiveMatch"
"2238","66632c96e56c2cc87923bf78","control_MaxMismatch","0","MaxMismatch","inmate","duckling","inmate-duckling","AnimateMismatch","NegativeMismatch"
"2239","66632c96e56c2cc87923bf78","control_MaxMatch_Positive_Animate","0","MaxMatch","kitten","chipmunk","kitten-chipmunk","AnimateMatch","PositiveMatch"
"2240","66632c96e56c2cc87923bf78","test_ConceptualMatch_Inanimate","0","ConceptualMatchingOnly","cocaine","pizza","cocaine-pizza","ConceptualMatch:inanimate","NegativeMismatch"
"2241","66632c96e56c2cc87923bf78","control_Similar","0","SimilarControl","begin","start","begin-start","",""
"2242","66632c96e56c2cc87923bf78","control_MaxMatch_Negative_Animate","0","MaxMatch","widow","mugger","widow-mugger","AnimateMatch","NegativeMatch"
"2243","66632c96e56c2cc87923bf78","control_MaxMatch_Positive_Inanimate","0","MaxMatch","feast","doughnut","feast-doughnut","InanimateMatch","PositiveMatch"
"2244","66632c96e56c2cc87923bf78","control_Dissimilar","0","DissimilarControl","push","pull","push-pull","",""
"2245","66632c96e56c2cc87923bf78","control_Similar","99","SimilarControl","use","employ","use-employ","",""
"2246","66632c96e56c2cc87923bf78","control_Dissimilar","0","DissimilarControl","open","close","open-close","",""
"2247","66632c96e56c2cc87923bf78","control_MaxMatch_Negative_Inanimate","0","MaxMatch","heroin","smallpox","heroin-smallpox","InanimateMatch","NegativeMatch"
"2248","66632c96e56c2cc87923bf78","test_ValenceMatch_Negative","0","ValenceMatchingOnly","smallpox","mugger","smallpox-mugger","InanimateMismatch","NegativeMatch"
"2249","66632c96e56c2cc87923bf78","test_ValenceMatch_Positive","0","ValenceMatchingOnly","doughnut","child","doughnut-child","InanimateMismatch","PositiveMatch"
"2250","66632c96e56c2cc87923bf78","control_MaxMismatch","0","MaxMismatch","maggot","bunny","maggot-bunny","AnimateMismatch","NegativeMismatch"
"2251","66632c96e56c2cc87923bf78","control_MaxMatch_Positive_Animate","0","MaxMatch","comedian","puppy","comedian-puppy","AnimateMatch","PositiveMatch"
"2252","66632c96e56c2cc87923bf78","test_ConceptualMatch_Inanimate","0","ConceptualMatchingOnly","flood","award","flood-award","ConceptualMatch:inanimate","NegativeMismatch"
"2253","66632c96e56c2cc87923bf78","control_Similar","99","SimilarControl","speak","talk","speak-talk","",""
"2254","66632c96e56c2cc87923bf78","control_MaxMatch_Negative_Animate","0","MaxMatch","widow","leech","widow-leech","AnimateMatch","NegativeMatch"
"2255","66632c96e56c2cc87923bf78","control_MaxMatch_Positive_Inanimate","69","MaxMatch","feast","sandwich","feast-sandwich","InanimateMatch","PositiveMatch"
"2256","66632c96e56c2cc87923bf78","control_Dissimilar","0","DissimilarControl","rise","fall","rise-fall","",""
"2257","66632c96e56c2cc87923bf78","control_Similar","99","SimilarControl","show","display","show-display","",""
"2258","66632c96e56c2cc87923bf78","control_Dissimilar","0","DissimilarControl","come","go","come-go","",""
"2259","66632c96e56c2cc87923bf78","control_MaxMatch_Negative_Inanimate","0","MaxMatch","heroin","swastika","heroin-swastika","InanimateMatch","NegativeMatch"
"2260","66632c96e56c2cc87923bf78","test_ValenceMatch_Negative","0","ValenceMatchingOnly","gunshot","maggot","gunshot-maggot","InanimateMismatch","NegativeMatch"
"2261","66632c96e56c2cc87923bf78","test_ValenceMatch_Positive","0","ValenceMatchingOnly","award","comedian","award-comedian","InanimateMismatch","PositiveMatch"
"2262","66632c96e56c2cc87923bf78","control_MaxMismatch","0","MaxMismatch","inmate","princess","inmate-princess","AnimateMismatch","NegativeMismatch"
"2263","66632c96e56c2cc87923bf78","control_MaxMatch_Positive_Animate","0","MaxMatch","duckling","husband","duckling-husband","AnimateMatch","PositiveMatch"
"2264","66632c96e56c2cc87923bf78","test_ConceptualMatch_Inanimate","0","ConceptualMatchingOnly","swastika","sandwich","swastika-sandwich","ConceptualMatch:inanimate","NegativeMismatch"
"2265","66632c96e56c2cc87923bf78","control_Similar","99","SimilarControl","end","finish","end-finish","",""
"2266","66632c96e56c2cc87923bf78","control_MaxMatch_Negative_Animate","0","MaxMatch","slave","mugger","slave-mugger","AnimateMatch","NegativeMatch"
"2267","66632c96e56c2cc87923bf78","control_MaxMatch_Positive_Inanimate","0","MaxMatch","prize","laughter","prize-laughter","InanimateMatch","PositiveMatch"
"2268","66632c96e56c2cc87923bf78","control_Dissimilar","0","DissimilarControl","enter","exit","enter-exit","",""
"2269","66632c96e56c2cc87923bf78","control_Similar","99","SimilarControl","get","obtain","get-obtain","",""
"2270","66632c96e56c2cc87923bf78","control_Dissimilar","0","DissimilarControl","give","take","give-take","",""
"2271","66632c96e56c2cc87923bf78","control_MaxMatch_Negative_Inanimate","0","MaxMatch","gunshot","smallpox","gunshot-smallpox","InanimateMatch","NegativeMatch"
"2272","66632c96e56c2cc87923bf78","test_ValenceMatch_Negative","0","ValenceMatchingOnly","heroin","inmate","heroin-inmate","InanimateMismatch","NegativeMatch"
"2273","66632c96e56c2cc87923bf78","test_ValenceMatch_Positive","0","ValenceMatchingOnly","laughter","sibling","laughter-sibling","InanimateMismatch","PositiveMatch"
"2274","66632c96e56c2cc87923bf78","control_MaxMismatch","0","MaxMismatch","asshole","child","asshole-child","AnimateMismatch","NegativeMismatch"
"2275","66632c96e56c2cc87923bf78","control_MaxMatch_Positive_Animate","99","MaxMatch","puppy","kitten","puppy-kitten","AnimateMatch","PositiveMatch"
"2276","66632c96e56c2cc87923bf78","test_ConceptualMatch_Inanimate","0","ConceptualMatchingOnly","swastika","meadow","swastika-meadow","ConceptualMatch:inanimate","NegativeMismatch"
"2277","66632c96e56c2cc87923bf78","control_Similar","99","SimilarControl","help","assist","help-assist","",""
"2278","66632c96e56c2cc87923bf78","control_MaxMatch_Negative_Animate","8","MaxMatch","leech","intruder","leech-intruder","AnimateMatch","NegativeMatch"
"2279","66632c96e56c2cc87923bf78","control_MaxMatch_Positive_Inanimate","78","MaxMatch","prize","feast","prize-feast","InanimateMatch","PositiveMatch"
"2280","66632c96e56c2cc87923bf78","control_Dissimilar","0","DissimilarControl","begin","end","begin-end","",""
"2281","5fba9fdd33207faa35f61df3","control_Dissimilar","0","DissimilarControl","give","take","give-take","",""
"2282","5fba9fdd33207faa35f61df3","control_Similar","99","SimilarControl","get","obtain","get-obtain","",""
"2283","5fba9fdd33207faa35f61df3","control_MaxMatch_Positive_Animate","0","MaxMatch","child","chipmunk","child-chipmunk","AnimateMatch","PositiveMatch"
"2284","5fba9fdd33207faa35f61df3","control_MaxMatch_Positive_Inanimate","0","MaxMatch","feast","meadow","feast-meadow","InanimateMatch","PositiveMatch"
"2285","5fba9fdd33207faa35f61df3","control_Dissimilar","0","DissimilarControl","increase","decrease","increase-decrease","",""
"2286","5fba9fdd33207faa35f61df3","control_MaxMismatch","0","MaxMismatch","tapeworm","child","tapeworm-child","AnimateMismatch","NegativeMismatch"
"2287","5fba9fdd33207faa35f61df3","test_ValenceMatch_Negative","0","ValenceMatchingOnly","flood","asshole","flood-asshole","InanimateMismatch","NegativeMatch"
"2288","5fba9fdd33207faa35f61df3","test_ConceptualMatch_Inanimate","0","ConceptualMatchingOnly","corpse","sunshine","corpse-sunshine","ConceptualMatch:inanimate","NegativeMismatch"
"2289","5fba9fdd33207faa35f61df3","control_Similar","99","SimilarControl","show","display","show-display","",""
"2290","5fba9fdd33207faa35f61df3","test_ValenceMatch_Positive","0","ValenceMatchingOnly","award","duckling","award-duckling","InanimateMismatch","PositiveMatch"
"2291","5fba9fdd33207faa35f61df3","control_MaxMatch_Negative_Inanimate","0","MaxMatch","gunshot","flood","gunshot-flood","InanimateMatch","NegativeMatch"
"2292","5fba9fdd33207faa35f61df3","control_MaxMatch_Negative_Animate","0","MaxMatch","inmate","intruder","inmate-intruder","AnimateMatch","NegativeMatch"
"2293","5fba9fdd33207faa35f61df3","control_Dissimilar","0","DissimilarControl","come","go","come-go","",""
"2294","5fba9fdd33207faa35f61df3","control_Similar","99","SimilarControl","buy","purchase","buy-purchase","",""
"2295","5fba9fdd33207faa35f61df3","control_MaxMatch_Positive_Animate","0","MaxMatch","kitten","princess","kitten-princess","AnimateMatch","PositiveMatch"
"2296","5fba9fdd33207faa35f61df3","control_MaxMatch_Positive_Inanimate","0","MaxMatch","prize","feast","prize-feast","InanimateMatch","PositiveMatch"
"2297","5fba9fdd33207faa35f61df3","control_Dissimilar","0","DissimilarControl","open","close","open-close","",""
"2298","5fba9fdd33207faa35f61df3","control_MaxMismatch","0","MaxMismatch","slave","chipmunk","slave-chipmunk","AnimateMismatch","NegativeMismatch"
"2299","5fba9fdd33207faa35f61df3","test_ValenceMatch_Negative","0","ValenceMatchingOnly","corpse","slave","corpse-slave","InanimateMismatch","NegativeMatch"
"2300","5fba9fdd33207faa35f61df3","test_ConceptualMatch_Inanimate","0","ConceptualMatchingOnly","excrement","sandwich","excrement-sandwich","ConceptualMatch:inanimate","NegativeMismatch"
"2301","5fba9fdd33207faa35f61df3","control_Similar","99","SimilarControl","speak","talk","speak-talk","",""
"2302","5fba9fdd33207faa35f61df3","test_ValenceMatch_Positive","0","ValenceMatchingOnly","feast","sibling","feast-sibling","InanimateMismatch","PositiveMatch"
"2303","5fba9fdd33207faa35f61df3","control_MaxMatch_Negative_Inanimate","0","MaxMatch","swastika","wiretap","swastika-wiretap","InanimateMatch","NegativeMatch"
"2304","5fba9fdd33207faa35f61df3","control_MaxMatch_Negative_Animate","0","MaxMatch","leech","mugger","leech-mugger","AnimateMatch","NegativeMatch"
"2305","5fba9fdd33207faa35f61df3","control_Dissimilar","0","DissimilarControl","begin","end","begin-end","",""
"2306","5fba9fdd33207faa35f61df3","control_Similar","99","SimilarControl","ask","inquire","ask-inquire","",""
"2307","5fba9fdd33207faa35f61df3","control_MaxMatch_Positive_Animate","0","MaxMatch","sibling","husband","sibling-husband","AnimateMatch","PositiveMatch"
"2308","5fba9fdd33207faa35f61df3","control_MaxMatch_Positive_Inanimate","0","MaxMatch","dollar","sandwich","dollar-sandwich","InanimateMatch","PositiveMatch"
"2309","5fba9fdd33207faa35f61df3","control_Dissimilar","0","DissimilarControl","rise","fall","rise-fall","",""
"2310","5fba9fdd33207faa35f61df3","control_MaxMismatch","0","MaxMismatch","dictator","husband","dictator-husband","AnimateMismatch","NegativeMismatch"
"2311","5fba9fdd33207faa35f61df3","test_ValenceMatch_Negative","0","ValenceMatchingOnly","swastika","maggot","swastika-maggot","InanimateMismatch","NegativeMatch"
"2312","5fba9fdd33207faa35f61df3","test_ConceptualMatch_Inanimate","0","ConceptualMatchingOnly","wiretap","dollar","wiretap-dollar","ConceptualMatch:inanimate","NegativeMismatch"
"2313","5fba9fdd33207faa35f61df3","control_Similar","0","SimilarControl","use","employ","use-employ","",""
"2314","5fba9fdd33207faa35f61df3","test_ValenceMatch_Positive","99","ValenceMatchingOnly","laughter","comedian","laughter-comedian","InanimateMismatch","PositiveMatch"
"2315","5fba9fdd33207faa35f61df3","control_MaxMatch_Negative_Inanimate","0","MaxMatch","smallpox","corpse","smallpox-corpse","InanimateMatch","NegativeMatch"
"2316","5fba9fdd33207faa35f61df3","control_MaxMatch_Negative_Animate","0","MaxMatch","tapeworm","mugger","tapeworm-mugger","AnimateMatch","NegativeMatch"
"2317","5fba9fdd33207faa35f61df3","control_Dissimilar","0","DissimilarControl","push","pull","push-pull","",""
"2318","5fba9fdd33207faa35f61df3","control_Similar","99","SimilarControl","help","assist","help-assist","",""
"2319","5fba9fdd33207faa35f61df3","control_MaxMatch_Positive_Animate","0","MaxMatch","kitten","child","kitten-child","AnimateMatch","PositiveMatch"
"2320","5fba9fdd33207faa35f61df3","control_MaxMatch_Positive_Inanimate","0","MaxMatch","sunshine","doughnut","sunshine-doughnut","InanimateMatch","PositiveMatch"
"2321","5fba9fdd33207faa35f61df3","control_Dissimilar","0","DissimilarControl","arrive","leave","arrive-leave","",""
"2322","5fba9fdd33207faa35f61df3","control_MaxMismatch","0","MaxMismatch","maggot","princess","maggot-princess","AnimateMismatch","NegativeMismatch"
"2323","5fba9fdd33207faa35f61df3","test_ValenceMatch_Negative","0","ValenceMatchingOnly","gunshot","intruder","gunshot-intruder","InanimateMismatch","NegativeMatch"
"2324","5fba9fdd33207faa35f61df3","test_ConceptualMatch_Inanimate","0","ConceptualMatchingOnly","swastika","sandwich","swastika-sandwich","ConceptualMatch:inanimate","NegativeMismatch"
"2325","5fba9fdd33207faa35f61df3","control_Similar","99","SimilarControl","need","require","need-require","",""
"2326","5fba9fdd33207faa35f61df3","test_ValenceMatch_Positive","0","ValenceMatchingOnly","award","child","award-child","InanimateMismatch","PositiveMatch"
"2327","5fba9fdd33207faa35f61df3","control_MaxMatch_Negative_Inanimate","0","MaxMatch","wiretap","excrement","wiretap-excrement","InanimateMatch","NegativeMatch"
"2328","5fba9fdd33207faa35f61df3","control_MaxMatch_Negative_Animate","0","MaxMatch","slave","widow","slave-widow","AnimateMatch","NegativeMatch"
"2329","5fba9fdd33207faa35f61df3","control_Dissimilar","0","DissimilarControl","enter","exit","enter-exit","",""
"2330","5fba9fdd33207faa35f61df3","control_Similar","99","SimilarControl","begin","start","begin-start","",""
"2331","5fba9fdd33207faa35f61df3","control_MaxMatch_Positive_Animate","0","MaxMatch","puppy","duckling","puppy-duckling","AnimateMatch","PositiveMatch"
"2332","5fba9fdd33207faa35f61df3","control_MaxMatch_Positive_Inanimate","0","MaxMatch","award","doughnut","award-doughnut","InanimateMatch","PositiveMatch"
"2333","5fba9fdd33207faa35f61df3","control_Dissimilar","0","DissimilarControl","add","remove","add-remove","",""
"2334","5fba9fdd33207faa35f61df3","control_MaxMismatch","0","MaxMismatch","maggot","kitten","maggot-kitten","AnimateMismatch","NegativeMismatch"
"2335","5fba9fdd33207faa35f61df3","test_ValenceMatch_Negative","0","ValenceMatchingOnly","excrement","widow","excrement-widow","InanimateMismatch","NegativeMatch"
"2336","5fba9fdd33207faa35f61df3","test_ConceptualMatch_Inanimate","0","ConceptualMatchingOnly","heroin","pizza","heroin-pizza","ConceptualMatch:inanimate","NegativeMismatch"
"2337","5fba9fdd33207faa35f61df3","control_Similar","0","SimilarControl","end","finish","end-finish","",""
"2338","5fba9fdd33207faa35f61df3","test_ValenceMatch_Positive","0","ValenceMatchingOnly","laughter","sibling","laughter-sibling","InanimateMismatch","PositiveMatch"
"2339","5fba9fdd33207faa35f61df3","control_MaxMatch_Negative_Inanimate","0","MaxMatch","swastika","gunshot","swastika-gunshot","InanimateMatch","NegativeMatch"
"2340","5fba9fdd33207faa35f61df3","control_MaxMatch_Negative_Animate","99","MaxMatch","asshole","intruder","asshole-intruder","AnimateMatch","NegativeMatch"
"2341","5f98ab718920801c578363ab","control_Dissimilar","0","DissimilarControl","enter","exit","enter-exit","",""
"2342","5f98ab718920801c578363ab","control_Similar","28","SimilarControl","need","require","need-require","",""
"2343","5f98ab718920801c578363ab","control_Dissimilar","0","DissimilarControl","arrive","leave","arrive-leave","",""
"2344","5f98ab718920801c578363ab","control_MaxMatch_Negative_Inanimate","0","MaxMatch","swastika","wiretap","swastika-wiretap","InanimateMatch","NegativeMatch"
"2345","5f98ab718920801c578363ab","test_ValenceMatch_Negative","0","ValenceMatchingOnly","poison","slave","poison-slave","InanimateMismatch","NegativeMatch"
"2346","5f98ab718920801c578363ab","control_MaxMatch_Positive_Inanimate","0","MaxMatch","prize","doughnut","prize-doughnut","InanimateMatch","PositiveMatch"
"2347","5f98ab718920801c578363ab","control_MaxMatch_Positive_Animate","0","MaxMatch","sibling","chipmunk","sibling-chipmunk","AnimateMatch","PositiveMatch"
"2348","5f98ab718920801c578363ab","control_MaxMatch_Negative_Animate","0","MaxMatch","inmate","tapeworm","inmate-tapeworm","AnimateMatch","NegativeMatch"
"2349","5f98ab718920801c578363ab","test_ValenceMatch_Positive","0","ValenceMatchingOnly","dollar","kitten","dollar-kitten","InanimateMismatch","PositiveMatch"
"2350","5f98ab718920801c578363ab","control_Similar","99","SimilarControl","ask","inquire","ask-inquire","",""
"2351","5f98ab718920801c578363ab","test_ConceptualMatch_Inanimate","0","ConceptualMatchingOnly","heroin","doughnut","heroin-doughnut","ConceptualMatch:inanimate","NegativeMismatch"
"2352","5f98ab718920801c578363ab","control_MaxMismatch","0","MaxMismatch","tapeworm","comedian","tapeworm-comedian","AnimateMismatch","NegativeMismatch"
"2353","5f98ab718920801c578363ab","control_Dissimilar","0","DissimilarControl","rise","fall","rise-fall","",""
"2354","5f98ab718920801c578363ab","control_Similar","99","SimilarControl","buy","purchase","buy-purchase","",""
"2355","5f98ab718920801c578363ab","control_Dissimilar","0","DissimilarControl","open","close","open-close","",""
"2356","5f98ab718920801c578363ab","control_MaxMatch_Negative_Inanimate","0","MaxMatch","wiretap","corpse","wiretap-corpse","InanimateMatch","NegativeMatch"
"2357","5f98ab718920801c578363ab","test_ValenceMatch_Negative","0","ValenceMatchingOnly","excrement","maggot","excrement-maggot","InanimateMismatch","NegativeMatch"
"2358","5f98ab718920801c578363ab","control_MaxMatch_Positive_Inanimate","0","MaxMatch","award","laughter","award-laughter","InanimateMatch","PositiveMatch"
"2359","5f98ab718920801c578363ab","control_MaxMatch_Positive_Animate","0","MaxMatch","sibling","duckling","sibling-duckling","AnimateMatch","PositiveMatch"
"2360","5f98ab718920801c578363ab","control_MaxMatch_Negative_Animate","0","MaxMatch","slave","tapeworm","slave-tapeworm","AnimateMatch","NegativeMatch"
"2361","5f98ab718920801c578363ab","test_ValenceMatch_Positive","0","ValenceMatchingOnly","laughter","puppy","laughter-puppy","InanimateMismatch","PositiveMatch"
"2362","5f98ab718920801c578363ab","control_Similar","99","SimilarControl","begin","start","begin-start","",""
"2363","5f98ab718920801c578363ab","test_ConceptualMatch_Inanimate","0","ConceptualMatchingOnly","smallpox","prize","smallpox-prize","ConceptualMatch:inanimate","NegativeMismatch"
"2364","5f98ab718920801c578363ab","control_MaxMismatch","0","MaxMismatch","dictator","comedian","dictator-comedian","AnimateMismatch","NegativeMismatch"
"2365","5f98ab718920801c578363ab","control_Dissimilar","0","DissimilarControl","begin","end","begin-end","",""
"2366","5f98ab718920801c578363ab","control_Similar","99","SimilarControl","speak","talk","speak-talk","",""
"2367","5f98ab718920801c578363ab","control_Dissimilar","0","DissimilarControl","push","pull","push-pull","",""
"2368","5f98ab718920801c578363ab","control_MaxMatch_Negative_Inanimate","0","MaxMatch","excrement","corpse","excrement-corpse","InanimateMatch","NegativeMatch"
"2369","5f98ab718920801c578363ab","test_ValenceMatch_Negative","0","ValenceMatchingOnly","poison","maggot","poison-maggot","InanimateMismatch","NegativeMatch"
"2370","5f98ab718920801c578363ab","control_MaxMatch_Positive_Inanimate","0","MaxMatch","sunshine","sandwich","sunshine-sandwich","InanimateMatch","PositiveMatch"
"2371","5f98ab718920801c578363ab","control_MaxMatch_Positive_Animate","0","MaxMatch","bunny","child","bunny-child","AnimateMatch","PositiveMatch"
"2372","5f98ab718920801c578363ab","control_MaxMatch_Negative_Animate","0","MaxMatch","asshole","leech","asshole-leech","AnimateMatch","NegativeMatch"
"2373","5f98ab718920801c578363ab","test_ValenceMatch_Positive","0","ValenceMatchingOnly","award","chipmunk","award-chipmunk","InanimateMismatch","PositiveMatch"
"2374","5f98ab718920801c578363ab","control_Similar","99","SimilarControl","show","display","show-display","",""
"2375","5f98ab718920801c578363ab","test_ConceptualMatch_Inanimate","0","ConceptualMatchingOnly","excrement","prize","excrement-prize","ConceptualMatch:inanimate","NegativeMismatch"
"2376","5f98ab718920801c578363ab","control_MaxMismatch","0","MaxMismatch","dictator","chipmunk","dictator-chipmunk","AnimateMismatch","NegativeMismatch"
"2377","5f98ab718920801c578363ab","control_Dissimilar","0","DissimilarControl","come","go","come-go","",""
"2378","5f98ab718920801c578363ab","control_Similar","99","SimilarControl","end","finish","end-finish","",""
"2379","5f98ab718920801c578363ab","control_Dissimilar","0","DissimilarControl","add","remove","add-remove","",""
"2380","5f98ab718920801c578363ab","control_MaxMatch_Negative_Inanimate","0","MaxMatch","wiretap","flood","wiretap-flood","InanimateMatch","NegativeMatch"
"2381","5f98ab718920801c578363ab","test_ValenceMatch_Negative","0","ValenceMatchingOnly","excrement","asshole","excrement-asshole","InanimateMismatch","NegativeMatch"
"2382","5f98ab718920801c578363ab","control_MaxMatch_Positive_Inanimate","0","MaxMatch","dollar","sandwich","dollar-sandwich","InanimateMatch","PositiveMatch"
"2383","5f98ab718920801c578363ab","control_MaxMatch_Positive_Animate","0","MaxMatch","princess","husband","princess-husband","AnimateMatch","PositiveMatch"
"2384","5f98ab718920801c578363ab","control_MaxMatch_Negative_Animate","0","MaxMatch","maggot","inmate","maggot-inmate","AnimateMatch","NegativeMatch"
"2385","5f98ab718920801c578363ab","test_ValenceMatch_Positive","0","ValenceMatchingOnly","sandwich","sibling","sandwich-sibling","InanimateMismatch","PositiveMatch"
"2386","5f98ab718920801c578363ab","control_Similar","52","SimilarControl","use","employ","use-employ","",""
"2387","5f98ab718920801c578363ab","test_ConceptualMatch_Inanimate","0","ConceptualMatchingOnly","heroin","laughter","heroin-laughter","ConceptualMatch:inanimate","NegativeMismatch"
"2388","5f98ab718920801c578363ab","control_MaxMismatch","0","MaxMismatch","inmate","puppy","inmate-puppy","AnimateMismatch","NegativeMismatch"
"2389","5f98ab718920801c578363ab","control_Dissimilar","0","DissimilarControl","increase","decrease","increase-decrease","",""
"2390","5f98ab718920801c578363ab","control_Similar","99","SimilarControl","help","assist","help-assist","",""
"2391","5f98ab718920801c578363ab","control_Dissimilar","0","DissimilarControl","give","take","give-take","",""
"2392","5f98ab718920801c578363ab","control_MaxMatch_Negative_Inanimate","0","MaxMatch","flood","corpse","flood-corpse","InanimateMatch","NegativeMatch"
"2393","5f98ab718920801c578363ab","test_ValenceMatch_Negative","0","ValenceMatchingOnly","swastika","widow","swastika-widow","InanimateMismatch","NegativeMatch"
"2394","5f98ab718920801c578363ab","control_MaxMatch_Positive_Inanimate","0","MaxMatch","award","dollar","award-dollar","InanimateMatch","PositiveMatch"
"2395","5f98ab718920801c578363ab","control_MaxMatch_Positive_Animate","0","MaxMatch","bunny","princess","bunny-princess","AnimateMatch","PositiveMatch"
"2396","5f98ab718920801c578363ab","control_MaxMatch_Negative_Animate","0","MaxMatch","slave","widow","slave-widow","AnimateMatch","NegativeMatch"
"2397","5f98ab718920801c578363ab","test_ValenceMatch_Positive","0","ValenceMatchingOnly","dollar","sibling","dollar-sibling","InanimateMismatch","PositiveMatch"
"2398","5f98ab718920801c578363ab","control_Similar","99","SimilarControl","get","obtain","get-obtain","",""
"2399","5f98ab718920801c578363ab","test_ConceptualMatch_Inanimate","0","ConceptualMatchingOnly","heroin","feast","heroin-feast","ConceptualMatch:inanimate","NegativeMismatch"
"2400","5f98ab718920801c578363ab","control_MaxMismatch","0","MaxMismatch","asshole","duckling","asshole-duckling","AnimateMismatch","NegativeMismatch"
"2401","67cc96b64c3dc17edc0a4c45","control_Similar","85","SimilarControl","ask","inquire","ask-inquire","",""
"2402","67cc96b64c3dc17edc0a4c45","control_Dissimilar","0","DissimilarControl","arrive","leave","arrive-leave","",""
"2403","67cc96b64c3dc17edc0a4c45","control_MaxMatch_Positive_Animate","55","MaxMatch","comedian","bunny","comedian-bunny","AnimateMatch","PositiveMatch"
"2404","67cc96b64c3dc17edc0a4c45","test_ConceptualMatch_Inanimate","19","ConceptualMatchingOnly","swastika","sunshine","swastika-sunshine","ConceptualMatch:inanimate","NegativeMismatch"
"2405","67cc96b64c3dc17edc0a4c45","control_MaxMatch_Positive_Inanimate","31","MaxMatch","sandwich","meadow","sandwich-meadow","InanimateMatch","PositiveMatch"
"2406","67cc96b64c3dc17edc0a4c45","control_MaxMismatch","23","MaxMismatch","slave","duckling","slave-duckling","AnimateMismatch","NegativeMismatch"
"2407","67cc96b64c3dc17edc0a4c45","control_MaxMatch_Negative_Animate","0","MaxMatch","dictator","tapeworm","dictator-tapeworm","AnimateMatch","NegativeMatch"
"2408","67cc96b64c3dc17edc0a4c45","test_ValenceMatch_Negative","18","ValenceMatchingOnly","smallpox","widow","smallpox-widow","InanimateMismatch","NegativeMatch"
"2409","67cc96b64c3dc17edc0a4c45","test_ValenceMatch_Positive","0","ValenceMatchingOnly","prize","princess","prize-princess","InanimateMismatch","PositiveMatch"
"2410","67cc96b64c3dc17edc0a4c45","control_MaxMatch_Negative_Inanimate","0","MaxMatch","swastika","wiretap","swastika-wiretap","InanimateMatch","NegativeMatch"
"2411","67cc96b64c3dc17edc0a4c45","control_Similar","99","SimilarControl","speak","talk","speak-talk","",""
"2412","67cc96b64c3dc17edc0a4c45","control_Dissimilar","16","DissimilarControl","come","go","come-go","",""
"2413","67cc96b64c3dc17edc0a4c45","control_Similar","99","SimilarControl","help","assist","help-assist","",""
"2414","67cc96b64c3dc17edc0a4c45","control_Dissimilar","0","DissimilarControl","begin","end","begin-end","",""
"2415","67cc96b64c3dc17edc0a4c45","control_MaxMatch_Positive_Animate","52","MaxMatch","sibling","duckling","sibling-duckling","AnimateMatch","PositiveMatch"
"2416","67cc96b64c3dc17edc0a4c45","test_ConceptualMatch_Inanimate","25","ConceptualMatchingOnly","swastika","prize","swastika-prize","ConceptualMatch:inanimate","NegativeMismatch"
"2417","67cc96b64c3dc17edc0a4c45","control_MaxMatch_Positive_Inanimate","0","MaxMatch","doughnut","dollar","doughnut-dollar","InanimateMatch","PositiveMatch"
"2418","67cc96b64c3dc17edc0a4c45","control_MaxMismatch","0","MaxMismatch","dictator","child","dictator-child","AnimateMismatch","NegativeMismatch"
"2419","67cc96b64c3dc17edc0a4c45","control_MaxMatch_Negative_Animate","0","MaxMatch","asshole","leech","asshole-leech","AnimateMatch","NegativeMatch"
"2420","67cc96b64c3dc17edc0a4c45","test_ValenceMatch_Negative","0","ValenceMatchingOnly","flood","intruder","flood-intruder","InanimateMismatch","NegativeMatch"
"2421","67cc96b64c3dc17edc0a4c45","test_ValenceMatch_Positive","0","ValenceMatchingOnly","meadow","sibling","meadow-sibling","InanimateMismatch","PositiveMatch"
"2422","67cc96b64c3dc17edc0a4c45","control_MaxMatch_Negative_Inanimate","0","MaxMatch","heroin","corpse","heroin-corpse","InanimateMatch","NegativeMatch"
"2423","67cc96b64c3dc17edc0a4c45","control_Similar","99","SimilarControl","begin","start","begin-start","",""
"2424","67cc96b64c3dc17edc0a4c45","control_Dissimilar","0","DissimilarControl","push","pull","push-pull","",""
"2425","67cc96b64c3dc17edc0a4c45","control_Similar","99","SimilarControl","buy","purchase","buy-purchase","",""
"2426","67cc96b64c3dc17edc0a4c45","control_Dissimilar","0","DissimilarControl","increase","decrease","increase-decrease","",""
"2427","67cc96b64c3dc17edc0a4c45","control_MaxMatch_Positive_Animate","0","MaxMatch","puppy","kitten","puppy-kitten","AnimateMatch","PositiveMatch"
"2428","67cc96b64c3dc17edc0a4c45","test_ConceptualMatch_Inanimate","0","ConceptualMatchingOnly","swastika","doughnut","swastika-doughnut","ConceptualMatch:inanimate","NegativeMismatch"
"2429","67cc96b64c3dc17edc0a4c45","control_MaxMatch_Positive_Inanimate","0","MaxMatch","laughter","sandwich","laughter-sandwich","InanimateMatch","PositiveMatch"
"2430","67cc96b64c3dc17edc0a4c45","control_MaxMismatch","0","MaxMismatch","asshole","bunny","asshole-bunny","AnimateMismatch","NegativeMismatch"
"2431","67cc96b64c3dc17edc0a4c45","control_MaxMatch_Negative_Animate","0","MaxMatch","asshole","dictator","asshole-dictator","AnimateMatch","NegativeMatch"
"2432","67cc96b64c3dc17edc0a4c45","test_ValenceMatch_Negative","0","ValenceMatchingOnly","poison","dictator","poison-dictator","InanimateMismatch","NegativeMatch"
"2433","67cc96b64c3dc17edc0a4c45","test_ValenceMatch_Positive","0","ValenceMatchingOnly","laughter","chipmunk","laughter-chipmunk","InanimateMismatch","PositiveMatch"
"2434","67cc96b64c3dc17edc0a4c45","control_MaxMatch_Negative_Inanimate","51","MaxMatch","excrement","poison","excrement-poison","InanimateMatch","NegativeMatch"
"2435","67cc96b64c3dc17edc0a4c45","control_Similar","99","SimilarControl","end","finish","end-finish","",""
"2436","67cc96b64c3dc17edc0a4c45","control_Dissimilar","27","DissimilarControl","give","take","give-take","",""
"2437","67cc96b64c3dc17edc0a4c45","control_Similar","99","SimilarControl","get","obtain","get-obtain","",""
"2438","67cc96b64c3dc17edc0a4c45","control_Dissimilar","0","DissimilarControl","add","remove","add-remove","",""
"2439","67cc96b64c3dc17edc0a4c45","control_MaxMatch_Positive_Animate","0","MaxMatch","puppy","duckling","puppy-duckling","AnimateMatch","PositiveMatch"
"2440","67cc96b64c3dc17edc0a4c45","test_ConceptualMatch_Inanimate","0","ConceptualMatchingOnly","gunshot","prize","gunshot-prize","ConceptualMatch:inanimate","NegativeMismatch"
"2441","67cc96b64c3dc17edc0a4c45","control_MaxMatch_Positive_Inanimate","0","MaxMatch","sunshine","feast","sunshine-feast","InanimateMatch","PositiveMatch"
"2442","67cc96b64c3dc17edc0a4c45","control_MaxMismatch","0","MaxMismatch","asshole","kitten","asshole-kitten","AnimateMismatch","NegativeMismatch"
"2443","67cc96b64c3dc17edc0a4c45","control_MaxMatch_Negative_Animate","0","MaxMatch","widow","mugger","widow-mugger","AnimateMatch","NegativeMatch"
"2444","67cc96b64c3dc17edc0a4c45","test_ValenceMatch_Negative","0","ValenceMatchingOnly","cocaine","inmate","cocaine-inmate","InanimateMismatch","NegativeMatch"
"2445","67cc96b64c3dc17edc0a4c45","test_ValenceMatch_Positive","0","ValenceMatchingOnly","pizza","duckling","pizza-duckling","InanimateMismatch","PositiveMatch"
"2446","67cc96b64c3dc17edc0a4c45","control_MaxMatch_Negative_Inanimate","0","MaxMatch","wiretap","smallpox","wiretap-smallpox","InanimateMatch","NegativeMatch"
"2447","67cc96b64c3dc17edc0a4c45","control_Similar","99","SimilarControl","show","display","show-display","",""
"2448","67cc96b64c3dc17edc0a4c45","control_Dissimilar","19","DissimilarControl","rise","fall","rise-fall","",""
"2449","67cc96b64c3dc17edc0a4c45","control_Similar","99","SimilarControl","need","require","need-require","",""
"2450","67cc96b64c3dc17edc0a4c45","control_Dissimilar","21","DissimilarControl","open","close","open-close","",""
"2451","67cc96b64c3dc17edc0a4c45","control_MaxMatch_Positive_Animate","0","MaxMatch","bunny","child","bunny-child","AnimateMatch","PositiveMatch"
"2452","67cc96b64c3dc17edc0a4c45","test_ConceptualMatch_Inanimate","0","ConceptualMatchingOnly","cocaine","feast","cocaine-feast","ConceptualMatch:inanimate","NegativeMismatch"
"2453","67cc96b64c3dc17edc0a4c45","control_MaxMatch_Positive_Inanimate","0","MaxMatch","doughnut","sandwich","doughnut-sandwich","InanimateMatch","PositiveMatch"
"2454","67cc96b64c3dc17edc0a4c45","control_MaxMismatch","0","MaxMismatch","leech","chipmunk","leech-chipmunk","AnimateMismatch","NegativeMismatch"
"2455","67cc96b64c3dc17edc0a4c45","control_MaxMatch_Negative_Animate","0","MaxMatch","inmate","dictator","inmate-dictator","AnimateMatch","NegativeMatch"
"2456","67cc96b64c3dc17edc0a4c45","test_ValenceMatch_Negative","0","ValenceMatchingOnly","excrement","maggot","excrement-maggot","InanimateMismatch","NegativeMatch"
"2457","67cc96b64c3dc17edc0a4c45","test_ValenceMatch_Positive","0","ValenceMatchingOnly","sandwich","duckling","sandwich-duckling","InanimateMismatch","PositiveMatch"
"2458","67cc96b64c3dc17edc0a4c45","control_MaxMatch_Negative_Inanimate","0","MaxMatch","wiretap","poison","wiretap-poison","InanimateMatch","NegativeMatch"
"2459","67cc96b64c3dc17edc0a4c45","control_Similar","0","SimilarControl","use","employ","use-employ","",""
"2460","67cc96b64c3dc17edc0a4c45","control_Dissimilar","18","DissimilarControl","enter","exit","enter-exit","",""
"2461","67f1d446157e95df044d2f8c","control_Similar","99","SimilarControl","need","require","need-require","",""
"2462","67f1d446157e95df044d2f8c","control_Dissimilar","0","DissimilarControl","push","pull","push-pull","",""
"2463","67f1d446157e95df044d2f8c","control_MaxMismatch","0","MaxMismatch","intruder","child","intruder-child","AnimateMismatch","NegativeMismatch"
"2464","67f1d446157e95df044d2f8c","control_MaxMatch_Negative_Inanimate","0","MaxMatch","poison","smallpox","poison-smallpox","InanimateMatch","NegativeMatch"
"2465","67f1d446157e95df044d2f8c","test_ValenceMatch_Negative","0","ValenceMatchingOnly","poison","slave","poison-slave","InanimateMismatch","NegativeMatch"
"2466","67f1d446157e95df044d2f8c","control_MaxMatch_Negative_Animate","0","MaxMatch","maggot","intruder","maggot-intruder","AnimateMatch","NegativeMatch"
"2467","67f1d446157e95df044d2f8c","test_ConceptualMatch_Inanimate","0","ConceptualMatchingOnly","wiretap","pizza","wiretap-pizza","ConceptualMatch:inanimate","NegativeMismatch"
"2468","67f1d446157e95df044d2f8c","control_Similar","91","SimilarControl","use","employ","use-employ","",""
"2469","67f1d446157e95df044d2f8c","test_ValenceMatch_Positive","0","ValenceMatchingOnly","award","chipmunk","award-chipmunk","InanimateMismatch","PositiveMatch"
"2470","67f1d446157e95df044d2f8c","control_Dissimilar","0","DissimilarControl","add","remove","add-remove","",""
"2471","67f1d446157e95df044d2f8c","control_MaxMatch_Positive_Animate","0","MaxMatch","comedian","sibling","comedian-sibling","AnimateMatch","PositiveMatch"
"2472","67f1d446157e95df044d2f8c","control_MaxMatch_Positive_Inanimate","0","MaxMatch","award","pizza","award-pizza","InanimateMatch","PositiveMatch"
"2473","67f1d446157e95df044d2f8c","control_Similar","99","SimilarControl","speak","talk","speak-talk","",""
"2474","67f1d446157e95df044d2f8c","control_Dissimilar","0","DissimilarControl","increase","decrease","increase-decrease","",""
"2475","67f1d446157e95df044d2f8c","control_MaxMismatch","0","MaxMismatch","maggot","sibling","maggot-sibling","AnimateMismatch","NegativeMismatch"
"2476","67f1d446157e95df044d2f8c","control_MaxMatch_Negative_Inanimate","0","MaxMatch","cocaine","corpse","cocaine-corpse","InanimateMatch","NegativeMatch"
"2477","67f1d446157e95df044d2f8c","test_ValenceMatch_Negative","0","ValenceMatchingOnly","smallpox","mugger","smallpox-mugger","InanimateMismatch","NegativeMatch"
"2478","67f1d446157e95df044d2f8c","control_MaxMatch_Negative_Animate","0","MaxMatch","slave","maggot","slave-maggot","AnimateMatch","NegativeMatch"
"2479","67f1d446157e95df044d2f8c","test_ConceptualMatch_Inanimate","0","ConceptualMatchingOnly","smallpox","laughter","smallpox-laughter","ConceptualMatch:inanimate","NegativeMismatch"
"2480","67f1d446157e95df044d2f8c","control_Similar","99","SimilarControl","end","finish","end-finish","",""
"2481","67f1d446157e95df044d2f8c","test_ValenceMatch_Positive","0","ValenceMatchingOnly","dollar","kitten","dollar-kitten","InanimateMismatch","PositiveMatch"
"2482","67f1d446157e95df044d2f8c","control_Dissimilar","0","DissimilarControl","enter","exit","enter-exit","",""
"2483","67f1d446157e95df044d2f8c","control_MaxMatch_Positive_Animate","5","MaxMatch","bunny","chipmunk","bunny-chipmunk","AnimateMatch","PositiveMatch"
"2484","67f1d446157e95df044d2f8c","control_MaxMatch_Positive_Inanimate","16","MaxMatch","prize","dollar","prize-dollar","InanimateMatch","PositiveMatch"
"2485","67f1d446157e95df044d2f8c","control_Similar","0","SimilarControl","begin","start","begin-start","",""
"2486","67f1d446157e95df044d2f8c","control_Dissimilar","0","DissimilarControl","open","close","open-close","",""
"2487","67f1d446157e95df044d2f8c","control_MaxMismatch","0","MaxMismatch","asshole","princess","asshole-princess","AnimateMismatch","NegativeMismatch"
"2488","67f1d446157e95df044d2f8c","control_MaxMatch_Negative_Inanimate","0","MaxMatch","heroin","gunshot","heroin-gunshot","InanimateMatch","NegativeMatch"
"2489","67f1d446157e95df044d2f8c","test_ValenceMatch_Negative","0","ValenceMatchingOnly","poison","tapeworm","poison-tapeworm","InanimateMismatch","NegativeMatch"
"2490","67f1d446157e95df044d2f8c","control_MaxMatch_Negative_Animate","0","MaxMatch","maggot","mugger","maggot-mugger","AnimateMatch","NegativeMatch"
"2491","67f1d446157e95df044d2f8c","test_ConceptualMatch_Inanimate","0","ConceptualMatchingOnly","heroin","dollar","heroin-dollar","ConceptualMatch:inanimate","NegativeMismatch"
"2492","67f1d446157e95df044d2f8c","control_Similar","99","SimilarControl","get","obtain","get-obtain","",""
"2493","67f1d446157e95df044d2f8c","test_ValenceMatch_Positive","0","ValenceMatchingOnly","award","kitten","award-kitten","InanimateMismatch","PositiveMatch"
"2494","67f1d446157e95df044d2f8c","control_Dissimilar","0","DissimilarControl","come","go","come-go","",""
"2495","67f1d446157e95df044d2f8c","control_MaxMatch_Positive_Animate","0","MaxMatch","comedian","chipmunk","comedian-chipmunk","AnimateMatch","PositiveMatch"
"2496","67f1d446157e95df044d2f8c","control_MaxMatch_Positive_Inanimate","0","MaxMatch","laughter","meadow","laughter-meadow","InanimateMatch","PositiveMatch"
"2497","67f1d446157e95df044d2f8c","control_Similar","99","SimilarControl","buy","purchase","buy-purchase","",""
"2498","67f1d446157e95df044d2f8c","control_Dissimilar","0","DissimilarControl","begin","end","begin-end","",""
"2499","67f1d446157e95df044d2f8c","control_MaxMismatch","0","MaxMismatch","maggot","chipmunk","maggot-chipmunk","AnimateMismatch","NegativeMismatch"
"2500","67f1d446157e95df044d2f8c","control_MaxMatch_Negative_Inanimate","0","MaxMatch","cocaine","poison","cocaine-poison","InanimateMatch","NegativeMatch"
"2501","67f1d446157e95df044d2f8c","test_ValenceMatch_Negative","0","ValenceMatchingOnly","heroin","asshole","heroin-asshole","InanimateMismatch","NegativeMatch"
"2502","67f1d446157e95df044d2f8c","control_MaxMatch_Negative_Animate","13","MaxMatch","slave","inmate","slave-inmate","AnimateMatch","NegativeMatch"
"2503","67f1d446157e95df044d2f8c","test_ConceptualMatch_Inanimate","0","ConceptualMatchingOnly","flood","prize","flood-prize","ConceptualMatch:inanimate","NegativeMismatch"
"2504","67f1d446157e95df044d2f8c","control_Similar","92","SimilarControl","show","display","show-display","",""
"2505","67f1d446157e95df044d2f8c","test_ValenceMatch_Positive","0","ValenceMatchingOnly","sandwich","husband","sandwich-husband","InanimateMismatch","PositiveMatch"
"2506","67f1d446157e95df044d2f8c","control_Dissimilar","0","DissimilarControl","give","take","give-take","",""
"2507","67f1d446157e95df044d2f8c","control_MaxMatch_Positive_Animate","0","MaxMatch","kitten","princess","kitten-princess","AnimateMatch","PositiveMatch"
"2508","67f1d446157e95df044d2f8c","control_MaxMatch_Positive_Inanimate","0","MaxMatch","award","doughnut","award-doughnut","InanimateMatch","PositiveMatch"
"2509","67f1d446157e95df044d2f8c","control_Similar","99","SimilarControl","help","assist","help-assist","",""
"2510","67f1d446157e95df044d2f8c","control_Dissimilar","0","DissimilarControl","arrive","leave","arrive-leave","",""
"2511","67f1d446157e95df044d2f8c","control_MaxMismatch","0","MaxMismatch","tapeworm","comedian","tapeworm-comedian","AnimateMismatch","NegativeMismatch"
"2512","67f1d446157e95df044d2f8c","control_MaxMatch_Negative_Inanimate","0","MaxMatch","poison","corpse","poison-corpse","InanimateMatch","NegativeMatch"
"2513","67f1d446157e95df044d2f8c","test_ValenceMatch_Negative","0","ValenceMatchingOnly","cocaine","leech","cocaine-leech","InanimateMismatch","NegativeMatch"
"2514","67f1d446157e95df044d2f8c","control_MaxMatch_Negative_Animate","0","MaxMatch","dictator","intruder","dictator-intruder","AnimateMatch","NegativeMatch"
"2515","67f1d446157e95df044d2f8c","test_ConceptualMatch_Inanimate","0","ConceptualMatchingOnly","corpse","meadow","corpse-meadow","ConceptualMatch:inanimate","NegativeMismatch"
"2516","67f1d446157e95df044d2f8c","control_Similar","94","SimilarControl","ask","inquire","ask-inquire","",""
"2517","67f1d446157e95df044d2f8c","test_ValenceMatch_Positive","0","ValenceMatchingOnly","sandwich","chipmunk","sandwich-chipmunk","InanimateMismatch","PositiveMatch"
"2518","67f1d446157e95df044d2f8c","control_Dissimilar","0","DissimilarControl","rise","fall","rise-fall","",""
"2519","67f1d446157e95df044d2f8c","control_MaxMatch_Positive_Animate","9","MaxMatch","sibling","child","sibling-child","AnimateMatch","PositiveMatch"
"2520","67f1d446157e95df044d2f8c","control_MaxMatch_Positive_Inanimate","0","MaxMatch","award","sandwich","award-sandwich","InanimateMatch","PositiveMatch"
"2521","673cd0592b76130dcd85d767","control_Similar","99","SimilarControl","begin","start","begin-start","",""
"2522","673cd0592b76130dcd85d767","control_Dissimilar","0","DissimilarControl","add","remove","add-remove","",""
"2523","673cd0592b76130dcd85d767","test_ValenceMatch_Positive","0","ValenceMatchingOnly","sunshine","duckling","sunshine-duckling","InanimateMismatch","PositiveMatch"
"2524","673cd0592b76130dcd85d767","control_Similar","99","SimilarControl","help","assist","help-assist","",""
"2525","673cd0592b76130dcd85d767","control_MaxMatch_Positive_Inanimate","0","MaxMatch","pizza","dollar","pizza-dollar","InanimateMatch","PositiveMatch"
"2526","673cd0592b76130dcd85d767","control_Dissimilar","26","DissimilarControl","push","pull","push-pull","",""
"2527","673cd0592b76130dcd85d767","control_MaxMatch_Negative_Inanimate","0","MaxMatch","flood","corpse","flood-corpse","InanimateMatch","NegativeMatch"
"2528","673cd0592b76130dcd85d767","control_MaxMatch_Negative_Animate","59","MaxMatch","inmate","mugger","inmate-mugger","AnimateMatch","NegativeMatch"
"2529","673cd0592b76130dcd85d767","test_ValenceMatch_Negative","0","ValenceMatchingOnly","heroin","tapeworm","heroin-tapeworm","InanimateMismatch","NegativeMatch"
"2530","673cd0592b76130dcd85d767","control_MaxMatch_Positive_Animate","14","MaxMatch","duckling","chipmunk","duckling-chipmunk","AnimateMatch","PositiveMatch"
"2531","673cd0592b76130dcd85d767","test_ConceptualMatch_Inanimate","25","ConceptualMatchingOnly","flood","meadow","flood-meadow","ConceptualMatch:inanimate","NegativeMismatch"
"2532","673cd0592b76130dcd85d767","control_MaxMismatch","0","MaxMismatch","leech","kitten","leech-kitten","AnimateMismatch","NegativeMismatch"
"2533","673cd0592b76130dcd85d767","control_Similar","97","SimilarControl","use","employ","use-employ","",""
"2534","673cd0592b76130dcd85d767","control_Dissimilar","42","DissimilarControl","rise","fall","rise-fall","",""
"2535","673cd0592b76130dcd85d767","test_ValenceMatch_Positive","0","ValenceMatchingOnly","meadow","princess","meadow-princess","InanimateMismatch","PositiveMatch"
"2536","673cd0592b76130dcd85d767","control_Similar","83","SimilarControl","show","display","show-display","",""
"2537","673cd0592b76130dcd85d767","control_MaxMatch_Positive_Inanimate","11","MaxMatch","laughter","doughnut","laughter-doughnut","InanimateMatch","PositiveMatch"
"2538","673cd0592b76130dcd85d767","control_Dissimilar","18","DissimilarControl","increase","decrease","increase-decrease","",""
"2539","673cd0592b76130dcd85d767","control_MaxMatch_Negative_Inanimate","64","MaxMatch","heroin","poison","heroin-poison","InanimateMatch","NegativeMatch"
"2540","673cd0592b76130dcd85d767","control_MaxMatch_Negative_Animate","21","MaxMatch","slave","mugger","slave-mugger","AnimateMatch","NegativeMatch"
"2541","673cd0592b76130dcd85d767","test_ValenceMatch_Negative","12","ValenceMatchingOnly","wiretap","dictator","wiretap-dictator","InanimateMismatch","NegativeMatch"
"2542","673cd0592b76130dcd85d767","control_MaxMatch_Positive_Animate","33","MaxMatch","duckling","child","duckling-child","AnimateMatch","PositiveMatch"
"2543","673cd0592b76130dcd85d767","test_ConceptualMatch_Inanimate","0","ConceptualMatchingOnly","heroin","sunshine","heroin-sunshine","ConceptualMatch:inanimate","NegativeMismatch"
"2544","673cd0592b76130dcd85d767","control_MaxMismatch","20","MaxMismatch","dictator","comedian","dictator-comedian","AnimateMismatch","NegativeMismatch"
"2545","673cd0592b76130dcd85d767","control_Similar","81","SimilarControl","need","require","need-require","",""
"2546","673cd0592b76130dcd85d767","control_Dissimilar","58","DissimilarControl","come","go","come-go","",""
"2547","673cd0592b76130dcd85d767","test_ValenceMatch_Positive","0","ValenceMatchingOnly","dollar","child","dollar-child","InanimateMismatch","PositiveMatch"
"2548","673cd0592b76130dcd85d767","control_Similar","88","SimilarControl","get","obtain","get-obtain","",""
"2549","673cd0592b76130dcd85d767","control_MaxMatch_Positive_Inanimate","4","MaxMatch","sunshine","dollar","sunshine-dollar","InanimateMatch","PositiveMatch"
"2550","673cd0592b76130dcd85d767","control_Dissimilar","62","DissimilarControl","arrive","leave","arrive-leave","",""
"2551","673cd0592b76130dcd85d767","control_MaxMatch_Negative_Inanimate","10","MaxMatch","gunshot","flood","gunshot-flood","InanimateMatch","NegativeMatch"
"2552","673cd0592b76130dcd85d767","control_MaxMatch_Negative_Animate","72","MaxMatch","leech","tapeworm","leech-tapeworm","AnimateMatch","NegativeMatch"
"2553","673cd0592b76130dcd85d767","test_ValenceMatch_Negative","23","ValenceMatchingOnly","excrement","dictator","excrement-dictator","InanimateMismatch","NegativeMatch"
"2554","673cd0592b76130dcd85d767","control_MaxMatch_Positive_Animate","94","MaxMatch","kitten","child","kitten-child","AnimateMatch","PositiveMatch"
"2555","673cd0592b76130dcd85d767","test_ConceptualMatch_Inanimate","24","ConceptualMatchingOnly","smallpox","meadow","smallpox-meadow","ConceptualMatch:inanimate","NegativeMismatch"
"2556","673cd0592b76130dcd85d767","control_MaxMismatch","24","MaxMismatch","tapeworm","puppy","tapeworm-puppy","AnimateMismatch","NegativeMismatch"
"2557","673cd0592b76130dcd85d767","control_Similar","96","SimilarControl","speak","talk","speak-talk","",""
"2558","673cd0592b76130dcd85d767","control_Dissimilar","72","DissimilarControl","enter","exit","enter-exit","",""
"2559","673cd0592b76130dcd85d767","test_ValenceMatch_Positive","9","ValenceMatchingOnly","pizza","chipmunk","pizza-chipmunk","InanimateMismatch","PositiveMatch"
"2560","673cd0592b76130dcd85d767","control_Similar","84","SimilarControl","buy","purchase","buy-purchase","",""
"2561","673cd0592b76130dcd85d767","control_MaxMatch_Positive_Inanimate","10","MaxMatch","prize","meadow","prize-meadow","InanimateMatch","PositiveMatch"
"2562","673cd0592b76130dcd85d767","control_Dissimilar","84","DissimilarControl","begin","end","begin-end","",""
"2563","673cd0592b76130dcd85d767","control_MaxMatch_Negative_Inanimate","5","MaxMatch","excrement","gunshot","excrement-gunshot","InanimateMatch","NegativeMatch"
"2564","673cd0592b76130dcd85d767","control_MaxMatch_Negative_Animate","63","MaxMatch","slave","inmate","slave-inmate","AnimateMatch","NegativeMatch"
"2565","673cd0592b76130dcd85d767","test_ValenceMatch_Negative","13","ValenceMatchingOnly","smallpox","intruder","smallpox-intruder","InanimateMismatch","NegativeMatch"
"2566","673cd0592b76130dcd85d767","control_MaxMatch_Positive_Animate","30","MaxMatch","child","husband","child-husband","AnimateMatch","PositiveMatch"
"2567","673cd0592b76130dcd85d767","test_ConceptualMatch_Inanimate","0","ConceptualMatchingOnly","swastika","feast","swastika-feast","ConceptualMatch:inanimate","NegativeMismatch"
"2568","673cd0592b76130dcd85d767","control_MaxMismatch","7","MaxMismatch","leech","chipmunk","leech-chipmunk","AnimateMismatch","NegativeMismatch"
"2569","673cd0592b76130dcd85d767","control_Similar","99","SimilarControl","end","finish","end-finish","",""
"2570","673cd0592b76130dcd85d767","control_Dissimilar","62","DissimilarControl","give","take","give-take","",""
"2571","673cd0592b76130dcd85d767","test_ValenceMatch_Positive","0","ValenceMatchingOnly","dollar","duckling","dollar-duckling","InanimateMismatch","PositiveMatch"
"2572","673cd0592b76130dcd85d767","control_Similar","95","SimilarControl","ask","inquire","ask-inquire","",""
"2573","673cd0592b76130dcd85d767","control_MaxMatch_Positive_Inanimate","42","MaxMatch","pizza","sandwich","pizza-sandwich","InanimateMatch","PositiveMatch"
"2574","673cd0592b76130dcd85d767","control_Dissimilar","71","DissimilarControl","open","close","open-close","",""
"2575","673cd0592b76130dcd85d767","control_MaxMatch_Negative_Inanimate","20","MaxMatch","poison","gunshot","poison-gunshot","InanimateMatch","NegativeMatch"
"2576","673cd0592b76130dcd85d767","control_MaxMatch_Negative_Animate","11","MaxMatch","slave","intruder","slave-intruder","AnimateMatch","NegativeMatch"
"2577","673cd0592b76130dcd85d767","test_ValenceMatch_Negative","52","ValenceMatchingOnly","heroin","inmate","heroin-inmate","InanimateMismatch","NegativeMatch"
"2578","673cd0592b76130dcd85d767","control_MaxMatch_Positive_Animate","15","MaxMatch","kitten","princess","kitten-princess","AnimateMatch","PositiveMatch"
"2579","673cd0592b76130dcd85d767","test_ConceptualMatch_Inanimate","0","ConceptualMatchingOnly","corpse","sandwich","corpse-sandwich","ConceptualMatch:inanimate","NegativeMismatch"
"2580","673cd0592b76130dcd85d767","control_MaxMismatch","0","MaxMismatch","slave","chipmunk","slave-chipmunk","AnimateMismatch","NegativeMismatch"
"2581","657b111e0f834cfa496bd068","control_Dissimilar","0","DissimilarControl","arrive","leave","arrive-leave","",""
"2582","657b111e0f834cfa496bd068","control_Similar","99","SimilarControl","buy","purchase","buy-purchase","",""
"2583","657b111e0f834cfa496bd068","control_MaxMatch_Negative_Inanimate","0","MaxMatch","heroin","wiretap","heroin-wiretap","InanimateMatch","NegativeMatch"
"2584","657b111e0f834cfa496bd068","test_ValenceMatch_Positive","0","ValenceMatchingOnly","sunshine","princess","sunshine-princess","InanimateMismatch","PositiveMatch"
"2585","657b111e0f834cfa496bd068","control_MaxMatch_Negative_Animate","0","MaxMatch","slave","intruder","slave-intruder","AnimateMatch","NegativeMatch"
"2586","657b111e0f834cfa496bd068","control_Dissimilar","0","DissimilarControl","give","take","give-take","",""
"2587","657b111e0f834cfa496bd068","test_ConceptualMatch_Inanimate","0","ConceptualMatchingOnly","wiretap","sunshine","wiretap-sunshine","ConceptualMatch:inanimate","NegativeMismatch"
"2588","657b111e0f834cfa496bd068","control_MaxMatch_Positive_Animate","81","MaxMatch","sibling","child","sibling-child","AnimateMatch","PositiveMatch"
"2589","657b111e0f834cfa496bd068","test_ValenceMatch_Negative","0","ValenceMatchingOnly","smallpox","mugger","smallpox-mugger","InanimateMismatch","NegativeMatch"
"2590","657b111e0f834cfa496bd068","control_MaxMatch_Positive_Inanimate","18","MaxMatch","pizza","dollar","pizza-dollar","InanimateMatch","PositiveMatch"
"2591","657b111e0f834cfa496bd068","control_MaxMismatch","0","MaxMismatch","leech","princess","leech-princess","AnimateMismatch","NegativeMismatch"
"2592","657b111e0f834cfa496bd068","control_Similar","99","SimilarControl","end","finish","end-finish","",""
"2593","657b111e0f834cfa496bd068","control_Dissimilar","0","DissimilarControl","increase","decrease","increase-decrease","",""
"2594","657b111e0f834cfa496bd068","control_Similar","99","SimilarControl","help","assist","help-assist","",""
"2595","657b111e0f834cfa496bd068","control_MaxMatch_Negative_Inanimate","0","MaxMatch","wiretap","cocaine","wiretap-cocaine","InanimateMatch","NegativeMatch"
"2596","657b111e0f834cfa496bd068","test_ValenceMatch_Positive","32","ValenceMatchingOnly","meadow","bunny","meadow-bunny","InanimateMismatch","PositiveMatch"
"2597","657b111e0f834cfa496bd068","control_MaxMatch_Negative_Animate","0","MaxMatch","inmate","dictator","inmate-dictator","AnimateMatch","NegativeMatch"
"2598","657b111e0f834cfa496bd068","control_Dissimilar","0","DissimilarControl","rise","fall","rise-fall","",""
"2599","657b111e0f834cfa496bd068","test_ConceptualMatch_Inanimate","0","ConceptualMatchingOnly","excrement","laughter","excrement-laughter","ConceptualMatch:inanimate","NegativeMismatch"
"2600","657b111e0f834cfa496bd068","control_MaxMatch_Positive_Animate","51","MaxMatch","duckling","child","duckling-child","AnimateMatch","PositiveMatch"
"2601","657b111e0f834cfa496bd068","test_ValenceMatch_Negative","0","ValenceMatchingOnly","heroin","tapeworm","heroin-tapeworm","InanimateMismatch","NegativeMatch"
"2602","657b111e0f834cfa496bd068","control_MaxMatch_Positive_Inanimate","0","MaxMatch","pizza","laughter","pizza-laughter","InanimateMatch","PositiveMatch"
"2603","657b111e0f834cfa496bd068","control_MaxMismatch","0","MaxMismatch","inmate","puppy","inmate-puppy","AnimateMismatch","NegativeMismatch"
"2604","657b111e0f834cfa496bd068","control_Similar","99","SimilarControl","show","display","show-display","",""
"2605","657b111e0f834cfa496bd068","control_Dissimilar","0","DissimilarControl","open","close","open-close","",""
"2606","657b111e0f834cfa496bd068","control_Similar","96","SimilarControl","use","employ","use-employ","",""
"2607","657b111e0f834cfa496bd068","control_MaxMatch_Negative_Inanimate","0","MaxMatch","cocaine","smallpox","cocaine-smallpox","InanimateMatch","NegativeMatch"
"2608","657b111e0f834cfa496bd068","test_ValenceMatch_Positive","0","ValenceMatchingOnly","dollar","puppy","dollar-puppy","InanimateMismatch","PositiveMatch"
"2609","657b111e0f834cfa496bd068","control_MaxMatch_Negative_Animate","72","MaxMatch","dictator","leech","dictator-leech","AnimateMatch","NegativeMatch"
"2610","657b111e0f834cfa496bd068","control_Dissimilar","0","DissimilarControl","push","pull","push-pull","",""
"2611","657b111e0f834cfa496bd068","test_ConceptualMatch_Inanimate","0","ConceptualMatchingOnly","excrement","meadow","excrement-meadow","ConceptualMatch:inanimate","NegativeMismatch"
"2612","657b111e0f834cfa496bd068","control_MaxMatch_Positive_Animate","0","MaxMatch","duckling","husband","duckling-husband","AnimateMatch","PositiveMatch"
"2613","657b111e0f834cfa496bd068","test_ValenceMatch_Negative","0","ValenceMatchingOnly","poison","maggot","poison-maggot","InanimateMismatch","NegativeMatch"
"2614","657b111e0f834cfa496bd068","control_MaxMatch_Positive_Inanimate","0","MaxMatch","sunshine","dollar","sunshine-dollar","InanimateMatch","PositiveMatch"
"2615","657b111e0f834cfa496bd068","control_MaxMismatch","4","MaxMismatch","dictator","husband","dictator-husband","AnimateMismatch","NegativeMismatch"
"2616","657b111e0f834cfa496bd068","control_Similar","57","SimilarControl","need","require","need-require","",""
"2617","657b111e0f834cfa496bd068","control_Dissimilar","0","DissimilarControl","enter","exit","enter-exit","",""
"2618","657b111e0f834cfa496bd068","control_Similar","99","SimilarControl","get","obtain","get-obtain","",""
"2619","657b111e0f834cfa496bd068","control_MaxMatch_Negative_Inanimate","0","MaxMatch","heroin","excrement","heroin-excrement","InanimateMatch","NegativeMatch"
"2620","657b111e0f834cfa496bd068","test_ValenceMatch_Positive","0","ValenceMatchingOnly","meadow","comedian","meadow-comedian","InanimateMismatch","PositiveMatch"
"2621","657b111e0f834cfa496bd068","control_MaxMatch_Negative_Animate","0","MaxMatch","inmate","tapeworm","inmate-tapeworm","AnimateMatch","NegativeMatch"
"2622","657b111e0f834cfa496bd068","control_Dissimilar","0","DissimilarControl","come","go","come-go","",""
"2623","657b111e0f834cfa496bd068","test_ConceptualMatch_Inanimate","0","ConceptualMatchingOnly","cocaine","pizza","cocaine-pizza","ConceptualMatch:inanimate","NegativeMismatch"
"2624","657b111e0f834cfa496bd068","control_MaxMatch_Positive_Animate","0","MaxMatch","kitten","princess","kitten-princess","AnimateMatch","PositiveMatch"
"2625","657b111e0f834cfa496bd068","test_ValenceMatch_Negative","0","ValenceMatchingOnly","heroin","intruder","heroin-intruder","InanimateMismatch","NegativeMatch"
"2626","657b111e0f834cfa496bd068","control_MaxMatch_Positive_Inanimate","0","MaxMatch","award","feast","award-feast","InanimateMatch","PositiveMatch"
"2627","657b111e0f834cfa496bd068","control_MaxMismatch","0","MaxMismatch","leech","bunny","leech-bunny","AnimateMismatch","NegativeMismatch"
"2628","657b111e0f834cfa496bd068","control_Similar","99","SimilarControl","ask","inquire","ask-inquire","",""
"2629","657b111e0f834cfa496bd068","control_Dissimilar","0","DissimilarControl","add","remove","add-remove","",""
"2630","657b111e0f834cfa496bd068","control_Similar","99","SimilarControl","begin","start","begin-start","",""
"2631","657b111e0f834cfa496bd068","control_MaxMatch_Negative_Inanimate","0","MaxMatch","gunshot","flood","gunshot-flood","InanimateMatch","NegativeMatch"
"2632","657b111e0f834cfa496bd068","test_ValenceMatch_Positive","0","ValenceMatchingOnly","sandwich","child","sandwich-child","InanimateMismatch","PositiveMatch"
"2633","657b111e0f834cfa496bd068","control_MaxMatch_Negative_Animate","0","MaxMatch","maggot","inmate","maggot-inmate","AnimateMatch","NegativeMatch"
"2634","657b111e0f834cfa496bd068","control_Dissimilar","0","DissimilarControl","begin","end","begin-end","",""
"2635","657b111e0f834cfa496bd068","test_ConceptualMatch_Inanimate","0","ConceptualMatchingOnly","gunshot","dollar","gunshot-dollar","ConceptualMatch:inanimate","NegativeMismatch"
"2636","657b111e0f834cfa496bd068","control_MaxMatch_Positive_Animate","0","MaxMatch","puppy","husband","puppy-husband","AnimateMatch","PositiveMatch"
"2637","657b111e0f834cfa496bd068","test_ValenceMatch_Negative","0","ValenceMatchingOnly","corpse","leech","corpse-leech","InanimateMismatch","NegativeMatch"
"2638","657b111e0f834cfa496bd068","control_MaxMatch_Positive_Inanimate","0","MaxMatch","laughter","dollar","laughter-dollar","InanimateMatch","PositiveMatch"
"2639","657b111e0f834cfa496bd068","control_MaxMismatch","0","MaxMismatch","inmate","sibling","inmate-sibling","AnimateMismatch","NegativeMismatch"
"2640","657b111e0f834cfa496bd068","control_Similar","99","SimilarControl","speak","talk","speak-talk","",""
"2641","682cee61cd9e83aea7e3df3b","control_Similar","99","SimilarControl","end","finish","end-finish","",""
"2642","682cee61cd9e83aea7e3df3b","control_Dissimilar","0","DissimilarControl","come","go","come-go","",""
"2643","682cee61cd9e83aea7e3df3b","control_MaxMatch_Positive_Inanimate","0","MaxMatch","prize","laughter","prize-laughter","InanimateMatch","PositiveMatch"
"2644","682cee61cd9e83aea7e3df3b","test_ValenceMatch_Negative","0","ValenceMatchingOnly","gunshot","maggot","gunshot-maggot","InanimateMismatch","NegativeMatch"
"2645","682cee61cd9e83aea7e3df3b","control_MaxMatch_Negative_Animate","0","MaxMatch","asshole","tapeworm","asshole-tapeworm","AnimateMatch","NegativeMatch"
"2646","682cee61cd9e83aea7e3df3b","test_ValenceMatch_Positive","0","ValenceMatchingOnly","laughter","bunny","laughter-bunny","InanimateMismatch","PositiveMatch"
"2647","682cee61cd9e83aea7e3df3b","control_MaxMatch_Positive_Animate","0","MaxMatch","chipmunk","husband","chipmunk-husband","AnimateMatch","PositiveMatch"
"2648","682cee61cd9e83aea7e3df3b","control_MaxMismatch","0","MaxMismatch","leech","child","leech-child","AnimateMismatch","NegativeMismatch"
"2649","682cee61cd9e83aea7e3df3b","control_Similar","99","SimilarControl","show","display","show-display","",""
"2650","682cee61cd9e83aea7e3df3b","test_ConceptualMatch_Inanimate","0","ConceptualMatchingOnly","corpse","sandwich","corpse-sandwich","ConceptualMatch:inanimate","NegativeMismatch"
"2651","682cee61cd9e83aea7e3df3b","control_MaxMatch_Negative_Inanimate","47","MaxMatch","heroin","poison","heroin-poison","InanimateMatch","NegativeMatch"
"2652","682cee61cd9e83aea7e3df3b","control_Dissimilar","0","DissimilarControl","enter","exit","enter-exit","",""
"2653","682cee61cd9e83aea7e3df3b","control_Similar","80","SimilarControl","use","employ","use-employ","",""
"2654","682cee61cd9e83aea7e3df3b","control_Dissimilar","0","DissimilarControl","open","close","open-close","",""
"2655","682cee61cd9e83aea7e3df3b","control_MaxMatch_Positive_Inanimate","60","MaxMatch","prize","dollar","prize-dollar","InanimateMatch","PositiveMatch"
"2656","682cee61cd9e83aea7e3df3b","test_ValenceMatch_Negative","0","ValenceMatchingOnly","cocaine","leech","cocaine-leech","InanimateMismatch","NegativeMatch"
"2657","682cee61cd9e83aea7e3df3b","control_MaxMatch_Negative_Animate","0","MaxMatch","maggot","dictator","maggot-dictator","AnimateMatch","NegativeMatch"
"2658","682cee61cd9e83aea7e3df3b","test_ValenceMatch_Positive","0","ValenceMatchingOnly","feast","bunny","feast-bunny","InanimateMismatch","PositiveMatch"
"2659","682cee61cd9e83aea7e3df3b","control_MaxMatch_Positive_Animate","0","MaxMatch","comedian","sibling","comedian-sibling","AnimateMatch","PositiveMatch"
"2660","682cee61cd9e83aea7e3df3b","control_MaxMismatch","0","MaxMismatch","asshole","bunny","asshole-bunny","AnimateMismatch","NegativeMismatch"
"2661","682cee61cd9e83aea7e3df3b","control_Similar","99","SimilarControl","ask","inquire","ask-inquire","",""
"2662","682cee61cd9e83aea7e3df3b","test_ConceptualMatch_Inanimate","0","ConceptualMatchingOnly","cocaine","feast","cocaine-feast","ConceptualMatch:inanimate","NegativeMismatch"
"2663","682cee61cd9e83aea7e3df3b","control_MaxMatch_Negative_Inanimate","0","MaxMatch","swastika","smallpox","swastika-smallpox","InanimateMatch","NegativeMatch"
"2664","682cee61cd9e83aea7e3df3b","control_Dissimilar","0","DissimilarControl","rise","fall","rise-fall","",""
"2665","682cee61cd9e83aea7e3df3b","control_Similar","99","SimilarControl","get","obtain","get-obtain","",""
"2666","682cee61cd9e83aea7e3df3b","control_Dissimilar","0","DissimilarControl","push","pull","push-pull","",""
"2667","682cee61cd9e83aea7e3df3b","control_MaxMatch_Positive_Inanimate","71","MaxMatch","sunshine","laughter","sunshine-laughter","InanimateMatch","PositiveMatch"
"2668","682cee61cd9e83aea7e3df3b","test_ValenceMatch_Negative","0","ValenceMatchingOnly","smallpox","inmate","smallpox-inmate","InanimateMismatch","NegativeMatch"
"2669","682cee61cd9e83aea7e3df3b","control_MaxMatch_Negative_Animate","0","MaxMatch","asshole","leech","asshole-leech","AnimateMatch","NegativeMatch"
"2670","682cee61cd9e83aea7e3df3b","test_ValenceMatch_Positive","0","ValenceMatchingOnly","sandwich","child","sandwich-child","InanimateMismatch","PositiveMatch"
"2671","682cee61cd9e83aea7e3df3b","control_MaxMatch_Positive_Animate","0","MaxMatch","kitten","husband","kitten-husband","AnimateMatch","PositiveMatch"
"2672","682cee61cd9e83aea7e3df3b","control_MaxMismatch","0","MaxMismatch","tapeworm","chipmunk","tapeworm-chipmunk","AnimateMismatch","NegativeMismatch"
"2673","682cee61cd9e83aea7e3df3b","control_Similar","99","SimilarControl","begin","start","begin-start","",""
"2674","682cee61cd9e83aea7e3df3b","test_ConceptualMatch_Inanimate","13","ConceptualMatchingOnly","flood","doughnut","flood-doughnut","ConceptualMatch:inanimate","NegativeMismatch"
"2675","682cee61cd9e83aea7e3df3b","control_MaxMatch_Negative_Inanimate","0","MaxMatch","heroin","flood","heroin-flood","InanimateMatch","NegativeMatch"
"2676","682cee61cd9e83aea7e3df3b","control_Dissimilar","0","DissimilarControl","arrive","leave","arrive-leave","",""
"2677","682cee61cd9e83aea7e3df3b","control_Similar","99","SimilarControl","speak","talk","speak-talk","",""
"2678","682cee61cd9e83aea7e3df3b","control_Dissimilar","10","DissimilarControl","give","take","give-take","",""
"2679","682cee61cd9e83aea7e3df3b","control_MaxMatch_Positive_Inanimate","0","MaxMatch","sunshine","pizza","sunshine-pizza","InanimateMatch","PositiveMatch"
"2680","682cee61cd9e83aea7e3df3b","test_ValenceMatch_Negative","0","ValenceMatchingOnly","swastika","slave","swastika-slave","InanimateMismatch","NegativeMatch"
"2681","682cee61cd9e83aea7e3df3b","control_MaxMatch_Negative_Animate","0","MaxMatch","slave","leech","slave-leech","AnimateMatch","NegativeMatch"
"2682","682cee61cd9e83aea7e3df3b","test_ValenceMatch_Positive","9","ValenceMatchingOnly","award","princess","award-princess","InanimateMismatch","PositiveMatch"
"2683","682cee61cd9e83aea7e3df3b","control_MaxMatch_Positive_Animate","0","MaxMatch","comedian","duckling","comedian-duckling","AnimateMatch","PositiveMatch"
"2684","682cee61cd9e83aea7e3df3b","control_MaxMismatch","0","MaxMismatch","maggot","bunny","maggot-bunny","AnimateMismatch","NegativeMismatch"
"2685","682cee61cd9e83aea7e3df3b","control_Similar","99","SimilarControl","buy","purchase","buy-purchase","",""
"2686","682cee61cd9e83aea7e3df3b","test_ConceptualMatch_Inanimate","14","ConceptualMatchingOnly","heroin","pizza","heroin-pizza","ConceptualMatch:inanimate","NegativeMismatch"
"2687","682cee61cd9e83aea7e3df3b","control_MaxMatch_Negative_Inanimate","13","MaxMatch","heroin","corpse","heroin-corpse","InanimateMatch","NegativeMatch"
"2688","682cee61cd9e83aea7e3df3b","control_Dissimilar","13","DissimilarControl","increase","decrease","increase-decrease","",""
"2689","682cee61cd9e83aea7e3df3b","control_Similar","99","SimilarControl","help","assist","help-assist","",""
"2690","682cee61cd9e83aea7e3df3b","control_Dissimilar","10","DissimilarControl","begin","end","begin-end","",""
"2691","682cee61cd9e83aea7e3df3b","control_MaxMatch_Positive_Inanimate","3","MaxMatch","laughter","dollar","laughter-dollar","InanimateMatch","PositiveMatch"
"2692","682cee61cd9e83aea7e3df3b","test_ValenceMatch_Negative","0","ValenceMatchingOnly","heroin","maggot","heroin-maggot","InanimateMismatch","NegativeMatch"
"2693","682cee61cd9e83aea7e3df3b","control_MaxMatch_Negative_Animate","0","MaxMatch","inmate","tapeworm","inmate-tapeworm","AnimateMatch","NegativeMatch"
"2694","682cee61cd9e83aea7e3df3b","test_ValenceMatch_Positive","0","ValenceMatchingOnly","prize","child","prize-child","InanimateMismatch","PositiveMatch"
"2695","682cee61cd9e83aea7e3df3b","control_MaxMatch_Positive_Animate","7","MaxMatch","sibling","duckling","sibling-duckling","AnimateMatch","PositiveMatch"
"2696","682cee61cd9e83aea7e3df3b","control_MaxMismatch","0","MaxMismatch","dictator","chipmunk","dictator-chipmunk","AnimateMismatch","NegativeMismatch"
"2697","682cee61cd9e83aea7e3df3b","control_Similar","99","SimilarControl","need","require","need-require","",""
"2698","682cee61cd9e83aea7e3df3b","test_ConceptualMatch_Inanimate","0","ConceptualMatchingOnly","flood","sunshine","flood-sunshine","ConceptualMatch:inanimate","NegativeMismatch"
"2699","682cee61cd9e83aea7e3df3b","control_MaxMatch_Negative_Inanimate","0","MaxMatch","swastika","gunshot","swastika-gunshot","InanimateMatch","NegativeMatch"
"2700","682cee61cd9e83aea7e3df3b","control_Dissimilar","0","DissimilarControl","add","remove","add-remove","",""
"2701","Thank you for allowing me to participate in this important research study. The study questions asked were relevant%2C engaging%2C interesting%2C compelling%2C and highly tailored to the purpose%2C aim%2C scope%2C and objective of the study. The navigation flow provided a seamless transition from one screen to another without any difficulty%2C pain points%2C or confusion. 5-stars.","control_Similar","99","SimilarControl","help","assist","help-assist","",""
"2702","Thank you for allowing me to participate in this important research study. The study questions asked were relevant%2C engaging%2C interesting%2C compelling%2C and highly tailored to the purpose%2C aim%2C scope%2C and objective of the study. The navigation flow provided a seamless transition from one screen to another without any difficulty%2C pain points%2C or confusion. 5-stars.","control_Dissimilar","0","DissimilarControl","rise","fall","rise-fall","",""
"2703","Thank you for allowing me to participate in this important research study. The study questions asked were relevant%2C engaging%2C interesting%2C compelling%2C and highly tailored to the purpose%2C aim%2C scope%2C and objective of the study. The navigation flow provided a seamless transition from one screen to another without any difficulty%2C pain points%2C or confusion. 5-stars.","test_ConceptualMatch_Inanimate","0","ConceptualMatchingOnly","poison","doughnut","poison-doughnut","ConceptualMatch:inanimate","NegativeMismatch"
"2704","Thank you for allowing me to participate in this important research study. The study questions asked were relevant%2C engaging%2C interesting%2C compelling%2C and highly tailored to the purpose%2C aim%2C scope%2C and objective of the study. The navigation flow provided a seamless transition from one screen to another without any difficulty%2C pain points%2C or confusion. 5-stars.","control_MaxMatch_Positive_Inanimate","51","MaxMatch","prize","sunshine","prize-sunshine","InanimateMatch","PositiveMatch"
"2705","Thank you for allowing me to participate in this important research study. The study questions asked were relevant%2C engaging%2C interesting%2C compelling%2C and highly tailored to the purpose%2C aim%2C scope%2C and objective of the study. The navigation flow provided a seamless transition from one screen to another without any difficulty%2C pain points%2C or confusion. 5-stars.","control_MaxMatch_Negative_Inanimate","2","MaxMatch","cocaine","smallpox","cocaine-smallpox","InanimateMatch","NegativeMatch"
"2706","Thank you for allowing me to participate in this important research study. The study questions asked were relevant%2C engaging%2C interesting%2C compelling%2C and highly tailored to the purpose%2C aim%2C scope%2C and objective of the study. The navigation flow provided a seamless transition from one screen to another without any difficulty%2C pain points%2C or confusion. 5-stars.","control_MaxMatch_Negative_Animate","0","MaxMatch","maggot","inmate","maggot-inmate","AnimateMatch","NegativeMatch"
"2707","Thank you for allowing me to participate in this important research study. The study questions asked were relevant%2C engaging%2C interesting%2C compelling%2C and highly tailored to the purpose%2C aim%2C scope%2C and objective of the study. The navigation flow provided a seamless transition from one screen to another without any difficulty%2C pain points%2C or confusion. 5-stars.","test_ValenceMatch_Positive","46","ValenceMatchingOnly","sunshine","duckling","sunshine-duckling","InanimateMismatch","PositiveMatch"
"2708","Thank you for allowing me to participate in this important research study. The study questions asked were relevant%2C engaging%2C interesting%2C compelling%2C and highly tailored to the purpose%2C aim%2C scope%2C and objective of the study. The navigation flow provided a seamless transition from one screen to another without any difficulty%2C pain points%2C or confusion. 5-stars.","control_Similar","77","SimilarControl","need","require","need-require","",""
"2709","Thank you for allowing me to participate in this important research study. The study questions asked were relevant%2C engaging%2C interesting%2C compelling%2C and highly tailored to the purpose%2C aim%2C scope%2C and objective of the study. The navigation flow provided a seamless transition from one screen to another without any difficulty%2C pain points%2C or confusion. 5-stars.","control_MaxMatch_Positive_Animate","66","MaxMatch","duckling","kitten","duckling-kitten","AnimateMatch","PositiveMatch"
"2710","Thank you for allowing me to participate in this important research study. The study questions asked were relevant%2C engaging%2C interesting%2C compelling%2C and highly tailored to the purpose%2C aim%2C scope%2C and objective of the study. The navigation flow provided a seamless transition from one screen to another without any difficulty%2C pain points%2C or confusion. 5-stars.","control_Dissimilar","68","DissimilarControl","push","pull","push-pull","",""
"2711","Thank you for allowing me to participate in this important research study. The study questions asked were relevant%2C engaging%2C interesting%2C compelling%2C and highly tailored to the purpose%2C aim%2C scope%2C and objective of the study. The navigation flow provided a seamless transition from one screen to another without any difficulty%2C pain points%2C or confusion. 5-stars.","test_ValenceMatch_Negative","0","ValenceMatchingOnly","heroin","inmate","heroin-inmate","InanimateMismatch","NegativeMatch"
"2712","Thank you for allowing me to participate in this important research study. The study questions asked were relevant%2C engaging%2C interesting%2C compelling%2C and highly tailored to the purpose%2C aim%2C scope%2C and objective of the study. The navigation flow provided a seamless transition from one screen to another without any difficulty%2C pain points%2C or confusion. 5-stars.","control_MaxMismatch","0","MaxMismatch","inmate","bunny","inmate-bunny","AnimateMismatch","NegativeMismatch"
"2713","Thank you for allowing me to participate in this important research study. The study questions asked were relevant%2C engaging%2C interesting%2C compelling%2C and highly tailored to the purpose%2C aim%2C scope%2C and objective of the study. The navigation flow provided a seamless transition from one screen to another without any difficulty%2C pain points%2C or confusion. 5-stars.","control_Similar","99","SimilarControl","ask","inquire","ask-inquire","",""
"2714","Thank you for allowing me to participate in this important research study. The study questions asked were relevant%2C engaging%2C interesting%2C compelling%2C and highly tailored to the purpose%2C aim%2C scope%2C and objective of the study. The navigation flow provided a seamless transition from one screen to another without any difficulty%2C pain points%2C or confusion. 5-stars.","control_Dissimilar","0","DissimilarControl","give","take","give-take","",""
"2715","Thank you for allowing me to participate in this important research study. The study questions asked were relevant%2C engaging%2C interesting%2C compelling%2C and highly tailored to the purpose%2C aim%2C scope%2C and objective of the study. The navigation flow provided a seamless transition from one screen to another without any difficulty%2C pain points%2C or confusion. 5-stars.","test_ConceptualMatch_Inanimate","0","ConceptualMatchingOnly","flood","dollar","flood-dollar","ConceptualMatch:inanimate","NegativeMismatch"
"2716","Thank you for allowing me to participate in this important research study. The study questions asked were relevant%2C engaging%2C interesting%2C compelling%2C and highly tailored to the purpose%2C aim%2C scope%2C and objective of the study. The navigation flow provided a seamless transition from one screen to another without any difficulty%2C pain points%2C or confusion. 5-stars.","control_MaxMatch_Positive_Inanimate","0","MaxMatch","laughter","doughnut","laughter-doughnut","InanimateMatch","PositiveMatch"
"2717","Thank you for allowing me to participate in this important research study. The study questions asked were relevant%2C engaging%2C interesting%2C compelling%2C and highly tailored to the purpose%2C aim%2C scope%2C and objective of the study. The navigation flow provided a seamless transition from one screen to another without any difficulty%2C pain points%2C or confusion. 5-stars.","control_MaxMatch_Negative_Inanimate","0","MaxMatch","heroin","wiretap","heroin-wiretap","InanimateMatch","NegativeMatch"
"2718","Thank you for allowing me to participate in this important research study. The study questions asked were relevant%2C engaging%2C interesting%2C compelling%2C and highly tailored to the purpose%2C aim%2C scope%2C and objective of the study. The navigation flow provided a seamless transition from one screen to another without any difficulty%2C pain points%2C or confusion. 5-stars.","control_MaxMatch_Negative_Animate","0","MaxMatch","slave","widow","slave-widow","AnimateMatch","NegativeMatch"
"2719","Thank you for allowing me to participate in this important research study. The study questions asked were relevant%2C engaging%2C interesting%2C compelling%2C and highly tailored to the purpose%2C aim%2C scope%2C and objective of the study. The navigation flow provided a seamless transition from one screen to another without any difficulty%2C pain points%2C or confusion. 5-stars.","test_ValenceMatch_Positive","0","ValenceMatchingOnly","award","husband","award-husband","InanimateMismatch","PositiveMatch"
"2720","Thank you for allowing me to participate in this important research study. The study questions asked were relevant%2C engaging%2C interesting%2C compelling%2C and highly tailored to the purpose%2C aim%2C scope%2C and objective of the study. The navigation flow provided a seamless transition from one screen to another without any difficulty%2C pain points%2C or confusion. 5-stars.","control_Similar","49","SimilarControl","use","employ","use-employ","",""
"2721","Thank you for allowing me to participate in this important research study. The study questions asked were relevant%2C engaging%2C interesting%2C compelling%2C and highly tailored to the purpose%2C aim%2C scope%2C and objective of the study. The navigation flow provided a seamless transition from one screen to another without any difficulty%2C pain points%2C or confusion. 5-stars.","control_MaxMatch_Positive_Animate","0","MaxMatch","princess","husband","princess-husband","AnimateMatch","PositiveMatch"
"2722","Thank you for allowing me to participate in this important research study. The study questions asked were relevant%2C engaging%2C interesting%2C compelling%2C and highly tailored to the purpose%2C aim%2C scope%2C and objective of the study. The navigation flow provided a seamless transition from one screen to another without any difficulty%2C pain points%2C or confusion. 5-stars.","control_Dissimilar","0","DissimilarControl","come","go","come-go","",""
"2723","Thank you for allowing me to participate in this important research study. The study questions asked were relevant%2C engaging%2C interesting%2C compelling%2C and highly tailored to the purpose%2C aim%2C scope%2C and objective of the study. The navigation flow provided a seamless transition from one screen to another without any difficulty%2C pain points%2C or confusion. 5-stars.","test_ValenceMatch_Negative","0","ValenceMatchingOnly","smallpox","maggot","smallpox-maggot","InanimateMismatch","NegativeMatch"
"2724","Thank you for allowing me to participate in this important research study. The study questions asked were relevant%2C engaging%2C interesting%2C compelling%2C and highly tailored to the purpose%2C aim%2C scope%2C and objective of the study. The navigation flow provided a seamless transition from one screen to another without any difficulty%2C pain points%2C or confusion. 5-stars.","control_MaxMismatch","0","MaxMismatch","asshole","bunny","asshole-bunny","AnimateMismatch","NegativeMismatch"
"2725","Thank you for allowing me to participate in this important research study. The study questions asked were relevant%2C engaging%2C interesting%2C compelling%2C and highly tailored to the purpose%2C aim%2C scope%2C and objective of the study. The navigation flow provided a seamless transition from one screen to another without any difficulty%2C pain points%2C or confusion. 5-stars.","control_Similar","94","SimilarControl","show","display","show-display","",""
"2726","Thank you for allowing me to participate in this important research study. The study questions asked were relevant%2C engaging%2C interesting%2C compelling%2C and highly tailored to the purpose%2C aim%2C scope%2C and objective of the study. The navigation flow provided a seamless transition from one screen to another without any difficulty%2C pain points%2C or confusion. 5-stars.","control_Dissimilar","7","DissimilarControl","increase","decrease","increase-decrease","",""
"2727","Thank you for allowing me to participate in this important research study. The study questions asked were relevant%2C engaging%2C interesting%2C compelling%2C and highly tailored to the purpose%2C aim%2C scope%2C and objective of the study. The navigation flow provided a seamless transition from one screen to another without any difficulty%2C pain points%2C or confusion. 5-stars.","test_ConceptualMatch_Inanimate","0","ConceptualMatchingOnly","wiretap","laughter","wiretap-laughter","ConceptualMatch:inanimate","NegativeMismatch"
"2728","Thank you for allowing me to participate in this important research study. The study questions asked were relevant%2C engaging%2C interesting%2C compelling%2C and highly tailored to the purpose%2C aim%2C scope%2C and objective of the study. The navigation flow provided a seamless transition from one screen to another without any difficulty%2C pain points%2C or confusion. 5-stars.","control_MaxMatch_Positive_Inanimate","51","MaxMatch","prize","dollar","prize-dollar","InanimateMatch","PositiveMatch"
"2729","Thank you for allowing me to participate in this important research study. The study questions asked were relevant%2C engaging%2C interesting%2C compelling%2C and highly tailored to the purpose%2C aim%2C scope%2C and objective of the study. The navigation flow provided a seamless transition from one screen to another without any difficulty%2C pain points%2C or confusion. 5-stars.","control_MaxMatch_Negative_Inanimate","75","MaxMatch","swastika","smallpox","swastika-smallpox","InanimateMatch","NegativeMatch"
"2730","Thank you for allowing me to participate in this important research study. The study questions asked were relevant%2C engaging%2C interesting%2C compelling%2C and highly tailored to the purpose%2C aim%2C scope%2C and objective of the study. The navigation flow provided a seamless transition from one screen to another without any difficulty%2C pain points%2C or confusion. 5-stars.","control_MaxMatch_Negative_Animate","0","MaxMatch","tapeworm","intruder","tapeworm-intruder","AnimateMatch","NegativeMatch"
"2731","Thank you for allowing me to participate in this important research study. The study questions asked were relevant%2C engaging%2C interesting%2C compelling%2C and highly tailored to the purpose%2C aim%2C scope%2C and objective of the study. The navigation flow provided a seamless transition from one screen to another without any difficulty%2C pain points%2C or confusion. 5-stars.","test_ValenceMatch_Positive","0","ValenceMatchingOnly","doughnut","comedian","doughnut-comedian","InanimateMismatch","PositiveMatch"
"2732","Thank you for allowing me to participate in this important research study. The study questions asked were relevant%2C engaging%2C interesting%2C compelling%2C and highly tailored to the purpose%2C aim%2C scope%2C and objective of the study. The navigation flow provided a seamless transition from one screen to another without any difficulty%2C pain points%2C or confusion. 5-stars.","control_Similar","99","SimilarControl","buy","purchase","buy-purchase","",""
"2733","Thank you for allowing me to participate in this important research study. The study questions asked were relevant%2C engaging%2C interesting%2C compelling%2C and highly tailored to the purpose%2C aim%2C scope%2C and objective of the study. The navigation flow provided a seamless transition from one screen to another without any difficulty%2C pain points%2C or confusion. 5-stars.","control_MaxMatch_Positive_Animate","0","MaxMatch","comedian","duckling","comedian-duckling","AnimateMatch","PositiveMatch"
"2734","Thank you for allowing me to participate in this important research study. The study questions asked were relevant%2C engaging%2C interesting%2C compelling%2C and highly tailored to the purpose%2C aim%2C scope%2C and objective of the study. The navigation flow provided a seamless transition from one screen to another without any difficulty%2C pain points%2C or confusion. 5-stars.","control_Dissimilar","10","DissimilarControl","enter","exit","enter-exit","",""
"2735","Thank you for allowing me to participate in this important research study. The study questions asked were relevant%2C engaging%2C interesting%2C compelling%2C and highly tailored to the purpose%2C aim%2C scope%2C and objective of the study. The navigation flow provided a seamless transition from one screen to another without any difficulty%2C pain points%2C or confusion. 5-stars.","test_ValenceMatch_Negative","0","ValenceMatchingOnly","flood","maggot","flood-maggot","InanimateMismatch","NegativeMatch"
"2736","Thank you for allowing me to participate in this important research study. The study questions asked were relevant%2C engaging%2C interesting%2C compelling%2C and highly tailored to the purpose%2C aim%2C scope%2C and objective of the study. The navigation flow provided a seamless transition from one screen to another without any difficulty%2C pain points%2C or confusion. 5-stars.","control_MaxMismatch","0","MaxMismatch","leech","duckling","leech-duckling","AnimateMismatch","NegativeMismatch"
"2737","Thank you for allowing me to participate in this important research study. The study questions asked were relevant%2C engaging%2C interesting%2C compelling%2C and highly tailored to the purpose%2C aim%2C scope%2C and objective of the study. The navigation flow provided a seamless transition from one screen to another without any difficulty%2C pain points%2C or confusion. 5-stars.","control_Similar","99","SimilarControl","get","obtain","get-obtain","",""
"2738","Thank you for allowing me to participate in this important research study. The study questions asked were relevant%2C engaging%2C interesting%2C compelling%2C and highly tailored to the purpose%2C aim%2C scope%2C and objective of the study. The navigation flow provided a seamless transition from one screen to another without any difficulty%2C pain points%2C or confusion. 5-stars.","control_Dissimilar","16","DissimilarControl","add","remove","add-remove","",""
"2739","Thank you for allowing me to participate in this important research study. The study questions asked were relevant%2C engaging%2C interesting%2C compelling%2C and highly tailored to the purpose%2C aim%2C scope%2C and objective of the study. The navigation flow provided a seamless transition from one screen to another without any difficulty%2C pain points%2C or confusion. 5-stars.","test_ConceptualMatch_Inanimate","0","ConceptualMatchingOnly","gunshot","sunshine","gunshot-sunshine","ConceptualMatch:inanimate","NegativeMismatch"
"2740","Thank you for allowing me to participate in this important research study. The study questions asked were relevant%2C engaging%2C interesting%2C compelling%2C and highly tailored to the purpose%2C aim%2C scope%2C and objective of the study. The navigation flow provided a seamless transition from one screen to another without any difficulty%2C pain points%2C or confusion. 5-stars.","control_MaxMatch_Positive_Inanimate","0","MaxMatch","pizza","laughter","pizza-laughter","InanimateMatch","PositiveMatch"
"2741","Thank you for allowing me to participate in this important research study. The study questions asked were relevant%2C engaging%2C interesting%2C compelling%2C and highly tailored to the purpose%2C aim%2C scope%2C and objective of the study. The navigation flow provided a seamless transition from one screen to another without any difficulty%2C pain points%2C or confusion. 5-stars.","control_MaxMatch_Negative_Inanimate","0","MaxMatch","swastika","wiretap","swastika-wiretap","InanimateMatch","NegativeMatch"
"2742","Thank you for allowing me to participate in this important research study. The study questions asked were relevant%2C engaging%2C interesting%2C compelling%2C and highly tailored to the purpose%2C aim%2C scope%2C and objective of the study. The navigation flow provided a seamless transition from one screen to another without any difficulty%2C pain points%2C or confusion. 5-stars.","control_MaxMatch_Negative_Animate","0","MaxMatch","widow","intruder","widow-intruder","AnimateMatch","NegativeMatch"
"2743","Thank you for allowing me to participate in this important research study. The study questions asked were relevant%2C engaging%2C interesting%2C compelling%2C and highly tailored to the purpose%2C aim%2C scope%2C and objective of the study. The navigation flow provided a seamless transition from one screen to another without any difficulty%2C pain points%2C or confusion. 5-stars.","test_ValenceMatch_Positive","0","ValenceMatchingOnly","dollar","princess","dollar-princess","InanimateMismatch","PositiveMatch"
"2744","Thank you for allowing me to participate in this important research study. The study questions asked were relevant%2C engaging%2C interesting%2C compelling%2C and highly tailored to the purpose%2C aim%2C scope%2C and objective of the study. The navigation flow provided a seamless transition from one screen to another without any difficulty%2C pain points%2C or confusion. 5-stars.","control_Similar","12","SimilarControl","end","finish","end-finish","",""
"2745","Thank you for allowing me to participate in this important research study. The study questions asked were relevant%2C engaging%2C interesting%2C compelling%2C and highly tailored to the purpose%2C aim%2C scope%2C and objective of the study. The navigation flow provided a seamless transition from one screen to another without any difficulty%2C pain points%2C or confusion. 5-stars.","control_MaxMatch_Positive_Animate","0","MaxMatch","comedian","husband","comedian-husband","AnimateMatch","PositiveMatch"
"2746","Thank you for allowing me to participate in this important research study. The study questions asked were relevant%2C engaging%2C interesting%2C compelling%2C and highly tailored to the purpose%2C aim%2C scope%2C and objective of the study. The navigation flow provided a seamless transition from one screen to another without any difficulty%2C pain points%2C or confusion. 5-stars.","control_Dissimilar","20","DissimilarControl","open","close","open-close","",""
"2747","Thank you for allowing me to participate in this important research study. The study questions asked were relevant%2C engaging%2C interesting%2C compelling%2C and highly tailored to the purpose%2C aim%2C scope%2C and objective of the study. The navigation flow provided a seamless transition from one screen to another without any difficulty%2C pain points%2C or confusion. 5-stars.","test_ValenceMatch_Negative","0","ValenceMatchingOnly","heroin","leech","heroin-leech","InanimateMismatch","NegativeMatch"
"2748","Thank you for allowing me to participate in this important research study. The study questions asked were relevant%2C engaging%2C interesting%2C compelling%2C and highly tailored to the purpose%2C aim%2C scope%2C and objective of the study. The navigation flow provided a seamless transition from one screen to another without any difficulty%2C pain points%2C or confusion. 5-stars.","control_MaxMismatch","0","MaxMismatch","dictator","kitten","dictator-kitten","AnimateMismatch","NegativeMismatch"
"2749","Thank you for allowing me to participate in this important research study. The study questions asked were relevant%2C engaging%2C interesting%2C compelling%2C and highly tailored to the purpose%2C aim%2C scope%2C and objective of the study. The navigation flow provided a seamless transition from one screen to another without any difficulty%2C pain points%2C or confusion. 5-stars.","control_Similar","99","SimilarControl","begin","start","begin-start","",""
"2750","Thank you for allowing me to participate in this important research study. The study questions asked were relevant%2C engaging%2C interesting%2C compelling%2C and highly tailored to the purpose%2C aim%2C scope%2C and objective of the study. The navigation flow provided a seamless transition from one screen to another without any difficulty%2C pain points%2C or confusion. 5-stars.","control_Dissimilar","16","DissimilarControl","begin","end","begin-end","",""
"2751","Thank you for allowing me to participate in this important research study. The study questions asked were relevant%2C engaging%2C interesting%2C compelling%2C and highly tailored to the purpose%2C aim%2C scope%2C and objective of the study. The navigation flow provided a seamless transition from one screen to another without any difficulty%2C pain points%2C or confusion. 5-stars.","test_ConceptualMatch_Inanimate","0","ConceptualMatchingOnly","wiretap","sandwich","wiretap-sandwich","ConceptualMatch:inanimate","NegativeMismatch"
"2752","Thank you for allowing me to participate in this important research study. The study questions asked were relevant%2C engaging%2C interesting%2C compelling%2C and highly tailored to the purpose%2C aim%2C scope%2C and objective of the study. The navigation flow provided a seamless transition from one screen to another without any difficulty%2C pain points%2C or confusion. 5-stars.","control_MaxMatch_Positive_Inanimate","0","MaxMatch","sunshine","sandwich","sunshine-sandwich","InanimateMatch","PositiveMatch"
"2753","Thank you for allowing me to participate in this important research study. The study questions asked were relevant%2C engaging%2C interesting%2C compelling%2C and highly tailored to the purpose%2C aim%2C scope%2C and objective of the study. The navigation flow provided a seamless transition from one screen to another without any difficulty%2C pain points%2C or confusion. 5-stars.","control_MaxMatch_Negative_Inanimate","0","MaxMatch","cocaine","excrement","cocaine-excrement","InanimateMatch","NegativeMatch"
"2754","Thank you for allowing me to participate in this important research study. The study questions asked were relevant%2C engaging%2C interesting%2C compelling%2C and highly tailored to the purpose%2C aim%2C scope%2C and objective of the study. The navigation flow provided a seamless transition from one screen to another without any difficulty%2C pain points%2C or confusion. 5-stars.","control_MaxMatch_Negative_Animate","0","MaxMatch","widow","leech","widow-leech","AnimateMatch","NegativeMatch"
"2755","Thank you for allowing me to participate in this important research study. The study questions asked were relevant%2C engaging%2C interesting%2C compelling%2C and highly tailored to the purpose%2C aim%2C scope%2C and objective of the study. The navigation flow provided a seamless transition from one screen to another without any difficulty%2C pain points%2C or confusion. 5-stars.","test_ValenceMatch_Positive","0","ValenceMatchingOnly","sandwich","kitten","sandwich-kitten","InanimateMismatch","PositiveMatch"
"2756","Thank you for allowing me to participate in this important research study. The study questions asked were relevant%2C engaging%2C interesting%2C compelling%2C and highly tailored to the purpose%2C aim%2C scope%2C and objective of the study. The navigation flow provided a seamless transition from one screen to another without any difficulty%2C pain points%2C or confusion. 5-stars.","control_Similar","96","SimilarControl","speak","talk","speak-talk","",""
"2757","Thank you for allowing me to participate in this important research study. The study questions asked were relevant%2C engaging%2C interesting%2C compelling%2C and highly tailored to the purpose%2C aim%2C scope%2C and objective of the study. The navigation flow provided a seamless transition from one screen to another without any difficulty%2C pain points%2C or confusion. 5-stars.","control_MaxMatch_Positive_Animate","76","MaxMatch","puppy","bunny","puppy-bunny","AnimateMatch","PositiveMatch"
"2758","Thank you for allowing me to participate in this important research study. The study questions asked were relevant%2C engaging%2C interesting%2C compelling%2C and highly tailored to the purpose%2C aim%2C scope%2C and objective of the study. The navigation flow provided a seamless transition from one screen to another without any difficulty%2C pain points%2C or confusion. 5-stars.","control_Dissimilar","11","DissimilarControl","arrive","leave","arrive-leave","",""
"2759","Thank you for allowing me to participate in this important research study. The study questions asked were relevant%2C engaging%2C interesting%2C compelling%2C and highly tailored to the purpose%2C aim%2C scope%2C and objective of the study. The navigation flow provided a seamless transition from one screen to another without any difficulty%2C pain points%2C or confusion. 5-stars.","test_ValenceMatch_Negative","0","ValenceMatchingOnly","corpse","dictator","corpse-dictator","InanimateMismatch","NegativeMatch"
"2760","Thank you for allowing me to participate in this important research study. The study questions asked were relevant%2C engaging%2C interesting%2C compelling%2C and highly tailored to the purpose%2C aim%2C scope%2C and objective of the study. The navigation flow provided a seamless transition from one screen to another without any difficulty%2C pain points%2C or confusion. 5-stars.","control_MaxMismatch","0","MaxMismatch","maggot","sibling","maggot-sibling","AnimateMismatch","NegativeMismatch"
"2761","60ec54c58f88686dadb1a0c9","control_Similar","99","SimilarControl","ask","inquire","ask-inquire","",""
"2762","60ec54c58f88686dadb1a0c9","control_Dissimilar","0","DissimilarControl","rise","fall","rise-fall","",""
"2763","60ec54c58f88686dadb1a0c9","control_Similar","99","SimilarControl","speak","talk","speak-talk","",""
"2764","60ec54c58f88686dadb1a0c9","test_ValenceMatch_Negative","39","ValenceMatchingOnly","corpse","dictator","corpse-dictator","InanimateMismatch","NegativeMatch"
"2765","60ec54c58f88686dadb1a0c9","control_Dissimilar","17","DissimilarControl","add","remove","add-remove","",""
"2766","60ec54c58f88686dadb1a0c9","control_MaxMatch_Positive_Inanimate","0","MaxMatch","doughnut","meadow","doughnut-meadow","InanimateMatch","PositiveMatch"
"2767","60ec54c58f88686dadb1a0c9","test_ConceptualMatch_Inanimate","17","ConceptualMatchingOnly","cocaine","doughnut","cocaine-doughnut","ConceptualMatch:inanimate","NegativeMismatch"
"2768","60ec54c58f88686dadb1a0c9","test_ValenceMatch_Positive","0","ValenceMatchingOnly","doughnut","sibling","doughnut-sibling","InanimateMismatch","PositiveMatch"
"2769","60ec54c58f88686dadb1a0c9","control_MaxMismatch","14","MaxMismatch","inmate","kitten","inmate-kitten","AnimateMismatch","NegativeMismatch"
"2770","60ec54c58f88686dadb1a0c9","control_MaxMatch_Negative_Inanimate","16","MaxMatch","swastika","wiretap","swastika-wiretap","InanimateMatch","NegativeMatch"
"2771","60ec54c58f88686dadb1a0c9","control_MaxMatch_Negative_Animate","21","MaxMatch","maggot","mugger","maggot-mugger","AnimateMatch","NegativeMatch"
"2772","60ec54c58f88686dadb1a0c9","control_MaxMatch_Positive_Animate","33","MaxMatch","puppy","sibling","puppy-sibling","AnimateMatch","PositiveMatch"
"2773","60ec54c58f88686dadb1a0c9","control_Similar","84","SimilarControl","use","employ","use-employ","",""
"2774","60ec54c58f88686dadb1a0c9","control_Dissimilar","11","DissimilarControl","begin","end","begin-end","",""
"2775","60ec54c58f88686dadb1a0c9","control_Similar","99","SimilarControl","buy","purchase","buy-purchase","",""
"2776","60ec54c58f88686dadb1a0c9","test_ValenceMatch_Negative","6","ValenceMatchingOnly","heroin","inmate","heroin-inmate","InanimateMismatch","NegativeMatch"
"2777","60ec54c58f88686dadb1a0c9","control_Dissimilar","11","DissimilarControl","open","close","open-close","",""
"2778","60ec54c58f88686dadb1a0c9","control_MaxMatch_Positive_Inanimate","7","MaxMatch","award","laughter","award-laughter","InanimateMatch","PositiveMatch"
"2779","60ec54c58f88686dadb1a0c9","test_ConceptualMatch_Inanimate","10","ConceptualMatchingOnly","poison","laughter","poison-laughter","ConceptualMatch:inanimate","NegativeMismatch"
"2780","60ec54c58f88686dadb1a0c9","test_ValenceMatch_Positive","18","ValenceMatchingOnly","feast","chipmunk","feast-chipmunk","InanimateMismatch","PositiveMatch"
"2781","60ec54c58f88686dadb1a0c9","control_MaxMismatch","0","MaxMismatch","tapeworm","comedian","tapeworm-comedian","AnimateMismatch","NegativeMismatch"
"2782","60ec54c58f88686dadb1a0c9","control_MaxMatch_Negative_Inanimate","77","MaxMatch","swastika","excrement","swastika-excrement","InanimateMatch","NegativeMatch"
"2783","60ec54c58f88686dadb1a0c9","control_MaxMatch_Negative_Animate","16","MaxMatch","widow","inmate","widow-inmate","AnimateMatch","NegativeMatch"
"2784","60ec54c58f88686dadb1a0c9","control_MaxMatch_Positive_Animate","61","MaxMatch","puppy","duckling","puppy-duckling","AnimateMatch","PositiveMatch"
"2785","60ec54c58f88686dadb1a0c9","control_Similar","99","SimilarControl","end","finish","end-finish","",""
"2786","60ec54c58f88686dadb1a0c9","control_Dissimilar","14","DissimilarControl","push","pull","push-pull","",""
"2787","60ec54c58f88686dadb1a0c9","control_Similar","91","SimilarControl","get","obtain","get-obtain","",""
"2788","60ec54c58f88686dadb1a0c9","test_ValenceMatch_Negative","30","ValenceMatchingOnly","swastika","intruder","swastika-intruder","InanimateMismatch","NegativeMatch"
"2789","60ec54c58f88686dadb1a0c9","control_Dissimilar","33","DissimilarControl","enter","exit","enter-exit","",""
"2790","60ec54c58f88686dadb1a0c9","control_MaxMatch_Positive_Inanimate","0","MaxMatch","sunshine","doughnut","sunshine-doughnut","InanimateMatch","PositiveMatch"
"2791","60ec54c58f88686dadb1a0c9","test_ConceptualMatch_Inanimate","0","ConceptualMatchingOnly","swastika","dollar","swastika-dollar","ConceptualMatch:inanimate","NegativeMismatch"
"2792","60ec54c58f88686dadb1a0c9","test_ValenceMatch_Positive","0","ValenceMatchingOnly","dollar","bunny","dollar-bunny","InanimateMismatch","PositiveMatch"
"2793","60ec54c58f88686dadb1a0c9","control_MaxMismatch","33","MaxMismatch","asshole","princess","asshole-princess","AnimateMismatch","NegativeMismatch"
"2794","60ec54c58f88686dadb1a0c9","control_MaxMatch_Negative_Inanimate","27","MaxMatch","poison","flood","poison-flood","InanimateMatch","NegativeMatch"
"2795","60ec54c58f88686dadb1a0c9","control_MaxMatch_Negative_Animate","33","MaxMatch","inmate","mugger","inmate-mugger","AnimateMatch","NegativeMatch"
"2796","60ec54c58f88686dadb1a0c9","control_MaxMatch_Positive_Animate","0","MaxMatch","duckling","princess","duckling-princess","AnimateMatch","PositiveMatch"
"2797","60ec54c58f88686dadb1a0c9","control_Similar","73","SimilarControl","show","display","show-display","",""
"2798","60ec54c58f88686dadb1a0c9","control_Dissimilar","19","DissimilarControl","give","take","give-take","",""
"2799","60ec54c58f88686dadb1a0c9","control_Similar","99","SimilarControl","need","require","need-require","",""
"2800","60ec54c58f88686dadb1a0c9","test_ValenceMatch_Negative","33","ValenceMatchingOnly","heroin","slave","heroin-slave","InanimateMismatch","NegativeMatch"
"2801","60ec54c58f88686dadb1a0c9","control_Dissimilar","14","DissimilarControl","arrive","leave","arrive-leave","",""
"2802","60ec54c58f88686dadb1a0c9","control_MaxMatch_Positive_Inanimate","19","MaxMatch","prize","sandwich","prize-sandwich","InanimateMatch","PositiveMatch"
"2803","60ec54c58f88686dadb1a0c9","test_ConceptualMatch_Inanimate","0","ConceptualMatchingOnly","heroin","prize","heroin-prize","ConceptualMatch:inanimate","NegativeMismatch"
"2804","60ec54c58f88686dadb1a0c9","test_ValenceMatch_Positive","31","ValenceMatchingOnly","award","child","award-child","InanimateMismatch","PositiveMatch"
"2805","60ec54c58f88686dadb1a0c9","control_MaxMismatch","0","MaxMismatch","asshole","bunny","asshole-bunny","AnimateMismatch","NegativeMismatch"
"2806","60ec54c58f88686dadb1a0c9","control_MaxMatch_Negative_Inanimate","0","MaxMatch","wiretap","excrement","wiretap-excrement","InanimateMatch","NegativeMatch"
"2807","60ec54c58f88686dadb1a0c9","control_MaxMatch_Negative_Animate","80","MaxMatch","asshole","inmate","asshole-inmate","AnimateMatch","NegativeMatch"
"2808","60ec54c58f88686dadb1a0c9","control_MaxMatch_Positive_Animate","80","MaxMatch","puppy","child","puppy-child","AnimateMatch","PositiveMatch"
"2809","60ec54c58f88686dadb1a0c9","control_Similar","99","SimilarControl","begin","start","begin-start","",""
"2810","60ec54c58f88686dadb1a0c9","control_Dissimilar","13","DissimilarControl","come","go","come-go","",""
"2811","60ec54c58f88686dadb1a0c9","control_Similar","99","SimilarControl","help","assist","help-assist","",""
"2812","60ec54c58f88686dadb1a0c9","test_ValenceMatch_Negative","0","ValenceMatchingOnly","smallpox","inmate","smallpox-inmate","InanimateMismatch","NegativeMatch"
"2813","60ec54c58f88686dadb1a0c9","control_Dissimilar","14","DissimilarControl","increase","decrease","increase-decrease","",""
"2814","60ec54c58f88686dadb1a0c9","control_MaxMatch_Positive_Inanimate","0","MaxMatch","award","feast","award-feast","InanimateMatch","PositiveMatch"
"2815","60ec54c58f88686dadb1a0c9","test_ConceptualMatch_Inanimate","0","ConceptualMatchingOnly","excrement","laughter","excrement-laughter","ConceptualMatch:inanimate","NegativeMismatch"
"2816","60ec54c58f88686dadb1a0c9","test_ValenceMatch_Positive","0","ValenceMatchingOnly","sandwich","comedian","sandwich-comedian","InanimateMismatch","PositiveMatch"
"2817","60ec54c58f88686dadb1a0c9","control_MaxMismatch","0","MaxMismatch","maggot","princess","maggot-princess","AnimateMismatch","NegativeMismatch"
"2818","60ec54c58f88686dadb1a0c9","control_MaxMatch_Negative_Inanimate","0","MaxMatch","excrement","flood","excrement-flood","InanimateMatch","NegativeMatch"
"2819","60ec54c58f88686dadb1a0c9","control_MaxMatch_Negative_Animate","0","MaxMatch","slave","maggot","slave-maggot","AnimateMatch","NegativeMatch"
"2820","60ec54c58f88686dadb1a0c9","control_MaxMatch_Positive_Animate","16","MaxMatch","puppy","chipmunk","puppy-chipmunk","AnimateMatch","PositiveMatch"
"2821","65084abb86b73d1ec775dc98","control_Dissimilar","0","DissimilarControl","increase","decrease","increase-decrease","",""
"2822","65084abb86b73d1ec775dc98","control_Similar","99","SimilarControl","buy","purchase","buy-purchase","",""
"2823","65084abb86b73d1ec775dc98","control_MaxMatch_Positive_Animate","38","MaxMatch","comedian","sibling","comedian-sibling","AnimateMatch","PositiveMatch"
"2824","65084abb86b73d1ec775dc98","control_MaxMatch_Negative_Inanimate","40","MaxMatch","cocaine","gunshot","cocaine-gunshot","InanimateMatch","NegativeMatch"
"2825","65084abb86b73d1ec775dc98","test_ValenceMatch_Negative","34","ValenceMatchingOnly","corpse","inmate","corpse-inmate","InanimateMismatch","NegativeMatch"
"2826","65084abb86b73d1ec775dc98","control_Dissimilar","0","DissimilarControl","arrive","leave","arrive-leave","",""
"2827","65084abb86b73d1ec775dc98","test_ValenceMatch_Positive","38","ValenceMatchingOnly","feast","duckling","feast-duckling","InanimateMismatch","PositiveMatch"
"2828","65084abb86b73d1ec775dc98","control_Similar","99","SimilarControl","get","obtain","get-obtain","",""
"2829","65084abb86b73d1ec775dc98","control_MaxMatch_Negative_Animate","40","MaxMatch","leech","mugger","leech-mugger","AnimateMatch","NegativeMatch"
"2830","65084abb86b73d1ec775dc98","test_ConceptualMatch_Inanimate","61","ConceptualMatchingOnly","excrement","meadow","excrement-meadow","ConceptualMatch:inanimate","NegativeMismatch"
"2831","65084abb86b73d1ec775dc98","control_MaxMatch_Positive_Inanimate","37","MaxMatch","prize","doughnut","prize-doughnut","InanimateMatch","PositiveMatch"
"2832","65084abb86b73d1ec775dc98","control_MaxMismatch","39","MaxMismatch","slave","child","slave-child","AnimateMismatch","NegativeMismatch"
"2833","65084abb86b73d1ec775dc98","control_Dissimilar","37","DissimilarControl","begin","end","begin-end","",""
"2834","65084abb86b73d1ec775dc98","control_Similar","93","SimilarControl","help","assist","help-assist","",""
"2835","65084abb86b73d1ec775dc98","control_MaxMatch_Positive_Animate","0","MaxMatch","kitten","chipmunk","kitten-chipmunk","AnimateMatch","PositiveMatch"
"2836","65084abb86b73d1ec775dc98","control_MaxMatch_Negative_Inanimate","3","MaxMatch","cocaine","flood","cocaine-flood","InanimateMatch","NegativeMatch"
"2837","65084abb86b73d1ec775dc98","test_ValenceMatch_Negative","0","ValenceMatchingOnly","heroin","dictator","heroin-dictator","InanimateMismatch","NegativeMatch"
"2838","65084abb86b73d1ec775dc98","control_Dissimilar","0","DissimilarControl","come","go","come-go","",""
"2839","65084abb86b73d1ec775dc98","test_ValenceMatch_Positive","33","ValenceMatchingOnly","sunshine","duckling","sunshine-duckling","InanimateMismatch","PositiveMatch"
"2840","65084abb86b73d1ec775dc98","control_Similar","88","SimilarControl","show","display","show-display","",""
"2841","65084abb86b73d1ec775dc98","control_MaxMatch_Negative_Animate","36","MaxMatch","slave","dictator","slave-dictator","AnimateMatch","NegativeMatch"
"2842","65084abb86b73d1ec775dc98","test_ConceptualMatch_Inanimate","34","ConceptualMatchingOnly","swastika","prize","swastika-prize","ConceptualMatch:inanimate","NegativeMismatch"
"2843","65084abb86b73d1ec775dc98","control_MaxMatch_Positive_Inanimate","38","MaxMatch","prize","pizza","prize-pizza","InanimateMatch","PositiveMatch"
"2844","65084abb86b73d1ec775dc98","control_MaxMismatch","16","MaxMismatch","widow","comedian","widow-comedian","AnimateMismatch","NegativeMismatch"
"2845","65084abb86b73d1ec775dc98","control_Dissimilar","0","DissimilarControl","enter","exit","enter-exit","",""
"2846","65084abb86b73d1ec775dc98","control_Similar","64","SimilarControl","use","employ","use-employ","",""
"2847","65084abb86b73d1ec775dc98","control_MaxMatch_Positive_Animate","28","MaxMatch","duckling","princess","duckling-princess","AnimateMatch","PositiveMatch"
"2848","65084abb86b73d1ec775dc98","control_MaxMatch_Negative_Inanimate","73","MaxMatch","heroin","cocaine","heroin-cocaine","InanimateMatch","NegativeMatch"
"2849","65084abb86b73d1ec775dc98","test_ValenceMatch_Negative","61","ValenceMatchingOnly","smallpox","intruder","smallpox-intruder","InanimateMismatch","NegativeMatch"
"2850","65084abb86b73d1ec775dc98","control_Dissimilar","0","DissimilarControl","rise","fall","rise-fall","",""
"2851","65084abb86b73d1ec775dc98","test_ValenceMatch_Positive","33","ValenceMatchingOnly","sunshine","chipmunk","sunshine-chipmunk","InanimateMismatch","PositiveMatch"
"2852","65084abb86b73d1ec775dc98","control_Similar","88","SimilarControl","ask","inquire","ask-inquire","",""
"2853","65084abb86b73d1ec775dc98","control_MaxMatch_Negative_Animate","35","MaxMatch","maggot","mugger","maggot-mugger","AnimateMatch","NegativeMatch"
"2854","65084abb86b73d1ec775dc98","test_ConceptualMatch_Inanimate","33","ConceptualMatchingOnly","excrement","prize","excrement-prize","ConceptualMatch:inanimate","NegativeMismatch"
"2855","65084abb86b73d1ec775dc98","control_MaxMatch_Positive_Inanimate","40","MaxMatch","pizza","meadow","pizza-meadow","InanimateMatch","PositiveMatch"
"2856","65084abb86b73d1ec775dc98","control_MaxMismatch","27","MaxMismatch","intruder","sibling","intruder-sibling","AnimateMismatch","NegativeMismatch"
"2857","65084abb86b73d1ec775dc98","control_Dissimilar","0","DissimilarControl","add","remove","add-remove","",""
"2858","65084abb86b73d1ec775dc98","control_Similar","67","SimilarControl","need","require","need-require","",""
"2859","65084abb86b73d1ec775dc98","control_MaxMatch_Positive_Animate","8","MaxMatch","comedian","princess","comedian-princess","AnimateMatch","PositiveMatch"
"2860","65084abb86b73d1ec775dc98","control_MaxMatch_Negative_Inanimate","33","MaxMatch","excrement","poison","excrement-poison","InanimateMatch","NegativeMatch"
"2861","65084abb86b73d1ec775dc98","test_ValenceMatch_Negative","34","ValenceMatchingOnly","smallpox","dictator","smallpox-dictator","InanimateMismatch","NegativeMatch"
"2862","65084abb86b73d1ec775dc98","control_Dissimilar","5","DissimilarControl","open","close","open-close","",""
"2863","65084abb86b73d1ec775dc98","test_ValenceMatch_Positive","33","ValenceMatchingOnly","award","child","award-child","InanimateMismatch","PositiveMatch"
"2864","65084abb86b73d1ec775dc98","control_Similar","97","SimilarControl","end","finish","end-finish","",""
"2865","65084abb86b73d1ec775dc98","control_MaxMatch_Negative_Animate","12","MaxMatch","dictator","tapeworm","dictator-tapeworm","AnimateMatch","NegativeMatch"
"2866","65084abb86b73d1ec775dc98","test_ConceptualMatch_Inanimate","19","ConceptualMatchingOnly","corpse","doughnut","corpse-doughnut","ConceptualMatch:inanimate","NegativeMismatch"
"2867","65084abb86b73d1ec775dc98","control_MaxMatch_Positive_Inanimate","67","MaxMatch","feast","sandwich","feast-sandwich","InanimateMatch","PositiveMatch"
"2868","65084abb86b73d1ec775dc98","control_MaxMismatch","25","MaxMismatch","tapeworm","duckling","tapeworm-duckling","AnimateMismatch","NegativeMismatch"
"2869","65084abb86b73d1ec775dc98","control_Dissimilar","0","DissimilarControl","push","pull","push-pull","",""
"2870","65084abb86b73d1ec775dc98","control_Similar","98","SimilarControl","begin","start","begin-start","",""
"2871","65084abb86b73d1ec775dc98","control_MaxMatch_Positive_Animate","0","MaxMatch","puppy","sibling","puppy-sibling","AnimateMatch","PositiveMatch"
"2872","65084abb86b73d1ec775dc98","control_MaxMatch_Negative_Inanimate","28","MaxMatch","wiretap","smallpox","wiretap-smallpox","InanimateMatch","NegativeMatch"
"2873","65084abb86b73d1ec775dc98","test_ValenceMatch_Negative","24","ValenceMatchingOnly","gunshot","asshole","gunshot-asshole","InanimateMismatch","NegativeMatch"
"2874","65084abb86b73d1ec775dc98","control_Dissimilar","0","DissimilarControl","give","take","give-take","",""
"2875","65084abb86b73d1ec775dc98","test_ValenceMatch_Positive","27","ValenceMatchingOnly","sandwich","child","sandwich-child","InanimateMismatch","PositiveMatch"
"2876","65084abb86b73d1ec775dc98","control_Similar","92","SimilarControl","speak","talk","speak-talk","",""
"2877","65084abb86b73d1ec775dc98","control_MaxMatch_Negative_Animate","61","MaxMatch","slave","mugger","slave-mugger","AnimateMatch","NegativeMatch"
"2878","65084abb86b73d1ec775dc98","test_ConceptualMatch_Inanimate","22","ConceptualMatchingOnly","flood","sandwich","flood-sandwich","ConceptualMatch:inanimate","NegativeMismatch"
"2879","65084abb86b73d1ec775dc98","control_MaxMatch_Positive_Inanimate","37","MaxMatch","sunshine","feast","sunshine-feast","InanimateMatch","PositiveMatch"
"2880","65084abb86b73d1ec775dc98","control_MaxMismatch","22","MaxMismatch","intruder","duckling","intruder-duckling","AnimateMismatch","NegativeMismatch"
"2881","60e1e2e5bf8cfa6e08a411cb","control_Dissimilar","0","DissimilarControl","begin","end","begin-end","",""
"2882","60e1e2e5bf8cfa6e08a411cb","control_Similar","91","SimilarControl","show","display","show-display","",""
"2883","60e1e2e5bf8cfa6e08a411cb","control_MaxMatch_Positive_Animate","47","MaxMatch","bunny","chipmunk","bunny-chipmunk","AnimateMatch","PositiveMatch"
"2884","60e1e2e5bf8cfa6e08a411cb","test_ValenceMatch_Positive","47","ValenceMatchingOnly","feast","chipmunk","feast-chipmunk","InanimateMismatch","PositiveMatch"
"2885","60e1e2e5bf8cfa6e08a411cb","control_MaxMatch_Negative_Inanimate","46","MaxMatch","heroin","wiretap","heroin-wiretap","InanimateMatch","NegativeMatch"
"2886","60e1e2e5bf8cfa6e08a411cb","control_MaxMatch_Positive_Inanimate","65","MaxMatch","prize","sunshine","prize-sunshine","InanimateMatch","PositiveMatch"
"2887","60e1e2e5bf8cfa6e08a411cb","control_MaxMatch_Negative_Animate","74","MaxMatch","asshole","leech","asshole-leech","AnimateMatch","NegativeMatch"
"2888","60e1e2e5bf8cfa6e08a411cb","control_MaxMismatch","45","MaxMismatch","slave","puppy","slave-puppy","AnimateMismatch","NegativeMismatch"
"2889","60e1e2e5bf8cfa6e08a411cb","test_ConceptualMatch_Inanimate","20","ConceptualMatchingOnly","poison","sunshine","poison-sunshine","ConceptualMatch:inanimate","NegativeMismatch"
"2890","60e1e2e5bf8cfa6e08a411cb","test_ValenceMatch_Negative","55","ValenceMatchingOnly","smallpox","dictator","smallpox-dictator","InanimateMismatch","NegativeMatch"
"2891","60e1e2e5bf8cfa6e08a411cb","control_Dissimilar","0","DissimilarControl","come","go","come-go","",""
"2892","60e1e2e5bf8cfa6e08a411cb","control_Similar","99","SimilarControl","speak","talk","speak-talk","",""
"2893","60e1e2e5bf8cfa6e08a411cb","control_Dissimilar","0","DissimilarControl","give","take","give-take","",""
"2894","60e1e2e5bf8cfa6e08a411cb","control_Similar","99","SimilarControl","begin","start","begin-start","",""
"2895","60e1e2e5bf8cfa6e08a411cb","control_MaxMatch_Positive_Animate","53","MaxMatch","puppy","chipmunk","puppy-chipmunk","AnimateMatch","PositiveMatch"
"2896","60e1e2e5bf8cfa6e08a411cb","test_ValenceMatch_Positive","45","ValenceMatchingOnly","laughter","princess","laughter-princess","InanimateMismatch","PositiveMatch"
"2897","60e1e2e5bf8cfa6e08a411cb","control_MaxMatch_Negative_Inanimate","55","MaxMatch","poison","flood","poison-flood","InanimateMatch","NegativeMatch"
"2898","60e1e2e5bf8cfa6e08a411cb","control_MaxMatch_Positive_Inanimate","61","MaxMatch","pizza","doughnut","pizza-doughnut","InanimateMatch","PositiveMatch"
"2899","60e1e2e5bf8cfa6e08a411cb","control_MaxMatch_Negative_Animate","78","MaxMatch","asshole","maggot","asshole-maggot","AnimateMatch","NegativeMatch"
"2900","60e1e2e5bf8cfa6e08a411cb","control_MaxMismatch","39","MaxMismatch","maggot","chipmunk","maggot-chipmunk","AnimateMismatch","NegativeMismatch"
"2901","60e1e2e5bf8cfa6e08a411cb","test_ConceptualMatch_Inanimate","39","ConceptualMatchingOnly","excrement","sandwich","excrement-sandwich","ConceptualMatch:inanimate","NegativeMismatch"
"2902","60e1e2e5bf8cfa6e08a411cb","test_ValenceMatch_Negative","61","ValenceMatchingOnly","heroin","tapeworm","heroin-tapeworm","InanimateMismatch","NegativeMatch"
"2903","60e1e2e5bf8cfa6e08a411cb","control_Dissimilar","0","DissimilarControl","push","pull","push-pull","",""
"2904","60e1e2e5bf8cfa6e08a411cb","control_Similar","99","SimilarControl","get","obtain","get-obtain","",""
"2905","60e1e2e5bf8cfa6e08a411cb","control_Dissimilar","0","DissimilarControl","open","close","open-close","",""
"2906","60e1e2e5bf8cfa6e08a411cb","control_Similar","99","SimilarControl","ask","inquire","ask-inquire","",""
"2907","60e1e2e5bf8cfa6e08a411cb","control_MaxMatch_Positive_Animate","42","MaxMatch","puppy","duckling","puppy-duckling","AnimateMatch","PositiveMatch"
"2908","60e1e2e5bf8cfa6e08a411cb","test_ValenceMatch_Positive","46","ValenceMatchingOnly","feast","child","feast-child","InanimateMismatch","PositiveMatch"
"2909","60e1e2e5bf8cfa6e08a411cb","control_MaxMatch_Negative_Inanimate","46","MaxMatch","wiretap","flood","wiretap-flood","InanimateMatch","NegativeMatch"
"2910","60e1e2e5bf8cfa6e08a411cb","control_MaxMatch_Positive_Inanimate","69","MaxMatch","prize","pizza","prize-pizza","InanimateMatch","PositiveMatch"
"2911","60e1e2e5bf8cfa6e08a411cb","control_MaxMatch_Negative_Animate","56","MaxMatch","inmate","intruder","inmate-intruder","AnimateMatch","NegativeMatch"
"2912","60e1e2e5bf8cfa6e08a411cb","control_MaxMismatch","44","MaxMismatch","maggot","bunny","maggot-bunny","AnimateMismatch","NegativeMismatch"
"2913","60e1e2e5bf8cfa6e08a411cb","test_ConceptualMatch_Inanimate","41","ConceptualMatchingOnly","corpse","sandwich","corpse-sandwich","ConceptualMatch:inanimate","NegativeMismatch"
"2914","60e1e2e5bf8cfa6e08a411cb","test_ValenceMatch_Negative","45","ValenceMatchingOnly","flood","widow","flood-widow","InanimateMismatch","NegativeMatch"
"2915","60e1e2e5bf8cfa6e08a411cb","control_Dissimilar","0","DissimilarControl","arrive","leave","arrive-leave","",""
"2916","60e1e2e5bf8cfa6e08a411cb","control_Similar","99","SimilarControl","buy","purchase","buy-purchase","",""
"2917","60e1e2e5bf8cfa6e08a411cb","control_Dissimilar","0","DissimilarControl","rise","fall","rise-fall","",""
"2918","60e1e2e5bf8cfa6e08a411cb","control_Similar","88","SimilarControl","need","require","need-require","",""
"2919","60e1e2e5bf8cfa6e08a411cb","control_MaxMatch_Positive_Animate","48","MaxMatch","kitten","chipmunk","kitten-chipmunk","AnimateMatch","PositiveMatch"
"2920","60e1e2e5bf8cfa6e08a411cb","test_ValenceMatch_Positive","44","ValenceMatchingOnly","sandwich","chipmunk","sandwich-chipmunk","InanimateMismatch","PositiveMatch"
"2921","60e1e2e5bf8cfa6e08a411cb","control_MaxMatch_Negative_Inanimate","67","MaxMatch","swastika","gunshot","swastika-gunshot","InanimateMatch","NegativeMatch"
"2922","60e1e2e5bf8cfa6e08a411cb","control_MaxMatch_Positive_Inanimate","59","MaxMatch","award","feast","award-feast","InanimateMatch","PositiveMatch"
"2923","60e1e2e5bf8cfa6e08a411cb","control_MaxMatch_Negative_Animate","47","MaxMatch","slave","dictator","slave-dictator","AnimateMatch","NegativeMatch"
"2924","60e1e2e5bf8cfa6e08a411cb","control_MaxMismatch","47","MaxMismatch","dictator","chipmunk","dictator-chipmunk","AnimateMismatch","NegativeMismatch"
"2925","60e1e2e5bf8cfa6e08a411cb","test_ConceptualMatch_Inanimate","44","ConceptualMatchingOnly","wiretap","laughter","wiretap-laughter","ConceptualMatch:inanimate","NegativeMismatch"
"2926","60e1e2e5bf8cfa6e08a411cb","test_ValenceMatch_Negative","58","ValenceMatchingOnly","excrement","asshole","excrement-asshole","InanimateMismatch","NegativeMatch"
"2927","60e1e2e5bf8cfa6e08a411cb","control_Dissimilar","0","DissimilarControl","increase","decrease","increase-decrease","",""
"2928","60e1e2e5bf8cfa6e08a411cb","control_Similar","99","SimilarControl","end","finish","end-finish","",""
"2929","60e1e2e5bf8cfa6e08a411cb","control_Dissimilar","0","DissimilarControl","add","remove","add-remove","",""
"2930","60e1e2e5bf8cfa6e08a411cb","control_Similar","99","SimilarControl","help","assist","help-assist","",""
"2931","60e1e2e5bf8cfa6e08a411cb","control_MaxMatch_Positive_Animate","45","MaxMatch","comedian","husband","comedian-husband","AnimateMatch","PositiveMatch"
"2932","60e1e2e5bf8cfa6e08a411cb","test_ValenceMatch_Positive","45","ValenceMatchingOnly","laughter","chipmunk","laughter-chipmunk","InanimateMismatch","PositiveMatch"
"2933","60e1e2e5bf8cfa6e08a411cb","control_MaxMatch_Negative_Inanimate","44","MaxMatch","heroin","excrement","heroin-excrement","InanimateMatch","NegativeMatch"
"2934","60e1e2e5bf8cfa6e08a411cb","control_MaxMatch_Positive_Inanimate","99","MaxMatch","prize","award","prize-award","InanimateMatch","PositiveMatch"
"2935","60e1e2e5bf8cfa6e08a411cb","control_MaxMatch_Negative_Animate","54","MaxMatch","widow","inmate","widow-inmate","AnimateMatch","NegativeMatch"
"2936","60e1e2e5bf8cfa6e08a411cb","control_MaxMismatch","47","MaxMismatch","intruder","princess","intruder-princess","AnimateMismatch","NegativeMismatch"
"2937","60e1e2e5bf8cfa6e08a411cb","test_ConceptualMatch_Inanimate","47","ConceptualMatchingOnly","heroin","prize","heroin-prize","ConceptualMatch:inanimate","NegativeMismatch"
"2938","60e1e2e5bf8cfa6e08a411cb","test_ValenceMatch_Negative","46","ValenceMatchingOnly","heroin","widow","heroin-widow","InanimateMismatch","NegativeMatch"
"2939","60e1e2e5bf8cfa6e08a411cb","control_Dissimilar","0","DissimilarControl","enter","exit","enter-exit","",""
"2940","60e1e2e5bf8cfa6e08a411cb","control_Similar","96","SimilarControl","use","employ","use-employ","",""
"2941","63cff02ee037183a8c260ea8","control_Similar","99","SimilarControl","get","obtain","get-obtain","",""
"2942","63cff02ee037183a8c260ea8","control_Dissimilar","17","DissimilarControl","push","pull","push-pull","",""
"2943","63cff02ee037183a8c260ea8","control_Similar","99","SimilarControl","end","finish","end-finish","",""
"2944","63cff02ee037183a8c260ea8","control_MaxMatch_Negative_Animate","0","MaxMatch","asshole","widow","asshole-widow","AnimateMatch","NegativeMatch"
"2945","63cff02ee037183a8c260ea8","control_MaxMatch_Negative_Inanimate","0","MaxMatch","excrement","flood","excrement-flood","InanimateMatch","NegativeMatch"
"2946","63cff02ee037183a8c260ea8","test_ValenceMatch_Negative","0","ValenceMatchingOnly","cocaine","widow","cocaine-widow","InanimateMismatch","NegativeMatch"
"2947","63cff02ee037183a8c260ea8","control_MaxMismatch","0","MaxMismatch","mugger","chipmunk","mugger-chipmunk","AnimateMismatch","NegativeMismatch"
"2948","63cff02ee037183a8c260ea8","test_ValenceMatch_Positive","12","ValenceMatchingOnly","laughter","bunny","laughter-bunny","InanimateMismatch","PositiveMatch"
"2949","63cff02ee037183a8c260ea8","control_MaxMatch_Positive_Animate","8","MaxMatch","kitten","husband","kitten-husband","AnimateMatch","PositiveMatch"
"2950","63cff02ee037183a8c260ea8","control_Dissimilar","6","DissimilarControl","increase","decrease","increase-decrease","",""
"2951","63cff02ee037183a8c260ea8","control_MaxMatch_Positive_Inanimate","2","MaxMatch","prize","meadow","prize-meadow","InanimateMatch","PositiveMatch"
"2952","63cff02ee037183a8c260ea8","test_ConceptualMatch_Inanimate","2","ConceptualMatchingOnly","cocaine","doughnut","cocaine-doughnut","ConceptualMatch:inanimate","NegativeMismatch"
"2953","63cff02ee037183a8c260ea8","control_Similar","99","SimilarControl","buy","purchase","buy-purchase","",""
"2954","63cff02ee037183a8c260ea8","control_Dissimilar","16","DissimilarControl","enter","exit","enter-exit","",""
"2955","63cff02ee037183a8c260ea8","control_Similar","99","SimilarControl","show","display","show-display","",""
"2956","63cff02ee037183a8c260ea8","control_MaxMatch_Negative_Animate","6","MaxMatch","slave","widow","slave-widow","AnimateMatch","NegativeMatch"
"2957","63cff02ee037183a8c260ea8","control_MaxMatch_Negative_Inanimate","1","MaxMatch","swastika","poison","swastika-poison","InanimateMatch","NegativeMatch"
"2958","63cff02ee037183a8c260ea8","test_ValenceMatch_Negative","1","ValenceMatchingOnly","gunshot","inmate","gunshot-inmate","InanimateMismatch","NegativeMatch"
"2959","63cff02ee037183a8c260ea8","control_MaxMismatch","0","MaxMismatch","asshole","princess","asshole-princess","AnimateMismatch","NegativeMismatch"
"2960","63cff02ee037183a8c260ea8","test_ValenceMatch_Positive","0","ValenceMatchingOnly","sandwich","puppy","sandwich-puppy","InanimateMismatch","PositiveMatch"
"2961","63cff02ee037183a8c260ea8","control_MaxMatch_Positive_Animate","0","MaxMatch","comedian","princess","comedian-princess","AnimateMatch","PositiveMatch"
"2962","63cff02ee037183a8c260ea8","control_Dissimilar","1","DissimilarControl","come","go","come-go","",""
"2963","63cff02ee037183a8c260ea8","control_MaxMatch_Positive_Inanimate","6","MaxMatch","dollar","meadow","dollar-meadow","InanimateMatch","PositiveMatch"
"2964","63cff02ee037183a8c260ea8","test_ConceptualMatch_Inanimate","2","ConceptualMatchingOnly","poison","sunshine","poison-sunshine","ConceptualMatch:inanimate","NegativeMismatch"
"2965","63cff02ee037183a8c260ea8","control_Similar","99","SimilarControl","need","require","need-require","",""
"2966","63cff02ee037183a8c260ea8","control_Dissimilar","11","DissimilarControl","add","remove","add-remove","",""
"2967","63cff02ee037183a8c260ea8","control_Similar","99","SimilarControl","speak","talk","speak-talk","",""
"2968","63cff02ee037183a8c260ea8","control_MaxMatch_Negative_Animate","0","MaxMatch","slave","mugger","slave-mugger","AnimateMatch","NegativeMatch"
"2969","63cff02ee037183a8c260ea8","control_MaxMatch_Negative_Inanimate","0","MaxMatch","cocaine","corpse","cocaine-corpse","InanimateMatch","NegativeMatch"
"2970","63cff02ee037183a8c260ea8","test_ValenceMatch_Negative","0","ValenceMatchingOnly","excrement","dictator","excrement-dictator","InanimateMismatch","NegativeMatch"
"2971","63cff02ee037183a8c260ea8","control_MaxMismatch","0","MaxMismatch","slave","duckling","slave-duckling","AnimateMismatch","NegativeMismatch"
"2972","63cff02ee037183a8c260ea8","test_ValenceMatch_Positive","0","ValenceMatchingOnly","sandwich","duckling","sandwich-duckling","InanimateMismatch","PositiveMatch"
"2973","63cff02ee037183a8c260ea8","control_MaxMatch_Positive_Animate","99","MaxMatch","bunny","chipmunk","bunny-chipmunk","AnimateMatch","PositiveMatch"
"2974","63cff02ee037183a8c260ea8","control_Dissimilar","44","DissimilarControl","begin","end","begin-end","",""
"2975","63cff02ee037183a8c260ea8","control_MaxMatch_Positive_Inanimate","2","MaxMatch","feast","doughnut","feast-doughnut","InanimateMatch","PositiveMatch"
"2976","63cff02ee037183a8c260ea8","test_ConceptualMatch_Inanimate","0","ConceptualMatchingOnly","gunshot","sandwich","gunshot-sandwich","ConceptualMatch:inanimate","NegativeMismatch"
"2977","63cff02ee037183a8c260ea8","control_Similar","41","SimilarControl","begin","start","begin-start","",""
"2978","63cff02ee037183a8c260ea8","control_Dissimilar","27","DissimilarControl","rise","fall","rise-fall","",""
"2979","63cff02ee037183a8c260ea8","control_Similar","99","SimilarControl","ask","inquire","ask-inquire","",""
"2980","63cff02ee037183a8c260ea8","control_MaxMatch_Negative_Animate","0","MaxMatch","tapeworm","mugger","tapeworm-mugger","AnimateMatch","NegativeMatch"
"2981","63cff02ee037183a8c260ea8","control_MaxMatch_Negative_Inanimate","0","MaxMatch","heroin","gunshot","heroin-gunshot","InanimateMatch","NegativeMatch"
"2982","63cff02ee037183a8c260ea8","test_ValenceMatch_Negative","2","ValenceMatchingOnly","flood","widow","flood-widow","InanimateMismatch","NegativeMatch"
"2983","63cff02ee037183a8c260ea8","control_MaxMismatch","0","MaxMismatch","tapeworm","chipmunk","tapeworm-chipmunk","AnimateMismatch","NegativeMismatch"
"2984","63cff02ee037183a8c260ea8","test_ValenceMatch_Positive","0","ValenceMatchingOnly","pizza","duckling","pizza-duckling","InanimateMismatch","PositiveMatch"
"2985","63cff02ee037183a8c260ea8","control_MaxMatch_Positive_Animate","14","MaxMatch","comedian","child","comedian-child","AnimateMatch","PositiveMatch"
"2986","63cff02ee037183a8c260ea8","control_Dissimilar","13","DissimilarControl","arrive","leave","arrive-leave","",""
"2987","63cff02ee037183a8c260ea8","control_MaxMatch_Positive_Inanimate","1","MaxMatch","doughnut","dollar","doughnut-dollar","InanimateMatch","PositiveMatch"
"2988","63cff02ee037183a8c260ea8","test_ConceptualMatch_Inanimate","1","ConceptualMatchingOnly","corpse","pizza","corpse-pizza","ConceptualMatch:inanimate","NegativeMismatch"
"2989","63cff02ee037183a8c260ea8","control_Similar","99","SimilarControl","help","assist","help-assist","",""
"2990","63cff02ee037183a8c260ea8","control_Dissimilar","39","DissimilarControl","give","take","give-take","",""
"2991","63cff02ee037183a8c260ea8","control_Similar","99","SimilarControl","use","employ","use-employ","",""
"2992","63cff02ee037183a8c260ea8","control_MaxMatch_Negative_Animate","6","MaxMatch","maggot","widow","maggot-widow","AnimateMatch","NegativeMatch"
"2993","63cff02ee037183a8c260ea8","control_MaxMatch_Negative_Inanimate","0","MaxMatch","swastika","corpse","swastika-corpse","InanimateMatch","NegativeMatch"
"2994","63cff02ee037183a8c260ea8","test_ValenceMatch_Negative","1","ValenceMatchingOnly","swastika","maggot","swastika-maggot","InanimateMismatch","NegativeMatch"
"2995","63cff02ee037183a8c260ea8","control_MaxMismatch","0","MaxMismatch","leech","princess","leech-princess","AnimateMismatch","NegativeMismatch"
"2996","63cff02ee037183a8c260ea8","test_ValenceMatch_Positive","0","ValenceMatchingOnly","feast","kitten","feast-kitten","InanimateMismatch","PositiveMatch"
"2997","63cff02ee037183a8c260ea8","control_MaxMatch_Positive_Animate","4","MaxMatch","sibling","kitten","sibling-kitten","AnimateMatch","PositiveMatch"
"2998","63cff02ee037183a8c260ea8","control_Dissimilar","24","DissimilarControl","open","close","open-close","",""
"2999","63cff02ee037183a8c260ea8","control_MaxMatch_Positive_Inanimate","99","MaxMatch","prize","award","prize-award","InanimateMatch","PositiveMatch"
"3000","63cff02ee037183a8c260ea8","test_ConceptualMatch_Inanimate","0","ConceptualMatchingOnly","poison","sandwich","poison-sandwich","ConceptualMatch:inanimate","NegativeMismatch"
