"","ID.Ibex","Label","Response","FeatureMatch","Word1","Word2","WordPair","Conceptual","Valence"
"1","66ee4d807a6161ba6a9b5211","control_Dissimilar","0","DissimilarControl","add","remove","add-remove","",""
"2","66ee4d807a6161ba6a9b5211","control_Similar","99","SimilarControl","need","require","need-require","",""
"3","66ee4d807a6161ba6a9b5211","control_Dissimilar","0","DissimilarControl","rise","fall","rise-fall","",""
"4","66ee4d807a6161ba6a9b5211","test_ConceptualMatch_Concrete","51","ConceptualMatchingOnly","rain","filth","rain-filth","ConceptualMatch:concrete","PositiveMismatch"
"5","66ee4d807a6161ba6a9b5211","test_ConceptualMatch_Abstract","4","ConceptualMatchingOnly","envy","love","envy-love","ConceptualMatch:abstract","NegativeMismatch"
"6","66ee4d807a6161ba6a9b5211","control_MaxMatch_Negative_Abstract","47","MaxMatch","lonliness","envy","lonliness-envy","AbstractMatch","NegativeMatch"
"7","66ee4d807a6161ba6a9b5211","control_Similar","99","SimilarControl","show","display","show-display","",""
"8","66ee4d807a6161ba6a9b5211","control_MaxMismatch","47","MaxMismatch","kindness","mold","kindness-mold","AbstractMismatch","PositiveMismatch"
"9","66ee4d807a6161ba6a9b5211","test_ValenceMatch_Negative","45","ValenceMatchingOnly","resentment","rust","resentment-rust","AbstractMismatch","NegativeMatch"
"10","66ee4d807a6161ba6a9b5211","control_MaxMatch_Positive_Concrete","48","MaxMatch","beach","hug","beach-hug","ConcreteMatch","PositiveMatch"
"11","66ee4d807a6161ba6a9b5211","control_MaxMatch_Positive_Abstract","76","MaxMatch","peace","inspiration","peace-inspiration","AbstractMatch","PositiveMatch"
"12","66ee4d807a6161ba6a9b5211","test_ValenceMatch_Positive","74","ValenceMatchingOnly","flowers","compassion","flowers-compassion","ConcreteMismatch","PositiveMatch"
"13","66ee4d807a6161ba6a9b5211","control_MaxMatch_Negative_Concrete","99","MaxMatch","mud","mold","mud-mold","ConcreteMatch","NegativeMatch"
"14","66ee4d807a6161ba6a9b5211","control_Dissimilar","0","DissimilarControl","come","go","come-go","",""
"15","66ee4d807a6161ba6a9b5211","control_Similar","99","SimilarControl","begin","start","begin-start","",""
"16","66ee4d807a6161ba6a9b5211","control_Dissimilar","0","DissimilarControl","open","close","open-close","",""
"17","66ee4d807a6161ba6a9b5211","test_ConceptualMatch_Concrete","45","ConceptualMatchingOnly","beach","injury","beach-injury","ConceptualMatch:concrete","PositiveMismatch"
"18","66ee4d807a6161ba6a9b5211","test_ConceptualMatch_Abstract","53","ConceptualMatchingOnly","lonliness","gratitude","lonliness-gratitude","ConceptualMatch:abstract","NegativeMismatch"
"19","66ee4d807a6161ba6a9b5211","control_MaxMatch_Negative_Abstract","68","MaxMatch","despair","shame","despair-shame","AbstractMatch","NegativeMatch"
"20","66ee4d807a6161ba6a9b5211","control_Similar","99","SimilarControl","speak","talk","speak-talk","",""
"21","66ee4d807a6161ba6a9b5211","control_MaxMismatch","24","MaxMismatch","happiness","filth","happiness-filth","AbstractMismatch","PositiveMismatch"
"22","66ee4d807a6161ba6a9b5211","test_ValenceMatch_Negative","44","ValenceMatchingOnly","resentment","smoke","resentment-smoke","AbstractMismatch","NegativeMatch"
"23","66ee4d807a6161ba6a9b5211","control_MaxMatch_Positive_Concrete","55","MaxMatch","laughter","music","laughter-music","ConcreteMatch","PositiveMatch"
"24","66ee4d807a6161ba6a9b5211","control_MaxMatch_Positive_Abstract","85","MaxMatch","kindness","gratitude","kindness-gratitude","AbstractMatch","PositiveMatch"
"25","66ee4d807a6161ba6a9b5211","test_ValenceMatch_Positive","49","ValenceMatchingOnly","music","hope","music-hope","ConcreteMismatch","PositiveMatch"
"26","66ee4d807a6161ba6a9b5211","control_MaxMatch_Negative_Concrete","62","MaxMatch","mud","vomit","mud-vomit","ConcreteMatch","NegativeMatch"
"27","66ee4d807a6161ba6a9b5211","control_Dissimilar","0","DissimilarControl","increase","decrease","increase-decrease","",""
"28","66ee4d807a6161ba6a9b5211","control_Similar","99","SimilarControl","help","assist","help-assist","",""
"29","66ee4d807a6161ba6a9b5211","control_Dissimilar","0","DissimilarControl","push","pull","push-pull","",""
"30","66ee4d807a6161ba6a9b5211","test_ConceptualMatch_Concrete","52","ConceptualMatchingOnly","chocolate","filth","chocolate-filth","ConceptualMatch:concrete","PositiveMismatch"
"31","66ee4d807a6161ba6a9b5211","test_ConceptualMatch_Abstract","46","ConceptualMatchingOnly","anxiety","compassion","anxiety-compassion","ConceptualMatch:abstract","NegativeMismatch"
"32","66ee4d807a6161ba6a9b5211","control_MaxMatch_Negative_Abstract","67","MaxMatch","regret","grief","regret-grief","AbstractMatch","NegativeMatch"
"33","66ee4d807a6161ba6a9b5211","control_Similar","95","SimilarControl","use","employ","use-employ","",""
"34","66ee4d807a6161ba6a9b5211","control_MaxMismatch","46","MaxMismatch","compassion","vomit","compassion-vomit","AbstractMismatch","PositiveMismatch"
"35","66ee4d807a6161ba6a9b5211","test_ValenceMatch_Negative","48","ValenceMatchingOnly","regret","rust","regret-rust","AbstractMismatch","NegativeMatch"
"36","66ee4d807a6161ba6a9b5211","control_MaxMatch_Positive_Concrete","49","MaxMatch","chocolate","fireplace","chocolate-fireplace","ConcreteMatch","PositiveMatch"
"37","66ee4d807a6161ba6a9b5211","control_MaxMatch_Positive_Abstract","51","MaxMatch","freedom","happiness","freedom-happiness","AbstractMatch","PositiveMatch"
"38","66ee4d807a6161ba6a9b5211","test_ValenceMatch_Positive","65","ValenceMatchingOnly","hug","happiness","hug-happiness","ConcreteMismatch","PositiveMatch"
"39","66ee4d807a6161ba6a9b5211","control_MaxMatch_Negative_Concrete","51","MaxMatch","smoke","mud","smoke-mud","ConcreteMatch","NegativeMatch"
"40","66ee4d807a6161ba6a9b5211","control_Dissimilar","0","DissimilarControl","enter","exit","enter-exit","",""
"41","66ee4d807a6161ba6a9b5211","control_Similar","99","SimilarControl","buy","purchase","buy-purchase","",""
"42","66ee4d807a6161ba6a9b5211","control_Dissimilar","0","DissimilarControl","begin","end","begin-end","",""
"43","66ee4d807a6161ba6a9b5211","test_ConceptualMatch_Concrete","48","ConceptualMatchingOnly","flowers","mold","flowers-mold","ConceptualMatch:concrete","PositiveMismatch"
"44","66ee4d807a6161ba6a9b5211","test_ConceptualMatch_Abstract","48","ConceptualMatchingOnly","lonliness","kindness","lonliness-kindness","ConceptualMatch:abstract","NegativeMismatch"
"45","66ee4d807a6161ba6a9b5211","control_MaxMatch_Negative_Abstract","35","MaxMatch","lonliness","shame","lonliness-shame","AbstractMatch","NegativeMatch"
"46","66ee4d807a6161ba6a9b5211","control_Similar","99","SimilarControl","ask","inquire","ask-inquire","",""
"47","66ee4d807a6161ba6a9b5211","control_MaxMismatch","44","MaxMismatch","freedom","vomit","freedom-vomit","AbstractMismatch","PositiveMismatch"
"48","66ee4d807a6161ba6a9b5211","test_ValenceMatch_Negative","52","ValenceMatchingOnly","anxiety","garbage","anxiety-garbage","AbstractMismatch","NegativeMatch"
"49","66ee4d807a6161ba6a9b5211","control_MaxMatch_Positive_Concrete","55","MaxMatch","music","beach","music-beach","ConcreteMatch","PositiveMatch"
"50","66ee4d807a6161ba6a9b5211","control_MaxMatch_Positive_Abstract","65","MaxMatch","love","freedom","love-freedom","AbstractMatch","PositiveMatch"
"51","66ee4d807a6161ba6a9b5211","test_ValenceMatch_Positive","51","ValenceMatchingOnly","beach","freedom","beach-freedom","ConcreteMismatch","PositiveMatch"
"52","66ee4d807a6161ba6a9b5211","control_MaxMatch_Negative_Concrete","74","MaxMatch","garbage","mold","garbage-mold","ConcreteMatch","NegativeMatch"
"53","66ee4d807a6161ba6a9b5211","control_Dissimilar","0","DissimilarControl","give","take","give-take","",""
"54","66ee4d807a6161ba6a9b5211","control_Similar","99","SimilarControl","get","obtain","get-obtain","",""
"55","66ee4d807a6161ba6a9b5211","control_Dissimilar","0","DissimilarControl","arrive","leave","arrive-leave","",""
"56","66ee4d807a6161ba6a9b5211","test_ConceptualMatch_Concrete","41","ConceptualMatchingOnly","sunshine","filth","sunshine-filth","ConceptualMatch:concrete","PositiveMismatch"
"57","66ee4d807a6161ba6a9b5211","test_ConceptualMatch_Abstract","17","ConceptualMatchingOnly","shame","inspiration","shame-inspiration","ConceptualMatch:abstract","NegativeMismatch"
"58","66ee4d807a6161ba6a9b5211","control_MaxMatch_Negative_Abstract","74","MaxMatch","anxiety","envy","anxiety-envy","AbstractMatch","NegativeMatch"
"59","66ee4d807a6161ba6a9b5211","control_Similar","99","SimilarControl","end","finish","end-finish","",""
"60","66ee4d807a6161ba6a9b5211","control_MaxMismatch","40","MaxMismatch","joy","garbage","joy-garbage","AbstractMismatch","PositiveMismatch"
"61","66ee4d807a6161ba6a9b5211","test_ValenceMatch_Negative","47","ValenceMatchingOnly","lonliness","smoke","lonliness-smoke","AbstractMismatch","NegativeMatch"
"62","66ee4d807a6161ba6a9b5211","control_MaxMatch_Positive_Concrete","55","MaxMatch","laughter","beach","laughter-beach","ConcreteMatch","PositiveMatch"
"63","66ee4d807a6161ba6a9b5211","control_MaxMatch_Positive_Abstract","91","MaxMatch","happiness","gratitude","happiness-gratitude","AbstractMatch","PositiveMatch"
"64","66ee4d807a6161ba6a9b5211","test_ValenceMatch_Positive","64","ValenceMatchingOnly","sunshine","kindness","sunshine-kindness","ConcreteMismatch","PositiveMatch"
"65","66ee4d807a6161ba6a9b5211","control_MaxMatch_Negative_Concrete","41","MaxMatch","smoke","vomit","smoke-vomit","ConcreteMatch","NegativeMatch"
"66","62c08fa6cab36e3a08790b49","control_Dissimilar","2","DissimilarControl","add","remove","add-remove","",""
"67","62c08fa6cab36e3a08790b49","control_Similar","98","SimilarControl","help","assist","help-assist","",""
"68","62c08fa6cab36e3a08790b49","test_ValenceMatch_Positive","2","ValenceMatchingOnly","chocolate","inspiration","chocolate-inspiration","ConcreteMismatch","PositiveMatch"
"69","62c08fa6cab36e3a08790b49","test_ValenceMatch_Negative","11","ValenceMatchingOnly","grief","filth","grief-filth","AbstractMismatch","NegativeMatch"
"70","62c08fa6cab36e3a08790b49","control_MaxMatch_Positive_Abstract","69","MaxMatch","hope","happiness","hope-happiness","AbstractMatch","PositiveMatch"
"71","62c08fa6cab36e3a08790b49","test_ConceptualMatch_Abstract","7","ConceptualMatchingOnly","shame","peace","shame-peace","ConceptualMatch:abstract","NegativeMismatch"
"72","62c08fa6cab36e3a08790b49","control_MaxMatch_Negative_Concrete","15","MaxMatch","smoke","injury","smoke-injury","ConcreteMatch","NegativeMatch"
"73","62c08fa6cab36e3a08790b49","test_ConceptualMatch_Concrete","15","ConceptualMatchingOnly","hug","rot","hug-rot","ConceptualMatch:concrete","PositiveMismatch"
"74","62c08fa6cab36e3a08790b49","control_MaxMismatch","11","MaxMismatch","peace","rust","peace-rust","AbstractMismatch","PositiveMismatch"
"75","62c08fa6cab36e3a08790b49","control_MaxMatch_Negative_Abstract","38","MaxMatch","anxiety","failure","anxiety-failure","AbstractMatch","NegativeMatch"
"76","62c08fa6cab36e3a08790b49","control_Dissimilar","6","DissimilarControl","arrive","leave","arrive-leave","",""
"77","62c08fa6cab36e3a08790b49","control_Similar","98","SimilarControl","end","finish","end-finish","",""
"78","62c08fa6cab36e3a08790b49","control_MaxMatch_Positive_Concrete","8","MaxMatch","rain","fireplace","rain-fireplace","ConcreteMatch","PositiveMatch"
"79","62c08fa6cab36e3a08790b49","control_Dissimilar","9","DissimilarControl","give","take","give-take","",""
"80","62c08fa6cab36e3a08790b49","control_Similar","99","SimilarControl","speak","talk","speak-talk","",""
"81","62c08fa6cab36e3a08790b49","test_ValenceMatch_Positive","8","ValenceMatchingOnly","fireplace","freedom","fireplace-freedom","ConcreteMismatch","PositiveMatch"
"82","62c08fa6cab36e3a08790b49","test_ValenceMatch_Negative","11","ValenceMatchingOnly","shame","rust","shame-rust","AbstractMismatch","NegativeMatch"
"83","62c08fa6cab36e3a08790b49","control_MaxMatch_Positive_Abstract","77","MaxMatch","happiness","gratitude","happiness-gratitude","AbstractMatch","PositiveMatch"
"84","62c08fa6cab36e3a08790b49","test_ConceptualMatch_Abstract","16","ConceptualMatchingOnly","shame","inspiration","shame-inspiration","ConceptualMatch:abstract","NegativeMismatch"
"85","62c08fa6cab36e3a08790b49","control_MaxMatch_Negative_Concrete","71","MaxMatch","mud","mold","mud-mold","ConcreteMatch","NegativeMatch"
"86","62c08fa6cab36e3a08790b49","test_ConceptualMatch_Concrete","7","ConceptualMatchingOnly","fireplace","mud","fireplace-mud","ConceptualMatch:concrete","PositiveMismatch"
"87","62c08fa6cab36e3a08790b49","control_MaxMismatch","10","MaxMismatch","compassion","garbage","compassion-garbage","AbstractMismatch","PositiveMismatch"
"88","62c08fa6cab36e3a08790b49","control_MaxMatch_Negative_Abstract","16","MaxMatch","lonliness","resentment","lonliness-resentment","AbstractMatch","NegativeMatch"
"89","62c08fa6cab36e3a08790b49","control_Dissimilar","5","DissimilarControl","enter","exit","enter-exit","",""
"90","62c08fa6cab36e3a08790b49","control_Similar","95","SimilarControl","buy","purchase","buy-purchase","",""
"91","62c08fa6cab36e3a08790b49","control_MaxMatch_Positive_Concrete","3","MaxMatch","flowers","home","flowers-home","ConcreteMatch","PositiveMatch"
"92","62c08fa6cab36e3a08790b49","control_Dissimilar","8","DissimilarControl","increase","decrease","increase-decrease","",""
"93","62c08fa6cab36e3a08790b49","control_Similar","85","SimilarControl","show","display","show-display","",""
"94","62c08fa6cab36e3a08790b49","test_ValenceMatch_Positive","16","ValenceMatchingOnly","home","gratitude","home-gratitude","ConcreteMismatch","PositiveMatch"
"95","62c08fa6cab36e3a08790b49","test_ValenceMatch_Negative","12","ValenceMatchingOnly","despair","mold","despair-mold","AbstractMismatch","NegativeMatch"
"96","62c08fa6cab36e3a08790b49","control_MaxMatch_Positive_Abstract","86","MaxMatch","peace","gratitude","peace-gratitude","AbstractMatch","PositiveMatch"
"97","62c08fa6cab36e3a08790b49","test_ConceptualMatch_Abstract","6","ConceptualMatchingOnly","resentment","freedom","resentment-freedom","ConceptualMatch:abstract","NegativeMismatch"
"98","62c08fa6cab36e3a08790b49","control_MaxMatch_Negative_Concrete","65","MaxMatch","garbage","stench","garbage-stench","ConcreteMatch","NegativeMatch"
"99","62c08fa6cab36e3a08790b49","test_ConceptualMatch_Concrete","5","ConceptualMatchingOnly","home","injury","home-injury","ConceptualMatch:concrete","PositiveMismatch"
"100","62c08fa6cab36e3a08790b49","control_MaxMismatch","14","MaxMismatch","compassion","smoke","compassion-smoke","AbstractMismatch","PositiveMismatch"
"101","62c08fa6cab36e3a08790b49","control_MaxMatch_Negative_Abstract","82","MaxMatch","anxiety","despair","anxiety-despair","AbstractMatch","NegativeMatch"
"102","62c08fa6cab36e3a08790b49","control_Dissimilar","11","DissimilarControl","come","go","come-go","",""
"103","62c08fa6cab36e3a08790b49","control_Similar","74","SimilarControl","need","require","need-require","",""
"104","62c08fa6cab36e3a08790b49","control_MaxMatch_Positive_Concrete","6","MaxMatch","laughter","beach","laughter-beach","ConcreteMatch","PositiveMatch"
"105","62c08fa6cab36e3a08790b49","control_Dissimilar","11","DissimilarControl","begin","end","begin-end","",""
"106","62c08fa6cab36e3a08790b49","control_Similar","95","SimilarControl","begin","start","begin-start","",""
"107","62c08fa6cab36e3a08790b49","test_ValenceMatch_Positive","6","ValenceMatchingOnly","sunshine","freedom","sunshine-freedom","ConcreteMismatch","PositiveMatch"
"108","62c08fa6cab36e3a08790b49","test_ValenceMatch_Negative","8","ValenceMatchingOnly","envy","injury","envy-injury","AbstractMismatch","NegativeMatch"
"109","62c08fa6cab36e3a08790b49","control_MaxMatch_Positive_Abstract","77","MaxMatch","gratitude","inspiration","gratitude-inspiration","AbstractMatch","PositiveMatch"
"110","62c08fa6cab36e3a08790b49","test_ConceptualMatch_Abstract","9","ConceptualMatchingOnly","anxiety","love","anxiety-love","ConceptualMatch:abstract","NegativeMismatch"
"111","62c08fa6cab36e3a08790b49","control_MaxMatch_Negative_Concrete","28","MaxMatch","vomit","injury","vomit-injury","ConcreteMatch","NegativeMatch"
"112","62c08fa6cab36e3a08790b49","test_ConceptualMatch_Concrete","11","ConceptualMatchingOnly","rain","stench","rain-stench","ConceptualMatch:concrete","PositiveMismatch"
"113","62c08fa6cab36e3a08790b49","control_MaxMismatch","15","MaxMismatch","joy","filth","joy-filth","AbstractMismatch","PositiveMismatch"
"114","62c08fa6cab36e3a08790b49","control_MaxMatch_Negative_Abstract","70","MaxMatch","despair","failure","despair-failure","AbstractMatch","NegativeMatch"
"115","62c08fa6cab36e3a08790b49","control_Dissimilar","10","DissimilarControl","rise","fall","rise-fall","",""
"116","62c08fa6cab36e3a08790b49","control_Similar","99","SimilarControl","use","employ","use-employ","",""
"117","62c08fa6cab36e3a08790b49","control_MaxMatch_Positive_Concrete","6","MaxMatch","laughter","chocolate","laughter-chocolate","ConcreteMatch","PositiveMatch"
"118","62c08fa6cab36e3a08790b49","control_Dissimilar","15","DissimilarControl","open","close","open-close","",""
"119","62c08fa6cab36e3a08790b49","control_Similar","85","SimilarControl","get","obtain","get-obtain","",""
"120","62c08fa6cab36e3a08790b49","test_ValenceMatch_Positive","16","ValenceMatchingOnly","beach","peace","beach-peace","ConcreteMismatch","PositiveMatch"
"121","62c08fa6cab36e3a08790b49","test_ValenceMatch_Negative","5","ValenceMatchingOnly","lonliness","rot","lonliness-rot","AbstractMismatch","NegativeMatch"
"122","62c08fa6cab36e3a08790b49","control_MaxMatch_Positive_Abstract","34","MaxMatch","freedom","happiness","freedom-happiness","AbstractMatch","PositiveMatch"
"123","62c08fa6cab36e3a08790b49","test_ConceptualMatch_Abstract","7","ConceptualMatchingOnly","guilt","inspiration","guilt-inspiration","ConceptualMatch:abstract","NegativeMismatch"
"124","62c08fa6cab36e3a08790b49","control_MaxMatch_Negative_Concrete","92","MaxMatch","mold","stench","mold-stench","ConcreteMatch","NegativeMatch"
"125","62c08fa6cab36e3a08790b49","test_ConceptualMatch_Concrete","11","ConceptualMatchingOnly","beach","smoke","beach-smoke","ConceptualMatch:concrete","PositiveMismatch"
"126","62c08fa6cab36e3a08790b49","control_MaxMismatch","16","MaxMismatch","compassion","filth","compassion-filth","AbstractMismatch","PositiveMismatch"
"127","62c08fa6cab36e3a08790b49","control_MaxMatch_Negative_Abstract","80","MaxMatch","grief","shame","grief-shame","AbstractMatch","NegativeMatch"
"128","62c08fa6cab36e3a08790b49","control_Dissimilar","8","DissimilarControl","push","pull","push-pull","",""
"129","62c08fa6cab36e3a08790b49","control_Similar","86","SimilarControl","ask","inquire","ask-inquire","",""
"130","62c08fa6cab36e3a08790b49","control_MaxMatch_Positive_Concrete","22","MaxMatch","sunshine","music","sunshine-music","ConcreteMatch","PositiveMatch"
"131","66d9f8b25ab58922e89d53b2","control_Similar","99","SimilarControl","end","finish","end-finish","",""
"132","66d9f8b25ab58922e89d53b2","control_Dissimilar","52","DissimilarControl","begin","end","begin-end","",""
"133","66d9f8b25ab58922e89d53b2","control_MaxMatch_Positive_Abstract","99","MaxMatch","peace","happiness","peace-happiness","AbstractMatch","PositiveMatch"
"134","66d9f8b25ab58922e89d53b2","test_ConceptualMatch_Abstract","49","ConceptualMatchingOnly","lonliness","hope","lonliness-hope","ConceptualMatch:abstract","NegativeMismatch"
"135","66d9f8b25ab58922e89d53b2","control_MaxMismatch","0","MaxMismatch","freedom","injury","freedom-injury","AbstractMismatch","PositiveMismatch"
"136","66d9f8b25ab58922e89d53b2","control_Similar","0","SimilarControl","use","employ","use-employ","",""
"137","66d9f8b25ab58922e89d53b2","test_ValenceMatch_Positive","0","ValenceMatchingOnly","laughter","hope","laughter-hope","ConcreteMismatch","PositiveMatch"
"138","66d9f8b25ab58922e89d53b2","control_MaxMatch_Positive_Concrete","0","MaxMatch","music","rain","music-rain","ConcreteMatch","PositiveMatch"
"139","66d9f8b25ab58922e89d53b2","control_Dissimilar","99","DissimilarControl","open","close","open-close","",""
"140","66d9f8b25ab58922e89d53b2","control_MaxMatch_Negative_Concrete","0","MaxMatch","injury","filth","injury-filth","ConcreteMatch","NegativeMatch"
"141","66d9f8b25ab58922e89d53b2","test_ConceptualMatch_Concrete","0","ConceptualMatchingOnly","home","mold","home-mold","ConceptualMatch:concrete","PositiveMismatch"
"142","66d9f8b25ab58922e89d53b2","test_ValenceMatch_Negative","0","ValenceMatchingOnly","failure","smoke","failure-smoke","AbstractMismatch","NegativeMatch"
"143","66d9f8b25ab58922e89d53b2","control_MaxMatch_Negative_Abstract","77","MaxMatch","failure","shame","failure-shame","AbstractMatch","NegativeMatch"
"144","66d9f8b25ab58922e89d53b2","control_Similar","99","SimilarControl","begin","start","begin-start","",""
"145","66d9f8b25ab58922e89d53b2","control_Dissimilar","99","DissimilarControl","add","remove","add-remove","",""
"146","66d9f8b25ab58922e89d53b2","control_MaxMatch_Positive_Abstract","99","MaxMatch","joy","compassion","joy-compassion","AbstractMatch","PositiveMatch"
"147","66d9f8b25ab58922e89d53b2","test_ConceptualMatch_Abstract","0","ConceptualMatchingOnly","lonliness","happiness","lonliness-happiness","ConceptualMatch:abstract","NegativeMismatch"
"148","66d9f8b25ab58922e89d53b2","control_MaxMismatch","0","MaxMismatch","kindness","mud","kindness-mud","AbstractMismatch","PositiveMismatch"
"149","66d9f8b25ab58922e89d53b2","control_Similar","99","SimilarControl","get","obtain","get-obtain","",""
"150","66d9f8b25ab58922e89d53b2","test_ValenceMatch_Positive","99","ValenceMatchingOnly","hug","gratitude","hug-gratitude","ConcreteMismatch","PositiveMatch"
"151","66d9f8b25ab58922e89d53b2","control_MaxMatch_Positive_Concrete","0","MaxMatch","laughter","flowers","laughter-flowers","ConcreteMatch","PositiveMatch"
"152","66d9f8b25ab58922e89d53b2","control_Dissimilar","99","DissimilarControl","increase","decrease","increase-decrease","",""
"153","66d9f8b25ab58922e89d53b2","control_MaxMatch_Negative_Concrete","0","MaxMatch","smoke","vomit","smoke-vomit","ConcreteMatch","NegativeMatch"
"154","66d9f8b25ab58922e89d53b2","test_ConceptualMatch_Concrete","0","ConceptualMatchingOnly","music","rust","music-rust","ConceptualMatch:concrete","PositiveMismatch"
"155","66d9f8b25ab58922e89d53b2","test_ValenceMatch_Negative","0","ValenceMatchingOnly","envy","rust","envy-rust","AbstractMismatch","NegativeMatch"
"156","66d9f8b25ab58922e89d53b2","control_MaxMatch_Negative_Abstract","99","MaxMatch","anxiety","despair","anxiety-despair","AbstractMatch","NegativeMatch"
"157","66d9f8b25ab58922e89d53b2","control_Similar","99","SimilarControl","speak","talk","speak-talk","",""
"158","66d9f8b25ab58922e89d53b2","control_Dissimilar","99","DissimilarControl","come","go","come-go","",""
"159","66d9f8b25ab58922e89d53b2","control_MaxMatch_Positive_Abstract","0","MaxMatch","love","hope","love-hope","AbstractMatch","PositiveMatch"
"160","66d9f8b25ab58922e89d53b2","test_ConceptualMatch_Abstract","0","ConceptualMatchingOnly","resentment","joy","resentment-joy","ConceptualMatch:abstract","NegativeMismatch"
"161","66d9f8b25ab58922e89d53b2","control_MaxMismatch","0","MaxMismatch","compassion","stench","compassion-stench","AbstractMismatch","PositiveMismatch"
"162","66d9f8b25ab58922e89d53b2","control_Similar","99","SimilarControl","show","display","show-display","",""
"163","66d9f8b25ab58922e89d53b2","test_ValenceMatch_Positive","0","ValenceMatchingOnly","fireplace","inspiration","fireplace-inspiration","ConcreteMismatch","PositiveMatch"
"164","66d9f8b25ab58922e89d53b2","control_MaxMatch_Positive_Concrete","50","MaxMatch","flowers","rain","flowers-rain","ConcreteMatch","PositiveMatch"
"165","66d9f8b25ab58922e89d53b2","control_Dissimilar","99","DissimilarControl","arrive","leave","arrive-leave","",""
"166","66d9f8b25ab58922e89d53b2","control_MaxMatch_Negative_Concrete","0","MaxMatch","mud","stench","mud-stench","ConcreteMatch","NegativeMatch"
"167","66d9f8b25ab58922e89d53b2","test_ConceptualMatch_Concrete","0","ConceptualMatchingOnly","fireplace","injury","fireplace-injury","ConceptualMatch:concrete","PositiveMismatch"
"168","66d9f8b25ab58922e89d53b2","test_ValenceMatch_Negative","0","ValenceMatchingOnly","envy","garbage","envy-garbage","AbstractMismatch","NegativeMatch"
"169","66d9f8b25ab58922e89d53b2","control_MaxMatch_Negative_Abstract","0","MaxMatch","grief","resentment","grief-resentment","AbstractMatch","NegativeMatch"
"170","66d9f8b25ab58922e89d53b2","control_Similar","99","SimilarControl","buy","purchase","buy-purchase","",""
"171","66d9f8b25ab58922e89d53b2","control_Dissimilar","99","DissimilarControl","push","pull","push-pull","",""
"172","66d9f8b25ab58922e89d53b2","control_MaxMatch_Positive_Abstract","0","MaxMatch","love","joy","love-joy","AbstractMatch","PositiveMatch"
"173","66d9f8b25ab58922e89d53b2","test_ConceptualMatch_Abstract","0","ConceptualMatchingOnly","despair","peace","despair-peace","ConceptualMatch:abstract","NegativeMismatch"
"174","66d9f8b25ab58922e89d53b2","control_MaxMismatch","0","MaxMismatch","gratitude","injury","gratitude-injury","AbstractMismatch","PositiveMismatch"
"175","66d9f8b25ab58922e89d53b2","control_Similar","99","SimilarControl","ask","inquire","ask-inquire","",""
"176","66d9f8b25ab58922e89d53b2","test_ValenceMatch_Positive","0","ValenceMatchingOnly","home","inspiration","home-inspiration","ConcreteMismatch","PositiveMatch"
"177","66d9f8b25ab58922e89d53b2","control_MaxMatch_Positive_Concrete","0","MaxMatch","flowers","hug","flowers-hug","ConcreteMatch","PositiveMatch"
"178","66d9f8b25ab58922e89d53b2","control_Dissimilar","99","DissimilarControl","rise","fall","rise-fall","",""
"179","66d9f8b25ab58922e89d53b2","control_MaxMatch_Negative_Concrete","0","MaxMatch","rust","filth","rust-filth","ConcreteMatch","NegativeMatch"
"180","66d9f8b25ab58922e89d53b2","test_ConceptualMatch_Concrete","0","ConceptualMatchingOnly","flowers","rust","flowers-rust","ConceptualMatch:concrete","PositiveMismatch"
"181","66d9f8b25ab58922e89d53b2","test_ValenceMatch_Negative","0","ValenceMatchingOnly","grief","rot","grief-rot","AbstractMismatch","NegativeMatch"
"182","66d9f8b25ab58922e89d53b2","control_MaxMatch_Negative_Abstract","0","MaxMatch","grief","shame","grief-shame","AbstractMatch","NegativeMatch"
"183","66d9f8b25ab58922e89d53b2","control_Similar","99","SimilarControl","help","assist","help-assist","",""
"184","66d9f8b25ab58922e89d53b2","control_Dissimilar","99","DissimilarControl","give","take","give-take","",""
"185","66d9f8b25ab58922e89d53b2","control_MaxMatch_Positive_Abstract","0","MaxMatch","happiness","compassion","happiness-compassion","AbstractMatch","PositiveMatch"
"186","66d9f8b25ab58922e89d53b2","test_ConceptualMatch_Abstract","99","ConceptualMatchingOnly","anxiety","peace","anxiety-peace","ConceptualMatch:abstract","NegativeMismatch"
"187","66d9f8b25ab58922e89d53b2","control_MaxMismatch","0","MaxMismatch","peace","vomit","peace-vomit","AbstractMismatch","PositiveMismatch"
"188","66d9f8b25ab58922e89d53b2","control_Similar","99","SimilarControl","need","require","need-require","",""
"189","66d9f8b25ab58922e89d53b2","test_ValenceMatch_Positive","0","ValenceMatchingOnly","flowers","kindness","flowers-kindness","ConcreteMismatch","PositiveMatch"
"190","66d9f8b25ab58922e89d53b2","control_MaxMatch_Positive_Concrete","0","MaxMatch","chocolate","fireplace","chocolate-fireplace","ConcreteMatch","PositiveMatch"
"191","66d9f8b25ab58922e89d53b2","control_Dissimilar","99","DissimilarControl","enter","exit","enter-exit","",""
"192","66d9f8b25ab58922e89d53b2","control_MaxMatch_Negative_Concrete","0","MaxMatch","garbage","rust","garbage-rust","ConcreteMatch","NegativeMatch"
"193","66d9f8b25ab58922e89d53b2","test_ConceptualMatch_Concrete","0","ConceptualMatchingOnly","hug","filth","hug-filth","ConceptualMatch:concrete","PositiveMismatch"
"194","66d9f8b25ab58922e89d53b2","test_ValenceMatch_Negative","0","ValenceMatchingOnly","regret","vomit","regret-vomit","AbstractMismatch","NegativeMatch"
"195","66d9f8b25ab58922e89d53b2","control_MaxMatch_Negative_Abstract","49","MaxMatch","regret","shame","regret-shame","AbstractMatch","NegativeMatch"
"196","5ced8f96a726ed0015d31452","control_Similar","99","SimilarControl","begin","start","begin-start","",""
"197","5ced8f96a726ed0015d31452","control_Dissimilar","19","DissimilarControl","push","pull","push-pull","",""
"198","5ced8f96a726ed0015d31452","control_MaxMatch_Positive_Concrete","0","MaxMatch","beach","hug","beach-hug","ConcreteMatch","PositiveMatch"
"199","5ced8f96a726ed0015d31452","test_ConceptualMatch_Abstract","33","ConceptualMatchingOnly","grief","compassion","grief-compassion","ConceptualMatch:abstract","NegativeMismatch"
"200","5ced8f96a726ed0015d31452","control_MaxMatch_Positive_Abstract","0","MaxMatch","peace","inspiration","peace-inspiration","AbstractMatch","PositiveMatch"
"201","5ced8f96a726ed0015d31452","control_Similar","99","SimilarControl","ask","inquire","ask-inquire","",""
"202","5ced8f96a726ed0015d31452","control_Dissimilar","44","DissimilarControl","come","go","come-go","",""
"203","5ced8f96a726ed0015d31452","control_MaxMatch_Negative_Concrete","3","MaxMatch","vomit","rust","vomit-rust","ConcreteMatch","NegativeMatch"
"204","5ced8f96a726ed0015d31452","test_ValenceMatch_Negative","18","ValenceMatchingOnly","envy","rot","envy-rot","AbstractMismatch","NegativeMatch"
"205","5ced8f96a726ed0015d31452","test_ValenceMatch_Positive","0","ValenceMatchingOnly","rain","joy","rain-joy","ConcreteMismatch","PositiveMatch"
"206","5ced8f96a726ed0015d31452","test_ConceptualMatch_Concrete","0","ConceptualMatchingOnly","music","rust","music-rust","ConceptualMatch:concrete","PositiveMismatch"
"207","5ced8f96a726ed0015d31452","control_MaxMismatch","0","MaxMismatch","freedom","vomit","freedom-vomit","AbstractMismatch","PositiveMismatch"
"208","5ced8f96a726ed0015d31452","control_MaxMatch_Negative_Abstract","53","MaxMatch","lonliness","grief","lonliness-grief","AbstractMatch","NegativeMatch"
"209","5ced8f96a726ed0015d31452","control_Similar","99","SimilarControl","buy","purchase","buy-purchase","",""
"210","5ced8f96a726ed0015d31452","control_Dissimilar","24","DissimilarControl","rise","fall","rise-fall","",""
"211","5ced8f96a726ed0015d31452","control_MaxMatch_Positive_Concrete","0","MaxMatch","flowers","chocolate","flowers-chocolate","ConcreteMatch","PositiveMatch"
"212","5ced8f96a726ed0015d31452","test_ConceptualMatch_Abstract","0","ConceptualMatchingOnly","lonliness","inspiration","lonliness-inspiration","ConceptualMatch:abstract","NegativeMismatch"
"213","5ced8f96a726ed0015d31452","control_MaxMatch_Positive_Abstract","76","MaxMatch","joy","compassion","joy-compassion","AbstractMatch","PositiveMatch"
"214","5ced8f96a726ed0015d31452","control_Similar","99","SimilarControl","end","finish","end-finish","",""
"215","5ced8f96a726ed0015d31452","control_Dissimilar","39","DissimilarControl","arrive","leave","arrive-leave","",""
"216","5ced8f96a726ed0015d31452","control_MaxMatch_Negative_Concrete","46","MaxMatch","rust","mold","rust-mold","ConcreteMatch","NegativeMatch"
"217","5ced8f96a726ed0015d31452","test_ValenceMatch_Negative","0","ValenceMatchingOnly","regret","stench","regret-stench","AbstractMismatch","NegativeMatch"
"218","5ced8f96a726ed0015d31452","test_ValenceMatch_Positive","76","ValenceMatchingOnly","hug","love","hug-love","ConcreteMismatch","PositiveMatch"
"219","5ced8f96a726ed0015d31452","test_ConceptualMatch_Concrete","0","ConceptualMatchingOnly","chocolate","mold","chocolate-mold","ConceptualMatch:concrete","PositiveMismatch"
"220","5ced8f96a726ed0015d31452","control_MaxMismatch","0","MaxMismatch","happiness","garbage","happiness-garbage","AbstractMismatch","PositiveMismatch"
"221","5ced8f96a726ed0015d31452","control_MaxMatch_Negative_Abstract","57","MaxMatch","lonliness","anxiety","lonliness-anxiety","AbstractMatch","NegativeMatch"
"222","5ced8f96a726ed0015d31452","control_Similar","98","SimilarControl","need","require","need-require","",""
"223","5ced8f96a726ed0015d31452","control_Dissimilar","39","DissimilarControl","give","take","give-take","",""
"224","5ced8f96a726ed0015d31452","control_MaxMatch_Positive_Concrete","0","MaxMatch","beach","rain","beach-rain","ConcreteMatch","PositiveMatch"
"225","5ced8f96a726ed0015d31452","test_ConceptualMatch_Abstract","41","ConceptualMatchingOnly","guilt","hope","guilt-hope","ConceptualMatch:abstract","NegativeMismatch"
"226","5ced8f96a726ed0015d31452","control_MaxMatch_Positive_Abstract","83","MaxMatch","love","peace","love-peace","AbstractMatch","PositiveMatch"
"227","5ced8f96a726ed0015d31452","control_Similar","99","SimilarControl","speak","talk","speak-talk","",""
"228","5ced8f96a726ed0015d31452","control_Dissimilar","33","DissimilarControl","begin","end","begin-end","",""
"229","5ced8f96a726ed0015d31452","control_MaxMatch_Negative_Concrete","0","MaxMatch","mold","injury","mold-injury","ConcreteMatch","NegativeMatch"
"230","5ced8f96a726ed0015d31452","test_ValenceMatch_Negative","32","ValenceMatchingOnly","grief","mold","grief-mold","AbstractMismatch","NegativeMatch"
"231","5ced8f96a726ed0015d31452","test_ValenceMatch_Positive","1","ValenceMatchingOnly","beach","gratitude","beach-gratitude","ConcreteMismatch","PositiveMatch"
"232","5ced8f96a726ed0015d31452","test_ConceptualMatch_Concrete","0","ConceptualMatchingOnly","beach","filth","beach-filth","ConceptualMatch:concrete","PositiveMismatch"
"233","5ced8f96a726ed0015d31452","control_MaxMismatch","85","MaxMismatch","compassion","rot","compassion-rot","AbstractMismatch","PositiveMismatch"
"234","5ced8f96a726ed0015d31452","control_MaxMatch_Negative_Abstract","44","MaxMatch","guilt","grief","guilt-grief","AbstractMatch","NegativeMatch"
"235","5ced8f96a726ed0015d31452","control_Similar","99","SimilarControl","get","obtain","get-obtain","",""
"236","5ced8f96a726ed0015d31452","control_Dissimilar","35","DissimilarControl","open","close","open-close","",""
"237","5ced8f96a726ed0015d31452","control_MaxMatch_Positive_Concrete","0","MaxMatch","laughter","flowers","laughter-flowers","ConcreteMatch","PositiveMatch"
"238","5ced8f96a726ed0015d31452","test_ConceptualMatch_Abstract","25","ConceptualMatchingOnly","lonliness","joy","lonliness-joy","ConceptualMatch:abstract","NegativeMismatch"
"239","5ced8f96a726ed0015d31452","control_MaxMatch_Positive_Abstract","83","MaxMatch","peace","compassion","peace-compassion","AbstractMatch","PositiveMatch"
"240","5ced8f96a726ed0015d31452","control_Similar","99","SimilarControl","use","employ","use-employ","",""
"241","5ced8f96a726ed0015d31452","control_Dissimilar","29","DissimilarControl","enter","exit","enter-exit","",""
"242","5ced8f96a726ed0015d31452","control_MaxMatch_Negative_Concrete","77","MaxMatch","garbage","mold","garbage-mold","ConcreteMatch","NegativeMatch"
"243","5ced8f96a726ed0015d31452","test_ValenceMatch_Negative","21","ValenceMatchingOnly","anxiety","vomit","anxiety-vomit","AbstractMismatch","NegativeMatch"
"244","5ced8f96a726ed0015d31452","test_ValenceMatch_Positive","84","ValenceMatchingOnly","laughter","love","laughter-love","ConcreteMismatch","PositiveMatch"
"245","5ced8f96a726ed0015d31452","test_ConceptualMatch_Concrete","0","ConceptualMatchingOnly","rain","injury","rain-injury","ConceptualMatch:concrete","PositiveMismatch"
"246","5ced8f96a726ed0015d31452","control_MaxMismatch","0","MaxMismatch","joy","mold","joy-mold","AbstractMismatch","PositiveMismatch"
"247","5ced8f96a726ed0015d31452","control_MaxMatch_Negative_Abstract","94","MaxMatch","lonliness","despair","lonliness-despair","AbstractMatch","NegativeMatch"
"248","5ced8f96a726ed0015d31452","control_Similar","89","SimilarControl","show","display","show-display","",""
"249","5ced8f96a726ed0015d31452","control_Dissimilar","34","DissimilarControl","increase","decrease","increase-decrease","",""
"250","5ced8f96a726ed0015d31452","control_MaxMatch_Positive_Concrete","61","MaxMatch","laughter","hug","laughter-hug","ConcreteMatch","PositiveMatch"
"251","5ced8f96a726ed0015d31452","test_ConceptualMatch_Abstract","17","ConceptualMatchingOnly","grief","love","grief-love","ConceptualMatch:abstract","NegativeMismatch"
"252","5ced8f96a726ed0015d31452","control_MaxMatch_Positive_Abstract","64","MaxMatch","hope","happiness","hope-happiness","AbstractMatch","PositiveMatch"
"253","5ced8f96a726ed0015d31452","control_Similar","99","SimilarControl","help","assist","help-assist","",""
"254","5ced8f96a726ed0015d31452","control_Dissimilar","40","DissimilarControl","add","remove","add-remove","",""
"255","5ced8f96a726ed0015d31452","control_MaxMatch_Negative_Concrete","16","MaxMatch","vomit","mold","vomit-mold","ConcreteMatch","NegativeMatch"
"256","5ced8f96a726ed0015d31452","test_ValenceMatch_Negative","0","ValenceMatchingOnly","grief","mud","grief-mud","AbstractMismatch","NegativeMatch"
"257","5ced8f96a726ed0015d31452","test_ValenceMatch_Positive","0","ValenceMatchingOnly","home","hope","home-hope","ConcreteMismatch","PositiveMatch"
"258","5ced8f96a726ed0015d31452","test_ConceptualMatch_Concrete","79","ConceptualMatchingOnly","rain","mud","rain-mud","ConceptualMatch:concrete","PositiveMismatch"
"259","5ced8f96a726ed0015d31452","control_MaxMismatch","0","MaxMismatch","happiness","injury","happiness-injury","AbstractMismatch","PositiveMismatch"
"260","5ced8f96a726ed0015d31452","control_MaxMatch_Negative_Abstract","46","MaxMatch","anxiety","failure","anxiety-failure","AbstractMatch","NegativeMatch"
"261","545f1e11fdf99b3156e7588b","control_Dissimilar","1","DissimilarControl","add","remove","add-remove","",""
"262","545f1e11fdf99b3156e7588b","control_Similar","91","SimilarControl","ask","inquire","ask-inquire","",""
"263","545f1e11fdf99b3156e7588b","control_Dissimilar","6","DissimilarControl","arrive","leave","arrive-leave","",""
"264","545f1e11fdf99b3156e7588b","control_MaxMatch_Negative_Abstract","73","MaxMatch","lonliness","shame","lonliness-shame","AbstractMatch","NegativeMatch"
"265","545f1e11fdf99b3156e7588b","test_ValenceMatch_Negative","66","ValenceMatchingOnly","failure","vomit","failure-vomit","AbstractMismatch","NegativeMatch"
"266","545f1e11fdf99b3156e7588b","control_MaxMatch_Negative_Concrete","52","MaxMatch","smoke","rust","smoke-rust","ConcreteMatch","NegativeMatch"
"267","545f1e11fdf99b3156e7588b","control_MaxMatch_Positive_Abstract","62","MaxMatch","peace","gratitude","peace-gratitude","AbstractMatch","PositiveMatch"
"268","545f1e11fdf99b3156e7588b","test_ValenceMatch_Positive","48","ValenceMatchingOnly","chocolate","hope","chocolate-hope","ConcreteMismatch","PositiveMatch"
"269","545f1e11fdf99b3156e7588b","control_MaxMismatch","25","MaxMismatch","hope","filth","hope-filth","AbstractMismatch","PositiveMismatch"
"270","545f1e11fdf99b3156e7588b","control_Similar","89","SimilarControl","use","employ","use-employ","",""
"271","545f1e11fdf99b3156e7588b","test_ConceptualMatch_Abstract","33","ConceptualMatchingOnly","shame","compassion","shame-compassion","ConceptualMatch:abstract","NegativeMismatch"
"272","545f1e11fdf99b3156e7588b","test_ConceptualMatch_Concrete","25","ConceptualMatchingOnly","home","injury","home-injury","ConceptualMatch:concrete","PositiveMismatch"
"273","545f1e11fdf99b3156e7588b","control_MaxMatch_Positive_Concrete","59","MaxMatch","beach","home","beach-home","ConcreteMatch","PositiveMatch"
"274","545f1e11fdf99b3156e7588b","control_Dissimilar","2","DissimilarControl","enter","exit","enter-exit","",""
"275","545f1e11fdf99b3156e7588b","control_Similar","89","SimilarControl","show","display","show-display","",""
"276","545f1e11fdf99b3156e7588b","control_Dissimilar","4","DissimilarControl","come","go","come-go","",""
"277","545f1e11fdf99b3156e7588b","control_MaxMatch_Negative_Abstract","90","MaxMatch","regret","shame","regret-shame","AbstractMatch","NegativeMatch"
"278","545f1e11fdf99b3156e7588b","test_ValenceMatch_Negative","58","ValenceMatchingOnly","regret","filth","regret-filth","AbstractMismatch","NegativeMatch"
"279","545f1e11fdf99b3156e7588b","control_MaxMatch_Negative_Concrete","83","MaxMatch","rot","filth","rot-filth","ConcreteMatch","NegativeMatch"
"280","545f1e11fdf99b3156e7588b","control_MaxMatch_Positive_Abstract","59","MaxMatch","freedom","kindness","freedom-kindness","AbstractMatch","PositiveMatch"
"281","545f1e11fdf99b3156e7588b","test_ValenceMatch_Positive","43","ValenceMatchingOnly","chocolate","gratitude","chocolate-gratitude","ConcreteMismatch","PositiveMatch"
"282","545f1e11fdf99b3156e7588b","control_MaxMismatch","38","MaxMismatch","freedom","rust","freedom-rust","AbstractMismatch","PositiveMismatch"
"283","545f1e11fdf99b3156e7588b","control_Similar","87","SimilarControl","end","finish","end-finish","",""
"284","545f1e11fdf99b3156e7588b","test_ConceptualMatch_Abstract","21","ConceptualMatchingOnly","failure","inspiration","failure-inspiration","ConceptualMatch:abstract","NegativeMismatch"
"285","545f1e11fdf99b3156e7588b","test_ConceptualMatch_Concrete","31","ConceptualMatchingOnly","fireplace","garbage","fireplace-garbage","ConceptualMatch:concrete","PositiveMismatch"
"286","545f1e11fdf99b3156e7588b","control_MaxMatch_Positive_Concrete","39","MaxMatch","beach","chocolate","beach-chocolate","ConcreteMatch","PositiveMatch"
"287","545f1e11fdf99b3156e7588b","control_Dissimilar","9","DissimilarControl","push","pull","push-pull","",""
"288","545f1e11fdf99b3156e7588b","control_Similar","90","SimilarControl","need","require","need-require","",""
"289","545f1e11fdf99b3156e7588b","control_Dissimilar","4","DissimilarControl","increase","decrease","increase-decrease","",""
"290","545f1e11fdf99b3156e7588b","control_MaxMatch_Negative_Abstract","78","MaxMatch","anxiety","guilt","anxiety-guilt","AbstractMatch","NegativeMatch"
"291","545f1e11fdf99b3156e7588b","test_ValenceMatch_Negative","48","ValenceMatchingOnly","guilt","smoke","guilt-smoke","AbstractMismatch","NegativeMatch"
"292","545f1e11fdf99b3156e7588b","control_MaxMatch_Negative_Concrete","78","MaxMatch","vomit","stench","vomit-stench","ConcreteMatch","NegativeMatch"
"293","545f1e11fdf99b3156e7588b","control_MaxMatch_Positive_Abstract","60","MaxMatch","peace","kindness","peace-kindness","AbstractMatch","PositiveMatch"
"294","545f1e11fdf99b3156e7588b","test_ValenceMatch_Positive","38","ValenceMatchingOnly","music","gratitude","music-gratitude","ConcreteMismatch","PositiveMatch"
"295","545f1e11fdf99b3156e7588b","control_MaxMismatch","34","MaxMismatch","freedom","vomit","freedom-vomit","AbstractMismatch","PositiveMismatch"
"296","545f1e11fdf99b3156e7588b","control_Similar","93","SimilarControl","get","obtain","get-obtain","",""
"297","545f1e11fdf99b3156e7588b","test_ConceptualMatch_Abstract","42","ConceptualMatchingOnly","grief","gratitude","grief-gratitude","ConceptualMatch:abstract","NegativeMismatch"
"298","545f1e11fdf99b3156e7588b","test_ConceptualMatch_Concrete","60","ConceptualMatchingOnly","flowers","mud","flowers-mud","ConceptualMatch:concrete","PositiveMismatch"
"299","545f1e11fdf99b3156e7588b","control_MaxMatch_Positive_Concrete","45","MaxMatch","laughter","rain","laughter-rain","ConcreteMatch","PositiveMatch"
"300","545f1e11fdf99b3156e7588b","control_Dissimilar","3","DissimilarControl","begin","end","begin-end","",""
"301","545f1e11fdf99b3156e7588b","control_Similar","95","SimilarControl","buy","purchase","buy-purchase","",""
"302","545f1e11fdf99b3156e7588b","control_Dissimilar","3","DissimilarControl","rise","fall","rise-fall","",""
"303","545f1e11fdf99b3156e7588b","control_MaxMatch_Negative_Abstract","78","MaxMatch","lonliness","anxiety","lonliness-anxiety","AbstractMatch","NegativeMatch"
"304","545f1e11fdf99b3156e7588b","test_ValenceMatch_Negative","39","ValenceMatchingOnly","grief","filth","grief-filth","AbstractMismatch","NegativeMatch"
"305","545f1e11fdf99b3156e7588b","control_MaxMatch_Negative_Concrete","35","MaxMatch","smoke","vomit","smoke-vomit","ConcreteMatch","NegativeMatch"
"306","545f1e11fdf99b3156e7588b","control_MaxMatch_Positive_Abstract","67","MaxMatch","peace","compassion","peace-compassion","AbstractMatch","PositiveMatch"
"307","545f1e11fdf99b3156e7588b","test_ValenceMatch_Positive","61","ValenceMatchingOnly","laughter","inspiration","laughter-inspiration","ConcreteMismatch","PositiveMatch"
"308","545f1e11fdf99b3156e7588b","control_MaxMismatch","32","MaxMismatch","inspiration","stench","inspiration-stench","AbstractMismatch","PositiveMismatch"
"309","545f1e11fdf99b3156e7588b","control_Similar","93","SimilarControl","begin","start","begin-start","",""
"310","545f1e11fdf99b3156e7588b","test_ConceptualMatch_Abstract","42","ConceptualMatchingOnly","grief","freedom","grief-freedom","ConceptualMatch:abstract","NegativeMismatch"
"311","545f1e11fdf99b3156e7588b","test_ConceptualMatch_Concrete","35","ConceptualMatchingOnly","fireplace","filth","fireplace-filth","ConceptualMatch:concrete","PositiveMismatch"
"312","545f1e11fdf99b3156e7588b","control_MaxMatch_Positive_Concrete","64","MaxMatch","laughter","hug","laughter-hug","ConcreteMatch","PositiveMatch"
"313","545f1e11fdf99b3156e7588b","control_Dissimilar","2","DissimilarControl","open","close","open-close","",""
"314","545f1e11fdf99b3156e7588b","control_Similar","90","SimilarControl","speak","talk","speak-talk","",""
"315","545f1e11fdf99b3156e7588b","control_Dissimilar","0","DissimilarControl","give","take","give-take","",""
"316","545f1e11fdf99b3156e7588b","control_MaxMatch_Negative_Abstract","67","MaxMatch","despair","grief","despair-grief","AbstractMatch","NegativeMatch"
"317","545f1e11fdf99b3156e7588b","test_ValenceMatch_Negative","41","ValenceMatchingOnly","failure","garbage","failure-garbage","AbstractMismatch","NegativeMatch"
"318","545f1e11fdf99b3156e7588b","control_MaxMatch_Negative_Concrete","69","MaxMatch","rot","rust","rot-rust","ConcreteMatch","NegativeMatch"
"319","545f1e11fdf99b3156e7588b","control_MaxMatch_Positive_Abstract","76","MaxMatch","love","joy","love-joy","AbstractMatch","PositiveMatch"
"320","545f1e11fdf99b3156e7588b","test_ValenceMatch_Positive","61","ValenceMatchingOnly","sunshine","hope","sunshine-hope","ConcreteMismatch","PositiveMatch"
"321","545f1e11fdf99b3156e7588b","control_MaxMismatch","34","MaxMismatch","inspiration","rot","inspiration-rot","AbstractMismatch","PositiveMismatch"
"322","545f1e11fdf99b3156e7588b","control_Similar","96","SimilarControl","help","assist","help-assist","",""
"323","545f1e11fdf99b3156e7588b","test_ConceptualMatch_Abstract","33","ConceptualMatchingOnly","regret","kindness","regret-kindness","ConceptualMatch:abstract","NegativeMismatch"
"324","545f1e11fdf99b3156e7588b","test_ConceptualMatch_Concrete","42","ConceptualMatchingOnly","rain","rust","rain-rust","ConceptualMatch:concrete","PositiveMismatch"
"325","545f1e11fdf99b3156e7588b","control_MaxMatch_Positive_Concrete","53","MaxMatch","sunshine","chocolate","sunshine-chocolate","ConcreteMatch","PositiveMatch"
"326","661ee735d1619c1f872b98f6","control_Dissimilar","0","DissimilarControl","add","remove","add-remove","",""
"327","661ee735d1619c1f872b98f6","control_Similar","99","SimilarControl","need","require","need-require","",""
"328","661ee735d1619c1f872b98f6","control_MaxMismatch","25","MaxMismatch","hope","injury","hope-injury","AbstractMismatch","PositiveMismatch"
"329","661ee735d1619c1f872b98f6","control_Dissimilar","0","DissimilarControl","push","pull","push-pull","",""
"330","661ee735d1619c1f872b98f6","test_ValenceMatch_Positive","89","ValenceMatchingOnly","music","hope","music-hope","ConcreteMismatch","PositiveMatch"
"331","661ee735d1619c1f872b98f6","control_MaxMatch_Negative_Concrete","99","MaxMatch","rot","filth","rot-filth","ConcreteMatch","NegativeMatch"
"332","661ee735d1619c1f872b98f6","control_Similar","99","SimilarControl","end","finish","end-finish","",""
"333","661ee735d1619c1f872b98f6","test_ValenceMatch_Negative","69","ValenceMatchingOnly","lonliness","mold","lonliness-mold","AbstractMismatch","NegativeMatch"
"334","661ee735d1619c1f872b98f6","test_ConceptualMatch_Abstract","0","ConceptualMatchingOnly","anxiety","peace","anxiety-peace","ConceptualMatch:abstract","NegativeMismatch"
"335","661ee735d1619c1f872b98f6","control_MaxMatch_Positive_Abstract","96","MaxMatch","joy","freedom","joy-freedom","AbstractMatch","PositiveMatch"
"336","661ee735d1619c1f872b98f6","test_ConceptualMatch_Concrete","49","ConceptualMatchingOnly","laughter","mud","laughter-mud","ConceptualMatch:concrete","PositiveMismatch"
"337","661ee735d1619c1f872b98f6","control_MaxMatch_Negative_Abstract","89","MaxMatch","guilt","shame","guilt-shame","AbstractMatch","NegativeMatch"
"338","661ee735d1619c1f872b98f6","control_MaxMatch_Positive_Concrete","26","MaxMatch","beach","fireplace","beach-fireplace","ConcreteMatch","PositiveMatch"
"339","661ee735d1619c1f872b98f6","control_Dissimilar","0","DissimilarControl","begin","end","begin-end","",""
"340","661ee735d1619c1f872b98f6","control_Similar","94","SimilarControl","show","display","show-display","",""
"341","661ee735d1619c1f872b98f6","control_MaxMismatch","12","MaxMismatch","love","rust","love-rust","AbstractMismatch","PositiveMismatch"
"342","661ee735d1619c1f872b98f6","control_Dissimilar","0","DissimilarControl","enter","exit","enter-exit","",""
"343","661ee735d1619c1f872b98f6","test_ValenceMatch_Positive","27","ValenceMatchingOnly","beach","freedom","beach-freedom","ConcreteMismatch","PositiveMatch"
"344","661ee735d1619c1f872b98f6","control_MaxMatch_Negative_Concrete","86","MaxMatch","rust","filth","rust-filth","ConcreteMatch","NegativeMatch"
"345","661ee735d1619c1f872b98f6","control_Similar","99","SimilarControl","help","assist","help-assist","",""
"346","661ee735d1619c1f872b98f6","test_ValenceMatch_Negative","49","ValenceMatchingOnly","failure","rot","failure-rot","AbstractMismatch","NegativeMatch"
"347","661ee735d1619c1f872b98f6","test_ConceptualMatch_Abstract","12","ConceptualMatchingOnly","regret","inspiration","regret-inspiration","ConceptualMatch:abstract","NegativeMismatch"
"348","661ee735d1619c1f872b98f6","control_MaxMatch_Positive_Abstract","91","MaxMatch","hope","gratitude","hope-gratitude","AbstractMatch","PositiveMatch"
"349","661ee735d1619c1f872b98f6","test_ConceptualMatch_Concrete","6","ConceptualMatchingOnly","beach","garbage","beach-garbage","ConceptualMatch:concrete","PositiveMismatch"
"350","661ee735d1619c1f872b98f6","control_MaxMatch_Negative_Abstract","94","MaxMatch","grief","shame","grief-shame","AbstractMatch","NegativeMatch"
"351","661ee735d1619c1f872b98f6","control_MaxMatch_Positive_Concrete","46","MaxMatch","hug","rain","hug-rain","ConcreteMatch","PositiveMatch"
"352","661ee735d1619c1f872b98f6","control_Dissimilar","0","DissimilarControl","open","close","open-close","",""
"353","661ee735d1619c1f872b98f6","control_Similar","99","SimilarControl","buy","purchase","buy-purchase","",""
"354","661ee735d1619c1f872b98f6","control_MaxMismatch","11","MaxMismatch","happiness","stench","happiness-stench","AbstractMismatch","PositiveMismatch"
"355","661ee735d1619c1f872b98f6","control_Dissimilar","0","DissimilarControl","increase","decrease","increase-decrease","",""
"356","661ee735d1619c1f872b98f6","test_ValenceMatch_Positive","11","ValenceMatchingOnly","beach","love","beach-love","ConcreteMismatch","PositiveMatch"
"357","661ee735d1619c1f872b98f6","control_MaxMatch_Negative_Concrete","99","MaxMatch","garbage","filth","garbage-filth","ConcreteMatch","NegativeMatch"
"358","661ee735d1619c1f872b98f6","control_Similar","99","SimilarControl","speak","talk","speak-talk","",""
"359","661ee735d1619c1f872b98f6","test_ValenceMatch_Negative","72","ValenceMatchingOnly","despair","smoke","despair-smoke","AbstractMismatch","NegativeMatch"
"360","661ee735d1619c1f872b98f6","test_ConceptualMatch_Abstract","10","ConceptualMatchingOnly","regret","love","regret-love","ConceptualMatch:abstract","NegativeMismatch"
"361","661ee735d1619c1f872b98f6","control_MaxMatch_Positive_Abstract","89","MaxMatch","joy","peace","joy-peace","AbstractMatch","PositiveMatch"
"362","661ee735d1619c1f872b98f6","test_ConceptualMatch_Concrete","18","ConceptualMatchingOnly","music","vomit","music-vomit","ConceptualMatch:concrete","PositiveMismatch"
"363","661ee735d1619c1f872b98f6","control_MaxMatch_Negative_Abstract","83","MaxMatch","regret","anxiety","regret-anxiety","AbstractMatch","NegativeMatch"
"364","661ee735d1619c1f872b98f6","control_MaxMatch_Positive_Concrete","48","MaxMatch","laughter","flowers","laughter-flowers","ConcreteMatch","PositiveMatch"
"365","661ee735d1619c1f872b98f6","control_Dissimilar","0","DissimilarControl","arrive","leave","arrive-leave","",""
"366","661ee735d1619c1f872b98f6","control_Similar","99","SimilarControl","begin","start","begin-start","",""
"367","661ee735d1619c1f872b98f6","control_MaxMismatch","15","MaxMismatch","hope","rust","hope-rust","AbstractMismatch","PositiveMismatch"
"368","661ee735d1619c1f872b98f6","control_Dissimilar","0","DissimilarControl","rise","fall","rise-fall","",""
"369","661ee735d1619c1f872b98f6","test_ValenceMatch_Positive","77","ValenceMatchingOnly","hug","joy","hug-joy","ConcreteMismatch","PositiveMatch"
"370","661ee735d1619c1f872b98f6","control_MaxMatch_Negative_Concrete","81","MaxMatch","rot","vomit","rot-vomit","ConcreteMatch","NegativeMatch"
"371","661ee735d1619c1f872b98f6","control_Similar","92","SimilarControl","use","employ","use-employ","",""
"372","661ee735d1619c1f872b98f6","test_ValenceMatch_Negative","24","ValenceMatchingOnly","shame","rust","shame-rust","AbstractMismatch","NegativeMatch"
"373","661ee735d1619c1f872b98f6","test_ConceptualMatch_Abstract","19","ConceptualMatchingOnly","shame","freedom","shame-freedom","ConceptualMatch:abstract","NegativeMismatch"
"374","661ee735d1619c1f872b98f6","control_MaxMatch_Positive_Abstract","83","MaxMatch","peace","compassion","peace-compassion","AbstractMatch","PositiveMatch"
"375","661ee735d1619c1f872b98f6","test_ConceptualMatch_Concrete","23","ConceptualMatchingOnly","home","rot","home-rot","ConceptualMatch:concrete","PositiveMismatch"
"376","661ee735d1619c1f872b98f6","control_MaxMatch_Negative_Abstract","80","MaxMatch","despair","shame","despair-shame","AbstractMatch","NegativeMatch"
"377","661ee735d1619c1f872b98f6","control_MaxMatch_Positive_Concrete","49","MaxMatch","home","chocolate","home-chocolate","ConcreteMatch","PositiveMatch"
"378","661ee735d1619c1f872b98f6","control_Dissimilar","0","DissimilarControl","give","take","give-take","",""
"379","661ee735d1619c1f872b98f6","control_Similar","99","SimilarControl","ask","inquire","ask-inquire","",""
"380","661ee735d1619c1f872b98f6","control_MaxMismatch","22","MaxMismatch","love","stench","love-stench","AbstractMismatch","PositiveMismatch"
"381","661ee735d1619c1f872b98f6","control_Dissimilar","0","DissimilarControl","come","go","come-go","",""
"382","661ee735d1619c1f872b98f6","test_ValenceMatch_Positive","80","ValenceMatchingOnly","home","hope","home-hope","ConcreteMismatch","PositiveMatch"
"383","661ee735d1619c1f872b98f6","control_MaxMatch_Negative_Concrete","91","MaxMatch","smoke","filth","smoke-filth","ConcreteMatch","NegativeMatch"
"384","661ee735d1619c1f872b98f6","control_Similar","96","SimilarControl","get","obtain","get-obtain","",""
"385","661ee735d1619c1f872b98f6","test_ValenceMatch_Negative","75","ValenceMatchingOnly","shame","stench","shame-stench","AbstractMismatch","NegativeMatch"
"386","661ee735d1619c1f872b98f6","test_ConceptualMatch_Abstract","18","ConceptualMatchingOnly","guilt","hope","guilt-hope","ConceptualMatch:abstract","NegativeMismatch"
"387","661ee735d1619c1f872b98f6","control_MaxMatch_Positive_Abstract","88","MaxMatch","happiness","inspiration","happiness-inspiration","AbstractMatch","PositiveMatch"
"388","661ee735d1619c1f872b98f6","test_ConceptualMatch_Concrete","63","ConceptualMatchingOnly","flowers","mud","flowers-mud","ConceptualMatch:concrete","PositiveMismatch"
"389","661ee735d1619c1f872b98f6","control_MaxMatch_Negative_Abstract","78","MaxMatch","lonliness","grief","lonliness-grief","AbstractMatch","NegativeMatch"
"390","661ee735d1619c1f872b98f6","control_MaxMatch_Positive_Concrete","28","MaxMatch","flowers","beach","flowers-beach","ConcreteMatch","PositiveMatch"
"391","6722b825ac3ff9bc6b55e74a","control_Similar","99","SimilarControl","get","obtain","get-obtain","",""
"392","6722b825ac3ff9bc6b55e74a","control_Dissimilar","0","DissimilarControl","rise","fall","rise-fall","",""
"393","6722b825ac3ff9bc6b55e74a","control_MaxMatch_Positive_Concrete","0","MaxMatch","laughter","flowers","laughter-flowers","ConcreteMatch","PositiveMatch"
"394","6722b825ac3ff9bc6b55e74a","control_MaxMismatch","0","MaxMismatch","hope","garbage","hope-garbage","AbstractMismatch","PositiveMismatch"
"395","6722b825ac3ff9bc6b55e74a","control_Similar","99","SimilarControl","show","display","show-display","",""
"396","6722b825ac3ff9bc6b55e74a","test_ConceptualMatch_Abstract","0","ConceptualMatchingOnly","grief","gratitude","grief-gratitude","ConceptualMatch:abstract","NegativeMismatch"
"397","6722b825ac3ff9bc6b55e74a","test_ValenceMatch_Positive","25","ValenceMatchingOnly","flowers","freedom","flowers-freedom","ConcreteMismatch","PositiveMatch"
"398","6722b825ac3ff9bc6b55e74a","test_ConceptualMatch_Concrete","0","ConceptualMatchingOnly","fireplace","filth","fireplace-filth","ConceptualMatch:concrete","PositiveMismatch"
"399","6722b825ac3ff9bc6b55e74a","control_MaxMatch_Negative_Abstract","85","MaxMatch","anxiety","failure","anxiety-failure","AbstractMatch","NegativeMatch"
"400","6722b825ac3ff9bc6b55e74a","test_ValenceMatch_Negative","66","ValenceMatchingOnly","despair","injury","despair-injury","AbstractMismatch","NegativeMatch"
"401","6722b825ac3ff9bc6b55e74a","control_MaxMatch_Negative_Concrete","89","MaxMatch","garbage","stench","garbage-stench","ConcreteMatch","NegativeMatch"
"402","6722b825ac3ff9bc6b55e74a","control_MaxMatch_Positive_Abstract","99","MaxMatch","kindness","gratitude","kindness-gratitude","AbstractMatch","PositiveMatch"
"403","6722b825ac3ff9bc6b55e74a","control_Dissimilar","0","DissimilarControl","arrive","leave","arrive-leave","",""
"404","6722b825ac3ff9bc6b55e74a","control_Similar","99","SimilarControl","buy","purchase","buy-purchase","",""
"405","6722b825ac3ff9bc6b55e74a","control_Dissimilar","74","DissimilarControl","push","pull","push-pull","",""
"406","6722b825ac3ff9bc6b55e74a","control_MaxMatch_Positive_Concrete","0","MaxMatch","home","chocolate","home-chocolate","ConcreteMatch","PositiveMatch"
"407","6722b825ac3ff9bc6b55e74a","control_MaxMismatch","0","MaxMismatch","gratitude","filth","gratitude-filth","AbstractMismatch","PositiveMismatch"
"408","6722b825ac3ff9bc6b55e74a","control_Similar","92","SimilarControl","use","employ","use-employ","",""
"409","6722b825ac3ff9bc6b55e74a","test_ConceptualMatch_Abstract","16","ConceptualMatchingOnly","failure","love","failure-love","ConceptualMatch:abstract","NegativeMismatch"
"410","6722b825ac3ff9bc6b55e74a","test_ValenceMatch_Positive","0","ValenceMatchingOnly","music","gratitude","music-gratitude","ConcreteMismatch","PositiveMatch"
"411","6722b825ac3ff9bc6b55e74a","test_ConceptualMatch_Concrete","4","ConceptualMatchingOnly","chocolate","mud","chocolate-mud","ConceptualMatch:concrete","PositiveMismatch"
"412","6722b825ac3ff9bc6b55e74a","control_MaxMatch_Negative_Abstract","31","MaxMatch","regret","shame","regret-shame","AbstractMatch","NegativeMatch"
"413","6722b825ac3ff9bc6b55e74a","test_ValenceMatch_Negative","0","ValenceMatchingOnly","despair","mud","despair-mud","AbstractMismatch","NegativeMatch"
"414","6722b825ac3ff9bc6b55e74a","control_MaxMatch_Negative_Concrete","67","MaxMatch","rot","mold","rot-mold","ConcreteMatch","NegativeMatch"
"415","6722b825ac3ff9bc6b55e74a","control_MaxMatch_Positive_Abstract","55","MaxMatch","compassion","inspiration","compassion-inspiration","AbstractMatch","PositiveMatch"
"416","6722b825ac3ff9bc6b55e74a","control_Dissimilar","0","DissimilarControl","give","take","give-take","",""
"417","6722b825ac3ff9bc6b55e74a","control_Similar","99","SimilarControl","need","require","need-require","",""
"418","6722b825ac3ff9bc6b55e74a","control_Dissimilar","0","DissimilarControl","add","remove","add-remove","",""
"419","6722b825ac3ff9bc6b55e74a","control_MaxMatch_Positive_Concrete","0","MaxMatch","sunshine","fireplace","sunshine-fireplace","ConcreteMatch","PositiveMatch"
"420","6722b825ac3ff9bc6b55e74a","control_MaxMismatch","0","MaxMismatch","gratitude","injury","gratitude-injury","AbstractMismatch","PositiveMismatch"
"421","6722b825ac3ff9bc6b55e74a","control_Similar","99","SimilarControl","ask","inquire","ask-inquire","",""
"422","6722b825ac3ff9bc6b55e74a","test_ConceptualMatch_Abstract","0","ConceptualMatchingOnly","anxiety","peace","anxiety-peace","ConceptualMatch:abstract","NegativeMismatch"
"423","6722b825ac3ff9bc6b55e74a","test_ValenceMatch_Positive","0","ValenceMatchingOnly","music","kindness","music-kindness","ConcreteMismatch","PositiveMatch"
"424","6722b825ac3ff9bc6b55e74a","test_ConceptualMatch_Concrete","5","ConceptualMatchingOnly","sunshine","smoke","sunshine-smoke","ConceptualMatch:concrete","PositiveMismatch"
"425","6722b825ac3ff9bc6b55e74a","control_MaxMatch_Negative_Abstract","5","MaxMatch","grief","failure","grief-failure","AbstractMatch","NegativeMatch"
"426","6722b825ac3ff9bc6b55e74a","test_ValenceMatch_Negative","0","ValenceMatchingOnly","resentment","mud","resentment-mud","AbstractMismatch","NegativeMatch"
"427","6722b825ac3ff9bc6b55e74a","control_MaxMatch_Negative_Concrete","77","MaxMatch","vomit","garbage","vomit-garbage","ConcreteMatch","NegativeMatch"
"428","6722b825ac3ff9bc6b55e74a","control_MaxMatch_Positive_Abstract","56","MaxMatch","happiness","inspiration","happiness-inspiration","AbstractMatch","PositiveMatch"
"429","6722b825ac3ff9bc6b55e74a","control_Dissimilar","0","DissimilarControl","begin","end","begin-end","",""
"430","6722b825ac3ff9bc6b55e74a","control_Similar","99","SimilarControl","end","finish","end-finish","",""
"431","6722b825ac3ff9bc6b55e74a","control_Dissimilar","0","DissimilarControl","come","go","come-go","",""
"432","6722b825ac3ff9bc6b55e74a","control_MaxMatch_Positive_Concrete","0","MaxMatch","laughter","chocolate","laughter-chocolate","ConcreteMatch","PositiveMatch"
"433","6722b825ac3ff9bc6b55e74a","control_MaxMismatch","0","MaxMismatch","happiness","stench","happiness-stench","AbstractMismatch","PositiveMismatch"
"434","6722b825ac3ff9bc6b55e74a","control_Similar","99","SimilarControl","help","assist","help-assist","",""
"435","6722b825ac3ff9bc6b55e74a","test_ConceptualMatch_Abstract","0","ConceptualMatchingOnly","envy","love","envy-love","ConceptualMatch:abstract","NegativeMismatch"
"436","6722b825ac3ff9bc6b55e74a","test_ValenceMatch_Positive","0","ValenceMatchingOnly","music","hope","music-hope","ConcreteMismatch","PositiveMatch"
"437","6722b825ac3ff9bc6b55e74a","test_ConceptualMatch_Concrete","1","ConceptualMatchingOnly","rain","rust","rain-rust","ConceptualMatch:concrete","PositiveMismatch"
"438","6722b825ac3ff9bc6b55e74a","control_MaxMatch_Negative_Abstract","66","MaxMatch","despair","shame","despair-shame","AbstractMatch","NegativeMatch"
"439","6722b825ac3ff9bc6b55e74a","test_ValenceMatch_Negative","8","ValenceMatchingOnly","failure","mold","failure-mold","AbstractMismatch","NegativeMatch"
"440","6722b825ac3ff9bc6b55e74a","control_MaxMatch_Negative_Concrete","0","MaxMatch","mud","mold","mud-mold","ConcreteMatch","NegativeMatch"
"441","6722b825ac3ff9bc6b55e74a","control_MaxMatch_Positive_Abstract","58","MaxMatch","hope","happiness","hope-happiness","AbstractMatch","PositiveMatch"
"442","6722b825ac3ff9bc6b55e74a","control_Dissimilar","0","DissimilarControl","enter","exit","enter-exit","",""
"443","6722b825ac3ff9bc6b55e74a","control_Similar","99","SimilarControl","begin","start","begin-start","",""
"444","6722b825ac3ff9bc6b55e74a","control_Dissimilar","0","DissimilarControl","open","close","open-close","",""
"445","6722b825ac3ff9bc6b55e74a","control_MaxMatch_Positive_Concrete","0","MaxMatch","hug","fireplace","hug-fireplace","ConcreteMatch","PositiveMatch"
"446","6722b825ac3ff9bc6b55e74a","control_MaxMismatch","0","MaxMismatch","peace","rot","peace-rot","AbstractMismatch","PositiveMismatch"
"447","6722b825ac3ff9bc6b55e74a","control_Similar","99","SimilarControl","speak","talk","speak-talk","",""
"448","6722b825ac3ff9bc6b55e74a","test_ConceptualMatch_Abstract","0","ConceptualMatchingOnly","regret","happiness","regret-happiness","ConceptualMatch:abstract","NegativeMismatch"
"449","6722b825ac3ff9bc6b55e74a","test_ValenceMatch_Positive","39","ValenceMatchingOnly","flowers","joy","flowers-joy","ConcreteMismatch","PositiveMatch"
"450","6722b825ac3ff9bc6b55e74a","test_ConceptualMatch_Concrete","0","ConceptualMatchingOnly","music","vomit","music-vomit","ConceptualMatch:concrete","PositiveMismatch"
"451","6722b825ac3ff9bc6b55e74a","control_MaxMatch_Negative_Abstract","57","MaxMatch","anxiety","grief","anxiety-grief","AbstractMatch","NegativeMatch"
"452","6722b825ac3ff9bc6b55e74a","test_ValenceMatch_Negative","16","ValenceMatchingOnly","anxiety","injury","anxiety-injury","AbstractMismatch","NegativeMatch"
"453","6722b825ac3ff9bc6b55e74a","control_MaxMatch_Negative_Concrete","0","MaxMatch","vomit","rust","vomit-rust","ConcreteMatch","NegativeMatch"
"454","6722b825ac3ff9bc6b55e74a","control_MaxMatch_Positive_Abstract","59","MaxMatch","hope","kindness","hope-kindness","AbstractMatch","PositiveMatch"
"455","6722b825ac3ff9bc6b55e74a","control_Dissimilar","0","DissimilarControl","increase","decrease","increase-decrease","",""
"456","676ef4be3ae6971bb695ff02","control_Dissimilar","8","DissimilarControl","arrive","leave","arrive-leave","",""
"457","676ef4be3ae6971bb695ff02","control_Similar","93","SimilarControl","speak","talk","speak-talk","",""
"458","676ef4be3ae6971bb695ff02","test_ConceptualMatch_Abstract","22","ConceptualMatchingOnly","lonliness","kindness","lonliness-kindness","ConceptualMatch:abstract","NegativeMismatch"
"459","676ef4be3ae6971bb695ff02","control_Dissimilar","27","DissimilarControl","give","take","give-take","",""
"460","676ef4be3ae6971bb695ff02","control_MaxMismatch","28","MaxMismatch","freedom","injury","freedom-injury","AbstractMismatch","PositiveMismatch"
"461","676ef4be3ae6971bb695ff02","test_ConceptualMatch_Concrete","5","ConceptualMatchingOnly","chocolate","stench","chocolate-stench","ConceptualMatch:concrete","PositiveMismatch"
"462","676ef4be3ae6971bb695ff02","test_ValenceMatch_Positive","28","ValenceMatchingOnly","rain","hope","rain-hope","ConcreteMismatch","PositiveMatch"
"463","676ef4be3ae6971bb695ff02","test_ValenceMatch_Negative","15","ValenceMatchingOnly","envy","stench","envy-stench","AbstractMismatch","NegativeMatch"
"464","676ef4be3ae6971bb695ff02","control_MaxMatch_Negative_Concrete","72","MaxMatch","rot","filth","rot-filth","ConcreteMatch","NegativeMatch"
"465","676ef4be3ae6971bb695ff02","control_Similar","83","SimilarControl","end","finish","end-finish","",""
"466","676ef4be3ae6971bb695ff02","control_MaxMatch_Positive_Abstract","60","MaxMatch","peace","compassion","peace-compassion","AbstractMatch","PositiveMatch"
"467","676ef4be3ae6971bb695ff02","control_MaxMatch_Negative_Abstract","87","MaxMatch","despair","grief","despair-grief","AbstractMatch","NegativeMatch"
"468","676ef4be3ae6971bb695ff02","control_MaxMatch_Positive_Concrete","24","MaxMatch","home","rain","home-rain","ConcreteMatch","PositiveMatch"
"469","676ef4be3ae6971bb695ff02","control_Dissimilar","16","DissimilarControl","begin","end","begin-end","",""
"470","676ef4be3ae6971bb695ff02","control_Similar","79","SimilarControl","use","employ","use-employ","",""
"471","676ef4be3ae6971bb695ff02","test_ConceptualMatch_Abstract","16","ConceptualMatchingOnly","envy","kindness","envy-kindness","ConceptualMatch:abstract","NegativeMismatch"
"472","676ef4be3ae6971bb695ff02","control_Dissimilar","31","DissimilarControl","come","go","come-go","",""
"473","676ef4be3ae6971bb695ff02","control_MaxMismatch","5","MaxMismatch","compassion","smoke","compassion-smoke","AbstractMismatch","PositiveMismatch"
"474","676ef4be3ae6971bb695ff02","test_ConceptualMatch_Concrete","5","ConceptualMatchingOnly","home","rot","home-rot","ConceptualMatch:concrete","PositiveMismatch"
"475","676ef4be3ae6971bb695ff02","test_ValenceMatch_Positive","44","ValenceMatchingOnly","flowers","hope","flowers-hope","ConcreteMismatch","PositiveMatch"
"476","676ef4be3ae6971bb695ff02","test_ValenceMatch_Negative","22","ValenceMatchingOnly","grief","mold","grief-mold","AbstractMismatch","NegativeMatch"
"477","676ef4be3ae6971bb695ff02","control_MaxMatch_Negative_Concrete","55","MaxMatch","vomit","garbage","vomit-garbage","ConcreteMatch","NegativeMatch"
"478","676ef4be3ae6971bb695ff02","control_Similar","93","SimilarControl","buy","purchase","buy-purchase","",""
"479","676ef4be3ae6971bb695ff02","control_MaxMatch_Positive_Abstract","67","MaxMatch","hope","gratitude","hope-gratitude","AbstractMatch","PositiveMatch"
"480","676ef4be3ae6971bb695ff02","control_MaxMatch_Negative_Abstract","58","MaxMatch","despair","shame","despair-shame","AbstractMatch","NegativeMatch"
"481","676ef4be3ae6971bb695ff02","control_MaxMatch_Positive_Concrete","28","MaxMatch","laughter","music","laughter-music","ConcreteMatch","PositiveMatch"
"482","676ef4be3ae6971bb695ff02","control_Dissimilar","2","DissimilarControl","open","close","open-close","",""
"483","676ef4be3ae6971bb695ff02","control_Similar","99","SimilarControl","ask","inquire","ask-inquire","",""
"484","676ef4be3ae6971bb695ff02","test_ConceptualMatch_Abstract","18","ConceptualMatchingOnly","failure","compassion","failure-compassion","ConceptualMatch:abstract","NegativeMismatch"
"485","676ef4be3ae6971bb695ff02","control_Dissimilar","7","DissimilarControl","increase","decrease","increase-decrease","",""
"486","676ef4be3ae6971bb695ff02","control_MaxMismatch","51","MaxMismatch","peace","mud","peace-mud","AbstractMismatch","PositiveMismatch"
"487","676ef4be3ae6971bb695ff02","test_ConceptualMatch_Concrete","65","ConceptualMatchingOnly","music","garbage","music-garbage","ConceptualMatch:concrete","PositiveMismatch"
"488","676ef4be3ae6971bb695ff02","test_ValenceMatch_Positive","29","ValenceMatchingOnly","home","hope","home-hope","ConcreteMismatch","PositiveMatch"
"489","676ef4be3ae6971bb695ff02","test_ValenceMatch_Negative","27","ValenceMatchingOnly","failure","stench","failure-stench","AbstractMismatch","NegativeMatch"
"490","676ef4be3ae6971bb695ff02","control_MaxMatch_Negative_Concrete","66","MaxMatch","garbage","filth","garbage-filth","ConcreteMatch","NegativeMatch"
"491","676ef4be3ae6971bb695ff02","control_Similar","77","SimilarControl","show","display","show-display","",""
"492","676ef4be3ae6971bb695ff02","control_MaxMatch_Positive_Abstract","36","MaxMatch","freedom","kindness","freedom-kindness","AbstractMatch","PositiveMatch"
"493","676ef4be3ae6971bb695ff02","control_MaxMatch_Negative_Abstract","26","MaxMatch","despair","resentment","despair-resentment","AbstractMatch","NegativeMatch"
"494","676ef4be3ae6971bb695ff02","control_MaxMatch_Positive_Concrete","5","MaxMatch","rain","chocolate","rain-chocolate","ConcreteMatch","PositiveMatch"
"495","676ef4be3ae6971bb695ff02","control_Dissimilar","0","DissimilarControl","rise","fall","rise-fall","",""
"496","676ef4be3ae6971bb695ff02","control_Similar","0","SimilarControl","begin","start","begin-start","",""
"497","676ef4be3ae6971bb695ff02","test_ConceptualMatch_Abstract","24","ConceptualMatchingOnly","lonliness","compassion","lonliness-compassion","ConceptualMatch:abstract","NegativeMismatch"
"498","676ef4be3ae6971bb695ff02","control_Dissimilar","2","DissimilarControl","add","remove","add-remove","",""
"499","676ef4be3ae6971bb695ff02","control_MaxMismatch","11","MaxMismatch","gratitude","smoke","gratitude-smoke","AbstractMismatch","PositiveMismatch"
"500","676ef4be3ae6971bb695ff02","test_ConceptualMatch_Concrete","47","ConceptualMatchingOnly","sunshine","rot","sunshine-rot","ConceptualMatch:concrete","PositiveMismatch"
"501","676ef4be3ae6971bb695ff02","test_ValenceMatch_Positive","58","ValenceMatchingOnly","flowers","freedom","flowers-freedom","ConcreteMismatch","PositiveMatch"
"502","676ef4be3ae6971bb695ff02","test_ValenceMatch_Negative","56","ValenceMatchingOnly","guilt","vomit","guilt-vomit","AbstractMismatch","NegativeMatch"
"503","676ef4be3ae6971bb695ff02","control_MaxMatch_Negative_Concrete","25","MaxMatch","mud","rust","mud-rust","ConcreteMatch","NegativeMatch"
"504","676ef4be3ae6971bb695ff02","control_Similar","96","SimilarControl","help","assist","help-assist","",""
"505","676ef4be3ae6971bb695ff02","control_MaxMatch_Positive_Abstract","59","MaxMatch","hope","happiness","hope-happiness","AbstractMatch","PositiveMatch"
"506","676ef4be3ae6971bb695ff02","control_MaxMatch_Negative_Abstract","62","MaxMatch","regret","resentment","regret-resentment","AbstractMatch","NegativeMatch"
"507","676ef4be3ae6971bb695ff02","control_MaxMatch_Positive_Concrete","56","MaxMatch","flowers","rain","flowers-rain","ConcreteMatch","PositiveMatch"
"508","676ef4be3ae6971bb695ff02","control_Dissimilar","11","DissimilarControl","enter","exit","enter-exit","",""
"509","676ef4be3ae6971bb695ff02","control_Similar","92","SimilarControl","get","obtain","get-obtain","",""
"510","676ef4be3ae6971bb695ff02","test_ConceptualMatch_Abstract","19","ConceptualMatchingOnly","grief","hope","grief-hope","ConceptualMatch:abstract","NegativeMismatch"
"511","676ef4be3ae6971bb695ff02","control_Dissimilar","11","DissimilarControl","push","pull","push-pull","",""
"512","676ef4be3ae6971bb695ff02","control_MaxMismatch","8","MaxMismatch","happiness","injury","happiness-injury","AbstractMismatch","PositiveMismatch"
"513","676ef4be3ae6971bb695ff02","test_ConceptualMatch_Concrete","8","ConceptualMatchingOnly","home","mold","home-mold","ConceptualMatch:concrete","PositiveMismatch"
"514","676ef4be3ae6971bb695ff02","test_ValenceMatch_Positive","33","ValenceMatchingOnly","laughter","compassion","laughter-compassion","ConcreteMismatch","PositiveMatch"
"515","676ef4be3ae6971bb695ff02","test_ValenceMatch_Negative","9","ValenceMatchingOnly","envy","mold","envy-mold","AbstractMismatch","NegativeMatch"
"516","676ef4be3ae6971bb695ff02","control_MaxMatch_Negative_Concrete","82","MaxMatch","mud","filth","mud-filth","ConcreteMatch","NegativeMatch"
"517","676ef4be3ae6971bb695ff02","control_Similar","79","SimilarControl","need","require","need-require","",""
"518","676ef4be3ae6971bb695ff02","control_MaxMatch_Positive_Abstract","66","MaxMatch","joy","inspiration","joy-inspiration","AbstractMatch","PositiveMatch"
"519","676ef4be3ae6971bb695ff02","control_MaxMatch_Negative_Abstract","27","MaxMatch","shame","envy","shame-envy","AbstractMatch","NegativeMatch"
"520","676ef4be3ae6971bb695ff02","control_MaxMatch_Positive_Concrete","24","MaxMatch","laughter","beach","laughter-beach","ConcreteMatch","PositiveMatch"
"521","645906dc264ac9eb66b7f3ec","control_Similar","95","SimilarControl","help","assist","help-assist","",""
"522","645906dc264ac9eb66b7f3ec","control_Dissimilar","13","DissimilarControl","open","close","open-close","",""
"523","645906dc264ac9eb66b7f3ec","control_MaxMatch_Negative_Abstract","80","MaxMatch","anxiety","despair","anxiety-despair","AbstractMatch","NegativeMatch"
"524","645906dc264ac9eb66b7f3ec","control_MaxMatch_Positive_Abstract","2","MaxMatch","gratitude","inspiration","gratitude-inspiration","AbstractMatch","PositiveMatch"
"525","645906dc264ac9eb66b7f3ec","test_ValenceMatch_Positive","0","ValenceMatchingOnly","chocolate","peace","chocolate-peace","ConcreteMismatch","PositiveMatch"
"526","645906dc264ac9eb66b7f3ec","control_Similar","98","SimilarControl","get","obtain","get-obtain","",""
"527","645906dc264ac9eb66b7f3ec","test_ConceptualMatch_Concrete","0","ConceptualMatchingOnly","sunshine","vomit","sunshine-vomit","ConceptualMatch:concrete","PositiveMismatch"
"528","645906dc264ac9eb66b7f3ec","control_Dissimilar","30","DissimilarControl","rise","fall","rise-fall","",""
"529","645906dc264ac9eb66b7f3ec","test_ValenceMatch_Negative","0","ValenceMatchingOnly","resentment","stench","resentment-stench","AbstractMismatch","NegativeMatch"
"530","645906dc264ac9eb66b7f3ec","control_MaxMatch_Negative_Concrete","34","MaxMatch","mold","stench","mold-stench","ConcreteMatch","NegativeMatch"
"531","645906dc264ac9eb66b7f3ec","test_ConceptualMatch_Abstract","0","ConceptualMatchingOnly","regret","peace","regret-peace","ConceptualMatch:abstract","NegativeMismatch"
"532","645906dc264ac9eb66b7f3ec","control_MaxMatch_Positive_Concrete","0","MaxMatch","laughter","flowers","laughter-flowers","ConcreteMatch","PositiveMatch"
"533","645906dc264ac9eb66b7f3ec","control_MaxMismatch","9","MaxMismatch","peace","smoke","peace-smoke","AbstractMismatch","PositiveMismatch"
"534","645906dc264ac9eb66b7f3ec","control_Similar","99","SimilarControl","need","require","need-require","",""
"535","645906dc264ac9eb66b7f3ec","control_Dissimilar","38","DissimilarControl","come","go","come-go","",""
"536","645906dc264ac9eb66b7f3ec","control_MaxMatch_Negative_Abstract","24","MaxMatch","lonliness","anxiety","lonliness-anxiety","AbstractMatch","NegativeMatch"
"537","645906dc264ac9eb66b7f3ec","control_MaxMatch_Positive_Abstract","84","MaxMatch","kindness","compassion","kindness-compassion","AbstractMatch","PositiveMatch"
"538","645906dc264ac9eb66b7f3ec","test_ValenceMatch_Positive","9","ValenceMatchingOnly","laughter","compassion","laughter-compassion","ConcreteMismatch","PositiveMatch"
"539","645906dc264ac9eb66b7f3ec","control_Similar","94","SimilarControl","speak","talk","speak-talk","",""
"540","645906dc264ac9eb66b7f3ec","test_ConceptualMatch_Concrete","4","ConceptualMatchingOnly","laughter","injury","laughter-injury","ConceptualMatch:concrete","PositiveMismatch"
"541","645906dc264ac9eb66b7f3ec","control_Dissimilar","23","DissimilarControl","give","take","give-take","",""
"542","645906dc264ac9eb66b7f3ec","test_ValenceMatch_Negative","0","ValenceMatchingOnly","guilt","rust","guilt-rust","AbstractMismatch","NegativeMatch"
"543","645906dc264ac9eb66b7f3ec","control_MaxMatch_Negative_Concrete","0","MaxMatch","vomit","rust","vomit-rust","ConcreteMatch","NegativeMatch"
"544","645906dc264ac9eb66b7f3ec","test_ConceptualMatch_Abstract","0","ConceptualMatchingOnly","guilt","freedom","guilt-freedom","ConceptualMatch:abstract","NegativeMismatch"
"545","645906dc264ac9eb66b7f3ec","control_MaxMatch_Positive_Concrete","0","MaxMatch","music","hug","music-hug","ConcreteMatch","PositiveMatch"
"546","645906dc264ac9eb66b7f3ec","control_MaxMismatch","6","MaxMismatch","freedom","filth","freedom-filth","AbstractMismatch","PositiveMismatch"
"547","645906dc264ac9eb66b7f3ec","control_Similar","92","SimilarControl","buy","purchase","buy-purchase","",""
"548","645906dc264ac9eb66b7f3ec","control_Dissimilar","31","DissimilarControl","arrive","leave","arrive-leave","",""
"549","645906dc264ac9eb66b7f3ec","control_MaxMatch_Negative_Abstract","3","MaxMatch","lonliness","resentment","lonliness-resentment","AbstractMatch","NegativeMatch"
"550","645906dc264ac9eb66b7f3ec","control_MaxMatch_Positive_Abstract","19","MaxMatch","joy","compassion","joy-compassion","AbstractMatch","PositiveMatch"
"551","645906dc264ac9eb66b7f3ec","test_ValenceMatch_Positive","0","ValenceMatchingOnly","beach","compassion","beach-compassion","ConcreteMismatch","PositiveMatch"
"552","645906dc264ac9eb66b7f3ec","control_Similar","71","SimilarControl","show","display","show-display","",""
"553","645906dc264ac9eb66b7f3ec","test_ConceptualMatch_Concrete","10","ConceptualMatchingOnly","laughter","smoke","laughter-smoke","ConceptualMatch:concrete","PositiveMismatch"
"554","645906dc264ac9eb66b7f3ec","control_Dissimilar","21","DissimilarControl","begin","end","begin-end","",""
"555","645906dc264ac9eb66b7f3ec","test_ValenceMatch_Negative","0","ValenceMatchingOnly","envy","garbage","envy-garbage","AbstractMismatch","NegativeMatch"
"556","645906dc264ac9eb66b7f3ec","control_MaxMatch_Negative_Concrete","0","MaxMatch","mud","rust","mud-rust","ConcreteMatch","NegativeMatch"
"557","645906dc264ac9eb66b7f3ec","test_ConceptualMatch_Abstract","7","ConceptualMatchingOnly","regret","compassion","regret-compassion","ConceptualMatch:abstract","NegativeMismatch"
"558","645906dc264ac9eb66b7f3ec","control_MaxMatch_Positive_Concrete","0","MaxMatch","beach","fireplace","beach-fireplace","ConcreteMatch","PositiveMatch"
"559","645906dc264ac9eb66b7f3ec","control_MaxMismatch","0","MaxMismatch","inspiration","filth","inspiration-filth","AbstractMismatch","PositiveMismatch"
"560","645906dc264ac9eb66b7f3ec","control_Similar","99","SimilarControl","end","finish","end-finish","",""
"561","645906dc264ac9eb66b7f3ec","control_Dissimilar","19","DissimilarControl","add","remove","add-remove","",""
"562","645906dc264ac9eb66b7f3ec","control_MaxMatch_Negative_Abstract","30","MaxMatch","lonliness","regret","lonliness-regret","AbstractMatch","NegativeMatch"
"563","645906dc264ac9eb66b7f3ec","control_MaxMatch_Positive_Abstract","69","MaxMatch","hope","kindness","hope-kindness","AbstractMatch","PositiveMatch"
"564","645906dc264ac9eb66b7f3ec","test_ValenceMatch_Positive","11","ValenceMatchingOnly","hug","joy","hug-joy","ConcreteMismatch","PositiveMatch"
"565","645906dc264ac9eb66b7f3ec","control_Similar","99","SimilarControl","begin","start","begin-start","",""
"566","645906dc264ac9eb66b7f3ec","test_ConceptualMatch_Concrete","0","ConceptualMatchingOnly","music","vomit","music-vomit","ConceptualMatch:concrete","PositiveMismatch"
"567","645906dc264ac9eb66b7f3ec","control_Dissimilar","29","DissimilarControl","increase","decrease","increase-decrease","",""
"568","645906dc264ac9eb66b7f3ec","test_ValenceMatch_Negative","26","ValenceMatchingOnly","lonliness","stench","lonliness-stench","AbstractMismatch","NegativeMatch"
"569","645906dc264ac9eb66b7f3ec","control_MaxMatch_Negative_Concrete","0","MaxMatch","vomit","injury","vomit-injury","ConcreteMatch","NegativeMatch"
"570","645906dc264ac9eb66b7f3ec","test_ConceptualMatch_Abstract","0","ConceptualMatchingOnly","lonliness","peace","lonliness-peace","ConceptualMatch:abstract","NegativeMismatch"
"571","645906dc264ac9eb66b7f3ec","control_MaxMatch_Positive_Concrete","0","MaxMatch","chocolate","fireplace","chocolate-fireplace","ConcreteMatch","PositiveMatch"
"572","645906dc264ac9eb66b7f3ec","control_MaxMismatch","6","MaxMismatch","gratitude","smoke","gratitude-smoke","AbstractMismatch","PositiveMismatch"
"573","645906dc264ac9eb66b7f3ec","control_Similar","99","SimilarControl","ask","inquire","ask-inquire","",""
"574","645906dc264ac9eb66b7f3ec","control_Dissimilar","30","DissimilarControl","push","pull","push-pull","",""
"575","645906dc264ac9eb66b7f3ec","control_MaxMatch_Negative_Abstract","5","MaxMatch","lonliness","failure","lonliness-failure","AbstractMatch","NegativeMatch"
"576","645906dc264ac9eb66b7f3ec","control_MaxMatch_Positive_Abstract","32","MaxMatch","joy","inspiration","joy-inspiration","AbstractMatch","PositiveMatch"
"577","645906dc264ac9eb66b7f3ec","test_ValenceMatch_Positive","25","ValenceMatchingOnly","laughter","inspiration","laughter-inspiration","ConcreteMismatch","PositiveMatch"
"578","645906dc264ac9eb66b7f3ec","control_Similar","99","SimilarControl","use","employ","use-employ","",""
"579","645906dc264ac9eb66b7f3ec","test_ConceptualMatch_Concrete","0","ConceptualMatchingOnly","home","vomit","home-vomit","ConceptualMatch:concrete","PositiveMismatch"
"580","645906dc264ac9eb66b7f3ec","control_Dissimilar","34","DissimilarControl","enter","exit","enter-exit","",""
"581","645906dc264ac9eb66b7f3ec","test_ValenceMatch_Negative","0","ValenceMatchingOnly","envy","vomit","envy-vomit","AbstractMismatch","NegativeMatch"
"582","645906dc264ac9eb66b7f3ec","control_MaxMatch_Negative_Concrete","24","MaxMatch","rot","filth","rot-filth","ConcreteMatch","NegativeMatch"
"583","645906dc264ac9eb66b7f3ec","test_ConceptualMatch_Abstract","0","ConceptualMatchingOnly","guilt","peace","guilt-peace","ConceptualMatch:abstract","NegativeMismatch"
"584","645906dc264ac9eb66b7f3ec","control_MaxMatch_Positive_Concrete","25","MaxMatch","laughter","hug","laughter-hug","ConcreteMatch","PositiveMatch"
"585","645906dc264ac9eb66b7f3ec","control_MaxMismatch","0","MaxMismatch","peace","garbage","peace-garbage","AbstractMismatch","PositiveMismatch"
"586","62826187ebe3120bdbfb60a1","control_Dissimilar","10","DissimilarControl","add","remove","add-remove","",""
"587","62826187ebe3120bdbfb60a1","control_Similar","92","SimilarControl","help","assist","help-assist","",""
"588","62826187ebe3120bdbfb60a1","test_ConceptualMatch_Concrete","0","ConceptualMatchingOnly","beach","vomit","beach-vomit","ConceptualMatch:concrete","PositiveMismatch"
"589","62826187ebe3120bdbfb60a1","control_Dissimilar","5","DissimilarControl","come","go","come-go","",""
"590","62826187ebe3120bdbfb60a1","control_MaxMatch_Negative_Concrete","74","MaxMatch","rot","rust","rot-rust","ConcreteMatch","NegativeMatch"
"591","62826187ebe3120bdbfb60a1","test_ValenceMatch_Positive","37","ValenceMatchingOnly","hug","joy","hug-joy","ConcreteMismatch","PositiveMatch"
"592","62826187ebe3120bdbfb60a1","control_MaxMatch_Negative_Abstract","68","MaxMatch","anxiety","grief","anxiety-grief","AbstractMatch","NegativeMatch"
"593","62826187ebe3120bdbfb60a1","test_ConceptualMatch_Abstract","33","ConceptualMatchingOnly","lonliness","love","lonliness-love","ConceptualMatch:abstract","NegativeMismatch"
"594","62826187ebe3120bdbfb60a1","control_Similar","82","SimilarControl","need","require","need-require","",""
"595","62826187ebe3120bdbfb60a1","control_MaxMismatch","8","MaxMismatch","inspiration","rot","inspiration-rot","AbstractMismatch","PositiveMismatch"
"596","62826187ebe3120bdbfb60a1","control_MaxMatch_Positive_Concrete","2","MaxMatch","hug","rain","hug-rain","ConcreteMatch","PositiveMatch"
"597","62826187ebe3120bdbfb60a1","control_MaxMatch_Positive_Abstract","67","MaxMatch","peace","inspiration","peace-inspiration","AbstractMatch","PositiveMatch"
"598","62826187ebe3120bdbfb60a1","test_ValenceMatch_Negative","67","ValenceMatchingOnly","lonliness","garbage","lonliness-garbage","AbstractMismatch","NegativeMatch"
"599","62826187ebe3120bdbfb60a1","control_Dissimilar","3","DissimilarControl","enter","exit","enter-exit","",""
"600","62826187ebe3120bdbfb60a1","control_Similar","82","SimilarControl","show","display","show-display","",""
"601","62826187ebe3120bdbfb60a1","test_ConceptualMatch_Concrete","0","ConceptualMatchingOnly","laughter","smoke","laughter-smoke","ConceptualMatch:concrete","PositiveMismatch"
"602","62826187ebe3120bdbfb60a1","control_Dissimilar","17","DissimilarControl","push","pull","push-pull","",""
"603","62826187ebe3120bdbfb60a1","control_MaxMatch_Negative_Concrete","19","MaxMatch","smoke","injury","smoke-injury","ConcreteMatch","NegativeMatch"
"604","62826187ebe3120bdbfb60a1","test_ValenceMatch_Positive","21","ValenceMatchingOnly","home","peace","home-peace","ConcreteMismatch","PositiveMatch"
"605","62826187ebe3120bdbfb60a1","control_MaxMatch_Negative_Abstract","86","MaxMatch","despair","grief","despair-grief","AbstractMatch","NegativeMatch"
"606","62826187ebe3120bdbfb60a1","test_ConceptualMatch_Abstract","0","ConceptualMatchingOnly","shame","happiness","shame-happiness","ConceptualMatch:abstract","NegativeMismatch"
"607","62826187ebe3120bdbfb60a1","control_Similar","65","SimilarControl","use","employ","use-employ","",""
"608","62826187ebe3120bdbfb60a1","control_MaxMismatch","0","MaxMismatch","happiness","mud","happiness-mud","AbstractMismatch","PositiveMismatch"
"609","62826187ebe3120bdbfb60a1","control_MaxMatch_Positive_Concrete","0","MaxMatch","music","fireplace","music-fireplace","ConcreteMatch","PositiveMatch"
"610","62826187ebe3120bdbfb60a1","control_MaxMatch_Positive_Abstract","67","MaxMatch","joy","peace","joy-peace","AbstractMatch","PositiveMatch"
"611","62826187ebe3120bdbfb60a1","test_ValenceMatch_Negative","61","ValenceMatchingOnly","anxiety","rust","anxiety-rust","AbstractMismatch","NegativeMatch"
"612","62826187ebe3120bdbfb60a1","control_Dissimilar","0","DissimilarControl","arrive","leave","arrive-leave","",""
"613","62826187ebe3120bdbfb60a1","control_Similar","99","SimilarControl","speak","talk","speak-talk","",""
"614","62826187ebe3120bdbfb60a1","test_ConceptualMatch_Concrete","0","ConceptualMatchingOnly","flowers","mud","flowers-mud","ConceptualMatch:concrete","PositiveMismatch"
"615","62826187ebe3120bdbfb60a1","control_Dissimilar","2","DissimilarControl","increase","decrease","increase-decrease","",""
"616","62826187ebe3120bdbfb60a1","control_MaxMatch_Negative_Concrete","90","MaxMatch","vomit","filth","vomit-filth","ConcreteMatch","NegativeMatch"
"617","62826187ebe3120bdbfb60a1","test_ValenceMatch_Positive","64","ValenceMatchingOnly","laughter","hope","laughter-hope","ConcreteMismatch","PositiveMatch"
"618","62826187ebe3120bdbfb60a1","control_MaxMatch_Negative_Abstract","92","MaxMatch","anxiety","despair","anxiety-despair","AbstractMatch","NegativeMatch"
"619","62826187ebe3120bdbfb60a1","test_ConceptualMatch_Abstract","0","ConceptualMatchingOnly","guilt","joy","guilt-joy","ConceptualMatch:abstract","NegativeMismatch"
"620","62826187ebe3120bdbfb60a1","control_Similar","96","SimilarControl","buy","purchase","buy-purchase","",""
"621","62826187ebe3120bdbfb60a1","control_MaxMismatch","0","MaxMismatch","compassion","garbage","compassion-garbage","AbstractMismatch","PositiveMismatch"
"622","62826187ebe3120bdbfb60a1","control_MaxMatch_Positive_Concrete","36","MaxMatch","sunshine","laughter","sunshine-laughter","ConcreteMatch","PositiveMatch"
"623","62826187ebe3120bdbfb60a1","control_MaxMatch_Positive_Abstract","74","MaxMatch","hope","joy","hope-joy","AbstractMatch","PositiveMatch"
"624","62826187ebe3120bdbfb60a1","test_ValenceMatch_Negative","61","ValenceMatchingOnly","guilt","mold","guilt-mold","AbstractMismatch","NegativeMatch"
"625","62826187ebe3120bdbfb60a1","control_Dissimilar","27","DissimilarControl","rise","fall","rise-fall","",""
"626","62826187ebe3120bdbfb60a1","control_Similar","92","SimilarControl","get","obtain","get-obtain","",""
"627","62826187ebe3120bdbfb60a1","test_ConceptualMatch_Concrete","0","ConceptualMatchingOnly","fireplace","vomit","fireplace-vomit","ConceptualMatch:concrete","PositiveMismatch"
"628","62826187ebe3120bdbfb60a1","control_Dissimilar","7","DissimilarControl","begin","end","begin-end","",""
"629","62826187ebe3120bdbfb60a1","control_MaxMatch_Negative_Concrete","34","MaxMatch","mud","rust","mud-rust","ConcreteMatch","NegativeMatch"
"630","62826187ebe3120bdbfb60a1","test_ValenceMatch_Positive","59","ValenceMatchingOnly","hug","happiness","hug-happiness","ConcreteMismatch","PositiveMatch"
"631","62826187ebe3120bdbfb60a1","control_MaxMatch_Negative_Abstract","75","MaxMatch","anxiety","guilt","anxiety-guilt","AbstractMatch","NegativeMatch"
"632","62826187ebe3120bdbfb60a1","test_ConceptualMatch_Abstract","0","ConceptualMatchingOnly","failure","gratitude","failure-gratitude","ConceptualMatch:abstract","NegativeMismatch"
"633","62826187ebe3120bdbfb60a1","control_Similar","87","SimilarControl","begin","start","begin-start","",""
"634","62826187ebe3120bdbfb60a1","control_MaxMismatch","34","MaxMismatch","love","filth","love-filth","AbstractMismatch","PositiveMismatch"
"635","62826187ebe3120bdbfb60a1","control_MaxMatch_Positive_Concrete","64","MaxMatch","laughter","music","laughter-music","ConcreteMatch","PositiveMatch"
"636","62826187ebe3120bdbfb60a1","control_MaxMatch_Positive_Abstract","78","MaxMatch","kindness","inspiration","kindness-inspiration","AbstractMatch","PositiveMatch"
"637","62826187ebe3120bdbfb60a1","test_ValenceMatch_Negative","61","ValenceMatchingOnly","shame","garbage","shame-garbage","AbstractMismatch","NegativeMatch"
"638","62826187ebe3120bdbfb60a1","control_Dissimilar","0","DissimilarControl","open","close","open-close","",""
"639","62826187ebe3120bdbfb60a1","control_Similar","82","SimilarControl","end","finish","end-finish","",""
"640","62826187ebe3120bdbfb60a1","test_ConceptualMatch_Concrete","0","ConceptualMatchingOnly","rain","rust","rain-rust","ConceptualMatch:concrete","PositiveMismatch"
"641","62826187ebe3120bdbfb60a1","control_Dissimilar","0","DissimilarControl","give","take","give-take","",""
"642","62826187ebe3120bdbfb60a1","control_MaxMatch_Negative_Concrete","78","MaxMatch","stench","filth","stench-filth","ConcreteMatch","NegativeMatch"
"643","62826187ebe3120bdbfb60a1","test_ValenceMatch_Positive","0","ValenceMatchingOnly","chocolate","compassion","chocolate-compassion","ConcreteMismatch","PositiveMatch"
"644","62826187ebe3120bdbfb60a1","control_MaxMatch_Negative_Abstract","61","MaxMatch","resentment","failure","resentment-failure","AbstractMatch","NegativeMatch"
"645","62826187ebe3120bdbfb60a1","test_ConceptualMatch_Abstract","0","ConceptualMatchingOnly","resentment","hope","resentment-hope","ConceptualMatch:abstract","NegativeMismatch"
"646","62826187ebe3120bdbfb60a1","control_Similar","80","SimilarControl","ask","inquire","ask-inquire","",""
"647","62826187ebe3120bdbfb60a1","control_MaxMismatch","0","MaxMismatch","hope","vomit","hope-vomit","AbstractMismatch","PositiveMismatch"
"648","62826187ebe3120bdbfb60a1","control_MaxMatch_Positive_Concrete","0","MaxMatch","home","rain","home-rain","ConcreteMatch","PositiveMatch"
"649","62826187ebe3120bdbfb60a1","control_MaxMatch_Positive_Abstract","64","MaxMatch","love","joy","love-joy","AbstractMatch","PositiveMatch"
"650","62826187ebe3120bdbfb60a1","test_ValenceMatch_Negative","61","ValenceMatchingOnly","envy","injury","envy-injury","AbstractMismatch","NegativeMatch"
"651","657f8d99678be2d216a85c3d","control_Similar","84","SimilarControl","show","display","show-display","",""
"652","657f8d99678be2d216a85c3d","control_Dissimilar","0","DissimilarControl","enter","exit","enter-exit","",""
"653","657f8d99678be2d216a85c3d","control_MaxMismatch","14","MaxMismatch","love","mud","love-mud","AbstractMismatch","PositiveMismatch"
"654","657f8d99678be2d216a85c3d","test_ValenceMatch_Positive","65","ValenceMatchingOnly","home","gratitude","home-gratitude","ConcreteMismatch","PositiveMatch"
"655","657f8d99678be2d216a85c3d","control_Similar","99","SimilarControl","end","finish","end-finish","",""
"656","657f8d99678be2d216a85c3d","test_ConceptualMatch_Concrete","11","ConceptualMatchingOnly","laughter","smoke","laughter-smoke","ConceptualMatch:concrete","PositiveMismatch"
"657","657f8d99678be2d216a85c3d","control_MaxMatch_Positive_Abstract","70","MaxMatch","joy","compassion","joy-compassion","AbstractMatch","PositiveMatch"
"658","657f8d99678be2d216a85c3d","control_MaxMatch_Negative_Concrete","65","MaxMatch","vomit","injury","vomit-injury","ConcreteMatch","NegativeMatch"
"659","657f8d99678be2d216a85c3d","control_Dissimilar","88","DissimilarControl","come","go","come-go","",""
"660","657f8d99678be2d216a85c3d","test_ValenceMatch_Negative","65","ValenceMatchingOnly","regret","injury","regret-injury","AbstractMismatch","NegativeMatch"
"661","657f8d99678be2d216a85c3d","control_MaxMatch_Positive_Concrete","75","MaxMatch","sunshine","beach","sunshine-beach","ConcreteMatch","PositiveMatch"
"662","657f8d99678be2d216a85c3d","control_MaxMatch_Negative_Abstract","79","MaxMatch","guilt","grief","guilt-grief","AbstractMatch","NegativeMatch"
"663","657f8d99678be2d216a85c3d","test_ConceptualMatch_Abstract","9","ConceptualMatchingOnly","failure","inspiration","failure-inspiration","ConceptualMatch:abstract","NegativeMismatch"
"664","657f8d99678be2d216a85c3d","control_Similar","99","SimilarControl","begin","start","begin-start","",""
"665","657f8d99678be2d216a85c3d","control_Dissimilar","0","DissimilarControl","arrive","leave","arrive-leave","",""
"666","657f8d99678be2d216a85c3d","control_MaxMismatch","11","MaxMismatch","joy","rust","joy-rust","AbstractMismatch","PositiveMismatch"
"667","657f8d99678be2d216a85c3d","test_ValenceMatch_Positive","74","ValenceMatchingOnly","sunshine","joy","sunshine-joy","ConcreteMismatch","PositiveMatch"
"668","657f8d99678be2d216a85c3d","control_Similar","89","SimilarControl","use","employ","use-employ","",""
"669","657f8d99678be2d216a85c3d","test_ConceptualMatch_Concrete","8","ConceptualMatchingOnly","flowers","filth","flowers-filth","ConceptualMatch:concrete","PositiveMismatch"
"670","657f8d99678be2d216a85c3d","control_MaxMatch_Positive_Abstract","73","MaxMatch","hope","gratitude","hope-gratitude","AbstractMatch","PositiveMatch"
"671","657f8d99678be2d216a85c3d","control_MaxMatch_Negative_Concrete","70","MaxMatch","smoke","filth","smoke-filth","ConcreteMatch","NegativeMatch"
"672","657f8d99678be2d216a85c3d","control_Dissimilar","0","DissimilarControl","open","close","open-close","",""
"673","657f8d99678be2d216a85c3d","test_ValenceMatch_Negative","25","ValenceMatchingOnly","envy","vomit","envy-vomit","AbstractMismatch","NegativeMatch"
"674","657f8d99678be2d216a85c3d","control_MaxMatch_Positive_Concrete","39","MaxMatch","flowers","beach","flowers-beach","ConcreteMatch","PositiveMatch"
"675","657f8d99678be2d216a85c3d","control_MaxMatch_Negative_Abstract","65","MaxMatch","lonliness","guilt","lonliness-guilt","AbstractMatch","NegativeMatch"
"676","657f8d99678be2d216a85c3d","test_ConceptualMatch_Abstract","32","ConceptualMatchingOnly","lonliness","hope","lonliness-hope","ConceptualMatch:abstract","NegativeMismatch"
"677","657f8d99678be2d216a85c3d","control_Similar","99","SimilarControl","help","assist","help-assist","",""
"678","657f8d99678be2d216a85c3d","control_Dissimilar","19","DissimilarControl","push","pull","push-pull","",""
"679","657f8d99678be2d216a85c3d","control_MaxMismatch","11","MaxMismatch","love","vomit","love-vomit","AbstractMismatch","PositiveMismatch"
"680","657f8d99678be2d216a85c3d","test_ValenceMatch_Positive","52","ValenceMatchingOnly","beach","inspiration","beach-inspiration","ConcreteMismatch","PositiveMatch"
"681","657f8d99678be2d216a85c3d","control_Similar","99","SimilarControl","buy","purchase","buy-purchase","",""
"682","657f8d99678be2d216a85c3d","test_ConceptualMatch_Concrete","5","ConceptualMatchingOnly","beach","rust","beach-rust","ConceptualMatch:concrete","PositiveMismatch"
"683","657f8d99678be2d216a85c3d","control_MaxMatch_Positive_Abstract","80","MaxMatch","hope","freedom","hope-freedom","AbstractMatch","PositiveMatch"
"684","657f8d99678be2d216a85c3d","control_MaxMatch_Negative_Concrete","34","MaxMatch","mud","rust","mud-rust","ConcreteMatch","NegativeMatch"
"685","657f8d99678be2d216a85c3d","control_Dissimilar","0","DissimilarControl","add","remove","add-remove","",""
"686","657f8d99678be2d216a85c3d","test_ValenceMatch_Negative","51","ValenceMatchingOnly","lonliness","injury","lonliness-injury","AbstractMismatch","NegativeMatch"
"687","657f8d99678be2d216a85c3d","control_MaxMatch_Positive_Concrete","52","MaxMatch","sunshine","flowers","sunshine-flowers","ConcreteMatch","PositiveMatch"
"688","657f8d99678be2d216a85c3d","control_MaxMatch_Negative_Abstract","70","MaxMatch","lonliness","shame","lonliness-shame","AbstractMatch","NegativeMatch"
"689","657f8d99678be2d216a85c3d","test_ConceptualMatch_Abstract","32","ConceptualMatchingOnly","guilt","gratitude","guilt-gratitude","ConceptualMatch:abstract","NegativeMismatch"
"690","657f8d99678be2d216a85c3d","control_Similar","99","SimilarControl","ask","inquire","ask-inquire","",""
"691","657f8d99678be2d216a85c3d","control_Dissimilar","0","DissimilarControl","increase","decrease","increase-decrease","",""
"692","657f8d99678be2d216a85c3d","control_MaxMismatch","11","MaxMismatch","inspiration","injury","inspiration-injury","AbstractMismatch","PositiveMismatch"
"693","657f8d99678be2d216a85c3d","test_ValenceMatch_Positive","72","ValenceMatchingOnly","hug","gratitude","hug-gratitude","ConcreteMismatch","PositiveMatch"
"694","657f8d99678be2d216a85c3d","control_Similar","99","SimilarControl","speak","talk","speak-talk","",""
"695","657f8d99678be2d216a85c3d","test_ConceptualMatch_Concrete","73","ConceptualMatchingOnly","rain","mud","rain-mud","ConceptualMatch:concrete","PositiveMismatch"
"696","657f8d99678be2d216a85c3d","control_MaxMatch_Positive_Abstract","86","MaxMatch","love","joy","love-joy","AbstractMatch","PositiveMatch"
"697","657f8d99678be2d216a85c3d","control_MaxMatch_Negative_Concrete","54","MaxMatch","smoke","rust","smoke-rust","ConcreteMatch","NegativeMatch"
"698","657f8d99678be2d216a85c3d","control_Dissimilar","0","DissimilarControl","begin","end","begin-end","",""
"699","657f8d99678be2d216a85c3d","test_ValenceMatch_Negative","46","ValenceMatchingOnly","grief","garbage","grief-garbage","AbstractMismatch","NegativeMatch"
"700","657f8d99678be2d216a85c3d","control_MaxMatch_Positive_Concrete","52","MaxMatch","music","home","music-home","ConcreteMatch","PositiveMatch"
"701","657f8d99678be2d216a85c3d","control_MaxMatch_Negative_Abstract","77","MaxMatch","anxiety","grief","anxiety-grief","AbstractMatch","NegativeMatch"
"702","657f8d99678be2d216a85c3d","test_ConceptualMatch_Abstract","63","ConceptualMatchingOnly","anxiety","love","anxiety-love","ConceptualMatch:abstract","NegativeMismatch"
"703","657f8d99678be2d216a85c3d","control_Similar","94","SimilarControl","get","obtain","get-obtain","",""
"704","657f8d99678be2d216a85c3d","control_Dissimilar","15","DissimilarControl","give","take","give-take","",""
"705","657f8d99678be2d216a85c3d","control_MaxMismatch","0","MaxMismatch","kindness","vomit","kindness-vomit","AbstractMismatch","PositiveMismatch"
"706","657f8d99678be2d216a85c3d","test_ValenceMatch_Positive","69","ValenceMatchingOnly","hug","compassion","hug-compassion","ConcreteMismatch","PositiveMatch"
"707","657f8d99678be2d216a85c3d","control_Similar","99","SimilarControl","need","require","need-require","",""
"708","657f8d99678be2d216a85c3d","test_ConceptualMatch_Concrete","19","ConceptualMatchingOnly","rain","vomit","rain-vomit","ConceptualMatch:concrete","PositiveMismatch"
"709","657f8d99678be2d216a85c3d","control_MaxMatch_Positive_Abstract","74","MaxMatch","hope","kindness","hope-kindness","AbstractMatch","PositiveMatch"
"710","657f8d99678be2d216a85c3d","control_MaxMatch_Negative_Concrete","65","MaxMatch","rust","mold","rust-mold","ConcreteMatch","NegativeMatch"
"711","657f8d99678be2d216a85c3d","control_Dissimilar","3","DissimilarControl","rise","fall","rise-fall","",""
"712","657f8d99678be2d216a85c3d","test_ValenceMatch_Negative","26","ValenceMatchingOnly","shame","injury","shame-injury","AbstractMismatch","NegativeMatch"
"713","657f8d99678be2d216a85c3d","control_MaxMatch_Positive_Concrete","47","MaxMatch","laughter","chocolate","laughter-chocolate","ConcreteMatch","PositiveMatch"
"714","657f8d99678be2d216a85c3d","control_MaxMatch_Negative_Abstract","74","MaxMatch","failure","shame","failure-shame","AbstractMatch","NegativeMatch"
"715","657f8d99678be2d216a85c3d","test_ConceptualMatch_Abstract","12","ConceptualMatchingOnly","envy","joy","envy-joy","ConceptualMatch:abstract","NegativeMismatch"
"716","6526c3297277ece1f3273549","control_Similar","0","SimilarControl","end","finish","end-finish","",""
"717","6526c3297277ece1f3273549","control_Dissimilar","0","DissimilarControl","add","remove","add-remove","",""
"718","6526c3297277ece1f3273549","test_ValenceMatch_Negative","55","ValenceMatchingOnly","failure","injury","failure-injury","AbstractMismatch","NegativeMatch"
"719","6526c3297277ece1f3273549","control_MaxMatch_Positive_Concrete","8","MaxMatch","flowers","chocolate","flowers-chocolate","ConcreteMatch","PositiveMatch"
"720","6526c3297277ece1f3273549","control_MaxMatch_Positive_Abstract","25","MaxMatch","freedom","gratitude","freedom-gratitude","AbstractMatch","PositiveMatch"
"721","6526c3297277ece1f3273549","test_ConceptualMatch_Concrete","0","ConceptualMatchingOnly","sunshine","mud","sunshine-mud","ConceptualMatch:concrete","PositiveMismatch"
"722","6526c3297277ece1f3273549","control_MaxMatch_Negative_Concrete","0","MaxMatch","vomit","mold","vomit-mold","ConcreteMatch","NegativeMatch"
"723","6526c3297277ece1f3273549","control_Similar","99","SimilarControl","speak","talk","speak-talk","",""
"724","6526c3297277ece1f3273549","test_ValenceMatch_Positive","0","ValenceMatchingOnly","beach","peace","beach-peace","ConcreteMismatch","PositiveMatch"
"725","6526c3297277ece1f3273549","control_MaxMatch_Negative_Abstract","63","MaxMatch","anxiety","guilt","anxiety-guilt","AbstractMatch","NegativeMatch"
"726","6526c3297277ece1f3273549","control_Dissimilar","21","DissimilarControl","enter","exit","enter-exit","",""
"727","6526c3297277ece1f3273549","control_MaxMismatch","0","MaxMismatch","freedom","stench","freedom-stench","AbstractMismatch","PositiveMismatch"
"728","6526c3297277ece1f3273549","test_ConceptualMatch_Abstract","0","ConceptualMatchingOnly","guilt","inspiration","guilt-inspiration","ConceptualMatch:abstract","NegativeMismatch"
"729","6526c3297277ece1f3273549","control_Similar","99","SimilarControl","buy","purchase","buy-purchase","",""
"730","6526c3297277ece1f3273549","control_Dissimilar","47","DissimilarControl","open","close","open-close","",""
"731","6526c3297277ece1f3273549","test_ValenceMatch_Negative","0","ValenceMatchingOnly","despair","stench","despair-stench","AbstractMismatch","NegativeMatch"
"732","6526c3297277ece1f3273549","control_MaxMatch_Positive_Concrete","0","MaxMatch","chocolate","fireplace","chocolate-fireplace","ConcreteMatch","PositiveMatch"
"733","6526c3297277ece1f3273549","control_MaxMatch_Positive_Abstract","61","MaxMatch","freedom","happiness","freedom-happiness","AbstractMatch","PositiveMatch"
"734","6526c3297277ece1f3273549","test_ConceptualMatch_Concrete","0","ConceptualMatchingOnly","laughter","garbage","laughter-garbage","ConceptualMatch:concrete","PositiveMismatch"
"735","6526c3297277ece1f3273549","control_MaxMatch_Negative_Concrete","8","MaxMatch","smoke","garbage","smoke-garbage","ConcreteMatch","NegativeMatch"
"736","6526c3297277ece1f3273549","control_Similar","99","SimilarControl","get","obtain","get-obtain","",""
"737","6526c3297277ece1f3273549","test_ValenceMatch_Positive","0","ValenceMatchingOnly","sunshine","inspiration","sunshine-inspiration","ConcreteMismatch","PositiveMatch"
"738","6526c3297277ece1f3273549","control_MaxMatch_Negative_Abstract","0","MaxMatch","anxiety","resentment","anxiety-resentment","AbstractMatch","NegativeMatch"
"739","6526c3297277ece1f3273549","control_Dissimilar","44","DissimilarControl","increase","decrease","increase-decrease","",""
"740","6526c3297277ece1f3273549","control_MaxMismatch","0","MaxMismatch","gratitude","stench","gratitude-stench","AbstractMismatch","PositiveMismatch"
"741","6526c3297277ece1f3273549","test_ConceptualMatch_Abstract","10","ConceptualMatchingOnly","resentment","compassion","resentment-compassion","ConceptualMatch:abstract","NegativeMismatch"
"742","6526c3297277ece1f3273549","control_Similar","99","SimilarControl","ask","inquire","ask-inquire","",""
"743","6526c3297277ece1f3273549","control_Dissimilar","43","DissimilarControl","come","go","come-go","",""
"744","6526c3297277ece1f3273549","test_ValenceMatch_Negative","0","ValenceMatchingOnly","anxiety","rust","anxiety-rust","AbstractMismatch","NegativeMatch"
"745","6526c3297277ece1f3273549","control_MaxMatch_Positive_Concrete","0","MaxMatch","beach","fireplace","beach-fireplace","ConcreteMatch","PositiveMatch"
"746","6526c3297277ece1f3273549","control_MaxMatch_Positive_Abstract","54","MaxMatch","joy","kindness","joy-kindness","AbstractMatch","PositiveMatch"
"747","6526c3297277ece1f3273549","test_ConceptualMatch_Concrete","0","ConceptualMatchingOnly","home","mold","home-mold","ConceptualMatch:concrete","PositiveMismatch"
"748","6526c3297277ece1f3273549","control_MaxMatch_Negative_Concrete","0","MaxMatch","smoke","mold","smoke-mold","ConcreteMatch","NegativeMatch"
"749","6526c3297277ece1f3273549","control_Similar","92","SimilarControl","need","require","need-require","",""
"750","6526c3297277ece1f3273549","test_ValenceMatch_Positive","0","ValenceMatchingOnly","beach","kindness","beach-kindness","ConcreteMismatch","PositiveMatch"
"751","6526c3297277ece1f3273549","control_MaxMatch_Negative_Abstract","0","MaxMatch","regret","grief","regret-grief","AbstractMatch","NegativeMatch"
"752","6526c3297277ece1f3273549","control_Dissimilar","43","DissimilarControl","give","take","give-take","",""
"753","6526c3297277ece1f3273549","control_MaxMismatch","0","MaxMismatch","love","stench","love-stench","AbstractMismatch","PositiveMismatch"
"754","6526c3297277ece1f3273549","test_ConceptualMatch_Abstract","0","ConceptualMatchingOnly","shame","happiness","shame-happiness","ConceptualMatch:abstract","NegativeMismatch"
"755","6526c3297277ece1f3273549","control_Similar","86","SimilarControl","show","display","show-display","",""
"756","6526c3297277ece1f3273549","control_Dissimilar","41","DissimilarControl","rise","fall","rise-fall","",""
"757","6526c3297277ece1f3273549","test_ValenceMatch_Negative","0","ValenceMatchingOnly","failure","filth","failure-filth","AbstractMismatch","NegativeMatch"
"758","6526c3297277ece1f3273549","control_MaxMatch_Positive_Concrete","0","MaxMatch","hug","chocolate","hug-chocolate","ConcreteMatch","PositiveMatch"
"759","6526c3297277ece1f3273549","control_MaxMatch_Positive_Abstract","0","MaxMatch","freedom","compassion","freedom-compassion","AbstractMatch","PositiveMatch"
"760","6526c3297277ece1f3273549","test_ConceptualMatch_Concrete","0","ConceptualMatchingOnly","chocolate","mud","chocolate-mud","ConceptualMatch:concrete","PositiveMismatch"
"761","6526c3297277ece1f3273549","control_MaxMatch_Negative_Concrete","0","MaxMatch","injury","stench","injury-stench","ConcreteMatch","NegativeMatch"
"762","6526c3297277ece1f3273549","control_Similar","45","SimilarControl","begin","start","begin-start","",""
"763","6526c3297277ece1f3273549","test_ValenceMatch_Positive","0","ValenceMatchingOnly","music","freedom","music-freedom","ConcreteMismatch","PositiveMatch"
"764","6526c3297277ece1f3273549","control_MaxMatch_Negative_Abstract","0","MaxMatch","despair","failure","despair-failure","AbstractMatch","NegativeMatch"
"765","6526c3297277ece1f3273549","control_Dissimilar","43","DissimilarControl","push","pull","push-pull","",""
"766","6526c3297277ece1f3273549","control_MaxMismatch","0","MaxMismatch","peace","stench","peace-stench","AbstractMismatch","PositiveMismatch"
"767","6526c3297277ece1f3273549","test_ConceptualMatch_Abstract","0","ConceptualMatchingOnly","regret","happiness","regret-happiness","ConceptualMatch:abstract","NegativeMismatch"
"768","6526c3297277ece1f3273549","control_Similar","99","SimilarControl","help","assist","help-assist","",""
"769","6526c3297277ece1f3273549","control_Dissimilar","45","DissimilarControl","arrive","leave","arrive-leave","",""
"770","6526c3297277ece1f3273549","test_ValenceMatch_Negative","0","ValenceMatchingOnly","failure","mud","failure-mud","AbstractMismatch","NegativeMatch"
"771","6526c3297277ece1f3273549","control_MaxMatch_Positive_Concrete","0","MaxMatch","beach","rain","beach-rain","ConcreteMatch","PositiveMatch"
"772","6526c3297277ece1f3273549","control_MaxMatch_Positive_Abstract","61","MaxMatch","love","gratitude","love-gratitude","AbstractMatch","PositiveMatch"
"773","6526c3297277ece1f3273549","test_ConceptualMatch_Concrete","0","ConceptualMatchingOnly","beach","filth","beach-filth","ConceptualMatch:concrete","PositiveMismatch"
"774","6526c3297277ece1f3273549","control_MaxMatch_Negative_Concrete","58","MaxMatch","mold","stench","mold-stench","ConcreteMatch","NegativeMatch"
"775","6526c3297277ece1f3273549","control_Similar","76","SimilarControl","use","employ","use-employ","",""
"776","6526c3297277ece1f3273549","test_ValenceMatch_Positive","0","ValenceMatchingOnly","beach","happiness","beach-happiness","ConcreteMismatch","PositiveMatch"
"777","6526c3297277ece1f3273549","control_MaxMatch_Negative_Abstract","0","MaxMatch","grief","shame","grief-shame","AbstractMatch","NegativeMatch"
"778","6526c3297277ece1f3273549","control_Dissimilar","45","DissimilarControl","begin","end","begin-end","",""
"779","6526c3297277ece1f3273549","control_MaxMismatch","0","MaxMismatch","inspiration","mold","inspiration-mold","AbstractMismatch","PositiveMismatch"
"780","6526c3297277ece1f3273549","test_ConceptualMatch_Abstract","0","ConceptualMatchingOnly","guilt","joy","guilt-joy","ConceptualMatch:abstract","NegativeMismatch"
"781","655a395e2828d333bae0ea4b","control_Dissimilar","0","DissimilarControl","come","go","come-go","",""
"782","655a395e2828d333bae0ea4b","control_Similar","99","SimilarControl","buy","purchase","buy-purchase","",""
"783","655a395e2828d333bae0ea4b","test_ConceptualMatch_Concrete","0","ConceptualMatchingOnly","rain","vomit","rain-vomit","ConceptualMatch:concrete","PositiveMismatch"
"784","655a395e2828d333bae0ea4b","control_Dissimilar","0","DissimilarControl","give","take","give-take","",""
"785","655a395e2828d333bae0ea4b","control_Similar","99","SimilarControl","need","require","need-require","",""
"786","655a395e2828d333bae0ea4b","test_ValenceMatch_Negative","0","ValenceMatchingOnly","envy","filth","envy-filth","AbstractMismatch","NegativeMatch"
"787","655a395e2828d333bae0ea4b","test_ConceptualMatch_Abstract","0","ConceptualMatchingOnly","resentment","joy","resentment-joy","ConceptualMatch:abstract","NegativeMismatch"
"788","655a395e2828d333bae0ea4b","control_MaxMatch_Positive_Abstract","99","MaxMatch","joy","compassion","joy-compassion","AbstractMatch","PositiveMatch"
"789","655a395e2828d333bae0ea4b","control_MaxMatch_Negative_Abstract","0","MaxMatch","lonliness","failure","lonliness-failure","AbstractMatch","NegativeMatch"
"790","655a395e2828d333bae0ea4b","control_MaxMatch_Positive_Concrete","0","MaxMatch","music","hug","music-hug","ConcreteMatch","PositiveMatch"
"791","655a395e2828d333bae0ea4b","control_MaxMatch_Negative_Concrete","1","MaxMatch","smoke","vomit","smoke-vomit","ConcreteMatch","NegativeMatch"
"792","655a395e2828d333bae0ea4b","test_ValenceMatch_Positive","99","ValenceMatchingOnly","hug","gratitude","hug-gratitude","ConcreteMismatch","PositiveMatch"
"793","655a395e2828d333bae0ea4b","control_MaxMismatch","0","MaxMismatch","peace","rot","peace-rot","AbstractMismatch","PositiveMismatch"
"794","655a395e2828d333bae0ea4b","control_Dissimilar","0","DissimilarControl","open","close","open-close","",""
"795","655a395e2828d333bae0ea4b","control_Similar","99","SimilarControl","ask","inquire","ask-inquire","",""
"796","655a395e2828d333bae0ea4b","test_ConceptualMatch_Concrete","0","ConceptualMatchingOnly","sunshine","filth","sunshine-filth","ConceptualMatch:concrete","PositiveMismatch"
"797","655a395e2828d333bae0ea4b","control_Dissimilar","0","DissimilarControl","begin","end","begin-end","",""
"798","655a395e2828d333bae0ea4b","control_Similar","99","SimilarControl","show","display","show-display","",""
"799","655a395e2828d333bae0ea4b","test_ValenceMatch_Negative","0","ValenceMatchingOnly","regret","rust","regret-rust","AbstractMismatch","NegativeMatch"
"800","655a395e2828d333bae0ea4b","test_ConceptualMatch_Abstract","0","ConceptualMatchingOnly","guilt","peace","guilt-peace","ConceptualMatch:abstract","NegativeMismatch"
"801","655a395e2828d333bae0ea4b","control_MaxMatch_Positive_Abstract","99","MaxMatch","hope","freedom","hope-freedom","AbstractMatch","PositiveMatch"
"802","655a395e2828d333bae0ea4b","control_MaxMatch_Negative_Abstract","99","MaxMatch","despair","grief","despair-grief","AbstractMatch","NegativeMatch"
"803","655a395e2828d333bae0ea4b","control_MaxMatch_Positive_Concrete","0","MaxMatch","sunshine","home","sunshine-home","ConcreteMatch","PositiveMatch"
"804","655a395e2828d333bae0ea4b","control_MaxMatch_Negative_Concrete","0","MaxMatch","smoke","rot","smoke-rot","ConcreteMatch","NegativeMatch"
"805","655a395e2828d333bae0ea4b","test_ValenceMatch_Positive","99","ValenceMatchingOnly","hug","peace","hug-peace","ConcreteMismatch","PositiveMatch"
"806","655a395e2828d333bae0ea4b","control_MaxMismatch","0","MaxMismatch","kindness","mold","kindness-mold","AbstractMismatch","PositiveMismatch"
"807","655a395e2828d333bae0ea4b","control_Dissimilar","0","DissimilarControl","rise","fall","rise-fall","",""
"808","655a395e2828d333bae0ea4b","control_Similar","99","SimilarControl","speak","talk","speak-talk","",""
"809","655a395e2828d333bae0ea4b","test_ConceptualMatch_Concrete","0","ConceptualMatchingOnly","laughter","injury","laughter-injury","ConceptualMatch:concrete","PositiveMismatch"
"810","655a395e2828d333bae0ea4b","control_Dissimilar","0","DissimilarControl","arrive","leave","arrive-leave","",""
"811","655a395e2828d333bae0ea4b","control_Similar","0","SimilarControl","use","employ","use-employ","",""
"812","655a395e2828d333bae0ea4b","test_ValenceMatch_Negative","0","ValenceMatchingOnly","shame","rust","shame-rust","AbstractMismatch","NegativeMatch"
"813","655a395e2828d333bae0ea4b","test_ConceptualMatch_Abstract","0","ConceptualMatchingOnly","grief","kindness","grief-kindness","ConceptualMatch:abstract","NegativeMismatch"
"814","655a395e2828d333bae0ea4b","control_MaxMatch_Positive_Abstract","99","MaxMatch","happiness","gratitude","happiness-gratitude","AbstractMatch","PositiveMatch"
"815","655a395e2828d333bae0ea4b","control_MaxMatch_Negative_Abstract","0","MaxMatch","lonliness","resentment","lonliness-resentment","AbstractMatch","NegativeMatch"
"816","655a395e2828d333bae0ea4b","control_MaxMatch_Positive_Concrete","0","MaxMatch","sunshine","music","sunshine-music","ConcreteMatch","PositiveMatch"
"817","655a395e2828d333bae0ea4b","control_MaxMatch_Negative_Concrete","0","MaxMatch","mud","vomit","mud-vomit","ConcreteMatch","NegativeMatch"
"818","655a395e2828d333bae0ea4b","test_ValenceMatch_Positive","0","ValenceMatchingOnly","beach","gratitude","beach-gratitude","ConcreteMismatch","PositiveMatch"
"819","655a395e2828d333bae0ea4b","control_MaxMismatch","0","MaxMismatch","joy","stench","joy-stench","AbstractMismatch","PositiveMismatch"
"820","655a395e2828d333bae0ea4b","control_Dissimilar","0","DissimilarControl","push","pull","push-pull","",""
"821","655a395e2828d333bae0ea4b","control_Similar","99","SimilarControl","begin","start","begin-start","",""
"822","655a395e2828d333bae0ea4b","test_ConceptualMatch_Concrete","12","ConceptualMatchingOnly","home","stench","home-stench","ConceptualMatch:concrete","PositiveMismatch"
"823","655a395e2828d333bae0ea4b","control_Dissimilar","24","DissimilarControl","increase","decrease","increase-decrease","",""
"824","655a395e2828d333bae0ea4b","control_Similar","99","SimilarControl","get","obtain","get-obtain","",""
"825","655a395e2828d333bae0ea4b","test_ValenceMatch_Negative","0","ValenceMatchingOnly","failure","stench","failure-stench","AbstractMismatch","NegativeMatch"
"826","655a395e2828d333bae0ea4b","test_ConceptualMatch_Abstract","17","ConceptualMatchingOnly","shame","compassion","shame-compassion","ConceptualMatch:abstract","NegativeMismatch"
"827","655a395e2828d333bae0ea4b","control_MaxMatch_Positive_Abstract","99","MaxMatch","kindness","gratitude","kindness-gratitude","AbstractMatch","PositiveMatch"
"828","655a395e2828d333bae0ea4b","control_MaxMatch_Negative_Abstract","18","MaxMatch","despair","failure","despair-failure","AbstractMatch","NegativeMatch"
"829","655a395e2828d333bae0ea4b","control_MaxMatch_Positive_Concrete","13","MaxMatch","music","beach","music-beach","ConcreteMatch","PositiveMatch"
"830","655a395e2828d333bae0ea4b","control_MaxMatch_Negative_Concrete","27","MaxMatch","mold","stench","mold-stench","ConcreteMatch","NegativeMatch"
"831","655a395e2828d333bae0ea4b","test_ValenceMatch_Positive","22","ValenceMatchingOnly","music","compassion","music-compassion","ConcreteMismatch","PositiveMatch"
"832","655a395e2828d333bae0ea4b","control_MaxMismatch","0","MaxMismatch","love","stench","love-stench","AbstractMismatch","PositiveMismatch"
"833","655a395e2828d333bae0ea4b","control_Dissimilar","19","DissimilarControl","enter","exit","enter-exit","",""
"834","655a395e2828d333bae0ea4b","control_Similar","99","SimilarControl","help","assist","help-assist","",""
"835","655a395e2828d333bae0ea4b","test_ConceptualMatch_Concrete","0","ConceptualMatchingOnly","rain","garbage","rain-garbage","ConceptualMatch:concrete","PositiveMismatch"
"836","655a395e2828d333bae0ea4b","control_Dissimilar","19","DissimilarControl","add","remove","add-remove","",""
"837","655a395e2828d333bae0ea4b","control_Similar","99","SimilarControl","end","finish","end-finish","",""
"838","655a395e2828d333bae0ea4b","test_ValenceMatch_Negative","16","ValenceMatchingOnly","lonliness","stench","lonliness-stench","AbstractMismatch","NegativeMatch"
"839","655a395e2828d333bae0ea4b","test_ConceptualMatch_Abstract","16","ConceptualMatchingOnly","despair","inspiration","despair-inspiration","ConceptualMatch:abstract","NegativeMismatch"
"840","655a395e2828d333bae0ea4b","control_MaxMatch_Positive_Abstract","99","MaxMatch","love","gratitude","love-gratitude","AbstractMatch","PositiveMatch"
"841","655a395e2828d333bae0ea4b","control_MaxMatch_Negative_Abstract","24","MaxMatch","resentment","envy","resentment-envy","AbstractMatch","NegativeMatch"
"842","655a395e2828d333bae0ea4b","control_MaxMatch_Positive_Concrete","23","MaxMatch","home","fireplace","home-fireplace","ConcreteMatch","PositiveMatch"
"843","655a395e2828d333bae0ea4b","control_MaxMatch_Negative_Concrete","4","MaxMatch","smoke","mold","smoke-mold","ConcreteMatch","NegativeMatch"
"844","655a395e2828d333bae0ea4b","test_ValenceMatch_Positive","24","ValenceMatchingOnly","home","joy","home-joy","ConcreteMismatch","PositiveMatch"
"845","655a395e2828d333bae0ea4b","control_MaxMismatch","21","MaxMismatch","happiness","mold","happiness-mold","AbstractMismatch","PositiveMismatch"
"846","65f54bfd77f3db0d47887b37","control_Dissimilar","0","DissimilarControl","enter","exit","enter-exit","",""
"847","65f54bfd77f3db0d47887b37","control_Similar","99","SimilarControl","get","obtain","get-obtain","",""
"848","65f54bfd77f3db0d47887b37","test_ConceptualMatch_Concrete","0","ConceptualMatchingOnly","home","vomit","home-vomit","ConceptualMatch:concrete","PositiveMismatch"
"849","65f54bfd77f3db0d47887b37","test_ValenceMatch_Positive","62","ValenceMatchingOnly","flowers","freedom","flowers-freedom","ConcreteMismatch","PositiveMatch"
"850","65f54bfd77f3db0d47887b37","control_MaxMatch_Negative_Abstract","69","MaxMatch","resentment","shame","resentment-shame","AbstractMatch","NegativeMatch"
"851","65f54bfd77f3db0d47887b37","control_Dissimilar","8","DissimilarControl","come","go","come-go","",""
"852","65f54bfd77f3db0d47887b37","control_MaxMismatch","0","MaxMismatch","joy","stench","joy-stench","AbstractMismatch","PositiveMismatch"
"853","65f54bfd77f3db0d47887b37","control_MaxMatch_Positive_Abstract","88","MaxMatch","kindness","inspiration","kindness-inspiration","AbstractMatch","PositiveMatch"
"854","65f54bfd77f3db0d47887b37","test_ValenceMatch_Negative","82","ValenceMatchingOnly","grief","rot","grief-rot","AbstractMismatch","NegativeMatch"
"855","65f54bfd77f3db0d47887b37","control_Similar","99","SimilarControl","ask","inquire","ask-inquire","",""
"856","65f54bfd77f3db0d47887b37","control_MaxMatch_Negative_Concrete","77","MaxMatch","mud","rust","mud-rust","ConcreteMatch","NegativeMatch"
"857","65f54bfd77f3db0d47887b37","control_MaxMatch_Positive_Concrete","61","MaxMatch","flowers","hug","flowers-hug","ConcreteMatch","PositiveMatch"
"858","65f54bfd77f3db0d47887b37","test_ConceptualMatch_Abstract","0","ConceptualMatchingOnly","resentment","kindness","resentment-kindness","ConceptualMatch:abstract","NegativeMismatch"
"859","65f54bfd77f3db0d47887b37","control_Dissimilar","0","DissimilarControl","begin","end","begin-end","",""
"860","65f54bfd77f3db0d47887b37","control_Similar","99","SimilarControl","show","display","show-display","",""
"861","65f54bfd77f3db0d47887b37","test_ConceptualMatch_Concrete","0","ConceptualMatchingOnly","music","stench","music-stench","ConceptualMatch:concrete","PositiveMismatch"
"862","65f54bfd77f3db0d47887b37","test_ValenceMatch_Positive","86","ValenceMatchingOnly","sunshine","happiness","sunshine-happiness","ConcreteMismatch","PositiveMatch"
"863","65f54bfd77f3db0d47887b37","control_MaxMatch_Negative_Abstract","76","MaxMatch","anxiety","grief","anxiety-grief","AbstractMatch","NegativeMatch"
"864","65f54bfd77f3db0d47887b37","control_Dissimilar","0","DissimilarControl","rise","fall","rise-fall","",""
"865","65f54bfd77f3db0d47887b37","control_MaxMismatch","0","MaxMismatch","happiness","rust","happiness-rust","AbstractMismatch","PositiveMismatch"
"866","65f54bfd77f3db0d47887b37","control_MaxMatch_Positive_Abstract","80","MaxMatch","happiness","gratitude","happiness-gratitude","AbstractMatch","PositiveMatch"
"867","65f54bfd77f3db0d47887b37","test_ValenceMatch_Negative","69","ValenceMatchingOnly","anxiety","garbage","anxiety-garbage","AbstractMismatch","NegativeMatch"
"868","65f54bfd77f3db0d47887b37","control_Similar","99","SimilarControl","begin","start","begin-start","",""
"869","65f54bfd77f3db0d47887b37","control_MaxMatch_Negative_Concrete","40","MaxMatch","smoke","mold","smoke-mold","ConcreteMatch","NegativeMatch"
"870","65f54bfd77f3db0d47887b37","control_MaxMatch_Positive_Concrete","25","MaxMatch","music","home","music-home","ConcreteMatch","PositiveMatch"
"871","65f54bfd77f3db0d47887b37","test_ConceptualMatch_Abstract","0","ConceptualMatchingOnly","envy","love","envy-love","ConceptualMatch:abstract","NegativeMismatch"
"872","65f54bfd77f3db0d47887b37","control_Dissimilar","0","DissimilarControl","arrive","leave","arrive-leave","",""
"873","65f54bfd77f3db0d47887b37","control_Similar","99","SimilarControl","speak","talk","speak-talk","",""
"874","65f54bfd77f3db0d47887b37","test_ConceptualMatch_Concrete","0","ConceptualMatchingOnly","flowers","stench","flowers-stench","ConceptualMatch:concrete","PositiveMismatch"
"875","65f54bfd77f3db0d47887b37","test_ValenceMatch_Positive","5","ValenceMatchingOnly","chocolate","freedom","chocolate-freedom","ConcreteMismatch","PositiveMatch"
"876","65f54bfd77f3db0d47887b37","control_MaxMatch_Negative_Abstract","75","MaxMatch","lonliness","guilt","lonliness-guilt","AbstractMatch","NegativeMatch"
"877","65f54bfd77f3db0d47887b37","control_Dissimilar","0","DissimilarControl","increase","decrease","increase-decrease","",""
"878","65f54bfd77f3db0d47887b37","control_MaxMismatch","0","MaxMismatch","gratitude","vomit","gratitude-vomit","AbstractMismatch","PositiveMismatch"
"879","65f54bfd77f3db0d47887b37","control_MaxMatch_Positive_Abstract","84","MaxMatch","peace","kindness","peace-kindness","AbstractMatch","PositiveMatch"
"880","65f54bfd77f3db0d47887b37","test_ValenceMatch_Negative","65","ValenceMatchingOnly","failure","filth","failure-filth","AbstractMismatch","NegativeMatch"
"881","65f54bfd77f3db0d47887b37","control_Similar","99","SimilarControl","buy","purchase","buy-purchase","",""
"882","65f54bfd77f3db0d47887b37","control_MaxMatch_Negative_Concrete","99","MaxMatch","garbage","filth","garbage-filth","ConcreteMatch","NegativeMatch"
"883","65f54bfd77f3db0d47887b37","control_MaxMatch_Positive_Concrete","72","MaxMatch","home","fireplace","home-fireplace","ConcreteMatch","PositiveMatch"
"884","65f54bfd77f3db0d47887b37","test_ConceptualMatch_Abstract","0","ConceptualMatchingOnly","lonliness","gratitude","lonliness-gratitude","ConceptualMatch:abstract","NegativeMismatch"
"885","65f54bfd77f3db0d47887b37","control_Dissimilar","0","DissimilarControl","add","remove","add-remove","",""
"886","65f54bfd77f3db0d47887b37","control_Similar","99","SimilarControl","help","assist","help-assist","",""
"887","65f54bfd77f3db0d47887b37","test_ConceptualMatch_Concrete","0","ConceptualMatchingOnly","laughter","injury","laughter-injury","ConceptualMatch:concrete","PositiveMismatch"
"888","65f54bfd77f3db0d47887b37","test_ValenceMatch_Positive","71","ValenceMatchingOnly","flowers","happiness","flowers-happiness","ConcreteMismatch","PositiveMatch"
"889","65f54bfd77f3db0d47887b37","control_MaxMatch_Negative_Abstract","92","MaxMatch","despair","guilt","despair-guilt","AbstractMatch","NegativeMatch"
"890","65f54bfd77f3db0d47887b37","control_Dissimilar","0","DissimilarControl","open","close","open-close","",""
"891","65f54bfd77f3db0d47887b37","control_MaxMismatch","0","MaxMismatch","freedom","mud","freedom-mud","AbstractMismatch","PositiveMismatch"
"892","65f54bfd77f3db0d47887b37","control_MaxMatch_Positive_Abstract","86","MaxMatch","kindness","happiness","kindness-happiness","AbstractMatch","PositiveMatch"
"893","65f54bfd77f3db0d47887b37","test_ValenceMatch_Negative","64","ValenceMatchingOnly","resentment","garbage","resentment-garbage","AbstractMismatch","NegativeMatch"
"894","65f54bfd77f3db0d47887b37","control_Similar","99","SimilarControl","end","finish","end-finish","",""
"895","65f54bfd77f3db0d47887b37","control_MaxMatch_Negative_Concrete","7","MaxMatch","mold","injury","mold-injury","ConcreteMatch","NegativeMatch"
"896","65f54bfd77f3db0d47887b37","control_MaxMatch_Positive_Concrete","0","MaxMatch","chocolate","fireplace","chocolate-fireplace","ConcreteMatch","PositiveMatch"
"897","65f54bfd77f3db0d47887b37","test_ConceptualMatch_Abstract","0","ConceptualMatchingOnly","despair","compassion","despair-compassion","ConceptualMatch:abstract","NegativeMismatch"
"898","65f54bfd77f3db0d47887b37","control_Dissimilar","34","DissimilarControl","push","pull","push-pull","",""
"899","65f54bfd77f3db0d47887b37","control_Similar","99","SimilarControl","need","require","need-require","",""
"900","65f54bfd77f3db0d47887b37","test_ConceptualMatch_Concrete","6","ConceptualMatchingOnly","rain","smoke","rain-smoke","ConceptualMatch:concrete","PositiveMismatch"
"901","65f54bfd77f3db0d47887b37","test_ValenceMatch_Positive","74","ValenceMatchingOnly","music","joy","music-joy","ConcreteMismatch","PositiveMatch"
"902","65f54bfd77f3db0d47887b37","control_MaxMatch_Negative_Abstract","86","MaxMatch","lonliness","grief","lonliness-grief","AbstractMatch","NegativeMatch"
"903","65f54bfd77f3db0d47887b37","control_Dissimilar","0","DissimilarControl","give","take","give-take","",""
"904","65f54bfd77f3db0d47887b37","control_MaxMismatch","0","MaxMismatch","gratitude","garbage","gratitude-garbage","AbstractMismatch","PositiveMismatch"
"905","65f54bfd77f3db0d47887b37","control_MaxMatch_Positive_Abstract","68","MaxMatch","peace","compassion","peace-compassion","AbstractMatch","PositiveMatch"
"906","65f54bfd77f3db0d47887b37","test_ValenceMatch_Negative","42","ValenceMatchingOnly","anxiety","mud","anxiety-mud","AbstractMismatch","NegativeMatch"
"907","65f54bfd77f3db0d47887b37","control_Similar","99","SimilarControl","use","employ","use-employ","",""
"908","65f54bfd77f3db0d47887b37","control_MaxMatch_Negative_Concrete","94","MaxMatch","stench","filth","stench-filth","ConcreteMatch","NegativeMatch"
"909","65f54bfd77f3db0d47887b37","control_MaxMatch_Positive_Concrete","64","MaxMatch","laughter","home","laughter-home","ConcreteMatch","PositiveMatch"
"910","65f54bfd77f3db0d47887b37","test_ConceptualMatch_Abstract","0","ConceptualMatchingOnly","shame","love","shame-love","ConceptualMatch:abstract","NegativeMismatch"
"911","65034d480a9dec0b9ceee931","control_Dissimilar","0","DissimilarControl","push","pull","push-pull","",""
"912","65034d480a9dec0b9ceee931","control_Similar","99","SimilarControl","ask","inquire","ask-inquire","",""
"913","65034d480a9dec0b9ceee931","control_Dissimilar","0","DissimilarControl","open","close","open-close","",""
"914","65034d480a9dec0b9ceee931","test_ConceptualMatch_Abstract","47","ConceptualMatchingOnly","lonliness","love","lonliness-love","ConceptualMatch:abstract","NegativeMismatch"
"915","65034d480a9dec0b9ceee931","test_ValenceMatch_Positive","85","ValenceMatchingOnly","beach","peace","beach-peace","ConcreteMismatch","PositiveMatch"
"916","65034d480a9dec0b9ceee931","control_MaxMatch_Positive_Concrete","47","MaxMatch","beach","hug","beach-hug","ConcreteMatch","PositiveMatch"
"917","65034d480a9dec0b9ceee931","test_ValenceMatch_Negative","13","ValenceMatchingOnly","envy","filth","envy-filth","AbstractMismatch","NegativeMatch"
"918","65034d480a9dec0b9ceee931","control_MaxMatch_Negative_Concrete","82","MaxMatch","rot","mold","rot-mold","ConcreteMatch","NegativeMatch"
"919","65034d480a9dec0b9ceee931","test_ConceptualMatch_Concrete","14","ConceptualMatchingOnly","home","vomit","home-vomit","ConceptualMatch:concrete","PositiveMismatch"
"920","65034d480a9dec0b9ceee931","control_Similar","99","SimilarControl","end","finish","end-finish","",""
"921","65034d480a9dec0b9ceee931","control_MaxMatch_Negative_Abstract","88","MaxMatch","resentment","shame","resentment-shame","AbstractMatch","NegativeMatch"
"922","65034d480a9dec0b9ceee931","control_MaxMismatch","69","MaxMismatch","love","vomit","love-vomit","AbstractMismatch","PositiveMismatch"
"923","65034d480a9dec0b9ceee931","control_MaxMatch_Positive_Abstract","88","MaxMatch","love","peace","love-peace","AbstractMatch","PositiveMatch"
"924","65034d480a9dec0b9ceee931","control_Dissimilar","0","DissimilarControl","give","take","give-take","",""
"925","65034d480a9dec0b9ceee931","control_Similar","99","SimilarControl","help","assist","help-assist","",""
"926","65034d480a9dec0b9ceee931","control_Dissimilar","0","DissimilarControl","increase","decrease","increase-decrease","",""
"927","65034d480a9dec0b9ceee931","test_ConceptualMatch_Abstract","72","ConceptualMatchingOnly","failure","love","failure-love","ConceptualMatch:abstract","NegativeMismatch"
"928","65034d480a9dec0b9ceee931","test_ValenceMatch_Positive","78","ValenceMatchingOnly","sunshine","kindness","sunshine-kindness","ConcreteMismatch","PositiveMatch"
"929","65034d480a9dec0b9ceee931","control_MaxMatch_Positive_Concrete","53","MaxMatch","music","beach","music-beach","ConcreteMatch","PositiveMatch"
"930","65034d480a9dec0b9ceee931","test_ValenceMatch_Negative","57","ValenceMatchingOnly","lonliness","rot","lonliness-rot","AbstractMismatch","NegativeMatch"
"931","65034d480a9dec0b9ceee931","control_MaxMatch_Negative_Concrete","62","MaxMatch","garbage","stench","garbage-stench","ConcreteMatch","NegativeMatch"
"932","65034d480a9dec0b9ceee931","test_ConceptualMatch_Concrete","38","ConceptualMatchingOnly","home","filth","home-filth","ConceptualMatch:concrete","PositiveMismatch"
"933","65034d480a9dec0b9ceee931","control_Similar","89","SimilarControl","use","employ","use-employ","",""
"934","65034d480a9dec0b9ceee931","control_MaxMatch_Negative_Abstract","80","MaxMatch","lonliness","grief","lonliness-grief","AbstractMatch","NegativeMatch"
"935","65034d480a9dec0b9ceee931","control_MaxMismatch","16","MaxMismatch","inspiration","rot","inspiration-rot","AbstractMismatch","PositiveMismatch"
"936","65034d480a9dec0b9ceee931","control_MaxMatch_Positive_Abstract","79","MaxMatch","love","gratitude","love-gratitude","AbstractMatch","PositiveMatch"
"937","65034d480a9dec0b9ceee931","control_Dissimilar","0","DissimilarControl","rise","fall","rise-fall","",""
"938","65034d480a9dec0b9ceee931","control_Similar","99","SimilarControl","speak","talk","speak-talk","",""
"939","65034d480a9dec0b9ceee931","control_Dissimilar","0","DissimilarControl","begin","end","begin-end","",""
"940","65034d480a9dec0b9ceee931","test_ConceptualMatch_Abstract","13","ConceptualMatchingOnly","failure","gratitude","failure-gratitude","ConceptualMatch:abstract","NegativeMismatch"
"941","65034d480a9dec0b9ceee931","test_ValenceMatch_Positive","75","ValenceMatchingOnly","beach","inspiration","beach-inspiration","ConcreteMismatch","PositiveMatch"
"942","65034d480a9dec0b9ceee931","control_MaxMatch_Positive_Concrete","65","MaxMatch","hug","chocolate","hug-chocolate","ConcreteMatch","PositiveMatch"
"943","65034d480a9dec0b9ceee931","test_ValenceMatch_Negative","52","ValenceMatchingOnly","resentment","vomit","resentment-vomit","AbstractMismatch","NegativeMatch"
"944","65034d480a9dec0b9ceee931","control_MaxMatch_Negative_Concrete","10","MaxMatch","injury","stench","injury-stench","ConcreteMatch","NegativeMatch"
"945","65034d480a9dec0b9ceee931","test_ConceptualMatch_Concrete","12","ConceptualMatchingOnly","chocolate","filth","chocolate-filth","ConceptualMatch:concrete","PositiveMismatch"
"946","65034d480a9dec0b9ceee931","control_Similar","99","SimilarControl","need","require","need-require","",""
"947","65034d480a9dec0b9ceee931","control_MaxMatch_Negative_Abstract","76","MaxMatch","grief","resentment","grief-resentment","AbstractMatch","NegativeMatch"
"948","65034d480a9dec0b9ceee931","control_MaxMismatch","8","MaxMismatch","joy","rust","joy-rust","AbstractMismatch","PositiveMismatch"
"949","65034d480a9dec0b9ceee931","control_MaxMatch_Positive_Abstract","89","MaxMatch","hope","kindness","hope-kindness","AbstractMatch","PositiveMatch"
"950","65034d480a9dec0b9ceee931","control_Dissimilar","0","DissimilarControl","enter","exit","enter-exit","",""
"951","65034d480a9dec0b9ceee931","control_Similar","99","SimilarControl","get","obtain","get-obtain","",""
"952","65034d480a9dec0b9ceee931","control_Dissimilar","0","DissimilarControl","add","remove","add-remove","",""
"953","65034d480a9dec0b9ceee931","test_ConceptualMatch_Abstract","12","ConceptualMatchingOnly","failure","inspiration","failure-inspiration","ConceptualMatch:abstract","NegativeMismatch"
"954","65034d480a9dec0b9ceee931","test_ValenceMatch_Positive","88","ValenceMatchingOnly","rain","freedom","rain-freedom","ConcreteMismatch","PositiveMatch"
"955","65034d480a9dec0b9ceee931","control_MaxMatch_Positive_Concrete","82","MaxMatch","music","rain","music-rain","ConcreteMatch","PositiveMatch"
"956","65034d480a9dec0b9ceee931","test_ValenceMatch_Negative","84","ValenceMatchingOnly","envy","rot","envy-rot","AbstractMismatch","NegativeMatch"
"957","65034d480a9dec0b9ceee931","control_MaxMatch_Negative_Concrete","94","MaxMatch","rot","garbage","rot-garbage","ConcreteMatch","NegativeMatch"
"958","65034d480a9dec0b9ceee931","test_ConceptualMatch_Concrete","77","ConceptualMatchingOnly","flowers","garbage","flowers-garbage","ConceptualMatch:concrete","PositiveMismatch"
"959","65034d480a9dec0b9ceee931","control_Similar","99","SimilarControl","show","display","show-display","",""
"960","65034d480a9dec0b9ceee931","control_MaxMatch_Negative_Abstract","99","MaxMatch","regret","despair","regret-despair","AbstractMatch","NegativeMatch"
"961","65034d480a9dec0b9ceee931","control_MaxMismatch","0","MaxMismatch","compassion","smoke","compassion-smoke","AbstractMismatch","PositiveMismatch"
"962","65034d480a9dec0b9ceee931","control_MaxMatch_Positive_Abstract","90","MaxMatch","hope","freedom","hope-freedom","AbstractMatch","PositiveMatch"
"963","65034d480a9dec0b9ceee931","control_Dissimilar","0","DissimilarControl","arrive","leave","arrive-leave","",""
"964","65034d480a9dec0b9ceee931","control_Similar","0","SimilarControl","begin","start","begin-start","",""
"965","65034d480a9dec0b9ceee931","control_Dissimilar","0","DissimilarControl","come","go","come-go","",""
"966","65034d480a9dec0b9ceee931","test_ConceptualMatch_Abstract","6","ConceptualMatchingOnly","anxiety","compassion","anxiety-compassion","ConceptualMatch:abstract","NegativeMismatch"
"967","65034d480a9dec0b9ceee931","test_ValenceMatch_Positive","96","ValenceMatchingOnly","sunshine","compassion","sunshine-compassion","ConcreteMismatch","PositiveMatch"
"968","65034d480a9dec0b9ceee931","control_MaxMatch_Positive_Concrete","67","MaxMatch","laughter","music","laughter-music","ConcreteMatch","PositiveMatch"
"969","65034d480a9dec0b9ceee931","test_ValenceMatch_Negative","85","ValenceMatchingOnly","shame","rot","shame-rot","AbstractMismatch","NegativeMatch"
"970","65034d480a9dec0b9ceee931","control_MaxMatch_Negative_Concrete","86","MaxMatch","rot","injury","rot-injury","ConcreteMatch","NegativeMatch"
"971","65034d480a9dec0b9ceee931","test_ConceptualMatch_Concrete","20","ConceptualMatchingOnly","beach","vomit","beach-vomit","ConceptualMatch:concrete","PositiveMismatch"
"972","65034d480a9dec0b9ceee931","control_Similar","99","SimilarControl","buy","purchase","buy-purchase","",""
"973","65034d480a9dec0b9ceee931","control_MaxMatch_Negative_Abstract","78","MaxMatch","regret","anxiety","regret-anxiety","AbstractMatch","NegativeMatch"
"974","65034d480a9dec0b9ceee931","control_MaxMismatch","19","MaxMismatch","hope","mud","hope-mud","AbstractMismatch","PositiveMismatch"
"975","65034d480a9dec0b9ceee931","control_MaxMatch_Positive_Abstract","90","MaxMatch","freedom","inspiration","freedom-inspiration","AbstractMatch","PositiveMatch"
"976","666b5817eadabfbefc40fe1b","control_Dissimilar","99","DissimilarControl","come","go","come-go","",""
"977","666b5817eadabfbefc40fe1b","control_Similar","99","SimilarControl","need","require","need-require","",""
"978","666b5817eadabfbefc40fe1b","control_Dissimilar","99","DissimilarControl","open","close","open-close","",""
"979","666b5817eadabfbefc40fe1b","control_Similar","99","SimilarControl","begin","start","begin-start","",""
"980","666b5817eadabfbefc40fe1b","control_MaxMatch_Negative_Concrete","4","MaxMatch","vomit","mold","vomit-mold","ConcreteMatch","NegativeMatch"
"981","666b5817eadabfbefc40fe1b","control_MaxMatch_Positive_Abstract","98","MaxMatch","love","gratitude","love-gratitude","AbstractMatch","PositiveMatch"
"982","666b5817eadabfbefc40fe1b","test_ConceptualMatch_Abstract","19","ConceptualMatchingOnly","regret","happiness","regret-happiness","ConceptualMatch:abstract","NegativeMismatch"
"983","666b5817eadabfbefc40fe1b","test_ValenceMatch_Positive","96","ValenceMatchingOnly","sunshine","happiness","sunshine-happiness","ConcreteMismatch","PositiveMatch"
"984","666b5817eadabfbefc40fe1b","control_MaxMatch_Negative_Abstract","5","MaxMatch","lonliness","guilt","lonliness-guilt","AbstractMatch","NegativeMatch"
"985","666b5817eadabfbefc40fe1b","test_ValenceMatch_Negative","0","ValenceMatchingOnly","lonliness","injury","lonliness-injury","AbstractMismatch","NegativeMatch"
"986","666b5817eadabfbefc40fe1b","control_MaxMatch_Positive_Concrete","90","MaxMatch","home","fireplace","home-fireplace","ConcreteMatch","PositiveMatch"
"987","666b5817eadabfbefc40fe1b","control_MaxMismatch","11","MaxMismatch","gratitude","mold","gratitude-mold","AbstractMismatch","PositiveMismatch"
"988","666b5817eadabfbefc40fe1b","test_ConceptualMatch_Concrete","0","ConceptualMatchingOnly","fireplace","rot","fireplace-rot","ConceptualMatch:concrete","PositiveMismatch"
"989","666b5817eadabfbefc40fe1b","control_Dissimilar","99","DissimilarControl","enter","exit","enter-exit","",""
"990","666b5817eadabfbefc40fe1b","control_Similar","99","SimilarControl","speak","talk","speak-talk","",""
"991","666b5817eadabfbefc40fe1b","control_Dissimilar","99","DissimilarControl","increase","decrease","increase-decrease","",""
"992","666b5817eadabfbefc40fe1b","control_Similar","99","SimilarControl","help","assist","help-assist","",""
"993","666b5817eadabfbefc40fe1b","control_MaxMatch_Negative_Concrete","1","MaxMatch","mud","injury","mud-injury","ConcreteMatch","NegativeMatch"
"994","666b5817eadabfbefc40fe1b","control_MaxMatch_Positive_Abstract","0","MaxMatch","peace","kindness","peace-kindness","AbstractMatch","PositiveMatch"
"995","666b5817eadabfbefc40fe1b","test_ConceptualMatch_Abstract","12","ConceptualMatchingOnly","envy","gratitude","envy-gratitude","ConceptualMatch:abstract","NegativeMismatch"
"996","666b5817eadabfbefc40fe1b","test_ValenceMatch_Positive","0","ValenceMatchingOnly","rain","kindness","rain-kindness","ConcreteMismatch","PositiveMatch"
"997","666b5817eadabfbefc40fe1b","control_MaxMatch_Negative_Abstract","98","MaxMatch","guilt","grief","guilt-grief","AbstractMatch","NegativeMatch"
"998","666b5817eadabfbefc40fe1b","test_ValenceMatch_Negative","0","ValenceMatchingOnly","guilt","rust","guilt-rust","AbstractMismatch","NegativeMatch"
"999","666b5817eadabfbefc40fe1b","control_MaxMatch_Positive_Concrete","0","MaxMatch","music","hug","music-hug","ConcreteMatch","PositiveMatch"
"1000","666b5817eadabfbefc40fe1b","control_MaxMismatch","11","MaxMismatch","inspiration","mold","inspiration-mold","AbstractMismatch","PositiveMismatch"
"1001","666b5817eadabfbefc40fe1b","test_ConceptualMatch_Concrete","0","ConceptualMatchingOnly","laughter","garbage","laughter-garbage","ConceptualMatch:concrete","PositiveMismatch"
"1002","666b5817eadabfbefc40fe1b","control_Dissimilar","99","DissimilarControl","arrive","leave","arrive-leave","",""
"1003","666b5817eadabfbefc40fe1b","control_Similar","99","SimilarControl","show","display","show-display","",""
"1004","666b5817eadabfbefc40fe1b","control_Dissimilar","99","DissimilarControl","rise","fall","rise-fall","",""
"1005","666b5817eadabfbefc40fe1b","control_Similar","99","SimilarControl","end","finish","end-finish","",""
"1006","666b5817eadabfbefc40fe1b","control_MaxMatch_Negative_Concrete","0","MaxMatch","mud","garbage","mud-garbage","ConcreteMatch","NegativeMatch"
"1007","666b5817eadabfbefc40fe1b","control_MaxMatch_Positive_Abstract","99","MaxMatch","compassion","gratitude","compassion-gratitude","AbstractMatch","PositiveMatch"
"1008","666b5817eadabfbefc40fe1b","test_ConceptualMatch_Abstract","0","ConceptualMatchingOnly","guilt","kindness","guilt-kindness","ConceptualMatch:abstract","NegativeMismatch"
"1009","666b5817eadabfbefc40fe1b","test_ValenceMatch_Positive","1","ValenceMatchingOnly","sunshine","kindness","sunshine-kindness","ConcreteMismatch","PositiveMatch"
"1010","666b5817eadabfbefc40fe1b","control_MaxMatch_Negative_Abstract","5","MaxMatch","failure","shame","failure-shame","AbstractMatch","NegativeMatch"
"1011","666b5817eadabfbefc40fe1b","test_ValenceMatch_Negative","99","ValenceMatchingOnly","shame","filth","shame-filth","AbstractMismatch","NegativeMatch"
"1012","666b5817eadabfbefc40fe1b","control_MaxMatch_Positive_Concrete","0","MaxMatch","hug","chocolate","hug-chocolate","ConcreteMatch","PositiveMatch"
"1013","666b5817eadabfbefc40fe1b","control_MaxMismatch","0","MaxMismatch","joy","rot","joy-rot","AbstractMismatch","PositiveMismatch"
"1014","666b5817eadabfbefc40fe1b","test_ConceptualMatch_Concrete","11","ConceptualMatchingOnly","home","stench","home-stench","ConceptualMatch:concrete","PositiveMismatch"
"1015","666b5817eadabfbefc40fe1b","control_Dissimilar","99","DissimilarControl","give","take","give-take","",""
"1016","666b5817eadabfbefc40fe1b","control_Similar","91","SimilarControl","use","employ","use-employ","",""
"1017","666b5817eadabfbefc40fe1b","control_Dissimilar","99","DissimilarControl","begin","end","begin-end","",""
"1018","666b5817eadabfbefc40fe1b","control_Similar","99","SimilarControl","buy","purchase","buy-purchase","",""
"1019","666b5817eadabfbefc40fe1b","control_MaxMatch_Negative_Concrete","0","MaxMatch","vomit","filth","vomit-filth","ConcreteMatch","NegativeMatch"
"1020","666b5817eadabfbefc40fe1b","control_MaxMatch_Positive_Abstract","78","MaxMatch","hope","happiness","hope-happiness","AbstractMatch","PositiveMatch"
"1021","666b5817eadabfbefc40fe1b","test_ConceptualMatch_Abstract","98","ConceptualMatchingOnly","failure","inspiration","failure-inspiration","ConceptualMatch:abstract","NegativeMismatch"
"1022","666b5817eadabfbefc40fe1b","test_ValenceMatch_Positive","0","ValenceMatchingOnly","rain","freedom","rain-freedom","ConcreteMismatch","PositiveMatch"
"1023","666b5817eadabfbefc40fe1b","control_MaxMatch_Negative_Abstract","99","MaxMatch","despair","shame","despair-shame","AbstractMatch","NegativeMatch"
"1024","666b5817eadabfbefc40fe1b","test_ValenceMatch_Negative","0","ValenceMatchingOnly","envy","garbage","envy-garbage","AbstractMismatch","NegativeMatch"
"1025","666b5817eadabfbefc40fe1b","control_MaxMatch_Positive_Concrete","2","MaxMatch","flowers","beach","flowers-beach","ConcreteMatch","PositiveMatch"
"1026","666b5817eadabfbefc40fe1b","control_MaxMismatch","0","MaxMismatch","compassion","smoke","compassion-smoke","AbstractMismatch","PositiveMismatch"
"1027","666b5817eadabfbefc40fe1b","test_ConceptualMatch_Concrete","0","ConceptualMatchingOnly","beach","filth","beach-filth","ConceptualMatch:concrete","PositiveMismatch"
"1028","666b5817eadabfbefc40fe1b","control_Dissimilar","99","DissimilarControl","push","pull","push-pull","",""
"1029","666b5817eadabfbefc40fe1b","control_Similar","98","SimilarControl","ask","inquire","ask-inquire","",""
"1030","666b5817eadabfbefc40fe1b","control_Dissimilar","99","DissimilarControl","add","remove","add-remove","",""
"1031","666b5817eadabfbefc40fe1b","control_Similar","99","SimilarControl","get","obtain","get-obtain","",""
"1032","666b5817eadabfbefc40fe1b","control_MaxMatch_Negative_Concrete","0","MaxMatch","rot","filth","rot-filth","ConcreteMatch","NegativeMatch"
"1033","666b5817eadabfbefc40fe1b","control_MaxMatch_Positive_Abstract","4","MaxMatch","joy","freedom","joy-freedom","AbstractMatch","PositiveMatch"
"1034","666b5817eadabfbefc40fe1b","test_ConceptualMatch_Abstract","0","ConceptualMatchingOnly","lonliness","inspiration","lonliness-inspiration","ConceptualMatch:abstract","NegativeMismatch"
"1035","666b5817eadabfbefc40fe1b","test_ValenceMatch_Positive","99","ValenceMatchingOnly","laughter","joy","laughter-joy","ConcreteMismatch","PositiveMatch"
"1036","666b5817eadabfbefc40fe1b","control_MaxMatch_Negative_Abstract","11","MaxMatch","resentment","failure","resentment-failure","AbstractMatch","NegativeMatch"
"1037","666b5817eadabfbefc40fe1b","test_ValenceMatch_Negative","4","ValenceMatchingOnly","despair","filth","despair-filth","AbstractMismatch","NegativeMatch"
"1038","666b5817eadabfbefc40fe1b","control_MaxMatch_Positive_Concrete","0","MaxMatch","laughter","rain","laughter-rain","ConcreteMatch","PositiveMatch"
"1039","666b5817eadabfbefc40fe1b","control_MaxMismatch","1","MaxMismatch","kindness","injury","kindness-injury","AbstractMismatch","PositiveMismatch"
"1040","666b5817eadabfbefc40fe1b","test_ConceptualMatch_Concrete","0","ConceptualMatchingOnly","rain","smoke","rain-smoke","ConceptualMatch:concrete","PositiveMismatch"
"1041","67379a3288f6fa62a41dadae","control_Dissimilar","0","DissimilarControl","rise","fall","rise-fall","",""
"1042","67379a3288f6fa62a41dadae","control_Similar","99","SimilarControl","speak","talk","speak-talk","",""
"1043","67379a3288f6fa62a41dadae","control_MaxMismatch","25","MaxMismatch","joy","garbage","joy-garbage","AbstractMismatch","PositiveMismatch"
"1044","67379a3288f6fa62a41dadae","control_MaxMatch_Negative_Abstract","81","MaxMatch","anxiety","despair","anxiety-despair","AbstractMatch","NegativeMatch"
"1045","67379a3288f6fa62a41dadae","control_Dissimilar","0","DissimilarControl","add","remove","add-remove","",""
"1046","67379a3288f6fa62a41dadae","control_MaxMatch_Negative_Concrete","70","MaxMatch","rot","garbage","rot-garbage","ConcreteMatch","NegativeMatch"
"1047","67379a3288f6fa62a41dadae","control_MaxMatch_Positive_Concrete","46","MaxMatch","flowers","beach","flowers-beach","ConcreteMatch","PositiveMatch"
"1048","67379a3288f6fa62a41dadae","test_ValenceMatch_Positive","64","ValenceMatchingOnly","sunshine","freedom","sunshine-freedom","ConcreteMismatch","PositiveMatch"
"1049","67379a3288f6fa62a41dadae","test_ConceptualMatch_Abstract","8","ConceptualMatchingOnly","resentment","happiness","resentment-happiness","ConceptualMatch:abstract","NegativeMismatch"
"1050","67379a3288f6fa62a41dadae","test_ValenceMatch_Negative","55","ValenceMatchingOnly","guilt","vomit","guilt-vomit","AbstractMismatch","NegativeMatch"
"1051","67379a3288f6fa62a41dadae","control_MaxMatch_Positive_Abstract","62","MaxMatch","freedom","inspiration","freedom-inspiration","AbstractMatch","PositiveMatch"
"1052","67379a3288f6fa62a41dadae","test_ConceptualMatch_Concrete","21","ConceptualMatchingOnly","hug","mud","hug-mud","ConceptualMatch:concrete","PositiveMismatch"
"1053","67379a3288f6fa62a41dadae","control_Similar","85","SimilarControl","show","display","show-display","",""
"1054","67379a3288f6fa62a41dadae","control_Dissimilar","0","DissimilarControl","begin","end","begin-end","",""
"1055","67379a3288f6fa62a41dadae","control_Similar","99","SimilarControl","help","assist","help-assist","",""
"1056","67379a3288f6fa62a41dadae","control_MaxMismatch","40","MaxMismatch","compassion","smoke","compassion-smoke","AbstractMismatch","PositiveMismatch"
"1057","67379a3288f6fa62a41dadae","control_MaxMatch_Negative_Abstract","81","MaxMatch","lonliness","grief","lonliness-grief","AbstractMatch","NegativeMatch"
"1058","67379a3288f6fa62a41dadae","control_Dissimilar","7","DissimilarControl","open","close","open-close","",""
"1059","67379a3288f6fa62a41dadae","control_MaxMatch_Negative_Concrete","77","MaxMatch","mold","filth","mold-filth","ConcreteMatch","NegativeMatch"
"1060","67379a3288f6fa62a41dadae","control_MaxMatch_Positive_Concrete","77","MaxMatch","sunshine","home","sunshine-home","ConcreteMatch","PositiveMatch"
"1061","67379a3288f6fa62a41dadae","test_ValenceMatch_Positive","69","ValenceMatchingOnly","chocolate","joy","chocolate-joy","ConcreteMismatch","PositiveMatch"
"1062","67379a3288f6fa62a41dadae","test_ConceptualMatch_Abstract","8","ConceptualMatchingOnly","failure","freedom","failure-freedom","ConceptualMatch:abstract","NegativeMismatch"
"1063","67379a3288f6fa62a41dadae","test_ValenceMatch_Negative","46","ValenceMatchingOnly","shame","rust","shame-rust","AbstractMismatch","NegativeMatch"
"1064","67379a3288f6fa62a41dadae","control_MaxMatch_Positive_Abstract","51","MaxMatch","freedom","compassion","freedom-compassion","AbstractMatch","PositiveMatch"
"1065","67379a3288f6fa62a41dadae","test_ConceptualMatch_Concrete","22","ConceptualMatchingOnly","home","smoke","home-smoke","ConceptualMatch:concrete","PositiveMismatch"
"1066","67379a3288f6fa62a41dadae","control_Similar","83","SimilarControl","use","employ","use-employ","",""
"1067","67379a3288f6fa62a41dadae","control_Dissimilar","0","DissimilarControl","give","take","give-take","",""
"1068","67379a3288f6fa62a41dadae","control_Similar","99","SimilarControl","ask","inquire","ask-inquire","",""
"1069","67379a3288f6fa62a41dadae","control_MaxMismatch","28","MaxMismatch","hope","rot","hope-rot","AbstractMismatch","PositiveMismatch"
"1070","67379a3288f6fa62a41dadae","control_MaxMatch_Negative_Abstract","80","MaxMatch","anxiety","failure","anxiety-failure","AbstractMatch","NegativeMatch"
"1071","67379a3288f6fa62a41dadae","control_Dissimilar","16","DissimilarControl","push","pull","push-pull","",""
"1072","67379a3288f6fa62a41dadae","control_MaxMatch_Negative_Concrete","90","MaxMatch","stench","filth","stench-filth","ConcreteMatch","NegativeMatch"
"1073","67379a3288f6fa62a41dadae","control_MaxMatch_Positive_Concrete","44","MaxMatch","music","home","music-home","ConcreteMatch","PositiveMatch"
"1074","67379a3288f6fa62a41dadae","test_ValenceMatch_Positive","57","ValenceMatchingOnly","sunshine","kindness","sunshine-kindness","ConcreteMismatch","PositiveMatch"
"1075","67379a3288f6fa62a41dadae","test_ConceptualMatch_Abstract","8","ConceptualMatchingOnly","anxiety","compassion","anxiety-compassion","ConceptualMatch:abstract","NegativeMismatch"
"1076","67379a3288f6fa62a41dadae","test_ValenceMatch_Negative","43","ValenceMatchingOnly","shame","mold","shame-mold","AbstractMismatch","NegativeMatch"
"1077","67379a3288f6fa62a41dadae","control_MaxMatch_Positive_Abstract","61","MaxMatch","compassion","inspiration","compassion-inspiration","AbstractMatch","PositiveMatch"
"1078","67379a3288f6fa62a41dadae","test_ConceptualMatch_Concrete","27","ConceptualMatchingOnly","laughter","mud","laughter-mud","ConceptualMatch:concrete","PositiveMismatch"
"1079","67379a3288f6fa62a41dadae","control_Similar","99","SimilarControl","begin","start","begin-start","",""
"1080","67379a3288f6fa62a41dadae","control_Dissimilar","0","DissimilarControl","increase","decrease","increase-decrease","",""
"1081","67379a3288f6fa62a41dadae","control_Similar","99","SimilarControl","end","finish","end-finish","",""
"1082","67379a3288f6fa62a41dadae","control_MaxMismatch","6","MaxMismatch","happiness","garbage","happiness-garbage","AbstractMismatch","PositiveMismatch"
"1083","67379a3288f6fa62a41dadae","control_MaxMatch_Negative_Abstract","85","MaxMatch","regret","despair","regret-despair","AbstractMatch","NegativeMatch"
"1084","67379a3288f6fa62a41dadae","control_Dissimilar","8","DissimilarControl","enter","exit","enter-exit","",""
"1085","67379a3288f6fa62a41dadae","control_MaxMatch_Negative_Concrete","83","MaxMatch","mud","garbage","mud-garbage","ConcreteMatch","NegativeMatch"
"1086","67379a3288f6fa62a41dadae","control_MaxMatch_Positive_Concrete","44","MaxMatch","music","chocolate","music-chocolate","ConcreteMatch","PositiveMatch"
"1087","67379a3288f6fa62a41dadae","test_ValenceMatch_Positive","53","ValenceMatchingOnly","hug","hope","hug-hope","ConcreteMismatch","PositiveMatch"
"1088","67379a3288f6fa62a41dadae","test_ConceptualMatch_Abstract","26","ConceptualMatchingOnly","guilt","joy","guilt-joy","ConceptualMatch:abstract","NegativeMismatch"
"1089","67379a3288f6fa62a41dadae","test_ValenceMatch_Negative","56","ValenceMatchingOnly","envy","injury","envy-injury","AbstractMismatch","NegativeMatch"
"1090","67379a3288f6fa62a41dadae","control_MaxMatch_Positive_Abstract","53","MaxMatch","freedom","kindness","freedom-kindness","AbstractMatch","PositiveMatch"
"1091","67379a3288f6fa62a41dadae","test_ConceptualMatch_Concrete","5","ConceptualMatchingOnly","hug","mold","hug-mold","ConceptualMatch:concrete","PositiveMismatch"
"1092","67379a3288f6fa62a41dadae","control_Similar","99","SimilarControl","buy","purchase","buy-purchase","",""
"1093","67379a3288f6fa62a41dadae","control_Dissimilar","21","DissimilarControl","come","go","come-go","",""
"1094","67379a3288f6fa62a41dadae","control_Similar","99","SimilarControl","need","require","need-require","",""
"1095","67379a3288f6fa62a41dadae","control_MaxMismatch","13","MaxMismatch","gratitude","garbage","gratitude-garbage","AbstractMismatch","PositiveMismatch"
"1096","67379a3288f6fa62a41dadae","control_MaxMatch_Negative_Abstract","82","MaxMatch","despair","guilt","despair-guilt","AbstractMatch","NegativeMatch"
"1097","67379a3288f6fa62a41dadae","control_Dissimilar","0","DissimilarControl","arrive","leave","arrive-leave","",""
"1098","67379a3288f6fa62a41dadae","control_MaxMatch_Negative_Concrete","92","MaxMatch","mud","filth","mud-filth","ConcreteMatch","NegativeMatch"
"1099","67379a3288f6fa62a41dadae","control_MaxMatch_Positive_Concrete","43","MaxMatch","chocolate","fireplace","chocolate-fireplace","ConcreteMatch","PositiveMatch"
"1100","67379a3288f6fa62a41dadae","test_ValenceMatch_Positive","51","ValenceMatchingOnly","music","joy","music-joy","ConcreteMismatch","PositiveMatch"
"1101","67379a3288f6fa62a41dadae","test_ConceptualMatch_Abstract","0","ConceptualMatchingOnly","resentment","love","resentment-love","ConceptualMatch:abstract","NegativeMismatch"
"1102","67379a3288f6fa62a41dadae","test_ValenceMatch_Negative","79","ValenceMatchingOnly","failure","rot","failure-rot","AbstractMismatch","NegativeMatch"
"1103","67379a3288f6fa62a41dadae","control_MaxMatch_Positive_Abstract","86","MaxMatch","kindness","gratitude","kindness-gratitude","AbstractMatch","PositiveMatch"
"1104","67379a3288f6fa62a41dadae","test_ConceptualMatch_Concrete","10","ConceptualMatchingOnly","sunshine","rot","sunshine-rot","ConceptualMatch:concrete","PositiveMismatch"
"1105","67379a3288f6fa62a41dadae","control_Similar","99","SimilarControl","get","obtain","get-obtain","",""
"1106","67d9b887153011f49e8a5f3f","control_Dissimilar","0","DissimilarControl","increase","decrease","increase-decrease","",""
"1107","67d9b887153011f49e8a5f3f","control_Similar","99","SimilarControl","end","finish","end-finish","",""
"1108","67d9b887153011f49e8a5f3f","control_MaxMatch_Positive_Abstract","0","MaxMatch","hope","happiness","hope-happiness","AbstractMatch","PositiveMatch"
"1109","67d9b887153011f49e8a5f3f","control_MaxMatch_Negative_Concrete","0","MaxMatch","vomit","stench","vomit-stench","ConcreteMatch","NegativeMatch"
"1110","67d9b887153011f49e8a5f3f","control_Dissimilar","0","DissimilarControl","begin","end","begin-end","",""
"1111","67d9b887153011f49e8a5f3f","test_ValenceMatch_Positive","0","ValenceMatchingOnly","music","gratitude","music-gratitude","ConcreteMismatch","PositiveMatch"
"1112","67d9b887153011f49e8a5f3f","control_MaxMismatch","0","MaxMismatch","inspiration","rot","inspiration-rot","AbstractMismatch","PositiveMismatch"
"1113","67d9b887153011f49e8a5f3f","test_ConceptualMatch_Abstract","0","ConceptualMatchingOnly","guilt","happiness","guilt-happiness","ConceptualMatch:abstract","NegativeMismatch"
"1114","67d9b887153011f49e8a5f3f","test_ConceptualMatch_Concrete","0","ConceptualMatchingOnly","chocolate","stench","chocolate-stench","ConceptualMatch:concrete","PositiveMismatch"
"1115","67d9b887153011f49e8a5f3f","test_ValenceMatch_Negative","0","ValenceMatchingOnly","failure","rust","failure-rust","AbstractMismatch","NegativeMatch"
"1116","67d9b887153011f49e8a5f3f","control_MaxMatch_Positive_Concrete","0","MaxMatch","music","hug","music-hug","ConcreteMatch","PositiveMatch"
"1117","67d9b887153011f49e8a5f3f","control_MaxMatch_Negative_Abstract","0","MaxMatch","regret","shame","regret-shame","AbstractMatch","NegativeMatch"
"1118","67d9b887153011f49e8a5f3f","control_Similar","99","SimilarControl","speak","talk","speak-talk","",""
"1119","67d9b887153011f49e8a5f3f","control_Dissimilar","0","DissimilarControl","push","pull","push-pull","",""
"1120","67d9b887153011f49e8a5f3f","control_Similar","99","SimilarControl","buy","purchase","buy-purchase","",""
"1121","67d9b887153011f49e8a5f3f","control_MaxMatch_Positive_Abstract","0","MaxMatch","freedom","happiness","freedom-happiness","AbstractMatch","PositiveMatch"
"1122","67d9b887153011f49e8a5f3f","control_MaxMatch_Negative_Concrete","0","MaxMatch","smoke","stench","smoke-stench","ConcreteMatch","NegativeMatch"
"1123","67d9b887153011f49e8a5f3f","control_Dissimilar","0","DissimilarControl","open","close","open-close","",""
"1124","67d9b887153011f49e8a5f3f","test_ValenceMatch_Positive","0","ValenceMatchingOnly","fireplace","freedom","fireplace-freedom","ConcreteMismatch","PositiveMatch"
"1125","67d9b887153011f49e8a5f3f","control_MaxMismatch","0","MaxMismatch","compassion","injury","compassion-injury","AbstractMismatch","PositiveMismatch"
"1126","67d9b887153011f49e8a5f3f","test_ConceptualMatch_Abstract","0","ConceptualMatchingOnly","anxiety","happiness","anxiety-happiness","ConceptualMatch:abstract","NegativeMismatch"
"1127","67d9b887153011f49e8a5f3f","test_ConceptualMatch_Concrete","0","ConceptualMatchingOnly","beach","mold","beach-mold","ConceptualMatch:concrete","PositiveMismatch"
"1128","67d9b887153011f49e8a5f3f","test_ValenceMatch_Negative","0","ValenceMatchingOnly","grief","injury","grief-injury","AbstractMismatch","NegativeMatch"
"1129","67d9b887153011f49e8a5f3f","control_MaxMatch_Positive_Concrete","0","MaxMatch","sunshine","chocolate","sunshine-chocolate","ConcreteMatch","PositiveMatch"
"1130","67d9b887153011f49e8a5f3f","control_MaxMatch_Negative_Abstract","0","MaxMatch","grief","envy","grief-envy","AbstractMatch","NegativeMatch"
"1131","67d9b887153011f49e8a5f3f","control_Similar","99","SimilarControl","begin","start","begin-start","",""
"1132","67d9b887153011f49e8a5f3f","control_Dissimilar","1","DissimilarControl","add","remove","add-remove","",""
"1133","67d9b887153011f49e8a5f3f","control_Similar","99","SimilarControl","get","obtain","get-obtain","",""
"1134","67d9b887153011f49e8a5f3f","control_MaxMatch_Positive_Abstract","0","MaxMatch","love","gratitude","love-gratitude","AbstractMatch","PositiveMatch"
"1135","67d9b887153011f49e8a5f3f","control_MaxMatch_Negative_Concrete","0","MaxMatch","rust","filth","rust-filth","ConcreteMatch","NegativeMatch"
"1136","67d9b887153011f49e8a5f3f","control_Dissimilar","0","DissimilarControl","rise","fall","rise-fall","",""
"1137","67d9b887153011f49e8a5f3f","test_ValenceMatch_Positive","0","ValenceMatchingOnly","sunshine","freedom","sunshine-freedom","ConcreteMismatch","PositiveMatch"
"1138","67d9b887153011f49e8a5f3f","control_MaxMismatch","0","MaxMismatch","love","filth","love-filth","AbstractMismatch","PositiveMismatch"
"1139","67d9b887153011f49e8a5f3f","test_ConceptualMatch_Abstract","0","ConceptualMatchingOnly","guilt","hope","guilt-hope","ConceptualMatch:abstract","NegativeMismatch"
"1140","67d9b887153011f49e8a5f3f","test_ConceptualMatch_Concrete","0","ConceptualMatchingOnly","sunshine","smoke","sunshine-smoke","ConceptualMatch:concrete","PositiveMismatch"
"1141","67d9b887153011f49e8a5f3f","test_ValenceMatch_Negative","0","ValenceMatchingOnly","failure","stench","failure-stench","AbstractMismatch","NegativeMatch"
"1142","67d9b887153011f49e8a5f3f","control_MaxMatch_Positive_Concrete","0","MaxMatch","beach","home","beach-home","ConcreteMatch","PositiveMatch"
"1143","67d9b887153011f49e8a5f3f","control_MaxMatch_Negative_Abstract","0","MaxMatch","regret","envy","regret-envy","AbstractMatch","NegativeMatch"
"1144","67d9b887153011f49e8a5f3f","control_Similar","99","SimilarControl","use","employ","use-employ","",""
"1145","67d9b887153011f49e8a5f3f","control_Dissimilar","0","DissimilarControl","come","go","come-go","",""
"1146","67d9b887153011f49e8a5f3f","control_Similar","99","SimilarControl","help","assist","help-assist","",""
"1147","67d9b887153011f49e8a5f3f","control_MaxMatch_Positive_Abstract","1","MaxMatch","love","inspiration","love-inspiration","AbstractMatch","PositiveMatch"
"1148","67d9b887153011f49e8a5f3f","control_MaxMatch_Negative_Concrete","0","MaxMatch","smoke","rot","smoke-rot","ConcreteMatch","NegativeMatch"
"1149","67d9b887153011f49e8a5f3f","control_Dissimilar","0","DissimilarControl","enter","exit","enter-exit","",""
"1150","67d9b887153011f49e8a5f3f","test_ValenceMatch_Positive","0","ValenceMatchingOnly","home","hope","home-hope","ConcreteMismatch","PositiveMatch"
"1151","67d9b887153011f49e8a5f3f","control_MaxMismatch","0","MaxMismatch","inspiration","filth","inspiration-filth","AbstractMismatch","PositiveMismatch"
"1152","67d9b887153011f49e8a5f3f","test_ConceptualMatch_Abstract","0","ConceptualMatchingOnly","failure","freedom","failure-freedom","ConceptualMatch:abstract","NegativeMismatch"
"1153","67d9b887153011f49e8a5f3f","test_ConceptualMatch_Concrete","0","ConceptualMatchingOnly","rain","garbage","rain-garbage","ConceptualMatch:concrete","PositiveMismatch"
"1154","67d9b887153011f49e8a5f3f","test_ValenceMatch_Negative","0","ValenceMatchingOnly","failure","vomit","failure-vomit","AbstractMismatch","NegativeMatch"
"1155","67d9b887153011f49e8a5f3f","control_MaxMatch_Positive_Concrete","0","MaxMatch","chocolate","fireplace","chocolate-fireplace","ConcreteMatch","PositiveMatch"
"1156","67d9b887153011f49e8a5f3f","control_MaxMatch_Negative_Abstract","0","MaxMatch","grief","shame","grief-shame","AbstractMatch","NegativeMatch"
"1157","67d9b887153011f49e8a5f3f","control_Similar","99","SimilarControl","ask","inquire","ask-inquire","",""
"1158","67d9b887153011f49e8a5f3f","control_Dissimilar","0","DissimilarControl","arrive","leave","arrive-leave","",""
"1159","67d9b887153011f49e8a5f3f","control_Similar","99","SimilarControl","show","display","show-display","",""
"1160","67d9b887153011f49e8a5f3f","control_MaxMatch_Positive_Abstract","0","MaxMatch","compassion","gratitude","compassion-gratitude","AbstractMatch","PositiveMatch"
"1161","67d9b887153011f49e8a5f3f","control_MaxMatch_Negative_Concrete","0","MaxMatch","garbage","rust","garbage-rust","ConcreteMatch","NegativeMatch"
"1162","67d9b887153011f49e8a5f3f","control_Dissimilar","0","DissimilarControl","give","take","give-take","",""
"1163","67d9b887153011f49e8a5f3f","test_ValenceMatch_Positive","0","ValenceMatchingOnly","flowers","happiness","flowers-happiness","ConcreteMismatch","PositiveMatch"
"1164","67d9b887153011f49e8a5f3f","control_MaxMismatch","0","MaxMismatch","peace","stench","peace-stench","AbstractMismatch","PositiveMismatch"
"1165","67d9b887153011f49e8a5f3f","test_ConceptualMatch_Abstract","0","ConceptualMatchingOnly","grief","hope","grief-hope","ConceptualMatch:abstract","NegativeMismatch"
"1166","67d9b887153011f49e8a5f3f","test_ConceptualMatch_Concrete","0","ConceptualMatchingOnly","rain","stench","rain-stench","ConceptualMatch:concrete","PositiveMismatch"
"1167","67d9b887153011f49e8a5f3f","test_ValenceMatch_Negative","0","ValenceMatchingOnly","envy","smoke","envy-smoke","AbstractMismatch","NegativeMatch"
"1168","67d9b887153011f49e8a5f3f","control_MaxMatch_Positive_Concrete","0","MaxMatch","sunshine","laughter","sunshine-laughter","ConcreteMatch","PositiveMatch"
"1169","67d9b887153011f49e8a5f3f","control_MaxMatch_Negative_Abstract","0","MaxMatch","anxiety","grief","anxiety-grief","AbstractMatch","NegativeMatch"
"1170","67d9b887153011f49e8a5f3f","control_Similar","0","SimilarControl","need","require","need-require","",""
"1171","6376916db0ae9a57d377d0d2","control_Similar","99","SimilarControl","need","require","need-require","",""
"1172","6376916db0ae9a57d377d0d2","control_Dissimilar","3","DissimilarControl","add","remove","add-remove","",""
"1173","6376916db0ae9a57d377d0d2","test_ValenceMatch_Positive","0","ValenceMatchingOnly","rain","peace","rain-peace","ConcreteMismatch","PositiveMatch"
"1174","6376916db0ae9a57d377d0d2","control_MaxMatch_Positive_Concrete","0","MaxMatch","music","chocolate","music-chocolate","ConcreteMatch","PositiveMatch"
"1175","6376916db0ae9a57d377d0d2","control_Similar","99","SimilarControl","ask","inquire","ask-inquire","",""
"1176","6376916db0ae9a57d377d0d2","control_MaxMismatch","3","MaxMismatch","inspiration","rot","inspiration-rot","AbstractMismatch","PositiveMismatch"
"1177","6376916db0ae9a57d377d0d2","control_MaxMatch_Positive_Abstract","72","MaxMatch","hope","joy","hope-joy","AbstractMatch","PositiveMatch"
"1178","6376916db0ae9a57d377d0d2","test_ConceptualMatch_Abstract","1","ConceptualMatchingOnly","guilt","happiness","guilt-happiness","ConceptualMatch:abstract","NegativeMismatch"
"1179","6376916db0ae9a57d377d0d2","control_MaxMatch_Negative_Concrete","0","MaxMatch","rust","filth","rust-filth","ConcreteMatch","NegativeMatch"
"1180","6376916db0ae9a57d377d0d2","test_ConceptualMatch_Concrete","0","ConceptualMatchingOnly","flowers","injury","flowers-injury","ConceptualMatch:concrete","PositiveMismatch"
"1181","6376916db0ae9a57d377d0d2","test_ValenceMatch_Negative","3","ValenceMatchingOnly","failure","mud","failure-mud","AbstractMismatch","NegativeMatch"
"1182","6376916db0ae9a57d377d0d2","control_MaxMatch_Negative_Abstract","67","MaxMatch","guilt","grief","guilt-grief","AbstractMatch","NegativeMatch"
"1183","6376916db0ae9a57d377d0d2","control_Dissimilar","3","DissimilarControl","give","take","give-take","",""
"1184","6376916db0ae9a57d377d0d2","control_Similar","97","SimilarControl","help","assist","help-assist","",""
"1185","6376916db0ae9a57d377d0d2","control_Dissimilar","0","DissimilarControl","open","close","open-close","",""
"1186","6376916db0ae9a57d377d0d2","test_ValenceMatch_Positive","17","ValenceMatchingOnly","music","hope","music-hope","ConcreteMismatch","PositiveMatch"
"1187","6376916db0ae9a57d377d0d2","control_MaxMatch_Positive_Concrete","0","MaxMatch","home","rain","home-rain","ConcreteMatch","PositiveMatch"
"1188","6376916db0ae9a57d377d0d2","control_Similar","95","SimilarControl","speak","talk","speak-talk","",""
"1189","6376916db0ae9a57d377d0d2","control_MaxMismatch","2","MaxMismatch","hope","stench","hope-stench","AbstractMismatch","PositiveMismatch"
"1190","6376916db0ae9a57d377d0d2","control_MaxMatch_Positive_Abstract","89","MaxMatch","hope","inspiration","hope-inspiration","AbstractMatch","PositiveMatch"
"1191","6376916db0ae9a57d377d0d2","test_ConceptualMatch_Abstract","0","ConceptualMatchingOnly","guilt","peace","guilt-peace","ConceptualMatch:abstract","NegativeMismatch"
"1192","6376916db0ae9a57d377d0d2","control_MaxMatch_Negative_Concrete","73","MaxMatch","garbage","filth","garbage-filth","ConcreteMatch","NegativeMatch"
"1193","6376916db0ae9a57d377d0d2","test_ConceptualMatch_Concrete","58","ConceptualMatchingOnly","music","filth","music-filth","ConceptualMatch:concrete","PositiveMismatch"
"1194","6376916db0ae9a57d377d0d2","test_ValenceMatch_Negative","0","ValenceMatchingOnly","regret","mold","regret-mold","AbstractMismatch","NegativeMatch"
"1195","6376916db0ae9a57d377d0d2","control_MaxMatch_Negative_Abstract","0","MaxMatch","regret","envy","regret-envy","AbstractMatch","NegativeMatch"
"1196","6376916db0ae9a57d377d0d2","control_Dissimilar","0","DissimilarControl","begin","end","begin-end","",""
"1197","6376916db0ae9a57d377d0d2","control_Similar","99","SimilarControl","begin","start","begin-start","",""
"1198","6376916db0ae9a57d377d0d2","control_Dissimilar","0","DissimilarControl","enter","exit","enter-exit","",""
"1199","6376916db0ae9a57d377d0d2","test_ValenceMatch_Positive","0","ValenceMatchingOnly","fireplace","love","fireplace-love","ConcreteMismatch","PositiveMatch"
"1200","6376916db0ae9a57d377d0d2","control_MaxMatch_Positive_Concrete","3","MaxMatch","rain","fireplace","rain-fireplace","ConcreteMatch","PositiveMatch"
"1201","6376916db0ae9a57d377d0d2","control_Similar","97","SimilarControl","end","finish","end-finish","",""
"1202","6376916db0ae9a57d377d0d2","control_MaxMismatch","0","MaxMismatch","kindness","mold","kindness-mold","AbstractMismatch","PositiveMismatch"
"1203","6376916db0ae9a57d377d0d2","control_MaxMatch_Positive_Abstract","72","MaxMatch","kindness","inspiration","kindness-inspiration","AbstractMatch","PositiveMatch"
"1204","6376916db0ae9a57d377d0d2","test_ConceptualMatch_Abstract","0","ConceptualMatchingOnly","lonliness","gratitude","lonliness-gratitude","ConceptualMatch:abstract","NegativeMismatch"
"1205","6376916db0ae9a57d377d0d2","control_MaxMatch_Negative_Concrete","2","MaxMatch","mud","rust","mud-rust","ConcreteMatch","NegativeMatch"
"1206","6376916db0ae9a57d377d0d2","test_ConceptualMatch_Concrete","1","ConceptualMatchingOnly","chocolate","filth","chocolate-filth","ConceptualMatch:concrete","PositiveMismatch"
"1207","6376916db0ae9a57d377d0d2","test_ValenceMatch_Negative","1","ValenceMatchingOnly","regret","mud","regret-mud","AbstractMismatch","NegativeMatch"
"1208","6376916db0ae9a57d377d0d2","control_MaxMatch_Negative_Abstract","72","MaxMatch","regret","resentment","regret-resentment","AbstractMatch","NegativeMatch"
"1209","6376916db0ae9a57d377d0d2","control_Dissimilar","0","DissimilarControl","push","pull","push-pull","",""
"1210","6376916db0ae9a57d377d0d2","control_Similar","64","SimilarControl","use","employ","use-employ","",""
"1211","6376916db0ae9a57d377d0d2","control_Dissimilar","3","DissimilarControl","increase","decrease","increase-decrease","",""
"1212","6376916db0ae9a57d377d0d2","test_ValenceMatch_Positive","3","ValenceMatchingOnly","chocolate","compassion","chocolate-compassion","ConcreteMismatch","PositiveMatch"
"1213","6376916db0ae9a57d377d0d2","control_MaxMatch_Positive_Concrete","2","MaxMatch","laughter","flowers","laughter-flowers","ConcreteMatch","PositiveMatch"
"1214","6376916db0ae9a57d377d0d2","control_Similar","97","SimilarControl","get","obtain","get-obtain","",""
"1215","6376916db0ae9a57d377d0d2","control_MaxMismatch","0","MaxMismatch","freedom","rot","freedom-rot","AbstractMismatch","PositiveMismatch"
"1216","6376916db0ae9a57d377d0d2","control_MaxMatch_Positive_Abstract","71","MaxMatch","hope","kindness","hope-kindness","AbstractMatch","PositiveMatch"
"1217","6376916db0ae9a57d377d0d2","test_ConceptualMatch_Abstract","0","ConceptualMatchingOnly","failure","compassion","failure-compassion","ConceptualMatch:abstract","NegativeMismatch"
"1218","6376916db0ae9a57d377d0d2","control_MaxMatch_Negative_Concrete","24","MaxMatch","vomit","filth","vomit-filth","ConcreteMatch","NegativeMatch"
"1219","6376916db0ae9a57d377d0d2","test_ConceptualMatch_Concrete","1","ConceptualMatchingOnly","home","filth","home-filth","ConceptualMatch:concrete","PositiveMismatch"
"1220","6376916db0ae9a57d377d0d2","test_ValenceMatch_Negative","2","ValenceMatchingOnly","shame","garbage","shame-garbage","AbstractMismatch","NegativeMatch"
"1221","6376916db0ae9a57d377d0d2","control_MaxMatch_Negative_Abstract","90","MaxMatch","despair","grief","despair-grief","AbstractMatch","NegativeMatch"
"1222","6376916db0ae9a57d377d0d2","control_Dissimilar","3","DissimilarControl","come","go","come-go","",""
"1223","6376916db0ae9a57d377d0d2","control_Similar","99","SimilarControl","show","display","show-display","",""
"1224","6376916db0ae9a57d377d0d2","control_Dissimilar","2","DissimilarControl","arrive","leave","arrive-leave","",""
"1225","6376916db0ae9a57d377d0d2","test_ValenceMatch_Positive","1","ValenceMatchingOnly","sunshine","love","sunshine-love","ConcreteMismatch","PositiveMatch"
"1226","6376916db0ae9a57d377d0d2","control_MaxMatch_Positive_Concrete","3","MaxMatch","hug","home","hug-home","ConcreteMatch","PositiveMatch"
"1227","6376916db0ae9a57d377d0d2","control_Similar","98","SimilarControl","buy","purchase","buy-purchase","",""
"1228","6376916db0ae9a57d377d0d2","control_MaxMismatch","2","MaxMismatch","compassion","garbage","compassion-garbage","AbstractMismatch","PositiveMismatch"
"1229","6376916db0ae9a57d377d0d2","control_MaxMatch_Positive_Abstract","95","MaxMatch","happiness","gratitude","happiness-gratitude","AbstractMatch","PositiveMatch"
"1230","6376916db0ae9a57d377d0d2","test_ConceptualMatch_Abstract","0","ConceptualMatchingOnly","failure","love","failure-love","ConceptualMatch:abstract","NegativeMismatch"
"1231","6376916db0ae9a57d377d0d2","control_MaxMatch_Negative_Concrete","1","MaxMatch","smoke","vomit","smoke-vomit","ConcreteMatch","NegativeMatch"
"1232","6376916db0ae9a57d377d0d2","test_ConceptualMatch_Concrete","1","ConceptualMatchingOnly","fireplace","rust","fireplace-rust","ConceptualMatch:concrete","PositiveMismatch"
"1233","6376916db0ae9a57d377d0d2","test_ValenceMatch_Negative","2","ValenceMatchingOnly","envy","smoke","envy-smoke","AbstractMismatch","NegativeMatch"
"1234","6376916db0ae9a57d377d0d2","control_MaxMatch_Negative_Abstract","0","MaxMatch","anxiety","grief","anxiety-grief","AbstractMatch","NegativeMatch"
"1235","6376916db0ae9a57d377d0d2","control_Dissimilar","3","DissimilarControl","rise","fall","rise-fall","",""
"1236","6548f960db60a00d76e92695","control_Similar","99","SimilarControl","begin","start","begin-start","",""
"1237","6548f960db60a00d76e92695","control_Dissimilar","0","DissimilarControl","give","take","give-take","",""
"1238","6548f960db60a00d76e92695","test_ConceptualMatch_Abstract","0","ConceptualMatchingOnly","lonliness","peace","lonliness-peace","ConceptualMatch:abstract","NegativeMismatch"
"1239","6548f960db60a00d76e92695","control_Similar","99","SimilarControl","speak","talk","speak-talk","",""
"1240","6548f960db60a00d76e92695","test_ValenceMatch_Negative","0","ValenceMatchingOnly","grief","injury","grief-injury","AbstractMismatch","NegativeMatch"
"1241","6548f960db60a00d76e92695","test_ValenceMatch_Positive","0","ValenceMatchingOnly","fireplace","love","fireplace-love","ConcreteMismatch","PositiveMatch"
"1242","6548f960db60a00d76e92695","control_Dissimilar","0","DissimilarControl","enter","exit","enter-exit","",""
"1243","6548f960db60a00d76e92695","control_MaxMatch_Positive_Abstract","22","MaxMatch","happiness","inspiration","happiness-inspiration","AbstractMatch","PositiveMatch"
"1244","6548f960db60a00d76e92695","control_MaxMatch_Negative_Concrete","99","MaxMatch","rot","filth","rot-filth","ConcreteMatch","NegativeMatch"
"1245","6548f960db60a00d76e92695","control_MaxMatch_Negative_Abstract","0","MaxMatch","failure","envy","failure-envy","AbstractMatch","NegativeMatch"
"1246","6548f960db60a00d76e92695","test_ConceptualMatch_Concrete","0","ConceptualMatchingOnly","hug","mold","hug-mold","ConceptualMatch:concrete","PositiveMismatch"
"1247","6548f960db60a00d76e92695","control_MaxMatch_Positive_Concrete","0","MaxMatch","rain","fireplace","rain-fireplace","ConcreteMatch","PositiveMatch"
"1248","6548f960db60a00d76e92695","control_MaxMismatch","0","MaxMismatch","inspiration","rust","inspiration-rust","AbstractMismatch","PositiveMismatch"
"1249","6548f960db60a00d76e92695","control_Similar","99","SimilarControl","help","assist","help-assist","",""
"1250","6548f960db60a00d76e92695","control_Dissimilar","0","DissimilarControl","rise","fall","rise-fall","",""
"1251","6548f960db60a00d76e92695","test_ConceptualMatch_Abstract","0","ConceptualMatchingOnly","despair","hope","despair-hope","ConceptualMatch:abstract","NegativeMismatch"
"1252","6548f960db60a00d76e92695","control_Similar","99","SimilarControl","buy","purchase","buy-purchase","",""
"1253","6548f960db60a00d76e92695","test_ValenceMatch_Negative","0","ValenceMatchingOnly","grief","filth","grief-filth","AbstractMismatch","NegativeMatch"
"1254","6548f960db60a00d76e92695","test_ValenceMatch_Positive","0","ValenceMatchingOnly","beach","love","beach-love","ConcreteMismatch","PositiveMatch"
"1255","6548f960db60a00d76e92695","control_Dissimilar","0","DissimilarControl","push","pull","push-pull","",""
"1256","6548f960db60a00d76e92695","control_MaxMatch_Positive_Abstract","0","MaxMatch","peace","inspiration","peace-inspiration","AbstractMatch","PositiveMatch"
"1257","6548f960db60a00d76e92695","control_MaxMatch_Negative_Concrete","3","MaxMatch","smoke","stench","smoke-stench","ConcreteMatch","NegativeMatch"
"1258","6548f960db60a00d76e92695","control_MaxMatch_Negative_Abstract","0","MaxMatch","lonliness","envy","lonliness-envy","AbstractMatch","NegativeMatch"
"1259","6548f960db60a00d76e92695","test_ConceptualMatch_Concrete","0","ConceptualMatchingOnly","laughter","smoke","laughter-smoke","ConceptualMatch:concrete","PositiveMismatch"
"1260","6548f960db60a00d76e92695","control_MaxMatch_Positive_Concrete","0","MaxMatch","laughter","music","laughter-music","ConcreteMatch","PositiveMatch"
"1261","6548f960db60a00d76e92695","control_MaxMismatch","0","MaxMismatch","happiness","rust","happiness-rust","AbstractMismatch","PositiveMismatch"
"1262","6548f960db60a00d76e92695","control_Similar","88","SimilarControl","use","employ","use-employ","",""
"1263","6548f960db60a00d76e92695","control_Dissimilar","0","DissimilarControl","arrive","leave","arrive-leave","",""
"1264","6548f960db60a00d76e92695","test_ConceptualMatch_Abstract","0","ConceptualMatchingOnly","failure","kindness","failure-kindness","ConceptualMatch:abstract","NegativeMismatch"
"1265","6548f960db60a00d76e92695","control_Similar","99","SimilarControl","ask","inquire","ask-inquire","",""
"1266","6548f960db60a00d76e92695","test_ValenceMatch_Negative","0","ValenceMatchingOnly","anxiety","rust","anxiety-rust","AbstractMismatch","NegativeMatch"
"1267","6548f960db60a00d76e92695","test_ValenceMatch_Positive","0","ValenceMatchingOnly","sunshine","joy","sunshine-joy","ConcreteMismatch","PositiveMatch"
"1268","6548f960db60a00d76e92695","control_Dissimilar","0","DissimilarControl","begin","end","begin-end","",""
"1269","6548f960db60a00d76e92695","control_MaxMatch_Positive_Abstract","0","MaxMatch","joy","inspiration","joy-inspiration","AbstractMatch","PositiveMatch"
"1270","6548f960db60a00d76e92695","control_MaxMatch_Negative_Concrete","88","MaxMatch","mud","filth","mud-filth","ConcreteMatch","NegativeMatch"
"1271","6548f960db60a00d76e92695","control_MaxMatch_Negative_Abstract","0","MaxMatch","anxiety","envy","anxiety-envy","AbstractMatch","NegativeMatch"
"1272","6548f960db60a00d76e92695","test_ConceptualMatch_Concrete","0","ConceptualMatchingOnly","chocolate","stench","chocolate-stench","ConceptualMatch:concrete","PositiveMismatch"
"1273","6548f960db60a00d76e92695","control_MaxMatch_Positive_Concrete","0","MaxMatch","music","hug","music-hug","ConcreteMatch","PositiveMatch"
"1274","6548f960db60a00d76e92695","control_MaxMismatch","0","MaxMismatch","kindness","smoke","kindness-smoke","AbstractMismatch","PositiveMismatch"
"1275","6548f960db60a00d76e92695","control_Similar","0","SimilarControl","need","require","need-require","",""
"1276","6548f960db60a00d76e92695","control_Dissimilar","0","DissimilarControl","increase","decrease","increase-decrease","",""
"1277","6548f960db60a00d76e92695","test_ConceptualMatch_Abstract","0","ConceptualMatchingOnly","regret","peace","regret-peace","ConceptualMatch:abstract","NegativeMismatch"
"1278","6548f960db60a00d76e92695","control_Similar","99","SimilarControl","end","finish","end-finish","",""
"1279","6548f960db60a00d76e92695","test_ValenceMatch_Negative","0","ValenceMatchingOnly","lonliness","garbage","lonliness-garbage","AbstractMismatch","NegativeMatch"
"1280","6548f960db60a00d76e92695","test_ValenceMatch_Positive","0","ValenceMatchingOnly","chocolate","freedom","chocolate-freedom","ConcreteMismatch","PositiveMatch"
"1281","6548f960db60a00d76e92695","control_Dissimilar","99","DissimilarControl","come","go","come-go","",""
"1282","6548f960db60a00d76e92695","control_MaxMatch_Positive_Abstract","0","MaxMatch","freedom","kindness","freedom-kindness","AbstractMatch","PositiveMatch"
"1283","6548f960db60a00d76e92695","control_MaxMatch_Negative_Concrete","0","MaxMatch","smoke","garbage","smoke-garbage","ConcreteMatch","NegativeMatch"
"1284","6548f960db60a00d76e92695","control_MaxMatch_Negative_Abstract","0","MaxMatch","anxiety","resentment","anxiety-resentment","AbstractMatch","NegativeMatch"
"1285","6548f960db60a00d76e92695","test_ConceptualMatch_Concrete","0","ConceptualMatchingOnly","chocolate","mold","chocolate-mold","ConceptualMatch:concrete","PositiveMismatch"
"1286","6548f960db60a00d76e92695","control_MaxMatch_Positive_Concrete","0","MaxMatch","flowers","fireplace","flowers-fireplace","ConcreteMatch","PositiveMatch"
"1287","6548f960db60a00d76e92695","control_MaxMismatch","0","MaxMismatch","love","injury","love-injury","AbstractMismatch","PositiveMismatch"
"1288","6548f960db60a00d76e92695","control_Similar","99","SimilarControl","get","obtain","get-obtain","",""
"1289","6548f960db60a00d76e92695","control_Dissimilar","0","DissimilarControl","open","close","open-close","",""
"1290","6548f960db60a00d76e92695","test_ConceptualMatch_Abstract","0","ConceptualMatchingOnly","envy","happiness","envy-happiness","ConceptualMatch:abstract","NegativeMismatch"
"1291","6548f960db60a00d76e92695","control_Similar","0","SimilarControl","show","display","show-display","",""
"1292","6548f960db60a00d76e92695","test_ValenceMatch_Negative","0","ValenceMatchingOnly","shame","mold","shame-mold","AbstractMismatch","NegativeMatch"
"1293","6548f960db60a00d76e92695","test_ValenceMatch_Positive","0","ValenceMatchingOnly","home","happiness","home-happiness","ConcreteMismatch","PositiveMatch"
"1294","6548f960db60a00d76e92695","control_Dissimilar","0","DissimilarControl","add","remove","add-remove","",""
"1295","6548f960db60a00d76e92695","control_MaxMatch_Positive_Abstract","0","MaxMatch","hope","compassion","hope-compassion","AbstractMatch","PositiveMatch"
"1296","6548f960db60a00d76e92695","control_MaxMatch_Negative_Concrete","0","MaxMatch","mud","injury","mud-injury","ConcreteMatch","NegativeMatch"
"1297","6548f960db60a00d76e92695","control_MaxMatch_Negative_Abstract","81","MaxMatch","guilt","shame","guilt-shame","AbstractMatch","NegativeMatch"
"1298","6548f960db60a00d76e92695","test_ConceptualMatch_Concrete","0","ConceptualMatchingOnly","chocolate","rust","chocolate-rust","ConceptualMatch:concrete","PositiveMismatch"
"1299","6548f960db60a00d76e92695","control_MaxMatch_Positive_Concrete","0","MaxMatch","beach","home","beach-home","ConcreteMatch","PositiveMatch"
"1300","6548f960db60a00d76e92695","control_MaxMismatch","0","MaxMismatch","kindness","injury","kindness-injury","AbstractMismatch","PositiveMismatch"
"1301","5f15f2a9eeada712d2014314","control_Dissimilar","3","DissimilarControl","push","pull","push-pull","",""
"1302","5f15f2a9eeada712d2014314","control_Similar","96","SimilarControl","ask","inquire","ask-inquire","",""
"1303","5f15f2a9eeada712d2014314","control_MaxMatch_Positive_Abstract","83","MaxMatch","peace","freedom","peace-freedom","AbstractMatch","PositiveMatch"
"1304","5f15f2a9eeada712d2014314","test_ValenceMatch_Negative","37","ValenceMatchingOnly","guilt","injury","guilt-injury","AbstractMismatch","NegativeMatch"
"1305","5f15f2a9eeada712d2014314","control_MaxMatch_Positive_Concrete","48","MaxMatch","laughter","fireplace","laughter-fireplace","ConcreteMatch","PositiveMatch"
"1306","5f15f2a9eeada712d2014314","test_ValenceMatch_Positive","55","ValenceMatchingOnly","sunshine","compassion","sunshine-compassion","ConcreteMismatch","PositiveMatch"
"1307","5f15f2a9eeada712d2014314","control_MaxMatch_Negative_Concrete","27","MaxMatch","garbage","stench","garbage-stench","ConcreteMatch","NegativeMatch"
"1308","5f15f2a9eeada712d2014314","control_Dissimilar","5","DissimilarControl","come","go","come-go","",""
"1309","5f15f2a9eeada712d2014314","control_Similar","99","SimilarControl","help","assist","help-assist","",""
"1310","5f15f2a9eeada712d2014314","test_ConceptualMatch_Concrete","48","ConceptualMatchingOnly","fireplace","garbage","fireplace-garbage","ConceptualMatch:concrete","PositiveMismatch"
"1311","5f15f2a9eeada712d2014314","control_MaxMatch_Negative_Abstract","54","MaxMatch","anxiety","shame","anxiety-shame","AbstractMatch","NegativeMatch"
"1312","5f15f2a9eeada712d2014314","test_ConceptualMatch_Abstract","41","ConceptualMatchingOnly","lonliness","inspiration","lonliness-inspiration","ConceptualMatch:abstract","NegativeMismatch"
"1313","5f15f2a9eeada712d2014314","control_MaxMismatch","41","MaxMismatch","compassion","injury","compassion-injury","AbstractMismatch","PositiveMismatch"
"1314","5f15f2a9eeada712d2014314","control_Dissimilar","0","DissimilarControl","arrive","leave","arrive-leave","",""
"1315","5f15f2a9eeada712d2014314","control_Similar","99","SimilarControl","end","finish","end-finish","",""
"1316","5f15f2a9eeada712d2014314","control_MaxMatch_Positive_Abstract","67","MaxMatch","love","joy","love-joy","AbstractMatch","PositiveMatch"
"1317","5f15f2a9eeada712d2014314","test_ValenceMatch_Negative","45","ValenceMatchingOnly","anxiety","rust","anxiety-rust","AbstractMismatch","NegativeMatch"
"1318","5f15f2a9eeada712d2014314","control_MaxMatch_Positive_Concrete","62","MaxMatch","laughter","music","laughter-music","ConcreteMatch","PositiveMatch"
"1319","5f15f2a9eeada712d2014314","test_ValenceMatch_Positive","56","ValenceMatchingOnly","flowers","hope","flowers-hope","ConcreteMismatch","PositiveMatch"
"1320","5f15f2a9eeada712d2014314","control_MaxMatch_Negative_Concrete","46","MaxMatch","injury","stench","injury-stench","ConcreteMatch","NegativeMatch"
"1321","5f15f2a9eeada712d2014314","control_Dissimilar","0","DissimilarControl","open","close","open-close","",""
"1322","5f15f2a9eeada712d2014314","control_Similar","96","SimilarControl","show","display","show-display","",""
"1323","5f15f2a9eeada712d2014314","test_ConceptualMatch_Concrete","46","ConceptualMatchingOnly","music","stench","music-stench","ConceptualMatch:concrete","PositiveMismatch"
"1324","5f15f2a9eeada712d2014314","control_MaxMatch_Negative_Abstract","48","MaxMatch","grief","resentment","grief-resentment","AbstractMatch","NegativeMatch"
"1325","5f15f2a9eeada712d2014314","test_ConceptualMatch_Abstract","30","ConceptualMatchingOnly","regret","inspiration","regret-inspiration","ConceptualMatch:abstract","NegativeMismatch"
"1326","5f15f2a9eeada712d2014314","control_MaxMismatch","43","MaxMismatch","love","smoke","love-smoke","AbstractMismatch","PositiveMismatch"
"1327","5f15f2a9eeada712d2014314","control_Dissimilar","6","DissimilarControl","rise","fall","rise-fall","",""
"1328","5f15f2a9eeada712d2014314","control_Similar","85","SimilarControl","need","require","need-require","",""
"1329","5f15f2a9eeada712d2014314","control_MaxMatch_Positive_Abstract","79","MaxMatch","love","compassion","love-compassion","AbstractMatch","PositiveMatch"
"1330","5f15f2a9eeada712d2014314","test_ValenceMatch_Negative","42","ValenceMatchingOnly","despair","rot","despair-rot","AbstractMismatch","NegativeMatch"
"1331","5f15f2a9eeada712d2014314","control_MaxMatch_Positive_Concrete","44","MaxMatch","music","beach","music-beach","ConcreteMatch","PositiveMatch"
"1332","5f15f2a9eeada712d2014314","test_ValenceMatch_Positive","55","ValenceMatchingOnly","hug","inspiration","hug-inspiration","ConcreteMismatch","PositiveMatch"
"1333","5f15f2a9eeada712d2014314","control_MaxMatch_Negative_Concrete","80","MaxMatch","rot","stench","rot-stench","ConcreteMatch","NegativeMatch"
"1334","5f15f2a9eeada712d2014314","control_Dissimilar","0","DissimilarControl","add","remove","add-remove","",""
"1335","5f15f2a9eeada712d2014314","control_Similar","88","SimilarControl","buy","purchase","buy-purchase","",""
"1336","5f15f2a9eeada712d2014314","test_ConceptualMatch_Concrete","45","ConceptualMatchingOnly","music","smoke","music-smoke","ConceptualMatch:concrete","PositiveMismatch"
"1337","5f15f2a9eeada712d2014314","control_MaxMatch_Negative_Abstract","54","MaxMatch","anxiety","resentment","anxiety-resentment","AbstractMatch","NegativeMatch"
"1338","5f15f2a9eeada712d2014314","test_ConceptualMatch_Abstract","34","ConceptualMatchingOnly","resentment","peace","resentment-peace","ConceptualMatch:abstract","NegativeMismatch"
"1339","5f15f2a9eeada712d2014314","control_MaxMismatch","38","MaxMismatch","inspiration","injury","inspiration-injury","AbstractMismatch","PositiveMismatch"
"1340","5f15f2a9eeada712d2014314","control_Dissimilar","0","DissimilarControl","enter","exit","enter-exit","",""
"1341","5f15f2a9eeada712d2014314","control_Similar","64","SimilarControl","use","employ","use-employ","",""
"1342","5f15f2a9eeada712d2014314","control_MaxMatch_Positive_Abstract","61","MaxMatch","happiness","compassion","happiness-compassion","AbstractMatch","PositiveMatch"
"1343","5f15f2a9eeada712d2014314","test_ValenceMatch_Negative","40","ValenceMatchingOnly","anxiety","smoke","anxiety-smoke","AbstractMismatch","NegativeMatch"
"1344","5f15f2a9eeada712d2014314","control_MaxMatch_Positive_Concrete","44","MaxMatch","laughter","rain","laughter-rain","ConcreteMatch","PositiveMatch"
"1345","5f15f2a9eeada712d2014314","test_ValenceMatch_Positive","56","ValenceMatchingOnly","home","inspiration","home-inspiration","ConcreteMismatch","PositiveMatch"
"1346","5f15f2a9eeada712d2014314","control_MaxMatch_Negative_Concrete","83","MaxMatch","garbage","filth","garbage-filth","ConcreteMatch","NegativeMatch"
"1347","5f15f2a9eeada712d2014314","control_Dissimilar","1","DissimilarControl","begin","end","begin-end","",""
"1348","5f15f2a9eeada712d2014314","control_Similar","58","SimilarControl","get","obtain","get-obtain","",""
"1349","5f15f2a9eeada712d2014314","test_ConceptualMatch_Concrete","25","ConceptualMatchingOnly","beach","garbage","beach-garbage","ConceptualMatch:concrete","PositiveMismatch"
"1350","5f15f2a9eeada712d2014314","control_MaxMatch_Negative_Abstract","64","MaxMatch","lonliness","grief","lonliness-grief","AbstractMatch","NegativeMatch"
"1351","5f15f2a9eeada712d2014314","test_ConceptualMatch_Abstract","17","ConceptualMatchingOnly","lonliness","hope","lonliness-hope","ConceptualMatch:abstract","NegativeMismatch"
"1352","5f15f2a9eeada712d2014314","control_MaxMismatch","18","MaxMismatch","happiness","filth","happiness-filth","AbstractMismatch","PositiveMismatch"
"1353","5f15f2a9eeada712d2014314","control_Dissimilar","0","DissimilarControl","give","take","give-take","",""
"1354","5f15f2a9eeada712d2014314","control_Similar","99","SimilarControl","begin","start","begin-start","",""
"1355","5f15f2a9eeada712d2014314","control_MaxMatch_Positive_Abstract","67","MaxMatch","peace","compassion","peace-compassion","AbstractMatch","PositiveMatch"
"1356","5f15f2a9eeada712d2014314","test_ValenceMatch_Negative","54","ValenceMatchingOnly","despair","smoke","despair-smoke","AbstractMismatch","NegativeMatch"
"1357","5f15f2a9eeada712d2014314","control_MaxMatch_Positive_Concrete","69","MaxMatch","flowers","chocolate","flowers-chocolate","ConcreteMatch","PositiveMatch"
"1358","5f15f2a9eeada712d2014314","test_ValenceMatch_Positive","68","ValenceMatchingOnly","music","joy","music-joy","ConcreteMismatch","PositiveMatch"
"1359","5f15f2a9eeada712d2014314","control_MaxMatch_Negative_Concrete","44","MaxMatch","smoke","stench","smoke-stench","ConcreteMatch","NegativeMatch"
"1360","5f15f2a9eeada712d2014314","control_Dissimilar","0","DissimilarControl","increase","decrease","increase-decrease","",""
"1361","5f15f2a9eeada712d2014314","control_Similar","81","SimilarControl","speak","talk","speak-talk","",""
"1362","5f15f2a9eeada712d2014314","test_ConceptualMatch_Concrete","24","ConceptualMatchingOnly","beach","rot","beach-rot","ConceptualMatch:concrete","PositiveMismatch"
"1363","5f15f2a9eeada712d2014314","control_MaxMatch_Negative_Abstract","59","MaxMatch","grief","failure","grief-failure","AbstractMatch","NegativeMatch"
"1364","5f15f2a9eeada712d2014314","test_ConceptualMatch_Abstract","40","ConceptualMatchingOnly","lonliness","freedom","lonliness-freedom","ConceptualMatch:abstract","NegativeMismatch"
"1365","5f15f2a9eeada712d2014314","control_MaxMismatch","29","MaxMismatch","kindness","filth","kindness-filth","AbstractMismatch","PositiveMismatch"
"1366","60cb3c4b9454f7a196355088","control_Similar","99","SimilarControl","end","finish","end-finish","",""
"1367","60cb3c4b9454f7a196355088","control_Dissimilar","0","DissimilarControl","enter","exit","enter-exit","",""
"1368","60cb3c4b9454f7a196355088","test_ConceptualMatch_Abstract","0","ConceptualMatchingOnly","resentment","gratitude","resentment-gratitude","ConceptualMatch:abstract","NegativeMismatch"
"1369","60cb3c4b9454f7a196355088","control_MaxMatch_Negative_Concrete","61","MaxMatch","rot","mud","rot-mud","ConcreteMatch","NegativeMatch"
"1370","60cb3c4b9454f7a196355088","control_MaxMatch_Positive_Concrete","0","MaxMatch","laughter","beach","laughter-beach","ConcreteMatch","PositiveMatch"
"1371","60cb3c4b9454f7a196355088","test_ConceptualMatch_Concrete","0","ConceptualMatchingOnly","beach","rot","beach-rot","ConceptualMatch:concrete","PositiveMismatch"
"1372","60cb3c4b9454f7a196355088","control_MaxMatch_Negative_Abstract","63","MaxMatch","anxiety","grief","anxiety-grief","AbstractMatch","NegativeMatch"
"1373","60cb3c4b9454f7a196355088","test_ValenceMatch_Negative","0","ValenceMatchingOnly","lonliness","stench","lonliness-stench","AbstractMismatch","NegativeMatch"
"1374","60cb3c4b9454f7a196355088","control_Similar","99","SimilarControl","ask","inquire","ask-inquire","",""
"1375","60cb3c4b9454f7a196355088","control_Dissimilar","24","DissimilarControl","rise","fall","rise-fall","",""
"1376","60cb3c4b9454f7a196355088","control_MaxMatch_Positive_Abstract","60","MaxMatch","happiness","inspiration","happiness-inspiration","AbstractMatch","PositiveMatch"
"1377","60cb3c4b9454f7a196355088","test_ValenceMatch_Positive","0","ValenceMatchingOnly","fireplace","joy","fireplace-joy","ConcreteMismatch","PositiveMatch"
"1378","60cb3c4b9454f7a196355088","control_MaxMismatch","0","MaxMismatch","kindness","garbage","kindness-garbage","AbstractMismatch","PositiveMismatch"
"1379","60cb3c4b9454f7a196355088","control_Similar","99","SimilarControl","buy","purchase","buy-purchase","",""
"1380","60cb3c4b9454f7a196355088","control_Dissimilar","0","DissimilarControl","arrive","leave","arrive-leave","",""
"1381","60cb3c4b9454f7a196355088","test_ConceptualMatch_Abstract","0","ConceptualMatchingOnly","guilt","love","guilt-love","ConceptualMatch:abstract","NegativeMismatch"
"1382","60cb3c4b9454f7a196355088","control_MaxMatch_Negative_Concrete","16","MaxMatch","vomit","mold","vomit-mold","ConcreteMatch","NegativeMatch"
"1383","60cb3c4b9454f7a196355088","control_MaxMatch_Positive_Concrete","0","MaxMatch","sunshine","home","sunshine-home","ConcreteMatch","PositiveMatch"
"1384","60cb3c4b9454f7a196355088","test_ConceptualMatch_Concrete","0","ConceptualMatchingOnly","rain","mold","rain-mold","ConceptualMatch:concrete","PositiveMismatch"
"1385","60cb3c4b9454f7a196355088","control_MaxMatch_Negative_Abstract","51","MaxMatch","anxiety","resentment","anxiety-resentment","AbstractMatch","NegativeMatch"
"1386","60cb3c4b9454f7a196355088","test_ValenceMatch_Negative","18","ValenceMatchingOnly","anxiety","rust","anxiety-rust","AbstractMismatch","NegativeMatch"
"1387","60cb3c4b9454f7a196355088","control_Similar","99","SimilarControl","begin","start","begin-start","",""
"1388","60cb3c4b9454f7a196355088","control_Dissimilar","0","DissimilarControl","open","close","open-close","",""
"1389","60cb3c4b9454f7a196355088","control_MaxMatch_Positive_Abstract","20","MaxMatch","love","peace","love-peace","AbstractMatch","PositiveMatch"
"1390","60cb3c4b9454f7a196355088","test_ValenceMatch_Positive","12","ValenceMatchingOnly","fireplace","compassion","fireplace-compassion","ConcreteMismatch","PositiveMatch"
"1391","60cb3c4b9454f7a196355088","control_MaxMismatch","0","MaxMismatch","happiness","vomit","happiness-vomit","AbstractMismatch","PositiveMismatch"
"1392","60cb3c4b9454f7a196355088","control_Similar","31","SimilarControl","use","employ","use-employ","",""
"1393","60cb3c4b9454f7a196355088","control_Dissimilar","0","DissimilarControl","push","pull","push-pull","",""
"1394","60cb3c4b9454f7a196355088","test_ConceptualMatch_Abstract","0","ConceptualMatchingOnly","envy","peace","envy-peace","ConceptualMatch:abstract","NegativeMismatch"
"1395","60cb3c4b9454f7a196355088","control_MaxMatch_Negative_Concrete","57","MaxMatch","mud","garbage","mud-garbage","ConcreteMatch","NegativeMatch"
"1396","60cb3c4b9454f7a196355088","control_MaxMatch_Positive_Concrete","0","MaxMatch","rain","chocolate","rain-chocolate","ConcreteMatch","PositiveMatch"
"1397","60cb3c4b9454f7a196355088","test_ConceptualMatch_Concrete","0","ConceptualMatchingOnly","laughter","vomit","laughter-vomit","ConceptualMatch:concrete","PositiveMismatch"
"1398","60cb3c4b9454f7a196355088","control_MaxMatch_Negative_Abstract","66","MaxMatch","regret","despair","regret-despair","AbstractMatch","NegativeMatch"
"1399","60cb3c4b9454f7a196355088","test_ValenceMatch_Negative","0","ValenceMatchingOnly","regret","smoke","regret-smoke","AbstractMismatch","NegativeMatch"
"1400","60cb3c4b9454f7a196355088","control_Similar","83","SimilarControl","need","require","need-require","",""
"1401","60cb3c4b9454f7a196355088","control_Dissimilar","0","DissimilarControl","begin","end","begin-end","",""
"1402","60cb3c4b9454f7a196355088","control_MaxMatch_Positive_Abstract","65","MaxMatch","hope","peace","hope-peace","AbstractMatch","PositiveMatch"
"1403","60cb3c4b9454f7a196355088","test_ValenceMatch_Positive","28","ValenceMatchingOnly","hug","gratitude","hug-gratitude","ConcreteMismatch","PositiveMatch"
"1404","60cb3c4b9454f7a196355088","control_MaxMismatch","0","MaxMismatch","happiness","mold","happiness-mold","AbstractMismatch","PositiveMismatch"
"1405","60cb3c4b9454f7a196355088","control_Similar","99","SimilarControl","get","obtain","get-obtain","",""
"1406","60cb3c4b9454f7a196355088","control_Dissimilar","61","DissimilarControl","give","take","give-take","",""
"1407","60cb3c4b9454f7a196355088","test_ConceptualMatch_Abstract","0","ConceptualMatchingOnly","shame","inspiration","shame-inspiration","ConceptualMatch:abstract","NegativeMismatch"
"1408","60cb3c4b9454f7a196355088","control_MaxMatch_Negative_Concrete","0","MaxMatch","rust","mold","rust-mold","ConcreteMatch","NegativeMatch"
"1409","60cb3c4b9454f7a196355088","control_MaxMatch_Positive_Concrete","0","MaxMatch","laughter","flowers","laughter-flowers","ConcreteMatch","PositiveMatch"
"1410","60cb3c4b9454f7a196355088","test_ConceptualMatch_Concrete","83","ConceptualMatchingOnly","fireplace","smoke","fireplace-smoke","ConceptualMatch:concrete","PositiveMismatch"
"1411","60cb3c4b9454f7a196355088","control_MaxMatch_Negative_Abstract","66","MaxMatch","anxiety","guilt","anxiety-guilt","AbstractMatch","NegativeMatch"
"1412","60cb3c4b9454f7a196355088","test_ValenceMatch_Negative","12","ValenceMatchingOnly","despair","rot","despair-rot","AbstractMismatch","NegativeMatch"
"1413","60cb3c4b9454f7a196355088","control_Similar","99","SimilarControl","help","assist","help-assist","",""
"1414","60cb3c4b9454f7a196355088","control_Dissimilar","0","DissimilarControl","increase","decrease","increase-decrease","",""
"1415","60cb3c4b9454f7a196355088","control_MaxMatch_Positive_Abstract","65","MaxMatch","peace","gratitude","peace-gratitude","AbstractMatch","PositiveMatch"
"1416","60cb3c4b9454f7a196355088","test_ValenceMatch_Positive","0","ValenceMatchingOnly","music","joy","music-joy","ConcreteMismatch","PositiveMatch"
"1417","60cb3c4b9454f7a196355088","control_MaxMismatch","0","MaxMismatch","kindness","injury","kindness-injury","AbstractMismatch","PositiveMismatch"
"1418","60cb3c4b9454f7a196355088","control_Similar","99","SimilarControl","speak","talk","speak-talk","",""
"1419","60cb3c4b9454f7a196355088","control_Dissimilar","0","DissimilarControl","come","go","come-go","",""
"1420","60cb3c4b9454f7a196355088","test_ConceptualMatch_Abstract","0","ConceptualMatchingOnly","anxiety","freedom","anxiety-freedom","ConceptualMatch:abstract","NegativeMismatch"
"1421","60cb3c4b9454f7a196355088","control_MaxMatch_Negative_Concrete","37","MaxMatch","rot","vomit","rot-vomit","ConcreteMatch","NegativeMatch"
"1422","60cb3c4b9454f7a196355088","control_MaxMatch_Positive_Concrete","0","MaxMatch","chocolate","fireplace","chocolate-fireplace","ConcreteMatch","PositiveMatch"
"1423","60cb3c4b9454f7a196355088","test_ConceptualMatch_Concrete","0","ConceptualMatchingOnly","rain","rot","rain-rot","ConceptualMatch:concrete","PositiveMismatch"
"1424","60cb3c4b9454f7a196355088","control_MaxMatch_Negative_Abstract","18","MaxMatch","guilt","envy","guilt-envy","AbstractMatch","NegativeMatch"
"1425","60cb3c4b9454f7a196355088","test_ValenceMatch_Negative","0","ValenceMatchingOnly","grief","rust","grief-rust","AbstractMismatch","NegativeMatch"
"1426","60cb3c4b9454f7a196355088","control_Similar","99","SimilarControl","show","display","show-display","",""
"1427","60cb3c4b9454f7a196355088","control_Dissimilar","0","DissimilarControl","add","remove","add-remove","",""
"1428","60cb3c4b9454f7a196355088","control_MaxMatch_Positive_Abstract","40","MaxMatch","joy","gratitude","joy-gratitude","AbstractMatch","PositiveMatch"
"1429","60cb3c4b9454f7a196355088","test_ValenceMatch_Positive","0","ValenceMatchingOnly","flowers","joy","flowers-joy","ConcreteMismatch","PositiveMatch"
"1430","60cb3c4b9454f7a196355088","control_MaxMismatch","0","MaxMismatch","hope","filth","hope-filth","AbstractMismatch","PositiveMismatch"
"1431","581e0aee4182b600017307ea","control_Similar","99","SimilarControl","get","obtain","get-obtain","",""
"1432","581e0aee4182b600017307ea","control_Dissimilar","0","DissimilarControl","increase","decrease","increase-decrease","",""
"1433","581e0aee4182b600017307ea","test_ValenceMatch_Negative","18","ValenceMatchingOnly","failure","rust","failure-rust","AbstractMismatch","NegativeMatch"
"1434","581e0aee4182b600017307ea","control_Similar","99","SimilarControl","begin","start","begin-start","",""
"1435","581e0aee4182b600017307ea","control_MaxMatch_Positive_Concrete","14","MaxMatch","music","beach","music-beach","ConcreteMatch","PositiveMatch"
"1436","581e0aee4182b600017307ea","test_ValenceMatch_Positive","50","ValenceMatchingOnly","music","gratitude","music-gratitude","ConcreteMismatch","PositiveMatch"
"1437","581e0aee4182b600017307ea","control_Dissimilar","0","DissimilarControl","rise","fall","rise-fall","",""
"1438","581e0aee4182b600017307ea","test_ConceptualMatch_Abstract","0","ConceptualMatchingOnly","shame","gratitude","shame-gratitude","ConceptualMatch:abstract","NegativeMismatch"
"1439","581e0aee4182b600017307ea","control_MaxMatch_Negative_Abstract","50","MaxMatch","lonliness","resentment","lonliness-resentment","AbstractMatch","NegativeMatch"
"1440","581e0aee4182b600017307ea","control_MaxMatch_Negative_Concrete","29","MaxMatch","mud","rust","mud-rust","ConcreteMatch","NegativeMatch"
"1441","581e0aee4182b600017307ea","control_MaxMatch_Positive_Abstract","99","MaxMatch","love","compassion","love-compassion","AbstractMatch","PositiveMatch"
"1442","581e0aee4182b600017307ea","control_MaxMismatch","0","MaxMismatch","joy","smoke","joy-smoke","AbstractMismatch","PositiveMismatch"
"1443","581e0aee4182b600017307ea","test_ConceptualMatch_Concrete","0","ConceptualMatchingOnly","hug","smoke","hug-smoke","ConceptualMatch:concrete","PositiveMismatch"
"1444","581e0aee4182b600017307ea","control_Similar","99","SimilarControl","help","assist","help-assist","",""
"1445","581e0aee4182b600017307ea","control_Dissimilar","0","DissimilarControl","enter","exit","enter-exit","",""
"1446","581e0aee4182b600017307ea","test_ValenceMatch_Negative","7","ValenceMatchingOnly","envy","rust","envy-rust","AbstractMismatch","NegativeMatch"
"1447","581e0aee4182b600017307ea","control_Similar","99","SimilarControl","ask","inquire","ask-inquire","",""
"1448","581e0aee4182b600017307ea","control_MaxMatch_Positive_Concrete","3","MaxMatch","sunshine","chocolate","sunshine-chocolate","ConcreteMatch","PositiveMatch"
"1449","581e0aee4182b600017307ea","test_ValenceMatch_Positive","55","ValenceMatchingOnly","home","gratitude","home-gratitude","ConcreteMismatch","PositiveMatch"
"1450","581e0aee4182b600017307ea","control_Dissimilar","11","DissimilarControl","open","close","open-close","",""
"1451","581e0aee4182b600017307ea","test_ConceptualMatch_Abstract","5","ConceptualMatchingOnly","regret","joy","regret-joy","ConceptualMatch:abstract","NegativeMismatch"
"1452","581e0aee4182b600017307ea","control_MaxMatch_Negative_Abstract","69","MaxMatch","lonliness","anxiety","lonliness-anxiety","AbstractMatch","NegativeMatch"
"1453","581e0aee4182b600017307ea","control_MaxMatch_Negative_Concrete","56","MaxMatch","rot","vomit","rot-vomit","ConcreteMatch","NegativeMatch"
"1454","581e0aee4182b600017307ea","control_MaxMatch_Positive_Abstract","89","MaxMatch","hope","peace","hope-peace","AbstractMatch","PositiveMatch"
"1455","581e0aee4182b600017307ea","control_MaxMismatch","0","MaxMismatch","freedom","stench","freedom-stench","AbstractMismatch","PositiveMismatch"
"1456","581e0aee4182b600017307ea","test_ConceptualMatch_Concrete","0","ConceptualMatchingOnly","rain","injury","rain-injury","ConceptualMatch:concrete","PositiveMismatch"
"1457","581e0aee4182b600017307ea","control_Similar","99","SimilarControl","end","finish","end-finish","",""
"1458","581e0aee4182b600017307ea","control_Dissimilar","14","DissimilarControl","give","take","give-take","",""
"1459","581e0aee4182b600017307ea","test_ValenceMatch_Negative","79","ValenceMatchingOnly","failure","garbage","failure-garbage","AbstractMismatch","NegativeMatch"
"1460","581e0aee4182b600017307ea","control_Similar","93","SimilarControl","use","employ","use-employ","",""
"1461","581e0aee4182b600017307ea","control_MaxMatch_Positive_Concrete","2","MaxMatch","laughter","fireplace","laughter-fireplace","ConcreteMatch","PositiveMatch"
"1462","581e0aee4182b600017307ea","test_ValenceMatch_Positive","8","ValenceMatchingOnly","rain","freedom","rain-freedom","ConcreteMismatch","PositiveMatch"
"1463","581e0aee4182b600017307ea","control_Dissimilar","8","DissimilarControl","add","remove","add-remove","",""
"1464","581e0aee4182b600017307ea","test_ConceptualMatch_Abstract","6","ConceptualMatchingOnly","envy","kindness","envy-kindness","ConceptualMatch:abstract","NegativeMismatch"
"1465","581e0aee4182b600017307ea","control_MaxMatch_Negative_Abstract","96","MaxMatch","regret","shame","regret-shame","AbstractMatch","NegativeMatch"
"1466","581e0aee4182b600017307ea","control_MaxMatch_Negative_Concrete","91","MaxMatch","mold","stench","mold-stench","ConcreteMatch","NegativeMatch"
"1467","581e0aee4182b600017307ea","control_MaxMatch_Positive_Abstract","78","MaxMatch","freedom","happiness","freedom-happiness","AbstractMatch","PositiveMatch"
"1468","581e0aee4182b600017307ea","control_MaxMismatch","24","MaxMismatch","kindness","mud","kindness-mud","AbstractMismatch","PositiveMismatch"
"1469","581e0aee4182b600017307ea","test_ConceptualMatch_Concrete","3","ConceptualMatchingOnly","flowers","filth","flowers-filth","ConceptualMatch:concrete","PositiveMismatch"
"1470","581e0aee4182b600017307ea","control_Similar","99","SimilarControl","show","display","show-display","",""
"1471","581e0aee4182b600017307ea","control_Dissimilar","17","DissimilarControl","push","pull","push-pull","",""
"1472","581e0aee4182b600017307ea","test_ValenceMatch_Negative","86","ValenceMatchingOnly","despair","injury","despair-injury","AbstractMismatch","NegativeMatch"
"1473","581e0aee4182b600017307ea","control_Similar","99","SimilarControl","buy","purchase","buy-purchase","",""
"1474","581e0aee4182b600017307ea","control_MaxMatch_Positive_Concrete","27","MaxMatch","laughter","chocolate","laughter-chocolate","ConcreteMatch","PositiveMatch"
"1475","581e0aee4182b600017307ea","test_ValenceMatch_Positive","52","ValenceMatchingOnly","sunshine","peace","sunshine-peace","ConcreteMismatch","PositiveMatch"
"1476","581e0aee4182b600017307ea","control_Dissimilar","23","DissimilarControl","arrive","leave","arrive-leave","",""
"1477","581e0aee4182b600017307ea","test_ConceptualMatch_Abstract","14","ConceptualMatchingOnly","failure","happiness","failure-happiness","ConceptualMatch:abstract","NegativeMismatch"
"1478","581e0aee4182b600017307ea","control_MaxMatch_Negative_Abstract","83","MaxMatch","guilt","grief","guilt-grief","AbstractMatch","NegativeMatch"
"1479","581e0aee4182b600017307ea","control_MaxMatch_Negative_Concrete","71","MaxMatch","rust","filth","rust-filth","ConcreteMatch","NegativeMatch"
"1480","581e0aee4182b600017307ea","control_MaxMatch_Positive_Abstract","28","MaxMatch","peace","kindness","peace-kindness","AbstractMatch","PositiveMatch"
"1481","581e0aee4182b600017307ea","control_MaxMismatch","9","MaxMismatch","happiness","rust","happiness-rust","AbstractMismatch","PositiveMismatch"
"1482","581e0aee4182b600017307ea","test_ConceptualMatch_Concrete","4","ConceptualMatchingOnly","laughter","mud","laughter-mud","ConceptualMatch:concrete","PositiveMismatch"
"1483","581e0aee4182b600017307ea","control_Similar","97","SimilarControl","need","require","need-require","",""
"1484","581e0aee4182b600017307ea","control_Dissimilar","22","DissimilarControl","begin","end","begin-end","",""
"1485","581e0aee4182b600017307ea","test_ValenceMatch_Negative","12","ValenceMatchingOnly","envy","filth","envy-filth","AbstractMismatch","NegativeMatch"
"1486","581e0aee4182b600017307ea","control_Similar","99","SimilarControl","speak","talk","speak-talk","",""
"1487","581e0aee4182b600017307ea","control_MaxMatch_Positive_Concrete","48","MaxMatch","laughter","home","laughter-home","ConcreteMatch","PositiveMatch"
"1488","581e0aee4182b600017307ea","test_ValenceMatch_Positive","83","ValenceMatchingOnly","music","happiness","music-happiness","ConcreteMismatch","PositiveMatch"
"1489","581e0aee4182b600017307ea","control_Dissimilar","11","DissimilarControl","come","go","come-go","",""
"1490","581e0aee4182b600017307ea","test_ConceptualMatch_Abstract","13","ConceptualMatchingOnly","grief","kindness","grief-kindness","ConceptualMatch:abstract","NegativeMismatch"
"1491","581e0aee4182b600017307ea","control_MaxMatch_Negative_Abstract","93","MaxMatch","despair","failure","despair-failure","AbstractMatch","NegativeMatch"
"1492","581e0aee4182b600017307ea","control_MaxMatch_Negative_Concrete","40","MaxMatch","injury","stench","injury-stench","ConcreteMatch","NegativeMatch"
"1493","581e0aee4182b600017307ea","control_MaxMatch_Positive_Abstract","99","MaxMatch","love","kindness","love-kindness","AbstractMatch","PositiveMatch"
"1494","581e0aee4182b600017307ea","control_MaxMismatch","1","MaxMismatch","gratitude","rust","gratitude-rust","AbstractMismatch","PositiveMismatch"
"1495","581e0aee4182b600017307ea","test_ConceptualMatch_Concrete","0","ConceptualMatchingOnly","hug","stench","hug-stench","ConceptualMatch:concrete","PositiveMismatch"
"1496","6660adc22e2da801df89f508","control_Similar","99","SimilarControl","show","display","show-display","",""
"1497","6660adc22e2da801df89f508","control_Dissimilar","0","DissimilarControl","begin","end","begin-end","",""
"1498","6660adc22e2da801df89f508","control_Similar","99","SimilarControl","speak","talk","speak-talk","",""
"1499","6660adc22e2da801df89f508","control_MaxMatch_Negative_Abstract","99","MaxMatch","anxiety","despair","anxiety-despair","AbstractMatch","NegativeMatch"
"1500","6660adc22e2da801df89f508","control_MaxMatch_Positive_Abstract","99","MaxMatch","peace","gratitude","peace-gratitude","AbstractMatch","PositiveMatch"
"1501","6660adc22e2da801df89f508","control_Dissimilar","0","DissimilarControl","increase","decrease","increase-decrease","",""
"1502","6660adc22e2da801df89f508","test_ValenceMatch_Negative","99","ValenceMatchingOnly","guilt","stench","guilt-stench","AbstractMismatch","NegativeMatch"
"1503","6660adc22e2da801df89f508","test_ConceptualMatch_Abstract","0","ConceptualMatchingOnly","failure","joy","failure-joy","ConceptualMatch:abstract","NegativeMismatch"
"1504","6660adc22e2da801df89f508","control_MaxMatch_Positive_Concrete","0","MaxMatch","hug","chocolate","hug-chocolate","ConcreteMatch","PositiveMatch"
"1505","6660adc22e2da801df89f508","control_MaxMismatch","0","MaxMismatch","gratitude","smoke","gratitude-smoke","AbstractMismatch","PositiveMismatch"
"1506","6660adc22e2da801df89f508","test_ConceptualMatch_Concrete","0","ConceptualMatchingOnly","hug","injury","hug-injury","ConceptualMatch:concrete","PositiveMismatch"
"1507","6660adc22e2da801df89f508","control_MaxMatch_Negative_Concrete","99","MaxMatch","rot","garbage","rot-garbage","ConcreteMatch","NegativeMatch"
"1508","6660adc22e2da801df89f508","test_ValenceMatch_Positive","99","ValenceMatchingOnly","laughter","love","laughter-love","ConcreteMismatch","PositiveMatch"
"1509","6660adc22e2da801df89f508","control_Similar","99","SimilarControl","begin","start","begin-start","",""
"1510","6660adc22e2da801df89f508","control_Dissimilar","0","DissimilarControl","rise","fall","rise-fall","",""
"1511","6660adc22e2da801df89f508","control_Similar","99","SimilarControl","buy","purchase","buy-purchase","",""
"1512","6660adc22e2da801df89f508","control_MaxMatch_Negative_Abstract","99","MaxMatch","regret","resentment","regret-resentment","AbstractMatch","NegativeMatch"
"1513","6660adc22e2da801df89f508","control_MaxMatch_Positive_Abstract","99","MaxMatch","happiness","gratitude","happiness-gratitude","AbstractMatch","PositiveMatch"
"1514","6660adc22e2da801df89f508","control_Dissimilar","0","DissimilarControl","add","remove","add-remove","",""
"1515","6660adc22e2da801df89f508","test_ValenceMatch_Negative","0","ValenceMatchingOnly","grief","mud","grief-mud","AbstractMismatch","NegativeMatch"
"1516","6660adc22e2da801df89f508","test_ConceptualMatch_Abstract","0","ConceptualMatchingOnly","guilt","peace","guilt-peace","ConceptualMatch:abstract","NegativeMismatch"
"1517","6660adc22e2da801df89f508","control_MaxMatch_Positive_Concrete","0","MaxMatch","hug","home","hug-home","ConcreteMatch","PositiveMatch"
"1518","6660adc22e2da801df89f508","control_MaxMismatch","0","MaxMismatch","joy","rust","joy-rust","AbstractMismatch","PositiveMismatch"
"1519","6660adc22e2da801df89f508","test_ConceptualMatch_Concrete","0","ConceptualMatchingOnly","beach","garbage","beach-garbage","ConceptualMatch:concrete","PositiveMismatch"
"1520","6660adc22e2da801df89f508","control_MaxMatch_Negative_Concrete","0","MaxMatch","mold","stench","mold-stench","ConcreteMatch","NegativeMatch"
"1521","6660adc22e2da801df89f508","test_ValenceMatch_Positive","99","ValenceMatchingOnly","beach","peace","beach-peace","ConcreteMismatch","PositiveMatch"
"1522","6660adc22e2da801df89f508","control_Similar","0","SimilarControl","use","employ","use-employ","",""
"1523","6660adc22e2da801df89f508","control_Dissimilar","99","DissimilarControl","come","go","come-go","",""
"1524","6660adc22e2da801df89f508","control_Similar","99","SimilarControl","end","finish","end-finish","",""
"1525","6660adc22e2da801df89f508","control_MaxMatch_Negative_Abstract","99","MaxMatch","lonliness","despair","lonliness-despair","AbstractMatch","NegativeMatch"
"1526","6660adc22e2da801df89f508","control_MaxMatch_Positive_Abstract","99","MaxMatch","hope","freedom","hope-freedom","AbstractMatch","PositiveMatch"
"1527","6660adc22e2da801df89f508","control_Dissimilar","0","DissimilarControl","open","close","open-close","",""
"1528","6660adc22e2da801df89f508","test_ValenceMatch_Negative","0","ValenceMatchingOnly","lonliness","rust","lonliness-rust","AbstractMismatch","NegativeMatch"
"1529","6660adc22e2da801df89f508","test_ConceptualMatch_Abstract","0","ConceptualMatchingOnly","failure","kindness","failure-kindness","ConceptualMatch:abstract","NegativeMismatch"
"1530","6660adc22e2da801df89f508","control_MaxMatch_Positive_Concrete","0","MaxMatch","laughter","fireplace","laughter-fireplace","ConcreteMatch","PositiveMatch"
"1531","6660adc22e2da801df89f508","control_MaxMismatch","0","MaxMismatch","peace","smoke","peace-smoke","AbstractMismatch","PositiveMismatch"
"1532","6660adc22e2da801df89f508","test_ConceptualMatch_Concrete","0","ConceptualMatchingOnly","rain","vomit","rain-vomit","ConceptualMatch:concrete","PositiveMismatch"
"1533","6660adc22e2da801df89f508","control_MaxMatch_Negative_Concrete","0","MaxMatch","mud","mold","mud-mold","ConcreteMatch","NegativeMatch"
"1534","6660adc22e2da801df89f508","test_ValenceMatch_Positive","99","ValenceMatchingOnly","flowers","love","flowers-love","ConcreteMismatch","PositiveMatch"
"1535","6660adc22e2da801df89f508","control_Similar","99","SimilarControl","ask","inquire","ask-inquire","",""
"1536","6660adc22e2da801df89f508","control_Dissimilar","0","DissimilarControl","push","pull","push-pull","",""
"1537","6660adc22e2da801df89f508","control_Similar","99","SimilarControl","need","require","need-require","",""
"1538","6660adc22e2da801df89f508","control_MaxMatch_Negative_Abstract","0","MaxMatch","lonliness","failure","lonliness-failure","AbstractMatch","NegativeMatch"
"1539","6660adc22e2da801df89f508","control_MaxMatch_Positive_Abstract","99","MaxMatch","joy","happiness","joy-happiness","AbstractMatch","PositiveMatch"
"1540","6660adc22e2da801df89f508","control_Dissimilar","0","DissimilarControl","enter","exit","enter-exit","",""
"1541","6660adc22e2da801df89f508","test_ValenceMatch_Negative","0","ValenceMatchingOnly","regret","mud","regret-mud","AbstractMismatch","NegativeMatch"
"1542","6660adc22e2da801df89f508","test_ConceptualMatch_Abstract","0","ConceptualMatchingOnly","shame","inspiration","shame-inspiration","ConceptualMatch:abstract","NegativeMismatch"
"1543","6660adc22e2da801df89f508","control_MaxMatch_Positive_Concrete","0","MaxMatch","sunshine","laughter","sunshine-laughter","ConcreteMatch","PositiveMatch"
"1544","6660adc22e2da801df89f508","control_MaxMismatch","0","MaxMismatch","gratitude","rust","gratitude-rust","AbstractMismatch","PositiveMismatch"
"1545","6660adc22e2da801df89f508","test_ConceptualMatch_Concrete","0","ConceptualMatchingOnly","sunshine","mud","sunshine-mud","ConceptualMatch:concrete","PositiveMismatch"
"1546","6660adc22e2da801df89f508","control_MaxMatch_Negative_Concrete","0","MaxMatch","vomit","filth","vomit-filth","ConcreteMatch","NegativeMatch"
"1547","6660adc22e2da801df89f508","test_ValenceMatch_Positive","99","ValenceMatchingOnly","music","compassion","music-compassion","ConcreteMismatch","PositiveMatch"
"1548","6660adc22e2da801df89f508","control_Similar","99","SimilarControl","help","assist","help-assist","",""
"1549","6660adc22e2da801df89f508","control_Dissimilar","0","DissimilarControl","arrive","leave","arrive-leave","",""
"1550","6660adc22e2da801df89f508","control_Similar","99","SimilarControl","get","obtain","get-obtain","",""
"1551","6660adc22e2da801df89f508","control_MaxMatch_Negative_Abstract","99","MaxMatch","grief","failure","grief-failure","AbstractMatch","NegativeMatch"
"1552","6660adc22e2da801df89f508","control_MaxMatch_Positive_Abstract","0","MaxMatch","kindness","compassion","kindness-compassion","AbstractMatch","PositiveMatch"
"1553","6660adc22e2da801df89f508","control_Dissimilar","0","DissimilarControl","give","take","give-take","",""
"1554","6660adc22e2da801df89f508","test_ValenceMatch_Negative","99","ValenceMatchingOnly","anxiety","filth","anxiety-filth","AbstractMismatch","NegativeMatch"
"1555","6660adc22e2da801df89f508","test_ConceptualMatch_Abstract","0","ConceptualMatchingOnly","shame","kindness","shame-kindness","ConceptualMatch:abstract","NegativeMismatch"
"1556","6660adc22e2da801df89f508","control_MaxMatch_Positive_Concrete","0","MaxMatch","hug","fireplace","hug-fireplace","ConcreteMatch","PositiveMatch"
"1557","6660adc22e2da801df89f508","control_MaxMismatch","0","MaxMismatch","kindness","mold","kindness-mold","AbstractMismatch","PositiveMismatch"
"1558","6660adc22e2da801df89f508","test_ConceptualMatch_Concrete","0","ConceptualMatchingOnly","rain","rot","rain-rot","ConceptualMatch:concrete","PositiveMismatch"
"1559","6660adc22e2da801df89f508","control_MaxMatch_Negative_Concrete","0","MaxMatch","injury","filth","injury-filth","ConcreteMatch","NegativeMatch"
"1560","6660adc22e2da801df89f508","test_ValenceMatch_Positive","0","ValenceMatchingOnly","beach","freedom","beach-freedom","ConcreteMismatch","PositiveMatch"
"1561","664e2d4a26686cecdfd660eb","control_Dissimilar","0","DissimilarControl","add","remove","add-remove","",""
"1562","664e2d4a26686cecdfd660eb","control_Similar","99","SimilarControl","end","finish","end-finish","",""
"1563","664e2d4a26686cecdfd660eb","control_MaxMatch_Positive_Concrete","0","MaxMatch","beach","fireplace","beach-fireplace","ConcreteMatch","PositiveMatch"
"1564","664e2d4a26686cecdfd660eb","control_MaxMatch_Negative_Abstract","93","MaxMatch","anxiety","grief","anxiety-grief","AbstractMatch","NegativeMatch"
"1565","664e2d4a26686cecdfd660eb","test_ValenceMatch_Positive","67","ValenceMatchingOnly","laughter","hope","laughter-hope","ConcreteMismatch","PositiveMatch"
"1566","664e2d4a26686cecdfd660eb","test_ValenceMatch_Negative","18","ValenceMatchingOnly","guilt","rot","guilt-rot","AbstractMismatch","NegativeMatch"
"1567","664e2d4a26686cecdfd660eb","control_MaxMatch_Positive_Abstract","87","MaxMatch","peace","kindness","peace-kindness","AbstractMatch","PositiveMatch"
"1568","664e2d4a26686cecdfd660eb","test_ConceptualMatch_Abstract","0","ConceptualMatchingOnly","anxiety","kindness","anxiety-kindness","ConceptualMatch:abstract","NegativeMismatch"
"1569","664e2d4a26686cecdfd660eb","control_Dissimilar","0","DissimilarControl","rise","fall","rise-fall","",""
"1570","664e2d4a26686cecdfd660eb","control_Similar","99","SimilarControl","speak","talk","speak-talk","",""
"1571","664e2d4a26686cecdfd660eb","control_MaxMismatch","0","MaxMismatch","kindness","mud","kindness-mud","AbstractMismatch","PositiveMismatch"
"1572","664e2d4a26686cecdfd660eb","control_MaxMatch_Negative_Concrete","90","MaxMatch","rot","rust","rot-rust","ConcreteMatch","NegativeMatch"
"1573","664e2d4a26686cecdfd660eb","test_ConceptualMatch_Concrete","0","ConceptualMatchingOnly","fireplace","rot","fireplace-rot","ConceptualMatch:concrete","PositiveMismatch"
"1574","664e2d4a26686cecdfd660eb","control_Dissimilar","0","DissimilarControl","open","close","open-close","",""
"1575","664e2d4a26686cecdfd660eb","control_Similar","99","SimilarControl","buy","purchase","buy-purchase","",""
"1576","664e2d4a26686cecdfd660eb","control_MaxMatch_Positive_Concrete","0","MaxMatch","sunshine","fireplace","sunshine-fireplace","ConcreteMatch","PositiveMatch"
"1577","664e2d4a26686cecdfd660eb","control_MaxMatch_Negative_Abstract","0","MaxMatch","shame","envy","shame-envy","AbstractMatch","NegativeMatch"
"1578","664e2d4a26686cecdfd660eb","test_ValenceMatch_Positive","0","ValenceMatchingOnly","beach","inspiration","beach-inspiration","ConcreteMismatch","PositiveMatch"
"1579","664e2d4a26686cecdfd660eb","test_ValenceMatch_Negative","0","ValenceMatchingOnly","despair","rust","despair-rust","AbstractMismatch","NegativeMatch"
"1580","664e2d4a26686cecdfd660eb","control_MaxMatch_Positive_Abstract","81","MaxMatch","kindness","happiness","kindness-happiness","AbstractMatch","PositiveMatch"
"1581","664e2d4a26686cecdfd660eb","test_ConceptualMatch_Abstract","0","ConceptualMatchingOnly","anxiety","compassion","anxiety-compassion","ConceptualMatch:abstract","NegativeMismatch"
"1582","664e2d4a26686cecdfd660eb","control_Dissimilar","0","DissimilarControl","arrive","leave","arrive-leave","",""
"1583","664e2d4a26686cecdfd660eb","control_Similar","99","SimilarControl","help","assist","help-assist","",""
"1584","664e2d4a26686cecdfd660eb","control_MaxMismatch","0","MaxMismatch","compassion","smoke","compassion-smoke","AbstractMismatch","PositiveMismatch"
"1585","664e2d4a26686cecdfd660eb","control_MaxMatch_Negative_Concrete","72","MaxMatch","vomit","stench","vomit-stench","ConcreteMatch","NegativeMatch"
"1586","664e2d4a26686cecdfd660eb","test_ConceptualMatch_Concrete","0","ConceptualMatchingOnly","home","garbage","home-garbage","ConceptualMatch:concrete","PositiveMismatch"
"1587","664e2d4a26686cecdfd660eb","control_Dissimilar","0","DissimilarControl","increase","decrease","increase-decrease","",""
"1588","664e2d4a26686cecdfd660eb","control_Similar","99","SimilarControl","need","require","need-require","",""
"1589","664e2d4a26686cecdfd660eb","control_MaxMatch_Positive_Concrete","0","MaxMatch","hug","rain","hug-rain","ConcreteMatch","PositiveMatch"
"1590","664e2d4a26686cecdfd660eb","control_MaxMatch_Negative_Abstract","0","MaxMatch","regret","anxiety","regret-anxiety","AbstractMatch","NegativeMatch"
"1591","664e2d4a26686cecdfd660eb","test_ValenceMatch_Positive","0","ValenceMatchingOnly","home","compassion","home-compassion","ConcreteMismatch","PositiveMatch"
"1592","664e2d4a26686cecdfd660eb","test_ValenceMatch_Negative","0","ValenceMatchingOnly","guilt","injury","guilt-injury","AbstractMismatch","NegativeMatch"
"1593","664e2d4a26686cecdfd660eb","control_MaxMatch_Positive_Abstract","0","MaxMatch","peace","gratitude","peace-gratitude","AbstractMatch","PositiveMatch"
"1594","664e2d4a26686cecdfd660eb","test_ConceptualMatch_Abstract","0","ConceptualMatchingOnly","envy","kindness","envy-kindness","ConceptualMatch:abstract","NegativeMismatch"
"1595","664e2d4a26686cecdfd660eb","control_Dissimilar","0","DissimilarControl","give","take","give-take","",""
"1596","664e2d4a26686cecdfd660eb","control_Similar","99","SimilarControl","show","display","show-display","",""
"1597","664e2d4a26686cecdfd660eb","control_MaxMismatch","0","MaxMismatch","peace","mold","peace-mold","AbstractMismatch","PositiveMismatch"
"1598","664e2d4a26686cecdfd660eb","control_MaxMatch_Negative_Concrete","17","MaxMatch","smoke","filth","smoke-filth","ConcreteMatch","NegativeMatch"
"1599","664e2d4a26686cecdfd660eb","test_ConceptualMatch_Concrete","0","ConceptualMatchingOnly","rain","smoke","rain-smoke","ConceptualMatch:concrete","PositiveMismatch"
"1600","664e2d4a26686cecdfd660eb","control_Dissimilar","0","DissimilarControl","push","pull","push-pull","",""
"1601","664e2d4a26686cecdfd660eb","control_Similar","99","SimilarControl","begin","start","begin-start","",""
"1602","664e2d4a26686cecdfd660eb","control_MaxMatch_Positive_Concrete","0","MaxMatch","flowers","beach","flowers-beach","ConcreteMatch","PositiveMatch"
"1603","664e2d4a26686cecdfd660eb","control_MaxMatch_Negative_Abstract","2","MaxMatch","lonliness","regret","lonliness-regret","AbstractMatch","NegativeMatch"
"1604","664e2d4a26686cecdfd660eb","test_ValenceMatch_Positive","65","ValenceMatchingOnly","laughter","inspiration","laughter-inspiration","ConcreteMismatch","PositiveMatch"
"1605","664e2d4a26686cecdfd660eb","test_ValenceMatch_Negative","0","ValenceMatchingOnly","despair","mud","despair-mud","AbstractMismatch","NegativeMatch"
"1606","664e2d4a26686cecdfd660eb","control_MaxMatch_Positive_Abstract","77","MaxMatch","joy","inspiration","joy-inspiration","AbstractMatch","PositiveMatch"
"1607","664e2d4a26686cecdfd660eb","test_ConceptualMatch_Abstract","0","ConceptualMatchingOnly","grief","hope","grief-hope","ConceptualMatch:abstract","NegativeMismatch"
"1608","664e2d4a26686cecdfd660eb","control_Dissimilar","0","DissimilarControl","enter","exit","enter-exit","",""
"1609","664e2d4a26686cecdfd660eb","control_Similar","99","SimilarControl","get","obtain","get-obtain","",""
"1610","664e2d4a26686cecdfd660eb","control_MaxMismatch","0","MaxMismatch","hope","mold","hope-mold","AbstractMismatch","PositiveMismatch"
"1611","664e2d4a26686cecdfd660eb","control_MaxMatch_Negative_Concrete","0","MaxMatch","smoke","injury","smoke-injury","ConcreteMatch","NegativeMatch"
"1612","664e2d4a26686cecdfd660eb","test_ConceptualMatch_Concrete","0","ConceptualMatchingOnly","chocolate","garbage","chocolate-garbage","ConceptualMatch:concrete","PositiveMismatch"
"1613","664e2d4a26686cecdfd660eb","control_Dissimilar","0","DissimilarControl","come","go","come-go","",""
"1614","664e2d4a26686cecdfd660eb","control_Similar","99","SimilarControl","ask","inquire","ask-inquire","",""
"1615","664e2d4a26686cecdfd660eb","control_MaxMatch_Positive_Concrete","0","MaxMatch","laughter","rain","laughter-rain","ConcreteMatch","PositiveMatch"
"1616","664e2d4a26686cecdfd660eb","control_MaxMatch_Negative_Abstract","68","MaxMatch","regret","resentment","regret-resentment","AbstractMatch","NegativeMatch"
"1617","664e2d4a26686cecdfd660eb","test_ValenceMatch_Positive","0","ValenceMatchingOnly","beach","happiness","beach-happiness","ConcreteMismatch","PositiveMatch"
"1618","664e2d4a26686cecdfd660eb","test_ValenceMatch_Negative","0","ValenceMatchingOnly","grief","stench","grief-stench","AbstractMismatch","NegativeMatch"
"1619","664e2d4a26686cecdfd660eb","control_MaxMatch_Positive_Abstract","0","MaxMatch","freedom","compassion","freedom-compassion","AbstractMatch","PositiveMatch"
"1620","664e2d4a26686cecdfd660eb","test_ConceptualMatch_Abstract","0","ConceptualMatchingOnly","resentment","happiness","resentment-happiness","ConceptualMatch:abstract","NegativeMismatch"
"1621","664e2d4a26686cecdfd660eb","control_Dissimilar","0","DissimilarControl","begin","end","begin-end","",""
"1622","664e2d4a26686cecdfd660eb","control_Similar","99","SimilarControl","use","employ","use-employ","",""
"1623","664e2d4a26686cecdfd660eb","control_MaxMismatch","0","MaxMismatch","hope","rust","hope-rust","AbstractMismatch","PositiveMismatch"
"1624","664e2d4a26686cecdfd660eb","control_MaxMatch_Negative_Concrete","0","MaxMatch","rust","injury","rust-injury","ConcreteMatch","NegativeMatch"
"1625","664e2d4a26686cecdfd660eb","test_ConceptualMatch_Concrete","0","ConceptualMatchingOnly","music","filth","music-filth","ConceptualMatch:concrete","PositiveMismatch"
"1626","5e0b388b15ef4037cebdecc9","control_Similar","97","SimilarControl","begin","start","begin-start","",""
"1627","5e0b388b15ef4037cebdecc9","control_Dissimilar","0","DissimilarControl","increase","decrease","increase-decrease","",""
"1628","5e0b388b15ef4037cebdecc9","control_MaxMismatch","0","MaxMismatch","inspiration","mud","inspiration-mud","AbstractMismatch","PositiveMismatch"
"1629","5e0b388b15ef4037cebdecc9","control_Similar","99","SimilarControl","speak","talk","speak-talk","",""
"1630","5e0b388b15ef4037cebdecc9","control_MaxMatch_Negative_Concrete","71","MaxMatch","rust","injury","rust-injury","ConcreteMatch","NegativeMatch"
"1631","5e0b388b15ef4037cebdecc9","test_ConceptualMatch_Concrete","4","ConceptualMatchingOnly","music","stench","music-stench","ConceptualMatch:concrete","PositiveMismatch"
"1632","5e0b388b15ef4037cebdecc9","control_MaxMatch_Positive_Abstract","92","MaxMatch","hope","gratitude","hope-gratitude","AbstractMatch","PositiveMatch"
"1633","5e0b388b15ef4037cebdecc9","test_ValenceMatch_Positive","74","ValenceMatchingOnly","hug","compassion","hug-compassion","ConcreteMismatch","PositiveMatch"
"1634","5e0b388b15ef4037cebdecc9","test_ConceptualMatch_Abstract","31","ConceptualMatchingOnly","regret","kindness","regret-kindness","ConceptualMatch:abstract","NegativeMismatch"
"1635","5e0b388b15ef4037cebdecc9","control_MaxMatch_Positive_Concrete","18","MaxMatch","hug","home","hug-home","ConcreteMatch","PositiveMatch"
"1636","5e0b388b15ef4037cebdecc9","control_Dissimilar","0","DissimilarControl","rise","fall","rise-fall","",""
"1637","5e0b388b15ef4037cebdecc9","control_MaxMatch_Negative_Abstract","61","MaxMatch","anxiety","resentment","anxiety-resentment","AbstractMatch","NegativeMatch"
"1638","5e0b388b15ef4037cebdecc9","test_ValenceMatch_Negative","42","ValenceMatchingOnly","despair","smoke","despair-smoke","AbstractMismatch","NegativeMatch"
"1639","5e0b388b15ef4037cebdecc9","control_Similar","99","SimilarControl","help","assist","help-assist","",""
"1640","5e0b388b15ef4037cebdecc9","control_Dissimilar","0","DissimilarControl","come","go","come-go","",""
"1641","5e0b388b15ef4037cebdecc9","control_MaxMismatch","19","MaxMismatch","compassion","rust","compassion-rust","AbstractMismatch","PositiveMismatch"
"1642","5e0b388b15ef4037cebdecc9","control_Similar","93","SimilarControl","get","obtain","get-obtain","",""
"1643","5e0b388b15ef4037cebdecc9","control_MaxMatch_Negative_Concrete","99","MaxMatch","rust","filth","rust-filth","ConcreteMatch","NegativeMatch"
"1644","5e0b388b15ef4037cebdecc9","test_ConceptualMatch_Concrete","2","ConceptualMatchingOnly","sunshine","injury","sunshine-injury","ConceptualMatch:concrete","PositiveMismatch"
"1645","5e0b388b15ef4037cebdecc9","control_MaxMatch_Positive_Abstract","67","MaxMatch","freedom","gratitude","freedom-gratitude","AbstractMatch","PositiveMatch"
"1646","5e0b388b15ef4037cebdecc9","test_ValenceMatch_Positive","67","ValenceMatchingOnly","hug","peace","hug-peace","ConcreteMismatch","PositiveMatch"
"1647","5e0b388b15ef4037cebdecc9","test_ConceptualMatch_Abstract","24","ConceptualMatchingOnly","envy","peace","envy-peace","ConceptualMatch:abstract","NegativeMismatch"
"1648","5e0b388b15ef4037cebdecc9","control_MaxMatch_Positive_Concrete","32","MaxMatch","laughter","flowers","laughter-flowers","ConcreteMatch","PositiveMatch"
"1649","5e0b388b15ef4037cebdecc9","control_Dissimilar","0","DissimilarControl","push","pull","push-pull","",""
"1650","5e0b388b15ef4037cebdecc9","control_MaxMatch_Negative_Abstract","64","MaxMatch","anxiety","shame","anxiety-shame","AbstractMatch","NegativeMatch"
"1651","5e0b388b15ef4037cebdecc9","test_ValenceMatch_Negative","27","ValenceMatchingOnly","grief","stench","grief-stench","AbstractMismatch","NegativeMatch"
"1652","5e0b388b15ef4037cebdecc9","control_Similar","93","SimilarControl","show","display","show-display","",""
"1653","5e0b388b15ef4037cebdecc9","control_Dissimilar","0","DissimilarControl","begin","end","begin-end","",""
"1654","5e0b388b15ef4037cebdecc9","control_MaxMismatch","28","MaxMismatch","inspiration","injury","inspiration-injury","AbstractMismatch","PositiveMismatch"
"1655","5e0b388b15ef4037cebdecc9","control_Similar","98","SimilarControl","buy","purchase","buy-purchase","",""
"1656","5e0b388b15ef4037cebdecc9","control_MaxMatch_Negative_Concrete","58","MaxMatch","smoke","rust","smoke-rust","ConcreteMatch","NegativeMatch"
"1657","5e0b388b15ef4037cebdecc9","test_ConceptualMatch_Concrete","0","ConceptualMatchingOnly","chocolate","garbage","chocolate-garbage","ConceptualMatch:concrete","PositiveMismatch"
"1658","5e0b388b15ef4037cebdecc9","control_MaxMatch_Positive_Abstract","89","MaxMatch","love","happiness","love-happiness","AbstractMatch","PositiveMatch"
"1659","5e0b388b15ef4037cebdecc9","test_ValenceMatch_Positive","23","ValenceMatchingOnly","fireplace","love","fireplace-love","ConcreteMismatch","PositiveMatch"
"1660","5e0b388b15ef4037cebdecc9","test_ConceptualMatch_Abstract","0","ConceptualMatchingOnly","grief","joy","grief-joy","ConceptualMatch:abstract","NegativeMismatch"
"1661","5e0b388b15ef4037cebdecc9","control_MaxMatch_Positive_Concrete","6","MaxMatch","beach","hug","beach-hug","ConcreteMatch","PositiveMatch"
"1662","5e0b388b15ef4037cebdecc9","control_Dissimilar","0","DissimilarControl","open","close","open-close","",""
"1663","5e0b388b15ef4037cebdecc9","control_MaxMatch_Negative_Abstract","15","MaxMatch","despair","resentment","despair-resentment","AbstractMatch","NegativeMatch"
"1664","5e0b388b15ef4037cebdecc9","test_ValenceMatch_Negative","22","ValenceMatchingOnly","lonliness","injury","lonliness-injury","AbstractMismatch","NegativeMatch"
"1665","5e0b388b15ef4037cebdecc9","control_Similar","86","SimilarControl","use","employ","use-employ","",""
"1666","5e0b388b15ef4037cebdecc9","control_Dissimilar","0","DissimilarControl","arrive","leave","arrive-leave","",""
"1667","5e0b388b15ef4037cebdecc9","control_MaxMismatch","25","MaxMismatch","happiness","injury","happiness-injury","AbstractMismatch","PositiveMismatch"
"1668","5e0b388b15ef4037cebdecc9","control_Similar","99","SimilarControl","need","require","need-require","",""
"1669","5e0b388b15ef4037cebdecc9","control_MaxMatch_Negative_Concrete","81","MaxMatch","stench","filth","stench-filth","ConcreteMatch","NegativeMatch"
"1670","5e0b388b15ef4037cebdecc9","test_ConceptualMatch_Concrete","5","ConceptualMatchingOnly","fireplace","stench","fireplace-stench","ConceptualMatch:concrete","PositiveMismatch"
"1671","5e0b388b15ef4037cebdecc9","control_MaxMatch_Positive_Abstract","92","MaxMatch","love","compassion","love-compassion","AbstractMatch","PositiveMatch"
"1672","5e0b388b15ef4037cebdecc9","test_ValenceMatch_Positive","76","ValenceMatchingOnly","music","joy","music-joy","ConcreteMismatch","PositiveMatch"
"1673","5e0b388b15ef4037cebdecc9","test_ConceptualMatch_Abstract","39","ConceptualMatchingOnly","lonliness","peace","lonliness-peace","ConceptualMatch:abstract","NegativeMismatch"
"1674","5e0b388b15ef4037cebdecc9","control_MaxMatch_Positive_Concrete","87","MaxMatch","sunshine","beach","sunshine-beach","ConcreteMatch","PositiveMatch"
"1675","5e0b388b15ef4037cebdecc9","control_Dissimilar","0","DissimilarControl","give","take","give-take","",""
"1676","5e0b388b15ef4037cebdecc9","control_MaxMatch_Negative_Abstract","81","MaxMatch","lonliness","regret","lonliness-regret","AbstractMatch","NegativeMatch"
"1677","5e0b388b15ef4037cebdecc9","test_ValenceMatch_Negative","79","ValenceMatchingOnly","shame","rot","shame-rot","AbstractMismatch","NegativeMatch"
"1678","5e0b388b15ef4037cebdecc9","control_Similar","98","SimilarControl","ask","inquire","ask-inquire","",""
"1679","5e0b388b15ef4037cebdecc9","control_Dissimilar","0","DissimilarControl","add","remove","add-remove","",""
"1680","5e0b388b15ef4037cebdecc9","control_MaxMismatch","18","MaxMismatch","peace","rot","peace-rot","AbstractMismatch","PositiveMismatch"
"1681","5e0b388b15ef4037cebdecc9","control_Similar","99","SimilarControl","end","finish","end-finish","",""
"1682","5e0b388b15ef4037cebdecc9","control_MaxMatch_Negative_Concrete","5","MaxMatch","garbage","injury","garbage-injury","ConcreteMatch","NegativeMatch"
"1683","5e0b388b15ef4037cebdecc9","test_ConceptualMatch_Concrete","0","ConceptualMatchingOnly","sunshine","garbage","sunshine-garbage","ConceptualMatch:concrete","PositiveMismatch"
"1684","5e0b388b15ef4037cebdecc9","control_MaxMatch_Positive_Abstract","81","MaxMatch","gratitude","inspiration","gratitude-inspiration","AbstractMatch","PositiveMatch"
"1685","5e0b388b15ef4037cebdecc9","test_ValenceMatch_Positive","99","ValenceMatchingOnly","chocolate","happiness","chocolate-happiness","ConcreteMismatch","PositiveMatch"
"1686","5e0b388b15ef4037cebdecc9","test_ConceptualMatch_Abstract","0","ConceptualMatchingOnly","shame","happiness","shame-happiness","ConceptualMatch:abstract","NegativeMismatch"
"1687","5e0b388b15ef4037cebdecc9","control_MaxMatch_Positive_Concrete","70","MaxMatch","home","fireplace","home-fireplace","ConcreteMatch","PositiveMatch"
"1688","5e0b388b15ef4037cebdecc9","control_Dissimilar","0","DissimilarControl","enter","exit","enter-exit","",""
"1689","5e0b388b15ef4037cebdecc9","control_MaxMatch_Negative_Abstract","78","MaxMatch","lonliness","resentment","lonliness-resentment","AbstractMatch","NegativeMatch"
"1690","5e0b388b15ef4037cebdecc9","test_ValenceMatch_Negative","30","ValenceMatchingOnly","failure","stench","failure-stench","AbstractMismatch","NegativeMatch"
"1691","662aca04169412ae36fb7d60","control_Similar","99","SimilarControl","help","assist","help-assist","",""
"1692","662aca04169412ae36fb7d60","control_Dissimilar","0","DissimilarControl","come","go","come-go","",""
"1693","662aca04169412ae36fb7d60","test_ValenceMatch_Negative","0","ValenceMatchingOnly","shame","rust","shame-rust","AbstractMismatch","NegativeMatch"
"1694","662aca04169412ae36fb7d60","control_MaxMatch_Positive_Abstract","51","MaxMatch","joy","inspiration","joy-inspiration","AbstractMatch","PositiveMatch"
"1695","662aca04169412ae36fb7d60","test_ValenceMatch_Positive","95","ValenceMatchingOnly","hug","compassion","hug-compassion","ConcreteMismatch","PositiveMatch"
"1696","662aca04169412ae36fb7d60","control_MaxMismatch","0","MaxMismatch","kindness","vomit","kindness-vomit","AbstractMismatch","PositiveMismatch"
"1697","662aca04169412ae36fb7d60","test_ConceptualMatch_Abstract","0","ConceptualMatchingOnly","guilt","love","guilt-love","ConceptualMatch:abstract","NegativeMismatch"
"1698","662aca04169412ae36fb7d60","control_MaxMatch_Positive_Concrete","0","MaxMatch","flowers","fireplace","flowers-fireplace","ConcreteMatch","PositiveMatch"
"1699","662aca04169412ae36fb7d60","control_MaxMatch_Negative_Concrete","99","MaxMatch","stench","filth","stench-filth","ConcreteMatch","NegativeMatch"
"1700","662aca04169412ae36fb7d60","control_Similar","99","SimilarControl","ask","inquire","ask-inquire","",""
"1701","662aca04169412ae36fb7d60","control_Dissimilar","0","DissimilarControl","give","take","give-take","",""
"1702","662aca04169412ae36fb7d60","test_ConceptualMatch_Concrete","0","ConceptualMatchingOnly","flowers","garbage","flowers-garbage","ConceptualMatch:concrete","PositiveMismatch"
"1703","662aca04169412ae36fb7d60","control_MaxMatch_Negative_Abstract","71","MaxMatch","regret","shame","regret-shame","AbstractMatch","NegativeMatch"
"1704","662aca04169412ae36fb7d60","control_Similar","68","SimilarControl","use","employ","use-employ","",""
"1705","662aca04169412ae36fb7d60","control_Dissimilar","0","DissimilarControl","enter","exit","enter-exit","",""
"1706","662aca04169412ae36fb7d60","test_ValenceMatch_Negative","12","ValenceMatchingOnly","anxiety","rot","anxiety-rot","AbstractMismatch","NegativeMatch"
"1707","662aca04169412ae36fb7d60","control_MaxMatch_Positive_Abstract","99","MaxMatch","kindness","gratitude","kindness-gratitude","AbstractMatch","PositiveMatch"
"1708","662aca04169412ae36fb7d60","test_ValenceMatch_Positive","75","ValenceMatchingOnly","hug","joy","hug-joy","ConcreteMismatch","PositiveMatch"
"1709","662aca04169412ae36fb7d60","control_MaxMismatch","0","MaxMismatch","freedom","filth","freedom-filth","AbstractMismatch","PositiveMismatch"
"1710","662aca04169412ae36fb7d60","test_ConceptualMatch_Abstract","0","ConceptualMatchingOnly","despair","happiness","despair-happiness","ConceptualMatch:abstract","NegativeMismatch"
"1711","662aca04169412ae36fb7d60","control_MaxMatch_Positive_Concrete","48","MaxMatch","sunshine","hug","sunshine-hug","ConcreteMatch","PositiveMatch"
"1712","662aca04169412ae36fb7d60","control_MaxMatch_Negative_Concrete","85","MaxMatch","vomit","garbage","vomit-garbage","ConcreteMatch","NegativeMatch"
"1713","662aca04169412ae36fb7d60","control_Similar","99","SimilarControl","buy","purchase","buy-purchase","",""
"1714","662aca04169412ae36fb7d60","control_Dissimilar","0","DissimilarControl","rise","fall","rise-fall","",""
"1715","662aca04169412ae36fb7d60","test_ConceptualMatch_Concrete","0","ConceptualMatchingOnly","fireplace","rot","fireplace-rot","ConceptualMatch:concrete","PositiveMismatch"
"1716","662aca04169412ae36fb7d60","control_MaxMatch_Negative_Abstract","52","MaxMatch","anxiety","envy","anxiety-envy","AbstractMatch","NegativeMatch"
"1717","662aca04169412ae36fb7d60","control_Similar","99","SimilarControl","speak","talk","speak-talk","",""
"1718","662aca04169412ae36fb7d60","control_Dissimilar","0","DissimilarControl","push","pull","push-pull","",""
"1719","662aca04169412ae36fb7d60","test_ValenceMatch_Negative","20","ValenceMatchingOnly","envy","rot","envy-rot","AbstractMismatch","NegativeMatch"
"1720","662aca04169412ae36fb7d60","control_MaxMatch_Positive_Abstract","82","MaxMatch","peace","kindness","peace-kindness","AbstractMatch","PositiveMatch"
"1721","662aca04169412ae36fb7d60","test_ValenceMatch_Positive","69","ValenceMatchingOnly","rain","peace","rain-peace","ConcreteMismatch","PositiveMatch"
"1722","662aca04169412ae36fb7d60","control_MaxMismatch","0","MaxMismatch","peace","rust","peace-rust","AbstractMismatch","PositiveMismatch"
"1723","662aca04169412ae36fb7d60","test_ConceptualMatch_Abstract","14","ConceptualMatchingOnly","envy","peace","envy-peace","ConceptualMatch:abstract","NegativeMismatch"
"1724","662aca04169412ae36fb7d60","control_MaxMatch_Positive_Concrete","76","MaxMatch","sunshine","beach","sunshine-beach","ConcreteMatch","PositiveMatch"
"1725","662aca04169412ae36fb7d60","control_MaxMatch_Negative_Concrete","99","MaxMatch","garbage","stench","garbage-stench","ConcreteMatch","NegativeMatch"
"1726","662aca04169412ae36fb7d60","control_Similar","99","SimilarControl","end","finish","end-finish","",""
"1727","662aca04169412ae36fb7d60","control_Dissimilar","0","DissimilarControl","add","remove","add-remove","",""
"1728","662aca04169412ae36fb7d60","test_ConceptualMatch_Concrete","0","ConceptualMatchingOnly","laughter","rot","laughter-rot","ConceptualMatch:concrete","PositiveMismatch"
"1729","662aca04169412ae36fb7d60","control_MaxMatch_Negative_Abstract","81","MaxMatch","despair","guilt","despair-guilt","AbstractMatch","NegativeMatch"
"1730","662aca04169412ae36fb7d60","control_Similar","99","SimilarControl","get","obtain","get-obtain","",""
"1731","662aca04169412ae36fb7d60","control_Dissimilar","0","DissimilarControl","open","close","open-close","",""
"1732","662aca04169412ae36fb7d60","test_ValenceMatch_Negative","35","ValenceMatchingOnly","shame","injury","shame-injury","AbstractMismatch","NegativeMatch"
"1733","662aca04169412ae36fb7d60","control_MaxMatch_Positive_Abstract","78","MaxMatch","joy","compassion","joy-compassion","AbstractMatch","PositiveMatch"
"1734","662aca04169412ae36fb7d60","test_ValenceMatch_Positive","12","ValenceMatchingOnly","rain","compassion","rain-compassion","ConcreteMismatch","PositiveMatch"
"1735","662aca04169412ae36fb7d60","control_MaxMismatch","0","MaxMismatch","hope","stench","hope-stench","AbstractMismatch","PositiveMismatch"
"1736","662aca04169412ae36fb7d60","test_ConceptualMatch_Abstract","0","ConceptualMatchingOnly","resentment","kindness","resentment-kindness","ConceptualMatch:abstract","NegativeMismatch"
"1737","662aca04169412ae36fb7d60","control_MaxMatch_Positive_Concrete","51","MaxMatch","laughter","chocolate","laughter-chocolate","ConcreteMatch","PositiveMatch"
"1738","662aca04169412ae36fb7d60","control_MaxMatch_Negative_Concrete","23","MaxMatch","mud","vomit","mud-vomit","ConcreteMatch","NegativeMatch"
"1739","662aca04169412ae36fb7d60","control_Similar","99","SimilarControl","need","require","need-require","",""
"1740","662aca04169412ae36fb7d60","control_Dissimilar","0","DissimilarControl","increase","decrease","increase-decrease","",""
"1741","662aca04169412ae36fb7d60","test_ConceptualMatch_Concrete","0","ConceptualMatchingOnly","sunshine","mud","sunshine-mud","ConceptualMatch:concrete","PositiveMismatch"
"1742","662aca04169412ae36fb7d60","control_MaxMatch_Negative_Abstract","66","MaxMatch","despair","envy","despair-envy","AbstractMatch","NegativeMatch"
"1743","662aca04169412ae36fb7d60","control_Similar","99","SimilarControl","begin","start","begin-start","",""
"1744","662aca04169412ae36fb7d60","control_Dissimilar","0","DissimilarControl","arrive","leave","arrive-leave","",""
"1745","662aca04169412ae36fb7d60","test_ValenceMatch_Negative","0","ValenceMatchingOnly","envy","injury","envy-injury","AbstractMismatch","NegativeMatch"
"1746","662aca04169412ae36fb7d60","control_MaxMatch_Positive_Abstract","89","MaxMatch","joy","kindness","joy-kindness","AbstractMatch","PositiveMatch"
"1747","662aca04169412ae36fb7d60","test_ValenceMatch_Positive","55","ValenceMatchingOnly","beach","happiness","beach-happiness","ConcreteMismatch","PositiveMatch"
"1748","662aca04169412ae36fb7d60","control_MaxMismatch","0","MaxMismatch","inspiration","mud","inspiration-mud","AbstractMismatch","PositiveMismatch"
"1749","662aca04169412ae36fb7d60","test_ConceptualMatch_Abstract","0","ConceptualMatchingOnly","failure","inspiration","failure-inspiration","ConceptualMatch:abstract","NegativeMismatch"
"1750","662aca04169412ae36fb7d60","control_MaxMatch_Positive_Concrete","9","MaxMatch","music","rain","music-rain","ConcreteMatch","PositiveMatch"
"1751","662aca04169412ae36fb7d60","control_MaxMatch_Negative_Concrete","76","MaxMatch","rot","mud","rot-mud","ConcreteMatch","NegativeMatch"
"1752","662aca04169412ae36fb7d60","control_Similar","99","SimilarControl","show","display","show-display","",""
"1753","662aca04169412ae36fb7d60","control_Dissimilar","0","DissimilarControl","begin","end","begin-end","",""
"1754","662aca04169412ae36fb7d60","test_ConceptualMatch_Concrete","0","ConceptualMatchingOnly","laughter","garbage","laughter-garbage","ConceptualMatch:concrete","PositiveMismatch"
"1755","662aca04169412ae36fb7d60","control_MaxMatch_Negative_Abstract","62","MaxMatch","despair","grief","despair-grief","AbstractMatch","NegativeMatch"
"1756","66311db2f9d3b238692d2972","control_Dissimilar","15","DissimilarControl","push","pull","push-pull","",""
"1757","66311db2f9d3b238692d2972","control_Similar","86","SimilarControl","speak","talk","speak-talk","",""
"1758","66311db2f9d3b238692d2972","test_ConceptualMatch_Abstract","18","ConceptualMatchingOnly","guilt","happiness","guilt-happiness","ConceptualMatch:abstract","NegativeMismatch"
"1759","66311db2f9d3b238692d2972","control_MaxMatch_Positive_Concrete","62","MaxMatch","laughter","home","laughter-home","ConcreteMatch","PositiveMatch"
"1760","66311db2f9d3b238692d2972","control_MaxMatch_Negative_Concrete","57","MaxMatch","smoke","injury","smoke-injury","ConcreteMatch","NegativeMatch"
"1761","66311db2f9d3b238692d2972","control_MaxMatch_Positive_Abstract","3","MaxMatch","love","freedom","love-freedom","AbstractMatch","PositiveMatch"
"1762","66311db2f9d3b238692d2972","control_MaxMatch_Negative_Abstract","35","MaxMatch","guilt","failure","guilt-failure","AbstractMatch","NegativeMatch"
"1763","66311db2f9d3b238692d2972","test_ValenceMatch_Positive","0","ValenceMatchingOnly","beach","kindness","beach-kindness","ConcreteMismatch","PositiveMatch"
"1764","66311db2f9d3b238692d2972","control_Dissimilar","0","DissimilarControl","begin","end","begin-end","",""
"1765","66311db2f9d3b238692d2972","test_ConceptualMatch_Concrete","0","ConceptualMatchingOnly","chocolate","garbage","chocolate-garbage","ConceptualMatch:concrete","PositiveMismatch"
"1766","66311db2f9d3b238692d2972","test_ValenceMatch_Negative","0","ValenceMatchingOnly","envy","rot","envy-rot","AbstractMismatch","NegativeMatch"
"1767","66311db2f9d3b238692d2972","control_MaxMismatch","0","MaxMismatch","peace","mud","peace-mud","AbstractMismatch","PositiveMismatch"
"1768","66311db2f9d3b238692d2972","control_Similar","99","SimilarControl","show","display","show-display","",""
"1769","66311db2f9d3b238692d2972","control_Dissimilar","0","DissimilarControl","increase","decrease","increase-decrease","",""
"1770","66311db2f9d3b238692d2972","control_Similar","3","SimilarControl","get","obtain","get-obtain","",""
"1771","66311db2f9d3b238692d2972","test_ConceptualMatch_Abstract","8","ConceptualMatchingOnly","anxiety","compassion","anxiety-compassion","ConceptualMatch:abstract","NegativeMismatch"
"1772","66311db2f9d3b238692d2972","control_MaxMatch_Positive_Concrete","11","MaxMatch","beach","rain","beach-rain","ConcreteMatch","PositiveMatch"
"1773","66311db2f9d3b238692d2972","control_MaxMatch_Negative_Concrete","62","MaxMatch","mold","filth","mold-filth","ConcreteMatch","NegativeMatch"
"1774","66311db2f9d3b238692d2972","control_MaxMatch_Positive_Abstract","66","MaxMatch","love","joy","love-joy","AbstractMatch","PositiveMatch"
"1775","66311db2f9d3b238692d2972","control_MaxMatch_Negative_Abstract","0","MaxMatch","shame","envy","shame-envy","AbstractMatch","NegativeMatch"
"1776","66311db2f9d3b238692d2972","test_ValenceMatch_Positive","48","ValenceMatchingOnly","beach","joy","beach-joy","ConcreteMismatch","PositiveMatch"
"1777","66311db2f9d3b238692d2972","control_Dissimilar","4","DissimilarControl","open","close","open-close","",""
"1778","66311db2f9d3b238692d2972","test_ConceptualMatch_Concrete","0","ConceptualMatchingOnly","sunshine","smoke","sunshine-smoke","ConceptualMatch:concrete","PositiveMismatch"
"1779","66311db2f9d3b238692d2972","test_ValenceMatch_Negative","0","ValenceMatchingOnly","failure","garbage","failure-garbage","AbstractMismatch","NegativeMatch"
"1780","66311db2f9d3b238692d2972","control_MaxMismatch","0","MaxMismatch","joy","filth","joy-filth","AbstractMismatch","PositiveMismatch"
"1781","66311db2f9d3b238692d2972","control_Similar","90","SimilarControl","begin","start","begin-start","",""
"1782","66311db2f9d3b238692d2972","control_Dissimilar","0","DissimilarControl","enter","exit","enter-exit","",""
"1783","66311db2f9d3b238692d2972","control_Similar","99","SimilarControl","help","assist","help-assist","",""
"1784","66311db2f9d3b238692d2972","test_ConceptualMatch_Abstract","11","ConceptualMatchingOnly","anxiety","love","anxiety-love","ConceptualMatch:abstract","NegativeMismatch"
"1785","66311db2f9d3b238692d2972","control_MaxMatch_Positive_Concrete","0","MaxMatch","laughter","rain","laughter-rain","ConcreteMatch","PositiveMatch"
"1786","66311db2f9d3b238692d2972","control_MaxMatch_Negative_Concrete","0","MaxMatch","smoke","vomit","smoke-vomit","ConcreteMatch","NegativeMatch"
"1787","66311db2f9d3b238692d2972","control_MaxMatch_Positive_Abstract","35","MaxMatch","love","compassion","love-compassion","AbstractMatch","PositiveMatch"
"1788","66311db2f9d3b238692d2972","control_MaxMatch_Negative_Abstract","75","MaxMatch","guilt","shame","guilt-shame","AbstractMatch","NegativeMatch"
"1789","66311db2f9d3b238692d2972","test_ValenceMatch_Positive","2","ValenceMatchingOnly","music","kindness","music-kindness","ConcreteMismatch","PositiveMatch"
"1790","66311db2f9d3b238692d2972","control_Dissimilar","0","DissimilarControl","add","remove","add-remove","",""
"1791","66311db2f9d3b238692d2972","test_ConceptualMatch_Concrete","5","ConceptualMatchingOnly","sunshine","stench","sunshine-stench","ConceptualMatch:concrete","PositiveMismatch"
"1792","66311db2f9d3b238692d2972","test_ValenceMatch_Negative","0","ValenceMatchingOnly","anxiety","injury","anxiety-injury","AbstractMismatch","NegativeMatch"
"1793","66311db2f9d3b238692d2972","control_MaxMismatch","0","MaxMismatch","hope","garbage","hope-garbage","AbstractMismatch","PositiveMismatch"
"1794","66311db2f9d3b238692d2972","control_Similar","99","SimilarControl","buy","purchase","buy-purchase","",""
"1795","66311db2f9d3b238692d2972","control_Dissimilar","5","DissimilarControl","arrive","leave","arrive-leave","",""
"1796","66311db2f9d3b238692d2972","control_Similar","92","SimilarControl","use","employ","use-employ","",""
"1797","66311db2f9d3b238692d2972","test_ConceptualMatch_Abstract","0","ConceptualMatchingOnly","resentment","joy","resentment-joy","ConceptualMatch:abstract","NegativeMismatch"
"1798","66311db2f9d3b238692d2972","control_MaxMatch_Positive_Concrete","14","MaxMatch","sunshine","laughter","sunshine-laughter","ConcreteMatch","PositiveMatch"
"1799","66311db2f9d3b238692d2972","control_MaxMatch_Negative_Concrete","9","MaxMatch","rot","vomit","rot-vomit","ConcreteMatch","NegativeMatch"
"1800","66311db2f9d3b238692d2972","control_MaxMatch_Positive_Abstract","75","MaxMatch","kindness","happiness","kindness-happiness","AbstractMatch","PositiveMatch"
"1801","66311db2f9d3b238692d2972","control_MaxMatch_Negative_Abstract","14","MaxMatch","failure","envy","failure-envy","AbstractMatch","NegativeMatch"
"1802","66311db2f9d3b238692d2972","test_ValenceMatch_Positive","7","ValenceMatchingOnly","rain","joy","rain-joy","ConcreteMismatch","PositiveMatch"
"1803","66311db2f9d3b238692d2972","control_Dissimilar","0","DissimilarControl","give","take","give-take","",""
"1804","66311db2f9d3b238692d2972","test_ConceptualMatch_Concrete","46","ConceptualMatchingOnly","beach","mud","beach-mud","ConceptualMatch:concrete","PositiveMismatch"
"1805","66311db2f9d3b238692d2972","test_ValenceMatch_Negative","0","ValenceMatchingOnly","anxiety","rust","anxiety-rust","AbstractMismatch","NegativeMatch"
"1806","66311db2f9d3b238692d2972","control_MaxMismatch","0","MaxMismatch","peace","vomit","peace-vomit","AbstractMismatch","PositiveMismatch"
"1807","66311db2f9d3b238692d2972","control_Similar","99","SimilarControl","end","finish","end-finish","",""
"1808","66311db2f9d3b238692d2972","control_Dissimilar","2","DissimilarControl","come","go","come-go","",""
"1809","66311db2f9d3b238692d2972","control_Similar","99","SimilarControl","need","require","need-require","",""
"1810","66311db2f9d3b238692d2972","test_ConceptualMatch_Abstract","0","ConceptualMatchingOnly","anxiety","peace","anxiety-peace","ConceptualMatch:abstract","NegativeMismatch"
"1811","66311db2f9d3b238692d2972","control_MaxMatch_Positive_Concrete","0","MaxMatch","sunshine","music","sunshine-music","ConcreteMatch","PositiveMatch"
"1812","66311db2f9d3b238692d2972","control_MaxMatch_Negative_Concrete","0","MaxMatch","mud","stench","mud-stench","ConcreteMatch","NegativeMatch"
"1813","66311db2f9d3b238692d2972","control_MaxMatch_Positive_Abstract","66","MaxMatch","love","kindness","love-kindness","AbstractMatch","PositiveMatch"
"1814","66311db2f9d3b238692d2972","control_MaxMatch_Negative_Abstract","0","MaxMatch","regret","failure","regret-failure","AbstractMatch","NegativeMatch"
"1815","66311db2f9d3b238692d2972","test_ValenceMatch_Positive","0","ValenceMatchingOnly","beach","peace","beach-peace","ConcreteMismatch","PositiveMatch"
"1816","66311db2f9d3b238692d2972","control_Dissimilar","0","DissimilarControl","rise","fall","rise-fall","",""
"1817","66311db2f9d3b238692d2972","test_ConceptualMatch_Concrete","0","ConceptualMatchingOnly","laughter","rot","laughter-rot","ConceptualMatch:concrete","PositiveMismatch"
"1818","66311db2f9d3b238692d2972","test_ValenceMatch_Negative","3","ValenceMatchingOnly","lonliness","mold","lonliness-mold","AbstractMismatch","NegativeMatch"
"1819","66311db2f9d3b238692d2972","control_MaxMismatch","0","MaxMismatch","peace","rot","peace-rot","AbstractMismatch","PositiveMismatch"
"1820","66311db2f9d3b238692d2972","control_Similar","99","SimilarControl","ask","inquire","ask-inquire","",""
"1821","6695227ee33b1435180a693c","control_Dissimilar","81","DissimilarControl","come","go","come-go","",""
"1822","6695227ee33b1435180a693c","control_Similar","99","SimilarControl","end","finish","end-finish","",""
"1823","6695227ee33b1435180a693c","control_MaxMatch_Negative_Abstract","69","MaxMatch","lonliness","regret","lonliness-regret","AbstractMatch","NegativeMatch"
"1824","6695227ee33b1435180a693c","test_ValenceMatch_Negative","66","ValenceMatchingOnly","grief","injury","grief-injury","AbstractMismatch","NegativeMatch"
"1825","6695227ee33b1435180a693c","control_Dissimilar","0","DissimilarControl","enter","exit","enter-exit","",""
"1826","6695227ee33b1435180a693c","control_MaxMismatch","0","MaxMismatch","kindness","smoke","kindness-smoke","AbstractMismatch","PositiveMismatch"
"1827","6695227ee33b1435180a693c","test_ConceptualMatch_Abstract","0","ConceptualMatchingOnly","grief","happiness","grief-happiness","ConceptualMatch:abstract","NegativeMismatch"
"1828","6695227ee33b1435180a693c","control_MaxMatch_Negative_Concrete","66","MaxMatch","smoke","filth","smoke-filth","ConcreteMatch","NegativeMatch"
"1829","6695227ee33b1435180a693c","control_Similar","97","SimilarControl","need","require","need-require","",""
"1830","6695227ee33b1435180a693c","control_MaxMatch_Positive_Concrete","0","MaxMatch","home","rain","home-rain","ConcreteMatch","PositiveMatch"
"1831","6695227ee33b1435180a693c","test_ValenceMatch_Positive","12","ValenceMatchingOnly","chocolate","hope","chocolate-hope","ConcreteMismatch","PositiveMatch"
"1832","6695227ee33b1435180a693c","control_MaxMatch_Positive_Abstract","67","MaxMatch","love","inspiration","love-inspiration","AbstractMatch","PositiveMatch"
"1833","6695227ee33b1435180a693c","test_ConceptualMatch_Concrete","0","ConceptualMatchingOnly","laughter","injury","laughter-injury","ConceptualMatch:concrete","PositiveMismatch"
"1834","6695227ee33b1435180a693c","control_Dissimilar","0","DissimilarControl","begin","end","begin-end","",""
"1835","6695227ee33b1435180a693c","control_Similar","99","SimilarControl","speak","talk","speak-talk","",""
"1836","6695227ee33b1435180a693c","control_MaxMatch_Negative_Abstract","19","MaxMatch","guilt","envy","guilt-envy","AbstractMatch","NegativeMatch"
"1837","6695227ee33b1435180a693c","test_ValenceMatch_Negative","4","ValenceMatchingOnly","failure","mud","failure-mud","AbstractMismatch","NegativeMatch"
"1838","6695227ee33b1435180a693c","control_Dissimilar","0","DissimilarControl","add","remove","add-remove","",""
"1839","6695227ee33b1435180a693c","control_MaxMismatch","0","MaxMismatch","joy","mold","joy-mold","AbstractMismatch","PositiveMismatch"
"1840","6695227ee33b1435180a693c","test_ConceptualMatch_Abstract","5","ConceptualMatchingOnly","lonliness","kindness","lonliness-kindness","ConceptualMatch:abstract","NegativeMismatch"
"1841","6695227ee33b1435180a693c","control_MaxMatch_Negative_Concrete","48","MaxMatch","smoke","mud","smoke-mud","ConcreteMatch","NegativeMatch"
"1842","6695227ee33b1435180a693c","control_Similar","99","SimilarControl","ask","inquire","ask-inquire","",""
"1843","6695227ee33b1435180a693c","control_MaxMatch_Positive_Concrete","0","MaxMatch","music","beach","music-beach","ConcreteMatch","PositiveMatch"
"1844","6695227ee33b1435180a693c","test_ValenceMatch_Positive","16","ValenceMatchingOnly","chocolate","compassion","chocolate-compassion","ConcreteMismatch","PositiveMatch"
"1845","6695227ee33b1435180a693c","control_MaxMatch_Positive_Abstract","88","MaxMatch","peace","compassion","peace-compassion","AbstractMatch","PositiveMatch"
"1846","6695227ee33b1435180a693c","test_ConceptualMatch_Concrete","60","ConceptualMatchingOnly","chocolate","rust","chocolate-rust","ConceptualMatch:concrete","PositiveMismatch"
"1847","6695227ee33b1435180a693c","control_Dissimilar","0","DissimilarControl","rise","fall","rise-fall","",""
"1848","6695227ee33b1435180a693c","control_Similar","99","SimilarControl","buy","purchase","buy-purchase","",""
"1849","6695227ee33b1435180a693c","control_MaxMatch_Negative_Abstract","11","MaxMatch","guilt","failure","guilt-failure","AbstractMatch","NegativeMatch"
"1850","6695227ee33b1435180a693c","test_ValenceMatch_Negative","9","ValenceMatchingOnly","despair","smoke","despair-smoke","AbstractMismatch","NegativeMatch"
"1851","6695227ee33b1435180a693c","control_Dissimilar","0","DissimilarControl","arrive","leave","arrive-leave","",""
"1852","6695227ee33b1435180a693c","control_MaxMismatch","0","MaxMismatch","inspiration","vomit","inspiration-vomit","AbstractMismatch","PositiveMismatch"
"1853","6695227ee33b1435180a693c","test_ConceptualMatch_Abstract","11","ConceptualMatchingOnly","guilt","freedom","guilt-freedom","ConceptualMatch:abstract","NegativeMismatch"
"1854","6695227ee33b1435180a693c","control_MaxMatch_Negative_Concrete","55","MaxMatch","smoke","mold","smoke-mold","ConcreteMatch","NegativeMatch"
"1855","6695227ee33b1435180a693c","control_Similar","99","SimilarControl","get","obtain","get-obtain","",""
"1856","6695227ee33b1435180a693c","control_MaxMatch_Positive_Concrete","8","MaxMatch","music","chocolate","music-chocolate","ConcreteMatch","PositiveMatch"
"1857","6695227ee33b1435180a693c","test_ValenceMatch_Positive","0","ValenceMatchingOnly","beach","kindness","beach-kindness","ConcreteMismatch","PositiveMatch"
"1858","6695227ee33b1435180a693c","control_MaxMatch_Positive_Abstract","83","MaxMatch","hope","happiness","hope-happiness","AbstractMatch","PositiveMatch"
"1859","6695227ee33b1435180a693c","test_ConceptualMatch_Concrete","0","ConceptualMatchingOnly","home","filth","home-filth","ConceptualMatch:concrete","PositiveMismatch"
"1860","6695227ee33b1435180a693c","control_Dissimilar","0","DissimilarControl","push","pull","push-pull","",""
"1861","6695227ee33b1435180a693c","control_Similar","99","SimilarControl","show","display","show-display","",""
"1862","6695227ee33b1435180a693c","control_MaxMatch_Negative_Abstract","91","MaxMatch","despair","failure","despair-failure","AbstractMatch","NegativeMatch"
"1863","6695227ee33b1435180a693c","test_ValenceMatch_Negative","64","ValenceMatchingOnly","despair","rot","despair-rot","AbstractMismatch","NegativeMatch"
"1864","6695227ee33b1435180a693c","control_Dissimilar","0","DissimilarControl","open","close","open-close","",""
"1865","6695227ee33b1435180a693c","control_MaxMismatch","0","MaxMismatch","hope","garbage","hope-garbage","AbstractMismatch","PositiveMismatch"
"1866","6695227ee33b1435180a693c","test_ConceptualMatch_Abstract","0","ConceptualMatchingOnly","failure","inspiration","failure-inspiration","ConceptualMatch:abstract","NegativeMismatch"
"1867","6695227ee33b1435180a693c","control_MaxMatch_Negative_Concrete","0","MaxMatch","rust","injury","rust-injury","ConcreteMatch","NegativeMatch"
"1868","6695227ee33b1435180a693c","control_Similar","99","SimilarControl","use","employ","use-employ","",""
"1869","6695227ee33b1435180a693c","control_MaxMatch_Positive_Concrete","6","MaxMatch","laughter","home","laughter-home","ConcreteMatch","PositiveMatch"
"1870","6695227ee33b1435180a693c","test_ValenceMatch_Positive","53","ValenceMatchingOnly","flowers","happiness","flowers-happiness","ConcreteMismatch","PositiveMatch"
"1871","6695227ee33b1435180a693c","control_MaxMatch_Positive_Abstract","85","MaxMatch","joy","inspiration","joy-inspiration","AbstractMatch","PositiveMatch"
"1872","6695227ee33b1435180a693c","test_ConceptualMatch_Concrete","0","ConceptualMatchingOnly","beach","filth","beach-filth","ConceptualMatch:concrete","PositiveMismatch"
"1873","6695227ee33b1435180a693c","control_Dissimilar","0","DissimilarControl","give","take","give-take","",""
"1874","6695227ee33b1435180a693c","control_Similar","99","SimilarControl","begin","start","begin-start","",""
"1875","6695227ee33b1435180a693c","control_MaxMatch_Negative_Abstract","84","MaxMatch","guilt","grief","guilt-grief","AbstractMatch","NegativeMatch"
"1876","6695227ee33b1435180a693c","test_ValenceMatch_Negative","5","ValenceMatchingOnly","guilt","vomit","guilt-vomit","AbstractMismatch","NegativeMatch"
"1877","6695227ee33b1435180a693c","control_Dissimilar","0","DissimilarControl","increase","decrease","increase-decrease","",""
"1878","6695227ee33b1435180a693c","control_MaxMismatch","0","MaxMismatch","joy","vomit","joy-vomit","AbstractMismatch","PositiveMismatch"
"1879","6695227ee33b1435180a693c","test_ConceptualMatch_Abstract","0","ConceptualMatchingOnly","anxiety","happiness","anxiety-happiness","ConceptualMatch:abstract","NegativeMismatch"
"1880","6695227ee33b1435180a693c","control_MaxMatch_Negative_Concrete","77","MaxMatch","smoke","garbage","smoke-garbage","ConcreteMatch","NegativeMatch"
"1881","6695227ee33b1435180a693c","control_Similar","99","SimilarControl","help","assist","help-assist","",""
"1882","6695227ee33b1435180a693c","control_MaxMatch_Positive_Concrete","28","MaxMatch","music","fireplace","music-fireplace","ConcreteMatch","PositiveMatch"
"1883","6695227ee33b1435180a693c","test_ValenceMatch_Positive","0","ValenceMatchingOnly","fireplace","freedom","fireplace-freedom","ConcreteMismatch","PositiveMatch"
"1884","6695227ee33b1435180a693c","control_MaxMatch_Positive_Abstract","76","MaxMatch","joy","gratitude","joy-gratitude","AbstractMatch","PositiveMatch"
"1885","6695227ee33b1435180a693c","test_ConceptualMatch_Concrete","0","ConceptualMatchingOnly","music","injury","music-injury","ConceptualMatch:concrete","PositiveMismatch"
"1886","55cf5cc434e9060005e56c39","control_Similar","99","SimilarControl","ask","inquire","ask-inquire","",""
"1887","55cf5cc434e9060005e56c39","control_Dissimilar","0","DissimilarControl","open","close","open-close","",""
"1888","55cf5cc434e9060005e56c39","test_ConceptualMatch_Concrete","26","ConceptualMatchingOnly","flowers","stench","flowers-stench","ConceptualMatch:concrete","PositiveMismatch"
"1889","55cf5cc434e9060005e56c39","control_MaxMatch_Positive_Concrete","23","MaxMatch","beach","fireplace","beach-fireplace","ConcreteMatch","PositiveMatch"
"1890","55cf5cc434e9060005e56c39","control_MaxMismatch","23","MaxMismatch","gratitude","filth","gratitude-filth","AbstractMismatch","PositiveMismatch"
"1891","55cf5cc434e9060005e56c39","control_Similar","99","SimilarControl","help","assist","help-assist","",""
"1892","55cf5cc434e9060005e56c39","test_ConceptualMatch_Abstract","0","ConceptualMatchingOnly","despair","inspiration","despair-inspiration","ConceptualMatch:abstract","NegativeMismatch"
"1893","55cf5cc434e9060005e56c39","control_MaxMatch_Negative_Concrete","81","MaxMatch","mud","mold","mud-mold","ConcreteMatch","NegativeMatch"
"1894","55cf5cc434e9060005e56c39","control_MaxMatch_Negative_Abstract","90","MaxMatch","guilt","shame","guilt-shame","AbstractMatch","NegativeMatch"
"1895","55cf5cc434e9060005e56c39","control_MaxMatch_Positive_Abstract","80","MaxMatch","love","hope","love-hope","AbstractMatch","PositiveMatch"
"1896","55cf5cc434e9060005e56c39","test_ValenceMatch_Positive","22","ValenceMatchingOnly","beach","compassion","beach-compassion","ConcreteMismatch","PositiveMatch"
"1897","55cf5cc434e9060005e56c39","control_Dissimilar","0","DissimilarControl","add","remove","add-remove","",""
"1898","55cf5cc434e9060005e56c39","test_ValenceMatch_Negative","68","ValenceMatchingOnly","resentment","rot","resentment-rot","AbstractMismatch","NegativeMatch"
"1899","55cf5cc434e9060005e56c39","control_Similar","99","SimilarControl","get","obtain","get-obtain","",""
"1900","55cf5cc434e9060005e56c39","control_Dissimilar","0","DissimilarControl","push","pull","push-pull","",""
"1901","55cf5cc434e9060005e56c39","test_ConceptualMatch_Concrete","20","ConceptualMatchingOnly","flowers","filth","flowers-filth","ConceptualMatch:concrete","PositiveMismatch"
"1902","55cf5cc434e9060005e56c39","control_MaxMatch_Positive_Concrete","28","MaxMatch","sunshine","fireplace","sunshine-fireplace","ConcreteMatch","PositiveMatch"
"1903","55cf5cc434e9060005e56c39","control_MaxMismatch","23","MaxMismatch","hope","rot","hope-rot","AbstractMismatch","PositiveMismatch"
"1904","55cf5cc434e9060005e56c39","control_Similar","99","SimilarControl","show","display","show-display","",""
"1905","55cf5cc434e9060005e56c39","test_ConceptualMatch_Abstract","20","ConceptualMatchingOnly","failure","gratitude","failure-gratitude","ConceptualMatch:abstract","NegativeMismatch"
"1906","55cf5cc434e9060005e56c39","control_MaxMatch_Negative_Concrete","83","MaxMatch","rot","vomit","rot-vomit","ConcreteMatch","NegativeMatch"
"1907","55cf5cc434e9060005e56c39","control_MaxMatch_Negative_Abstract","89","MaxMatch","failure","shame","failure-shame","AbstractMatch","NegativeMatch"
"1908","55cf5cc434e9060005e56c39","control_MaxMatch_Positive_Abstract","81","MaxMatch","love","peace","love-peace","AbstractMatch","PositiveMatch"
"1909","55cf5cc434e9060005e56c39","test_ValenceMatch_Positive","35","ValenceMatchingOnly","beach","love","beach-love","ConcreteMismatch","PositiveMatch"
"1910","55cf5cc434e9060005e56c39","control_Dissimilar","0","DissimilarControl","come","go","come-go","",""
"1911","55cf5cc434e9060005e56c39","test_ValenceMatch_Negative","21","ValenceMatchingOnly","envy","stench","envy-stench","AbstractMismatch","NegativeMatch"
"1912","55cf5cc434e9060005e56c39","control_Similar","99","SimilarControl","buy","purchase","buy-purchase","",""
"1913","55cf5cc434e9060005e56c39","control_Dissimilar","0","DissimilarControl","arrive","leave","arrive-leave","",""
"1914","55cf5cc434e9060005e56c39","test_ConceptualMatch_Concrete","64","ConceptualMatchingOnly","beach","mold","beach-mold","ConceptualMatch:concrete","PositiveMismatch"
"1915","55cf5cc434e9060005e56c39","control_MaxMatch_Positive_Concrete","35","MaxMatch","sunshine","music","sunshine-music","ConcreteMatch","PositiveMatch"
"1916","55cf5cc434e9060005e56c39","control_MaxMismatch","42","MaxMismatch","happiness","vomit","happiness-vomit","AbstractMismatch","PositiveMismatch"
"1917","55cf5cc434e9060005e56c39","control_Similar","99","SimilarControl","speak","talk","speak-talk","",""
"1918","55cf5cc434e9060005e56c39","test_ConceptualMatch_Abstract","22","ConceptualMatchingOnly","regret","freedom","regret-freedom","ConceptualMatch:abstract","NegativeMismatch"
"1919","55cf5cc434e9060005e56c39","control_MaxMatch_Negative_Concrete","99","MaxMatch","mold","filth","mold-filth","ConcreteMatch","NegativeMatch"
"1920","55cf5cc434e9060005e56c39","control_MaxMatch_Negative_Abstract","74","MaxMatch","failure","envy","failure-envy","AbstractMatch","NegativeMatch"
"1921","55cf5cc434e9060005e56c39","control_MaxMatch_Positive_Abstract","81","MaxMatch","freedom","happiness","freedom-happiness","AbstractMatch","PositiveMatch"
"1922","55cf5cc434e9060005e56c39","test_ValenceMatch_Positive","62","ValenceMatchingOnly","flowers","love","flowers-love","ConcreteMismatch","PositiveMatch"
"1923","55cf5cc434e9060005e56c39","control_Dissimilar","0","DissimilarControl","enter","exit","enter-exit","",""
"1924","55cf5cc434e9060005e56c39","test_ValenceMatch_Negative","35","ValenceMatchingOnly","envy","smoke","envy-smoke","AbstractMismatch","NegativeMatch"
"1925","55cf5cc434e9060005e56c39","control_Similar","99","SimilarControl","use","employ","use-employ","",""
"1926","55cf5cc434e9060005e56c39","control_Dissimilar","0","DissimilarControl","begin","end","begin-end","",""
"1927","55cf5cc434e9060005e56c39","test_ConceptualMatch_Concrete","21","ConceptualMatchingOnly","sunshine","rot","sunshine-rot","ConceptualMatch:concrete","PositiveMismatch"
"1928","55cf5cc434e9060005e56c39","control_MaxMatch_Positive_Concrete","24","MaxMatch","music","home","music-home","ConcreteMatch","PositiveMatch"
"1929","55cf5cc434e9060005e56c39","control_MaxMismatch","22","MaxMismatch","kindness","filth","kindness-filth","AbstractMismatch","PositiveMismatch"
"1930","55cf5cc434e9060005e56c39","control_Similar","99","SimilarControl","need","require","need-require","",""
"1931","55cf5cc434e9060005e56c39","test_ConceptualMatch_Abstract","23","ConceptualMatchingOnly","lonliness","joy","lonliness-joy","ConceptualMatch:abstract","NegativeMismatch"
"1932","55cf5cc434e9060005e56c39","control_MaxMatch_Negative_Concrete","29","MaxMatch","mold","injury","mold-injury","ConcreteMatch","NegativeMatch"
"1933","55cf5cc434e9060005e56c39","control_MaxMatch_Negative_Abstract","88","MaxMatch","despair","failure","despair-failure","AbstractMatch","NegativeMatch"
"1934","55cf5cc434e9060005e56c39","control_MaxMatch_Positive_Abstract","88","MaxMatch","hope","happiness","hope-happiness","AbstractMatch","PositiveMatch"
"1935","55cf5cc434e9060005e56c39","test_ValenceMatch_Positive","37","ValenceMatchingOnly","chocolate","kindness","chocolate-kindness","ConcreteMismatch","PositiveMatch"
"1936","55cf5cc434e9060005e56c39","control_Dissimilar","0","DissimilarControl","increase","decrease","increase-decrease","",""
"1937","55cf5cc434e9060005e56c39","test_ValenceMatch_Negative","26","ValenceMatchingOnly","regret","mud","regret-mud","AbstractMismatch","NegativeMatch"
"1938","55cf5cc434e9060005e56c39","control_Similar","99","SimilarControl","begin","start","begin-start","",""
"1939","55cf5cc434e9060005e56c39","control_Dissimilar","0","DissimilarControl","rise","fall","rise-fall","",""
"1940","55cf5cc434e9060005e56c39","test_ConceptualMatch_Concrete","23","ConceptualMatchingOnly","sunshine","garbage","sunshine-garbage","ConceptualMatch:concrete","PositiveMismatch"
"1941","55cf5cc434e9060005e56c39","control_MaxMatch_Positive_Concrete","23","MaxMatch","beach","home","beach-home","ConcreteMatch","PositiveMatch"
"1942","55cf5cc434e9060005e56c39","control_MaxMismatch","22","MaxMismatch","gratitude","rot","gratitude-rot","AbstractMismatch","PositiveMismatch"
"1943","55cf5cc434e9060005e56c39","control_Similar","99","SimilarControl","end","finish","end-finish","",""
"1944","55cf5cc434e9060005e56c39","test_ConceptualMatch_Abstract","12","ConceptualMatchingOnly","guilt","happiness","guilt-happiness","ConceptualMatch:abstract","NegativeMismatch"
"1945","55cf5cc434e9060005e56c39","control_MaxMatch_Negative_Concrete","64","MaxMatch","smoke","garbage","smoke-garbage","ConcreteMatch","NegativeMatch"
"1946","55cf5cc434e9060005e56c39","control_MaxMatch_Negative_Abstract","80","MaxMatch","lonliness","despair","lonliness-despair","AbstractMatch","NegativeMatch"
"1947","55cf5cc434e9060005e56c39","control_MaxMatch_Positive_Abstract","80","MaxMatch","love","joy","love-joy","AbstractMatch","PositiveMatch"
"1948","55cf5cc434e9060005e56c39","test_ValenceMatch_Positive","25","ValenceMatchingOnly","beach","inspiration","beach-inspiration","ConcreteMismatch","PositiveMatch"
"1949","55cf5cc434e9060005e56c39","control_Dissimilar","0","DissimilarControl","give","take","give-take","",""
"1950","55cf5cc434e9060005e56c39","test_ValenceMatch_Negative","43","ValenceMatchingOnly","envy","filth","envy-filth","AbstractMismatch","NegativeMatch"
"1951","671e5804035494e1d10359ca","control_Similar","99","SimilarControl","ask","inquire","ask-inquire","",""
"1952","671e5804035494e1d10359ca","control_Dissimilar","0","DissimilarControl","open","close","open-close","",""
"1953","671e5804035494e1d10359ca","test_ConceptualMatch_Abstract","0","ConceptualMatchingOnly","anxiety","inspiration","anxiety-inspiration","ConceptualMatch:abstract","NegativeMismatch"
"1954","671e5804035494e1d10359ca","test_ValenceMatch_Positive","0","ValenceMatchingOnly","chocolate","gratitude","chocolate-gratitude","ConcreteMismatch","PositiveMatch"
"1955","671e5804035494e1d10359ca","control_Similar","95","SimilarControl","use","employ","use-employ","",""
"1956","671e5804035494e1d10359ca","control_MaxMismatch","0","MaxMismatch","kindness","vomit","kindness-vomit","AbstractMismatch","PositiveMismatch"
"1957","671e5804035494e1d10359ca","control_Dissimilar","0","DissimilarControl","add","remove","add-remove","",""
"1958","671e5804035494e1d10359ca","test_ConceptualMatch_Concrete","0","ConceptualMatchingOnly","laughter","stench","laughter-stench","ConceptualMatch:concrete","PositiveMismatch"
"1959","671e5804035494e1d10359ca","control_MaxMatch_Positive_Concrete","0","MaxMatch","laughter","chocolate","laughter-chocolate","ConcreteMatch","PositiveMatch"
"1960","671e5804035494e1d10359ca","control_MaxMatch_Negative_Concrete","82","MaxMatch","garbage","stench","garbage-stench","ConcreteMatch","NegativeMatch"
"1961","671e5804035494e1d10359ca","control_MaxMatch_Positive_Abstract","79","MaxMatch","love","joy","love-joy","AbstractMatch","PositiveMatch"
"1962","671e5804035494e1d10359ca","test_ValenceMatch_Negative","0","ValenceMatchingOnly","lonliness","garbage","lonliness-garbage","AbstractMismatch","NegativeMatch"
"1963","671e5804035494e1d10359ca","control_MaxMatch_Negative_Abstract","4","MaxMatch","anxiety","grief","anxiety-grief","AbstractMatch","NegativeMatch"
"1964","671e5804035494e1d10359ca","control_Similar","99","SimilarControl","end","finish","end-finish","",""
"1965","671e5804035494e1d10359ca","control_Dissimilar","0","DissimilarControl","rise","fall","rise-fall","",""
"1966","671e5804035494e1d10359ca","test_ConceptualMatch_Abstract","0","ConceptualMatchingOnly","grief","love","grief-love","ConceptualMatch:abstract","NegativeMismatch"
"1967","671e5804035494e1d10359ca","test_ValenceMatch_Positive","69","ValenceMatchingOnly","beach","joy","beach-joy","ConcreteMismatch","PositiveMatch"
"1968","671e5804035494e1d10359ca","control_Similar","99","SimilarControl","need","require","need-require","",""
"1969","671e5804035494e1d10359ca","control_MaxMismatch","0","MaxMismatch","peace","rust","peace-rust","AbstractMismatch","PositiveMismatch"
"1970","671e5804035494e1d10359ca","control_Dissimilar","49","DissimilarControl","increase","decrease","increase-decrease","",""
"1971","671e5804035494e1d10359ca","test_ConceptualMatch_Concrete","49","ConceptualMatchingOnly","laughter","smoke","laughter-smoke","ConceptualMatch:concrete","PositiveMismatch"
"1972","671e5804035494e1d10359ca","control_MaxMatch_Positive_Concrete","12","MaxMatch","home","chocolate","home-chocolate","ConcreteMatch","PositiveMatch"
"1973","671e5804035494e1d10359ca","control_MaxMatch_Negative_Concrete","24","MaxMatch","injury","stench","injury-stench","ConcreteMatch","NegativeMatch"
"1974","671e5804035494e1d10359ca","control_MaxMatch_Positive_Abstract","85","MaxMatch","joy","kindness","joy-kindness","AbstractMatch","PositiveMatch"
"1975","671e5804035494e1d10359ca","test_ValenceMatch_Negative","65","ValenceMatchingOnly","failure","filth","failure-filth","AbstractMismatch","NegativeMatch"
"1976","671e5804035494e1d10359ca","control_MaxMatch_Negative_Abstract","16","MaxMatch","lonliness","envy","lonliness-envy","AbstractMatch","NegativeMatch"
"1977","671e5804035494e1d10359ca","control_Similar","99","SimilarControl","buy","purchase","buy-purchase","",""
"1978","671e5804035494e1d10359ca","control_Dissimilar","14","DissimilarControl","come","go","come-go","",""
"1979","671e5804035494e1d10359ca","test_ConceptualMatch_Abstract","50","ConceptualMatchingOnly","envy","inspiration","envy-inspiration","ConceptualMatch:abstract","NegativeMismatch"
"1980","671e5804035494e1d10359ca","test_ValenceMatch_Positive","0","ValenceMatchingOnly","flowers","compassion","flowers-compassion","ConcreteMismatch","PositiveMatch"
"1981","671e5804035494e1d10359ca","control_Similar","99","SimilarControl","help","assist","help-assist","",""
"1982","671e5804035494e1d10359ca","control_MaxMismatch","0","MaxMismatch","love","garbage","love-garbage","AbstractMismatch","PositiveMismatch"
"1983","671e5804035494e1d10359ca","control_Dissimilar","0","DissimilarControl","enter","exit","enter-exit","",""
"1984","671e5804035494e1d10359ca","test_ConceptualMatch_Concrete","0","ConceptualMatchingOnly","rain","stench","rain-stench","ConceptualMatch:concrete","PositiveMismatch"
"1985","671e5804035494e1d10359ca","control_MaxMatch_Positive_Concrete","25","MaxMatch","sunshine","rain","sunshine-rain","ConcreteMatch","PositiveMatch"
"1986","671e5804035494e1d10359ca","control_MaxMatch_Negative_Concrete","80","MaxMatch","rot","stench","rot-stench","ConcreteMatch","NegativeMatch"
"1987","671e5804035494e1d10359ca","control_MaxMatch_Positive_Abstract","74","MaxMatch","joy","compassion","joy-compassion","AbstractMatch","PositiveMatch"
"1988","671e5804035494e1d10359ca","test_ValenceMatch_Negative","64","ValenceMatchingOnly","shame","injury","shame-injury","AbstractMismatch","NegativeMatch"
"1989","671e5804035494e1d10359ca","control_MaxMatch_Negative_Abstract","55","MaxMatch","anxiety","failure","anxiety-failure","AbstractMatch","NegativeMatch"
"1990","671e5804035494e1d10359ca","control_Similar","99","SimilarControl","get","obtain","get-obtain","",""
"1991","671e5804035494e1d10359ca","control_Dissimilar","5","DissimilarControl","push","pull","push-pull","",""
"1992","671e5804035494e1d10359ca","test_ConceptualMatch_Abstract","0","ConceptualMatchingOnly","despair","happiness","despair-happiness","ConceptualMatch:abstract","NegativeMismatch"
"1993","671e5804035494e1d10359ca","test_ValenceMatch_Positive","0","ValenceMatchingOnly","beach","inspiration","beach-inspiration","ConcreteMismatch","PositiveMatch"
"1994","671e5804035494e1d10359ca","control_Similar","99","SimilarControl","speak","talk","speak-talk","",""
"1995","671e5804035494e1d10359ca","control_MaxMismatch","0","MaxMismatch","freedom","injury","freedom-injury","AbstractMismatch","PositiveMismatch"
"1996","671e5804035494e1d10359ca","control_Dissimilar","54","DissimilarControl","give","take","give-take","",""
"1997","671e5804035494e1d10359ca","test_ConceptualMatch_Concrete","32","ConceptualMatchingOnly","flowers","mold","flowers-mold","ConceptualMatch:concrete","PositiveMismatch"
"1998","671e5804035494e1d10359ca","control_MaxMatch_Positive_Concrete","61","MaxMatch","sunshine","home","sunshine-home","ConcreteMatch","PositiveMatch"
"1999","671e5804035494e1d10359ca","control_MaxMatch_Negative_Concrete","99","MaxMatch","stench","filth","stench-filth","ConcreteMatch","NegativeMatch"
"2000","671e5804035494e1d10359ca","control_MaxMatch_Positive_Abstract","75","MaxMatch","hope","happiness","hope-happiness","AbstractMatch","PositiveMatch"
"2001","671e5804035494e1d10359ca","test_ValenceMatch_Negative","35","ValenceMatchingOnly","anxiety","injury","anxiety-injury","AbstractMismatch","NegativeMatch"
"2002","671e5804035494e1d10359ca","control_MaxMatch_Negative_Abstract","62","MaxMatch","despair","guilt","despair-guilt","AbstractMatch","NegativeMatch"
"2003","671e5804035494e1d10359ca","control_Similar","99","SimilarControl","show","display","show-display","",""
"2004","671e5804035494e1d10359ca","control_Dissimilar","41","DissimilarControl","begin","end","begin-end","",""
"2005","671e5804035494e1d10359ca","test_ConceptualMatch_Abstract","0","ConceptualMatchingOnly","guilt","inspiration","guilt-inspiration","ConceptualMatch:abstract","NegativeMismatch"
"2006","671e5804035494e1d10359ca","test_ValenceMatch_Positive","0","ValenceMatchingOnly","rain","hope","rain-hope","ConcreteMismatch","PositiveMatch"
"2007","671e5804035494e1d10359ca","control_Similar","99","SimilarControl","begin","start","begin-start","",""
"2008","671e5804035494e1d10359ca","control_MaxMismatch","0","MaxMismatch","joy","mold","joy-mold","AbstractMismatch","PositiveMismatch"
"2009","671e5804035494e1d10359ca","control_Dissimilar","34","DissimilarControl","arrive","leave","arrive-leave","",""
"2010","671e5804035494e1d10359ca","test_ConceptualMatch_Concrete","12","ConceptualMatchingOnly","fireplace","injury","fireplace-injury","ConceptualMatch:concrete","PositiveMismatch"
"2011","671e5804035494e1d10359ca","control_MaxMatch_Positive_Concrete","56","MaxMatch","music","home","music-home","ConcreteMatch","PositiveMatch"
"2012","671e5804035494e1d10359ca","control_MaxMatch_Negative_Concrete","68","MaxMatch","garbage","mold","garbage-mold","ConcreteMatch","NegativeMatch"
"2013","671e5804035494e1d10359ca","control_MaxMatch_Positive_Abstract","90","MaxMatch","love","compassion","love-compassion","AbstractMatch","PositiveMatch"
"2014","671e5804035494e1d10359ca","test_ValenceMatch_Negative","1","ValenceMatchingOnly","lonliness","vomit","lonliness-vomit","AbstractMismatch","NegativeMatch"
"2015","671e5804035494e1d10359ca","control_MaxMatch_Negative_Abstract","43","MaxMatch","grief","shame","grief-shame","AbstractMatch","NegativeMatch"
"2016","649b2106b81f8dcf5d163ee5","control_Dissimilar","0","DissimilarControl","open","close","open-close","",""
"2017","649b2106b81f8dcf5d163ee5","control_Similar","99","SimilarControl","show","display","show-display","",""
"2018","649b2106b81f8dcf5d163ee5","control_MaxMatch_Positive_Concrete","0","MaxMatch","beach","rain","beach-rain","ConcreteMatch","PositiveMatch"
"2019","649b2106b81f8dcf5d163ee5","test_ConceptualMatch_Concrete","0","ConceptualMatchingOnly","sunshine","injury","sunshine-injury","ConceptualMatch:concrete","PositiveMismatch"
"2020","649b2106b81f8dcf5d163ee5","control_Dissimilar","0","DissimilarControl","push","pull","push-pull","",""
"2021","649b2106b81f8dcf5d163ee5","control_Similar","99","SimilarControl","speak","talk","speak-talk","",""
"2022","649b2106b81f8dcf5d163ee5","control_MaxMatch_Positive_Abstract","0","MaxMatch","love","happiness","love-happiness","AbstractMatch","PositiveMatch"
"2023","649b2106b81f8dcf5d163ee5","control_MaxMatch_Negative_Abstract","99","MaxMatch","regret","grief","regret-grief","AbstractMatch","NegativeMatch"
"2024","649b2106b81f8dcf5d163ee5","control_MaxMismatch","0","MaxMismatch","freedom","rot","freedom-rot","AbstractMismatch","PositiveMismatch"
"2025","649b2106b81f8dcf5d163ee5","test_ConceptualMatch_Abstract","0","ConceptualMatchingOnly","despair","love","despair-love","ConceptualMatch:abstract","NegativeMismatch"
"2026","649b2106b81f8dcf5d163ee5","test_ValenceMatch_Positive","0","ValenceMatchingOnly","beach","inspiration","beach-inspiration","ConcreteMismatch","PositiveMatch"
"2027","649b2106b81f8dcf5d163ee5","test_ValenceMatch_Negative","0","ValenceMatchingOnly","resentment","mold","resentment-mold","AbstractMismatch","NegativeMatch"
"2028","649b2106b81f8dcf5d163ee5","control_MaxMatch_Negative_Concrete","0","MaxMatch","injury","stench","injury-stench","ConcreteMatch","NegativeMatch"
"2029","649b2106b81f8dcf5d163ee5","control_Dissimilar","0","DissimilarControl","enter","exit","enter-exit","",""
"2030","649b2106b81f8dcf5d163ee5","control_Similar","99","SimilarControl","begin","start","begin-start","",""
"2031","649b2106b81f8dcf5d163ee5","control_MaxMatch_Positive_Concrete","0","MaxMatch","sunshine","chocolate","sunshine-chocolate","ConcreteMatch","PositiveMatch"
"2032","649b2106b81f8dcf5d163ee5","test_ConceptualMatch_Concrete","0","ConceptualMatchingOnly","laughter","mold","laughter-mold","ConceptualMatch:concrete","PositiveMismatch"
"2033","649b2106b81f8dcf5d163ee5","control_Dissimilar","0","DissimilarControl","add","remove","add-remove","",""
"2034","649b2106b81f8dcf5d163ee5","control_Similar","99","SimilarControl","help","assist","help-assist","",""
"2035","649b2106b81f8dcf5d163ee5","control_MaxMatch_Positive_Abstract","0","MaxMatch","love","freedom","love-freedom","AbstractMatch","PositiveMatch"
"2036","649b2106b81f8dcf5d163ee5","control_MaxMatch_Negative_Abstract","99","MaxMatch","resentment","envy","resentment-envy","AbstractMatch","NegativeMatch"
"2037","649b2106b81f8dcf5d163ee5","control_MaxMismatch","0","MaxMismatch","love","smoke","love-smoke","AbstractMismatch","PositiveMismatch"
"2038","649b2106b81f8dcf5d163ee5","test_ConceptualMatch_Abstract","0","ConceptualMatchingOnly","resentment","joy","resentment-joy","ConceptualMatch:abstract","NegativeMismatch"
"2039","649b2106b81f8dcf5d163ee5","test_ValenceMatch_Positive","0","ValenceMatchingOnly","sunshine","gratitude","sunshine-gratitude","ConcreteMismatch","PositiveMatch"
"2040","649b2106b81f8dcf5d163ee5","test_ValenceMatch_Negative","0","ValenceMatchingOnly","shame","rot","shame-rot","AbstractMismatch","NegativeMatch"
"2041","649b2106b81f8dcf5d163ee5","control_MaxMatch_Negative_Concrete","99","MaxMatch","rot","rust","rot-rust","ConcreteMatch","NegativeMatch"
"2042","649b2106b81f8dcf5d163ee5","control_Dissimilar","0","DissimilarControl","come","go","come-go","",""
"2043","649b2106b81f8dcf5d163ee5","control_Similar","99","SimilarControl","ask","inquire","ask-inquire","",""
"2044","649b2106b81f8dcf5d163ee5","control_MaxMatch_Positive_Concrete","0","MaxMatch","laughter","fireplace","laughter-fireplace","ConcreteMatch","PositiveMatch"
"2045","649b2106b81f8dcf5d163ee5","test_ConceptualMatch_Concrete","0","ConceptualMatchingOnly","flowers","smoke","flowers-smoke","ConceptualMatch:concrete","PositiveMismatch"
"2046","649b2106b81f8dcf5d163ee5","control_Dissimilar","0","DissimilarControl","rise","fall","rise-fall","",""
"2047","649b2106b81f8dcf5d163ee5","control_Similar","99","SimilarControl","use","employ","use-employ","",""
"2048","649b2106b81f8dcf5d163ee5","control_MaxMatch_Positive_Abstract","0","MaxMatch","love","kindness","love-kindness","AbstractMatch","PositiveMatch"
"2049","649b2106b81f8dcf5d163ee5","control_MaxMatch_Negative_Abstract","0","MaxMatch","lonliness","guilt","lonliness-guilt","AbstractMatch","NegativeMatch"
"2050","649b2106b81f8dcf5d163ee5","control_MaxMismatch","0","MaxMismatch","freedom","rust","freedom-rust","AbstractMismatch","PositiveMismatch"
"2051","649b2106b81f8dcf5d163ee5","test_ConceptualMatch_Abstract","0","ConceptualMatchingOnly","regret","hope","regret-hope","ConceptualMatch:abstract","NegativeMismatch"
"2052","649b2106b81f8dcf5d163ee5","test_ValenceMatch_Positive","0","ValenceMatchingOnly","beach","joy","beach-joy","ConcreteMismatch","PositiveMatch"
"2053","649b2106b81f8dcf5d163ee5","test_ValenceMatch_Negative","0","ValenceMatchingOnly","despair","filth","despair-filth","AbstractMismatch","NegativeMatch"
"2054","649b2106b81f8dcf5d163ee5","control_MaxMatch_Negative_Concrete","99","MaxMatch","vomit","mold","vomit-mold","ConcreteMatch","NegativeMatch"
"2055","649b2106b81f8dcf5d163ee5","control_Dissimilar","0","DissimilarControl","begin","end","begin-end","",""
"2056","649b2106b81f8dcf5d163ee5","control_Similar","99","SimilarControl","end","finish","end-finish","",""
"2057","649b2106b81f8dcf5d163ee5","control_MaxMatch_Positive_Concrete","0","MaxMatch","flowers","fireplace","flowers-fireplace","ConcreteMatch","PositiveMatch"
"2058","649b2106b81f8dcf5d163ee5","test_ConceptualMatch_Concrete","0","ConceptualMatchingOnly","flowers","rot","flowers-rot","ConceptualMatch:concrete","PositiveMismatch"
"2059","649b2106b81f8dcf5d163ee5","control_Dissimilar","0","DissimilarControl","give","take","give-take","",""
"2060","649b2106b81f8dcf5d163ee5","control_Similar","99","SimilarControl","need","require","need-require","",""
"2061","649b2106b81f8dcf5d163ee5","control_MaxMatch_Positive_Abstract","0","MaxMatch","happiness","gratitude","happiness-gratitude","AbstractMatch","PositiveMatch"
"2062","649b2106b81f8dcf5d163ee5","control_MaxMatch_Negative_Abstract","99","MaxMatch","anxiety","guilt","anxiety-guilt","AbstractMatch","NegativeMatch"
"2063","649b2106b81f8dcf5d163ee5","control_MaxMismatch","0","MaxMismatch","peace","garbage","peace-garbage","AbstractMismatch","PositiveMismatch"
"2064","649b2106b81f8dcf5d163ee5","test_ConceptualMatch_Abstract","0","ConceptualMatchingOnly","regret","freedom","regret-freedom","ConceptualMatch:abstract","NegativeMismatch"
"2065","649b2106b81f8dcf5d163ee5","test_ValenceMatch_Positive","0","ValenceMatchingOnly","beach","happiness","beach-happiness","ConcreteMismatch","PositiveMatch"
"2066","649b2106b81f8dcf5d163ee5","test_ValenceMatch_Negative","0","ValenceMatchingOnly","shame","filth","shame-filth","AbstractMismatch","NegativeMatch"
"2067","649b2106b81f8dcf5d163ee5","control_MaxMatch_Negative_Concrete","0","MaxMatch","smoke","mold","smoke-mold","ConcreteMatch","NegativeMatch"
"2068","649b2106b81f8dcf5d163ee5","control_Dissimilar","0","DissimilarControl","increase","decrease","increase-decrease","",""
"2069","649b2106b81f8dcf5d163ee5","control_Similar","99","SimilarControl","get","obtain","get-obtain","",""
"2070","649b2106b81f8dcf5d163ee5","control_MaxMatch_Positive_Concrete","0","MaxMatch","sunshine","rain","sunshine-rain","ConcreteMatch","PositiveMatch"
"2071","649b2106b81f8dcf5d163ee5","test_ConceptualMatch_Concrete","0","ConceptualMatchingOnly","fireplace","garbage","fireplace-garbage","ConceptualMatch:concrete","PositiveMismatch"
"2072","649b2106b81f8dcf5d163ee5","control_Dissimilar","0","DissimilarControl","arrive","leave","arrive-leave","",""
"2073","649b2106b81f8dcf5d163ee5","control_Similar","99","SimilarControl","buy","purchase","buy-purchase","",""
"2074","649b2106b81f8dcf5d163ee5","control_MaxMatch_Positive_Abstract","0","MaxMatch","kindness","gratitude","kindness-gratitude","AbstractMatch","PositiveMatch"
"2075","649b2106b81f8dcf5d163ee5","control_MaxMatch_Negative_Abstract","0","MaxMatch","lonliness","failure","lonliness-failure","AbstractMatch","NegativeMatch"
"2076","649b2106b81f8dcf5d163ee5","control_MaxMismatch","0","MaxMismatch","gratitude","rust","gratitude-rust","AbstractMismatch","PositiveMismatch"
"2077","649b2106b81f8dcf5d163ee5","test_ConceptualMatch_Abstract","0","ConceptualMatchingOnly","regret","love","regret-love","ConceptualMatch:abstract","NegativeMismatch"
"2078","649b2106b81f8dcf5d163ee5","test_ValenceMatch_Positive","0","ValenceMatchingOnly","sunshine","inspiration","sunshine-inspiration","ConcreteMismatch","PositiveMatch"
"2079","649b2106b81f8dcf5d163ee5","test_ValenceMatch_Negative","0","ValenceMatchingOnly","regret","mud","regret-mud","AbstractMismatch","NegativeMatch"
"2080","649b2106b81f8dcf5d163ee5","control_MaxMatch_Negative_Concrete","0","MaxMatch","stench","filth","stench-filth","ConcreteMatch","NegativeMatch"
"2081","66857cc20736230620552dbc","control_Similar","99","SimilarControl","begin","start","begin-start","",""
"2082","66857cc20736230620552dbc","control_Dissimilar","0","DissimilarControl","add","remove","add-remove","",""
"2083","66857cc20736230620552dbc","control_MaxMatch_Negative_Concrete","75","MaxMatch","rot","rust","rot-rust","ConcreteMatch","NegativeMatch"
"2084","66857cc20736230620552dbc","control_MaxMatch_Positive_Abstract","62","MaxMatch","compassion","inspiration","compassion-inspiration","AbstractMatch","PositiveMatch"
"2085","66857cc20736230620552dbc","control_Similar","86","SimilarControl","get","obtain","get-obtain","",""
"2086","66857cc20736230620552dbc","test_ValenceMatch_Negative","0","ValenceMatchingOnly","grief","smoke","grief-smoke","AbstractMismatch","NegativeMatch"
"2087","66857cc20736230620552dbc","control_MaxMismatch","0","MaxMismatch","hope","rust","hope-rust","AbstractMismatch","PositiveMismatch"
"2088","66857cc20736230620552dbc","test_ValenceMatch_Positive","0","ValenceMatchingOnly","beach","kindness","beach-kindness","ConcreteMismatch","PositiveMatch"
"2089","66857cc20736230620552dbc","control_MaxMatch_Positive_Concrete","0","MaxMatch","music","beach","music-beach","ConcreteMatch","PositiveMatch"
"2090","66857cc20736230620552dbc","control_MaxMatch_Negative_Abstract","62","MaxMatch","lonliness","anxiety","lonliness-anxiety","AbstractMatch","NegativeMatch"
"2091","66857cc20736230620552dbc","test_ConceptualMatch_Concrete","10","ConceptualMatchingOnly","chocolate","stench","chocolate-stench","ConceptualMatch:concrete","PositiveMismatch"
"2092","66857cc20736230620552dbc","control_Dissimilar","0","DissimilarControl","come","go","come-go","",""
"2093","66857cc20736230620552dbc","test_ConceptualMatch_Abstract","0","ConceptualMatchingOnly","envy","freedom","envy-freedom","ConceptualMatch:abstract","NegativeMismatch"
"2094","66857cc20736230620552dbc","control_Similar","77","SimilarControl","need","require","need-require","",""
"2095","66857cc20736230620552dbc","control_Dissimilar","0","DissimilarControl","enter","exit","enter-exit","",""
"2096","66857cc20736230620552dbc","control_MaxMatch_Negative_Concrete","25","MaxMatch","mud","mold","mud-mold","ConcreteMatch","NegativeMatch"
"2097","66857cc20736230620552dbc","control_MaxMatch_Positive_Abstract","38","MaxMatch","freedom","kindness","freedom-kindness","AbstractMatch","PositiveMatch"
"2098","66857cc20736230620552dbc","control_Similar","85","SimilarControl","ask","inquire","ask-inquire","",""
"2099","66857cc20736230620552dbc","test_ValenceMatch_Negative","0","ValenceMatchingOnly","lonliness","stench","lonliness-stench","AbstractMismatch","NegativeMatch"
"2100","66857cc20736230620552dbc","control_MaxMismatch","0","MaxMismatch","happiness","smoke","happiness-smoke","AbstractMismatch","PositiveMismatch"
"2101","66857cc20736230620552dbc","test_ValenceMatch_Positive","61","ValenceMatchingOnly","beach","joy","beach-joy","ConcreteMismatch","PositiveMatch"
"2102","66857cc20736230620552dbc","control_MaxMatch_Positive_Concrete","2","MaxMatch","music","rain","music-rain","ConcreteMatch","PositiveMatch"
"2103","66857cc20736230620552dbc","control_MaxMatch_Negative_Abstract","0","MaxMatch","failure","envy","failure-envy","AbstractMatch","NegativeMatch"
"2104","66857cc20736230620552dbc","test_ConceptualMatch_Concrete","3","ConceptualMatchingOnly","flowers","garbage","flowers-garbage","ConceptualMatch:concrete","PositiveMismatch"
"2105","66857cc20736230620552dbc","control_Dissimilar","0","DissimilarControl","rise","fall","rise-fall","",""
"2106","66857cc20736230620552dbc","test_ConceptualMatch_Abstract","0","ConceptualMatchingOnly","despair","gratitude","despair-gratitude","ConceptualMatch:abstract","NegativeMismatch"
"2107","66857cc20736230620552dbc","control_Similar","82","SimilarControl","show","display","show-display","",""
"2108","66857cc20736230620552dbc","control_Dissimilar","0","DissimilarControl","give","take","give-take","",""
"2109","66857cc20736230620552dbc","control_MaxMatch_Negative_Concrete","0","MaxMatch","smoke","mold","smoke-mold","ConcreteMatch","NegativeMatch"
"2110","66857cc20736230620552dbc","control_MaxMatch_Positive_Abstract","82","MaxMatch","joy","peace","joy-peace","AbstractMatch","PositiveMatch"
"2111","66857cc20736230620552dbc","control_Similar","99","SimilarControl","speak","talk","speak-talk","",""
"2112","66857cc20736230620552dbc","test_ValenceMatch_Negative","0","ValenceMatchingOnly","lonliness","injury","lonliness-injury","AbstractMismatch","NegativeMatch"
"2113","66857cc20736230620552dbc","control_MaxMismatch","0","MaxMismatch","happiness","injury","happiness-injury","AbstractMismatch","PositiveMismatch"
"2114","66857cc20736230620552dbc","test_ValenceMatch_Positive","0","ValenceMatchingOnly","flowers","inspiration","flowers-inspiration","ConcreteMismatch","PositiveMatch"
"2115","66857cc20736230620552dbc","control_MaxMatch_Positive_Concrete","6","MaxMatch","sunshine","hug","sunshine-hug","ConcreteMatch","PositiveMatch"
"2116","66857cc20736230620552dbc","control_MaxMatch_Negative_Abstract","68","MaxMatch","regret","anxiety","regret-anxiety","AbstractMatch","NegativeMatch"
"2117","66857cc20736230620552dbc","test_ConceptualMatch_Concrete","0","ConceptualMatchingOnly","flowers","mold","flowers-mold","ConceptualMatch:concrete","PositiveMismatch"
"2118","66857cc20736230620552dbc","control_Dissimilar","0","DissimilarControl","arrive","leave","arrive-leave","",""
"2119","66857cc20736230620552dbc","test_ConceptualMatch_Abstract","0","ConceptualMatchingOnly","shame","kindness","shame-kindness","ConceptualMatch:abstract","NegativeMismatch"
"2120","66857cc20736230620552dbc","control_Similar","99","SimilarControl","buy","purchase","buy-purchase","",""
"2121","66857cc20736230620552dbc","control_Dissimilar","0","DissimilarControl","open","close","open-close","",""
"2122","66857cc20736230620552dbc","control_MaxMatch_Negative_Concrete","19","MaxMatch","rot","vomit","rot-vomit","ConcreteMatch","NegativeMatch"
"2123","66857cc20736230620552dbc","control_MaxMatch_Positive_Abstract","69","MaxMatch","kindness","inspiration","kindness-inspiration","AbstractMatch","PositiveMatch"
"2124","66857cc20736230620552dbc","control_Similar","99","SimilarControl","end","finish","end-finish","",""
"2125","66857cc20736230620552dbc","test_ValenceMatch_Negative","0","ValenceMatchingOnly","anxiety","mold","anxiety-mold","AbstractMismatch","NegativeMatch"
"2126","66857cc20736230620552dbc","control_MaxMismatch","0","MaxMismatch","compassion","rust","compassion-rust","AbstractMismatch","PositiveMismatch"
"2127","66857cc20736230620552dbc","test_ValenceMatch_Positive","1","ValenceMatchingOnly","flowers","freedom","flowers-freedom","ConcreteMismatch","PositiveMatch"
"2128","66857cc20736230620552dbc","control_MaxMatch_Positive_Concrete","78","MaxMatch","sunshine","beach","sunshine-beach","ConcreteMatch","PositiveMatch"
"2129","66857cc20736230620552dbc","control_MaxMatch_Negative_Abstract","75","MaxMatch","anxiety","grief","anxiety-grief","AbstractMatch","NegativeMatch"
"2130","66857cc20736230620552dbc","test_ConceptualMatch_Concrete","0","ConceptualMatchingOnly","beach","vomit","beach-vomit","ConceptualMatch:concrete","PositiveMismatch"
"2131","66857cc20736230620552dbc","control_Dissimilar","0","DissimilarControl","begin","end","begin-end","",""
"2132","66857cc20736230620552dbc","test_ConceptualMatch_Abstract","63","ConceptualMatchingOnly","grief","love","grief-love","ConceptualMatch:abstract","NegativeMismatch"
"2133","66857cc20736230620552dbc","control_Similar","99","SimilarControl","help","assist","help-assist","",""
"2134","66857cc20736230620552dbc","control_Dissimilar","0","DissimilarControl","increase","decrease","increase-decrease","",""
"2135","66857cc20736230620552dbc","control_MaxMatch_Negative_Concrete","25","MaxMatch","rust","mold","rust-mold","ConcreteMatch","NegativeMatch"
"2136","66857cc20736230620552dbc","control_MaxMatch_Positive_Abstract","79","MaxMatch","peace","compassion","peace-compassion","AbstractMatch","PositiveMatch"
"2137","66857cc20736230620552dbc","control_Similar","18","SimilarControl","use","employ","use-employ","",""
"2138","66857cc20736230620552dbc","test_ValenceMatch_Negative","0","ValenceMatchingOnly","lonliness","vomit","lonliness-vomit","AbstractMismatch","NegativeMatch"
"2139","66857cc20736230620552dbc","control_MaxMismatch","0","MaxMismatch","happiness","garbage","happiness-garbage","AbstractMismatch","PositiveMismatch"
"2140","66857cc20736230620552dbc","test_ValenceMatch_Positive","64","ValenceMatchingOnly","sunshine","inspiration","sunshine-inspiration","ConcreteMismatch","PositiveMatch"
"2141","66857cc20736230620552dbc","control_MaxMatch_Positive_Concrete","0","MaxMatch","sunshine","chocolate","sunshine-chocolate","ConcreteMatch","PositiveMatch"
"2142","66857cc20736230620552dbc","control_MaxMatch_Negative_Abstract","83","MaxMatch","regret","shame","regret-shame","AbstractMatch","NegativeMatch"
"2143","66857cc20736230620552dbc","test_ConceptualMatch_Concrete","0","ConceptualMatchingOnly","fireplace","rust","fireplace-rust","ConceptualMatch:concrete","PositiveMismatch"
"2144","66857cc20736230620552dbc","control_Dissimilar","0","DissimilarControl","push","pull","push-pull","",""
"2145","66857cc20736230620552dbc","test_ConceptualMatch_Abstract","0","ConceptualMatchingOnly","envy","hope","envy-hope","ConceptualMatch:abstract","NegativeMismatch"
"2146","66318eecf4b2dd2836d910d8","control_Dissimilar","0","DissimilarControl","push","pull","push-pull","",""
"2147","66318eecf4b2dd2836d910d8","control_Similar","86","SimilarControl","use","employ","use-employ","",""
"2148","66318eecf4b2dd2836d910d8","test_ValenceMatch_Negative","19","ValenceMatchingOnly","failure","rot","failure-rot","AbstractMismatch","NegativeMatch"
"2149","66318eecf4b2dd2836d910d8","control_Dissimilar","0","DissimilarControl","rise","fall","rise-fall","",""
"2150","66318eecf4b2dd2836d910d8","test_ConceptualMatch_Abstract","0","ConceptualMatchingOnly","shame","hope","shame-hope","ConceptualMatch:abstract","NegativeMismatch"
"2151","66318eecf4b2dd2836d910d8","control_MaxMatch_Negative_Abstract","13","MaxMatch","grief","envy","grief-envy","AbstractMatch","NegativeMatch"
"2152","66318eecf4b2dd2836d910d8","control_MaxMatch_Positive_Abstract","84","MaxMatch","freedom","happiness","freedom-happiness","AbstractMatch","PositiveMatch"
"2153","66318eecf4b2dd2836d910d8","control_MaxMatch_Positive_Concrete","0","MaxMatch","hug","chocolate","hug-chocolate","ConcreteMatch","PositiveMatch"
"2154","66318eecf4b2dd2836d910d8","control_Similar","99","SimilarControl","speak","talk","speak-talk","",""
"2155","66318eecf4b2dd2836d910d8","control_MaxMismatch","0","MaxMismatch","peace","stench","peace-stench","AbstractMismatch","PositiveMismatch"
"2156","66318eecf4b2dd2836d910d8","test_ConceptualMatch_Concrete","0","ConceptualMatchingOnly","hug","stench","hug-stench","ConceptualMatch:concrete","PositiveMismatch"
"2157","66318eecf4b2dd2836d910d8","test_ValenceMatch_Positive","0","ValenceMatchingOnly","beach","compassion","beach-compassion","ConcreteMismatch","PositiveMatch"
"2158","66318eecf4b2dd2836d910d8","control_MaxMatch_Negative_Concrete","77","MaxMatch","rot","injury","rot-injury","ConcreteMatch","NegativeMatch"
"2159","66318eecf4b2dd2836d910d8","control_Dissimilar","0","DissimilarControl","increase","decrease","increase-decrease","",""
"2160","66318eecf4b2dd2836d910d8","control_Similar","99","SimilarControl","show","display","show-display","",""
"2161","66318eecf4b2dd2836d910d8","test_ValenceMatch_Negative","15","ValenceMatchingOnly","resentment","smoke","resentment-smoke","AbstractMismatch","NegativeMatch"
"2162","66318eecf4b2dd2836d910d8","control_Dissimilar","0","DissimilarControl","arrive","leave","arrive-leave","",""
"2163","66318eecf4b2dd2836d910d8","test_ConceptualMatch_Abstract","0","ConceptualMatchingOnly","envy","joy","envy-joy","ConceptualMatch:abstract","NegativeMismatch"
"2164","66318eecf4b2dd2836d910d8","control_MaxMatch_Negative_Abstract","10","MaxMatch","grief","resentment","grief-resentment","AbstractMatch","NegativeMatch"
"2165","66318eecf4b2dd2836d910d8","control_MaxMatch_Positive_Abstract","84","MaxMatch","hope","joy","hope-joy","AbstractMatch","PositiveMatch"
"2166","66318eecf4b2dd2836d910d8","control_MaxMatch_Positive_Concrete","0","MaxMatch","flowers","home","flowers-home","ConcreteMatch","PositiveMatch"
"2167","66318eecf4b2dd2836d910d8","control_Similar","99","SimilarControl","begin","start","begin-start","",""
"2168","66318eecf4b2dd2836d910d8","control_MaxMismatch","0","MaxMismatch","love","rot","love-rot","AbstractMismatch","PositiveMismatch"
"2169","66318eecf4b2dd2836d910d8","test_ConceptualMatch_Concrete","0","ConceptualMatchingOnly","rain","smoke","rain-smoke","ConceptualMatch:concrete","PositiveMismatch"
"2170","66318eecf4b2dd2836d910d8","test_ValenceMatch_Positive","0","ValenceMatchingOnly","hug","hope","hug-hope","ConcreteMismatch","PositiveMatch"
"2171","66318eecf4b2dd2836d910d8","control_MaxMatch_Negative_Concrete","0","MaxMatch","mud","vomit","mud-vomit","ConcreteMatch","NegativeMatch"
"2172","66318eecf4b2dd2836d910d8","control_Dissimilar","0","DissimilarControl","begin","end","begin-end","",""
"2173","66318eecf4b2dd2836d910d8","control_Similar","99","SimilarControl","need","require","need-require","",""
"2174","66318eecf4b2dd2836d910d8","test_ValenceMatch_Negative","0","ValenceMatchingOnly","guilt","rot","guilt-rot","AbstractMismatch","NegativeMatch"
"2175","66318eecf4b2dd2836d910d8","control_Dissimilar","0","DissimilarControl","enter","exit","enter-exit","",""
"2176","66318eecf4b2dd2836d910d8","test_ConceptualMatch_Abstract","0","ConceptualMatchingOnly","anxiety","gratitude","anxiety-gratitude","ConceptualMatch:abstract","NegativeMismatch"
"2177","66318eecf4b2dd2836d910d8","control_MaxMatch_Negative_Abstract","86","MaxMatch","lonliness","failure","lonliness-failure","AbstractMatch","NegativeMatch"
"2178","66318eecf4b2dd2836d910d8","control_MaxMatch_Positive_Abstract","88","MaxMatch","freedom","compassion","freedom-compassion","AbstractMatch","PositiveMatch"
"2179","66318eecf4b2dd2836d910d8","control_MaxMatch_Positive_Concrete","88","MaxMatch","sunshine","flowers","sunshine-flowers","ConcreteMatch","PositiveMatch"
"2180","66318eecf4b2dd2836d910d8","control_Similar","99","SimilarControl","buy","purchase","buy-purchase","",""
"2181","66318eecf4b2dd2836d910d8","control_MaxMismatch","0","MaxMismatch","love","stench","love-stench","AbstractMismatch","PositiveMismatch"
"2182","66318eecf4b2dd2836d910d8","test_ConceptualMatch_Concrete","0","ConceptualMatchingOnly","laughter","mold","laughter-mold","ConceptualMatch:concrete","PositiveMismatch"
"2183","66318eecf4b2dd2836d910d8","test_ValenceMatch_Positive","81","ValenceMatchingOnly","laughter","peace","laughter-peace","ConcreteMismatch","PositiveMatch"
"2184","66318eecf4b2dd2836d910d8","control_MaxMatch_Negative_Concrete","83","MaxMatch","rot","garbage","rot-garbage","ConcreteMatch","NegativeMatch"
"2185","66318eecf4b2dd2836d910d8","control_Dissimilar","0","DissimilarControl","add","remove","add-remove","",""
"2186","66318eecf4b2dd2836d910d8","control_Similar","99","SimilarControl","help","assist","help-assist","",""
"2187","66318eecf4b2dd2836d910d8","test_ValenceMatch_Negative","0","ValenceMatchingOnly","grief","smoke","grief-smoke","AbstractMismatch","NegativeMatch"
"2188","66318eecf4b2dd2836d910d8","control_Dissimilar","0","DissimilarControl","open","close","open-close","",""
"2189","66318eecf4b2dd2836d910d8","test_ConceptualMatch_Abstract","0","ConceptualMatchingOnly","regret","joy","regret-joy","ConceptualMatch:abstract","NegativeMismatch"
"2190","66318eecf4b2dd2836d910d8","control_MaxMatch_Negative_Abstract","86","MaxMatch","despair","guilt","despair-guilt","AbstractMatch","NegativeMatch"
"2191","66318eecf4b2dd2836d910d8","control_MaxMatch_Positive_Abstract","85","MaxMatch","hope","inspiration","hope-inspiration","AbstractMatch","PositiveMatch"
"2192","66318eecf4b2dd2836d910d8","control_MaxMatch_Positive_Concrete","0","MaxMatch","hug","fireplace","hug-fireplace","ConcreteMatch","PositiveMatch"
"2193","66318eecf4b2dd2836d910d8","control_Similar","99","SimilarControl","ask","inquire","ask-inquire","",""
"2194","66318eecf4b2dd2836d910d8","control_MaxMismatch","0","MaxMismatch","peace","smoke","peace-smoke","AbstractMismatch","PositiveMismatch"
"2195","66318eecf4b2dd2836d910d8","test_ConceptualMatch_Concrete","0","ConceptualMatchingOnly","music","mud","music-mud","ConceptualMatch:concrete","PositiveMismatch"
"2196","66318eecf4b2dd2836d910d8","test_ValenceMatch_Positive","0","ValenceMatchingOnly","fireplace","compassion","fireplace-compassion","ConcreteMismatch","PositiveMatch"
"2197","66318eecf4b2dd2836d910d8","control_MaxMatch_Negative_Concrete","73","MaxMatch","smoke","filth","smoke-filth","ConcreteMatch","NegativeMatch"
"2198","66318eecf4b2dd2836d910d8","control_Dissimilar","0","DissimilarControl","give","take","give-take","",""
"2199","66318eecf4b2dd2836d910d8","control_Similar","99","SimilarControl","end","finish","end-finish","",""
"2200","66318eecf4b2dd2836d910d8","test_ValenceMatch_Negative","0","ValenceMatchingOnly","lonliness","stench","lonliness-stench","AbstractMismatch","NegativeMatch"
"2201","66318eecf4b2dd2836d910d8","control_Dissimilar","0","DissimilarControl","come","go","come-go","",""
"2202","66318eecf4b2dd2836d910d8","test_ConceptualMatch_Abstract","0","ConceptualMatchingOnly","anxiety","inspiration","anxiety-inspiration","ConceptualMatch:abstract","NegativeMismatch"
"2203","66318eecf4b2dd2836d910d8","control_MaxMatch_Negative_Abstract","83","MaxMatch","anxiety","failure","anxiety-failure","AbstractMatch","NegativeMatch"
"2204","66318eecf4b2dd2836d910d8","control_MaxMatch_Positive_Abstract","87","MaxMatch","love","peace","love-peace","AbstractMatch","PositiveMatch"
"2205","66318eecf4b2dd2836d910d8","control_MaxMatch_Positive_Concrete","83","MaxMatch","sunshine","beach","sunshine-beach","ConcreteMatch","PositiveMatch"
"2206","66318eecf4b2dd2836d910d8","control_Similar","99","SimilarControl","get","obtain","get-obtain","",""
"2207","66318eecf4b2dd2836d910d8","control_MaxMismatch","0","MaxMismatch","peace","garbage","peace-garbage","AbstractMismatch","PositiveMismatch"
"2208","66318eecf4b2dd2836d910d8","test_ConceptualMatch_Concrete","0","ConceptualMatchingOnly","laughter","stench","laughter-stench","ConceptualMatch:concrete","PositiveMismatch"
"2209","66318eecf4b2dd2836d910d8","test_ValenceMatch_Positive","80","ValenceMatchingOnly","laughter","happiness","laughter-happiness","ConcreteMismatch","PositiveMatch"
"2210","66318eecf4b2dd2836d910d8","control_MaxMatch_Negative_Concrete","0","MaxMatch","injury","filth","injury-filth","ConcreteMatch","NegativeMatch"
"2211","5c365b5e8821900001b3876c","control_Similar","99","SimilarControl","speak","talk","speak-talk","",""
"2212","5c365b5e8821900001b3876c","control_Dissimilar","2","DissimilarControl","open","close","open-close","",""
"2213","5c365b5e8821900001b3876c","test_ValenceMatch_Positive","0","ValenceMatchingOnly","rain","gratitude","rain-gratitude","ConcreteMismatch","PositiveMatch"
"2214","5c365b5e8821900001b3876c","test_ValenceMatch_Negative","23","ValenceMatchingOnly","guilt","filth","guilt-filth","AbstractMismatch","NegativeMatch"
"2215","5c365b5e8821900001b3876c","control_Similar","99","SimilarControl","show","display","show-display","",""
"2216","5c365b5e8821900001b3876c","control_MaxMatch_Positive_Concrete","0","MaxMatch","sunshine","rain","sunshine-rain","ConcreteMatch","PositiveMatch"
"2217","5c365b5e8821900001b3876c","control_MaxMismatch","0","MaxMismatch","happiness","injury","happiness-injury","AbstractMismatch","PositiveMismatch"
"2218","5c365b5e8821900001b3876c","control_MaxMatch_Negative_Concrete","4","MaxMatch","injury","filth","injury-filth","ConcreteMatch","NegativeMatch"
"2219","5c365b5e8821900001b3876c","control_MaxMatch_Negative_Abstract","99","MaxMatch","regret","shame","regret-shame","AbstractMatch","NegativeMatch"
"2220","5c365b5e8821900001b3876c","control_Dissimilar","0","DissimilarControl","increase","decrease","increase-decrease","",""
"2221","5c365b5e8821900001b3876c","test_ConceptualMatch_Abstract","0","ConceptualMatchingOnly","failure","hope","failure-hope","ConceptualMatch:abstract","NegativeMismatch"
"2222","5c365b5e8821900001b3876c","control_MaxMatch_Positive_Abstract","0","MaxMatch","kindness","inspiration","kindness-inspiration","AbstractMatch","PositiveMatch"
"2223","5c365b5e8821900001b3876c","test_ConceptualMatch_Concrete","0","ConceptualMatchingOnly","flowers","stench","flowers-stench","ConceptualMatch:concrete","PositiveMismatch"
"2224","5c365b5e8821900001b3876c","control_Similar","99","SimilarControl","buy","purchase","buy-purchase","",""
"2225","5c365b5e8821900001b3876c","control_Dissimilar","0","DissimilarControl","come","go","come-go","",""
"2226","5c365b5e8821900001b3876c","test_ValenceMatch_Positive","0","ValenceMatchingOnly","beach","happiness","beach-happiness","ConcreteMismatch","PositiveMatch"
"2227","5c365b5e8821900001b3876c","test_ValenceMatch_Negative","0","ValenceMatchingOnly","failure","rot","failure-rot","AbstractMismatch","NegativeMatch"
"2228","5c365b5e8821900001b3876c","control_Similar","99","SimilarControl","ask","inquire","ask-inquire","",""
"2229","5c365b5e8821900001b3876c","control_MaxMatch_Positive_Concrete","0","MaxMatch","home","fireplace","home-fireplace","ConcreteMatch","PositiveMatch"
"2230","5c365b5e8821900001b3876c","control_MaxMismatch","0","MaxMismatch","kindness","mold","kindness-mold","AbstractMismatch","PositiveMismatch"
"2231","5c365b5e8821900001b3876c","control_MaxMatch_Negative_Concrete","0","MaxMatch","injury","stench","injury-stench","ConcreteMatch","NegativeMatch"
"2232","5c365b5e8821900001b3876c","control_MaxMatch_Negative_Abstract","56","MaxMatch","despair","guilt","despair-guilt","AbstractMatch","NegativeMatch"
"2233","5c365b5e8821900001b3876c","control_Dissimilar","0","DissimilarControl","push","pull","push-pull","",""
"2234","5c365b5e8821900001b3876c","test_ConceptualMatch_Abstract","0","ConceptualMatchingOnly","resentment","joy","resentment-joy","ConceptualMatch:abstract","NegativeMismatch"
"2235","5c365b5e8821900001b3876c","control_MaxMatch_Positive_Abstract","76","MaxMatch","kindness","gratitude","kindness-gratitude","AbstractMatch","PositiveMatch"
"2236","5c365b5e8821900001b3876c","test_ConceptualMatch_Concrete","0","ConceptualMatchingOnly","beach","injury","beach-injury","ConceptualMatch:concrete","PositiveMismatch"
"2237","5c365b5e8821900001b3876c","control_Similar","99","SimilarControl","get","obtain","get-obtain","",""
"2238","5c365b5e8821900001b3876c","control_Dissimilar","0","DissimilarControl","arrive","leave","arrive-leave","",""
"2239","5c365b5e8821900001b3876c","test_ValenceMatch_Positive","0","ValenceMatchingOnly","rain","happiness","rain-happiness","ConcreteMismatch","PositiveMatch"
"2240","5c365b5e8821900001b3876c","test_ValenceMatch_Negative","0","ValenceMatchingOnly","lonliness","vomit","lonliness-vomit","AbstractMismatch","NegativeMatch"
"2241","5c365b5e8821900001b3876c","control_Similar","99","SimilarControl","help","assist","help-assist","",""
"2242","5c365b5e8821900001b3876c","control_MaxMatch_Positive_Concrete","0","MaxMatch","home","chocolate","home-chocolate","ConcreteMatch","PositiveMatch"
"2243","5c365b5e8821900001b3876c","control_MaxMismatch","0","MaxMismatch","hope","vomit","hope-vomit","AbstractMismatch","PositiveMismatch"
"2244","5c365b5e8821900001b3876c","control_MaxMatch_Negative_Concrete","0","MaxMatch","rot","vomit","rot-vomit","ConcreteMatch","NegativeMatch"
"2245","5c365b5e8821900001b3876c","control_MaxMatch_Negative_Abstract","0","MaxMatch","despair","resentment","despair-resentment","AbstractMatch","NegativeMatch"
"2246","5c365b5e8821900001b3876c","control_Dissimilar","0","DissimilarControl","enter","exit","enter-exit","",""
"2247","5c365b5e8821900001b3876c","test_ConceptualMatch_Abstract","0","ConceptualMatchingOnly","anxiety","freedom","anxiety-freedom","ConceptualMatch:abstract","NegativeMismatch"
"2248","5c365b5e8821900001b3876c","control_MaxMatch_Positive_Abstract","41","MaxMatch","joy","kindness","joy-kindness","AbstractMatch","PositiveMatch"
"2249","5c365b5e8821900001b3876c","test_ConceptualMatch_Concrete","0","ConceptualMatchingOnly","hug","garbage","hug-garbage","ConceptualMatch:concrete","PositiveMismatch"
"2250","5c365b5e8821900001b3876c","control_Similar","64","SimilarControl","use","employ","use-employ","",""
"2251","5c365b5e8821900001b3876c","control_Dissimilar","0","DissimilarControl","begin","end","begin-end","",""
"2252","5c365b5e8821900001b3876c","test_ValenceMatch_Positive","0","ValenceMatchingOnly","rain","inspiration","rain-inspiration","ConcreteMismatch","PositiveMatch"
"2253","5c365b5e8821900001b3876c","test_ValenceMatch_Negative","0","ValenceMatchingOnly","regret","rot","regret-rot","AbstractMismatch","NegativeMatch"
"2254","5c365b5e8821900001b3876c","control_Similar","0","SimilarControl","begin","start","begin-start","",""
"2255","5c365b5e8821900001b3876c","control_MaxMatch_Positive_Concrete","0","MaxMatch","flowers","hug","flowers-hug","ConcreteMatch","PositiveMatch"
"2256","5c365b5e8821900001b3876c","control_MaxMismatch","0","MaxMismatch","gratitude","injury","gratitude-injury","AbstractMismatch","PositiveMismatch"
"2257","5c365b5e8821900001b3876c","control_MaxMatch_Negative_Concrete","0","MaxMatch","vomit","rust","vomit-rust","ConcreteMatch","NegativeMatch"
"2258","5c365b5e8821900001b3876c","control_MaxMatch_Negative_Abstract","0","MaxMatch","anxiety","envy","anxiety-envy","AbstractMatch","NegativeMatch"
"2259","5c365b5e8821900001b3876c","control_Dissimilar","0","DissimilarControl","rise","fall","rise-fall","",""
"2260","5c365b5e8821900001b3876c","test_ConceptualMatch_Abstract","0","ConceptualMatchingOnly","guilt","joy","guilt-joy","ConceptualMatch:abstract","NegativeMismatch"
"2261","5c365b5e8821900001b3876c","control_MaxMatch_Positive_Abstract","0","MaxMatch","peace","inspiration","peace-inspiration","AbstractMatch","PositiveMatch"
"2262","5c365b5e8821900001b3876c","test_ConceptualMatch_Concrete","0","ConceptualMatchingOnly","beach","rot","beach-rot","ConceptualMatch:concrete","PositiveMismatch"
"2263","5c365b5e8821900001b3876c","control_Similar","99","SimilarControl","need","require","need-require","",""
"2264","5c365b5e8821900001b3876c","control_Dissimilar","0","DissimilarControl","give","take","give-take","",""
"2265","5c365b5e8821900001b3876c","test_ValenceMatch_Positive","0","ValenceMatchingOnly","laughter","peace","laughter-peace","ConcreteMismatch","PositiveMatch"
"2266","5c365b5e8821900001b3876c","test_ValenceMatch_Negative","0","ValenceMatchingOnly","grief","mud","grief-mud","AbstractMismatch","NegativeMatch"
"2267","5c365b5e8821900001b3876c","control_Similar","99","SimilarControl","end","finish","end-finish","",""
"2268","5c365b5e8821900001b3876c","control_MaxMatch_Positive_Concrete","0","MaxMatch","sunshine","fireplace","sunshine-fireplace","ConcreteMatch","PositiveMatch"
"2269","5c365b5e8821900001b3876c","control_MaxMismatch","0","MaxMismatch","happiness","smoke","happiness-smoke","AbstractMismatch","PositiveMismatch"
"2270","5c365b5e8821900001b3876c","control_MaxMatch_Negative_Concrete","13","MaxMatch","vomit","filth","vomit-filth","ConcreteMatch","NegativeMatch"
"2271","5c365b5e8821900001b3876c","control_MaxMatch_Negative_Abstract","38","MaxMatch","regret","grief","regret-grief","AbstractMatch","NegativeMatch"
"2272","5c365b5e8821900001b3876c","control_Dissimilar","0","DissimilarControl","add","remove","add-remove","",""
"2273","5c365b5e8821900001b3876c","test_ConceptualMatch_Abstract","0","ConceptualMatchingOnly","anxiety","inspiration","anxiety-inspiration","ConceptualMatch:abstract","NegativeMismatch"
"2274","5c365b5e8821900001b3876c","control_MaxMatch_Positive_Abstract","24","MaxMatch","hope","kindness","hope-kindness","AbstractMatch","PositiveMatch"
"2275","5c365b5e8821900001b3876c","test_ConceptualMatch_Concrete","0","ConceptualMatchingOnly","fireplace","vomit","fireplace-vomit","ConceptualMatch:concrete","PositiveMismatch"
"2276","67001b28a9974a03b6ffec54","control_Similar","99","SimilarControl","begin","start","begin-start","",""
"2277","67001b28a9974a03b6ffec54","control_Dissimilar","0","DissimilarControl","give","take","give-take","",""
"2278","67001b28a9974a03b6ffec54","test_ValenceMatch_Positive","32","ValenceMatchingOnly","sunshine","hope","sunshine-hope","ConcreteMismatch","PositiveMatch"
"2279","67001b28a9974a03b6ffec54","control_MaxMismatch","0","MaxMismatch","freedom","stench","freedom-stench","AbstractMismatch","PositiveMismatch"
"2280","67001b28a9974a03b6ffec54","control_MaxMatch_Positive_Abstract","32","MaxMatch","hope","compassion","hope-compassion","AbstractMatch","PositiveMatch"
"2281","67001b28a9974a03b6ffec54","control_MaxMatch_Negative_Abstract","28","MaxMatch","anxiety","envy","anxiety-envy","AbstractMatch","NegativeMatch"
"2282","67001b28a9974a03b6ffec54","test_ConceptualMatch_Concrete","0","ConceptualMatchingOnly","hug","mud","hug-mud","ConceptualMatch:concrete","PositiveMismatch"
"2283","67001b28a9974a03b6ffec54","test_ConceptualMatch_Abstract","0","ConceptualMatchingOnly","despair","hope","despair-hope","ConceptualMatch:abstract","NegativeMismatch"
"2284","67001b28a9974a03b6ffec54","control_Similar","99","SimilarControl","use","employ","use-employ","",""
"2285","67001b28a9974a03b6ffec54","control_MaxMatch_Negative_Concrete","82","MaxMatch","rot","mold","rot-mold","ConcreteMatch","NegativeMatch"
"2286","67001b28a9974a03b6ffec54","test_ValenceMatch_Negative","0","ValenceMatchingOnly","resentment","mold","resentment-mold","AbstractMismatch","NegativeMatch"
"2287","67001b28a9974a03b6ffec54","control_Dissimilar","0","DissimilarControl","rise","fall","rise-fall","",""
"2288","67001b28a9974a03b6ffec54","control_MaxMatch_Positive_Concrete","0","MaxMatch","music","hug","music-hug","ConcreteMatch","PositiveMatch"
"2289","67001b28a9974a03b6ffec54","control_Similar","99","SimilarControl","end","finish","end-finish","",""
"2290","67001b28a9974a03b6ffec54","control_Dissimilar","49","DissimilarControl","come","go","come-go","",""
"2291","67001b28a9974a03b6ffec54","test_ValenceMatch_Positive","0","ValenceMatchingOnly","music","hope","music-hope","ConcreteMismatch","PositiveMatch"
"2292","67001b28a9974a03b6ffec54","control_MaxMismatch","0","MaxMismatch","inspiration","stench","inspiration-stench","AbstractMismatch","PositiveMismatch"
"2293","67001b28a9974a03b6ffec54","control_MaxMatch_Positive_Abstract","0","MaxMatch","freedom","happiness","freedom-happiness","AbstractMatch","PositiveMatch"
"2294","67001b28a9974a03b6ffec54","control_MaxMatch_Negative_Abstract","51","MaxMatch","regret","despair","regret-despair","AbstractMatch","NegativeMatch"
"2295","67001b28a9974a03b6ffec54","test_ConceptualMatch_Concrete","0","ConceptualMatchingOnly","beach","injury","beach-injury","ConceptualMatch:concrete","PositiveMismatch"
"2296","67001b28a9974a03b6ffec54","test_ConceptualMatch_Abstract","0","ConceptualMatchingOnly","despair","kindness","despair-kindness","ConceptualMatch:abstract","NegativeMismatch"
"2297","67001b28a9974a03b6ffec54","control_Similar","99","SimilarControl","get","obtain","get-obtain","",""
"2298","67001b28a9974a03b6ffec54","control_MaxMatch_Negative_Concrete","0","MaxMatch","smoke","rot","smoke-rot","ConcreteMatch","NegativeMatch"
"2299","67001b28a9974a03b6ffec54","test_ValenceMatch_Negative","0","ValenceMatchingOnly","grief","rot","grief-rot","AbstractMismatch","NegativeMatch"
"2300","67001b28a9974a03b6ffec54","control_Dissimilar","0","DissimilarControl","arrive","leave","arrive-leave","",""
"2301","67001b28a9974a03b6ffec54","control_MaxMatch_Positive_Concrete","0","MaxMatch","beach","fireplace","beach-fireplace","ConcreteMatch","PositiveMatch"
"2302","67001b28a9974a03b6ffec54","control_Similar","99","SimilarControl","need","require","need-require","",""
"2303","67001b28a9974a03b6ffec54","control_Dissimilar","0","DissimilarControl","push","pull","push-pull","",""
"2304","67001b28a9974a03b6ffec54","test_ValenceMatch_Positive","0","ValenceMatchingOnly","fireplace","inspiration","fireplace-inspiration","ConcreteMismatch","PositiveMatch"
"2305","67001b28a9974a03b6ffec54","control_MaxMismatch","0","MaxMismatch","joy","mold","joy-mold","AbstractMismatch","PositiveMismatch"
"2306","67001b28a9974a03b6ffec54","control_MaxMatch_Positive_Abstract","74","MaxMatch","hope","inspiration","hope-inspiration","AbstractMatch","PositiveMatch"
"2307","67001b28a9974a03b6ffec54","control_MaxMatch_Negative_Abstract","60","MaxMatch","anxiety","failure","anxiety-failure","AbstractMatch","NegativeMatch"
"2308","67001b28a9974a03b6ffec54","test_ConceptualMatch_Concrete","0","ConceptualMatchingOnly","rain","rot","rain-rot","ConceptualMatch:concrete","PositiveMismatch"
"2309","67001b28a9974a03b6ffec54","test_ConceptualMatch_Abstract","0","ConceptualMatchingOnly","envy","peace","envy-peace","ConceptualMatch:abstract","NegativeMismatch"
"2310","67001b28a9974a03b6ffec54","control_Similar","99","SimilarControl","show","display","show-display","",""
"2311","67001b28a9974a03b6ffec54","control_MaxMatch_Negative_Concrete","0","MaxMatch","smoke","injury","smoke-injury","ConcreteMatch","NegativeMatch"
"2312","67001b28a9974a03b6ffec54","test_ValenceMatch_Negative","0","ValenceMatchingOnly","shame","smoke","shame-smoke","AbstractMismatch","NegativeMatch"
"2313","67001b28a9974a03b6ffec54","control_Dissimilar","0","DissimilarControl","add","remove","add-remove","",""
"2314","67001b28a9974a03b6ffec54","control_MaxMatch_Positive_Concrete","0","MaxMatch","rain","chocolate","rain-chocolate","ConcreteMatch","PositiveMatch"
"2315","67001b28a9974a03b6ffec54","control_Similar","99","SimilarControl","speak","talk","speak-talk","",""
"2316","67001b28a9974a03b6ffec54","control_Dissimilar","0","DissimilarControl","enter","exit","enter-exit","",""
"2317","67001b28a9974a03b6ffec54","test_ValenceMatch_Positive","0","ValenceMatchingOnly","rain","compassion","rain-compassion","ConcreteMismatch","PositiveMatch"
"2318","67001b28a9974a03b6ffec54","control_MaxMismatch","0","MaxMismatch","happiness","vomit","happiness-vomit","AbstractMismatch","PositiveMismatch"
"2319","67001b28a9974a03b6ffec54","control_MaxMatch_Positive_Abstract","99","MaxMatch","love","happiness","love-happiness","AbstractMatch","PositiveMatch"
"2320","67001b28a9974a03b6ffec54","control_MaxMatch_Negative_Abstract","18","MaxMatch","anxiety","grief","anxiety-grief","AbstractMatch","NegativeMatch"
"2321","67001b28a9974a03b6ffec54","test_ConceptualMatch_Concrete","0","ConceptualMatchingOnly","laughter","smoke","laughter-smoke","ConceptualMatch:concrete","PositiveMismatch"
"2322","67001b28a9974a03b6ffec54","test_ConceptualMatch_Abstract","24","ConceptualMatchingOnly","anxiety","hope","anxiety-hope","ConceptualMatch:abstract","NegativeMismatch"
"2323","67001b28a9974a03b6ffec54","control_Similar","99","SimilarControl","buy","purchase","buy-purchase","",""
"2324","67001b28a9974a03b6ffec54","control_MaxMatch_Negative_Concrete","0","MaxMatch","rot","injury","rot-injury","ConcreteMatch","NegativeMatch"
"2325","67001b28a9974a03b6ffec54","test_ValenceMatch_Negative","0","ValenceMatchingOnly","envy","filth","envy-filth","AbstractMismatch","NegativeMatch"
"2326","67001b28a9974a03b6ffec54","control_Dissimilar","0","DissimilarControl","begin","end","begin-end","",""
"2327","67001b28a9974a03b6ffec54","control_MaxMatch_Positive_Concrete","0","MaxMatch","flowers","fireplace","flowers-fireplace","ConcreteMatch","PositiveMatch"
"2328","67001b28a9974a03b6ffec54","control_Similar","99","SimilarControl","help","assist","help-assist","",""
"2329","67001b28a9974a03b6ffec54","control_Dissimilar","0","DissimilarControl","open","close","open-close","",""
"2330","67001b28a9974a03b6ffec54","test_ValenceMatch_Positive","0","ValenceMatchingOnly","music","gratitude","music-gratitude","ConcreteMismatch","PositiveMatch"
"2331","67001b28a9974a03b6ffec54","control_MaxMismatch","0","MaxMismatch","hope","mud","hope-mud","AbstractMismatch","PositiveMismatch"
"2332","67001b28a9974a03b6ffec54","control_MaxMatch_Positive_Abstract","0","MaxMatch","love","inspiration","love-inspiration","AbstractMatch","PositiveMatch"
"2333","67001b28a9974a03b6ffec54","control_MaxMatch_Negative_Abstract","6","MaxMatch","anxiety","resentment","anxiety-resentment","AbstractMatch","NegativeMatch"
"2334","67001b28a9974a03b6ffec54","test_ConceptualMatch_Concrete","0","ConceptualMatchingOnly","hug","garbage","hug-garbage","ConceptualMatch:concrete","PositiveMismatch"
"2335","67001b28a9974a03b6ffec54","test_ConceptualMatch_Abstract","0","ConceptualMatchingOnly","shame","inspiration","shame-inspiration","ConceptualMatch:abstract","NegativeMismatch"
"2336","67001b28a9974a03b6ffec54","control_Similar","99","SimilarControl","ask","inquire","ask-inquire","",""
"2337","67001b28a9974a03b6ffec54","control_MaxMatch_Negative_Concrete","66","MaxMatch","mold","filth","mold-filth","ConcreteMatch","NegativeMatch"
"2338","67001b28a9974a03b6ffec54","test_ValenceMatch_Negative","0","ValenceMatchingOnly","lonliness","mud","lonliness-mud","AbstractMismatch","NegativeMatch"
"2339","67001b28a9974a03b6ffec54","control_Dissimilar","0","DissimilarControl","increase","decrease","increase-decrease","",""
"2340","67001b28a9974a03b6ffec54","control_MaxMatch_Positive_Concrete","0","MaxMatch","sunshine","rain","sunshine-rain","ConcreteMatch","PositiveMatch"
"2341","645179915e31c1aeb3dc8129","control_Similar","88","SimilarControl","need","require","need-require","",""
"2342","645179915e31c1aeb3dc8129","control_Dissimilar","25","DissimilarControl","give","take","give-take","",""
"2343","645179915e31c1aeb3dc8129","control_Similar","87","SimilarControl","begin","start","begin-start","",""
"2344","645179915e31c1aeb3dc8129","test_ConceptualMatch_Concrete","0","ConceptualMatchingOnly","home","stench","home-stench","ConceptualMatch:concrete","PositiveMismatch"
"2345","645179915e31c1aeb3dc8129","control_MaxMatch_Negative_Concrete","80","MaxMatch","garbage","stench","garbage-stench","ConcreteMatch","NegativeMatch"
"2346","645179915e31c1aeb3dc8129","test_ConceptualMatch_Abstract","3","ConceptualMatchingOnly","guilt","kindness","guilt-kindness","ConceptualMatch:abstract","NegativeMismatch"
"2347","645179915e31c1aeb3dc8129","control_Dissimilar","8","DissimilarControl","push","pull","push-pull","",""
"2348","645179915e31c1aeb3dc8129","control_MaxMatch_Positive_Abstract","77","MaxMatch","love","gratitude","love-gratitude","AbstractMatch","PositiveMatch"
"2349","645179915e31c1aeb3dc8129","test_ValenceMatch_Negative","71","ValenceMatchingOnly","despair","injury","despair-injury","AbstractMismatch","NegativeMatch"
"2350","645179915e31c1aeb3dc8129","test_ValenceMatch_Positive","73","ValenceMatchingOnly","flowers","compassion","flowers-compassion","ConcreteMismatch","PositiveMatch"
"2351","645179915e31c1aeb3dc8129","control_MaxMatch_Negative_Abstract","71","MaxMatch","guilt","shame","guilt-shame","AbstractMatch","NegativeMatch"
"2352","645179915e31c1aeb3dc8129","control_MaxMismatch","5","MaxMismatch","freedom","rot","freedom-rot","AbstractMismatch","PositiveMismatch"
"2353","645179915e31c1aeb3dc8129","control_MaxMatch_Positive_Concrete","9","MaxMatch","music","rain","music-rain","ConcreteMatch","PositiveMatch"
"2354","645179915e31c1aeb3dc8129","control_Similar","98","SimilarControl","ask","inquire","ask-inquire","",""
"2355","645179915e31c1aeb3dc8129","control_Dissimilar","35","DissimilarControl","increase","decrease","increase-decrease","",""
"2356","645179915e31c1aeb3dc8129","control_Similar","91","SimilarControl","use","employ","use-employ","",""
"2357","645179915e31c1aeb3dc8129","test_ConceptualMatch_Concrete","16","ConceptualMatchingOnly","beach","stench","beach-stench","ConceptualMatch:concrete","PositiveMismatch"
"2358","645179915e31c1aeb3dc8129","control_MaxMatch_Negative_Concrete","12","MaxMatch","rust","stench","rust-stench","ConcreteMatch","NegativeMatch"
"2359","645179915e31c1aeb3dc8129","test_ConceptualMatch_Abstract","13","ConceptualMatchingOnly","grief","happiness","grief-happiness","ConceptualMatch:abstract","NegativeMismatch"
"2360","645179915e31c1aeb3dc8129","control_Dissimilar","25","DissimilarControl","begin","end","begin-end","",""
"2361","645179915e31c1aeb3dc8129","control_MaxMatch_Positive_Abstract","73","MaxMatch","joy","freedom","joy-freedom","AbstractMatch","PositiveMatch"
"2362","645179915e31c1aeb3dc8129","test_ValenceMatch_Negative","8","ValenceMatchingOnly","shame","stench","shame-stench","AbstractMismatch","NegativeMatch"
"2363","645179915e31c1aeb3dc8129","test_ValenceMatch_Positive","12","ValenceMatchingOnly","chocolate","hope","chocolate-hope","ConcreteMismatch","PositiveMatch"
"2364","645179915e31c1aeb3dc8129","control_MaxMatch_Negative_Abstract","69","MaxMatch","grief","failure","grief-failure","AbstractMatch","NegativeMatch"
"2365","645179915e31c1aeb3dc8129","control_MaxMismatch","0","MaxMismatch","compassion","garbage","compassion-garbage","AbstractMismatch","PositiveMismatch"
"2366","645179915e31c1aeb3dc8129","control_MaxMatch_Positive_Concrete","0","MaxMatch","music","chocolate","music-chocolate","ConcreteMatch","PositiveMatch"
"2367","645179915e31c1aeb3dc8129","control_Similar","95","SimilarControl","help","assist","help-assist","",""
"2368","645179915e31c1aeb3dc8129","control_Dissimilar","36","DissimilarControl","enter","exit","enter-exit","",""
"2369","645179915e31c1aeb3dc8129","control_Similar","90","SimilarControl","speak","talk","speak-talk","",""
"2370","645179915e31c1aeb3dc8129","test_ConceptualMatch_Concrete","0","ConceptualMatchingOnly","hug","rot","hug-rot","ConceptualMatch:concrete","PositiveMismatch"
"2371","645179915e31c1aeb3dc8129","control_MaxMatch_Negative_Concrete","71","MaxMatch","rust","filth","rust-filth","ConcreteMatch","NegativeMatch"
"2372","645179915e31c1aeb3dc8129","test_ConceptualMatch_Abstract","14","ConceptualMatchingOnly","grief","hope","grief-hope","ConceptualMatch:abstract","NegativeMismatch"
"2373","645179915e31c1aeb3dc8129","control_Dissimilar","17","DissimilarControl","add","remove","add-remove","",""
"2374","645179915e31c1aeb3dc8129","control_MaxMatch_Positive_Abstract","82","MaxMatch","hope","freedom","hope-freedom","AbstractMatch","PositiveMatch"
"2375","645179915e31c1aeb3dc8129","test_ValenceMatch_Negative","0","ValenceMatchingOnly","resentment","rust","resentment-rust","AbstractMismatch","NegativeMatch"
"2376","645179915e31c1aeb3dc8129","test_ValenceMatch_Positive","39","ValenceMatchingOnly","laughter","compassion","laughter-compassion","ConcreteMismatch","PositiveMatch"
"2377","645179915e31c1aeb3dc8129","control_MaxMatch_Negative_Abstract","74","MaxMatch","despair","shame","despair-shame","AbstractMatch","NegativeMatch"
"2378","645179915e31c1aeb3dc8129","control_MaxMismatch","17","MaxMismatch","compassion","mold","compassion-mold","AbstractMismatch","PositiveMismatch"
"2379","645179915e31c1aeb3dc8129","control_MaxMatch_Positive_Concrete","68","MaxMatch","flowers","chocolate","flowers-chocolate","ConcreteMatch","PositiveMatch"
"2380","645179915e31c1aeb3dc8129","control_Similar","91","SimilarControl","end","finish","end-finish","",""
"2381","645179915e31c1aeb3dc8129","control_Dissimilar","18","DissimilarControl","arrive","leave","arrive-leave","",""
"2382","645179915e31c1aeb3dc8129","control_Similar","89","SimilarControl","buy","purchase","buy-purchase","",""
"2383","645179915e31c1aeb3dc8129","test_ConceptualMatch_Concrete","0","ConceptualMatchingOnly","chocolate","smoke","chocolate-smoke","ConceptualMatch:concrete","PositiveMismatch"
"2384","645179915e31c1aeb3dc8129","control_MaxMatch_Negative_Concrete","79","MaxMatch","mud","filth","mud-filth","ConcreteMatch","NegativeMatch"
"2385","645179915e31c1aeb3dc8129","test_ConceptualMatch_Abstract","6","ConceptualMatchingOnly","regret","love","regret-love","ConceptualMatch:abstract","NegativeMismatch"
"2386","645179915e31c1aeb3dc8129","control_Dissimilar","9","DissimilarControl","come","go","come-go","",""
"2387","645179915e31c1aeb3dc8129","control_MaxMatch_Positive_Abstract","76","MaxMatch","peace","inspiration","peace-inspiration","AbstractMatch","PositiveMatch"
"2388","645179915e31c1aeb3dc8129","test_ValenceMatch_Negative","33","ValenceMatchingOnly","shame","garbage","shame-garbage","AbstractMismatch","NegativeMatch"
"2389","645179915e31c1aeb3dc8129","test_ValenceMatch_Positive","33","ValenceMatchingOnly","laughter","freedom","laughter-freedom","ConcreteMismatch","PositiveMatch"
"2390","645179915e31c1aeb3dc8129","control_MaxMatch_Negative_Abstract","74","MaxMatch","guilt","resentment","guilt-resentment","AbstractMatch","NegativeMatch"
"2391","645179915e31c1aeb3dc8129","control_MaxMismatch","0","MaxMismatch","happiness","garbage","happiness-garbage","AbstractMismatch","PositiveMismatch"
"2392","645179915e31c1aeb3dc8129","control_MaxMatch_Positive_Concrete","0","MaxMatch","home","chocolate","home-chocolate","ConcreteMatch","PositiveMatch"
"2393","645179915e31c1aeb3dc8129","control_Similar","93","SimilarControl","show","display","show-display","",""
"2394","645179915e31c1aeb3dc8129","control_Dissimilar","16","DissimilarControl","rise","fall","rise-fall","",""
"2395","645179915e31c1aeb3dc8129","control_Similar","94","SimilarControl","get","obtain","get-obtain","",""
"2396","645179915e31c1aeb3dc8129","test_ConceptualMatch_Concrete","8","ConceptualMatchingOnly","rain","stench","rain-stench","ConceptualMatch:concrete","PositiveMismatch"
"2397","645179915e31c1aeb3dc8129","control_MaxMatch_Negative_Concrete","72","MaxMatch","rot","mold","rot-mold","ConcreteMatch","NegativeMatch"
"2398","645179915e31c1aeb3dc8129","test_ConceptualMatch_Abstract","13","ConceptualMatchingOnly","regret","kindness","regret-kindness","ConceptualMatch:abstract","NegativeMismatch"
"2399","645179915e31c1aeb3dc8129","control_Dissimilar","24","DissimilarControl","open","close","open-close","",""
"2400","645179915e31c1aeb3dc8129","control_MaxMatch_Positive_Abstract","76","MaxMatch","happiness","compassion","happiness-compassion","AbstractMatch","PositiveMatch"
"2401","645179915e31c1aeb3dc8129","test_ValenceMatch_Negative","63","ValenceMatchingOnly","failure","filth","failure-filth","AbstractMismatch","NegativeMatch"
"2402","645179915e31c1aeb3dc8129","test_ValenceMatch_Positive","62","ValenceMatchingOnly","chocolate","gratitude","chocolate-gratitude","ConcreteMismatch","PositiveMatch"
"2403","645179915e31c1aeb3dc8129","control_MaxMatch_Negative_Abstract","80","MaxMatch","anxiety","grief","anxiety-grief","AbstractMatch","NegativeMatch"
"2404","645179915e31c1aeb3dc8129","control_MaxMismatch","0","MaxMismatch","kindness","mold","kindness-mold","AbstractMismatch","PositiveMismatch"
"2405","645179915e31c1aeb3dc8129","control_MaxMatch_Positive_Concrete","36","MaxMatch","laughter","home","laughter-home","ConcreteMatch","PositiveMatch"
"2406","5a57a9bbac5624000153bc85","control_Similar","80","SimilarControl","ask","inquire","ask-inquire","",""
"2407","5a57a9bbac5624000153bc85","control_Dissimilar","15","DissimilarControl","push","pull","push-pull","",""
"2408","5a57a9bbac5624000153bc85","control_MaxMatch_Negative_Abstract","15","MaxMatch","shame","envy","shame-envy","AbstractMatch","NegativeMatch"
"2409","5a57a9bbac5624000153bc85","control_Similar","82","SimilarControl","need","require","need-require","",""
"2410","5a57a9bbac5624000153bc85","test_ConceptualMatch_Concrete","6","ConceptualMatchingOnly","chocolate","stench","chocolate-stench","ConceptualMatch:concrete","PositiveMismatch"
"2411","5a57a9bbac5624000153bc85","control_MaxMatch_Positive_Concrete","15","MaxMatch","sunshine","music","sunshine-music","ConcreteMatch","PositiveMatch"
"2412","5a57a9bbac5624000153bc85","control_Dissimilar","0","DissimilarControl","come","go","come-go","",""
"2413","5a57a9bbac5624000153bc85","test_ValenceMatch_Positive","10","ValenceMatchingOnly","flowers","happiness","flowers-happiness","ConcreteMismatch","PositiveMatch"
"2414","5a57a9bbac5624000153bc85","test_ValenceMatch_Negative","0","ValenceMatchingOnly","regret","mud","regret-mud","AbstractMismatch","NegativeMatch"
"2415","5a57a9bbac5624000153bc85","control_MaxMismatch","4","MaxMismatch","hope","injury","hope-injury","AbstractMismatch","PositiveMismatch"
"2416","5a57a9bbac5624000153bc85","test_ConceptualMatch_Abstract","0","ConceptualMatchingOnly","shame","compassion","shame-compassion","ConceptualMatch:abstract","NegativeMismatch"
"2417","5a57a9bbac5624000153bc85","control_MaxMatch_Negative_Concrete","42","MaxMatch","smoke","stench","smoke-stench","ConcreteMatch","NegativeMatch"
"2418","5a57a9bbac5624000153bc85","control_MaxMatch_Positive_Abstract","87","MaxMatch","compassion","inspiration","compassion-inspiration","AbstractMatch","PositiveMatch"
"2419","5a57a9bbac5624000153bc85","control_Similar","95","SimilarControl","buy","purchase","buy-purchase","",""
"2420","5a57a9bbac5624000153bc85","control_Dissimilar","0","DissimilarControl","increase","decrease","increase-decrease","",""
"2421","5a57a9bbac5624000153bc85","control_MaxMatch_Negative_Abstract","40","MaxMatch","lonliness","resentment","lonliness-resentment","AbstractMatch","NegativeMatch"
"2422","5a57a9bbac5624000153bc85","control_Similar","90","SimilarControl","end","finish","end-finish","",""
"2423","5a57a9bbac5624000153bc85","test_ConceptualMatch_Concrete","0","ConceptualMatchingOnly","laughter","smoke","laughter-smoke","ConceptualMatch:concrete","PositiveMismatch"
"2424","5a57a9bbac5624000153bc85","control_MaxMatch_Positive_Concrete","13","MaxMatch","flowers","hug","flowers-hug","ConcreteMatch","PositiveMatch"
"2425","5a57a9bbac5624000153bc85","control_Dissimilar","0","DissimilarControl","rise","fall","rise-fall","",""
"2426","5a57a9bbac5624000153bc85","test_ValenceMatch_Positive","10","ValenceMatchingOnly","rain","happiness","rain-happiness","ConcreteMismatch","PositiveMatch"
"2427","5a57a9bbac5624000153bc85","test_ValenceMatch_Negative","0","ValenceMatchingOnly","grief","stench","grief-stench","AbstractMismatch","NegativeMatch"
"2428","5a57a9bbac5624000153bc85","control_MaxMismatch","0","MaxMismatch","happiness","rot","happiness-rot","AbstractMismatch","PositiveMismatch"
"2429","5a57a9bbac5624000153bc85","test_ConceptualMatch_Abstract","6","ConceptualMatchingOnly","resentment","freedom","resentment-freedom","ConceptualMatch:abstract","NegativeMismatch"
"2430","5a57a9bbac5624000153bc85","control_MaxMatch_Negative_Concrete","2","MaxMatch","rust","stench","rust-stench","ConcreteMatch","NegativeMatch"
"2431","5a57a9bbac5624000153bc85","control_MaxMatch_Positive_Abstract","39","MaxMatch","peace","gratitude","peace-gratitude","AbstractMatch","PositiveMatch"
"2432","5a57a9bbac5624000153bc85","control_Similar","84","SimilarControl","get","obtain","get-obtain","",""
"2433","5a57a9bbac5624000153bc85","control_Dissimilar","9","DissimilarControl","give","take","give-take","",""
"2434","5a57a9bbac5624000153bc85","control_MaxMatch_Negative_Abstract","2","MaxMatch","grief","envy","grief-envy","AbstractMatch","NegativeMatch"
"2435","5a57a9bbac5624000153bc85","control_Similar","86","SimilarControl","help","assist","help-assist","",""
"2436","5a57a9bbac5624000153bc85","test_ConceptualMatch_Concrete","0","ConceptualMatchingOnly","sunshine","injury","sunshine-injury","ConceptualMatch:concrete","PositiveMismatch"
"2437","5a57a9bbac5624000153bc85","control_MaxMatch_Positive_Concrete","4","MaxMatch","laughter","flowers","laughter-flowers","ConcreteMatch","PositiveMatch"
"2438","5a57a9bbac5624000153bc85","control_Dissimilar","0","DissimilarControl","add","remove","add-remove","",""
"2439","5a57a9bbac5624000153bc85","test_ValenceMatch_Positive","0","ValenceMatchingOnly","rain","hope","rain-hope","ConcreteMismatch","PositiveMatch"
"2440","5a57a9bbac5624000153bc85","test_ValenceMatch_Negative","0","ValenceMatchingOnly","guilt","mold","guilt-mold","AbstractMismatch","NegativeMatch"
"2441","5a57a9bbac5624000153bc85","control_MaxMismatch","0","MaxMismatch","peace","stench","peace-stench","AbstractMismatch","PositiveMismatch"
"2442","5a57a9bbac5624000153bc85","test_ConceptualMatch_Abstract","4","ConceptualMatchingOnly","grief","love","grief-love","ConceptualMatch:abstract","NegativeMismatch"
"2443","5a57a9bbac5624000153bc85","control_MaxMatch_Negative_Concrete","41","MaxMatch","rot","mud","rot-mud","ConcreteMatch","NegativeMatch"
"2444","5a57a9bbac5624000153bc85","control_MaxMatch_Positive_Abstract","92","MaxMatch","happiness","gratitude","happiness-gratitude","AbstractMatch","PositiveMatch"
"2445","5a57a9bbac5624000153bc85","control_Similar","80","SimilarControl","use","employ","use-employ","",""
"2446","5a57a9bbac5624000153bc85","control_Dissimilar","0","DissimilarControl","enter","exit","enter-exit","",""
"2447","5a57a9bbac5624000153bc85","control_MaxMatch_Negative_Abstract","61","MaxMatch","lonliness","despair","lonliness-despair","AbstractMatch","NegativeMatch"
"2448","5a57a9bbac5624000153bc85","control_Similar","84","SimilarControl","begin","start","begin-start","",""
"2449","5a57a9bbac5624000153bc85","test_ConceptualMatch_Concrete","4","ConceptualMatchingOnly","chocolate","rot","chocolate-rot","ConceptualMatch:concrete","PositiveMismatch"
"2450","5a57a9bbac5624000153bc85","control_MaxMatch_Positive_Concrete","14","MaxMatch","flowers","beach","flowers-beach","ConcreteMatch","PositiveMatch"
"2451","5a57a9bbac5624000153bc85","control_Dissimilar","0","DissimilarControl","arrive","leave","arrive-leave","",""
"2452","5a57a9bbac5624000153bc85","test_ValenceMatch_Positive","8","ValenceMatchingOnly","fireplace","kindness","fireplace-kindness","ConcreteMismatch","PositiveMatch"
"2453","5a57a9bbac5624000153bc85","test_ValenceMatch_Negative","0","ValenceMatchingOnly","despair","vomit","despair-vomit","AbstractMismatch","NegativeMatch"
"2454","5a57a9bbac5624000153bc85","control_MaxMismatch","0","MaxMismatch","inspiration","rust","inspiration-rust","AbstractMismatch","PositiveMismatch"
"2455","5a57a9bbac5624000153bc85","test_ConceptualMatch_Abstract","0","ConceptualMatchingOnly","guilt","peace","guilt-peace","ConceptualMatch:abstract","NegativeMismatch"
"2456","5a57a9bbac5624000153bc85","control_MaxMatch_Negative_Concrete","5","MaxMatch","rust","injury","rust-injury","ConcreteMatch","NegativeMatch"
"2457","5a57a9bbac5624000153bc85","control_MaxMatch_Positive_Abstract","64","MaxMatch","love","peace","love-peace","AbstractMatch","PositiveMatch"
"2458","5a57a9bbac5624000153bc85","control_Similar","88","SimilarControl","show","display","show-display","",""
"2459","5a57a9bbac5624000153bc85","control_Dissimilar","0","DissimilarControl","begin","end","begin-end","",""
"2460","5a57a9bbac5624000153bc85","control_MaxMatch_Negative_Abstract","69","MaxMatch","failure","shame","failure-shame","AbstractMatch","NegativeMatch"
"2461","5a57a9bbac5624000153bc85","control_Similar","92","SimilarControl","speak","talk","speak-talk","",""
"2462","5a57a9bbac5624000153bc85","test_ConceptualMatch_Concrete","0","ConceptualMatchingOnly","music","stench","music-stench","ConceptualMatch:concrete","PositiveMismatch"
"2463","5a57a9bbac5624000153bc85","control_MaxMatch_Positive_Concrete","0","MaxMatch","flowers","fireplace","flowers-fireplace","ConcreteMatch","PositiveMatch"
"2464","5a57a9bbac5624000153bc85","control_Dissimilar","0","DissimilarControl","open","close","open-close","",""
"2465","5a57a9bbac5624000153bc85","test_ValenceMatch_Positive","54","ValenceMatchingOnly","flowers","peace","flowers-peace","ConcreteMismatch","PositiveMatch"
"2466","5a57a9bbac5624000153bc85","test_ValenceMatch_Negative","0","ValenceMatchingOnly","shame","rust","shame-rust","AbstractMismatch","NegativeMatch"
"2467","5a57a9bbac5624000153bc85","control_MaxMismatch","0","MaxMismatch","hope","stench","hope-stench","AbstractMismatch","PositiveMismatch"
"2468","5a57a9bbac5624000153bc85","test_ConceptualMatch_Abstract","0","ConceptualMatchingOnly","despair","kindness","despair-kindness","ConceptualMatch:abstract","NegativeMismatch"
"2469","5a57a9bbac5624000153bc85","control_MaxMatch_Negative_Concrete","5","MaxMatch","smoke","injury","smoke-injury","ConcreteMatch","NegativeMatch"
"2470","5a57a9bbac5624000153bc85","control_MaxMatch_Positive_Abstract","61","MaxMatch","happiness","inspiration","happiness-inspiration","AbstractMatch","PositiveMatch"
"2471","66497704c55b6a0ac500cb61","control_Dissimilar","0","DissimilarControl","add","remove","add-remove","",""
"2472","66497704c55b6a0ac500cb61","control_Similar","92","SimilarControl","use","employ","use-employ","",""
"2473","66497704c55b6a0ac500cb61","control_Dissimilar","0","DissimilarControl","come","go","come-go","",""
"2474","66497704c55b6a0ac500cb61","test_ValenceMatch_Negative","15","ValenceMatchingOnly","guilt","mold","guilt-mold","AbstractMismatch","NegativeMatch"
"2475","66497704c55b6a0ac500cb61","control_MaxMatch_Positive_Abstract","69","MaxMatch","love","hope","love-hope","AbstractMatch","PositiveMatch"
"2476","66497704c55b6a0ac500cb61","control_MaxMismatch","0","MaxMismatch","joy","injury","joy-injury","AbstractMismatch","PositiveMismatch"
"2477","66497704c55b6a0ac500cb61","control_MaxMatch_Negative_Concrete","10","MaxMatch","mud","vomit","mud-vomit","ConcreteMatch","NegativeMatch"
"2478","66497704c55b6a0ac500cb61","test_ConceptualMatch_Abstract","0","ConceptualMatchingOnly","despair","love","despair-love","ConceptualMatch:abstract","NegativeMismatch"
"2479","66497704c55b6a0ac500cb61","control_MaxMatch_Positive_Concrete","33","MaxMatch","beach","home","beach-home","ConcreteMatch","PositiveMatch"
"2480","66497704c55b6a0ac500cb61","control_Similar","99","SimilarControl","help","assist","help-assist","",""
"2481","66497704c55b6a0ac500cb61","control_MaxMatch_Negative_Abstract","24","MaxMatch","anxiety","envy","anxiety-envy","AbstractMatch","NegativeMatch"
"2482","66497704c55b6a0ac500cb61","test_ValenceMatch_Positive","76","ValenceMatchingOnly","rain","joy","rain-joy","ConcreteMismatch","PositiveMatch"
"2483","66497704c55b6a0ac500cb61","test_ConceptualMatch_Concrete","0","ConceptualMatchingOnly","flowers","filth","flowers-filth","ConceptualMatch:concrete","PositiveMismatch"
"2484","66497704c55b6a0ac500cb61","control_Dissimilar","0","DissimilarControl","rise","fall","rise-fall","",""
"2485","66497704c55b6a0ac500cb61","control_Similar","86","SimilarControl","get","obtain","get-obtain","",""
"2486","66497704c55b6a0ac500cb61","control_Dissimilar","0","DissimilarControl","give","take","give-take","",""
"2487","66497704c55b6a0ac500cb61","test_ValenceMatch_Negative","69","ValenceMatchingOnly","shame","filth","shame-filth","AbstractMismatch","NegativeMatch"
"2488","66497704c55b6a0ac500cb61","control_MaxMatch_Positive_Abstract","53","MaxMatch","freedom","gratitude","freedom-gratitude","AbstractMatch","PositiveMatch"
"2489","66497704c55b6a0ac500cb61","control_MaxMismatch","0","MaxMismatch","kindness","vomit","kindness-vomit","AbstractMismatch","PositiveMismatch"
"2490","66497704c55b6a0ac500cb61","control_MaxMatch_Negative_Concrete","71","MaxMatch","garbage","rust","garbage-rust","ConcreteMatch","NegativeMatch"
"2491","66497704c55b6a0ac500cb61","test_ConceptualMatch_Abstract","8","ConceptualMatchingOnly","shame","inspiration","shame-inspiration","ConceptualMatch:abstract","NegativeMismatch"
"2492","66497704c55b6a0ac500cb61","control_MaxMatch_Positive_Concrete","73","MaxMatch","sunshine","hug","sunshine-hug","ConcreteMatch","PositiveMatch"
"2493","66497704c55b6a0ac500cb61","control_Similar","97","SimilarControl","end","finish","end-finish","",""
"2494","66497704c55b6a0ac500cb61","control_MaxMatch_Negative_Abstract","75","MaxMatch","anxiety","shame","anxiety-shame","AbstractMatch","NegativeMatch"
"2495","66497704c55b6a0ac500cb61","test_ValenceMatch_Positive","78","ValenceMatchingOnly","sunshine","joy","sunshine-joy","ConcreteMismatch","PositiveMatch"
"2496","66497704c55b6a0ac500cb61","test_ConceptualMatch_Concrete","0","ConceptualMatchingOnly","chocolate","filth","chocolate-filth","ConceptualMatch:concrete","PositiveMismatch"
"2497","66497704c55b6a0ac500cb61","control_Dissimilar","0","DissimilarControl","begin","end","begin-end","",""
"2498","66497704c55b6a0ac500cb61","control_Similar","99","SimilarControl","begin","start","begin-start","",""
"2499","66497704c55b6a0ac500cb61","control_Dissimilar","0","DissimilarControl","push","pull","push-pull","",""
"2500","66497704c55b6a0ac500cb61","test_ValenceMatch_Negative","27","ValenceMatchingOnly","anxiety","stench","anxiety-stench","AbstractMismatch","NegativeMatch"
"2501","66497704c55b6a0ac500cb61","control_MaxMatch_Positive_Abstract","57","MaxMatch","hope","gratitude","hope-gratitude","AbstractMatch","PositiveMatch"
"2502","66497704c55b6a0ac500cb61","control_MaxMismatch","0","MaxMismatch","joy","mold","joy-mold","AbstractMismatch","PositiveMismatch"
"2503","66497704c55b6a0ac500cb61","control_MaxMatch_Negative_Concrete","39","MaxMatch","mud","injury","mud-injury","ConcreteMatch","NegativeMatch"
"2504","66497704c55b6a0ac500cb61","test_ConceptualMatch_Abstract","13","ConceptualMatchingOnly","envy","joy","envy-joy","ConceptualMatch:abstract","NegativeMismatch"
"2505","66497704c55b6a0ac500cb61","control_MaxMatch_Positive_Concrete","7","MaxMatch","music","beach","music-beach","ConcreteMatch","PositiveMatch"
"2506","66497704c55b6a0ac500cb61","control_Similar","99","SimilarControl","ask","inquire","ask-inquire","",""
"2507","66497704c55b6a0ac500cb61","control_MaxMatch_Negative_Abstract","82","MaxMatch","resentment","shame","resentment-shame","AbstractMatch","NegativeMatch"
"2508","66497704c55b6a0ac500cb61","test_ValenceMatch_Positive","72","ValenceMatchingOnly","home","happiness","home-happiness","ConcreteMismatch","PositiveMatch"
"2509","66497704c55b6a0ac500cb61","test_ConceptualMatch_Concrete","0","ConceptualMatchingOnly","laughter","stench","laughter-stench","ConceptualMatch:concrete","PositiveMismatch"
"2510","66497704c55b6a0ac500cb61","control_Dissimilar","0","DissimilarControl","arrive","leave","arrive-leave","",""
"2511","66497704c55b6a0ac500cb61","control_Similar","99","SimilarControl","buy","purchase","buy-purchase","",""
"2512","66497704c55b6a0ac500cb61","control_Dissimilar","0","DissimilarControl","increase","decrease","increase-decrease","",""
"2513","66497704c55b6a0ac500cb61","test_ValenceMatch_Negative","12","ValenceMatchingOnly","shame","rust","shame-rust","AbstractMismatch","NegativeMatch"
"2514","66497704c55b6a0ac500cb61","control_MaxMatch_Positive_Abstract","86","MaxMatch","peace","freedom","peace-freedom","AbstractMatch","PositiveMatch"
"2515","66497704c55b6a0ac500cb61","control_MaxMismatch","0","MaxMismatch","joy","mud","joy-mud","AbstractMismatch","PositiveMismatch"
"2516","66497704c55b6a0ac500cb61","control_MaxMatch_Negative_Concrete","40","MaxMatch","mud","rust","mud-rust","ConcreteMatch","NegativeMatch"
"2517","66497704c55b6a0ac500cb61","test_ConceptualMatch_Abstract","0","ConceptualMatchingOnly","guilt","freedom","guilt-freedom","ConceptualMatch:abstract","NegativeMismatch"
"2518","66497704c55b6a0ac500cb61","control_MaxMatch_Positive_Concrete","66","MaxMatch","laughter","home","laughter-home","ConcreteMatch","PositiveMatch"
"2519","66497704c55b6a0ac500cb61","control_Similar","90","SimilarControl","speak","talk","speak-talk","",""
"2520","66497704c55b6a0ac500cb61","control_MaxMatch_Negative_Abstract","47","MaxMatch","lonliness","regret","lonliness-regret","AbstractMatch","NegativeMatch"
"2521","66497704c55b6a0ac500cb61","test_ValenceMatch_Positive","76","ValenceMatchingOnly","music","inspiration","music-inspiration","ConcreteMismatch","PositiveMatch"
"2522","66497704c55b6a0ac500cb61","test_ConceptualMatch_Concrete","7","ConceptualMatchingOnly","music","stench","music-stench","ConceptualMatch:concrete","PositiveMismatch"
"2523","66497704c55b6a0ac500cb61","control_Dissimilar","0","DissimilarControl","enter","exit","enter-exit","",""
"2524","66497704c55b6a0ac500cb61","control_Similar","84","SimilarControl","show","display","show-display","",""
"2525","66497704c55b6a0ac500cb61","control_Dissimilar","0","DissimilarControl","open","close","open-close","",""
"2526","66497704c55b6a0ac500cb61","test_ValenceMatch_Negative","0","ValenceMatchingOnly","failure","mold","failure-mold","AbstractMismatch","NegativeMatch"
"2527","66497704c55b6a0ac500cb61","control_MaxMatch_Positive_Abstract","64","MaxMatch","joy","inspiration","joy-inspiration","AbstractMatch","PositiveMatch"
"2528","66497704c55b6a0ac500cb61","control_MaxMismatch","0","MaxMismatch","inspiration","filth","inspiration-filth","AbstractMismatch","PositiveMismatch"
"2529","66497704c55b6a0ac500cb61","control_MaxMatch_Negative_Concrete","65","MaxMatch","vomit","filth","vomit-filth","ConcreteMatch","NegativeMatch"
"2530","66497704c55b6a0ac500cb61","test_ConceptualMatch_Abstract","0","ConceptualMatchingOnly","despair","peace","despair-peace","ConceptualMatch:abstract","NegativeMismatch"
"2531","66497704c55b6a0ac500cb61","control_MaxMatch_Positive_Concrete","10","MaxMatch","beach","fireplace","beach-fireplace","ConcreteMatch","PositiveMatch"
"2532","66497704c55b6a0ac500cb61","control_Similar","99","SimilarControl","need","require","need-require","",""
"2533","66497704c55b6a0ac500cb61","control_MaxMatch_Negative_Abstract","58","MaxMatch","regret","failure","regret-failure","AbstractMatch","NegativeMatch"
"2534","66497704c55b6a0ac500cb61","test_ValenceMatch_Positive","67","ValenceMatchingOnly","flowers","inspiration","flowers-inspiration","ConcreteMismatch","PositiveMatch"
"2535","66497704c55b6a0ac500cb61","test_ConceptualMatch_Concrete","32","ConceptualMatchingOnly","sunshine","mud","sunshine-mud","ConceptualMatch:concrete","PositiveMismatch"
"2536","6229fff149374541c22a95bf","control_Similar","99","SimilarControl","end","finish","end-finish","",""
"2537","6229fff149374541c22a95bf","control_Dissimilar","16","DissimilarControl","come","go","come-go","",""
"2538","6229fff149374541c22a95bf","test_ValenceMatch_Positive","52","ValenceMatchingOnly","hug","gratitude","hug-gratitude","ConcreteMismatch","PositiveMatch"
"2539","6229fff149374541c22a95bf","control_MaxMatch_Negative_Concrete","87","MaxMatch","rot","stench","rot-stench","ConcreteMatch","NegativeMatch"
"2540","6229fff149374541c22a95bf","control_Similar","99","SimilarControl","speak","talk","speak-talk","",""
"2541","6229fff149374541c22a95bf","test_ConceptualMatch_Abstract","0","ConceptualMatchingOnly","despair","love","despair-love","ConceptualMatch:abstract","NegativeMismatch"
"2542","6229fff149374541c22a95bf","control_MaxMismatch","0","MaxMismatch","compassion","mold","compassion-mold","AbstractMismatch","PositiveMismatch"
"2543","6229fff149374541c22a95bf","test_ValenceMatch_Negative","0","ValenceMatchingOnly","shame","mud","shame-mud","AbstractMismatch","NegativeMatch"
"2544","6229fff149374541c22a95bf","test_ConceptualMatch_Concrete","12","ConceptualMatchingOnly","rain","mold","rain-mold","ConceptualMatch:concrete","PositiveMismatch"
"2545","6229fff149374541c22a95bf","control_Dissimilar","52","DissimilarControl","arrive","leave","arrive-leave","",""
"2546","6229fff149374541c22a95bf","control_MaxMatch_Negative_Abstract","79","MaxMatch","anxiety","envy","anxiety-envy","AbstractMatch","NegativeMatch"
"2547","6229fff149374541c22a95bf","control_MaxMatch_Positive_Abstract","0","MaxMatch","compassion","inspiration","compassion-inspiration","AbstractMatch","PositiveMatch"
"2548","6229fff149374541c22a95bf","control_MaxMatch_Positive_Concrete","0","MaxMatch","flowers","chocolate","flowers-chocolate","ConcreteMatch","PositiveMatch"
"2549","6229fff149374541c22a95bf","control_Similar","99","SimilarControl","help","assist","help-assist","",""
"2550","6229fff149374541c22a95bf","control_Dissimilar","0","DissimilarControl","add","remove","add-remove","",""
"2551","6229fff149374541c22a95bf","test_ValenceMatch_Positive","85","ValenceMatchingOnly","hug","compassion","hug-compassion","ConcreteMismatch","PositiveMatch"
"2552","6229fff149374541c22a95bf","control_MaxMatch_Negative_Concrete","18","MaxMatch","vomit","injury","vomit-injury","ConcreteMatch","NegativeMatch"
"2553","6229fff149374541c22a95bf","control_Similar","99","SimilarControl","begin","start","begin-start","",""
"2554","6229fff149374541c22a95bf","test_ConceptualMatch_Abstract","0","ConceptualMatchingOnly","guilt","gratitude","guilt-gratitude","ConceptualMatch:abstract","NegativeMismatch"
"2555","6229fff149374541c22a95bf","control_MaxMismatch","0","MaxMismatch","peace","stench","peace-stench","AbstractMismatch","PositiveMismatch"
"2556","6229fff149374541c22a95bf","test_ValenceMatch_Negative","0","ValenceMatchingOnly","anxiety","garbage","anxiety-garbage","AbstractMismatch","NegativeMatch"
"2557","6229fff149374541c22a95bf","test_ConceptualMatch_Concrete","0","ConceptualMatchingOnly","fireplace","mud","fireplace-mud","ConceptualMatch:concrete","PositiveMismatch"
"2558","6229fff149374541c22a95bf","control_Dissimilar","0","DissimilarControl","increase","decrease","increase-decrease","",""
"2559","6229fff149374541c22a95bf","control_MaxMatch_Negative_Abstract","85","MaxMatch","regret","shame","regret-shame","AbstractMatch","NegativeMatch"
"2560","6229fff149374541c22a95bf","control_MaxMatch_Positive_Abstract","81","MaxMatch","peace","compassion","peace-compassion","AbstractMatch","PositiveMatch"
"2561","6229fff149374541c22a95bf","control_MaxMatch_Positive_Concrete","0","MaxMatch","hug","fireplace","hug-fireplace","ConcreteMatch","PositiveMatch"
"2562","6229fff149374541c22a95bf","control_Similar","99","SimilarControl","show","display","show-display","",""
"2563","6229fff149374541c22a95bf","control_Dissimilar","0","DissimilarControl","begin","end","begin-end","",""
"2564","6229fff149374541c22a95bf","test_ValenceMatch_Positive","0","ValenceMatchingOnly","rain","peace","rain-peace","ConcreteMismatch","PositiveMatch"
"2565","6229fff149374541c22a95bf","control_MaxMatch_Negative_Concrete","81","MaxMatch","rot","mold","rot-mold","ConcreteMatch","NegativeMatch"
"2566","6229fff149374541c22a95bf","control_Similar","99","SimilarControl","use","employ","use-employ","",""
"2567","6229fff149374541c22a95bf","test_ConceptualMatch_Abstract","0","ConceptualMatchingOnly","despair","freedom","despair-freedom","ConceptualMatch:abstract","NegativeMismatch"
"2568","6229fff149374541c22a95bf","control_MaxMismatch","0","MaxMismatch","gratitude","vomit","gratitude-vomit","AbstractMismatch","PositiveMismatch"
"2569","6229fff149374541c22a95bf","test_ValenceMatch_Negative","0","ValenceMatchingOnly","lonliness","mold","lonliness-mold","AbstractMismatch","NegativeMatch"
"2570","6229fff149374541c22a95bf","test_ConceptualMatch_Concrete","0","ConceptualMatchingOnly","home","filth","home-filth","ConceptualMatch:concrete","PositiveMismatch"
"2571","6229fff149374541c22a95bf","control_Dissimilar","0","DissimilarControl","push","pull","push-pull","",""
"2572","6229fff149374541c22a95bf","control_MaxMatch_Negative_Abstract","0","MaxMatch","guilt","envy","guilt-envy","AbstractMatch","NegativeMatch"
"2573","6229fff149374541c22a95bf","control_MaxMatch_Positive_Abstract","0","MaxMatch","peace","inspiration","peace-inspiration","AbstractMatch","PositiveMatch"
"2574","6229fff149374541c22a95bf","control_MaxMatch_Positive_Concrete","0","MaxMatch","laughter","rain","laughter-rain","ConcreteMatch","PositiveMatch"
"2575","6229fff149374541c22a95bf","control_Similar","99","SimilarControl","buy","purchase","buy-purchase","",""
"2576","6229fff149374541c22a95bf","control_Dissimilar","0","DissimilarControl","open","close","open-close","",""
"2577","6229fff149374541c22a95bf","test_ValenceMatch_Positive","0","ValenceMatchingOnly","home","compassion","home-compassion","ConcreteMismatch","PositiveMatch"
"2578","6229fff149374541c22a95bf","control_MaxMatch_Negative_Concrete","0","MaxMatch","vomit","filth","vomit-filth","ConcreteMatch","NegativeMatch"
"2579","6229fff149374541c22a95bf","control_Similar","99","SimilarControl","ask","inquire","ask-inquire","",""
"2580","6229fff149374541c22a95bf","test_ConceptualMatch_Abstract","0","ConceptualMatchingOnly","grief","joy","grief-joy","ConceptualMatch:abstract","NegativeMismatch"
"2581","6229fff149374541c22a95bf","control_MaxMismatch","0","MaxMismatch","inspiration","stench","inspiration-stench","AbstractMismatch","PositiveMismatch"
"2582","6229fff149374541c22a95bf","test_ValenceMatch_Negative","0","ValenceMatchingOnly","lonliness","garbage","lonliness-garbage","AbstractMismatch","NegativeMatch"
"2583","6229fff149374541c22a95bf","test_ConceptualMatch_Concrete","0","ConceptualMatchingOnly","beach","smoke","beach-smoke","ConceptualMatch:concrete","PositiveMismatch"
"2584","6229fff149374541c22a95bf","control_Dissimilar","0","DissimilarControl","enter","exit","enter-exit","",""
"2585","6229fff149374541c22a95bf","control_MaxMatch_Negative_Abstract","99","MaxMatch","guilt","shame","guilt-shame","AbstractMatch","NegativeMatch"
"2586","6229fff149374541c22a95bf","control_MaxMatch_Positive_Abstract","79","MaxMatch","hope","compassion","hope-compassion","AbstractMatch","PositiveMatch"
"2587","6229fff149374541c22a95bf","control_MaxMatch_Positive_Concrete","0","MaxMatch","home","rain","home-rain","ConcreteMatch","PositiveMatch"
"2588","6229fff149374541c22a95bf","control_Similar","99","SimilarControl","get","obtain","get-obtain","",""
"2589","6229fff149374541c22a95bf","control_Dissimilar","0","DissimilarControl","rise","fall","rise-fall","",""
"2590","6229fff149374541c22a95bf","test_ValenceMatch_Positive","0","ValenceMatchingOnly","beach","kindness","beach-kindness","ConcreteMismatch","PositiveMatch"
"2591","6229fff149374541c22a95bf","control_MaxMatch_Negative_Concrete","0","MaxMatch","mud","injury","mud-injury","ConcreteMatch","NegativeMatch"
"2592","6229fff149374541c22a95bf","control_Similar","99","SimilarControl","need","require","need-require","",""
"2593","6229fff149374541c22a95bf","test_ConceptualMatch_Abstract","0","ConceptualMatchingOnly","resentment","joy","resentment-joy","ConceptualMatch:abstract","NegativeMismatch"
"2594","6229fff149374541c22a95bf","control_MaxMismatch","0","MaxMismatch","peace","injury","peace-injury","AbstractMismatch","PositiveMismatch"
"2595","6229fff149374541c22a95bf","test_ValenceMatch_Negative","0","ValenceMatchingOnly","resentment","injury","resentment-injury","AbstractMismatch","NegativeMatch"
"2596","6229fff149374541c22a95bf","test_ConceptualMatch_Concrete","0","ConceptualMatchingOnly","flowers","stench","flowers-stench","ConceptualMatch:concrete","PositiveMismatch"
"2597","6229fff149374541c22a95bf","control_Dissimilar","49","DissimilarControl","give","take","give-take","",""
"2598","6229fff149374541c22a95bf","control_MaxMatch_Negative_Abstract","0","MaxMatch","lonliness","resentment","lonliness-resentment","AbstractMatch","NegativeMatch"
"2599","6229fff149374541c22a95bf","control_MaxMatch_Positive_Abstract","82","MaxMatch","hope","gratitude","hope-gratitude","AbstractMatch","PositiveMatch"
"2600","6229fff149374541c22a95bf","control_MaxMatch_Positive_Concrete","0","MaxMatch","sunshine","rain","sunshine-rain","ConcreteMatch","PositiveMatch"
"2601","672065508b5071ee67b5fde2","control_Dissimilar","11","DissimilarControl","increase","decrease","increase-decrease","",""
"2602","672065508b5071ee67b5fde2","control_Similar","99","SimilarControl","begin","start","begin-start","",""
"2603","672065508b5071ee67b5fde2","test_ConceptualMatch_Concrete","0","ConceptualMatchingOnly","music","stench","music-stench","ConceptualMatch:concrete","PositiveMismatch"
"2604","672065508b5071ee67b5fde2","control_MaxMatch_Negative_Abstract","99","MaxMatch","failure","shame","failure-shame","AbstractMatch","NegativeMatch"
"2605","672065508b5071ee67b5fde2","test_ValenceMatch_Negative","12","ValenceMatchingOnly","grief","mold","grief-mold","AbstractMismatch","NegativeMatch"
"2606","672065508b5071ee67b5fde2","control_Dissimilar","16","DissimilarControl","add","remove","add-remove","",""
"2607","672065508b5071ee67b5fde2","control_MaxMatch_Positive_Concrete","0","MaxMatch","rain","chocolate","rain-chocolate","ConcreteMatch","PositiveMatch"
"2608","672065508b5071ee67b5fde2","control_Similar","99","SimilarControl","need","require","need-require","",""
"2609","672065508b5071ee67b5fde2","control_MaxMismatch","6","MaxMismatch","peace","stench","peace-stench","AbstractMismatch","PositiveMismatch"
"2610","672065508b5071ee67b5fde2","control_MaxMatch_Negative_Concrete","99","MaxMatch","garbage","stench","garbage-stench","ConcreteMatch","NegativeMatch"
"2611","672065508b5071ee67b5fde2","test_ConceptualMatch_Abstract","14","ConceptualMatchingOnly","regret","love","regret-love","ConceptualMatch:abstract","NegativeMismatch"
"2612","672065508b5071ee67b5fde2","control_MaxMatch_Positive_Abstract","98","MaxMatch","kindness","inspiration","kindness-inspiration","AbstractMatch","PositiveMatch"
"2613","672065508b5071ee67b5fde2","test_ValenceMatch_Positive","91","ValenceMatchingOnly","home","gratitude","home-gratitude","ConcreteMismatch","PositiveMatch"
"2614","672065508b5071ee67b5fde2","control_Dissimilar","48","DissimilarControl","come","go","come-go","",""
"2615","672065508b5071ee67b5fde2","control_Similar","84","SimilarControl","use","employ","use-employ","",""
"2616","672065508b5071ee67b5fde2","test_ConceptualMatch_Concrete","43","ConceptualMatchingOnly","sunshine","garbage","sunshine-garbage","ConceptualMatch:concrete","PositiveMismatch"
"2617","672065508b5071ee67b5fde2","control_MaxMatch_Negative_Abstract","99","MaxMatch","despair","grief","despair-grief","AbstractMatch","NegativeMatch"
"2618","672065508b5071ee67b5fde2","test_ValenceMatch_Negative","22","ValenceMatchingOnly","failure","vomit","failure-vomit","AbstractMismatch","NegativeMatch"
"2619","672065508b5071ee67b5fde2","control_Dissimilar","32","DissimilarControl","give","take","give-take","",""
"2620","672065508b5071ee67b5fde2","control_MaxMatch_Positive_Concrete","25","MaxMatch","beach","fireplace","beach-fireplace","ConcreteMatch","PositiveMatch"
"2621","672065508b5071ee67b5fde2","control_Similar","97","SimilarControl","show","display","show-display","",""
"2622","672065508b5071ee67b5fde2","control_MaxMismatch","22","MaxMismatch","freedom","stench","freedom-stench","AbstractMismatch","PositiveMismatch"
"2623","672065508b5071ee67b5fde2","control_MaxMatch_Negative_Concrete","35","MaxMatch","injury","filth","injury-filth","ConcreteMatch","NegativeMatch"
"2624","672065508b5071ee67b5fde2","test_ConceptualMatch_Abstract","17","ConceptualMatchingOnly","regret","joy","regret-joy","ConceptualMatch:abstract","NegativeMismatch"
"2625","672065508b5071ee67b5fde2","control_MaxMatch_Positive_Abstract","88","MaxMatch","compassion","inspiration","compassion-inspiration","AbstractMatch","PositiveMatch"
"2626","672065508b5071ee67b5fde2","test_ValenceMatch_Positive","93","ValenceMatchingOnly","home","freedom","home-freedom","ConcreteMismatch","PositiveMatch"
"2627","672065508b5071ee67b5fde2","control_Dissimilar","45","DissimilarControl","begin","end","begin-end","",""
"2628","672065508b5071ee67b5fde2","control_Similar","99","SimilarControl","end","finish","end-finish","",""
"2629","672065508b5071ee67b5fde2","test_ConceptualMatch_Concrete","21","ConceptualMatchingOnly","sunshine","rust","sunshine-rust","ConceptualMatch:concrete","PositiveMismatch"
"2630","672065508b5071ee67b5fde2","control_MaxMatch_Negative_Abstract","96","MaxMatch","regret","shame","regret-shame","AbstractMatch","NegativeMatch"
"2631","672065508b5071ee67b5fde2","test_ValenceMatch_Negative","58","ValenceMatchingOnly","regret","filth","regret-filth","AbstractMismatch","NegativeMatch"
"2632","672065508b5071ee67b5fde2","control_Dissimilar","49","DissimilarControl","rise","fall","rise-fall","",""
"2633","672065508b5071ee67b5fde2","control_MaxMatch_Positive_Concrete","16","MaxMatch","beach","chocolate","beach-chocolate","ConcreteMatch","PositiveMatch"
"2634","672065508b5071ee67b5fde2","control_Similar","99","SimilarControl","buy","purchase","buy-purchase","",""
"2635","672065508b5071ee67b5fde2","control_MaxMismatch","0","MaxMismatch","joy","vomit","joy-vomit","AbstractMismatch","PositiveMismatch"
"2636","672065508b5071ee67b5fde2","control_MaxMatch_Negative_Concrete","66","MaxMatch","rot","vomit","rot-vomit","ConcreteMatch","NegativeMatch"
"2637","672065508b5071ee67b5fde2","test_ConceptualMatch_Abstract","21","ConceptualMatchingOnly","guilt","joy","guilt-joy","ConceptualMatch:abstract","NegativeMismatch"
"2638","672065508b5071ee67b5fde2","control_MaxMatch_Positive_Abstract","88","MaxMatch","freedom","inspiration","freedom-inspiration","AbstractMatch","PositiveMatch"
"2639","672065508b5071ee67b5fde2","test_ValenceMatch_Positive","64","ValenceMatchingOnly","hug","hope","hug-hope","ConcreteMismatch","PositiveMatch"
"2640","672065508b5071ee67b5fde2","control_Dissimilar","82","DissimilarControl","open","close","open-close","",""
"2641","672065508b5071ee67b5fde2","control_Similar","79","SimilarControl","get","obtain","get-obtain","",""
"2642","672065508b5071ee67b5fde2","test_ConceptualMatch_Concrete","11","ConceptualMatchingOnly","chocolate","rust","chocolate-rust","ConceptualMatch:concrete","PositiveMismatch"
"2643","672065508b5071ee67b5fde2","control_MaxMatch_Negative_Abstract","66","MaxMatch","despair","failure","despair-failure","AbstractMatch","NegativeMatch"
"2644","672065508b5071ee67b5fde2","test_ValenceMatch_Negative","69","ValenceMatchingOnly","regret","garbage","regret-garbage","AbstractMismatch","NegativeMatch"
"2645","672065508b5071ee67b5fde2","control_Dissimilar","26","DissimilarControl","arrive","leave","arrive-leave","",""
"2646","672065508b5071ee67b5fde2","control_MaxMatch_Positive_Concrete","23","MaxMatch","flowers","beach","flowers-beach","ConcreteMatch","PositiveMatch"
"2647","672065508b5071ee67b5fde2","control_Similar","88","SimilarControl","help","assist","help-assist","",""
"2648","672065508b5071ee67b5fde2","control_MaxMismatch","5","MaxMismatch","happiness","rust","happiness-rust","AbstractMismatch","PositiveMismatch"
"2649","672065508b5071ee67b5fde2","control_MaxMatch_Negative_Concrete","38","MaxMatch","mud","garbage","mud-garbage","ConcreteMatch","NegativeMatch"
"2650","672065508b5071ee67b5fde2","test_ConceptualMatch_Abstract","11","ConceptualMatchingOnly","guilt","peace","guilt-peace","ConceptualMatch:abstract","NegativeMismatch"
"2651","672065508b5071ee67b5fde2","control_MaxMatch_Positive_Abstract","85","MaxMatch","happiness","gratitude","happiness-gratitude","AbstractMatch","PositiveMatch"
"2652","672065508b5071ee67b5fde2","test_ValenceMatch_Positive","28","ValenceMatchingOnly","flowers","freedom","flowers-freedom","ConcreteMismatch","PositiveMatch"
"2653","672065508b5071ee67b5fde2","control_Dissimilar","12","DissimilarControl","push","pull","push-pull","",""
"2654","672065508b5071ee67b5fde2","control_Similar","83","SimilarControl","ask","inquire","ask-inquire","",""
"2655","672065508b5071ee67b5fde2","test_ConceptualMatch_Concrete","18","ConceptualMatchingOnly","music","rot","music-rot","ConceptualMatch:concrete","PositiveMismatch"
"2656","672065508b5071ee67b5fde2","control_MaxMatch_Negative_Abstract","93","MaxMatch","regret","grief","regret-grief","AbstractMatch","NegativeMatch"
"2657","672065508b5071ee67b5fde2","test_ValenceMatch_Negative","65","ValenceMatchingOnly","shame","filth","shame-filth","AbstractMismatch","NegativeMatch"
"2658","672065508b5071ee67b5fde2","control_Dissimilar","24","DissimilarControl","enter","exit","enter-exit","",""
"2659","672065508b5071ee67b5fde2","control_MaxMatch_Positive_Concrete","81","MaxMatch","hug","home","hug-home","ConcreteMatch","PositiveMatch"
"2660","672065508b5071ee67b5fde2","control_Similar","91","SimilarControl","speak","talk","speak-talk","",""
"2661","672065508b5071ee67b5fde2","control_MaxMismatch","15","MaxMismatch","hope","stench","hope-stench","AbstractMismatch","PositiveMismatch"
"2662","672065508b5071ee67b5fde2","control_MaxMatch_Negative_Concrete","84","MaxMatch","vomit","garbage","vomit-garbage","ConcreteMatch","NegativeMatch"
"2663","672065508b5071ee67b5fde2","test_ConceptualMatch_Abstract","31","ConceptualMatchingOnly","despair","freedom","despair-freedom","ConceptualMatch:abstract","NegativeMismatch"
"2664","672065508b5071ee67b5fde2","control_MaxMatch_Positive_Abstract","77","MaxMatch","love","happiness","love-happiness","AbstractMatch","PositiveMatch"
"2665","672065508b5071ee67b5fde2","test_ValenceMatch_Positive","99","ValenceMatchingOnly","laughter","love","laughter-love","ConcreteMismatch","PositiveMatch"
"2666","6744a100477ed8db19cf37cf","control_Similar","96","SimilarControl","buy","purchase","buy-purchase","",""
"2667","6744a100477ed8db19cf37cf","control_Dissimilar","0","DissimilarControl","enter","exit","enter-exit","",""
"2668","6744a100477ed8db19cf37cf","test_ValenceMatch_Positive","0","ValenceMatchingOnly","laughter","hope","laughter-hope","ConcreteMismatch","PositiveMatch"
"2669","6744a100477ed8db19cf37cf","test_ConceptualMatch_Concrete","0","ConceptualMatchingOnly","hug","rot","hug-rot","ConceptualMatch:concrete","PositiveMismatch"
"2670","6744a100477ed8db19cf37cf","control_MaxMatch_Negative_Concrete","83","MaxMatch","rot","stench","rot-stench","ConcreteMatch","NegativeMatch"
"2671","6744a100477ed8db19cf37cf","control_MaxMatch_Positive_Abstract","80","MaxMatch","joy","inspiration","joy-inspiration","AbstractMatch","PositiveMatch"
"2672","6744a100477ed8db19cf37cf","test_ValenceMatch_Negative","0","ValenceMatchingOnly","lonliness","vomit","lonliness-vomit","AbstractMismatch","NegativeMatch"
"2673","6744a100477ed8db19cf37cf","test_ConceptualMatch_Abstract","0","ConceptualMatchingOnly","grief","inspiration","grief-inspiration","ConceptualMatch:abstract","NegativeMismatch"
"2674","6744a100477ed8db19cf37cf","control_MaxMatch_Negative_Abstract","0","MaxMatch","failure","envy","failure-envy","AbstractMatch","NegativeMatch"
"2675","6744a100477ed8db19cf37cf","control_Similar","99","SimilarControl","help","assist","help-assist","",""
"2676","6744a100477ed8db19cf37cf","control_MaxMatch_Positive_Concrete","0","MaxMatch","sunshine","music","sunshine-music","ConcreteMatch","PositiveMatch"
"2677","6744a100477ed8db19cf37cf","control_MaxMismatch","0","MaxMismatch","inspiration","garbage","inspiration-garbage","AbstractMismatch","PositiveMismatch"
"2678","6744a100477ed8db19cf37cf","control_Dissimilar","0","DissimilarControl","open","close","open-close","",""
"2679","6744a100477ed8db19cf37cf","control_Similar","96","SimilarControl","show","display","show-display","",""
"2680","6744a100477ed8db19cf37cf","control_Dissimilar","0","DissimilarControl","begin","end","begin-end","",""
"2681","6744a100477ed8db19cf37cf","test_ValenceMatch_Positive","31","ValenceMatchingOnly","hug","freedom","hug-freedom","ConcreteMismatch","PositiveMatch"
"2682","6744a100477ed8db19cf37cf","test_ConceptualMatch_Concrete","5","ConceptualMatchingOnly","beach","smoke","beach-smoke","ConceptualMatch:concrete","PositiveMismatch"
"2683","6744a100477ed8db19cf37cf","control_MaxMatch_Negative_Concrete","0","MaxMatch","vomit","rust","vomit-rust","ConcreteMatch","NegativeMatch"
"2684","6744a100477ed8db19cf37cf","control_MaxMatch_Positive_Abstract","51","MaxMatch","kindness","compassion","kindness-compassion","AbstractMatch","PositiveMatch"
"2685","6744a100477ed8db19cf37cf","test_ValenceMatch_Negative","0","ValenceMatchingOnly","regret","vomit","regret-vomit","AbstractMismatch","NegativeMatch"
"2686","6744a100477ed8db19cf37cf","test_ConceptualMatch_Abstract","0","ConceptualMatchingOnly","failure","hope","failure-hope","ConceptualMatch:abstract","NegativeMismatch"
"2687","6744a100477ed8db19cf37cf","control_MaxMatch_Negative_Abstract","44","MaxMatch","lonliness","anxiety","lonliness-anxiety","AbstractMatch","NegativeMatch"
"2688","6744a100477ed8db19cf37cf","control_Similar","99","SimilarControl","ask","inquire","ask-inquire","",""
"2689","6744a100477ed8db19cf37cf","control_MaxMatch_Positive_Concrete","0","MaxMatch","music","chocolate","music-chocolate","ConcreteMatch","PositiveMatch"
"2690","6744a100477ed8db19cf37cf","control_MaxMismatch","0","MaxMismatch","freedom","garbage","freedom-garbage","AbstractMismatch","PositiveMismatch"
"2691","6744a100477ed8db19cf37cf","control_Dissimilar","0","DissimilarControl","increase","decrease","increase-decrease","",""
"2692","6744a100477ed8db19cf37cf","control_Similar","76","SimilarControl","need","require","need-require","",""
"2693","6744a100477ed8db19cf37cf","control_Dissimilar","20","DissimilarControl","add","remove","add-remove","",""
"2694","6744a100477ed8db19cf37cf","test_ValenceMatch_Positive","1","ValenceMatchingOnly","sunshine","compassion","sunshine-compassion","ConcreteMismatch","PositiveMatch"
"2695","6744a100477ed8db19cf37cf","test_ConceptualMatch_Concrete","0","ConceptualMatchingOnly","sunshine","injury","sunshine-injury","ConceptualMatch:concrete","PositiveMismatch"
"2696","6744a100477ed8db19cf37cf","control_MaxMatch_Negative_Concrete","12","MaxMatch","mud","filth","mud-filth","ConcreteMatch","NegativeMatch"
"2697","6744a100477ed8db19cf37cf","control_MaxMatch_Positive_Abstract","0","MaxMatch","compassion","gratitude","compassion-gratitude","AbstractMatch","PositiveMatch"
"2698","6744a100477ed8db19cf37cf","test_ValenceMatch_Negative","16","ValenceMatchingOnly","despair","rot","despair-rot","AbstractMismatch","NegativeMatch"
"2699","6744a100477ed8db19cf37cf","test_ConceptualMatch_Abstract","11","ConceptualMatchingOnly","anxiety","freedom","anxiety-freedom","ConceptualMatch:abstract","NegativeMismatch"
"2700","6744a100477ed8db19cf37cf","control_MaxMatch_Negative_Abstract","11","MaxMatch","guilt","failure","guilt-failure","AbstractMatch","NegativeMatch"
"2701","6744a100477ed8db19cf37cf","control_Similar","71","SimilarControl","use","employ","use-employ","",""
"2702","6744a100477ed8db19cf37cf","control_MaxMatch_Positive_Concrete","0","MaxMatch","flowers","fireplace","flowers-fireplace","ConcreteMatch","PositiveMatch"
"2703","6744a100477ed8db19cf37cf","control_MaxMismatch","14","MaxMismatch","hope","garbage","hope-garbage","AbstractMismatch","PositiveMismatch"
"2704","6744a100477ed8db19cf37cf","control_Dissimilar","18","DissimilarControl","push","pull","push-pull","",""
"2705","6744a100477ed8db19cf37cf","control_Similar","99","SimilarControl","begin","start","begin-start","",""
"2706","6744a100477ed8db19cf37cf","control_Dissimilar","9","DissimilarControl","arrive","leave","arrive-leave","",""
"2707","6744a100477ed8db19cf37cf","test_ValenceMatch_Positive","12","ValenceMatchingOnly","flowers","hope","flowers-hope","ConcreteMismatch","PositiveMatch"
"2708","6744a100477ed8db19cf37cf","test_ConceptualMatch_Concrete","8","ConceptualMatchingOnly","rain","rot","rain-rot","ConceptualMatch:concrete","PositiveMismatch"
"2709","6744a100477ed8db19cf37cf","control_MaxMatch_Negative_Concrete","0","MaxMatch","smoke","rust","smoke-rust","ConcreteMatch","NegativeMatch"
"2710","6744a100477ed8db19cf37cf","control_MaxMatch_Positive_Abstract","83","MaxMatch","peace","gratitude","peace-gratitude","AbstractMatch","PositiveMatch"
"2711","6744a100477ed8db19cf37cf","test_ValenceMatch_Negative","0","ValenceMatchingOnly","despair","smoke","despair-smoke","AbstractMismatch","NegativeMatch"
"2712","6744a100477ed8db19cf37cf","test_ConceptualMatch_Abstract","15","ConceptualMatchingOnly","grief","hope","grief-hope","ConceptualMatch:abstract","NegativeMismatch"
"2713","6744a100477ed8db19cf37cf","control_MaxMatch_Negative_Abstract","17","MaxMatch","failure","shame","failure-shame","AbstractMatch","NegativeMatch"
"2714","6744a100477ed8db19cf37cf","control_Similar","99","SimilarControl","speak","talk","speak-talk","",""
"2715","6744a100477ed8db19cf37cf","control_MaxMatch_Positive_Concrete","16","MaxMatch","laughter","music","laughter-music","ConcreteMatch","PositiveMatch"
"2716","6744a100477ed8db19cf37cf","control_MaxMismatch","10","MaxMismatch","gratitude","injury","gratitude-injury","AbstractMismatch","PositiveMismatch"
"2717","6744a100477ed8db19cf37cf","control_Dissimilar","0","DissimilarControl","give","take","give-take","",""
"2718","6744a100477ed8db19cf37cf","control_Similar","99","SimilarControl","get","obtain","get-obtain","",""
"2719","6744a100477ed8db19cf37cf","control_Dissimilar","0","DissimilarControl","come","go","come-go","",""
"2720","6744a100477ed8db19cf37cf","test_ValenceMatch_Positive","26","ValenceMatchingOnly","music","joy","music-joy","ConcreteMismatch","PositiveMatch"
"2721","6744a100477ed8db19cf37cf","test_ConceptualMatch_Concrete","0","ConceptualMatchingOnly","fireplace","injury","fireplace-injury","ConceptualMatch:concrete","PositiveMismatch"
"2722","6744a100477ed8db19cf37cf","control_MaxMatch_Negative_Concrete","7","MaxMatch","smoke","injury","smoke-injury","ConcreteMatch","NegativeMatch"
"2723","6744a100477ed8db19cf37cf","control_MaxMatch_Positive_Abstract","96","MaxMatch","love","kindness","love-kindness","AbstractMatch","PositiveMatch"
"2724","6744a100477ed8db19cf37cf","test_ValenceMatch_Negative","15","ValenceMatchingOnly","failure","mud","failure-mud","AbstractMismatch","NegativeMatch"
"2725","6744a100477ed8db19cf37cf","test_ConceptualMatch_Abstract","0","ConceptualMatchingOnly","shame","happiness","shame-happiness","ConceptualMatch:abstract","NegativeMismatch"
"2726","6744a100477ed8db19cf37cf","control_MaxMatch_Negative_Abstract","0","MaxMatch","lonliness","envy","lonliness-envy","AbstractMatch","NegativeMatch"
"2727","6744a100477ed8db19cf37cf","control_Similar","99","SimilarControl","end","finish","end-finish","",""
"2728","6744a100477ed8db19cf37cf","control_MaxMatch_Positive_Concrete","14","MaxMatch","rain","fireplace","rain-fireplace","ConcreteMatch","PositiveMatch"
"2729","6744a100477ed8db19cf37cf","control_MaxMismatch","8","MaxMismatch","happiness","rust","happiness-rust","AbstractMismatch","PositiveMismatch"
"2730","6744a100477ed8db19cf37cf","control_Dissimilar","0","DissimilarControl","rise","fall","rise-fall","",""
"2731","67f02740d233a50f479c4e20","control_Similar","96","SimilarControl","ask","inquire","ask-inquire","",""
"2732","67f02740d233a50f479c4e20","control_Dissimilar","0","DissimilarControl","enter","exit","enter-exit","",""
"2733","67f02740d233a50f479c4e20","control_MaxMatch_Positive_Abstract","83","MaxMatch","kindness","happiness","kindness-happiness","AbstractMatch","PositiveMatch"
"2734","67f02740d233a50f479c4e20","test_ValenceMatch_Positive","11","ValenceMatchingOnly","chocolate","compassion","chocolate-compassion","ConcreteMismatch","PositiveMatch"
"2735","67f02740d233a50f479c4e20","test_ConceptualMatch_Concrete","5","ConceptualMatchingOnly","rain","smoke","rain-smoke","ConceptualMatch:concrete","PositiveMismatch"
"2736","67f02740d233a50f479c4e20","control_MaxMatch_Positive_Concrete","9","MaxMatch","beach","home","beach-home","ConcreteMatch","PositiveMatch"
"2737","67f02740d233a50f479c4e20","control_Similar","90","SimilarControl","begin","start","begin-start","",""
"2738","67f02740d233a50f479c4e20","test_ConceptualMatch_Abstract","1","ConceptualMatchingOnly","anxiety","happiness","anxiety-happiness","ConceptualMatch:abstract","NegativeMismatch"
"2739","67f02740d233a50f479c4e20","control_Dissimilar","2","DissimilarControl","increase","decrease","increase-decrease","",""
"2740","67f02740d233a50f479c4e20","control_MaxMatch_Negative_Concrete","51","MaxMatch","rot","mud","rot-mud","ConcreteMatch","NegativeMatch"
"2741","67f02740d233a50f479c4e20","control_MaxMismatch","0","MaxMismatch","gratitude","filth","gratitude-filth","AbstractMismatch","PositiveMismatch"
"2742","67f02740d233a50f479c4e20","test_ValenceMatch_Negative","77","ValenceMatchingOnly","shame","stench","shame-stench","AbstractMismatch","NegativeMatch"
"2743","67f02740d233a50f479c4e20","control_MaxMatch_Negative_Abstract","32","MaxMatch","lonliness","resentment","lonliness-resentment","AbstractMatch","NegativeMatch"
"2744","67f02740d233a50f479c4e20","control_Similar","87","SimilarControl","end","finish","end-finish","",""
"2745","67f02740d233a50f479c4e20","control_Dissimilar","0","DissimilarControl","open","close","open-close","",""
"2746","67f02740d233a50f479c4e20","control_MaxMatch_Positive_Abstract","78","MaxMatch","peace","kindness","peace-kindness","AbstractMatch","PositiveMatch"
"2747","67f02740d233a50f479c4e20","test_ValenceMatch_Positive","82","ValenceMatchingOnly","laughter","happiness","laughter-happiness","ConcreteMismatch","PositiveMatch"
"2748","67f02740d233a50f479c4e20","test_ConceptualMatch_Concrete","21","ConceptualMatchingOnly","beach","garbage","beach-garbage","ConceptualMatch:concrete","PositiveMismatch"
"2749","67f02740d233a50f479c4e20","control_MaxMatch_Positive_Concrete","61","MaxMatch","laughter","flowers","laughter-flowers","ConcreteMatch","PositiveMatch"
"2750","67f02740d233a50f479c4e20","control_Similar","99","SimilarControl","help","assist","help-assist","",""
"2751","67f02740d233a50f479c4e20","test_ConceptualMatch_Abstract","20","ConceptualMatchingOnly","guilt","hope","guilt-hope","ConceptualMatch:abstract","NegativeMismatch"
"2752","67f02740d233a50f479c4e20","control_Dissimilar","7","DissimilarControl","add","remove","add-remove","",""
"2753","67f02740d233a50f479c4e20","control_MaxMatch_Negative_Concrete","96","MaxMatch","rot","filth","rot-filth","ConcreteMatch","NegativeMatch"
"2754","67f02740d233a50f479c4e20","control_MaxMismatch","7","MaxMismatch","peace","vomit","peace-vomit","AbstractMismatch","PositiveMismatch"
"2755","67f02740d233a50f479c4e20","test_ValenceMatch_Negative","32","ValenceMatchingOnly","shame","rust","shame-rust","AbstractMismatch","NegativeMatch"
"2756","67f02740d233a50f479c4e20","control_MaxMatch_Negative_Abstract","82","MaxMatch","regret","shame","regret-shame","AbstractMatch","NegativeMatch"
"2757","67f02740d233a50f479c4e20","control_Similar","96","SimilarControl","buy","purchase","buy-purchase","",""
"2758","67f02740d233a50f479c4e20","control_Dissimilar","0","DissimilarControl","rise","fall","rise-fall","",""
"2759","67f02740d233a50f479c4e20","control_MaxMatch_Positive_Abstract","92","MaxMatch","love","freedom","love-freedom","AbstractMatch","PositiveMatch"
"2760","67f02740d233a50f479c4e20","test_ValenceMatch_Positive","66","ValenceMatchingOnly","chocolate","love","chocolate-love","ConcreteMismatch","PositiveMatch"
"2761","67f02740d233a50f479c4e20","test_ConceptualMatch_Concrete","80","ConceptualMatchingOnly","rain","mud","rain-mud","ConceptualMatch:concrete","PositiveMismatch"
"2762","67f02740d233a50f479c4e20","control_MaxMatch_Positive_Concrete","57","MaxMatch","hug","fireplace","hug-fireplace","ConcreteMatch","PositiveMatch"
"2763","67f02740d233a50f479c4e20","control_Similar","63","SimilarControl","use","employ","use-employ","",""
"2764","67f02740d233a50f479c4e20","test_ConceptualMatch_Abstract","14","ConceptualMatchingOnly","guilt","joy","guilt-joy","ConceptualMatch:abstract","NegativeMismatch"
"2765","67f02740d233a50f479c4e20","control_Dissimilar","2","DissimilarControl","give","take","give-take","",""
"2766","67f02740d233a50f479c4e20","control_MaxMatch_Negative_Concrete","67","MaxMatch","mud","rust","mud-rust","ConcreteMatch","NegativeMatch"
"2767","67f02740d233a50f479c4e20","control_MaxMismatch","15","MaxMismatch","compassion","stench","compassion-stench","AbstractMismatch","PositiveMismatch"
"2768","67f02740d233a50f479c4e20","test_ValenceMatch_Negative","71","ValenceMatchingOnly","despair","filth","despair-filth","AbstractMismatch","NegativeMatch"
"2769","67f02740d233a50f479c4e20","control_MaxMatch_Negative_Abstract","70","MaxMatch","failure","envy","failure-envy","AbstractMatch","NegativeMatch"
"2770","67f02740d233a50f479c4e20","control_Similar","94","SimilarControl","speak","talk","speak-talk","",""
"2771","67f02740d233a50f479c4e20","control_Dissimilar","0","DissimilarControl","come","go","come-go","",""
"2772","67f02740d233a50f479c4e20","control_MaxMatch_Positive_Abstract","95","MaxMatch","love","joy","love-joy","AbstractMatch","PositiveMatch"
"2773","67f02740d233a50f479c4e20","test_ValenceMatch_Positive","88","ValenceMatchingOnly","flowers","compassion","flowers-compassion","ConcreteMismatch","PositiveMatch"
"2774","67f02740d233a50f479c4e20","test_ConceptualMatch_Concrete","15","ConceptualMatchingOnly","laughter","injury","laughter-injury","ConceptualMatch:concrete","PositiveMismatch"
"2775","67f02740d233a50f479c4e20","control_MaxMatch_Positive_Concrete","61","MaxMatch","sunshine","fireplace","sunshine-fireplace","ConcreteMatch","PositiveMatch"
"2776","67f02740d233a50f479c4e20","control_Similar","92","SimilarControl","show","display","show-display","",""
"2777","67f02740d233a50f479c4e20","test_ConceptualMatch_Abstract","0","ConceptualMatchingOnly","despair","freedom","despair-freedom","ConceptualMatch:abstract","NegativeMismatch"
"2778","67f02740d233a50f479c4e20","control_Dissimilar","0","DissimilarControl","begin","end","begin-end","",""
"2779","67f02740d233a50f479c4e20","control_MaxMatch_Negative_Concrete","89","MaxMatch","mud","filth","mud-filth","ConcreteMatch","NegativeMatch"
"2780","67f02740d233a50f479c4e20","control_MaxMismatch","6","MaxMismatch","hope","garbage","hope-garbage","AbstractMismatch","PositiveMismatch"
"2781","67f02740d233a50f479c4e20","test_ValenceMatch_Negative","69","ValenceMatchingOnly","resentment","rust","resentment-rust","AbstractMismatch","NegativeMatch"
"2782","67f02740d233a50f479c4e20","control_MaxMatch_Negative_Abstract","73","MaxMatch","lonliness","shame","lonliness-shame","AbstractMatch","NegativeMatch"
"2783","67f02740d233a50f479c4e20","control_Similar","92","SimilarControl","get","obtain","get-obtain","",""
"2784","67f02740d233a50f479c4e20","control_Dissimilar","0","DissimilarControl","push","pull","push-pull","",""
"2785","67f02740d233a50f479c4e20","control_MaxMatch_Positive_Abstract","84","MaxMatch","happiness","compassion","happiness-compassion","AbstractMatch","PositiveMatch"
"2786","67f02740d233a50f479c4e20","test_ValenceMatch_Positive","86","ValenceMatchingOnly","laughter","inspiration","laughter-inspiration","ConcreteMismatch","PositiveMatch"
"2787","67f02740d233a50f479c4e20","test_ConceptualMatch_Concrete","59","ConceptualMatchingOnly","sunshine","rust","sunshine-rust","ConceptualMatch:concrete","PositiveMismatch"
"2788","67f02740d233a50f479c4e20","control_MaxMatch_Positive_Concrete","59","MaxMatch","hug","rain","hug-rain","ConcreteMatch","PositiveMatch"
"2789","67f02740d233a50f479c4e20","control_Similar","95","SimilarControl","need","require","need-require","",""
"2790","67f02740d233a50f479c4e20","test_ConceptualMatch_Abstract","0","ConceptualMatchingOnly","grief","happiness","grief-happiness","ConceptualMatch:abstract","NegativeMismatch"
"2791","67f02740d233a50f479c4e20","control_Dissimilar","2","DissimilarControl","arrive","leave","arrive-leave","",""
"2792","67f02740d233a50f479c4e20","control_MaxMatch_Negative_Concrete","58","MaxMatch","rot","mold","rot-mold","ConcreteMatch","NegativeMatch"
"2793","67f02740d233a50f479c4e20","control_MaxMismatch","2","MaxMismatch","kindness","garbage","kindness-garbage","AbstractMismatch","PositiveMismatch"
"2794","67f02740d233a50f479c4e20","test_ValenceMatch_Negative","63","ValenceMatchingOnly","grief","rust","grief-rust","AbstractMismatch","NegativeMatch"
"2795","67f02740d233a50f479c4e20","control_MaxMatch_Negative_Abstract","76","MaxMatch","shame","envy","shame-envy","AbstractMatch","NegativeMatch"
"2796","663299ea88551960f4132bb7","control_Dissimilar","0","DissimilarControl","come","go","come-go","",""
"2797","663299ea88551960f4132bb7","control_Similar","99","SimilarControl","speak","talk","speak-talk","",""
"2798","663299ea88551960f4132bb7","test_ValenceMatch_Positive","36","ValenceMatchingOnly","hug","freedom","hug-freedom","ConcreteMismatch","PositiveMatch"
"2799","663299ea88551960f4132bb7","control_Dissimilar","0","DissimilarControl","begin","end","begin-end","",""
"2800","663299ea88551960f4132bb7","test_ConceptualMatch_Abstract","0","ConceptualMatchingOnly","regret","love","regret-love","ConceptualMatch:abstract","NegativeMismatch"
"2801","663299ea88551960f4132bb7","control_MaxMatch_Negative_Concrete","44","MaxMatch","vomit","garbage","vomit-garbage","ConcreteMatch","NegativeMatch"
"2802","663299ea88551960f4132bb7","test_ConceptualMatch_Concrete","0","ConceptualMatchingOnly","home","rust","home-rust","ConceptualMatch:concrete","PositiveMismatch"
"2803","663299ea88551960f4132bb7","control_Similar","99","SimilarControl","buy","purchase","buy-purchase","",""
"2804","663299ea88551960f4132bb7","control_MaxMatch_Negative_Abstract","65","MaxMatch","lonliness","resentment","lonliness-resentment","AbstractMatch","NegativeMatch"
"2805","663299ea88551960f4132bb7","test_ValenceMatch_Negative","0","ValenceMatchingOnly","anxiety","stench","anxiety-stench","AbstractMismatch","NegativeMatch"
"2806","663299ea88551960f4132bb7","control_MaxMatch_Positive_Concrete","0","MaxMatch","music","chocolate","music-chocolate","ConcreteMatch","PositiveMatch"
"2807","663299ea88551960f4132bb7","control_MaxMatch_Positive_Abstract","82","MaxMatch","hope","peace","hope-peace","AbstractMatch","PositiveMatch"
"2808","663299ea88551960f4132bb7","control_MaxMismatch","0","MaxMismatch","freedom","smoke","freedom-smoke","AbstractMismatch","PositiveMismatch"
"2809","663299ea88551960f4132bb7","control_Dissimilar","0","DissimilarControl","increase","decrease","increase-decrease","",""
"2810","663299ea88551960f4132bb7","control_Similar","99","SimilarControl","help","assist","help-assist","",""
"2811","663299ea88551960f4132bb7","test_ValenceMatch_Positive","63","ValenceMatchingOnly","chocolate","happiness","chocolate-happiness","ConcreteMismatch","PositiveMatch"
"2812","663299ea88551960f4132bb7","control_Dissimilar","0","DissimilarControl","give","take","give-take","",""
"2813","663299ea88551960f4132bb7","test_ConceptualMatch_Abstract","24","ConceptualMatchingOnly","regret","happiness","regret-happiness","ConceptualMatch:abstract","NegativeMismatch"
"2814","663299ea88551960f4132bb7","control_MaxMatch_Negative_Concrete","53","MaxMatch","mold","stench","mold-stench","ConcreteMatch","NegativeMatch"
"2815","663299ea88551960f4132bb7","test_ConceptualMatch_Concrete","0","ConceptualMatchingOnly","sunshine","mold","sunshine-mold","ConceptualMatch:concrete","PositiveMismatch"
"2816","663299ea88551960f4132bb7","control_Similar","99","SimilarControl","show","display","show-display","",""
"2817","663299ea88551960f4132bb7","control_MaxMatch_Negative_Abstract","0","MaxMatch","resentment","envy","resentment-envy","AbstractMatch","NegativeMatch"
"2818","663299ea88551960f4132bb7","test_ValenceMatch_Negative","0","ValenceMatchingOnly","failure","garbage","failure-garbage","AbstractMismatch","NegativeMatch"
"2819","663299ea88551960f4132bb7","control_MaxMatch_Positive_Concrete","0","MaxMatch","sunshine","home","sunshine-home","ConcreteMatch","PositiveMatch"
"2820","663299ea88551960f4132bb7","control_MaxMatch_Positive_Abstract","70","MaxMatch","joy","kindness","joy-kindness","AbstractMatch","PositiveMatch"
"2821","663299ea88551960f4132bb7","control_MaxMismatch","0","MaxMismatch","freedom","garbage","freedom-garbage","AbstractMismatch","PositiveMismatch"
"2822","663299ea88551960f4132bb7","control_Dissimilar","0","DissimilarControl","add","remove","add-remove","",""
"2823","663299ea88551960f4132bb7","control_Similar","80","SimilarControl","use","employ","use-employ","",""
"2824","663299ea88551960f4132bb7","test_ValenceMatch_Positive","25","ValenceMatchingOnly","music","compassion","music-compassion","ConcreteMismatch","PositiveMatch"
"2825","663299ea88551960f4132bb7","control_Dissimilar","0","DissimilarControl","push","pull","push-pull","",""
"2826","663299ea88551960f4132bb7","test_ConceptualMatch_Abstract","0","ConceptualMatchingOnly","grief","compassion","grief-compassion","ConceptualMatch:abstract","NegativeMismatch"
"2827","663299ea88551960f4132bb7","control_MaxMatch_Negative_Concrete","82","MaxMatch","mold","filth","mold-filth","ConcreteMatch","NegativeMatch"
"2828","663299ea88551960f4132bb7","test_ConceptualMatch_Concrete","0","ConceptualMatchingOnly","fireplace","mold","fireplace-mold","ConceptualMatch:concrete","PositiveMismatch"
"2829","663299ea88551960f4132bb7","control_Similar","99","SimilarControl","end","finish","end-finish","",""
"2830","663299ea88551960f4132bb7","control_MaxMatch_Negative_Abstract","0","MaxMatch","grief","envy","grief-envy","AbstractMatch","NegativeMatch"
"2831","663299ea88551960f4132bb7","test_ValenceMatch_Negative","0","ValenceMatchingOnly","despair","mold","despair-mold","AbstractMismatch","NegativeMatch"
"2832","663299ea88551960f4132bb7","control_MaxMatch_Positive_Concrete","0","MaxMatch","chocolate","fireplace","chocolate-fireplace","ConcreteMatch","PositiveMatch"
"2833","663299ea88551960f4132bb7","control_MaxMatch_Positive_Abstract","80","MaxMatch","love","joy","love-joy","AbstractMatch","PositiveMatch"
"2834","663299ea88551960f4132bb7","control_MaxMismatch","0","MaxMismatch","joy","smoke","joy-smoke","AbstractMismatch","PositiveMismatch"
"2835","663299ea88551960f4132bb7","control_Dissimilar","0","DissimilarControl","rise","fall","rise-fall","",""
"2836","663299ea88551960f4132bb7","control_Similar","99","SimilarControl","begin","start","begin-start","",""
"2837","663299ea88551960f4132bb7","test_ValenceMatch_Positive","36","ValenceMatchingOnly","flowers","hope","flowers-hope","ConcreteMismatch","PositiveMatch"
"2838","663299ea88551960f4132bb7","control_Dissimilar","0","DissimilarControl","enter","exit","enter-exit","",""
"2839","663299ea88551960f4132bb7","test_ConceptualMatch_Abstract","0","ConceptualMatchingOnly","grief","hope","grief-hope","ConceptualMatch:abstract","NegativeMismatch"
"2840","663299ea88551960f4132bb7","control_MaxMatch_Negative_Concrete","74","MaxMatch","garbage","mold","garbage-mold","ConcreteMatch","NegativeMatch"
"2841","663299ea88551960f4132bb7","test_ConceptualMatch_Concrete","22","ConceptualMatchingOnly","fireplace","stench","fireplace-stench","ConceptualMatch:concrete","PositiveMismatch"
"2842","663299ea88551960f4132bb7","control_Similar","99","SimilarControl","get","obtain","get-obtain","",""
"2843","663299ea88551960f4132bb7","control_MaxMatch_Negative_Abstract","67","MaxMatch","resentment","failure","resentment-failure","AbstractMatch","NegativeMatch"
"2844","663299ea88551960f4132bb7","test_ValenceMatch_Negative","0","ValenceMatchingOnly","shame","rust","shame-rust","AbstractMismatch","NegativeMatch"
"2845","663299ea88551960f4132bb7","control_MaxMatch_Positive_Concrete","0","MaxMatch","music","home","music-home","ConcreteMatch","PositiveMatch"
"2846","663299ea88551960f4132bb7","control_MaxMatch_Positive_Abstract","68","MaxMatch","kindness","happiness","kindness-happiness","AbstractMatch","PositiveMatch"
"2847","663299ea88551960f4132bb7","control_MaxMismatch","0","MaxMismatch","inspiration","stench","inspiration-stench","AbstractMismatch","PositiveMismatch"
"2848","663299ea88551960f4132bb7","control_Dissimilar","0","DissimilarControl","arrive","leave","arrive-leave","",""
"2849","663299ea88551960f4132bb7","control_Similar","99","SimilarControl","need","require","need-require","",""
"2850","663299ea88551960f4132bb7","test_ValenceMatch_Positive","78","ValenceMatchingOnly","hug","joy","hug-joy","ConcreteMismatch","PositiveMatch"
"2851","663299ea88551960f4132bb7","control_Dissimilar","0","DissimilarControl","open","close","open-close","",""
"2852","663299ea88551960f4132bb7","test_ConceptualMatch_Abstract","24","ConceptualMatchingOnly","envy","hope","envy-hope","ConceptualMatch:abstract","NegativeMismatch"
"2853","663299ea88551960f4132bb7","control_MaxMatch_Negative_Concrete","0","MaxMatch","smoke","rot","smoke-rot","ConcreteMatch","NegativeMatch"
"2854","663299ea88551960f4132bb7","test_ConceptualMatch_Concrete","0","ConceptualMatchingOnly","beach","rust","beach-rust","ConceptualMatch:concrete","PositiveMismatch"
"2855","663299ea88551960f4132bb7","control_Similar","99","SimilarControl","ask","inquire","ask-inquire","",""
"2856","663299ea88551960f4132bb7","control_MaxMatch_Negative_Abstract","70","MaxMatch","guilt","failure","guilt-failure","AbstractMatch","NegativeMatch"
"2857","663299ea88551960f4132bb7","test_ValenceMatch_Negative","0","ValenceMatchingOnly","despair","mud","despair-mud","AbstractMismatch","NegativeMatch"
"2858","663299ea88551960f4132bb7","control_MaxMatch_Positive_Concrete","0","MaxMatch","rain","fireplace","rain-fireplace","ConcreteMatch","PositiveMatch"
"2859","663299ea88551960f4132bb7","control_MaxMatch_Positive_Abstract","65","MaxMatch","love","compassion","love-compassion","AbstractMatch","PositiveMatch"
"2860","663299ea88551960f4132bb7","control_MaxMismatch","0","MaxMismatch","happiness","garbage","happiness-garbage","AbstractMismatch","PositiveMismatch"
"2861","672e86a538b9e142805a426e","control_Dissimilar","0","DissimilarControl","push","pull","push-pull","",""
"2862","672e86a538b9e142805a426e","control_Similar","99","SimilarControl","help","assist","help-assist","",""
"2863","672e86a538b9e142805a426e","control_Dissimilar","0","DissimilarControl","give","take","give-take","",""
"2864","672e86a538b9e142805a426e","test_ValenceMatch_Positive","53","ValenceMatchingOnly","music","hope","music-hope","ConcreteMismatch","PositiveMatch"
"2865","672e86a538b9e142805a426e","control_MaxMismatch","48","MaxMismatch","kindness","vomit","kindness-vomit","AbstractMismatch","PositiveMismatch"
"2866","672e86a538b9e142805a426e","test_ConceptualMatch_Abstract","52","ConceptualMatchingOnly","lonliness","love","lonliness-love","ConceptualMatch:abstract","NegativeMismatch"
"2867","672e86a538b9e142805a426e","control_MaxMatch_Negative_Abstract","47","MaxMatch","lonliness","shame","lonliness-shame","AbstractMatch","NegativeMatch"
"2868","672e86a538b9e142805a426e","control_MaxMatch_Negative_Concrete","46","MaxMatch","injury","stench","injury-stench","ConcreteMatch","NegativeMatch"
"2869","672e86a538b9e142805a426e","test_ConceptualMatch_Concrete","52","ConceptualMatchingOnly","laughter","rot","laughter-rot","ConceptualMatch:concrete","PositiveMismatch"
"2870","672e86a538b9e142805a426e","test_ValenceMatch_Negative","47","ValenceMatchingOnly","anxiety","mud","anxiety-mud","AbstractMismatch","NegativeMatch"
"2871","672e86a538b9e142805a426e","control_Similar","0","SimilarControl","begin","start","begin-start","",""
"2872","672e86a538b9e142805a426e","control_MaxMatch_Positive_Abstract","56","MaxMatch","freedom","gratitude","freedom-gratitude","AbstractMatch","PositiveMatch"
"2873","672e86a538b9e142805a426e","control_MaxMatch_Positive_Concrete","49","MaxMatch","home","chocolate","home-chocolate","ConcreteMatch","PositiveMatch"
"2874","672e86a538b9e142805a426e","control_Dissimilar","0","DissimilarControl","arrive","leave","arrive-leave","",""
"2875","672e86a538b9e142805a426e","control_Similar","99","SimilarControl","end","finish","end-finish","",""
"2876","672e86a538b9e142805a426e","control_Dissimilar","0","DissimilarControl","begin","end","begin-end","",""
"2877","672e86a538b9e142805a426e","test_ValenceMatch_Positive","48","ValenceMatchingOnly","laughter","freedom","laughter-freedom","ConcreteMismatch","PositiveMatch"
"2878","672e86a538b9e142805a426e","control_MaxMismatch","53","MaxMismatch","love","mud","love-mud","AbstractMismatch","PositiveMismatch"
"2879","672e86a538b9e142805a426e","test_ConceptualMatch_Abstract","45","ConceptualMatchingOnly","guilt","inspiration","guilt-inspiration","ConceptualMatch:abstract","NegativeMismatch"
"2880","672e86a538b9e142805a426e","control_MaxMatch_Negative_Abstract","54","MaxMatch","guilt","resentment","guilt-resentment","AbstractMatch","NegativeMatch"
"2881","672e86a538b9e142805a426e","control_MaxMatch_Negative_Concrete","52","MaxMatch","smoke","rust","smoke-rust","ConcreteMatch","NegativeMatch"
"2882","672e86a538b9e142805a426e","test_ConceptualMatch_Concrete","48","ConceptualMatchingOnly","laughter","filth","laughter-filth","ConceptualMatch:concrete","PositiveMismatch"
"2883","672e86a538b9e142805a426e","test_ValenceMatch_Negative","49","ValenceMatchingOnly","guilt","rot","guilt-rot","AbstractMismatch","NegativeMatch"
"2884","672e86a538b9e142805a426e","control_Similar","99","SimilarControl","get","obtain","get-obtain","",""
"2885","672e86a538b9e142805a426e","control_MaxMatch_Positive_Abstract","99","MaxMatch","kindness","compassion","kindness-compassion","AbstractMatch","PositiveMatch"
"2886","672e86a538b9e142805a426e","control_MaxMatch_Positive_Concrete","42","MaxMatch","beach","rain","beach-rain","ConcreteMatch","PositiveMatch"
"2887","672e86a538b9e142805a426e","control_Dissimilar","0","DissimilarControl","enter","exit","enter-exit","",""
"2888","672e86a538b9e142805a426e","control_Similar","99","SimilarControl","show","display","show-display","",""
"2889","672e86a538b9e142805a426e","control_Dissimilar","0","DissimilarControl","open","close","open-close","",""
"2890","672e86a538b9e142805a426e","test_ValenceMatch_Positive","45","ValenceMatchingOnly","flowers","love","flowers-love","ConcreteMismatch","PositiveMatch"
"2891","672e86a538b9e142805a426e","control_MaxMismatch","52","MaxMismatch","happiness","rot","happiness-rot","AbstractMismatch","PositiveMismatch"
"2892","672e86a538b9e142805a426e","test_ConceptualMatch_Abstract","53","ConceptualMatchingOnly","anxiety","compassion","anxiety-compassion","ConceptualMatch:abstract","NegativeMismatch"
"2893","672e86a538b9e142805a426e","control_MaxMatch_Negative_Abstract","69","MaxMatch","despair","guilt","despair-guilt","AbstractMatch","NegativeMatch"
"2894","672e86a538b9e142805a426e","control_MaxMatch_Negative_Concrete","47","MaxMatch","vomit","injury","vomit-injury","ConcreteMatch","NegativeMatch"
"2895","672e86a538b9e142805a426e","test_ConceptualMatch_Concrete","49","ConceptualMatchingOnly","home","rot","home-rot","ConceptualMatch:concrete","PositiveMismatch"
"2896","672e86a538b9e142805a426e","test_ValenceMatch_Negative","56","ValenceMatchingOnly","envy","stench","envy-stench","AbstractMismatch","NegativeMatch"
"2897","672e86a538b9e142805a426e","control_Similar","99","SimilarControl","ask","inquire","ask-inquire","",""
"2898","672e86a538b9e142805a426e","control_MaxMatch_Positive_Abstract","49","MaxMatch","freedom","compassion","freedom-compassion","AbstractMatch","PositiveMatch"
"2899","672e86a538b9e142805a426e","control_MaxMatch_Positive_Concrete","57","MaxMatch","laughter","hug","laughter-hug","ConcreteMatch","PositiveMatch"
"2900","672e86a538b9e142805a426e","control_Dissimilar","0","DissimilarControl","rise","fall","rise-fall","",""
"2901","672e86a538b9e142805a426e","control_Similar","99","SimilarControl","need","require","need-require","",""
"2902","672e86a538b9e142805a426e","control_Dissimilar","0","DissimilarControl","increase","decrease","increase-decrease","",""
"2903","672e86a538b9e142805a426e","test_ValenceMatch_Positive","51","ValenceMatchingOnly","beach","joy","beach-joy","ConcreteMismatch","PositiveMatch"
"2904","672e86a538b9e142805a426e","control_MaxMismatch","49","MaxMismatch","kindness","mold","kindness-mold","AbstractMismatch","PositiveMismatch"
"2905","672e86a538b9e142805a426e","test_ConceptualMatch_Abstract","53","ConceptualMatchingOnly","failure","love","failure-love","ConceptualMatch:abstract","NegativeMismatch"
"2906","672e86a538b9e142805a426e","control_MaxMatch_Negative_Abstract","46","MaxMatch","lonliness","guilt","lonliness-guilt","AbstractMatch","NegativeMatch"
"2907","672e86a538b9e142805a426e","control_MaxMatch_Negative_Concrete","51","MaxMatch","vomit","filth","vomit-filth","ConcreteMatch","NegativeMatch"
"2908","672e86a538b9e142805a426e","test_ConceptualMatch_Concrete","44","ConceptualMatchingOnly","laughter","smoke","laughter-smoke","ConceptualMatch:concrete","PositiveMismatch"
"2909","672e86a538b9e142805a426e","test_ValenceMatch_Negative","55","ValenceMatchingOnly","envy","filth","envy-filth","AbstractMismatch","NegativeMatch"
"2910","672e86a538b9e142805a426e","control_Similar","99","SimilarControl","use","employ","use-employ","",""
"2911","672e86a538b9e142805a426e","control_MaxMatch_Positive_Abstract","46","MaxMatch","joy","gratitude","joy-gratitude","AbstractMatch","PositiveMatch"
"2912","672e86a538b9e142805a426e","control_MaxMatch_Positive_Concrete","53","MaxMatch","rain","chocolate","rain-chocolate","ConcreteMatch","PositiveMatch"
"2913","672e86a538b9e142805a426e","control_Dissimilar","0","DissimilarControl","come","go","come-go","",""
"2914","672e86a538b9e142805a426e","control_Similar","99","SimilarControl","speak","talk","speak-talk","",""
"2915","672e86a538b9e142805a426e","control_Dissimilar","0","DissimilarControl","add","remove","add-remove","",""
"2916","672e86a538b9e142805a426e","test_ValenceMatch_Positive","47","ValenceMatchingOnly","home","freedom","home-freedom","ConcreteMismatch","PositiveMatch"
"2917","672e86a538b9e142805a426e","control_MaxMismatch","51","MaxMismatch","peace","rust","peace-rust","AbstractMismatch","PositiveMismatch"
"2918","672e86a538b9e142805a426e","test_ConceptualMatch_Abstract","0","ConceptualMatchingOnly","resentment","happiness","resentment-happiness","ConceptualMatch:abstract","NegativeMismatch"
"2919","672e86a538b9e142805a426e","control_MaxMatch_Negative_Abstract","77","MaxMatch","guilt","shame","guilt-shame","AbstractMatch","NegativeMatch"
"2920","672e86a538b9e142805a426e","control_MaxMatch_Negative_Concrete","42","MaxMatch","smoke","mud","smoke-mud","ConcreteMatch","NegativeMatch"
"2921","672e86a538b9e142805a426e","test_ConceptualMatch_Concrete","39","ConceptualMatchingOnly","sunshine","vomit","sunshine-vomit","ConceptualMatch:concrete","PositiveMismatch"
"2922","672e86a538b9e142805a426e","test_ValenceMatch_Negative","39","ValenceMatchingOnly","despair","vomit","despair-vomit","AbstractMismatch","NegativeMatch"
"2923","672e86a538b9e142805a426e","control_Similar","99","SimilarControl","buy","purchase","buy-purchase","",""
"2924","672e86a538b9e142805a426e","control_MaxMatch_Positive_Abstract","56","MaxMatch","love","hope","love-hope","AbstractMatch","PositiveMatch"
"2925","672e86a538b9e142805a426e","control_MaxMatch_Positive_Concrete","48","MaxMatch","chocolate","fireplace","chocolate-fireplace","ConcreteMatch","PositiveMatch"
"2926","5f285dc5b09b3715fa20a14c","control_Similar","99","SimilarControl","end","finish","end-finish","",""
"2927","5f285dc5b09b3715fa20a14c","control_Dissimilar","0","DissimilarControl","add","remove","add-remove","",""
"2928","5f285dc5b09b3715fa20a14c","control_Similar","99","SimilarControl","use","employ","use-employ","",""
"2929","5f285dc5b09b3715fa20a14c","test_ConceptualMatch_Concrete","0","ConceptualMatchingOnly","chocolate","rust","chocolate-rust","ConceptualMatch:concrete","PositiveMismatch"
"2930","5f285dc5b09b3715fa20a14c","test_ValenceMatch_Positive","0","ValenceMatchingOnly","home","compassion","home-compassion","ConcreteMismatch","PositiveMatch"
"2931","5f285dc5b09b3715fa20a14c","control_Dissimilar","0","DissimilarControl","enter","exit","enter-exit","",""
"2932","5f285dc5b09b3715fa20a14c","control_MaxMatch_Negative_Abstract","7","MaxMatch","regret","resentment","regret-resentment","AbstractMatch","NegativeMatch"
"2933","5f285dc5b09b3715fa20a14c","control_MaxMatch_Positive_Concrete","0","MaxMatch","laughter","fireplace","laughter-fireplace","ConcreteMatch","PositiveMatch"
"2934","5f285dc5b09b3715fa20a14c","test_ConceptualMatch_Abstract","15","ConceptualMatchingOnly","grief","compassion","grief-compassion","ConceptualMatch:abstract","NegativeMismatch"
"2935","5f285dc5b09b3715fa20a14c","control_MaxMatch_Negative_Concrete","26","MaxMatch","rot","garbage","rot-garbage","ConcreteMatch","NegativeMatch"
"2936","5f285dc5b09b3715fa20a14c","test_ValenceMatch_Negative","0","ValenceMatchingOnly","lonliness","filth","lonliness-filth","AbstractMismatch","NegativeMatch"
"2937","5f285dc5b09b3715fa20a14c","control_MaxMatch_Positive_Abstract","0","MaxMatch","freedom","compassion","freedom-compassion","AbstractMatch","PositiveMatch"
"2938","5f285dc5b09b3715fa20a14c","control_MaxMismatch","0","MaxMismatch","compassion","mold","compassion-mold","AbstractMismatch","PositiveMismatch"
"2939","5f285dc5b09b3715fa20a14c","control_Similar","99","SimilarControl","get","obtain","get-obtain","",""
"2940","5f285dc5b09b3715fa20a14c","control_Dissimilar","0","DissimilarControl","push","pull","push-pull","",""
"2941","5f285dc5b09b3715fa20a14c","control_Similar","99","SimilarControl","show","display","show-display","",""
"2942","5f285dc5b09b3715fa20a14c","test_ConceptualMatch_Concrete","0","ConceptualMatchingOnly","sunshine","rust","sunshine-rust","ConceptualMatch:concrete","PositiveMismatch"
"2943","5f285dc5b09b3715fa20a14c","test_ValenceMatch_Positive","0","ValenceMatchingOnly","fireplace","compassion","fireplace-compassion","ConcreteMismatch","PositiveMatch"
"2944","5f285dc5b09b3715fa20a14c","control_Dissimilar","0","DissimilarControl","rise","fall","rise-fall","",""
"2945","5f285dc5b09b3715fa20a14c","control_MaxMatch_Negative_Abstract","22","MaxMatch","failure","shame","failure-shame","AbstractMatch","NegativeMatch"
"2946","5f285dc5b09b3715fa20a14c","control_MaxMatch_Positive_Concrete","0","MaxMatch","flowers","music","flowers-music","ConcreteMatch","PositiveMatch"
"2947","5f285dc5b09b3715fa20a14c","test_ConceptualMatch_Abstract","0","ConceptualMatchingOnly","shame","joy","shame-joy","ConceptualMatch:abstract","NegativeMismatch"
"2948","5f285dc5b09b3715fa20a14c","control_MaxMatch_Negative_Concrete","0","MaxMatch","mud","vomit","mud-vomit","ConcreteMatch","NegativeMatch"
"2949","5f285dc5b09b3715fa20a14c","test_ValenceMatch_Negative","0","ValenceMatchingOnly","resentment","rot","resentment-rot","AbstractMismatch","NegativeMatch"
"2950","5f285dc5b09b3715fa20a14c","control_MaxMatch_Positive_Abstract","21","MaxMatch","peace","compassion","peace-compassion","AbstractMatch","PositiveMatch"
"2951","5f285dc5b09b3715fa20a14c","control_MaxMismatch","0","MaxMismatch","kindness","garbage","kindness-garbage","AbstractMismatch","PositiveMismatch"
"2952","5f285dc5b09b3715fa20a14c","control_Similar","99","SimilarControl","help","assist","help-assist","",""
"2953","5f285dc5b09b3715fa20a14c","control_Dissimilar","0","DissimilarControl","increase","decrease","increase-decrease","",""
"2954","5f285dc5b09b3715fa20a14c","control_Similar","78","SimilarControl","need","require","need-require","",""
"2955","5f285dc5b09b3715fa20a14c","test_ConceptualMatch_Concrete","0","ConceptualMatchingOnly","flowers","rust","flowers-rust","ConceptualMatch:concrete","PositiveMismatch"
"2956","5f285dc5b09b3715fa20a14c","test_ValenceMatch_Positive","0","ValenceMatchingOnly","fireplace","kindness","fireplace-kindness","ConcreteMismatch","PositiveMatch"
"2957","5f285dc5b09b3715fa20a14c","control_Dissimilar","0","DissimilarControl","come","go","come-go","",""
"2958","5f285dc5b09b3715fa20a14c","control_MaxMatch_Negative_Abstract","0","MaxMatch","anxiety","shame","anxiety-shame","AbstractMatch","NegativeMatch"
"2959","5f285dc5b09b3715fa20a14c","control_MaxMatch_Positive_Concrete","0","MaxMatch","laughter","rain","laughter-rain","ConcreteMatch","PositiveMatch"
"2960","5f285dc5b09b3715fa20a14c","test_ConceptualMatch_Abstract","0","ConceptualMatchingOnly","regret","peace","regret-peace","ConceptualMatch:abstract","NegativeMismatch"
"2961","5f285dc5b09b3715fa20a14c","control_MaxMatch_Negative_Concrete","0","MaxMatch","mud","injury","mud-injury","ConcreteMatch","NegativeMatch"
"2962","5f285dc5b09b3715fa20a14c","test_ValenceMatch_Negative","0","ValenceMatchingOnly","grief","garbage","grief-garbage","AbstractMismatch","NegativeMatch"
"2963","5f285dc5b09b3715fa20a14c","control_MaxMatch_Positive_Abstract","0","MaxMatch","freedom","happiness","freedom-happiness","AbstractMatch","PositiveMatch"
"2964","5f285dc5b09b3715fa20a14c","control_MaxMismatch","0","MaxMismatch","joy","garbage","joy-garbage","AbstractMismatch","PositiveMismatch"
"2965","5f285dc5b09b3715fa20a14c","control_Similar","99","SimilarControl","buy","purchase","buy-purchase","",""
"2966","5f285dc5b09b3715fa20a14c","control_Dissimilar","0","DissimilarControl","begin","end","begin-end","",""
"2967","5f285dc5b09b3715fa20a14c","control_Similar","99","SimilarControl","ask","inquire","ask-inquire","",""
"2968","5f285dc5b09b3715fa20a14c","test_ConceptualMatch_Concrete","0","ConceptualMatchingOnly","chocolate","mud","chocolate-mud","ConceptualMatch:concrete","PositiveMismatch"
"2969","5f285dc5b09b3715fa20a14c","test_ValenceMatch_Positive","58","ValenceMatchingOnly","hug","love","hug-love","ConcreteMismatch","PositiveMatch"
"2970","5f285dc5b09b3715fa20a14c","control_Dissimilar","0","DissimilarControl","give","take","give-take","",""
"2971","5f285dc5b09b3715fa20a14c","control_MaxMatch_Negative_Abstract","0","MaxMatch","despair","failure","despair-failure","AbstractMatch","NegativeMatch"
"2972","5f285dc5b09b3715fa20a14c","control_MaxMatch_Positive_Concrete","0","MaxMatch","laughter","hug","laughter-hug","ConcreteMatch","PositiveMatch"
"2973","5f285dc5b09b3715fa20a14c","test_ConceptualMatch_Abstract","0","ConceptualMatchingOnly","despair","joy","despair-joy","ConceptualMatch:abstract","NegativeMismatch"
"2974","5f285dc5b09b3715fa20a14c","control_MaxMatch_Negative_Concrete","0","MaxMatch","vomit","garbage","vomit-garbage","ConcreteMatch","NegativeMatch"
"2975","5f285dc5b09b3715fa20a14c","test_ValenceMatch_Negative","0","ValenceMatchingOnly","shame","rot","shame-rot","AbstractMismatch","NegativeMatch"
"2976","5f285dc5b09b3715fa20a14c","control_MaxMatch_Positive_Abstract","99","MaxMatch","joy","gratitude","joy-gratitude","AbstractMatch","PositiveMatch"
"2977","5f285dc5b09b3715fa20a14c","control_MaxMismatch","0","MaxMismatch","inspiration","filth","inspiration-filth","AbstractMismatch","PositiveMismatch"
"2978","5f285dc5b09b3715fa20a14c","control_Similar","99","SimilarControl","speak","talk","speak-talk","",""
"2979","5f285dc5b09b3715fa20a14c","control_Dissimilar","0","DissimilarControl","open","close","open-close","",""
"2980","5f285dc5b09b3715fa20a14c","control_Similar","99","SimilarControl","begin","start","begin-start","",""
"2981","5f285dc5b09b3715fa20a14c","test_ConceptualMatch_Concrete","0","ConceptualMatchingOnly","beach","stench","beach-stench","ConceptualMatch:concrete","PositiveMismatch"
"2982","5f285dc5b09b3715fa20a14c","test_ValenceMatch_Positive","0","ValenceMatchingOnly","beach","compassion","beach-compassion","ConcreteMismatch","PositiveMatch"
"2983","5f285dc5b09b3715fa20a14c","control_Dissimilar","0","DissimilarControl","arrive","leave","arrive-leave","",""
"2984","5f285dc5b09b3715fa20a14c","control_MaxMatch_Negative_Abstract","65","MaxMatch","anxiety","grief","anxiety-grief","AbstractMatch","NegativeMatch"
"2985","5f285dc5b09b3715fa20a14c","control_MaxMatch_Positive_Concrete","0","MaxMatch","flowers","beach","flowers-beach","ConcreteMatch","PositiveMatch"
"2986","5f285dc5b09b3715fa20a14c","test_ConceptualMatch_Abstract","0","ConceptualMatchingOnly","resentment","hope","resentment-hope","ConceptualMatch:abstract","NegativeMismatch"
"2987","5f285dc5b09b3715fa20a14c","control_MaxMatch_Negative_Concrete","71","MaxMatch","stench","filth","stench-filth","ConcreteMatch","NegativeMatch"
"2988","5f285dc5b09b3715fa20a14c","test_ValenceMatch_Negative","0","ValenceMatchingOnly","lonliness","stench","lonliness-stench","AbstractMismatch","NegativeMatch"
"2989","5f285dc5b09b3715fa20a14c","control_MaxMatch_Positive_Abstract","0","MaxMatch","hope","freedom","hope-freedom","AbstractMatch","PositiveMatch"
"2990","5f285dc5b09b3715fa20a14c","control_MaxMismatch","0","MaxMismatch","happiness","mud","happiness-mud","AbstractMismatch","PositiveMismatch"
"2991","67e18d3d9ae271b1719712c3","control_Dissimilar","0","DissimilarControl","increase","decrease","increase-decrease","",""
"2992","67e18d3d9ae271b1719712c3","control_Similar","99","SimilarControl","end","finish","end-finish","",""
"2993","67e18d3d9ae271b1719712c3","test_ValenceMatch_Negative","0","ValenceMatchingOnly","guilt","mud","guilt-mud","AbstractMismatch","NegativeMatch"
"2994","67e18d3d9ae271b1719712c3","control_MaxMismatch","0","MaxMismatch","hope","injury","hope-injury","AbstractMismatch","PositiveMismatch"
"2995","67e18d3d9ae271b1719712c3","test_ConceptualMatch_Concrete","0","ConceptualMatchingOnly","fireplace","garbage","fireplace-garbage","ConceptualMatch:concrete","PositiveMismatch"
"2996","67e18d3d9ae271b1719712c3","control_MaxMatch_Positive_Abstract","0","MaxMatch","hope","freedom","hope-freedom","AbstractMatch","PositiveMatch"
"2997","67e18d3d9ae271b1719712c3","control_MaxMatch_Negative_Concrete","0","MaxMatch","smoke","stench","smoke-stench","ConcreteMatch","NegativeMatch"
"2998","67e18d3d9ae271b1719712c3","control_MaxMatch_Negative_Abstract","45","MaxMatch","regret","failure","regret-failure","AbstractMatch","NegativeMatch"
"2999","67e18d3d9ae271b1719712c3","test_ConceptualMatch_Abstract","0","ConceptualMatchingOnly","failure","gratitude","failure-gratitude","ConceptualMatch:abstract","NegativeMismatch"
"3000","67e18d3d9ae271b1719712c3","control_MaxMatch_Positive_Concrete","0","MaxMatch","music","home","music-home","ConcreteMatch","PositiveMatch"
"3001","67e18d3d9ae271b1719712c3","control_Dissimilar","0","DissimilarControl","come","go","come-go","",""
"3002","67e18d3d9ae271b1719712c3","control_Similar","99","SimilarControl","show","display","show-display","",""
"3003","67e18d3d9ae271b1719712c3","test_ValenceMatch_Positive","0","ValenceMatchingOnly","rain","inspiration","rain-inspiration","ConcreteMismatch","PositiveMatch"
"3004","67e18d3d9ae271b1719712c3","control_Dissimilar","0","DissimilarControl","add","remove","add-remove","",""
"3005","67e18d3d9ae271b1719712c3","control_Similar","99","SimilarControl","begin","start","begin-start","",""
"3006","67e18d3d9ae271b1719712c3","test_ValenceMatch_Negative","0","ValenceMatchingOnly","anxiety","stench","anxiety-stench","AbstractMismatch","NegativeMatch"
"3007","67e18d3d9ae271b1719712c3","control_MaxMismatch","0","MaxMismatch","happiness","mud","happiness-mud","AbstractMismatch","PositiveMismatch"
"3008","67e18d3d9ae271b1719712c3","test_ConceptualMatch_Concrete","0","ConceptualMatchingOnly","home","rust","home-rust","ConceptualMatch:concrete","PositiveMismatch"
"3009","67e18d3d9ae271b1719712c3","control_MaxMatch_Positive_Abstract","60","MaxMatch","love","kindness","love-kindness","AbstractMatch","PositiveMatch"
"3010","67e18d3d9ae271b1719712c3","control_MaxMatch_Negative_Concrete","55","MaxMatch","rot","rust","rot-rust","ConcreteMatch","NegativeMatch"
"3011","67e18d3d9ae271b1719712c3","control_MaxMatch_Negative_Abstract","53","MaxMatch","lonliness","envy","lonliness-envy","AbstractMatch","NegativeMatch"
"3012","67e18d3d9ae271b1719712c3","test_ConceptualMatch_Abstract","0","ConceptualMatchingOnly","envy","compassion","envy-compassion","ConceptualMatch:abstract","NegativeMismatch"
"3013","67e18d3d9ae271b1719712c3","control_MaxMatch_Positive_Concrete","0","MaxMatch","home","chocolate","home-chocolate","ConcreteMatch","PositiveMatch"
"3014","67e18d3d9ae271b1719712c3","control_Dissimilar","0","DissimilarControl","push","pull","push-pull","",""
"3015","67e18d3d9ae271b1719712c3","control_Similar","99","SimilarControl","get","obtain","get-obtain","",""
"3016","67e18d3d9ae271b1719712c3","test_ValenceMatch_Positive","0","ValenceMatchingOnly","sunshine","compassion","sunshine-compassion","ConcreteMismatch","PositiveMatch"
"3017","67e18d3d9ae271b1719712c3","control_Dissimilar","0","DissimilarControl","rise","fall","rise-fall","",""
"3018","67e18d3d9ae271b1719712c3","control_Similar","99","SimilarControl","help","assist","help-assist","",""
"3019","67e18d3d9ae271b1719712c3","test_ValenceMatch_Negative","12","ValenceMatchingOnly","despair","garbage","despair-garbage","AbstractMismatch","NegativeMatch"
"3020","67e18d3d9ae271b1719712c3","control_MaxMismatch","0","MaxMismatch","joy","mud","joy-mud","AbstractMismatch","PositiveMismatch"
"3021","67e18d3d9ae271b1719712c3","test_ConceptualMatch_Concrete","0","ConceptualMatchingOnly","rain","rust","rain-rust","ConceptualMatch:concrete","PositiveMismatch"
"3022","67e18d3d9ae271b1719712c3","control_MaxMatch_Positive_Abstract","60","MaxMatch","peace","freedom","peace-freedom","AbstractMatch","PositiveMatch"
"3023","67e18d3d9ae271b1719712c3","control_MaxMatch_Negative_Concrete","29","MaxMatch","rust","mold","rust-mold","ConcreteMatch","NegativeMatch"
"3024","67e18d3d9ae271b1719712c3","control_MaxMatch_Negative_Abstract","82","MaxMatch","guilt","shame","guilt-shame","AbstractMatch","NegativeMatch"
"3025","67e18d3d9ae271b1719712c3","test_ConceptualMatch_Abstract","0","ConceptualMatchingOnly","regret","peace","regret-peace","ConceptualMatch:abstract","NegativeMismatch"
"3026","67e18d3d9ae271b1719712c3","control_MaxMatch_Positive_Concrete","0","MaxMatch","beach","home","beach-home","ConcreteMatch","PositiveMatch"
"3027","67e18d3d9ae271b1719712c3","control_Dissimilar","0","DissimilarControl","enter","exit","enter-exit","",""
"3028","67e18d3d9ae271b1719712c3","control_Similar","99","SimilarControl","need","require","need-require","",""
"3029","67e18d3d9ae271b1719712c3","test_ValenceMatch_Positive","0","ValenceMatchingOnly","beach","inspiration","beach-inspiration","ConcreteMismatch","PositiveMatch"
"3030","67e18d3d9ae271b1719712c3","control_Dissimilar","0","DissimilarControl","open","close","open-close","",""
"3031","67e18d3d9ae271b1719712c3","control_Similar","99","SimilarControl","speak","talk","speak-talk","",""
"3032","67e18d3d9ae271b1719712c3","test_ValenceMatch_Negative","0","ValenceMatchingOnly","envy","mud","envy-mud","AbstractMismatch","NegativeMatch"
"3033","67e18d3d9ae271b1719712c3","control_MaxMismatch","0","MaxMismatch","gratitude","garbage","gratitude-garbage","AbstractMismatch","PositiveMismatch"
"3034","67e18d3d9ae271b1719712c3","test_ConceptualMatch_Concrete","0","ConceptualMatchingOnly","home","garbage","home-garbage","ConceptualMatch:concrete","PositiveMismatch"
"3035","67e18d3d9ae271b1719712c3","control_MaxMatch_Positive_Abstract","99","MaxMatch","joy","happiness","joy-happiness","AbstractMatch","PositiveMatch"
"3036","67e18d3d9ae271b1719712c3","control_MaxMatch_Negative_Concrete","0","MaxMatch","rot","vomit","rot-vomit","ConcreteMatch","NegativeMatch"
"3037","67e18d3d9ae271b1719712c3","control_MaxMatch_Negative_Abstract","61","MaxMatch","regret","anxiety","regret-anxiety","AbstractMatch","NegativeMatch"
"3038","67e18d3d9ae271b1719712c3","test_ConceptualMatch_Abstract","0","ConceptualMatchingOnly","guilt","freedom","guilt-freedom","ConceptualMatch:abstract","NegativeMismatch"
"3039","67e18d3d9ae271b1719712c3","control_MaxMatch_Positive_Concrete","0","MaxMatch","sunshine","rain","sunshine-rain","ConcreteMatch","PositiveMatch"
"3040","67e18d3d9ae271b1719712c3","control_Dissimilar","0","DissimilarControl","arrive","leave","arrive-leave","",""
"3041","67e18d3d9ae271b1719712c3","control_Similar","99","SimilarControl","ask","inquire","ask-inquire","",""
"3042","67e18d3d9ae271b1719712c3","test_ValenceMatch_Positive","26","ValenceMatchingOnly","hug","happiness","hug-happiness","ConcreteMismatch","PositiveMatch"
"3043","67e18d3d9ae271b1719712c3","control_Dissimilar","0","DissimilarControl","give","take","give-take","",""
"3044","67e18d3d9ae271b1719712c3","control_Similar","61","SimilarControl","use","employ","use-employ","",""
"3045","67e18d3d9ae271b1719712c3","test_ValenceMatch_Negative","0","ValenceMatchingOnly","lonliness","vomit","lonliness-vomit","AbstractMismatch","NegativeMatch"
"3046","67e18d3d9ae271b1719712c3","control_MaxMismatch","0","MaxMismatch","gratitude","rot","gratitude-rot","AbstractMismatch","PositiveMismatch"
"3047","67e18d3d9ae271b1719712c3","test_ConceptualMatch_Concrete","67","ConceptualMatchingOnly","fireplace","mold","fireplace-mold","ConceptualMatch:concrete","PositiveMismatch"
"3048","67e18d3d9ae271b1719712c3","control_MaxMatch_Positive_Abstract","51","MaxMatch","love","inspiration","love-inspiration","AbstractMatch","PositiveMatch"
"3049","67e18d3d9ae271b1719712c3","control_MaxMatch_Negative_Concrete","48","MaxMatch","mud","mold","mud-mold","ConcreteMatch","NegativeMatch"
"3050","67e18d3d9ae271b1719712c3","control_MaxMatch_Negative_Abstract","28","MaxMatch","failure","envy","failure-envy","AbstractMatch","NegativeMatch"
"3051","67e18d3d9ae271b1719712c3","test_ConceptualMatch_Abstract","0","ConceptualMatchingOnly","failure","happiness","failure-happiness","ConceptualMatch:abstract","NegativeMismatch"
"3052","67e18d3d9ae271b1719712c3","control_MaxMatch_Positive_Concrete","0","MaxMatch","sunshine","home","sunshine-home","ConcreteMatch","PositiveMatch"
"3053","67e18d3d9ae271b1719712c3","control_Dissimilar","0","DissimilarControl","begin","end","begin-end","",""
"3054","67e18d3d9ae271b1719712c3","control_Similar","99","SimilarControl","buy","purchase","buy-purchase","",""
"3055","67e18d3d9ae271b1719712c3","test_ValenceMatch_Positive","0","ValenceMatchingOnly","rain","compassion","rain-compassion","ConcreteMismatch","PositiveMatch"
"3056","5ba8e80089390100019064ed","control_Similar","99","SimilarControl","end","finish","end-finish","",""
"3057","5ba8e80089390100019064ed","control_Dissimilar","0","DissimilarControl","open","close","open-close","",""
"3058","5ba8e80089390100019064ed","test_ValenceMatch_Negative","13","ValenceMatchingOnly","grief","garbage","grief-garbage","AbstractMismatch","NegativeMatch"
"3059","5ba8e80089390100019064ed","control_MaxMatch_Positive_Abstract","58","MaxMatch","kindness","inspiration","kindness-inspiration","AbstractMatch","PositiveMatch"
"3060","5ba8e80089390100019064ed","control_MaxMismatch","0","MaxMismatch","joy","vomit","joy-vomit","AbstractMismatch","PositiveMismatch"
"3061","5ba8e80089390100019064ed","test_ConceptualMatch_Concrete","0","ConceptualMatchingOnly","hug","filth","hug-filth","ConceptualMatch:concrete","PositiveMismatch"
"3062","5ba8e80089390100019064ed","test_ValenceMatch_Positive","64","ValenceMatchingOnly","chocolate","inspiration","chocolate-inspiration","ConcreteMismatch","PositiveMatch"
"3063","5ba8e80089390100019064ed","control_MaxMatch_Negative_Abstract","87","MaxMatch","anxiety","failure","anxiety-failure","AbstractMatch","NegativeMatch"
"3064","5ba8e80089390100019064ed","control_MaxMatch_Negative_Concrete","99","MaxMatch","garbage","filth","garbage-filth","ConcreteMatch","NegativeMatch"
"3065","5ba8e80089390100019064ed","control_MaxMatch_Positive_Concrete","12","MaxMatch","beach","chocolate","beach-chocolate","ConcreteMatch","PositiveMatch"
"3066","5ba8e80089390100019064ed","control_Similar","99","SimilarControl","help","assist","help-assist","",""
"3067","5ba8e80089390100019064ed","control_Dissimilar","0","DissimilarControl","increase","decrease","increase-decrease","",""
"3068","5ba8e80089390100019064ed","test_ConceptualMatch_Abstract","0","ConceptualMatchingOnly","envy","kindness","envy-kindness","ConceptualMatch:abstract","NegativeMismatch"
"3069","5ba8e80089390100019064ed","control_Similar","93","SimilarControl","speak","talk","speak-talk","",""
"3070","5ba8e80089390100019064ed","control_Dissimilar","2","DissimilarControl","begin","end","begin-end","",""
"3071","5ba8e80089390100019064ed","test_ValenceMatch_Negative","62","ValenceMatchingOnly","envy","stench","envy-stench","AbstractMismatch","NegativeMatch"
"3072","5ba8e80089390100019064ed","control_MaxMatch_Positive_Abstract","73","MaxMatch","hope","kindness","hope-kindness","AbstractMatch","PositiveMatch"
"3073","5ba8e80089390100019064ed","control_MaxMismatch","6","MaxMismatch","hope","injury","hope-injury","AbstractMismatch","PositiveMismatch"
"3074","5ba8e80089390100019064ed","test_ConceptualMatch_Concrete","6","ConceptualMatchingOnly","flowers","stench","flowers-stench","ConceptualMatch:concrete","PositiveMismatch"
"3075","5ba8e80089390100019064ed","test_ValenceMatch_Positive","69","ValenceMatchingOnly","laughter","freedom","laughter-freedom","ConcreteMismatch","PositiveMatch"
"3076","5ba8e80089390100019064ed","control_MaxMatch_Negative_Abstract","66","MaxMatch","despair","shame","despair-shame","AbstractMatch","NegativeMatch"
"3077","5ba8e80089390100019064ed","control_MaxMatch_Negative_Concrete","0","MaxMatch","smoke","vomit","smoke-vomit","ConcreteMatch","NegativeMatch"
"3078","5ba8e80089390100019064ed","control_MaxMatch_Positive_Concrete","11","MaxMatch","sunshine","home","sunshine-home","ConcreteMatch","PositiveMatch"
"3079","5ba8e80089390100019064ed","control_Similar","89","SimilarControl","use","employ","use-employ","",""
"3080","5ba8e80089390100019064ed","control_Dissimilar","8","DissimilarControl","rise","fall","rise-fall","",""
"3081","5ba8e80089390100019064ed","test_ConceptualMatch_Abstract","0","ConceptualMatchingOnly","envy","compassion","envy-compassion","ConceptualMatch:abstract","NegativeMismatch"
"3082","5ba8e80089390100019064ed","control_Similar","92","SimilarControl","need","require","need-require","",""
"3083","5ba8e80089390100019064ed","control_Dissimilar","2","DissimilarControl","give","take","give-take","",""
"3084","5ba8e80089390100019064ed","test_ValenceMatch_Negative","35","ValenceMatchingOnly","envy","rot","envy-rot","AbstractMismatch","NegativeMatch"
"3085","5ba8e80089390100019064ed","control_MaxMatch_Positive_Abstract","85","MaxMatch","joy","happiness","joy-happiness","AbstractMatch","PositiveMatch"
"3086","5ba8e80089390100019064ed","control_MaxMismatch","16","MaxMismatch","inspiration","mud","inspiration-mud","AbstractMismatch","PositiveMismatch"
"3087","5ba8e80089390100019064ed","test_ConceptualMatch_Concrete","0","ConceptualMatchingOnly","hug","garbage","hug-garbage","ConceptualMatch:concrete","PositiveMismatch"
"3088","5ba8e80089390100019064ed","test_ValenceMatch_Positive","70","ValenceMatchingOnly","laughter","inspiration","laughter-inspiration","ConcreteMismatch","PositiveMatch"
"3089","5ba8e80089390100019064ed","control_MaxMatch_Negative_Abstract","60","MaxMatch","despair","resentment","despair-resentment","AbstractMatch","NegativeMatch"
"3090","5ba8e80089390100019064ed","control_MaxMatch_Negative_Concrete","27","MaxMatch","smoke","rust","smoke-rust","ConcreteMatch","NegativeMatch"
"3091","5ba8e80089390100019064ed","control_MaxMatch_Positive_Concrete","1","MaxMatch","beach","home","beach-home","ConcreteMatch","PositiveMatch"
"3092","5ba8e80089390100019064ed","control_Similar","96","SimilarControl","begin","start","begin-start","",""
"3093","5ba8e80089390100019064ed","control_Dissimilar","0","DissimilarControl","add","remove","add-remove","",""
"3094","5ba8e80089390100019064ed","test_ConceptualMatch_Abstract","6","ConceptualMatchingOnly","despair","inspiration","despair-inspiration","ConceptualMatch:abstract","NegativeMismatch"
"3095","5ba8e80089390100019064ed","control_Similar","94","SimilarControl","ask","inquire","ask-inquire","",""
"3096","5ba8e80089390100019064ed","control_Dissimilar","0","DissimilarControl","push","pull","push-pull","",""
"3097","5ba8e80089390100019064ed","test_ValenceMatch_Negative","68","ValenceMatchingOnly","shame","vomit","shame-vomit","AbstractMismatch","NegativeMatch"
"3098","5ba8e80089390100019064ed","control_MaxMatch_Positive_Abstract","66","MaxMatch","freedom","compassion","freedom-compassion","AbstractMatch","PositiveMatch"
"3099","5ba8e80089390100019064ed","control_MaxMismatch","8","MaxMismatch","peace","vomit","peace-vomit","AbstractMismatch","PositiveMismatch"
"3100","5ba8e80089390100019064ed","test_ConceptualMatch_Concrete","9","ConceptualMatchingOnly","music","garbage","music-garbage","ConceptualMatch:concrete","PositiveMismatch"
"3101","5ba8e80089390100019064ed","test_ValenceMatch_Positive","72","ValenceMatchingOnly","home","compassion","home-compassion","ConcreteMismatch","PositiveMatch"
"3102","5ba8e80089390100019064ed","control_MaxMatch_Negative_Abstract","82","MaxMatch","despair","failure","despair-failure","AbstractMatch","NegativeMatch"
"3103","5ba8e80089390100019064ed","control_MaxMatch_Negative_Concrete","74","MaxMatch","rot","vomit","rot-vomit","ConcreteMatch","NegativeMatch"
"3104","5ba8e80089390100019064ed","control_MaxMatch_Positive_Concrete","63","MaxMatch","laughter","flowers","laughter-flowers","ConcreteMatch","PositiveMatch"
"3105","5ba8e80089390100019064ed","control_Similar","83","SimilarControl","show","display","show-display","",""
"3106","5ba8e80089390100019064ed","control_Dissimilar","1","DissimilarControl","enter","exit","enter-exit","",""
"3107","5ba8e80089390100019064ed","test_ConceptualMatch_Abstract","2","ConceptualMatchingOnly","shame","joy","shame-joy","ConceptualMatch:abstract","NegativeMismatch"
"3108","5ba8e80089390100019064ed","control_Similar","89","SimilarControl","buy","purchase","buy-purchase","",""
"3109","5ba8e80089390100019064ed","control_Dissimilar","7","DissimilarControl","arrive","leave","arrive-leave","",""
"3110","5ba8e80089390100019064ed","test_ValenceMatch_Negative","11","ValenceMatchingOnly","envy","vomit","envy-vomit","AbstractMismatch","NegativeMatch"
"3111","5ba8e80089390100019064ed","control_MaxMatch_Positive_Abstract","77","MaxMatch","peace","happiness","peace-happiness","AbstractMatch","PositiveMatch"
"3112","5ba8e80089390100019064ed","control_MaxMismatch","3","MaxMismatch","hope","vomit","hope-vomit","AbstractMismatch","PositiveMismatch"
"3113","5ba8e80089390100019064ed","test_ConceptualMatch_Concrete","9","ConceptualMatchingOnly","home","injury","home-injury","ConceptualMatch:concrete","PositiveMismatch"
"3114","5ba8e80089390100019064ed","test_ValenceMatch_Positive","86","ValenceMatchingOnly","hug","joy","hug-joy","ConcreteMismatch","PositiveMatch"
"3115","5ba8e80089390100019064ed","control_MaxMatch_Negative_Abstract","71","MaxMatch","lonliness","grief","lonliness-grief","AbstractMatch","NegativeMatch"
"3116","5ba8e80089390100019064ed","control_MaxMatch_Negative_Concrete","86","MaxMatch","mud","filth","mud-filth","ConcreteMatch","NegativeMatch"
"3117","5ba8e80089390100019064ed","control_MaxMatch_Positive_Concrete","64","MaxMatch","laughter","hug","laughter-hug","ConcreteMatch","PositiveMatch"
"3118","5ba8e80089390100019064ed","control_Similar","85","SimilarControl","get","obtain","get-obtain","",""
"3119","5ba8e80089390100019064ed","control_Dissimilar","7","DissimilarControl","come","go","come-go","",""
"3120","5ba8e80089390100019064ed","test_ConceptualMatch_Abstract","0","ConceptualMatchingOnly","lonliness","joy","lonliness-joy","ConceptualMatch:abstract","NegativeMismatch"
"3121","63474e67a5fd298c6103c409","control_Similar","71","SimilarControl","get","obtain","get-obtain","",""
"3122","63474e67a5fd298c6103c409","control_Dissimilar","61","DissimilarControl","add","remove","add-remove","",""
"3123","63474e67a5fd298c6103c409","test_ValenceMatch_Positive","58","ValenceMatchingOnly","beach","joy","beach-joy","ConcreteMismatch","PositiveMatch"
"3124","63474e67a5fd298c6103c409","control_Similar","86","SimilarControl","begin","start","begin-start","",""
"3125","63474e67a5fd298c6103c409","control_MaxMismatch","33","MaxMismatch","joy","injury","joy-injury","AbstractMismatch","PositiveMismatch"
"3126","63474e67a5fd298c6103c409","control_MaxMatch_Negative_Concrete","67","MaxMatch","stench","filth","stench-filth","ConcreteMatch","NegativeMatch"
"3127","63474e67a5fd298c6103c409","control_MaxMatch_Positive_Abstract","84","MaxMatch","happiness","gratitude","happiness-gratitude","AbstractMatch","PositiveMatch"
"3128","63474e67a5fd298c6103c409","test_ConceptualMatch_Abstract","42","ConceptualMatchingOnly","guilt","happiness","guilt-happiness","ConceptualMatch:abstract","NegativeMismatch"
"3129","63474e67a5fd298c6103c409","control_Dissimilar","61","DissimilarControl","increase","decrease","increase-decrease","",""
"3130","63474e67a5fd298c6103c409","test_ValenceMatch_Negative","32","ValenceMatchingOnly","lonliness","rot","lonliness-rot","AbstractMismatch","NegativeMatch"
"3131","63474e67a5fd298c6103c409","test_ConceptualMatch_Concrete","40","ConceptualMatchingOnly","flowers","filth","flowers-filth","ConceptualMatch:concrete","PositiveMismatch"
"3132","63474e67a5fd298c6103c409","control_MaxMatch_Negative_Abstract","60","MaxMatch","despair","failure","despair-failure","AbstractMatch","NegativeMatch"
"3133","63474e67a5fd298c6103c409","control_MaxMatch_Positive_Concrete","65","MaxMatch","music","hug","music-hug","ConcreteMatch","PositiveMatch"
"3134","63474e67a5fd298c6103c409","control_Similar","26","SimilarControl","need","require","need-require","",""
"3135","63474e67a5fd298c6103c409","control_Dissimilar","71","DissimilarControl","push","pull","push-pull","",""
"3136","63474e67a5fd298c6103c409","test_ValenceMatch_Positive","57","ValenceMatchingOnly","beach","hope","beach-hope","ConcreteMismatch","PositiveMatch"
"3137","63474e67a5fd298c6103c409","control_Similar","72","SimilarControl","speak","talk","speak-talk","",""
"3138","63474e67a5fd298c6103c409","control_MaxMismatch","58","MaxMismatch","gratitude","mud","gratitude-mud","AbstractMismatch","PositiveMismatch"
"3139","63474e67a5fd298c6103c409","control_MaxMatch_Negative_Concrete","31","MaxMatch","smoke","filth","smoke-filth","ConcreteMatch","NegativeMatch"
"3140","63474e67a5fd298c6103c409","control_MaxMatch_Positive_Abstract","92","MaxMatch","joy","kindness","joy-kindness","AbstractMatch","PositiveMatch"
"3141","63474e67a5fd298c6103c409","test_ConceptualMatch_Abstract","30","ConceptualMatchingOnly","shame","love","shame-love","ConceptualMatch:abstract","NegativeMismatch"
"3142","63474e67a5fd298c6103c409","control_Dissimilar","59","DissimilarControl","arrive","leave","arrive-leave","",""
"3143","63474e67a5fd298c6103c409","test_ValenceMatch_Negative","34","ValenceMatchingOnly","anxiety","mold","anxiety-mold","AbstractMismatch","NegativeMatch"
"3144","63474e67a5fd298c6103c409","test_ConceptualMatch_Concrete","63","ConceptualMatchingOnly","home","smoke","home-smoke","ConceptualMatch:concrete","PositiveMismatch"
"3145","63474e67a5fd298c6103c409","control_MaxMatch_Negative_Abstract","39","MaxMatch","grief","shame","grief-shame","AbstractMatch","NegativeMatch"
"3146","63474e67a5fd298c6103c409","control_MaxMatch_Positive_Concrete","38","MaxMatch","flowers","rain","flowers-rain","ConcreteMatch","PositiveMatch"
"3147","63474e67a5fd298c6103c409","control_Similar","84","SimilarControl","buy","purchase","buy-purchase","",""
"3148","63474e67a5fd298c6103c409","control_Dissimilar","61","DissimilarControl","enter","exit","enter-exit","",""
"3149","63474e67a5fd298c6103c409","test_ValenceMatch_Positive","67","ValenceMatchingOnly","rain","peace","rain-peace","ConcreteMismatch","PositiveMatch"
"3150","63474e67a5fd298c6103c409","control_Similar","75","SimilarControl","ask","inquire","ask-inquire","",""
"3151","63474e67a5fd298c6103c409","control_MaxMismatch","34","MaxMismatch","compassion","filth","compassion-filth","AbstractMismatch","PositiveMismatch"
"3152","63474e67a5fd298c6103c409","control_MaxMatch_Negative_Concrete","25","MaxMatch","rust","stench","rust-stench","ConcreteMatch","NegativeMatch"
"3153","63474e67a5fd298c6103c409","control_MaxMatch_Positive_Abstract","66","MaxMatch","happiness","compassion","happiness-compassion","AbstractMatch","PositiveMatch"
"3154","63474e67a5fd298c6103c409","test_ConceptualMatch_Abstract","57","ConceptualMatchingOnly","grief","compassion","grief-compassion","ConceptualMatch:abstract","NegativeMismatch"
"3155","63474e67a5fd298c6103c409","control_Dissimilar","67","DissimilarControl","come","go","come-go","",""
"3156","63474e67a5fd298c6103c409","test_ValenceMatch_Negative","59","ValenceMatchingOnly","regret","smoke","regret-smoke","AbstractMismatch","NegativeMatch"
"3157","63474e67a5fd298c6103c409","test_ConceptualMatch_Concrete","63","ConceptualMatchingOnly","home","injury","home-injury","ConceptualMatch:concrete","PositiveMismatch"
"3158","63474e67a5fd298c6103c409","control_MaxMatch_Negative_Abstract","54","MaxMatch","lonliness","grief","lonliness-grief","AbstractMatch","NegativeMatch"
"3159","63474e67a5fd298c6103c409","control_MaxMatch_Positive_Concrete","61","MaxMatch","hug","rain","hug-rain","ConcreteMatch","PositiveMatch"
"3160","63474e67a5fd298c6103c409","control_Similar","68","SimilarControl","use","employ","use-employ","",""
"3161","63474e67a5fd298c6103c409","control_Dissimilar","76","DissimilarControl","give","take","give-take","",""
"3162","63474e67a5fd298c6103c409","test_ValenceMatch_Positive","56","ValenceMatchingOnly","sunshine","love","sunshine-love","ConcreteMismatch","PositiveMatch"
"3163","63474e67a5fd298c6103c409","control_Similar","93","SimilarControl","help","assist","help-assist","",""
"3164","63474e67a5fd298c6103c409","control_MaxMismatch","13","MaxMismatch","peace","filth","peace-filth","AbstractMismatch","PositiveMismatch"
"3165","63474e67a5fd298c6103c409","control_MaxMatch_Negative_Concrete","61","MaxMatch","garbage","mold","garbage-mold","ConcreteMatch","NegativeMatch"
"3166","63474e67a5fd298c6103c409","control_MaxMatch_Positive_Abstract","81","MaxMatch","peace","happiness","peace-happiness","AbstractMatch","PositiveMatch"
"3167","63474e67a5fd298c6103c409","test_ConceptualMatch_Abstract","24","ConceptualMatchingOnly","failure","peace","failure-peace","ConceptualMatch:abstract","NegativeMismatch"
"3168","63474e67a5fd298c6103c409","control_Dissimilar","53","DissimilarControl","begin","end","begin-end","",""
"3169","63474e67a5fd298c6103c409","test_ValenceMatch_Negative","32","ValenceMatchingOnly","shame","injury","shame-injury","AbstractMismatch","NegativeMatch"
"3170","63474e67a5fd298c6103c409","test_ConceptualMatch_Concrete","38","ConceptualMatchingOnly","flowers","mud","flowers-mud","ConceptualMatch:concrete","PositiveMismatch"
"3171","63474e67a5fd298c6103c409","control_MaxMatch_Negative_Abstract","62","MaxMatch","lonliness","regret","lonliness-regret","AbstractMatch","NegativeMatch"
"3172","63474e67a5fd298c6103c409","control_MaxMatch_Positive_Concrete","32","MaxMatch","rain","fireplace","rain-fireplace","ConcreteMatch","PositiveMatch"
"3173","63474e67a5fd298c6103c409","control_Similar","86","SimilarControl","end","finish","end-finish","",""
"3174","63474e67a5fd298c6103c409","control_Dissimilar","61","DissimilarControl","rise","fall","rise-fall","",""
"3175","63474e67a5fd298c6103c409","test_ValenceMatch_Positive","62","ValenceMatchingOnly","home","inspiration","home-inspiration","ConcreteMismatch","PositiveMatch"
"3176","63474e67a5fd298c6103c409","control_Similar","74","SimilarControl","show","display","show-display","",""
"3177","63474e67a5fd298c6103c409","control_MaxMismatch","34","MaxMismatch","happiness","stench","happiness-stench","AbstractMismatch","PositiveMismatch"
"3178","63474e67a5fd298c6103c409","control_MaxMatch_Negative_Concrete","38","MaxMatch","smoke","stench","smoke-stench","ConcreteMatch","NegativeMatch"
"3179","63474e67a5fd298c6103c409","control_MaxMatch_Positive_Abstract","80","MaxMatch","joy","peace","joy-peace","AbstractMatch","PositiveMatch"
"3180","63474e67a5fd298c6103c409","test_ConceptualMatch_Abstract","57","ConceptualMatchingOnly","regret","hope","regret-hope","ConceptualMatch:abstract","NegativeMismatch"
"3181","63474e67a5fd298c6103c409","control_Dissimilar","72","DissimilarControl","open","close","open-close","",""
"3182","63474e67a5fd298c6103c409","test_ValenceMatch_Negative","32","ValenceMatchingOnly","envy","mud","envy-mud","AbstractMismatch","NegativeMatch"
"3183","63474e67a5fd298c6103c409","test_ConceptualMatch_Concrete","34","ConceptualMatchingOnly","sunshine","garbage","sunshine-garbage","ConceptualMatch:concrete","PositiveMismatch"
"3184","63474e67a5fd298c6103c409","control_MaxMatch_Negative_Abstract","28","MaxMatch","guilt","resentment","guilt-resentment","AbstractMatch","NegativeMatch"
"3185","63474e67a5fd298c6103c409","control_MaxMatch_Positive_Concrete","57","MaxMatch","beach","rain","beach-rain","ConcreteMatch","PositiveMatch"
"3186","65c113a22ace1dacd58ce108","control_Dissimilar","27","DissimilarControl","come","go","come-go","",""
"3187","65c113a22ace1dacd58ce108","control_Similar","99","SimilarControl","help","assist","help-assist","",""
"3188","65c113a22ace1dacd58ce108","test_ValenceMatch_Positive","0","ValenceMatchingOnly","rain","hope","rain-hope","ConcreteMismatch","PositiveMatch"
"3189","65c113a22ace1dacd58ce108","control_MaxMatch_Positive_Abstract","83","MaxMatch","peace","kindness","peace-kindness","AbstractMatch","PositiveMatch"
"3190","65c113a22ace1dacd58ce108","test_ConceptualMatch_Abstract","2","ConceptualMatchingOnly","shame","love","shame-love","ConceptualMatch:abstract","NegativeMismatch"
"3191","65c113a22ace1dacd58ce108","test_ValenceMatch_Negative","0","ValenceMatchingOnly","resentment","smoke","resentment-smoke","AbstractMismatch","NegativeMatch"
"3192","65c113a22ace1dacd58ce108","control_MaxMismatch","0","MaxMismatch","gratitude","vomit","gratitude-vomit","AbstractMismatch","PositiveMismatch"
"3193","65c113a22ace1dacd58ce108","control_Dissimilar","0","DissimilarControl","begin","end","begin-end","",""
"3194","65c113a22ace1dacd58ce108","control_MaxMatch_Negative_Abstract","85","MaxMatch","guilt","grief","guilt-grief","AbstractMatch","NegativeMatch"
"3195","65c113a22ace1dacd58ce108","test_ConceptualMatch_Concrete","0","ConceptualMatchingOnly","sunshine","rust","sunshine-rust","ConceptualMatch:concrete","PositiveMismatch"
"3196","65c113a22ace1dacd58ce108","control_MaxMatch_Negative_Concrete","73","MaxMatch","vomit","filth","vomit-filth","ConcreteMatch","NegativeMatch"
"3197","65c113a22ace1dacd58ce108","control_MaxMatch_Positive_Concrete","1","MaxMatch","flowers","music","flowers-music","ConcreteMatch","PositiveMatch"
"3198","65c113a22ace1dacd58ce108","control_Similar","99","SimilarControl","begin","start","begin-start","",""
"3199","65c113a22ace1dacd58ce108","control_Dissimilar","0","DissimilarControl","arrive","leave","arrive-leave","",""
"3200","65c113a22ace1dacd58ce108","control_Similar","99","SimilarControl","need","require","need-require","",""
"3201","65c113a22ace1dacd58ce108","test_ValenceMatch_Positive","0","ValenceMatchingOnly","rain","love","rain-love","ConcreteMismatch","PositiveMatch"
"3202","65c113a22ace1dacd58ce108","control_MaxMatch_Positive_Abstract","68","MaxMatch","joy","compassion","joy-compassion","AbstractMatch","PositiveMatch"
"3203","65c113a22ace1dacd58ce108","test_ConceptualMatch_Abstract","0","ConceptualMatchingOnly","grief","love","grief-love","ConceptualMatch:abstract","NegativeMismatch"
"3204","65c113a22ace1dacd58ce108","test_ValenceMatch_Negative","6","ValenceMatchingOnly","shame","injury","shame-injury","AbstractMismatch","NegativeMatch"
"3205","65c113a22ace1dacd58ce108","control_MaxMismatch","0","MaxMismatch","love","garbage","love-garbage","AbstractMismatch","PositiveMismatch"
"3206","65c113a22ace1dacd58ce108","control_Dissimilar","0","DissimilarControl","enter","exit","enter-exit","",""
"3207","65c113a22ace1dacd58ce108","control_MaxMatch_Negative_Abstract","99","MaxMatch","regret","despair","regret-despair","AbstractMatch","NegativeMatch"
"3208","65c113a22ace1dacd58ce108","test_ConceptualMatch_Concrete","0","ConceptualMatchingOnly","chocolate","vomit","chocolate-vomit","ConceptualMatch:concrete","PositiveMismatch"
"3209","65c113a22ace1dacd58ce108","control_MaxMatch_Negative_Concrete","69","MaxMatch","vomit","garbage","vomit-garbage","ConcreteMatch","NegativeMatch"
"3210","65c113a22ace1dacd58ce108","control_MaxMatch_Positive_Concrete","0","MaxMatch","music","hug","music-hug","ConcreteMatch","PositiveMatch"
"3211","65c113a22ace1dacd58ce108","control_Similar","89","SimilarControl","get","obtain","get-obtain","",""
"3212","65c113a22ace1dacd58ce108","control_Dissimilar","0","DissimilarControl","give","take","give-take","",""
"3213","65c113a22ace1dacd58ce108","control_Similar","99","SimilarControl","show","display","show-display","",""
"3214","65c113a22ace1dacd58ce108","test_ValenceMatch_Positive","0","ValenceMatchingOnly","beach","kindness","beach-kindness","ConcreteMismatch","PositiveMatch"
"3215","65c113a22ace1dacd58ce108","control_MaxMatch_Positive_Abstract","76","MaxMatch","peace","gratitude","peace-gratitude","AbstractMatch","PositiveMatch"
"3216","65c113a22ace1dacd58ce108","test_ConceptualMatch_Abstract","0","ConceptualMatchingOnly","envy","love","envy-love","ConceptualMatch:abstract","NegativeMismatch"
"3217","65c113a22ace1dacd58ce108","test_ValenceMatch_Negative","0","ValenceMatchingOnly","regret","stench","regret-stench","AbstractMismatch","NegativeMatch"
"3218","65c113a22ace1dacd58ce108","control_MaxMismatch","0","MaxMismatch","kindness","mud","kindness-mud","AbstractMismatch","PositiveMismatch"
"3219","65c113a22ace1dacd58ce108","control_Dissimilar","0","DissimilarControl","increase","decrease","increase-decrease","",""
"3220","65c113a22ace1dacd58ce108","control_MaxMatch_Negative_Abstract","61","MaxMatch","resentment","failure","resentment-failure","AbstractMatch","NegativeMatch"
"3221","65c113a22ace1dacd58ce108","test_ConceptualMatch_Concrete","0","ConceptualMatchingOnly","beach","rust","beach-rust","ConceptualMatch:concrete","PositiveMismatch"
"3222","65c113a22ace1dacd58ce108","control_MaxMatch_Negative_Concrete","0","MaxMatch","mold","injury","mold-injury","ConcreteMatch","NegativeMatch"
"3223","65c113a22ace1dacd58ce108","control_MaxMatch_Positive_Concrete","0","MaxMatch","beach","fireplace","beach-fireplace","ConcreteMatch","PositiveMatch"
"3224","65c113a22ace1dacd58ce108","control_Similar","0","SimilarControl","use","employ","use-employ","",""
"3225","65c113a22ace1dacd58ce108","control_Dissimilar","0","DissimilarControl","rise","fall","rise-fall","",""
"3226","65c113a22ace1dacd58ce108","control_Similar","99","SimilarControl","end","finish","end-finish","",""
"3227","65c113a22ace1dacd58ce108","test_ValenceMatch_Positive","0","ValenceMatchingOnly","chocolate","kindness","chocolate-kindness","ConcreteMismatch","PositiveMatch"
"3228","65c113a22ace1dacd58ce108","control_MaxMatch_Positive_Abstract","37","MaxMatch","kindness","inspiration","kindness-inspiration","AbstractMatch","PositiveMatch"
"3229","65c113a22ace1dacd58ce108","test_ConceptualMatch_Abstract","0","ConceptualMatchingOnly","envy","kindness","envy-kindness","ConceptualMatch:abstract","NegativeMismatch"
"3230","65c113a22ace1dacd58ce108","test_ValenceMatch_Negative","0","ValenceMatchingOnly","shame","vomit","shame-vomit","AbstractMismatch","NegativeMatch"
"3231","65c113a22ace1dacd58ce108","control_MaxMismatch","0","MaxMismatch","inspiration","mold","inspiration-mold","AbstractMismatch","PositiveMismatch"
"3232","65c113a22ace1dacd58ce108","control_Dissimilar","0","DissimilarControl","push","pull","push-pull","",""
"3233","65c113a22ace1dacd58ce108","control_MaxMatch_Negative_Abstract","69","MaxMatch","guilt","resentment","guilt-resentment","AbstractMatch","NegativeMatch"
"3234","65c113a22ace1dacd58ce108","test_ConceptualMatch_Concrete","52","ConceptualMatchingOnly","rain","mud","rain-mud","ConceptualMatch:concrete","PositiveMismatch"
"3235","65c113a22ace1dacd58ce108","control_MaxMatch_Negative_Concrete","0","MaxMatch","garbage","injury","garbage-injury","ConcreteMatch","NegativeMatch"
"3236","65c113a22ace1dacd58ce108","control_MaxMatch_Positive_Concrete","1","MaxMatch","hug","chocolate","hug-chocolate","ConcreteMatch","PositiveMatch"
"3237","65c113a22ace1dacd58ce108","control_Similar","99","SimilarControl","buy","purchase","buy-purchase","",""
"3238","65c113a22ace1dacd58ce108","control_Dissimilar","0","DissimilarControl","add","remove","add-remove","",""
"3239","65c113a22ace1dacd58ce108","control_Similar","99","SimilarControl","speak","talk","speak-talk","",""
"3240","65c113a22ace1dacd58ce108","test_ValenceMatch_Positive","5","ValenceMatchingOnly","home","freedom","home-freedom","ConcreteMismatch","PositiveMatch"
"3241","65c113a22ace1dacd58ce108","control_MaxMatch_Positive_Abstract","61","MaxMatch","peace","happiness","peace-happiness","AbstractMatch","PositiveMatch"
"3242","65c113a22ace1dacd58ce108","test_ConceptualMatch_Abstract","0","ConceptualMatchingOnly","grief","freedom","grief-freedom","ConceptualMatch:abstract","NegativeMismatch"
"3243","65c113a22ace1dacd58ce108","test_ValenceMatch_Negative","2","ValenceMatchingOnly","failure","garbage","failure-garbage","AbstractMismatch","NegativeMatch"
"3244","65c113a22ace1dacd58ce108","control_MaxMismatch","0","MaxMismatch","peace","rust","peace-rust","AbstractMismatch","PositiveMismatch"
"3245","65c113a22ace1dacd58ce108","control_Dissimilar","0","DissimilarControl","open","close","open-close","",""
"3246","65c113a22ace1dacd58ce108","control_MaxMatch_Negative_Abstract","64","MaxMatch","despair","resentment","despair-resentment","AbstractMatch","NegativeMatch"
"3247","65c113a22ace1dacd58ce108","test_ConceptualMatch_Concrete","0","ConceptualMatchingOnly","hug","rust","hug-rust","ConceptualMatch:concrete","PositiveMismatch"
"3248","65c113a22ace1dacd58ce108","control_MaxMatch_Negative_Concrete","0","MaxMatch","rust","mold","rust-mold","ConcreteMatch","NegativeMatch"
"3249","65c113a22ace1dacd58ce108","control_MaxMatch_Positive_Concrete","18","MaxMatch","laughter","home","laughter-home","ConcreteMatch","PositiveMatch"
"3250","65c113a22ace1dacd58ce108","control_Similar","99","SimilarControl","ask","inquire","ask-inquire","",""
