"","ID.Ibex","Label","Response","FeatureMatch","Word1","Word2","WordPair","Conceptual","Valence"
"1","661571d6cc16ee34676734df","control_Dissimilar","31","DissimilarControl","give","take","give-take","",""
"2","661571d6cc16ee34676734df","control_Similar","77","SimilarControl","begin","start","begin-start","",""
"3","661571d6cc16ee34676734df","test_ValenceMatch_Positive","49","ValenceMatchingOnly","joyful","homemade","joyful-homemade","SocialMismatch","PositiveMatch"
"4","661571d6cc16ee34676734df","control_Dissimilar","32","DissimilarControl","add","remove","add-remove","",""
"5","661571d6cc16ee34676734df","test_ConceptualMatch_Social","26","ConceptualMatchingOnly","witty","racist","witty-racist","ConceptualMatch:social","PositiveMismatch"
"6","661571d6cc16ee34676734df","test_ConceptualMatch_Physical","19","ConceptualMatchingOnly","moldy","nutritious","moldy-nutritious","ConceptualMatch:physical","NegativeMismatch"
"7","661571d6cc16ee34676734df","control_MaxMismatch","42","MaxMismatch","fluffy","hateful","fluffy-hateful","PhysicalMismatch","PositiveMismatch"
"8","661571d6cc16ee34676734df","control_MaxMatch_Negative_Social","64","MaxMatch","insulting","racist","insulting-racist","SocialMatch","NegativeMatch"
"9","661571d6cc16ee34676734df","control_Similar","76","SimilarControl","end","finish","end-finish","",""
"10","661571d6cc16ee34676734df","test_ValenceMatch_Negative","39","ValenceMatchingOnly","moldy","greedy","moldy-greedy","PhysicalMismatch","NegativeMatch"
"11","661571d6cc16ee34676734df","control_MaxMatch_Positive_Physical","41","MaxMatch","floral","newborn","floral-newborn","PhysicalMatch","PositiveMatch"
"12","661571d6cc16ee34676734df","control_MaxMatch_Positive_Social","49","MaxMatch","cheerful","dependable","cheerful-dependable","SocialMatch","PositiveMatch"
"13","661571d6cc16ee34676734df","control_MaxMatch_Negative_Physical","64","MaxMatch","excruciating","smelly","excruciating-smelly","PhysicalMatch","NegativeMatch"
"14","661571d6cc16ee34676734df","control_Dissimilar","31","DissimilarControl","begin","end","begin-end","",""
"15","661571d6cc16ee34676734df","control_Similar","63","SimilarControl","get","obtain","get-obtain","",""
"16","661571d6cc16ee34676734df","test_ValenceMatch_Positive","44","ValenceMatchingOnly","brotherly","oceanic","brotherly-oceanic","SocialMismatch","PositiveMatch"
"17","661571d6cc16ee34676734df","control_Dissimilar","39","DissimilarControl","open","close","open-close","",""
"18","661571d6cc16ee34676734df","test_ConceptualMatch_Social","39","ConceptualMatchingOnly","courageous","humiliating","courageous-humiliating","ConceptualMatch:social","PositiveMismatch"
"19","661571d6cc16ee34676734df","test_ConceptualMatch_Physical","29","ConceptualMatchingOnly","nauseous","sunny","nauseous-sunny","ConceptualMatch:physical","NegativeMismatch"
"20","661571d6cc16ee34676734df","control_MaxMismatch","37","MaxMismatch","nutritious","greedy","nutritious-greedy","PhysicalMismatch","PositiveMismatch"
"21","661571d6cc16ee34676734df","control_MaxMatch_Negative_Social","54","MaxMatch","insulting","grumpy","insulting-grumpy","SocialMatch","NegativeMatch"
"22","661571d6cc16ee34676734df","control_Similar","83","SimilarControl","ask","inquire","ask-inquire","",""
"23","661571d6cc16ee34676734df","test_ValenceMatch_Negative","41","ValenceMatchingOnly","moldy","heartbroken","moldy-heartbroken","PhysicalMismatch","NegativeMatch"
"24","661571d6cc16ee34676734df","control_MaxMatch_Positive_Physical","61","MaxMatch","floral","decorative","floral-decorative","PhysicalMatch","PositiveMatch"
"25","661571d6cc16ee34676734df","control_MaxMatch_Positive_Social","41","MaxMatch","carefree","selfless","carefree-selfless","SocialMatch","PositiveMatch"
"26","661571d6cc16ee34676734df","control_MaxMatch_Negative_Physical","45","MaxMatch","lifeless","itchy","lifeless-itchy","PhysicalMatch","NegativeMatch"
"27","661571d6cc16ee34676734df","control_Dissimilar","39","DissimilarControl","enter","exit","enter-exit","",""
"28","661571d6cc16ee34676734df","control_Similar","66","SimilarControl","speak","talk","speak-talk","",""
"29","661571d6cc16ee34676734df","test_ValenceMatch_Positive","46","ValenceMatchingOnly","witty","floral","witty-floral","SocialMismatch","PositiveMatch"
"30","661571d6cc16ee34676734df","control_Dissimilar","33","DissimilarControl","arrive","leave","arrive-leave","",""
"31","661571d6cc16ee34676734df","test_ConceptualMatch_Social","37","ConceptualMatchingOnly","dependable","greedy","dependable-greedy","ConceptualMatch:social","PositiveMismatch"
"32","661571d6cc16ee34676734df","test_ConceptualMatch_Physical","33","ConceptualMatchingOnly","comatose","nutritious","comatose-nutritious","ConceptualMatch:physical","NegativeMismatch"
"33","661571d6cc16ee34676734df","control_MaxMismatch","38","MaxMismatch","decorative","humiliating","decorative-humiliating","PhysicalMismatch","PositiveMismatch"
"34","661571d6cc16ee34676734df","control_MaxMatch_Negative_Social","60","MaxMatch","grumpy","hateful","grumpy-hateful","SocialMatch","NegativeMatch"
"35","661571d6cc16ee34676734df","control_Similar","41","SimilarControl","buy","purchase","buy-purchase","",""
"36","661571d6cc16ee34676734df","test_ValenceMatch_Negative","36","ValenceMatchingOnly","lifeless","stingy","lifeless-stingy","PhysicalMismatch","NegativeMatch"
"37","661571d6cc16ee34676734df","control_MaxMatch_Positive_Physical","60","MaxMatch","blooming","newborn","blooming-newborn","PhysicalMatch","PositiveMatch"
"38","661571d6cc16ee34676734df","control_MaxMatch_Positive_Social","41","MaxMatch","brotherly","joyful","brotherly-joyful","SocialMatch","PositiveMatch"
"39","661571d6cc16ee34676734df","control_MaxMatch_Negative_Physical","32","MaxMatch","nauseous","itchy","nauseous-itchy","PhysicalMatch","NegativeMatch"
"40","661571d6cc16ee34676734df","control_Dissimilar","37","DissimilarControl","increase","decrease","increase-decrease","",""
"41","661571d6cc16ee34676734df","control_Similar","70","SimilarControl","use","employ","use-employ","",""
"42","661571d6cc16ee34676734df","test_ValenceMatch_Positive","44","ValenceMatchingOnly","dependable","sunny","dependable-sunny","SocialMismatch","PositiveMatch"
"43","661571d6cc16ee34676734df","control_Dissimilar","37","DissimilarControl","rise","fall","rise-fall","",""
"44","661571d6cc16ee34676734df","test_ConceptualMatch_Social","28","ConceptualMatchingOnly","cheerful","hateful","cheerful-hateful","ConceptualMatch:social","PositiveMismatch"
"45","661571d6cc16ee34676734df","test_ConceptualMatch_Physical","33","ConceptualMatchingOnly","rancid","floral","rancid-floral","ConceptualMatch:physical","NegativeMismatch"
"46","661571d6cc16ee34676734df","control_MaxMismatch","36","MaxMismatch","fluffy","grumpy","fluffy-grumpy","PhysicalMismatch","PositiveMismatch"
"47","661571d6cc16ee34676734df","control_MaxMatch_Negative_Social","45","MaxMatch","greedy","hateful","greedy-hateful","SocialMatch","NegativeMatch"
"48","661571d6cc16ee34676734df","control_Similar","77","SimilarControl","need","require","need-require","",""
"49","661571d6cc16ee34676734df","test_ValenceMatch_Negative","44","ValenceMatchingOnly","lifeless","grumpy","lifeless-grumpy","PhysicalMismatch","NegativeMatch"
"50","661571d6cc16ee34676734df","control_MaxMatch_Positive_Physical","47","MaxMatch","oceanic","homemade","oceanic-homemade","PhysicalMatch","PositiveMatch"
"51","661571d6cc16ee34676734df","control_MaxMatch_Positive_Social","67","MaxMatch","hilarious","witty","hilarious-witty","SocialMatch","PositiveMatch"
"52","661571d6cc16ee34676734df","control_MaxMatch_Negative_Physical","40","MaxMatch","comatose","obese","comatose-obese","PhysicalMatch","NegativeMatch"
"53","661571d6cc16ee34676734df","control_Dissimilar","35","DissimilarControl","push","pull","push-pull","",""
"54","661571d6cc16ee34676734df","control_Similar","70","SimilarControl","show","display","show-display","",""
"55","661571d6cc16ee34676734df","test_ValenceMatch_Positive","39","ValenceMatchingOnly","carefree","decorative","carefree-decorative","SocialMismatch","PositiveMatch"
"56","661571d6cc16ee34676734df","control_Dissimilar","35","DissimilarControl","come","go","come-go","",""
"57","661571d6cc16ee34676734df","test_ConceptualMatch_Social","34","ConceptualMatchingOnly","joyful","hateful","joyful-hateful","ConceptualMatch:social","PositiveMismatch"
"58","661571d6cc16ee34676734df","test_ConceptualMatch_Physical","39","ConceptualMatchingOnly","comatose","blooming","comatose-blooming","ConceptualMatch:physical","NegativeMismatch"
"59","661571d6cc16ee34676734df","control_MaxMismatch","31","MaxMismatch","radiant","grumpy","radiant-grumpy","PhysicalMismatch","PositiveMismatch"
"60","661571d6cc16ee34676734df","control_MaxMatch_Negative_Social","52","MaxMatch","grumpy","infuriating","grumpy-infuriating","SocialMatch","NegativeMatch"
"61","661571d6cc16ee34676734df","control_Similar","93","SimilarControl","help","assist","help-assist","",""
"62","661571d6cc16ee34676734df","test_ValenceMatch_Negative","33","ValenceMatchingOnly","moldy","racist","moldy-racist","PhysicalMismatch","NegativeMatch"
"63","661571d6cc16ee34676734df","control_MaxMatch_Positive_Physical","42","MaxMatch","oceanic","radiant","oceanic-radiant","PhysicalMatch","PositiveMatch"
"64","661571d6cc16ee34676734df","control_MaxMatch_Positive_Social","40","MaxMatch","cheerful","hilarious","cheerful-hilarious","SocialMatch","PositiveMatch"
"65","661571d6cc16ee34676734df","control_MaxMatch_Negative_Physical","37","MaxMatch","comatose","itchy","comatose-itchy","PhysicalMatch","NegativeMatch"
"66","667b577210c53a5b35f2d73e","control_Similar","99","SimilarControl","buy","purchase","buy-purchase","",""
"67","667b577210c53a5b35f2d73e","control_Dissimilar","0","DissimilarControl","give","take","give-take","",""
"68","667b577210c53a5b35f2d73e","control_MaxMatch_Positive_Social","0","MaxMatch","carefree","witty","carefree-witty","SocialMatch","PositiveMatch"
"69","667b577210c53a5b35f2d73e","test_ConceptualMatch_Physical","0","ConceptualMatchingOnly","lifeless","nutritious","lifeless-nutritious","ConceptualMatch:physical","NegativeMismatch"
"70","667b577210c53a5b35f2d73e","control_Similar","99","SimilarControl","end","finish","end-finish","",""
"71","667b577210c53a5b35f2d73e","control_Dissimilar","0","DissimilarControl","increase","decrease","increase-decrease","",""
"72","667b577210c53a5b35f2d73e","control_MaxMatch_Positive_Physical","61","MaxMatch","floral","nutritious","floral-nutritious","PhysicalMatch","PositiveMatch"
"73","667b577210c53a5b35f2d73e","control_MaxMismatch","0","MaxMismatch","decorative","hateful","decorative-hateful","PhysicalMismatch","PositiveMismatch"
"74","667b577210c53a5b35f2d73e","control_MaxMatch_Negative_Social","36","MaxMatch","dreaded","stingy","dreaded-stingy","SocialMatch","NegativeMatch"
"75","667b577210c53a5b35f2d73e","control_MaxMatch_Negative_Physical","27","MaxMatch","nauseous","lifeless","nauseous-lifeless","PhysicalMatch","NegativeMatch"
"76","667b577210c53a5b35f2d73e","test_ValenceMatch_Positive","0","ValenceMatchingOnly","brotherly","floral","brotherly-floral","SocialMismatch","PositiveMatch"
"77","667b577210c53a5b35f2d73e","test_ConceptualMatch_Social","0","ConceptualMatchingOnly","joyful","greedy","joyful-greedy","ConceptualMatch:social","PositiveMismatch"
"78","667b577210c53a5b35f2d73e","test_ValenceMatch_Negative","57","ValenceMatchingOnly","excruciating","greedy","excruciating-greedy","PhysicalMismatch","NegativeMatch"
"79","667b577210c53a5b35f2d73e","control_Similar","99","SimilarControl","use","employ","use-employ","",""
"80","667b577210c53a5b35f2d73e","control_Dissimilar","0","DissimilarControl","add","remove","add-remove","",""
"81","667b577210c53a5b35f2d73e","control_MaxMatch_Positive_Social","99","MaxMatch","joyful","carefree","joyful-carefree","SocialMatch","PositiveMatch"
"82","667b577210c53a5b35f2d73e","test_ConceptualMatch_Physical","0","ConceptualMatchingOnly","obese","sunny","obese-sunny","ConceptualMatch:physical","NegativeMismatch"
"83","667b577210c53a5b35f2d73e","control_Similar","99","SimilarControl","show","display","show-display","",""
"84","667b577210c53a5b35f2d73e","control_Dissimilar","0","DissimilarControl","enter","exit","enter-exit","",""
"85","667b577210c53a5b35f2d73e","control_MaxMatch_Positive_Physical","0","MaxMatch","fluffy","oceanic","fluffy-oceanic","PhysicalMatch","PositiveMatch"
"86","667b577210c53a5b35f2d73e","control_MaxMismatch","0","MaxMismatch","nutritious","humiliating","nutritious-humiliating","PhysicalMismatch","PositiveMismatch"
"87","667b577210c53a5b35f2d73e","control_MaxMatch_Negative_Social","0","MaxMatch","insulting","heartbroken","insulting-heartbroken","SocialMatch","NegativeMatch"
"88","667b577210c53a5b35f2d73e","control_MaxMatch_Negative_Physical","88","MaxMatch","excruciating","comatose","excruciating-comatose","PhysicalMatch","NegativeMatch"
"89","667b577210c53a5b35f2d73e","test_ValenceMatch_Positive","99","ValenceMatchingOnly","cheerful","floral","cheerful-floral","SocialMismatch","PositiveMatch"
"90","667b577210c53a5b35f2d73e","test_ConceptualMatch_Social","0","ConceptualMatchingOnly","carefree","insulting","carefree-insulting","ConceptualMatch:social","PositiveMismatch"
"91","667b577210c53a5b35f2d73e","test_ValenceMatch_Negative","0","ValenceMatchingOnly","seasick","heartbroken","seasick-heartbroken","PhysicalMismatch","NegativeMatch"
"92","667b577210c53a5b35f2d73e","control_Similar","99","SimilarControl","help","assist","help-assist","",""
"93","667b577210c53a5b35f2d73e","control_Dissimilar","0","DissimilarControl","begin","end","begin-end","",""
"94","667b577210c53a5b35f2d73e","control_MaxMatch_Positive_Social","63","MaxMatch","brotherly","cheerful","brotherly-cheerful","SocialMatch","PositiveMatch"
"95","667b577210c53a5b35f2d73e","test_ConceptualMatch_Physical","0","ConceptualMatchingOnly","comatose","radiant","comatose-radiant","ConceptualMatch:physical","NegativeMismatch"
"96","667b577210c53a5b35f2d73e","control_Similar","99","SimilarControl","ask","inquire","ask-inquire","",""
"97","667b577210c53a5b35f2d73e","control_Dissimilar","0","DissimilarControl","arrive","leave","arrive-leave","",""
"98","667b577210c53a5b35f2d73e","control_MaxMatch_Positive_Physical","99","MaxMatch","decorative","radiant","decorative-radiant","PhysicalMatch","PositiveMatch"
"99","667b577210c53a5b35f2d73e","control_MaxMismatch","0","MaxMismatch","oceanic","grumpy","oceanic-grumpy","PhysicalMismatch","PositiveMismatch"
"100","667b577210c53a5b35f2d73e","control_MaxMatch_Negative_Social","0","MaxMatch","greedy","racist","greedy-racist","SocialMatch","NegativeMatch"
"101","667b577210c53a5b35f2d73e","control_MaxMatch_Negative_Physical","61","MaxMatch","excruciating","obese","excruciating-obese","PhysicalMatch","NegativeMatch"
"102","667b577210c53a5b35f2d73e","test_ValenceMatch_Positive","99","ValenceMatchingOnly","joyful","floral","joyful-floral","SocialMismatch","PositiveMatch"
"103","667b577210c53a5b35f2d73e","test_ConceptualMatch_Social","0","ConceptualMatchingOnly","brotherly","dreaded","brotherly-dreaded","ConceptualMatch:social","PositiveMismatch"
"104","667b577210c53a5b35f2d73e","test_ValenceMatch_Negative","0","ValenceMatchingOnly","smelly","heartbroken","smelly-heartbroken","PhysicalMismatch","NegativeMatch"
"105","667b577210c53a5b35f2d73e","control_Similar","99","SimilarControl","speak","talk","speak-talk","",""
"106","667b577210c53a5b35f2d73e","control_Dissimilar","0","DissimilarControl","open","close","open-close","",""
"107","667b577210c53a5b35f2d73e","control_MaxMatch_Positive_Social","99","MaxMatch","joyful","easygoing","joyful-easygoing","SocialMatch","PositiveMatch"
"108","667b577210c53a5b35f2d73e","test_ConceptualMatch_Physical","0","ConceptualMatchingOnly","moldy","nutritious","moldy-nutritious","ConceptualMatch:physical","NegativeMismatch"
"109","667b577210c53a5b35f2d73e","control_Similar","99","SimilarControl","need","require","need-require","",""
"110","667b577210c53a5b35f2d73e","control_Dissimilar","0","DissimilarControl","come","go","come-go","",""
"111","667b577210c53a5b35f2d73e","control_MaxMatch_Positive_Physical","99","MaxMatch","sunny","oceanic","sunny-oceanic","PhysicalMatch","PositiveMatch"
"112","667b577210c53a5b35f2d73e","control_MaxMismatch","0","MaxMismatch","oceanic","heartbroken","oceanic-heartbroken","PhysicalMismatch","PositiveMismatch"
"113","667b577210c53a5b35f2d73e","control_MaxMatch_Negative_Social","99","MaxMatch","insulting","humiliating","insulting-humiliating","SocialMatch","NegativeMatch"
"114","667b577210c53a5b35f2d73e","control_MaxMatch_Negative_Physical","0","MaxMatch","obese","itchy","obese-itchy","PhysicalMatch","NegativeMatch"
"115","667b577210c53a5b35f2d73e","test_ValenceMatch_Positive","0","ValenceMatchingOnly","selfless","nutritious","selfless-nutritious","SocialMismatch","PositiveMatch"
"116","667b577210c53a5b35f2d73e","test_ConceptualMatch_Social","0","ConceptualMatchingOnly","dependable","heartbroken","dependable-heartbroken","ConceptualMatch:social","PositiveMismatch"
"117","667b577210c53a5b35f2d73e","test_ValenceMatch_Negative","0","ValenceMatchingOnly","moldy","dreaded","moldy-dreaded","PhysicalMismatch","NegativeMatch"
"118","667b577210c53a5b35f2d73e","control_Similar","99","SimilarControl","begin","start","begin-start","",""
"119","667b577210c53a5b35f2d73e","control_Dissimilar","0","DissimilarControl","push","pull","push-pull","",""
"120","667b577210c53a5b35f2d73e","control_MaxMatch_Positive_Social","99","MaxMatch","joyful","witty","joyful-witty","SocialMatch","PositiveMatch"
"121","667b577210c53a5b35f2d73e","test_ConceptualMatch_Physical","0","ConceptualMatchingOnly","seasick","sunny","seasick-sunny","ConceptualMatch:physical","NegativeMismatch"
"122","667b577210c53a5b35f2d73e","control_Similar","99","SimilarControl","get","obtain","get-obtain","",""
"123","667b577210c53a5b35f2d73e","control_Dissimilar","0","DissimilarControl","rise","fall","rise-fall","",""
"124","667b577210c53a5b35f2d73e","control_MaxMatch_Positive_Physical","60","MaxMatch","floral","homemade","floral-homemade","PhysicalMatch","PositiveMatch"
"125","667b577210c53a5b35f2d73e","control_MaxMismatch","0","MaxMismatch","nutritious","stingy","nutritious-stingy","PhysicalMismatch","PositiveMismatch"
"126","667b577210c53a5b35f2d73e","control_MaxMatch_Negative_Social","0","MaxMatch","grumpy","heartbroken","grumpy-heartbroken","SocialMatch","NegativeMatch"
"127","667b577210c53a5b35f2d73e","control_MaxMatch_Negative_Physical","0","MaxMatch","nauseous","itchy","nauseous-itchy","PhysicalMatch","NegativeMatch"
"128","667b577210c53a5b35f2d73e","test_ValenceMatch_Positive","66","ValenceMatchingOnly","dependable","nutritious","dependable-nutritious","SocialMismatch","PositiveMatch"
"129","667b577210c53a5b35f2d73e","test_ConceptualMatch_Social","0","ConceptualMatchingOnly","joyful","insulting","joyful-insulting","ConceptualMatch:social","PositiveMismatch"
"130","667b577210c53a5b35f2d73e","test_ValenceMatch_Negative","0","ValenceMatchingOnly","seasick","hateful","seasick-hateful","PhysicalMismatch","NegativeMatch"
"131","5ef66e81cf5fa435ea9a4e8d","control_Dissimilar","17","DissimilarControl","give","take","give-take","",""
"132","5ef66e81cf5fa435ea9a4e8d","control_Similar","88","SimilarControl","get","obtain","get-obtain","",""
"133","5ef66e81cf5fa435ea9a4e8d","control_Dissimilar","12","DissimilarControl","open","close","open-close","",""
"134","5ef66e81cf5fa435ea9a4e8d","control_MaxMismatch","14","MaxMismatch","oceanic","insulting","oceanic-insulting","PhysicalMismatch","PositiveMismatch"
"135","5ef66e81cf5fa435ea9a4e8d","control_MaxMatch_Positive_Physical","15","MaxMatch","homemade","newborn","homemade-newborn","PhysicalMatch","PositiveMatch"
"136","5ef66e81cf5fa435ea9a4e8d","control_MaxMatch_Negative_Social","35","MaxMatch","insulting","stingy","insulting-stingy","SocialMatch","NegativeMatch"
"137","5ef66e81cf5fa435ea9a4e8d","test_ValenceMatch_Positive","12","ValenceMatchingOnly","hilarious","nutritious","hilarious-nutritious","SocialMismatch","PositiveMatch"
"138","5ef66e81cf5fa435ea9a4e8d","test_ConceptualMatch_Social","16","ConceptualMatchingOnly","brotherly","stingy","brotherly-stingy","ConceptualMatch:social","PositiveMismatch"
"139","5ef66e81cf5fa435ea9a4e8d","control_MaxMatch_Negative_Physical","7","MaxMatch","lifeless","itchy","lifeless-itchy","PhysicalMatch","NegativeMatch"
"140","5ef66e81cf5fa435ea9a4e8d","control_MaxMatch_Positive_Social","13","MaxMatch","cheerful","selfless","cheerful-selfless","SocialMatch","PositiveMatch"
"141","5ef66e81cf5fa435ea9a4e8d","control_Similar","95","SimilarControl","speak","talk","speak-talk","",""
"142","5ef66e81cf5fa435ea9a4e8d","test_ValenceMatch_Negative","9","ValenceMatchingOnly","smelly","humiliating","smelly-humiliating","PhysicalMismatch","NegativeMatch"
"143","5ef66e81cf5fa435ea9a4e8d","test_ConceptualMatch_Physical","12","ConceptualMatchingOnly","excruciating","radiant","excruciating-radiant","ConceptualMatch:physical","NegativeMismatch"
"144","5ef66e81cf5fa435ea9a4e8d","control_Dissimilar","10","DissimilarControl","begin","end","begin-end","",""
"145","5ef66e81cf5fa435ea9a4e8d","control_Similar","94","SimilarControl","end","finish","end-finish","",""
"146","5ef66e81cf5fa435ea9a4e8d","control_Dissimilar","18","DissimilarControl","push","pull","push-pull","",""
"147","5ef66e81cf5fa435ea9a4e8d","control_MaxMismatch","10","MaxMismatch","newborn","racist","newborn-racist","PhysicalMismatch","PositiveMismatch"
"148","5ef66e81cf5fa435ea9a4e8d","control_MaxMatch_Positive_Physical","9","MaxMatch","fluffy","radiant","fluffy-radiant","PhysicalMatch","PositiveMatch"
"149","5ef66e81cf5fa435ea9a4e8d","control_MaxMatch_Negative_Social","70","MaxMatch","insulting","dreaded","insulting-dreaded","SocialMatch","NegativeMatch"
"150","5ef66e81cf5fa435ea9a4e8d","test_ValenceMatch_Positive","26","ValenceMatchingOnly","cheerful","floral","cheerful-floral","SocialMismatch","PositiveMatch"
"151","5ef66e81cf5fa435ea9a4e8d","test_ConceptualMatch_Social","12","ConceptualMatchingOnly","witty","heartbroken","witty-heartbroken","ConceptualMatch:social","PositiveMismatch"
"152","5ef66e81cf5fa435ea9a4e8d","control_MaxMatch_Negative_Physical","15","MaxMatch","nauseous","smelly","nauseous-smelly","PhysicalMatch","NegativeMatch"
"153","5ef66e81cf5fa435ea9a4e8d","control_MaxMatch_Positive_Social","15","MaxMatch","easygoing","selfless","easygoing-selfless","SocialMatch","PositiveMatch"
"154","5ef66e81cf5fa435ea9a4e8d","control_Similar","71","SimilarControl","need","require","need-require","",""
"155","5ef66e81cf5fa435ea9a4e8d","test_ValenceMatch_Negative","10","ValenceMatchingOnly","lifeless","stingy","lifeless-stingy","PhysicalMismatch","NegativeMatch"
"156","5ef66e81cf5fa435ea9a4e8d","test_ConceptualMatch_Physical","12","ConceptualMatchingOnly","comatose","floral","comatose-floral","ConceptualMatch:physical","NegativeMismatch"
"157","5ef66e81cf5fa435ea9a4e8d","control_Dissimilar","9","DissimilarControl","arrive","leave","arrive-leave","",""
"158","5ef66e81cf5fa435ea9a4e8d","control_Similar","84","SimilarControl","help","assist","help-assist","",""
"159","5ef66e81cf5fa435ea9a4e8d","control_Dissimilar","20","DissimilarControl","come","go","come-go","",""
"160","5ef66e81cf5fa435ea9a4e8d","control_MaxMismatch","14","MaxMismatch","fluffy","infuriating","fluffy-infuriating","PhysicalMismatch","PositiveMismatch"
"161","5ef66e81cf5fa435ea9a4e8d","control_MaxMatch_Positive_Physical","13","MaxMatch","fluffy","homemade","fluffy-homemade","PhysicalMatch","PositiveMatch"
"162","5ef66e81cf5fa435ea9a4e8d","control_MaxMatch_Negative_Social","8","MaxMatch","racist","humiliating","racist-humiliating","SocialMatch","NegativeMatch"
"163","5ef66e81cf5fa435ea9a4e8d","test_ValenceMatch_Positive","11","ValenceMatchingOnly","selfless","fluffy","selfless-fluffy","SocialMismatch","PositiveMatch"
"164","5ef66e81cf5fa435ea9a4e8d","test_ConceptualMatch_Social","13","ConceptualMatchingOnly","courageous","grumpy","courageous-grumpy","ConceptualMatch:social","PositiveMismatch"
"165","5ef66e81cf5fa435ea9a4e8d","control_MaxMatch_Negative_Physical","75","MaxMatch","moldy","smelly","moldy-smelly","PhysicalMatch","NegativeMatch"
"166","5ef66e81cf5fa435ea9a4e8d","control_MaxMatch_Positive_Social","12","MaxMatch","easygoing","hilarious","easygoing-hilarious","SocialMatch","PositiveMatch"
"167","5ef66e81cf5fa435ea9a4e8d","control_Similar","90","SimilarControl","begin","start","begin-start","",""
"168","5ef66e81cf5fa435ea9a4e8d","test_ValenceMatch_Negative","15","ValenceMatchingOnly","nauseous","greedy","nauseous-greedy","PhysicalMismatch","NegativeMatch"
"169","5ef66e81cf5fa435ea9a4e8d","test_ConceptualMatch_Physical","12","ConceptualMatchingOnly","itchy","blooming","itchy-blooming","ConceptualMatch:physical","NegativeMismatch"
"170","5ef66e81cf5fa435ea9a4e8d","control_Dissimilar","8","DissimilarControl","enter","exit","enter-exit","",""
"171","5ef66e81cf5fa435ea9a4e8d","control_Similar","98","SimilarControl","ask","inquire","ask-inquire","",""
"172","5ef66e81cf5fa435ea9a4e8d","control_Dissimilar","6","DissimilarControl","add","remove","add-remove","",""
"173","5ef66e81cf5fa435ea9a4e8d","control_MaxMismatch","0","MaxMismatch","sunny","hateful","sunny-hateful","PhysicalMismatch","PositiveMismatch"
"174","5ef66e81cf5fa435ea9a4e8d","control_MaxMatch_Positive_Physical","15","MaxMatch","fluffy","decorative","fluffy-decorative","PhysicalMatch","PositiveMatch"
"175","5ef66e81cf5fa435ea9a4e8d","control_MaxMatch_Negative_Social","10","MaxMatch","heartbroken","infuriating","heartbroken-infuriating","SocialMatch","NegativeMatch"
"176","5ef66e81cf5fa435ea9a4e8d","test_ValenceMatch_Positive","19","ValenceMatchingOnly","courageous","newborn","courageous-newborn","SocialMismatch","PositiveMatch"
"177","5ef66e81cf5fa435ea9a4e8d","test_ConceptualMatch_Social","5","ConceptualMatchingOnly","easygoing","infuriating","easygoing-infuriating","ConceptualMatch:social","PositiveMismatch"
"178","5ef66e81cf5fa435ea9a4e8d","control_MaxMatch_Negative_Physical","8","MaxMatch","comatose","rancid","comatose-rancid","PhysicalMatch","NegativeMatch"
"179","5ef66e81cf5fa435ea9a4e8d","control_MaxMatch_Positive_Social","7","MaxMatch","cheerful","courageous","cheerful-courageous","SocialMatch","PositiveMatch"
"180","5ef66e81cf5fa435ea9a4e8d","control_Similar","89","SimilarControl","buy","purchase","buy-purchase","",""
"181","5ef66e81cf5fa435ea9a4e8d","test_ValenceMatch_Negative","10","ValenceMatchingOnly","seasick","humiliating","seasick-humiliating","PhysicalMismatch","NegativeMatch"
"182","5ef66e81cf5fa435ea9a4e8d","test_ConceptualMatch_Physical","4","ConceptualMatchingOnly","lifeless","floral","lifeless-floral","ConceptualMatch:physical","NegativeMismatch"
"183","5ef66e81cf5fa435ea9a4e8d","control_Dissimilar","6","DissimilarControl","rise","fall","rise-fall","",""
"184","5ef66e81cf5fa435ea9a4e8d","control_Similar","70","SimilarControl","use","employ","use-employ","",""
"185","5ef66e81cf5fa435ea9a4e8d","control_Dissimilar","0","DissimilarControl","increase","decrease","increase-decrease","",""
"186","5ef66e81cf5fa435ea9a4e8d","control_MaxMismatch","12","MaxMismatch","fluffy","humiliating","fluffy-humiliating","PhysicalMismatch","PositiveMismatch"
"187","5ef66e81cf5fa435ea9a4e8d","control_MaxMatch_Positive_Physical","10","MaxMatch","nutritious","radiant","nutritious-radiant","PhysicalMatch","PositiveMatch"
"188","5ef66e81cf5fa435ea9a4e8d","control_MaxMatch_Negative_Social","8","MaxMatch","grumpy","stingy","grumpy-stingy","SocialMatch","NegativeMatch"
"189","5ef66e81cf5fa435ea9a4e8d","test_ValenceMatch_Positive","7","ValenceMatchingOnly","brotherly","blooming","brotherly-blooming","SocialMismatch","PositiveMatch"
"190","5ef66e81cf5fa435ea9a4e8d","test_ConceptualMatch_Social","7","ConceptualMatchingOnly","hilarious","stingy","hilarious-stingy","ConceptualMatch:social","PositiveMismatch"
"191","5ef66e81cf5fa435ea9a4e8d","control_MaxMatch_Negative_Physical","8","MaxMatch","seasick","itchy","seasick-itchy","PhysicalMatch","NegativeMatch"
"192","5ef66e81cf5fa435ea9a4e8d","control_MaxMatch_Positive_Social","11","MaxMatch","joyful","dependable","joyful-dependable","SocialMatch","PositiveMatch"
"193","5ef66e81cf5fa435ea9a4e8d","control_Similar","84","SimilarControl","show","display","show-display","",""
"194","5ef66e81cf5fa435ea9a4e8d","test_ValenceMatch_Negative","13","ValenceMatchingOnly","moldy","heartbroken","moldy-heartbroken","PhysicalMismatch","NegativeMatch"
"195","5ef66e81cf5fa435ea9a4e8d","test_ConceptualMatch_Physical","6","ConceptualMatchingOnly","rancid","decorative","rancid-decorative","ConceptualMatch:physical","NegativeMismatch"
"196","62e97dfea1a1ef00cb9f0b10","control_Similar","99","SimilarControl","get","obtain","get-obtain","",""
"197","62e97dfea1a1ef00cb9f0b10","control_Dissimilar","5","DissimilarControl","give","take","give-take","",""
"198","62e97dfea1a1ef00cb9f0b10","test_ConceptualMatch_Physical","35","ConceptualMatchingOnly","comatose","decorative","comatose-decorative","ConceptualMatch:physical","NegativeMismatch"
"199","62e97dfea1a1ef00cb9f0b10","control_MaxMatch_Negative_Social","88","MaxMatch","racist","hateful","racist-hateful","SocialMatch","NegativeMatch"
"200","62e97dfea1a1ef00cb9f0b10","control_MaxMatch_Positive_Physical","25","MaxMatch","radiant","newborn","radiant-newborn","PhysicalMatch","PositiveMatch"
"201","62e97dfea1a1ef00cb9f0b10","control_Similar","80","SimilarControl","use","employ","use-employ","",""
"202","62e97dfea1a1ef00cb9f0b10","control_MaxMatch_Positive_Social","81","MaxMatch","joyful","witty","joyful-witty","SocialMatch","PositiveMatch"
"203","62e97dfea1a1ef00cb9f0b10","control_MaxMatch_Negative_Physical","25","MaxMatch","comatose","seasick","comatose-seasick","PhysicalMatch","NegativeMatch"
"204","62e97dfea1a1ef00cb9f0b10","test_ConceptualMatch_Social","0","ConceptualMatchingOnly","cheerful","racist","cheerful-racist","ConceptualMatch:social","PositiveMismatch"
"205","62e97dfea1a1ef00cb9f0b10","control_Dissimilar","0","DissimilarControl","rise","fall","rise-fall","",""
"206","62e97dfea1a1ef00cb9f0b10","test_ValenceMatch_Negative","9","ValenceMatchingOnly","smelly","greedy","smelly-greedy","PhysicalMismatch","NegativeMatch"
"207","62e97dfea1a1ef00cb9f0b10","control_MaxMismatch","19","MaxMismatch","radiant","greedy","radiant-greedy","PhysicalMismatch","PositiveMismatch"
"208","62e97dfea1a1ef00cb9f0b10","test_ValenceMatch_Positive","23","ValenceMatchingOnly","brotherly","floral","brotherly-floral","SocialMismatch","PositiveMatch"
"209","62e97dfea1a1ef00cb9f0b10","control_Similar","99","SimilarControl","buy","purchase","buy-purchase","",""
"210","62e97dfea1a1ef00cb9f0b10","control_Dissimilar","3","DissimilarControl","increase","decrease","increase-decrease","",""
"211","62e97dfea1a1ef00cb9f0b10","test_ConceptualMatch_Physical","25","ConceptualMatchingOnly","rancid","floral","rancid-floral","ConceptualMatch:physical","NegativeMismatch"
"212","62e97dfea1a1ef00cb9f0b10","control_MaxMatch_Negative_Social","18","MaxMatch","stingy","infuriating","stingy-infuriating","SocialMatch","NegativeMatch"
"213","62e97dfea1a1ef00cb9f0b10","control_MaxMatch_Positive_Physical","79","MaxMatch","floral","decorative","floral-decorative","PhysicalMatch","PositiveMatch"
"214","62e97dfea1a1ef00cb9f0b10","control_Similar","99","SimilarControl","speak","talk","speak-talk","",""
"215","62e97dfea1a1ef00cb9f0b10","control_MaxMatch_Positive_Social","92","MaxMatch","cheerful","hilarious","cheerful-hilarious","SocialMatch","PositiveMatch"
"216","62e97dfea1a1ef00cb9f0b10","control_MaxMatch_Negative_Physical","39","MaxMatch","nauseous","comatose","nauseous-comatose","PhysicalMatch","NegativeMatch"
"217","62e97dfea1a1ef00cb9f0b10","test_ConceptualMatch_Social","70","ConceptualMatchingOnly","cheerful","heartbroken","cheerful-heartbroken","ConceptualMatch:social","PositiveMismatch"
"218","62e97dfea1a1ef00cb9f0b10","control_Dissimilar","11","DissimilarControl","open","close","open-close","",""
"219","62e97dfea1a1ef00cb9f0b10","test_ValenceMatch_Negative","13","ValenceMatchingOnly","seasick","grumpy","seasick-grumpy","PhysicalMismatch","NegativeMatch"
"220","62e97dfea1a1ef00cb9f0b10","control_MaxMismatch","1","MaxMismatch","sunny","stingy","sunny-stingy","PhysicalMismatch","PositiveMismatch"
"221","62e97dfea1a1ef00cb9f0b10","test_ValenceMatch_Positive","34","ValenceMatchingOnly","cheerful","newborn","cheerful-newborn","SocialMismatch","PositiveMatch"
"222","62e97dfea1a1ef00cb9f0b10","control_Similar","78","SimilarControl","need","require","need-require","",""
"223","62e97dfea1a1ef00cb9f0b10","control_Dissimilar","0","DissimilarControl","arrive","leave","arrive-leave","",""
"224","62e97dfea1a1ef00cb9f0b10","test_ConceptualMatch_Physical","0","ConceptualMatchingOnly","itchy","homemade","itchy-homemade","ConceptualMatch:physical","NegativeMismatch"
"225","62e97dfea1a1ef00cb9f0b10","control_MaxMatch_Negative_Social","76","MaxMatch","humiliating","hateful","humiliating-hateful","SocialMatch","NegativeMatch"
"226","62e97dfea1a1ef00cb9f0b10","control_MaxMatch_Positive_Physical","3","MaxMatch","sunny","homemade","sunny-homemade","PhysicalMatch","PositiveMatch"
"227","62e97dfea1a1ef00cb9f0b10","control_Similar","99","SimilarControl","end","finish","end-finish","",""
"228","62e97dfea1a1ef00cb9f0b10","control_MaxMatch_Positive_Social","7","MaxMatch","brotherly","joyful","brotherly-joyful","SocialMatch","PositiveMatch"
"229","62e97dfea1a1ef00cb9f0b10","control_MaxMatch_Negative_Physical","16","MaxMatch","moldy","comatose","moldy-comatose","PhysicalMatch","NegativeMatch"
"230","62e97dfea1a1ef00cb9f0b10","test_ConceptualMatch_Social","19","ConceptualMatchingOnly","selfless","stingy","selfless-stingy","ConceptualMatch:social","PositiveMismatch"
"231","62e97dfea1a1ef00cb9f0b10","control_Dissimilar","8","DissimilarControl","enter","exit","enter-exit","",""
"232","62e97dfea1a1ef00cb9f0b10","test_ValenceMatch_Negative","66","ValenceMatchingOnly","smelly","humiliating","smelly-humiliating","PhysicalMismatch","NegativeMatch"
"233","62e97dfea1a1ef00cb9f0b10","control_MaxMismatch","61","MaxMismatch","blooming","heartbroken","blooming-heartbroken","PhysicalMismatch","PositiveMismatch"
"234","62e97dfea1a1ef00cb9f0b10","test_ValenceMatch_Positive","76","ValenceMatchingOnly","easygoing","decorative","easygoing-decorative","SocialMismatch","PositiveMatch"
"235","62e97dfea1a1ef00cb9f0b10","control_Similar","92","SimilarControl","show","display","show-display","",""
"236","62e97dfea1a1ef00cb9f0b10","control_Dissimilar","0","DissimilarControl","push","pull","push-pull","",""
"237","62e97dfea1a1ef00cb9f0b10","test_ConceptualMatch_Physical","11","ConceptualMatchingOnly","itchy","floral","itchy-floral","ConceptualMatch:physical","NegativeMismatch"
"238","62e97dfea1a1ef00cb9f0b10","control_MaxMatch_Negative_Social","87","MaxMatch","infuriating","hateful","infuriating-hateful","SocialMatch","NegativeMatch"
"239","62e97dfea1a1ef00cb9f0b10","control_MaxMatch_Positive_Physical","51","MaxMatch","nutritious","radiant","nutritious-radiant","PhysicalMatch","PositiveMatch"
"240","62e97dfea1a1ef00cb9f0b10","control_Similar","99","SimilarControl","begin","start","begin-start","",""
"241","62e97dfea1a1ef00cb9f0b10","control_MaxMatch_Positive_Social","77","MaxMatch","cheerful","carefree","cheerful-carefree","SocialMatch","PositiveMatch"
"242","62e97dfea1a1ef00cb9f0b10","control_MaxMatch_Negative_Physical","89","MaxMatch","moldy","rancid","moldy-rancid","PhysicalMatch","NegativeMatch"
"243","62e97dfea1a1ef00cb9f0b10","test_ConceptualMatch_Social","24","ConceptualMatchingOnly","selfless","humiliating","selfless-humiliating","ConceptualMatch:social","PositiveMismatch"
"244","62e97dfea1a1ef00cb9f0b10","control_Dissimilar","11","DissimilarControl","begin","end","begin-end","",""
"245","62e97dfea1a1ef00cb9f0b10","test_ValenceMatch_Negative","18","ValenceMatchingOnly","moldy","insulting","moldy-insulting","PhysicalMismatch","NegativeMatch"
"246","62e97dfea1a1ef00cb9f0b10","control_MaxMismatch","63","MaxMismatch","sunny","grumpy","sunny-grumpy","PhysicalMismatch","PositiveMismatch"
"247","62e97dfea1a1ef00cb9f0b10","test_ValenceMatch_Positive","64","ValenceMatchingOnly","hilarious","sunny","hilarious-sunny","SocialMismatch","PositiveMatch"
"248","62e97dfea1a1ef00cb9f0b10","control_Similar","99","SimilarControl","ask","inquire","ask-inquire","",""
"249","62e97dfea1a1ef00cb9f0b10","control_Dissimilar","1","DissimilarControl","come","go","come-go","",""
"250","62e97dfea1a1ef00cb9f0b10","test_ConceptualMatch_Physical","18","ConceptualMatchingOnly","lifeless","blooming","lifeless-blooming","ConceptualMatch:physical","NegativeMismatch"
"251","62e97dfea1a1ef00cb9f0b10","control_MaxMatch_Negative_Social","83","MaxMatch","grumpy","dreaded","grumpy-dreaded","SocialMatch","NegativeMatch"
"252","62e97dfea1a1ef00cb9f0b10","control_MaxMatch_Positive_Physical","28","MaxMatch","oceanic","nutritious","oceanic-nutritious","PhysicalMatch","PositiveMatch"
"253","62e97dfea1a1ef00cb9f0b10","control_Similar","99","SimilarControl","help","assist","help-assist","",""
"254","62e97dfea1a1ef00cb9f0b10","control_MaxMatch_Positive_Social","93","MaxMatch","easygoing","carefree","easygoing-carefree","SocialMatch","PositiveMatch"
"255","62e97dfea1a1ef00cb9f0b10","control_MaxMatch_Negative_Physical","28","MaxMatch","moldy","itchy","moldy-itchy","PhysicalMatch","NegativeMatch"
"256","62e97dfea1a1ef00cb9f0b10","test_ConceptualMatch_Social","18","ConceptualMatchingOnly","joyful","humiliating","joyful-humiliating","ConceptualMatch:social","PositiveMismatch"
"257","62e97dfea1a1ef00cb9f0b10","control_Dissimilar","0","DissimilarControl","add","remove","add-remove","",""
"258","62e97dfea1a1ef00cb9f0b10","test_ValenceMatch_Negative","14","ValenceMatchingOnly","seasick","greedy","seasick-greedy","PhysicalMismatch","NegativeMatch"
"259","62e97dfea1a1ef00cb9f0b10","control_MaxMismatch","12","MaxMismatch","newborn","insulting","newborn-insulting","PhysicalMismatch","PositiveMismatch"
"260","62e97dfea1a1ef00cb9f0b10","test_ValenceMatch_Positive","69","ValenceMatchingOnly","cheerful","oceanic","cheerful-oceanic","SocialMismatch","PositiveMatch"
"261","65a09ede5747bb3166d505a4","control_Dissimilar","8","DissimilarControl","rise","fall","rise-fall","",""
"262","65a09ede5747bb3166d505a4","control_Similar","88","SimilarControl","ask","inquire","ask-inquire","",""
"263","65a09ede5747bb3166d505a4","control_MaxMatch_Negative_Physical","59","MaxMatch","excruciating","lifeless","excruciating-lifeless","PhysicalMatch","NegativeMatch"
"264","65a09ede5747bb3166d505a4","control_MaxMatch_Positive_Social","94","MaxMatch","joyful","cheerful","joyful-cheerful","SocialMatch","PositiveMatch"
"265","65a09ede5747bb3166d505a4","control_Dissimilar","5","DissimilarControl","push","pull","push-pull","",""
"266","65a09ede5747bb3166d505a4","test_ValenceMatch_Positive","74","ValenceMatchingOnly","joyful","newborn","joyful-newborn","SocialMismatch","PositiveMatch"
"267","65a09ede5747bb3166d505a4","control_MaxMismatch","7","MaxMismatch","newborn","racist","newborn-racist","PhysicalMismatch","PositiveMismatch"
"268","65a09ede5747bb3166d505a4","control_Similar","80","SimilarControl","use","employ","use-employ","",""
"269","65a09ede5747bb3166d505a4","control_MaxMatch_Negative_Social","72","MaxMatch","heartbroken","dreaded","heartbroken-dreaded","SocialMatch","NegativeMatch"
"270","65a09ede5747bb3166d505a4","control_MaxMatch_Positive_Physical","85","MaxMatch","blooming","newborn","blooming-newborn","PhysicalMatch","PositiveMatch"
"271","65a09ede5747bb3166d505a4","test_ConceptualMatch_Social","17","ConceptualMatchingOnly","carefree","greedy","carefree-greedy","ConceptualMatch:social","PositiveMismatch"
"272","65a09ede5747bb3166d505a4","test_ConceptualMatch_Physical","24","ConceptualMatchingOnly","smelly","newborn","smelly-newborn","ConceptualMatch:physical","NegativeMismatch"
"273","65a09ede5747bb3166d505a4","test_ValenceMatch_Negative","61","ValenceMatchingOnly","moldy","greedy","moldy-greedy","PhysicalMismatch","NegativeMatch"
"274","65a09ede5747bb3166d505a4","control_Dissimilar","17","DissimilarControl","add","remove","add-remove","",""
"275","65a09ede5747bb3166d505a4","control_Similar","99","SimilarControl","buy","purchase","buy-purchase","",""
"276","65a09ede5747bb3166d505a4","control_MaxMatch_Negative_Physical","67","MaxMatch","moldy","lifeless","moldy-lifeless","PhysicalMatch","NegativeMatch"
"277","65a09ede5747bb3166d505a4","control_MaxMatch_Positive_Social","72","MaxMatch","brotherly","joyful","brotherly-joyful","SocialMatch","PositiveMatch"
"278","65a09ede5747bb3166d505a4","control_Dissimilar","9","DissimilarControl","enter","exit","enter-exit","",""
"279","65a09ede5747bb3166d505a4","test_ValenceMatch_Positive","88","ValenceMatchingOnly","joyful","fluffy","joyful-fluffy","SocialMismatch","PositiveMatch"
"280","65a09ede5747bb3166d505a4","control_MaxMismatch","7","MaxMismatch","floral","humiliating","floral-humiliating","PhysicalMismatch","PositiveMismatch"
"281","65a09ede5747bb3166d505a4","control_Similar","99","SimilarControl","speak","talk","speak-talk","",""
"282","65a09ede5747bb3166d505a4","control_MaxMatch_Negative_Social","91","MaxMatch","greedy","stingy","greedy-stingy","SocialMatch","NegativeMatch"
"283","65a09ede5747bb3166d505a4","control_MaxMatch_Positive_Physical","36","MaxMatch","oceanic","homemade","oceanic-homemade","PhysicalMatch","PositiveMatch"
"284","65a09ede5747bb3166d505a4","test_ConceptualMatch_Social","34","ConceptualMatchingOnly","carefree","dreaded","carefree-dreaded","ConceptualMatch:social","PositiveMismatch"
"285","65a09ede5747bb3166d505a4","test_ConceptualMatch_Physical","11","ConceptualMatchingOnly","seasick","newborn","seasick-newborn","ConceptualMatch:physical","NegativeMismatch"
"286","65a09ede5747bb3166d505a4","test_ValenceMatch_Negative","67","ValenceMatchingOnly","rancid","insulting","rancid-insulting","PhysicalMismatch","NegativeMatch"
"287","65a09ede5747bb3166d505a4","control_Dissimilar","22","DissimilarControl","come","go","come-go","",""
"288","65a09ede5747bb3166d505a4","control_Similar","99","SimilarControl","begin","start","begin-start","",""
"289","65a09ede5747bb3166d505a4","control_MaxMatch_Negative_Physical","80","MaxMatch","lifeless","smelly","lifeless-smelly","PhysicalMatch","NegativeMatch"
"290","65a09ede5747bb3166d505a4","control_MaxMatch_Positive_Social","91","MaxMatch","cheerful","selfless","cheerful-selfless","SocialMatch","PositiveMatch"
"291","65a09ede5747bb3166d505a4","control_Dissimilar","14","DissimilarControl","give","take","give-take","",""
"292","65a09ede5747bb3166d505a4","test_ValenceMatch_Positive","80","ValenceMatchingOnly","brotherly","sunny","brotherly-sunny","SocialMismatch","PositiveMatch"
"293","65a09ede5747bb3166d505a4","control_MaxMismatch","0","MaxMismatch","decorative","hateful","decorative-hateful","PhysicalMismatch","PositiveMismatch"
"294","65a09ede5747bb3166d505a4","control_Similar","99","SimilarControl","get","obtain","get-obtain","",""
"295","65a09ede5747bb3166d505a4","control_MaxMatch_Negative_Social","68","MaxMatch","insulting","greedy","insulting-greedy","SocialMatch","NegativeMatch"
"296","65a09ede5747bb3166d505a4","control_MaxMatch_Positive_Physical","77","MaxMatch","decorative","radiant","decorative-radiant","PhysicalMatch","PositiveMatch"
"297","65a09ede5747bb3166d505a4","test_ConceptualMatch_Social","10","ConceptualMatchingOnly","selfless","humiliating","selfless-humiliating","ConceptualMatch:social","PositiveMismatch"
"298","65a09ede5747bb3166d505a4","test_ConceptualMatch_Physical","0","ConceptualMatchingOnly","comatose","sunny","comatose-sunny","ConceptualMatch:physical","NegativeMismatch"
"299","65a09ede5747bb3166d505a4","test_ValenceMatch_Negative","72","ValenceMatchingOnly","smelly","humiliating","smelly-humiliating","PhysicalMismatch","NegativeMatch"
"300","65a09ede5747bb3166d505a4","control_Dissimilar","20","DissimilarControl","arrive","leave","arrive-leave","",""
"301","65a09ede5747bb3166d505a4","control_Similar","99","SimilarControl","need","require","need-require","",""
"302","65a09ede5747bb3166d505a4","control_MaxMatch_Negative_Physical","72","MaxMatch","excruciating","rancid","excruciating-rancid","PhysicalMatch","NegativeMatch"
"303","65a09ede5747bb3166d505a4","control_MaxMatch_Positive_Social","33","MaxMatch","brotherly","witty","brotherly-witty","SocialMatch","PositiveMatch"
"304","65a09ede5747bb3166d505a4","control_Dissimilar","7","DissimilarControl","begin","end","begin-end","",""
"305","65a09ede5747bb3166d505a4","test_ValenceMatch_Positive","89","ValenceMatchingOnly","carefree","radiant","carefree-radiant","SocialMismatch","PositiveMatch"
"306","65a09ede5747bb3166d505a4","control_MaxMismatch","12","MaxMismatch","oceanic","insulting","oceanic-insulting","PhysicalMismatch","PositiveMismatch"
"307","65a09ede5747bb3166d505a4","control_Similar","97","SimilarControl","end","finish","end-finish","",""
"308","65a09ede5747bb3166d505a4","control_MaxMatch_Negative_Social","80","MaxMatch","grumpy","dreaded","grumpy-dreaded","SocialMatch","NegativeMatch"
"309","65a09ede5747bb3166d505a4","control_MaxMatch_Positive_Physical","99","MaxMatch","sunny","radiant","sunny-radiant","PhysicalMatch","PositiveMatch"
"310","65a09ede5747bb3166d505a4","test_ConceptualMatch_Social","17","ConceptualMatchingOnly","cheerful","humiliating","cheerful-humiliating","ConceptualMatch:social","PositiveMismatch"
"311","65a09ede5747bb3166d505a4","test_ConceptualMatch_Physical","0","ConceptualMatchingOnly","itchy","nutritious","itchy-nutritious","ConceptualMatch:physical","NegativeMismatch"
"312","65a09ede5747bb3166d505a4","test_ValenceMatch_Negative","83","ValenceMatchingOnly","smelly","insulting","smelly-insulting","PhysicalMismatch","NegativeMatch"
"313","65a09ede5747bb3166d505a4","control_Dissimilar","9","DissimilarControl","open","close","open-close","",""
"314","65a09ede5747bb3166d505a4","control_Similar","99","SimilarControl","help","assist","help-assist","",""
"315","65a09ede5747bb3166d505a4","control_MaxMatch_Negative_Physical","84","MaxMatch","moldy","comatose","moldy-comatose","PhysicalMatch","NegativeMatch"
"316","65a09ede5747bb3166d505a4","control_MaxMatch_Positive_Social","77","MaxMatch","selfless","courageous","selfless-courageous","SocialMatch","PositiveMatch"
"317","65a09ede5747bb3166d505a4","control_Dissimilar","9","DissimilarControl","increase","decrease","increase-decrease","",""
"318","65a09ede5747bb3166d505a4","test_ValenceMatch_Positive","69","ValenceMatchingOnly","courageous","oceanic","courageous-oceanic","SocialMismatch","PositiveMatch"
"319","65a09ede5747bb3166d505a4","control_MaxMismatch","6","MaxMismatch","floral","stingy","floral-stingy","PhysicalMismatch","PositiveMismatch"
"320","65a09ede5747bb3166d505a4","control_Similar","81","SimilarControl","show","display","show-display","",""
"321","65a09ede5747bb3166d505a4","control_MaxMatch_Negative_Social","70","MaxMatch","grumpy","stingy","grumpy-stingy","SocialMatch","NegativeMatch"
"322","65a09ede5747bb3166d505a4","control_MaxMatch_Positive_Physical","9","MaxMatch","oceanic","newborn","oceanic-newborn","PhysicalMatch","PositiveMatch"
"323","65a09ede5747bb3166d505a4","test_ConceptualMatch_Social","0","ConceptualMatchingOnly","joyful","infuriating","joyful-infuriating","ConceptualMatch:social","PositiveMismatch"
"324","65a09ede5747bb3166d505a4","test_ConceptualMatch_Physical","10","ConceptualMatchingOnly","seasick","fluffy","seasick-fluffy","ConceptualMatch:physical","NegativeMismatch"
"325","65a09ede5747bb3166d505a4","test_ValenceMatch_Negative","63","ValenceMatchingOnly","comatose","greedy","comatose-greedy","PhysicalMismatch","NegativeMatch"
"326","65dca046786b41c22b4de4e6","control_Similar","95","SimilarControl","use","employ","use-employ","",""
"327","65dca046786b41c22b4de4e6","control_Dissimilar","1","DissimilarControl","enter","exit","enter-exit","",""
"328","65dca046786b41c22b4de4e6","test_ConceptualMatch_Social","5","ConceptualMatchingOnly","cheerful","stingy","cheerful-stingy","ConceptualMatch:social","PositiveMismatch"
"329","65dca046786b41c22b4de4e6","control_MaxMatch_Positive_Social","31","MaxMatch","hilarious","courageous","hilarious-courageous","SocialMatch","PositiveMatch"
"330","65dca046786b41c22b4de4e6","test_ConceptualMatch_Physical","49","ConceptualMatchingOnly","itchy","homemade","itchy-homemade","ConceptualMatch:physical","NegativeMismatch"
"331","65dca046786b41c22b4de4e6","control_MaxMismatch","50","MaxMismatch","decorative","heartbroken","decorative-heartbroken","PhysicalMismatch","PositiveMismatch"
"332","65dca046786b41c22b4de4e6","control_Similar","98","SimilarControl","show","display","show-display","",""
"333","65dca046786b41c22b4de4e6","test_ValenceMatch_Positive","49","ValenceMatchingOnly","easygoing","oceanic","easygoing-oceanic","SocialMismatch","PositiveMatch"
"334","65dca046786b41c22b4de4e6","control_MaxMatch_Negative_Social","66","MaxMatch","dreaded","stingy","dreaded-stingy","SocialMatch","NegativeMatch"
"335","65dca046786b41c22b4de4e6","test_ValenceMatch_Negative","62","ValenceMatchingOnly","rancid","hateful","rancid-hateful","PhysicalMismatch","NegativeMatch"
"336","65dca046786b41c22b4de4e6","control_Dissimilar","0","DissimilarControl","open","close","open-close","",""
"337","65dca046786b41c22b4de4e6","control_MaxMatch_Negative_Physical","61","MaxMatch","nauseous","smelly","nauseous-smelly","PhysicalMatch","NegativeMatch"
"338","65dca046786b41c22b4de4e6","control_MaxMatch_Positive_Physical","57","MaxMatch","nutritious","radiant","nutritious-radiant","PhysicalMatch","PositiveMatch"
"339","65dca046786b41c22b4de4e6","control_Similar","99","SimilarControl","begin","start","begin-start","",""
"340","65dca046786b41c22b4de4e6","control_Dissimilar","0","DissimilarControl","push","pull","push-pull","",""
"341","65dca046786b41c22b4de4e6","test_ConceptualMatch_Social","38","ConceptualMatchingOnly","courageous","stingy","courageous-stingy","ConceptualMatch:social","PositiveMismatch"
"342","65dca046786b41c22b4de4e6","control_MaxMatch_Positive_Social","41","MaxMatch","selfless","witty","selfless-witty","SocialMatch","PositiveMatch"
"343","65dca046786b41c22b4de4e6","test_ConceptualMatch_Physical","46","ConceptualMatchingOnly","lifeless","decorative","lifeless-decorative","ConceptualMatch:physical","NegativeMismatch"
"344","65dca046786b41c22b4de4e6","control_MaxMismatch","49","MaxMismatch","nutritious","insulting","nutritious-insulting","PhysicalMismatch","PositiveMismatch"
"345","65dca046786b41c22b4de4e6","control_Similar","99","SimilarControl","get","obtain","get-obtain","",""
"346","65dca046786b41c22b4de4e6","test_ValenceMatch_Positive","55","ValenceMatchingOnly","dependable","oceanic","dependable-oceanic","SocialMismatch","PositiveMatch"
"347","65dca046786b41c22b4de4e6","control_MaxMatch_Negative_Social","48","MaxMatch","greedy","humiliating","greedy-humiliating","SocialMatch","NegativeMatch"
"348","65dca046786b41c22b4de4e6","test_ValenceMatch_Negative","55","ValenceMatchingOnly","excruciating","insulting","excruciating-insulting","PhysicalMismatch","NegativeMatch"
"349","65dca046786b41c22b4de4e6","control_Dissimilar","0","DissimilarControl","increase","decrease","increase-decrease","",""
"350","65dca046786b41c22b4de4e6","control_MaxMatch_Negative_Physical","40","MaxMatch","obese","itchy","obese-itchy","PhysicalMatch","NegativeMatch"
"351","65dca046786b41c22b4de4e6","control_MaxMatch_Positive_Physical","39","MaxMatch","oceanic","radiant","oceanic-radiant","PhysicalMatch","PositiveMatch"
"352","65dca046786b41c22b4de4e6","control_Similar","99","SimilarControl","need","require","need-require","",""
"353","65dca046786b41c22b4de4e6","control_Dissimilar","0","DissimilarControl","arrive","leave","arrive-leave","",""
"354","65dca046786b41c22b4de4e6","test_ConceptualMatch_Social","15","ConceptualMatchingOnly","easygoing","dreaded","easygoing-dreaded","ConceptualMatch:social","PositiveMismatch"
"355","65dca046786b41c22b4de4e6","control_MaxMatch_Positive_Social","99","MaxMatch","easygoing","carefree","easygoing-carefree","SocialMatch","PositiveMatch"
"356","65dca046786b41c22b4de4e6","test_ConceptualMatch_Physical","47","ConceptualMatchingOnly","nauseous","blooming","nauseous-blooming","ConceptualMatch:physical","NegativeMismatch"
"357","65dca046786b41c22b4de4e6","control_MaxMismatch","37","MaxMismatch","homemade","dreaded","homemade-dreaded","PhysicalMismatch","PositiveMismatch"
"358","65dca046786b41c22b4de4e6","control_Similar","99","SimilarControl","end","finish","end-finish","",""
"359","65dca046786b41c22b4de4e6","test_ValenceMatch_Positive","52","ValenceMatchingOnly","brotherly","oceanic","brotherly-oceanic","SocialMismatch","PositiveMatch"
"360","65dca046786b41c22b4de4e6","control_MaxMatch_Negative_Social","65","MaxMatch","heartbroken","humiliating","heartbroken-humiliating","SocialMatch","NegativeMatch"
"361","65dca046786b41c22b4de4e6","test_ValenceMatch_Negative","65","ValenceMatchingOnly","excruciating","stingy","excruciating-stingy","PhysicalMismatch","NegativeMatch"
"362","65dca046786b41c22b4de4e6","control_Dissimilar","0","DissimilarControl","rise","fall","rise-fall","",""
"363","65dca046786b41c22b4de4e6","control_MaxMatch_Negative_Physical","28","MaxMatch","lifeless","seasick","lifeless-seasick","PhysicalMatch","NegativeMatch"
"364","65dca046786b41c22b4de4e6","control_MaxMatch_Positive_Physical","42","MaxMatch","floral","newborn","floral-newborn","PhysicalMatch","PositiveMatch"
"365","65dca046786b41c22b4de4e6","control_Similar","99","SimilarControl","buy","purchase","buy-purchase","",""
"366","65dca046786b41c22b4de4e6","control_Dissimilar","0","DissimilarControl","come","go","come-go","",""
"367","65dca046786b41c22b4de4e6","test_ConceptualMatch_Social","11","ConceptualMatchingOnly","selfless","racist","selfless-racist","ConceptualMatch:social","PositiveMismatch"
"368","65dca046786b41c22b4de4e6","control_MaxMatch_Positive_Social","36","MaxMatch","joyful","selfless","joyful-selfless","SocialMatch","PositiveMatch"
"369","65dca046786b41c22b4de4e6","test_ConceptualMatch_Physical","57","ConceptualMatchingOnly","itchy","floral","itchy-floral","ConceptualMatch:physical","NegativeMismatch"
"370","65dca046786b41c22b4de4e6","control_MaxMismatch","21","MaxMismatch","decorative","stingy","decorative-stingy","PhysicalMismatch","PositiveMismatch"
"371","65dca046786b41c22b4de4e6","control_Similar","99","SimilarControl","speak","talk","speak-talk","",""
"372","65dca046786b41c22b4de4e6","test_ValenceMatch_Positive","36","ValenceMatchingOnly","selfless","oceanic","selfless-oceanic","SocialMismatch","PositiveMatch"
"373","65dca046786b41c22b4de4e6","control_MaxMatch_Negative_Social","83","MaxMatch","grumpy","stingy","grumpy-stingy","SocialMatch","NegativeMatch"
"374","65dca046786b41c22b4de4e6","test_ValenceMatch_Negative","57","ValenceMatchingOnly","nauseous","humiliating","nauseous-humiliating","PhysicalMismatch","NegativeMatch"
"375","65dca046786b41c22b4de4e6","control_Dissimilar","0","DissimilarControl","begin","end","begin-end","",""
"376","65dca046786b41c22b4de4e6","control_MaxMatch_Negative_Physical","55","MaxMatch","comatose","smelly","comatose-smelly","PhysicalMatch","NegativeMatch"
"377","65dca046786b41c22b4de4e6","control_MaxMatch_Positive_Physical","36","MaxMatch","fluffy","newborn","fluffy-newborn","PhysicalMatch","PositiveMatch"
"378","65dca046786b41c22b4de4e6","control_Similar","99","SimilarControl","ask","inquire","ask-inquire","",""
"379","65dca046786b41c22b4de4e6","control_Dissimilar","0","DissimilarControl","add","remove","add-remove","",""
"380","65dca046786b41c22b4de4e6","test_ConceptualMatch_Social","25","ConceptualMatchingOnly","brotherly","insulting","brotherly-insulting","ConceptualMatch:social","PositiveMismatch"
"381","65dca046786b41c22b4de4e6","control_MaxMatch_Positive_Social","46","MaxMatch","dependable","witty","dependable-witty","SocialMatch","PositiveMatch"
"382","65dca046786b41c22b4de4e6","test_ConceptualMatch_Physical","60","ConceptualMatchingOnly","seasick","blooming","seasick-blooming","ConceptualMatch:physical","NegativeMismatch"
"383","65dca046786b41c22b4de4e6","control_MaxMismatch","33","MaxMismatch","sunny","infuriating","sunny-infuriating","PhysicalMismatch","PositiveMismatch"
"384","65dca046786b41c22b4de4e6","control_Similar","99","SimilarControl","help","assist","help-assist","",""
"385","65dca046786b41c22b4de4e6","test_ValenceMatch_Positive","45","ValenceMatchingOnly","hilarious","decorative","hilarious-decorative","SocialMismatch","PositiveMatch"
"386","65dca046786b41c22b4de4e6","control_MaxMatch_Negative_Social","54","MaxMatch","greedy","racist","greedy-racist","SocialMatch","NegativeMatch"
"387","65dca046786b41c22b4de4e6","test_ValenceMatch_Negative","41","ValenceMatchingOnly","seasick","humiliating","seasick-humiliating","PhysicalMismatch","NegativeMatch"
"388","65dca046786b41c22b4de4e6","control_Dissimilar","2","DissimilarControl","give","take","give-take","",""
"389","65dca046786b41c22b4de4e6","control_MaxMatch_Negative_Physical","68","MaxMatch","nauseous","comatose","nauseous-comatose","PhysicalMatch","NegativeMatch"
"390","65dca046786b41c22b4de4e6","control_MaxMatch_Positive_Physical","47","MaxMatch","oceanic","newborn","oceanic-newborn","PhysicalMatch","PositiveMatch"
"391","610055ffe4d2514e9cf1073f","control_Similar","97","SimilarControl","show","display","show-display","",""
"392","610055ffe4d2514e9cf1073f","control_Dissimilar","0","DissimilarControl","open","close","open-close","",""
"393","610055ffe4d2514e9cf1073f","control_MaxMatch_Positive_Physical","64","MaxMatch","fluffy","sunny","fluffy-sunny","PhysicalMatch","PositiveMatch"
"394","610055ffe4d2514e9cf1073f","control_MaxMatch_Negative_Physical","99","MaxMatch","nauseous","rancid","nauseous-rancid","PhysicalMatch","NegativeMatch"
"395","610055ffe4d2514e9cf1073f","test_ValenceMatch_Positive","42","ValenceMatchingOnly","witty","nutritious","witty-nutritious","SocialMismatch","PositiveMatch"
"396","610055ffe4d2514e9cf1073f","control_Similar","98","SimilarControl","use","employ","use-employ","",""
"397","610055ffe4d2514e9cf1073f","test_ConceptualMatch_Physical","0","ConceptualMatchingOnly","smelly","nutritious","smelly-nutritious","ConceptualMatch:physical","NegativeMismatch"
"398","610055ffe4d2514e9cf1073f","control_MaxMismatch","0","MaxMismatch","blooming","racist","blooming-racist","PhysicalMismatch","PositiveMismatch"
"399","610055ffe4d2514e9cf1073f","test_ValenceMatch_Negative","15","ValenceMatchingOnly","itchy","hateful","itchy-hateful","PhysicalMismatch","NegativeMatch"
"400","610055ffe4d2514e9cf1073f","test_ConceptualMatch_Social","0","ConceptualMatchingOnly","courageous","greedy","courageous-greedy","ConceptualMatch:social","PositiveMismatch"
"401","610055ffe4d2514e9cf1073f","control_Dissimilar","0","DissimilarControl","come","go","come-go","",""
"402","610055ffe4d2514e9cf1073f","control_MaxMatch_Positive_Social","66","MaxMatch","joyful","courageous","joyful-courageous","SocialMatch","PositiveMatch"
"403","610055ffe4d2514e9cf1073f","control_MaxMatch_Negative_Social","18","MaxMatch","greedy","humiliating","greedy-humiliating","SocialMatch","NegativeMatch"
"404","610055ffe4d2514e9cf1073f","control_Similar","98","SimilarControl","help","assist","help-assist","",""
"405","610055ffe4d2514e9cf1073f","control_Dissimilar","0","DissimilarControl","add","remove","add-remove","",""
"406","610055ffe4d2514e9cf1073f","control_MaxMatch_Positive_Physical","24","MaxMatch","fluffy","nutritious","fluffy-nutritious","PhysicalMatch","PositiveMatch"
"407","610055ffe4d2514e9cf1073f","control_MaxMatch_Negative_Physical","25","MaxMatch","itchy","smelly","itchy-smelly","PhysicalMatch","NegativeMatch"
"408","610055ffe4d2514e9cf1073f","test_ValenceMatch_Positive","0","ValenceMatchingOnly","easygoing","newborn","easygoing-newborn","SocialMismatch","PositiveMatch"
"409","610055ffe4d2514e9cf1073f","control_Similar","99","SimilarControl","buy","purchase","buy-purchase","",""
"410","610055ffe4d2514e9cf1073f","test_ConceptualMatch_Physical","0","ConceptualMatchingOnly","itchy","newborn","itchy-newborn","ConceptualMatch:physical","NegativeMismatch"
"411","610055ffe4d2514e9cf1073f","control_MaxMismatch","5","MaxMismatch","fluffy","grumpy","fluffy-grumpy","PhysicalMismatch","PositiveMismatch"
"412","610055ffe4d2514e9cf1073f","test_ValenceMatch_Negative","68","ValenceMatchingOnly","excruciating","grumpy","excruciating-grumpy","PhysicalMismatch","NegativeMatch"
"413","610055ffe4d2514e9cf1073f","test_ConceptualMatch_Social","0","ConceptualMatchingOnly","hilarious","heartbroken","hilarious-heartbroken","ConceptualMatch:social","PositiveMismatch"
"414","610055ffe4d2514e9cf1073f","control_Dissimilar","0","DissimilarControl","push","pull","push-pull","",""
"415","610055ffe4d2514e9cf1073f","control_MaxMatch_Positive_Social","75","MaxMatch","brotherly","easygoing","brotherly-easygoing","SocialMatch","PositiveMatch"
"416","610055ffe4d2514e9cf1073f","control_MaxMatch_Negative_Social","27","MaxMatch","greedy","hateful","greedy-hateful","SocialMatch","NegativeMatch"
"417","610055ffe4d2514e9cf1073f","control_Similar","99","SimilarControl","speak","talk","speak-talk","",""
"418","610055ffe4d2514e9cf1073f","control_Dissimilar","1","DissimilarControl","rise","fall","rise-fall","",""
"419","610055ffe4d2514e9cf1073f","control_MaxMatch_Positive_Physical","80","MaxMatch","decorative","homemade","decorative-homemade","PhysicalMatch","PositiveMatch"
"420","610055ffe4d2514e9cf1073f","control_MaxMatch_Negative_Physical","0","MaxMatch","obese","seasick","obese-seasick","PhysicalMatch","NegativeMatch"
"421","610055ffe4d2514e9cf1073f","test_ValenceMatch_Positive","99","ValenceMatchingOnly","cheerful","sunny","cheerful-sunny","SocialMismatch","PositiveMatch"
"422","610055ffe4d2514e9cf1073f","control_Similar","99","SimilarControl","end","finish","end-finish","",""
"423","610055ffe4d2514e9cf1073f","test_ConceptualMatch_Physical","12","ConceptualMatchingOnly","itchy","homemade","itchy-homemade","ConceptualMatch:physical","NegativeMismatch"
"424","610055ffe4d2514e9cf1073f","control_MaxMismatch","0","MaxMismatch","sunny","insulting","sunny-insulting","PhysicalMismatch","PositiveMismatch"
"425","610055ffe4d2514e9cf1073f","test_ValenceMatch_Negative","10","ValenceMatchingOnly","excruciating","racist","excruciating-racist","PhysicalMismatch","NegativeMatch"
"426","610055ffe4d2514e9cf1073f","test_ConceptualMatch_Social","0","ConceptualMatchingOnly","easygoing","stingy","easygoing-stingy","ConceptualMatch:social","PositiveMismatch"
"427","610055ffe4d2514e9cf1073f","control_Dissimilar","0","DissimilarControl","increase","decrease","increase-decrease","",""
"428","610055ffe4d2514e9cf1073f","control_MaxMatch_Positive_Social","99","MaxMatch","cheerful","hilarious","cheerful-hilarious","SocialMatch","PositiveMatch"
"429","610055ffe4d2514e9cf1073f","control_MaxMatch_Negative_Social","76","MaxMatch","insulting","heartbroken","insulting-heartbroken","SocialMatch","NegativeMatch"
"430","610055ffe4d2514e9cf1073f","control_Similar","99","SimilarControl","need","require","need-require","",""
"431","610055ffe4d2514e9cf1073f","control_Dissimilar","0","DissimilarControl","give","take","give-take","",""
"432","610055ffe4d2514e9cf1073f","control_MaxMatch_Positive_Physical","39","MaxMatch","fluffy","floral","fluffy-floral","PhysicalMatch","PositiveMatch"
"433","610055ffe4d2514e9cf1073f","control_MaxMatch_Negative_Physical","7","MaxMatch","moldy","comatose","moldy-comatose","PhysicalMatch","NegativeMatch"
"434","610055ffe4d2514e9cf1073f","test_ValenceMatch_Positive","0","ValenceMatchingOnly","hilarious","newborn","hilarious-newborn","SocialMismatch","PositiveMatch"
"435","610055ffe4d2514e9cf1073f","control_Similar","99","SimilarControl","begin","start","begin-start","",""
"436","610055ffe4d2514e9cf1073f","test_ConceptualMatch_Physical","3","ConceptualMatchingOnly","seasick","blooming","seasick-blooming","ConceptualMatch:physical","NegativeMismatch"
"437","610055ffe4d2514e9cf1073f","control_MaxMismatch","0","MaxMismatch","homemade","humiliating","homemade-humiliating","PhysicalMismatch","PositiveMismatch"
"438","610055ffe4d2514e9cf1073f","test_ValenceMatch_Negative","0","ValenceMatchingOnly","moldy","humiliating","moldy-humiliating","PhysicalMismatch","NegativeMatch"
"439","610055ffe4d2514e9cf1073f","test_ConceptualMatch_Social","2","ConceptualMatchingOnly","courageous","hateful","courageous-hateful","ConceptualMatch:social","PositiveMismatch"
"440","610055ffe4d2514e9cf1073f","control_Dissimilar","0","DissimilarControl","enter","exit","enter-exit","",""
"441","610055ffe4d2514e9cf1073f","control_MaxMatch_Positive_Social","33","MaxMatch","hilarious","courageous","hilarious-courageous","SocialMatch","PositiveMatch"
"442","610055ffe4d2514e9cf1073f","control_MaxMatch_Negative_Social","99","MaxMatch","infuriating","hateful","infuriating-hateful","SocialMatch","NegativeMatch"
"443","610055ffe4d2514e9cf1073f","control_Similar","99","SimilarControl","ask","inquire","ask-inquire","",""
"444","610055ffe4d2514e9cf1073f","control_Dissimilar","0","DissimilarControl","arrive","leave","arrive-leave","",""
"445","610055ffe4d2514e9cf1073f","control_MaxMatch_Positive_Physical","7","MaxMatch","fluffy","newborn","fluffy-newborn","PhysicalMatch","PositiveMatch"
"446","610055ffe4d2514e9cf1073f","control_MaxMatch_Negative_Physical","0","MaxMatch","excruciating","obese","excruciating-obese","PhysicalMatch","NegativeMatch"
"447","610055ffe4d2514e9cf1073f","test_ValenceMatch_Positive","11","ValenceMatchingOnly","carefree","floral","carefree-floral","SocialMismatch","PositiveMatch"
"448","610055ffe4d2514e9cf1073f","control_Similar","99","SimilarControl","get","obtain","get-obtain","",""
"449","610055ffe4d2514e9cf1073f","test_ConceptualMatch_Physical","0","ConceptualMatchingOnly","itchy","oceanic","itchy-oceanic","ConceptualMatch:physical","NegativeMismatch"
"450","610055ffe4d2514e9cf1073f","control_MaxMismatch","0","MaxMismatch","decorative","heartbroken","decorative-heartbroken","PhysicalMismatch","PositiveMismatch"
"451","610055ffe4d2514e9cf1073f","test_ValenceMatch_Negative","4","ValenceMatchingOnly","nauseous","racist","nauseous-racist","PhysicalMismatch","NegativeMatch"
"452","610055ffe4d2514e9cf1073f","test_ConceptualMatch_Social","0","ConceptualMatchingOnly","selfless","infuriating","selfless-infuriating","ConceptualMatch:social","PositiveMismatch"
"453","610055ffe4d2514e9cf1073f","control_Dissimilar","0","DissimilarControl","begin","end","begin-end","",""
"454","610055ffe4d2514e9cf1073f","control_MaxMatch_Positive_Social","66","MaxMatch","carefree","courageous","carefree-courageous","SocialMatch","PositiveMatch"
"455","610055ffe4d2514e9cf1073f","control_MaxMatch_Negative_Social","81","MaxMatch","insulting","greedy","insulting-greedy","SocialMatch","NegativeMatch"
"456","641386b1cb9a9c1e3569d4ee","control_Dissimilar","0","DissimilarControl","come","go","come-go","",""
"457","641386b1cb9a9c1e3569d4ee","control_Similar","99","SimilarControl","speak","talk","speak-talk","",""
"458","641386b1cb9a9c1e3569d4ee","control_MaxMismatch","0","MaxMismatch","radiant","stingy","radiant-stingy","PhysicalMismatch","PositiveMismatch"
"459","641386b1cb9a9c1e3569d4ee","control_MaxMatch_Negative_Social","99","MaxMatch","insulting","racist","insulting-racist","SocialMatch","NegativeMatch"
"460","641386b1cb9a9c1e3569d4ee","control_MaxMatch_Positive_Social","65","MaxMatch","selfless","dependable","selfless-dependable","SocialMatch","PositiveMatch"
"461","641386b1cb9a9c1e3569d4ee","test_ConceptualMatch_Physical","0","ConceptualMatchingOnly","obese","radiant","obese-radiant","ConceptualMatch:physical","NegativeMismatch"
"462","641386b1cb9a9c1e3569d4ee","control_Dissimilar","0","DissimilarControl","arrive","leave","arrive-leave","",""
"463","641386b1cb9a9c1e3569d4ee","test_ValenceMatch_Negative","0","ValenceMatchingOnly","itchy","hateful","itchy-hateful","PhysicalMismatch","NegativeMatch"
"464","641386b1cb9a9c1e3569d4ee","control_Similar","99","SimilarControl","need","require","need-require","",""
"465","641386b1cb9a9c1e3569d4ee","control_MaxMatch_Positive_Physical","48","MaxMatch","floral","decorative","floral-decorative","PhysicalMatch","PositiveMatch"
"466","641386b1cb9a9c1e3569d4ee","test_ValenceMatch_Positive","0","ValenceMatchingOnly","cheerful","floral","cheerful-floral","SocialMismatch","PositiveMatch"
"467","641386b1cb9a9c1e3569d4ee","test_ConceptualMatch_Social","0","ConceptualMatchingOnly","easygoing","heartbroken","easygoing-heartbroken","ConceptualMatch:social","PositiveMismatch"
"468","641386b1cb9a9c1e3569d4ee","control_MaxMatch_Negative_Physical","0","MaxMatch","moldy","comatose","moldy-comatose","PhysicalMatch","NegativeMatch"
"469","641386b1cb9a9c1e3569d4ee","control_Dissimilar","0","DissimilarControl","begin","end","begin-end","",""
"470","641386b1cb9a9c1e3569d4ee","control_Similar","99","SimilarControl","use","employ","use-employ","",""
"471","641386b1cb9a9c1e3569d4ee","control_MaxMismatch","0","MaxMismatch","fluffy","grumpy","fluffy-grumpy","PhysicalMismatch","PositiveMismatch"
"472","641386b1cb9a9c1e3569d4ee","control_MaxMatch_Negative_Social","0","MaxMatch","racist","infuriating","racist-infuriating","SocialMatch","NegativeMatch"
"473","641386b1cb9a9c1e3569d4ee","control_MaxMatch_Positive_Social","0","MaxMatch","selfless","witty","selfless-witty","SocialMatch","PositiveMatch"
"474","641386b1cb9a9c1e3569d4ee","test_ConceptualMatch_Physical","0","ConceptualMatchingOnly","itchy","sunny","itchy-sunny","ConceptualMatch:physical","NegativeMismatch"
"475","641386b1cb9a9c1e3569d4ee","control_Dissimilar","0","DissimilarControl","increase","decrease","increase-decrease","",""
"476","641386b1cb9a9c1e3569d4ee","test_ValenceMatch_Negative","0","ValenceMatchingOnly","nauseous","greedy","nauseous-greedy","PhysicalMismatch","NegativeMatch"
"477","641386b1cb9a9c1e3569d4ee","control_Similar","99","SimilarControl","help","assist","help-assist","",""
"478","641386b1cb9a9c1e3569d4ee","control_MaxMatch_Positive_Physical","0","MaxMatch","floral","newborn","floral-newborn","PhysicalMatch","PositiveMatch"
"479","641386b1cb9a9c1e3569d4ee","test_ValenceMatch_Positive","0","ValenceMatchingOnly","dependable","blooming","dependable-blooming","SocialMismatch","PositiveMatch"
"480","641386b1cb9a9c1e3569d4ee","test_ConceptualMatch_Social","0","ConceptualMatchingOnly","dependable","dreaded","dependable-dreaded","ConceptualMatch:social","PositiveMismatch"
"481","641386b1cb9a9c1e3569d4ee","control_MaxMatch_Negative_Physical","0","MaxMatch","seasick","itchy","seasick-itchy","PhysicalMatch","NegativeMatch"
"482","641386b1cb9a9c1e3569d4ee","control_Dissimilar","0","DissimilarControl","push","pull","push-pull","",""
"483","641386b1cb9a9c1e3569d4ee","control_Similar","99","SimilarControl","begin","start","begin-start","",""
"484","641386b1cb9a9c1e3569d4ee","control_MaxMismatch","0","MaxMismatch","homemade","grumpy","homemade-grumpy","PhysicalMismatch","PositiveMismatch"
"485","641386b1cb9a9c1e3569d4ee","control_MaxMatch_Negative_Social","0","MaxMatch","grumpy","dreaded","grumpy-dreaded","SocialMatch","NegativeMatch"
"486","641386b1cb9a9c1e3569d4ee","control_MaxMatch_Positive_Social","0","MaxMatch","hilarious","selfless","hilarious-selfless","SocialMatch","PositiveMatch"
"487","641386b1cb9a9c1e3569d4ee","test_ConceptualMatch_Physical","0","ConceptualMatchingOnly","comatose","decorative","comatose-decorative","ConceptualMatch:physical","NegativeMismatch"
"488","641386b1cb9a9c1e3569d4ee","control_Dissimilar","0","DissimilarControl","open","close","open-close","",""
"489","641386b1cb9a9c1e3569d4ee","test_ValenceMatch_Negative","0","ValenceMatchingOnly","excruciating","grumpy","excruciating-grumpy","PhysicalMismatch","NegativeMatch"
"490","641386b1cb9a9c1e3569d4ee","control_Similar","99","SimilarControl","show","display","show-display","",""
"491","641386b1cb9a9c1e3569d4ee","control_MaxMatch_Positive_Physical","0","MaxMatch","oceanic","newborn","oceanic-newborn","PhysicalMatch","PositiveMatch"
"492","641386b1cb9a9c1e3569d4ee","test_ValenceMatch_Positive","0","ValenceMatchingOnly","hilarious","blooming","hilarious-blooming","SocialMismatch","PositiveMatch"
"493","641386b1cb9a9c1e3569d4ee","test_ConceptualMatch_Social","0","ConceptualMatchingOnly","carefree","insulting","carefree-insulting","ConceptualMatch:social","PositiveMismatch"
"494","641386b1cb9a9c1e3569d4ee","control_MaxMatch_Negative_Physical","0","MaxMatch","rancid","itchy","rancid-itchy","PhysicalMatch","NegativeMatch"
"495","641386b1cb9a9c1e3569d4ee","control_Dissimilar","0","DissimilarControl","give","take","give-take","",""
"496","641386b1cb9a9c1e3569d4ee","control_Similar","99","SimilarControl","buy","purchase","buy-purchase","",""
"497","641386b1cb9a9c1e3569d4ee","control_MaxMismatch","0","MaxMismatch","radiant","greedy","radiant-greedy","PhysicalMismatch","PositiveMismatch"
"498","641386b1cb9a9c1e3569d4ee","control_MaxMatch_Negative_Social","0","MaxMatch","heartbroken","stingy","heartbroken-stingy","SocialMatch","NegativeMatch"
"499","641386b1cb9a9c1e3569d4ee","control_MaxMatch_Positive_Social","72","MaxMatch","brotherly","selfless","brotherly-selfless","SocialMatch","PositiveMatch"
"500","641386b1cb9a9c1e3569d4ee","test_ConceptualMatch_Physical","0","ConceptualMatchingOnly","comatose","sunny","comatose-sunny","ConceptualMatch:physical","NegativeMismatch"
"501","641386b1cb9a9c1e3569d4ee","control_Dissimilar","0","DissimilarControl","rise","fall","rise-fall","",""
"502","641386b1cb9a9c1e3569d4ee","test_ValenceMatch_Negative","0","ValenceMatchingOnly","seasick","infuriating","seasick-infuriating","PhysicalMismatch","NegativeMatch"
"503","641386b1cb9a9c1e3569d4ee","control_Similar","99","SimilarControl","ask","inquire","ask-inquire","",""
"504","641386b1cb9a9c1e3569d4ee","control_MaxMatch_Positive_Physical","0","MaxMatch","fluffy","decorative","fluffy-decorative","PhysicalMatch","PositiveMatch"
"505","641386b1cb9a9c1e3569d4ee","test_ValenceMatch_Positive","65","ValenceMatchingOnly","joyful","radiant","joyful-radiant","SocialMismatch","PositiveMatch"
"506","641386b1cb9a9c1e3569d4ee","test_ConceptualMatch_Social","0","ConceptualMatchingOnly","selfless","humiliating","selfless-humiliating","ConceptualMatch:social","PositiveMismatch"
"507","641386b1cb9a9c1e3569d4ee","control_MaxMatch_Negative_Physical","0","MaxMatch","moldy","obese","moldy-obese","PhysicalMatch","NegativeMatch"
"508","641386b1cb9a9c1e3569d4ee","control_Dissimilar","0","DissimilarControl","add","remove","add-remove","",""
"509","641386b1cb9a9c1e3569d4ee","control_Similar","99","SimilarControl","end","finish","end-finish","",""
"510","641386b1cb9a9c1e3569d4ee","control_MaxMismatch","0","MaxMismatch","newborn","grumpy","newborn-grumpy","PhysicalMismatch","PositiveMismatch"
"511","641386b1cb9a9c1e3569d4ee","control_MaxMatch_Negative_Social","0","MaxMatch","heartbroken","hateful","heartbroken-hateful","SocialMatch","NegativeMatch"
"512","641386b1cb9a9c1e3569d4ee","control_MaxMatch_Positive_Social","0","MaxMatch","brotherly","courageous","brotherly-courageous","SocialMatch","PositiveMatch"
"513","641386b1cb9a9c1e3569d4ee","test_ConceptualMatch_Physical","0","ConceptualMatchingOnly","lifeless","newborn","lifeless-newborn","ConceptualMatch:physical","NegativeMismatch"
"514","641386b1cb9a9c1e3569d4ee","control_Dissimilar","0","DissimilarControl","enter","exit","enter-exit","",""
"515","641386b1cb9a9c1e3569d4ee","test_ValenceMatch_Negative","0","ValenceMatchingOnly","comatose","heartbroken","comatose-heartbroken","PhysicalMismatch","NegativeMatch"
"516","641386b1cb9a9c1e3569d4ee","control_Similar","99","SimilarControl","get","obtain","get-obtain","",""
"517","641386b1cb9a9c1e3569d4ee","control_MaxMatch_Positive_Physical","0","MaxMatch","blooming","radiant","blooming-radiant","PhysicalMatch","PositiveMatch"
"518","641386b1cb9a9c1e3569d4ee","test_ValenceMatch_Positive","3","ValenceMatchingOnly","joyful","decorative","joyful-decorative","SocialMismatch","PositiveMatch"
"519","641386b1cb9a9c1e3569d4ee","test_ConceptualMatch_Social","0","ConceptualMatchingOnly","brotherly","hateful","brotherly-hateful","ConceptualMatch:social","PositiveMismatch"
"520","641386b1cb9a9c1e3569d4ee","control_MaxMatch_Negative_Physical","0","MaxMatch","nauseous","comatose","nauseous-comatose","PhysicalMatch","NegativeMatch"
"521","5c6f906672c0e50001d9332a","control_Similar","93","SimilarControl","help","assist","help-assist","",""
"522","5c6f906672c0e50001d9332a","control_Dissimilar","59","DissimilarControl","come","go","come-go","",""
"523","5c6f906672c0e50001d9332a","control_MaxMatch_Positive_Physical","37","MaxMatch","blooming","nutritious","blooming-nutritious","PhysicalMatch","PositiveMatch"
"524","5c6f906672c0e50001d9332a","control_MaxMismatch","33","MaxMismatch","sunny","dreaded","sunny-dreaded","PhysicalMismatch","PositiveMismatch"
"525","5c6f906672c0e50001d9332a","control_MaxMatch_Negative_Social","61","MaxMatch","greedy","humiliating","greedy-humiliating","SocialMatch","NegativeMatch"
"526","5c6f906672c0e50001d9332a","test_ValenceMatch_Negative","67","ValenceMatchingOnly","excruciating","greedy","excruciating-greedy","PhysicalMismatch","NegativeMatch"
"527","5c6f906672c0e50001d9332a","control_Similar","99","SimilarControl","end","finish","end-finish","",""
"528","5c6f906672c0e50001d9332a","test_ValenceMatch_Positive","71","ValenceMatchingOnly","carefree","nutritious","carefree-nutritious","SocialMismatch","PositiveMatch"
"529","5c6f906672c0e50001d9332a","test_ConceptualMatch_Physical","7","ConceptualMatchingOnly","comatose","newborn","comatose-newborn","ConceptualMatch:physical","NegativeMismatch"
"530","5c6f906672c0e50001d9332a","control_MaxMatch_Positive_Social","82","MaxMatch","brotherly","selfless","brotherly-selfless","SocialMatch","PositiveMatch"
"531","5c6f906672c0e50001d9332a","control_MaxMatch_Negative_Physical","59","MaxMatch","nauseous","excruciating","nauseous-excruciating","PhysicalMatch","NegativeMatch"
"532","5c6f906672c0e50001d9332a","test_ConceptualMatch_Social","20","ConceptualMatchingOnly","courageous","racist","courageous-racist","ConceptualMatch:social","PositiveMismatch"
"533","5c6f906672c0e50001d9332a","control_Dissimilar","21","DissimilarControl","give","take","give-take","",""
"534","5c6f906672c0e50001d9332a","control_Similar","79","SimilarControl","need","require","need-require","",""
"535","5c6f906672c0e50001d9332a","control_Dissimilar","0","DissimilarControl","open","close","open-close","",""
"536","5c6f906672c0e50001d9332a","control_MaxMatch_Positive_Physical","31","MaxMatch","decorative","nutritious","decorative-nutritious","PhysicalMatch","PositiveMatch"
"537","5c6f906672c0e50001d9332a","control_MaxMismatch","27","MaxMismatch","floral","insulting","floral-insulting","PhysicalMismatch","PositiveMismatch"
"538","5c6f906672c0e50001d9332a","control_MaxMatch_Negative_Social","68","MaxMatch","insulting","greedy","insulting-greedy","SocialMatch","NegativeMatch"
"539","5c6f906672c0e50001d9332a","test_ValenceMatch_Negative","57","ValenceMatchingOnly","obese","insulting","obese-insulting","PhysicalMismatch","NegativeMatch"
"540","5c6f906672c0e50001d9332a","control_Similar","77","SimilarControl","use","employ","use-employ","",""
"541","5c6f906672c0e50001d9332a","test_ValenceMatch_Positive","65","ValenceMatchingOnly","hilarious","sunny","hilarious-sunny","SocialMismatch","PositiveMatch"
"542","5c6f906672c0e50001d9332a","test_ConceptualMatch_Physical","61","ConceptualMatchingOnly","excruciating","newborn","excruciating-newborn","ConceptualMatch:physical","NegativeMismatch"
"543","5c6f906672c0e50001d9332a","control_MaxMatch_Positive_Social","68","MaxMatch","brotherly","hilarious","brotherly-hilarious","SocialMatch","PositiveMatch"
"544","5c6f906672c0e50001d9332a","control_MaxMatch_Negative_Physical","71","MaxMatch","moldy","lifeless","moldy-lifeless","PhysicalMatch","NegativeMatch"
"545","5c6f906672c0e50001d9332a","test_ConceptualMatch_Social","32","ConceptualMatchingOnly","cheerful","greedy","cheerful-greedy","ConceptualMatch:social","PositiveMismatch"
"546","5c6f906672c0e50001d9332a","control_Dissimilar","8","DissimilarControl","push","pull","push-pull","",""
"547","5c6f906672c0e50001d9332a","control_Similar","92","SimilarControl","ask","inquire","ask-inquire","",""
"548","5c6f906672c0e50001d9332a","control_Dissimilar","0","DissimilarControl","increase","decrease","increase-decrease","",""
"549","5c6f906672c0e50001d9332a","control_MaxMatch_Positive_Physical","41","MaxMatch","floral","homemade","floral-homemade","PhysicalMatch","PositiveMatch"
"550","5c6f906672c0e50001d9332a","control_MaxMismatch","5","MaxMismatch","radiant","racist","radiant-racist","PhysicalMismatch","PositiveMismatch"
"551","5c6f906672c0e50001d9332a","control_MaxMatch_Negative_Social","77","MaxMatch","grumpy","infuriating","grumpy-infuriating","SocialMatch","NegativeMatch"
"552","5c6f906672c0e50001d9332a","test_ValenceMatch_Negative","68","ValenceMatchingOnly","moldy","greedy","moldy-greedy","PhysicalMismatch","NegativeMatch"
"553","5c6f906672c0e50001d9332a","control_Similar","99","SimilarControl","begin","start","begin-start","",""
"554","5c6f906672c0e50001d9332a","test_ValenceMatch_Positive","33","ValenceMatchingOnly","carefree","oceanic","carefree-oceanic","SocialMismatch","PositiveMatch"
"555","5c6f906672c0e50001d9332a","test_ConceptualMatch_Physical","22","ConceptualMatchingOnly","excruciating","sunny","excruciating-sunny","ConceptualMatch:physical","NegativeMismatch"
"556","5c6f906672c0e50001d9332a","control_MaxMatch_Positive_Social","89","MaxMatch","joyful","carefree","joyful-carefree","SocialMatch","PositiveMatch"
"557","5c6f906672c0e50001d9332a","control_MaxMatch_Negative_Physical","53","MaxMatch","excruciating","seasick","excruciating-seasick","PhysicalMatch","NegativeMatch"
"558","5c6f906672c0e50001d9332a","test_ConceptualMatch_Social","25","ConceptualMatchingOnly","selfless","dreaded","selfless-dreaded","ConceptualMatch:social","PositiveMismatch"
"559","5c6f906672c0e50001d9332a","control_Dissimilar","1","DissimilarControl","arrive","leave","arrive-leave","",""
"560","5c6f906672c0e50001d9332a","control_Similar","89","SimilarControl","get","obtain","get-obtain","",""
"561","5c6f906672c0e50001d9332a","control_Dissimilar","4","DissimilarControl","rise","fall","rise-fall","",""
"562","5c6f906672c0e50001d9332a","control_MaxMatch_Positive_Physical","27","MaxMatch","decorative","newborn","decorative-newborn","PhysicalMatch","PositiveMatch"
"563","5c6f906672c0e50001d9332a","control_MaxMismatch","36","MaxMismatch","decorative","infuriating","decorative-infuriating","PhysicalMismatch","PositiveMismatch"
"564","5c6f906672c0e50001d9332a","control_MaxMatch_Negative_Social","90","MaxMatch","greedy","stingy","greedy-stingy","SocialMatch","NegativeMatch"
"565","5c6f906672c0e50001d9332a","test_ValenceMatch_Negative","52","ValenceMatchingOnly","moldy","heartbroken","moldy-heartbroken","PhysicalMismatch","NegativeMatch"
"566","5c6f906672c0e50001d9332a","control_Similar","92","SimilarControl","speak","talk","speak-talk","",""
"567","5c6f906672c0e50001d9332a","test_ValenceMatch_Positive","51","ValenceMatchingOnly","carefree","decorative","carefree-decorative","SocialMismatch","PositiveMatch"
"568","5c6f906672c0e50001d9332a","test_ConceptualMatch_Physical","21","ConceptualMatchingOnly","rancid","newborn","rancid-newborn","ConceptualMatch:physical","NegativeMismatch"
"569","5c6f906672c0e50001d9332a","control_MaxMatch_Positive_Social","59","MaxMatch","easygoing","courageous","easygoing-courageous","SocialMatch","PositiveMatch"
"570","5c6f906672c0e50001d9332a","control_MaxMatch_Negative_Physical","92","MaxMatch","rancid","smelly","rancid-smelly","PhysicalMatch","NegativeMatch"
"571","5c6f906672c0e50001d9332a","test_ConceptualMatch_Social","14","ConceptualMatchingOnly","brotherly","grumpy","brotherly-grumpy","ConceptualMatch:social","PositiveMismatch"
"572","5c6f906672c0e50001d9332a","control_Dissimilar","0","DissimilarControl","add","remove","add-remove","",""
"573","5c6f906672c0e50001d9332a","control_Similar","99","SimilarControl","buy","purchase","buy-purchase","",""
"574","5c6f906672c0e50001d9332a","control_Dissimilar","2","DissimilarControl","begin","end","begin-end","",""
"575","5c6f906672c0e50001d9332a","control_MaxMatch_Positive_Physical","76","MaxMatch","floral","decorative","floral-decorative","PhysicalMatch","PositiveMatch"
"576","5c6f906672c0e50001d9332a","control_MaxMismatch","33","MaxMismatch","radiant","dreaded","radiant-dreaded","PhysicalMismatch","PositiveMismatch"
"577","5c6f906672c0e50001d9332a","control_MaxMatch_Negative_Social","59","MaxMatch","stingy","hateful","stingy-hateful","SocialMatch","NegativeMatch"
"578","5c6f906672c0e50001d9332a","test_ValenceMatch_Negative","30","ValenceMatchingOnly","seasick","greedy","seasick-greedy","PhysicalMismatch","NegativeMatch"
"579","5c6f906672c0e50001d9332a","control_Similar","88","SimilarControl","show","display","show-display","",""
"580","5c6f906672c0e50001d9332a","test_ValenceMatch_Positive","57","ValenceMatchingOnly","courageous","homemade","courageous-homemade","SocialMismatch","PositiveMatch"
"581","5c6f906672c0e50001d9332a","test_ConceptualMatch_Physical","38","ConceptualMatchingOnly","itchy","nutritious","itchy-nutritious","ConceptualMatch:physical","NegativeMismatch"
"582","5c6f906672c0e50001d9332a","control_MaxMatch_Positive_Social","64","MaxMatch","easygoing","selfless","easygoing-selfless","SocialMatch","PositiveMatch"
"583","5c6f906672c0e50001d9332a","control_MaxMatch_Negative_Physical","49","MaxMatch","seasick","smelly","seasick-smelly","PhysicalMatch","NegativeMatch"
"584","5c6f906672c0e50001d9332a","test_ConceptualMatch_Social","35","ConceptualMatchingOnly","courageous","heartbroken","courageous-heartbroken","ConceptualMatch:social","PositiveMismatch"
"585","5c6f906672c0e50001d9332a","control_Dissimilar","7","DissimilarControl","enter","exit","enter-exit","",""
"586","66ea174a36d3100b31d5bb87","control_Similar","22","SimilarControl","use","employ","use-employ","",""
"587","66ea174a36d3100b31d5bb87","control_Dissimilar","0","DissimilarControl","begin","end","begin-end","",""
"588","66ea174a36d3100b31d5bb87","control_Similar","93","SimilarControl","get","obtain","get-obtain","",""
"589","66ea174a36d3100b31d5bb87","test_ValenceMatch_Negative","18","ValenceMatchingOnly","itchy","humiliating","itchy-humiliating","PhysicalMismatch","NegativeMatch"
"590","66ea174a36d3100b31d5bb87","test_ValenceMatch_Positive","15","ValenceMatchingOnly","joyful","sunny","joyful-sunny","SocialMismatch","PositiveMatch"
"591","66ea174a36d3100b31d5bb87","control_MaxMatch_Positive_Social","66","MaxMatch","brotherly","selfless","brotherly-selfless","SocialMatch","PositiveMatch"
"592","66ea174a36d3100b31d5bb87","control_MaxMatch_Positive_Physical","27","MaxMatch","oceanic","nutritious","oceanic-nutritious","PhysicalMatch","PositiveMatch"
"593","66ea174a36d3100b31d5bb87","control_Dissimilar","0","DissimilarControl","enter","exit","enter-exit","",""
"594","66ea174a36d3100b31d5bb87","test_ConceptualMatch_Social","22","ConceptualMatchingOnly","dependable","humiliating","dependable-humiliating","ConceptualMatch:social","PositiveMismatch"
"595","66ea174a36d3100b31d5bb87","control_MaxMismatch","16","MaxMismatch","radiant","greedy","radiant-greedy","PhysicalMismatch","PositiveMismatch"
"596","66ea174a36d3100b31d5bb87","test_ConceptualMatch_Physical","7","ConceptualMatchingOnly","nauseous","decorative","nauseous-decorative","ConceptualMatch:physical","NegativeMismatch"
"597","66ea174a36d3100b31d5bb87","control_MaxMatch_Negative_Social","2","MaxMatch","greedy","humiliating","greedy-humiliating","SocialMatch","NegativeMatch"
"598","66ea174a36d3100b31d5bb87","control_MaxMatch_Negative_Physical","3","MaxMatch","obese","itchy","obese-itchy","PhysicalMatch","NegativeMatch"
"599","66ea174a36d3100b31d5bb87","control_Similar","93","SimilarControl","need","require","need-require","",""
"600","66ea174a36d3100b31d5bb87","control_Dissimilar","0","DissimilarControl","arrive","leave","arrive-leave","",""
"601","66ea174a36d3100b31d5bb87","control_Similar","99","SimilarControl","speak","talk","speak-talk","",""
"602","66ea174a36d3100b31d5bb87","test_ValenceMatch_Negative","11","ValenceMatchingOnly","nauseous","heartbroken","nauseous-heartbroken","PhysicalMismatch","NegativeMatch"
"603","66ea174a36d3100b31d5bb87","test_ValenceMatch_Positive","20","ValenceMatchingOnly","cheerful","decorative","cheerful-decorative","SocialMismatch","PositiveMatch"
"604","66ea174a36d3100b31d5bb87","control_MaxMatch_Positive_Social","46","MaxMatch","joyful","dependable","joyful-dependable","SocialMatch","PositiveMatch"
"605","66ea174a36d3100b31d5bb87","control_MaxMatch_Positive_Physical","22","MaxMatch","floral","oceanic","floral-oceanic","PhysicalMatch","PositiveMatch"
"606","66ea174a36d3100b31d5bb87","control_Dissimilar","5","DissimilarControl","add","remove","add-remove","",""
"607","66ea174a36d3100b31d5bb87","test_ConceptualMatch_Social","4","ConceptualMatchingOnly","cheerful","hateful","cheerful-hateful","ConceptualMatch:social","PositiveMismatch"
"608","66ea174a36d3100b31d5bb87","control_MaxMismatch","19","MaxMismatch","sunny","stingy","sunny-stingy","PhysicalMismatch","PositiveMismatch"
"609","66ea174a36d3100b31d5bb87","test_ConceptualMatch_Physical","33","ConceptualMatchingOnly","excruciating","decorative","excruciating-decorative","ConceptualMatch:physical","NegativeMismatch"
"610","66ea174a36d3100b31d5bb87","control_MaxMatch_Negative_Social","33","MaxMatch","grumpy","racist","grumpy-racist","SocialMatch","NegativeMatch"
"611","66ea174a36d3100b31d5bb87","control_MaxMatch_Negative_Physical","13","MaxMatch","seasick","smelly","seasick-smelly","PhysicalMatch","NegativeMatch"
"612","66ea174a36d3100b31d5bb87","control_Similar","93","SimilarControl","buy","purchase","buy-purchase","",""
"613","66ea174a36d3100b31d5bb87","control_Dissimilar","0","DissimilarControl","push","pull","push-pull","",""
"614","66ea174a36d3100b31d5bb87","control_Similar","99","SimilarControl","help","assist","help-assist","",""
"615","66ea174a36d3100b31d5bb87","test_ValenceMatch_Negative","19","ValenceMatchingOnly","obese","insulting","obese-insulting","PhysicalMismatch","NegativeMatch"
"616","66ea174a36d3100b31d5bb87","test_ValenceMatch_Positive","22","ValenceMatchingOnly","courageous","oceanic","courageous-oceanic","SocialMismatch","PositiveMatch"
"617","66ea174a36d3100b31d5bb87","control_MaxMatch_Positive_Social","24","MaxMatch","joyful","carefree","joyful-carefree","SocialMatch","PositiveMatch"
"618","66ea174a36d3100b31d5bb87","control_MaxMatch_Positive_Physical","19","MaxMatch","floral","homemade","floral-homemade","PhysicalMatch","PositiveMatch"
"619","66ea174a36d3100b31d5bb87","control_Dissimilar","16","DissimilarControl","come","go","come-go","",""
"620","66ea174a36d3100b31d5bb87","test_ConceptualMatch_Social","2","ConceptualMatchingOnly","selfless","stingy","selfless-stingy","ConceptualMatch:social","PositiveMismatch"
"621","66ea174a36d3100b31d5bb87","control_MaxMismatch","15","MaxMismatch","blooming","humiliating","blooming-humiliating","PhysicalMismatch","PositiveMismatch"
"622","66ea174a36d3100b31d5bb87","test_ConceptualMatch_Physical","18","ConceptualMatchingOnly","rancid","decorative","rancid-decorative","ConceptualMatch:physical","NegativeMismatch"
"623","66ea174a36d3100b31d5bb87","control_MaxMatch_Negative_Social","59","MaxMatch","insulting","racist","insulting-racist","SocialMatch","NegativeMatch"
"624","66ea174a36d3100b31d5bb87","control_MaxMatch_Negative_Physical","20","MaxMatch","comatose","seasick","comatose-seasick","PhysicalMatch","NegativeMatch"
"625","66ea174a36d3100b31d5bb87","control_Similar","17","SimilarControl","end","finish","end-finish","",""
"626","66ea174a36d3100b31d5bb87","control_Dissimilar","0","DissimilarControl","give","take","give-take","",""
"627","66ea174a36d3100b31d5bb87","control_Similar","92","SimilarControl","ask","inquire","ask-inquire","",""
"628","66ea174a36d3100b31d5bb87","test_ValenceMatch_Negative","20","ValenceMatchingOnly","comatose","heartbroken","comatose-heartbroken","PhysicalMismatch","NegativeMatch"
"629","66ea174a36d3100b31d5bb87","test_ValenceMatch_Positive","6","ValenceMatchingOnly","brotherly","fluffy","brotherly-fluffy","SocialMismatch","PositiveMatch"
"630","66ea174a36d3100b31d5bb87","control_MaxMatch_Positive_Social","69","MaxMatch","selfless","dependable","selfless-dependable","SocialMatch","PositiveMatch"
"631","66ea174a36d3100b31d5bb87","control_MaxMatch_Positive_Physical","11","MaxMatch","oceanic","homemade","oceanic-homemade","PhysicalMatch","PositiveMatch"
"632","66ea174a36d3100b31d5bb87","control_Dissimilar","0","DissimilarControl","open","close","open-close","",""
"633","66ea174a36d3100b31d5bb87","test_ConceptualMatch_Social","26","ConceptualMatchingOnly","easygoing","stingy","easygoing-stingy","ConceptualMatch:social","PositiveMismatch"
"634","66ea174a36d3100b31d5bb87","control_MaxMismatch","19","MaxMismatch","fluffy","hateful","fluffy-hateful","PhysicalMismatch","PositiveMismatch"
"635","66ea174a36d3100b31d5bb87","test_ConceptualMatch_Physical","19","ConceptualMatchingOnly","excruciating","fluffy","excruciating-fluffy","ConceptualMatch:physical","NegativeMismatch"
"636","66ea174a36d3100b31d5bb87","control_MaxMatch_Negative_Social","16","MaxMatch","insulting","stingy","insulting-stingy","SocialMatch","NegativeMatch"
"637","66ea174a36d3100b31d5bb87","control_MaxMatch_Negative_Physical","96","MaxMatch","comatose","lifeless","comatose-lifeless","PhysicalMatch","NegativeMatch"
"638","66ea174a36d3100b31d5bb87","control_Similar","99","SimilarControl","begin","start","begin-start","",""
"639","66ea174a36d3100b31d5bb87","control_Dissimilar","0","DissimilarControl","rise","fall","rise-fall","",""
"640","66ea174a36d3100b31d5bb87","control_Similar","90","SimilarControl","show","display","show-display","",""
"641","66ea174a36d3100b31d5bb87","test_ValenceMatch_Negative","24","ValenceMatchingOnly","nauseous","insulting","nauseous-insulting","PhysicalMismatch","NegativeMatch"
"642","66ea174a36d3100b31d5bb87","test_ValenceMatch_Positive","4","ValenceMatchingOnly","cheerful","oceanic","cheerful-oceanic","SocialMismatch","PositiveMatch"
"643","66ea174a36d3100b31d5bb87","control_MaxMatch_Positive_Social","30","MaxMatch","brotherly","carefree","brotherly-carefree","SocialMatch","PositiveMatch"
"644","66ea174a36d3100b31d5bb87","control_MaxMatch_Positive_Physical","81","MaxMatch","nutritious","homemade","nutritious-homemade","PhysicalMatch","PositiveMatch"
"645","66ea174a36d3100b31d5bb87","control_Dissimilar","0","DissimilarControl","increase","decrease","increase-decrease","",""
"646","66ea174a36d3100b31d5bb87","test_ConceptualMatch_Social","23","ConceptualMatchingOnly","hilarious","hateful","hilarious-hateful","ConceptualMatch:social","PositiveMismatch"
"647","66ea174a36d3100b31d5bb87","control_MaxMismatch","10","MaxMismatch","floral","humiliating","floral-humiliating","PhysicalMismatch","PositiveMismatch"
"648","66ea174a36d3100b31d5bb87","test_ConceptualMatch_Physical","20","ConceptualMatchingOnly","seasick","blooming","seasick-blooming","ConceptualMatch:physical","NegativeMismatch"
"649","66ea174a36d3100b31d5bb87","control_MaxMatch_Negative_Social","44","MaxMatch","stingy","hateful","stingy-hateful","SocialMatch","NegativeMatch"
"650","66ea174a36d3100b31d5bb87","control_MaxMatch_Negative_Physical","26","MaxMatch","moldy","excruciating","moldy-excruciating","PhysicalMatch","NegativeMatch"
"651","667342505663a923bb357c6b","control_Dissimilar","57","DissimilarControl","come","go","come-go","",""
"652","667342505663a923bb357c6b","control_Similar","99","SimilarControl","end","finish","end-finish","",""
"653","667342505663a923bb357c6b","test_ConceptualMatch_Social","39","ConceptualMatchingOnly","hilarious","hateful","hilarious-hateful","ConceptualMatch:social","PositiveMismatch"
"654","667342505663a923bb357c6b","test_ValenceMatch_Positive","32","ValenceMatchingOnly","brotherly","decorative","brotherly-decorative","SocialMismatch","PositiveMatch"
"655","667342505663a923bb357c6b","control_MaxMatch_Positive_Physical","77","MaxMatch","decorative","radiant","decorative-radiant","PhysicalMatch","PositiveMatch"
"656","667342505663a923bb357c6b","control_Dissimilar","0","DissimilarControl","push","pull","push-pull","",""
"657","667342505663a923bb357c6b","control_MaxMatch_Negative_Physical","68","MaxMatch","moldy","rancid","moldy-rancid","PhysicalMatch","NegativeMatch"
"658","667342505663a923bb357c6b","control_MaxMatch_Negative_Social","69","MaxMatch","stingy","infuriating","stingy-infuriating","SocialMatch","NegativeMatch"
"659","667342505663a923bb357c6b","control_MaxMatch_Positive_Social","85","MaxMatch","brotherly","dependable","brotherly-dependable","SocialMatch","PositiveMatch"
"660","667342505663a923bb357c6b","test_ConceptualMatch_Physical","0","ConceptualMatchingOnly","rancid","floral","rancid-floral","ConceptualMatch:physical","NegativeMismatch"
"661","667342505663a923bb357c6b","control_Similar","99","SimilarControl","ask","inquire","ask-inquire","",""
"662","667342505663a923bb357c6b","test_ValenceMatch_Negative","64","ValenceMatchingOnly","lifeless","greedy","lifeless-greedy","PhysicalMismatch","NegativeMatch"
"663","667342505663a923bb357c6b","control_MaxMismatch","44","MaxMismatch","nutritious","infuriating","nutritious-infuriating","PhysicalMismatch","PositiveMismatch"
"664","667342505663a923bb357c6b","control_Dissimilar","39","DissimilarControl","give","take","give-take","",""
"665","667342505663a923bb357c6b","control_Similar","99","SimilarControl","begin","start","begin-start","",""
"666","667342505663a923bb357c6b","test_ConceptualMatch_Social","38","ConceptualMatchingOnly","cheerful","humiliating","cheerful-humiliating","ConceptualMatch:social","PositiveMismatch"
"667","667342505663a923bb357c6b","test_ValenceMatch_Positive","66","ValenceMatchingOnly","easygoing","decorative","easygoing-decorative","SocialMismatch","PositiveMatch"
"668","667342505663a923bb357c6b","control_MaxMatch_Positive_Physical","46","MaxMatch","fluffy","nutritious","fluffy-nutritious","PhysicalMatch","PositiveMatch"
"669","667342505663a923bb357c6b","control_Dissimilar","65","DissimilarControl","arrive","leave","arrive-leave","",""
"670","667342505663a923bb357c6b","control_MaxMatch_Negative_Physical","27","MaxMatch","moldy","seasick","moldy-seasick","PhysicalMatch","NegativeMatch"
"671","667342505663a923bb357c6b","control_MaxMatch_Negative_Social","29","MaxMatch","heartbroken","dreaded","heartbroken-dreaded","SocialMatch","NegativeMatch"
"672","667342505663a923bb357c6b","control_MaxMatch_Positive_Social","43","MaxMatch","dependable","courageous","dependable-courageous","SocialMatch","PositiveMatch"
"673","667342505663a923bb357c6b","test_ConceptualMatch_Physical","57","ConceptualMatchingOnly","moldy","sunny","moldy-sunny","ConceptualMatch:physical","NegativeMismatch"
"674","667342505663a923bb357c6b","control_Similar","99","SimilarControl","get","obtain","get-obtain","",""
"675","667342505663a923bb357c6b","test_ValenceMatch_Negative","42","ValenceMatchingOnly","lifeless","hateful","lifeless-hateful","PhysicalMismatch","NegativeMatch"
"676","667342505663a923bb357c6b","control_MaxMismatch","39","MaxMismatch","sunny","humiliating","sunny-humiliating","PhysicalMismatch","PositiveMismatch"
"677","667342505663a923bb357c6b","control_Dissimilar","10","DissimilarControl","rise","fall","rise-fall","",""
"678","667342505663a923bb357c6b","control_Similar","99","SimilarControl","help","assist","help-assist","",""
"679","667342505663a923bb357c6b","test_ConceptualMatch_Social","43","ConceptualMatchingOnly","brotherly","hateful","brotherly-hateful","ConceptualMatch:social","PositiveMismatch"
"680","667342505663a923bb357c6b","test_ValenceMatch_Positive","40","ValenceMatchingOnly","hilarious","sunny","hilarious-sunny","SocialMismatch","PositiveMatch"
"681","667342505663a923bb357c6b","control_MaxMatch_Positive_Physical","69","MaxMatch","floral","oceanic","floral-oceanic","PhysicalMatch","PositiveMatch"
"682","667342505663a923bb357c6b","control_Dissimilar","0","DissimilarControl","add","remove","add-remove","",""
"683","667342505663a923bb357c6b","control_MaxMatch_Negative_Physical","46","MaxMatch","rancid","itchy","rancid-itchy","PhysicalMatch","NegativeMatch"
"684","667342505663a923bb357c6b","control_MaxMatch_Negative_Social","37","MaxMatch","greedy","humiliating","greedy-humiliating","SocialMatch","NegativeMatch"
"685","667342505663a923bb357c6b","control_MaxMatch_Positive_Social","61","MaxMatch","carefree","selfless","carefree-selfless","SocialMatch","PositiveMatch"
"686","667342505663a923bb357c6b","test_ConceptualMatch_Physical","19","ConceptualMatchingOnly","seasick","homemade","seasick-homemade","ConceptualMatch:physical","NegativeMismatch"
"687","667342505663a923bb357c6b","control_Similar","99","SimilarControl","need","require","need-require","",""
"688","667342505663a923bb357c6b","test_ValenceMatch_Negative","61","ValenceMatchingOnly","excruciating","grumpy","excruciating-grumpy","PhysicalMismatch","NegativeMatch"
"689","667342505663a923bb357c6b","control_MaxMismatch","32","MaxMismatch","homemade","racist","homemade-racist","PhysicalMismatch","PositiveMismatch"
"690","667342505663a923bb357c6b","control_Dissimilar","0","DissimilarControl","increase","decrease","increase-decrease","",""
"691","667342505663a923bb357c6b","control_Similar","82","SimilarControl","use","employ","use-employ","",""
"692","667342505663a923bb357c6b","test_ConceptualMatch_Social","14","ConceptualMatchingOnly","courageous","dreaded","courageous-dreaded","ConceptualMatch:social","PositiveMismatch"
"693","667342505663a923bb357c6b","test_ValenceMatch_Positive","0","ValenceMatchingOnly","selfless","fluffy","selfless-fluffy","SocialMismatch","PositiveMatch"
"694","667342505663a923bb357c6b","control_MaxMatch_Positive_Physical","67","MaxMatch","floral","newborn","floral-newborn","PhysicalMatch","PositiveMatch"
"695","667342505663a923bb357c6b","control_Dissimilar","0","DissimilarControl","begin","end","begin-end","",""
"696","667342505663a923bb357c6b","control_MaxMatch_Negative_Physical","69","MaxMatch","obese","itchy","obese-itchy","PhysicalMatch","NegativeMatch"
"697","667342505663a923bb357c6b","control_MaxMatch_Negative_Social","66","MaxMatch","insulting","grumpy","insulting-grumpy","SocialMatch","NegativeMatch"
"698","667342505663a923bb357c6b","control_MaxMatch_Positive_Social","61","MaxMatch","cheerful","hilarious","cheerful-hilarious","SocialMatch","PositiveMatch"
"699","667342505663a923bb357c6b","test_ConceptualMatch_Physical","0","ConceptualMatchingOnly","lifeless","newborn","lifeless-newborn","ConceptualMatch:physical","NegativeMismatch"
"700","667342505663a923bb357c6b","control_Similar","99","SimilarControl","show","display","show-display","",""
"701","667342505663a923bb357c6b","test_ValenceMatch_Negative","28","ValenceMatchingOnly","comatose","insulting","comatose-insulting","PhysicalMismatch","NegativeMatch"
"702","667342505663a923bb357c6b","control_MaxMismatch","13","MaxMismatch","homemade","grumpy","homemade-grumpy","PhysicalMismatch","PositiveMismatch"
"703","667342505663a923bb357c6b","control_Dissimilar","0","DissimilarControl","open","close","open-close","",""
"704","667342505663a923bb357c6b","control_Similar","99","SimilarControl","buy","purchase","buy-purchase","",""
"705","667342505663a923bb357c6b","test_ConceptualMatch_Social","0","ConceptualMatchingOnly","easygoing","humiliating","easygoing-humiliating","ConceptualMatch:social","PositiveMismatch"
"706","667342505663a923bb357c6b","test_ValenceMatch_Positive","0","ValenceMatchingOnly","brotherly","oceanic","brotherly-oceanic","SocialMismatch","PositiveMatch"
"707","667342505663a923bb357c6b","control_MaxMatch_Positive_Physical","63","MaxMatch","fluffy","radiant","fluffy-radiant","PhysicalMatch","PositiveMatch"
"708","667342505663a923bb357c6b","control_Dissimilar","0","DissimilarControl","enter","exit","enter-exit","",""
"709","667342505663a923bb357c6b","control_MaxMatch_Negative_Physical","34","MaxMatch","moldy","itchy","moldy-itchy","PhysicalMatch","NegativeMatch"
"710","667342505663a923bb357c6b","control_MaxMatch_Negative_Social","0","MaxMatch","racist","infuriating","racist-infuriating","SocialMatch","NegativeMatch"
"711","667342505663a923bb357c6b","control_MaxMatch_Positive_Social","71","MaxMatch","brotherly","cheerful","brotherly-cheerful","SocialMatch","PositiveMatch"
"712","667342505663a923bb357c6b","test_ConceptualMatch_Physical","0","ConceptualMatchingOnly","smelly","radiant","smelly-radiant","ConceptualMatch:physical","NegativeMismatch"
"713","667342505663a923bb357c6b","control_Similar","99","SimilarControl","speak","talk","speak-talk","",""
"714","667342505663a923bb357c6b","test_ValenceMatch_Negative","0","ValenceMatchingOnly","nauseous","grumpy","nauseous-grumpy","PhysicalMismatch","NegativeMatch"
"715","667342505663a923bb357c6b","control_MaxMismatch","0","MaxMismatch","homemade","stingy","homemade-stingy","PhysicalMismatch","PositiveMismatch"
"716","63ed2115f26baf8010950f68","control_Similar","99","SimilarControl","get","obtain","get-obtain","",""
"717","63ed2115f26baf8010950f68","control_Dissimilar","0","DissimilarControl","arrive","leave","arrive-leave","",""
"718","63ed2115f26baf8010950f68","control_Similar","99","SimilarControl","end","finish","end-finish","",""
"719","63ed2115f26baf8010950f68","control_MaxMatch_Negative_Social","65","MaxMatch","greedy","grumpy","greedy-grumpy","SocialMatch","NegativeMatch"
"720","63ed2115f26baf8010950f68","control_MaxMatch_Negative_Physical","0","MaxMatch","comatose","itchy","comatose-itchy","PhysicalMatch","NegativeMatch"
"721","63ed2115f26baf8010950f68","control_MaxMatch_Positive_Physical","0","MaxMatch","blooming","homemade","blooming-homemade","PhysicalMatch","PositiveMatch"
"722","63ed2115f26baf8010950f68","test_ValenceMatch_Positive","0","ValenceMatchingOnly","dependable","nutritious","dependable-nutritious","SocialMismatch","PositiveMatch"
"723","63ed2115f26baf8010950f68","test_ConceptualMatch_Physical","0","ConceptualMatchingOnly","comatose","homemade","comatose-homemade","ConceptualMatch:physical","NegativeMismatch"
"724","63ed2115f26baf8010950f68","test_ConceptualMatch_Social","0","ConceptualMatchingOnly","witty","infuriating","witty-infuriating","ConceptualMatch:social","PositiveMismatch"
"725","63ed2115f26baf8010950f68","control_Dissimilar","0","DissimilarControl","push","pull","push-pull","",""
"726","63ed2115f26baf8010950f68","control_MaxMatch_Positive_Social","67","MaxMatch","brotherly","carefree","brotherly-carefree","SocialMatch","PositiveMatch"
"727","63ed2115f26baf8010950f68","test_ValenceMatch_Negative","0","ValenceMatchingOnly","obese","hateful","obese-hateful","PhysicalMismatch","NegativeMatch"
"728","63ed2115f26baf8010950f68","control_MaxMismatch","0","MaxMismatch","blooming","racist","blooming-racist","PhysicalMismatch","PositiveMismatch"
"729","63ed2115f26baf8010950f68","control_Similar","99","SimilarControl","begin","start","begin-start","",""
"730","63ed2115f26baf8010950f68","control_Dissimilar","0","DissimilarControl","enter","exit","enter-exit","",""
"731","63ed2115f26baf8010950f68","control_Similar","99","SimilarControl","speak","talk","speak-talk","",""
"732","63ed2115f26baf8010950f68","control_MaxMatch_Negative_Social","0","MaxMatch","racist","infuriating","racist-infuriating","SocialMatch","NegativeMatch"
"733","63ed2115f26baf8010950f68","control_MaxMatch_Negative_Physical","0","MaxMatch","excruciating","rancid","excruciating-rancid","PhysicalMatch","NegativeMatch"
"734","63ed2115f26baf8010950f68","control_MaxMatch_Positive_Physical","0","MaxMatch","blooming","decorative","blooming-decorative","PhysicalMatch","PositiveMatch"
"735","63ed2115f26baf8010950f68","test_ValenceMatch_Positive","0","ValenceMatchingOnly","selfless","nutritious","selfless-nutritious","SocialMismatch","PositiveMatch"
"736","63ed2115f26baf8010950f68","test_ConceptualMatch_Physical","0","ConceptualMatchingOnly","moldy","nutritious","moldy-nutritious","ConceptualMatch:physical","NegativeMismatch"
"737","63ed2115f26baf8010950f68","test_ConceptualMatch_Social","0","ConceptualMatchingOnly","hilarious","heartbroken","hilarious-heartbroken","ConceptualMatch:social","PositiveMismatch"
"738","63ed2115f26baf8010950f68","control_Dissimilar","0","DissimilarControl","open","close","open-close","",""
"739","63ed2115f26baf8010950f68","control_MaxMatch_Positive_Social","80","MaxMatch","joyful","carefree","joyful-carefree","SocialMatch","PositiveMatch"
"740","63ed2115f26baf8010950f68","test_ValenceMatch_Negative","21","ValenceMatchingOnly","lifeless","racist","lifeless-racist","PhysicalMismatch","NegativeMatch"
"741","63ed2115f26baf8010950f68","control_MaxMismatch","0","MaxMismatch","fluffy","humiliating","fluffy-humiliating","PhysicalMismatch","PositiveMismatch"
"742","63ed2115f26baf8010950f68","control_Similar","99","SimilarControl","show","display","show-display","",""
"743","63ed2115f26baf8010950f68","control_Dissimilar","0","DissimilarControl","give","take","give-take","",""
"744","63ed2115f26baf8010950f68","control_Similar","99","SimilarControl","help","assist","help-assist","",""
"745","63ed2115f26baf8010950f68","control_MaxMatch_Negative_Social","0","MaxMatch","grumpy","humiliating","grumpy-humiliating","SocialMatch","NegativeMatch"
"746","63ed2115f26baf8010950f68","control_MaxMatch_Negative_Physical","0","MaxMatch","comatose","obese","comatose-obese","PhysicalMatch","NegativeMatch"
"747","63ed2115f26baf8010950f68","control_MaxMatch_Positive_Physical","0","MaxMatch","fluffy","radiant","fluffy-radiant","PhysicalMatch","PositiveMatch"
"748","63ed2115f26baf8010950f68","test_ValenceMatch_Positive","0","ValenceMatchingOnly","dependable","decorative","dependable-decorative","SocialMismatch","PositiveMatch"
"749","63ed2115f26baf8010950f68","test_ConceptualMatch_Physical","0","ConceptualMatchingOnly","excruciating","fluffy","excruciating-fluffy","ConceptualMatch:physical","NegativeMismatch"
"750","63ed2115f26baf8010950f68","test_ConceptualMatch_Social","0","ConceptualMatchingOnly","hilarious","racist","hilarious-racist","ConceptualMatch:social","PositiveMismatch"
"751","63ed2115f26baf8010950f68","control_Dissimilar","0","DissimilarControl","come","go","come-go","",""
"752","63ed2115f26baf8010950f68","control_MaxMatch_Positive_Social","57","MaxMatch","dependable","witty","dependable-witty","SocialMatch","PositiveMatch"
"753","63ed2115f26baf8010950f68","test_ValenceMatch_Negative","0","ValenceMatchingOnly","lifeless","humiliating","lifeless-humiliating","PhysicalMismatch","NegativeMatch"
"754","63ed2115f26baf8010950f68","control_MaxMismatch","0","MaxMismatch","floral","insulting","floral-insulting","PhysicalMismatch","PositiveMismatch"
"755","63ed2115f26baf8010950f68","control_Similar","99","SimilarControl","ask","inquire","ask-inquire","",""
"756","63ed2115f26baf8010950f68","control_Dissimilar","0","DissimilarControl","add","remove","add-remove","",""
"757","63ed2115f26baf8010950f68","control_Similar","99","SimilarControl","buy","purchase","buy-purchase","",""
"758","63ed2115f26baf8010950f68","control_MaxMatch_Negative_Social","0","MaxMatch","heartbroken","racist","heartbroken-racist","SocialMatch","NegativeMatch"
"759","63ed2115f26baf8010950f68","control_MaxMatch_Negative_Physical","0","MaxMatch","seasick","smelly","seasick-smelly","PhysicalMatch","NegativeMatch"
"760","63ed2115f26baf8010950f68","control_MaxMatch_Positive_Physical","0","MaxMatch","blooming","nutritious","blooming-nutritious","PhysicalMatch","PositiveMatch"
"761","63ed2115f26baf8010950f68","test_ValenceMatch_Positive","0","ValenceMatchingOnly","brotherly","oceanic","brotherly-oceanic","SocialMismatch","PositiveMatch"
"762","63ed2115f26baf8010950f68","test_ConceptualMatch_Physical","0","ConceptualMatchingOnly","rancid","sunny","rancid-sunny","ConceptualMatch:physical","NegativeMismatch"
"763","63ed2115f26baf8010950f68","test_ConceptualMatch_Social","0","ConceptualMatchingOnly","carefree","grumpy","carefree-grumpy","ConceptualMatch:social","PositiveMismatch"
"764","63ed2115f26baf8010950f68","control_Dissimilar","0","DissimilarControl","rise","fall","rise-fall","",""
"765","63ed2115f26baf8010950f68","control_MaxMatch_Positive_Social","0","MaxMatch","hilarious","dependable","hilarious-dependable","SocialMatch","PositiveMatch"
"766","63ed2115f26baf8010950f68","test_ValenceMatch_Negative","0","ValenceMatchingOnly","itchy","insulting","itchy-insulting","PhysicalMismatch","NegativeMatch"
"767","63ed2115f26baf8010950f68","control_MaxMismatch","0","MaxMismatch","radiant","grumpy","radiant-grumpy","PhysicalMismatch","PositiveMismatch"
"768","63ed2115f26baf8010950f68","control_Similar","99","SimilarControl","use","employ","use-employ","",""
"769","63ed2115f26baf8010950f68","control_Dissimilar","0","DissimilarControl","increase","decrease","increase-decrease","",""
"770","63ed2115f26baf8010950f68","control_Similar","99","SimilarControl","need","require","need-require","",""
"771","63ed2115f26baf8010950f68","control_MaxMatch_Negative_Social","0","MaxMatch","racist","dreaded","racist-dreaded","SocialMatch","NegativeMatch"
"772","63ed2115f26baf8010950f68","control_MaxMatch_Negative_Physical","0","MaxMatch","moldy","seasick","moldy-seasick","PhysicalMatch","NegativeMatch"
"773","63ed2115f26baf8010950f68","control_MaxMatch_Positive_Physical","0","MaxMatch","floral","homemade","floral-homemade","PhysicalMatch","PositiveMatch"
"774","63ed2115f26baf8010950f68","test_ValenceMatch_Positive","0","ValenceMatchingOnly","courageous","homemade","courageous-homemade","SocialMismatch","PositiveMatch"
"775","63ed2115f26baf8010950f68","test_ConceptualMatch_Physical","0","ConceptualMatchingOnly","excruciating","nutritious","excruciating-nutritious","ConceptualMatch:physical","NegativeMismatch"
"776","63ed2115f26baf8010950f68","test_ConceptualMatch_Social","0","ConceptualMatchingOnly","dependable","grumpy","dependable-grumpy","ConceptualMatch:social","PositiveMismatch"
"777","63ed2115f26baf8010950f68","control_Dissimilar","0","DissimilarControl","begin","end","begin-end","",""
"778","63ed2115f26baf8010950f68","control_MaxMatch_Positive_Social","0","MaxMatch","cheerful","dependable","cheerful-dependable","SocialMatch","PositiveMatch"
"779","63ed2115f26baf8010950f68","test_ValenceMatch_Negative","0","ValenceMatchingOnly","smelly","grumpy","smelly-grumpy","PhysicalMismatch","NegativeMatch"
"780","63ed2115f26baf8010950f68","control_MaxMismatch","0","MaxMismatch","blooming","dreaded","blooming-dreaded","PhysicalMismatch","PositiveMismatch"
"781","66b82e7a217f905382989f20","control_Dissimilar","0","DissimilarControl","add","remove","add-remove","",""
"782","66b82e7a217f905382989f20","control_Similar","99","SimilarControl","use","employ","use-employ","",""
"783","66b82e7a217f905382989f20","control_MaxMatch_Positive_Physical","49","MaxMatch","floral","radiant","floral-radiant","PhysicalMatch","PositiveMatch"
"784","66b82e7a217f905382989f20","control_Dissimilar","0","DissimilarControl","come","go","come-go","",""
"785","66b82e7a217f905382989f20","control_MaxMatch_Negative_Social","0","MaxMatch","humiliating","stingy","humiliating-stingy","SocialMatch","NegativeMatch"
"786","66b82e7a217f905382989f20","test_ConceptualMatch_Social","0","ConceptualMatchingOnly","selfless","grumpy","selfless-grumpy","ConceptualMatch:social","PositiveMismatch"
"787","66b82e7a217f905382989f20","test_ValenceMatch_Negative","0","ValenceMatchingOnly","itchy","heartbroken","itchy-heartbroken","PhysicalMismatch","NegativeMatch"
"788","66b82e7a217f905382989f20","test_ConceptualMatch_Physical","0","ConceptualMatchingOnly","seasick","newborn","seasick-newborn","ConceptualMatch:physical","NegativeMismatch"
"789","66b82e7a217f905382989f20","control_Similar","99","SimilarControl","get","obtain","get-obtain","",""
"790","66b82e7a217f905382989f20","control_MaxMismatch","0","MaxMismatch","nutritious","insulting","nutritious-insulting","PhysicalMismatch","PositiveMismatch"
"791","66b82e7a217f905382989f20","control_MaxMatch_Negative_Physical","0","MaxMatch","moldy","comatose","moldy-comatose","PhysicalMatch","NegativeMatch"
"792","66b82e7a217f905382989f20","control_MaxMatch_Positive_Social","54","MaxMatch","easygoing","hilarious","easygoing-hilarious","SocialMatch","PositiveMatch"
"793","66b82e7a217f905382989f20","test_ValenceMatch_Positive","0","ValenceMatchingOnly","brotherly","newborn","brotherly-newborn","SocialMismatch","PositiveMatch"
"794","66b82e7a217f905382989f20","control_Dissimilar","0","DissimilarControl","begin","end","begin-end","",""
"795","66b82e7a217f905382989f20","control_Similar","99","SimilarControl","need","require","need-require","",""
"796","66b82e7a217f905382989f20","control_MaxMatch_Positive_Physical","48","MaxMatch","nutritious","radiant","nutritious-radiant","PhysicalMatch","PositiveMatch"
"797","66b82e7a217f905382989f20","control_Dissimilar","0","DissimilarControl","push","pull","push-pull","",""
"798","66b82e7a217f905382989f20","control_MaxMatch_Negative_Social","51","MaxMatch","heartbroken","dreaded","heartbroken-dreaded","SocialMatch","NegativeMatch"
"799","66b82e7a217f905382989f20","test_ConceptualMatch_Social","0","ConceptualMatchingOnly","witty","insulting","witty-insulting","ConceptualMatch:social","PositiveMismatch"
"800","66b82e7a217f905382989f20","test_ValenceMatch_Negative","0","ValenceMatchingOnly","seasick","racist","seasick-racist","PhysicalMismatch","NegativeMatch"
"801","66b82e7a217f905382989f20","test_ConceptualMatch_Physical","0","ConceptualMatchingOnly","comatose","radiant","comatose-radiant","ConceptualMatch:physical","NegativeMismatch"
"802","66b82e7a217f905382989f20","control_Similar","99","SimilarControl","end","finish","end-finish","",""
"803","66b82e7a217f905382989f20","control_MaxMismatch","0","MaxMismatch","fluffy","grumpy","fluffy-grumpy","PhysicalMismatch","PositiveMismatch"
"804","66b82e7a217f905382989f20","control_MaxMatch_Negative_Physical","54","MaxMatch","rancid","seasick","rancid-seasick","PhysicalMatch","NegativeMatch"
"805","66b82e7a217f905382989f20","control_MaxMatch_Positive_Social","39","MaxMatch","joyful","dependable","joyful-dependable","SocialMatch","PositiveMatch"
"806","66b82e7a217f905382989f20","test_ValenceMatch_Positive","0","ValenceMatchingOnly","brotherly","nutritious","brotherly-nutritious","SocialMismatch","PositiveMatch"
"807","66b82e7a217f905382989f20","control_Dissimilar","0","DissimilarControl","enter","exit","enter-exit","",""
"808","66b82e7a217f905382989f20","control_Similar","99","SimilarControl","ask","inquire","ask-inquire","",""
"809","66b82e7a217f905382989f20","control_MaxMatch_Positive_Physical","0","MaxMatch","sunny","decorative","sunny-decorative","PhysicalMatch","PositiveMatch"
"810","66b82e7a217f905382989f20","control_Dissimilar","0","DissimilarControl","give","take","give-take","",""
"811","66b82e7a217f905382989f20","control_MaxMatch_Negative_Social","83","MaxMatch","stingy","hateful","stingy-hateful","SocialMatch","NegativeMatch"
"812","66b82e7a217f905382989f20","test_ConceptualMatch_Social","49","ConceptualMatchingOnly","witty","hateful","witty-hateful","ConceptualMatch:social","PositiveMismatch"
"813","66b82e7a217f905382989f20","test_ValenceMatch_Negative","0","ValenceMatchingOnly","smelly","insulting","smelly-insulting","PhysicalMismatch","NegativeMatch"
"814","66b82e7a217f905382989f20","test_ConceptualMatch_Physical","0","ConceptualMatchingOnly","rancid","decorative","rancid-decorative","ConceptualMatch:physical","NegativeMismatch"
"815","66b82e7a217f905382989f20","control_Similar","99","SimilarControl","begin","start","begin-start","",""
"816","66b82e7a217f905382989f20","control_MaxMismatch","0","MaxMismatch","radiant","racist","radiant-racist","PhysicalMismatch","PositiveMismatch"
"817","66b82e7a217f905382989f20","control_MaxMatch_Negative_Physical","0","MaxMatch","lifeless","seasick","lifeless-seasick","PhysicalMatch","NegativeMatch"
"818","66b82e7a217f905382989f20","control_MaxMatch_Positive_Social","0","MaxMatch","brotherly","cheerful","brotherly-cheerful","SocialMatch","PositiveMatch"
"819","66b82e7a217f905382989f20","test_ValenceMatch_Positive","0","ValenceMatchingOnly","brotherly","floral","brotherly-floral","SocialMismatch","PositiveMatch"
"820","66b82e7a217f905382989f20","control_Dissimilar","0","DissimilarControl","open","close","open-close","",""
"821","66b82e7a217f905382989f20","control_Similar","99","SimilarControl","help","assist","help-assist","",""
"822","66b82e7a217f905382989f20","control_MaxMatch_Positive_Physical","70","MaxMatch","decorative","radiant","decorative-radiant","PhysicalMatch","PositiveMatch"
"823","66b82e7a217f905382989f20","control_Dissimilar","0","DissimilarControl","arrive","leave","arrive-leave","",""
"824","66b82e7a217f905382989f20","control_MaxMatch_Negative_Social","71","MaxMatch","racist","infuriating","racist-infuriating","SocialMatch","NegativeMatch"
"825","66b82e7a217f905382989f20","test_ConceptualMatch_Social","0","ConceptualMatchingOnly","carefree","heartbroken","carefree-heartbroken","ConceptualMatch:social","PositiveMismatch"
"826","66b82e7a217f905382989f20","test_ValenceMatch_Negative","0","ValenceMatchingOnly","moldy","racist","moldy-racist","PhysicalMismatch","NegativeMatch"
"827","66b82e7a217f905382989f20","test_ConceptualMatch_Physical","0","ConceptualMatchingOnly","comatose","nutritious","comatose-nutritious","ConceptualMatch:physical","NegativeMismatch"
"828","66b82e7a217f905382989f20","control_Similar","99","SimilarControl","show","display","show-display","",""
"829","66b82e7a217f905382989f20","control_MaxMismatch","0","MaxMismatch","nutritious","dreaded","nutritious-dreaded","PhysicalMismatch","PositiveMismatch"
"830","66b82e7a217f905382989f20","control_MaxMatch_Negative_Physical","0","MaxMatch","moldy","obese","moldy-obese","PhysicalMatch","NegativeMatch"
"831","66b82e7a217f905382989f20","control_MaxMatch_Positive_Social","0","MaxMatch","brotherly","hilarious","brotherly-hilarious","SocialMatch","PositiveMatch"
"832","66b82e7a217f905382989f20","test_ValenceMatch_Positive","0","ValenceMatchingOnly","easygoing","oceanic","easygoing-oceanic","SocialMismatch","PositiveMatch"
"833","66b82e7a217f905382989f20","control_Dissimilar","0","DissimilarControl","increase","decrease","increase-decrease","",""
"834","66b82e7a217f905382989f20","control_Similar","99","SimilarControl","buy","purchase","buy-purchase","",""
"835","66b82e7a217f905382989f20","control_MaxMatch_Positive_Physical","0","MaxMatch","oceanic","homemade","oceanic-homemade","PhysicalMatch","PositiveMatch"
"836","66b82e7a217f905382989f20","control_Dissimilar","0","DissimilarControl","rise","fall","rise-fall","",""
"837","66b82e7a217f905382989f20","control_MaxMatch_Negative_Social","81","MaxMatch","stingy","infuriating","stingy-infuriating","SocialMatch","NegativeMatch"
"838","66b82e7a217f905382989f20","test_ConceptualMatch_Social","0","ConceptualMatchingOnly","courageous","grumpy","courageous-grumpy","ConceptualMatch:social","PositiveMismatch"
"839","66b82e7a217f905382989f20","test_ValenceMatch_Negative","0","ValenceMatchingOnly","nauseous","heartbroken","nauseous-heartbroken","PhysicalMismatch","NegativeMatch"
"840","66b82e7a217f905382989f20","test_ConceptualMatch_Physical","0","ConceptualMatchingOnly","obese","floral","obese-floral","ConceptualMatch:physical","NegativeMismatch"
"841","66b82e7a217f905382989f20","control_Similar","99","SimilarControl","speak","talk","speak-talk","",""
"842","66b82e7a217f905382989f20","control_MaxMismatch","0","MaxMismatch","newborn","humiliating","newborn-humiliating","PhysicalMismatch","PositiveMismatch"
"843","66b82e7a217f905382989f20","control_MaxMatch_Negative_Physical","0","MaxMatch","excruciating","comatose","excruciating-comatose","PhysicalMatch","NegativeMatch"
"844","66b82e7a217f905382989f20","control_MaxMatch_Positive_Social","21","MaxMatch","cheerful","easygoing","cheerful-easygoing","SocialMatch","PositiveMatch"
"845","66b82e7a217f905382989f20","test_ValenceMatch_Positive","0","ValenceMatchingOnly","easygoing","blooming","easygoing-blooming","SocialMismatch","PositiveMatch"
"846","66d62734985c822b67585824","control_Similar","99","SimilarControl","ask","inquire","ask-inquire","",""
"847","66d62734985c822b67585824","control_Dissimilar","0","DissimilarControl","give","take","give-take","",""
"848","66d62734985c822b67585824","test_ConceptualMatch_Social","99","ConceptualMatchingOnly","selfless","grumpy","selfless-grumpy","ConceptualMatch:social","PositiveMismatch"
"849","66d62734985c822b67585824","test_ValenceMatch_Positive","41","ValenceMatchingOnly","hilarious","oceanic","hilarious-oceanic","SocialMismatch","PositiveMatch"
"850","66d62734985c822b67585824","control_MaxMatch_Negative_Physical","63","MaxMatch","excruciating","smelly","excruciating-smelly","PhysicalMatch","NegativeMatch"
"851","66d62734985c822b67585824","control_MaxMismatch","25","MaxMismatch","radiant","insulting","radiant-insulting","PhysicalMismatch","PositiveMismatch"
"852","66d62734985c822b67585824","control_Similar","99","SimilarControl","buy","purchase","buy-purchase","",""
"853","66d62734985c822b67585824","control_MaxMatch_Positive_Physical","81","MaxMatch","sunny","floral","sunny-floral","PhysicalMatch","PositiveMatch"
"854","66d62734985c822b67585824","control_MaxMatch_Positive_Social","61","MaxMatch","courageous","witty","courageous-witty","SocialMatch","PositiveMatch"
"855","66d62734985c822b67585824","test_ConceptualMatch_Physical","40","ConceptualMatchingOnly","rancid","fluffy","rancid-fluffy","ConceptualMatch:physical","NegativeMismatch"
"856","66d62734985c822b67585824","control_Dissimilar","0","DissimilarControl","push","pull","push-pull","",""
"857","66d62734985c822b67585824","control_MaxMatch_Negative_Social","93","MaxMatch","infuriating","hateful","infuriating-hateful","SocialMatch","NegativeMatch"
"858","66d62734985c822b67585824","test_ValenceMatch_Negative","71","ValenceMatchingOnly","moldy","stingy","moldy-stingy","PhysicalMismatch","NegativeMatch"
"859","66d62734985c822b67585824","control_Similar","99","SimilarControl","begin","start","begin-start","",""
"860","66d62734985c822b67585824","control_Dissimilar","0","DissimilarControl","add","remove","add-remove","",""
"861","66d62734985c822b67585824","test_ConceptualMatch_Social","57","ConceptualMatchingOnly","brotherly","heartbroken","brotherly-heartbroken","ConceptualMatch:social","PositiveMismatch"
"862","66d62734985c822b67585824","test_ValenceMatch_Positive","67","ValenceMatchingOnly","brotherly","decorative","brotherly-decorative","SocialMismatch","PositiveMatch"
"863","66d62734985c822b67585824","control_MaxMatch_Negative_Physical","40","MaxMatch","obese","seasick","obese-seasick","PhysicalMatch","NegativeMatch"
"864","66d62734985c822b67585824","control_MaxMismatch","40","MaxMismatch","nutritious","insulting","nutritious-insulting","PhysicalMismatch","PositiveMismatch"
"865","66d62734985c822b67585824","control_Similar","99","SimilarControl","end","finish","end-finish","",""
"866","66d62734985c822b67585824","control_MaxMatch_Positive_Physical","42","MaxMatch","oceanic","newborn","oceanic-newborn","PhysicalMatch","PositiveMatch"
"867","66d62734985c822b67585824","control_MaxMatch_Positive_Social","32","MaxMatch","brotherly","joyful","brotherly-joyful","SocialMatch","PositiveMatch"
"868","66d62734985c822b67585824","test_ConceptualMatch_Physical","32","ConceptualMatchingOnly","comatose","fluffy","comatose-fluffy","ConceptualMatch:physical","NegativeMismatch"
"869","66d62734985c822b67585824","control_Dissimilar","0","DissimilarControl","begin","end","begin-end","",""
"870","66d62734985c822b67585824","control_MaxMatch_Negative_Social","66","MaxMatch","insulting","stingy","insulting-stingy","SocialMatch","NegativeMatch"
"871","66d62734985c822b67585824","test_ValenceMatch_Negative","40","ValenceMatchingOnly","smelly","greedy","smelly-greedy","PhysicalMismatch","NegativeMatch"
"872","66d62734985c822b67585824","control_Similar","99","SimilarControl","show","display","show-display","",""
"873","66d62734985c822b67585824","control_Dissimilar","0","DissimilarControl","rise","fall","rise-fall","",""
"874","66d62734985c822b67585824","test_ConceptualMatch_Social","24","ConceptualMatchingOnly","easygoing","grumpy","easygoing-grumpy","ConceptualMatch:social","PositiveMismatch"
"875","66d62734985c822b67585824","test_ValenceMatch_Positive","70","ValenceMatchingOnly","carefree","sunny","carefree-sunny","SocialMismatch","PositiveMatch"
"876","66d62734985c822b67585824","control_MaxMatch_Negative_Physical","94","MaxMatch","nauseous","seasick","nauseous-seasick","PhysicalMatch","NegativeMatch"
"877","66d62734985c822b67585824","control_MaxMismatch","20","MaxMismatch","radiant","dreaded","radiant-dreaded","PhysicalMismatch","PositiveMismatch"
"878","66d62734985c822b67585824","control_Similar","98","SimilarControl","get","obtain","get-obtain","",""
"879","66d62734985c822b67585824","control_MaxMatch_Positive_Physical","61","MaxMatch","blooming","floral","blooming-floral","PhysicalMatch","PositiveMatch"
"880","66d62734985c822b67585824","control_MaxMatch_Positive_Social","64","MaxMatch","hilarious","selfless","hilarious-selfless","SocialMatch","PositiveMatch"
"881","66d62734985c822b67585824","test_ConceptualMatch_Physical","35","ConceptualMatchingOnly","rancid","nutritious","rancid-nutritious","ConceptualMatch:physical","NegativeMismatch"
"882","66d62734985c822b67585824","control_Dissimilar","0","DissimilarControl","arrive","leave","arrive-leave","",""
"883","66d62734985c822b67585824","control_MaxMatch_Negative_Social","57","MaxMatch","insulting","racist","insulting-racist","SocialMatch","NegativeMatch"
"884","66d62734985c822b67585824","test_ValenceMatch_Negative","39","ValenceMatchingOnly","comatose","stingy","comatose-stingy","PhysicalMismatch","NegativeMatch"
"885","66d62734985c822b67585824","control_Similar","99","SimilarControl","need","require","need-require","",""
"886","66d62734985c822b67585824","control_Dissimilar","0","DissimilarControl","come","go","come-go","",""
"887","66d62734985c822b67585824","test_ConceptualMatch_Social","67","ConceptualMatchingOnly","selfless","insulting","selfless-insulting","ConceptualMatch:social","PositiveMismatch"
"888","66d62734985c822b67585824","test_ValenceMatch_Positive","62","ValenceMatchingOnly","hilarious","floral","hilarious-floral","SocialMismatch","PositiveMatch"
"889","66d62734985c822b67585824","control_MaxMatch_Negative_Physical","40","MaxMatch","moldy","nauseous","moldy-nauseous","PhysicalMatch","NegativeMatch"
"890","66d62734985c822b67585824","control_MaxMismatch","62","MaxMismatch","decorative","insulting","decorative-insulting","PhysicalMismatch","PositiveMismatch"
"891","66d62734985c822b67585824","control_Similar","99","SimilarControl","help","assist","help-assist","",""
"892","66d62734985c822b67585824","control_MaxMatch_Positive_Physical","40","MaxMatch","floral","oceanic","floral-oceanic","PhysicalMatch","PositiveMatch"
"893","66d62734985c822b67585824","control_MaxMatch_Positive_Social","59","MaxMatch","dependable","witty","dependable-witty","SocialMatch","PositiveMatch"
"894","66d62734985c822b67585824","test_ConceptualMatch_Physical","40","ConceptualMatchingOnly","nauseous","sunny","nauseous-sunny","ConceptualMatch:physical","NegativeMismatch"
"895","66d62734985c822b67585824","control_Dissimilar","0","DissimilarControl","increase","decrease","increase-decrease","",""
"896","66d62734985c822b67585824","control_MaxMatch_Negative_Social","77","MaxMatch","heartbroken","hateful","heartbroken-hateful","SocialMatch","NegativeMatch"
"897","66d62734985c822b67585824","test_ValenceMatch_Negative","40","ValenceMatchingOnly","nauseous","heartbroken","nauseous-heartbroken","PhysicalMismatch","NegativeMatch"
"898","66d62734985c822b67585824","control_Similar","99","SimilarControl","speak","talk","speak-talk","",""
"899","66d62734985c822b67585824","control_Dissimilar","0","DissimilarControl","open","close","open-close","",""
"900","66d62734985c822b67585824","test_ConceptualMatch_Social","6","ConceptualMatchingOnly","dependable","greedy","dependable-greedy","ConceptualMatch:social","PositiveMismatch"
"901","66d62734985c822b67585824","test_ValenceMatch_Positive","61","ValenceMatchingOnly","selfless","floral","selfless-floral","SocialMismatch","PositiveMatch"
"902","66d62734985c822b67585824","control_MaxMatch_Negative_Physical","39","MaxMatch","rancid","seasick","rancid-seasick","PhysicalMatch","NegativeMatch"
"903","66d62734985c822b67585824","control_MaxMismatch","61","MaxMismatch","radiant","heartbroken","radiant-heartbroken","PhysicalMismatch","PositiveMismatch"
"904","66d62734985c822b67585824","control_Similar","99","SimilarControl","use","employ","use-employ","",""
"905","66d62734985c822b67585824","control_MaxMatch_Positive_Physical","65","MaxMatch","fluffy","decorative","fluffy-decorative","PhysicalMatch","PositiveMatch"
"906","66d62734985c822b67585824","control_MaxMatch_Positive_Social","63","MaxMatch","brotherly","cheerful","brotherly-cheerful","SocialMatch","PositiveMatch"
"907","66d62734985c822b67585824","test_ConceptualMatch_Physical","42","ConceptualMatchingOnly","seasick","oceanic","seasick-oceanic","ConceptualMatch:physical","NegativeMismatch"
"908","66d62734985c822b67585824","control_Dissimilar","0","DissimilarControl","enter","exit","enter-exit","",""
"909","66d62734985c822b67585824","control_MaxMatch_Negative_Social","70","MaxMatch","grumpy","humiliating","grumpy-humiliating","SocialMatch","NegativeMatch"
"910","66d62734985c822b67585824","test_ValenceMatch_Negative","41","ValenceMatchingOnly","comatose","racist","comatose-racist","PhysicalMismatch","NegativeMatch"
"911","671b277a6d04904df5f9503b","control_Similar","98","SimilarControl","begin","start","begin-start","",""
"912","671b277a6d04904df5f9503b","control_Dissimilar","6","DissimilarControl","open","close","open-close","",""
"913","671b277a6d04904df5f9503b","control_MaxMatch_Negative_Physical","73","MaxMatch","moldy","smelly","moldy-smelly","PhysicalMatch","NegativeMatch"
"914","671b277a6d04904df5f9503b","test_ValenceMatch_Positive","34","ValenceMatchingOnly","cheerful","nutritious","cheerful-nutritious","SocialMismatch","PositiveMatch"
"915","671b277a6d04904df5f9503b","control_Similar","99","SimilarControl","speak","talk","speak-talk","",""
"916","671b277a6d04904df5f9503b","test_ConceptualMatch_Social","0","ConceptualMatchingOnly","cheerful","infuriating","cheerful-infuriating","ConceptualMatch:social","PositiveMismatch"
"917","671b277a6d04904df5f9503b","control_MaxMatch_Positive_Social","61","MaxMatch","joyful","hilarious","joyful-hilarious","SocialMatch","PositiveMatch"
"918","671b277a6d04904df5f9503b","control_MaxMatch_Negative_Social","51","MaxMatch","humiliating","stingy","humiliating-stingy","SocialMatch","NegativeMatch"
"919","671b277a6d04904df5f9503b","control_MaxMismatch","18","MaxMismatch","decorative","grumpy","decorative-grumpy","PhysicalMismatch","PositiveMismatch"
"920","671b277a6d04904df5f9503b","test_ValenceMatch_Negative","44","ValenceMatchingOnly","excruciating","stingy","excruciating-stingy","PhysicalMismatch","NegativeMatch"
"921","671b277a6d04904df5f9503b","test_ConceptualMatch_Physical","12","ConceptualMatchingOnly","smelly","nutritious","smelly-nutritious","ConceptualMatch:physical","NegativeMismatch"
"922","671b277a6d04904df5f9503b","control_MaxMatch_Positive_Physical","61","MaxMatch","decorative","radiant","decorative-radiant","PhysicalMatch","PositiveMatch"
"923","671b277a6d04904df5f9503b","control_Dissimilar","3","DissimilarControl","begin","end","begin-end","",""
"924","671b277a6d04904df5f9503b","control_Similar","99","SimilarControl","buy","purchase","buy-purchase","",""
"925","671b277a6d04904df5f9503b","control_Dissimilar","4","DissimilarControl","enter","exit","enter-exit","",""
"926","671b277a6d04904df5f9503b","control_MaxMatch_Negative_Physical","54","MaxMatch","excruciating","seasick","excruciating-seasick","PhysicalMatch","NegativeMatch"
"927","671b277a6d04904df5f9503b","test_ValenceMatch_Positive","39","ValenceMatchingOnly","selfless","decorative","selfless-decorative","SocialMismatch","PositiveMatch"
"928","671b277a6d04904df5f9503b","control_Similar","99","SimilarControl","get","obtain","get-obtain","",""
"929","671b277a6d04904df5f9503b","test_ConceptualMatch_Social","10","ConceptualMatchingOnly","hilarious","humiliating","hilarious-humiliating","ConceptualMatch:social","PositiveMismatch"
"930","671b277a6d04904df5f9503b","control_MaxMatch_Positive_Social","34","MaxMatch","easygoing","witty","easygoing-witty","SocialMatch","PositiveMatch"
"931","671b277a6d04904df5f9503b","control_MaxMatch_Negative_Social","42","MaxMatch","insulting","stingy","insulting-stingy","SocialMatch","NegativeMatch"
"932","671b277a6d04904df5f9503b","control_MaxMismatch","0","MaxMismatch","newborn","hateful","newborn-hateful","PhysicalMismatch","PositiveMismatch"
"933","671b277a6d04904df5f9503b","test_ValenceMatch_Negative","31","ValenceMatchingOnly","lifeless","grumpy","lifeless-grumpy","PhysicalMismatch","NegativeMatch"
"934","671b277a6d04904df5f9503b","test_ConceptualMatch_Physical","28","ConceptualMatchingOnly","comatose","floral","comatose-floral","ConceptualMatch:physical","NegativeMismatch"
"935","671b277a6d04904df5f9503b","control_MaxMatch_Positive_Physical","66","MaxMatch","blooming","radiant","blooming-radiant","PhysicalMatch","PositiveMatch"
"936","671b277a6d04904df5f9503b","control_Dissimilar","0","DissimilarControl","add","remove","add-remove","",""
"937","671b277a6d04904df5f9503b","control_Similar","95","SimilarControl","need","require","need-require","",""
"938","671b277a6d04904df5f9503b","control_Dissimilar","0","DissimilarControl","rise","fall","rise-fall","",""
"939","671b277a6d04904df5f9503b","control_MaxMatch_Negative_Physical","26","MaxMatch","obese","itchy","obese-itchy","PhysicalMatch","NegativeMatch"
"940","671b277a6d04904df5f9503b","test_ValenceMatch_Positive","32","ValenceMatchingOnly","courageous","floral","courageous-floral","SocialMismatch","PositiveMatch"
"941","671b277a6d04904df5f9503b","control_Similar","81","SimilarControl","use","employ","use-employ","",""
"942","671b277a6d04904df5f9503b","test_ConceptualMatch_Social","9","ConceptualMatchingOnly","courageous","racist","courageous-racist","ConceptualMatch:social","PositiveMismatch"
"943","671b277a6d04904df5f9503b","control_MaxMatch_Positive_Social","42","MaxMatch","carefree","selfless","carefree-selfless","SocialMatch","PositiveMatch"
"944","671b277a6d04904df5f9503b","control_MaxMatch_Negative_Social","68","MaxMatch","humiliating","infuriating","humiliating-infuriating","SocialMatch","NegativeMatch"
"945","671b277a6d04904df5f9503b","control_MaxMismatch","18","MaxMismatch","sunny","stingy","sunny-stingy","PhysicalMismatch","PositiveMismatch"
"946","671b277a6d04904df5f9503b","test_ValenceMatch_Negative","44","ValenceMatchingOnly","nauseous","dreaded","nauseous-dreaded","PhysicalMismatch","NegativeMatch"
"947","671b277a6d04904df5f9503b","test_ConceptualMatch_Physical","38","ConceptualMatchingOnly","nauseous","radiant","nauseous-radiant","ConceptualMatch:physical","NegativeMismatch"
"948","671b277a6d04904df5f9503b","control_MaxMatch_Positive_Physical","55","MaxMatch","sunny","decorative","sunny-decorative","PhysicalMatch","PositiveMatch"
"949","671b277a6d04904df5f9503b","control_Dissimilar","0","DissimilarControl","arrive","leave","arrive-leave","",""
"950","671b277a6d04904df5f9503b","control_Similar","99","SimilarControl","ask","inquire","ask-inquire","",""
"951","671b277a6d04904df5f9503b","control_Dissimilar","0","DissimilarControl","come","go","come-go","",""
"952","671b277a6d04904df5f9503b","control_MaxMatch_Negative_Physical","42","MaxMatch","lifeless","seasick","lifeless-seasick","PhysicalMatch","NegativeMatch"
"953","671b277a6d04904df5f9503b","test_ValenceMatch_Positive","32","ValenceMatchingOnly","dependable","decorative","dependable-decorative","SocialMismatch","PositiveMatch"
"954","671b277a6d04904df5f9503b","control_Similar","94","SimilarControl","show","display","show-display","",""
"955","671b277a6d04904df5f9503b","test_ConceptualMatch_Social","33","ConceptualMatchingOnly","witty","grumpy","witty-grumpy","ConceptualMatch:social","PositiveMismatch"
"956","671b277a6d04904df5f9503b","control_MaxMatch_Positive_Social","56","MaxMatch","joyful","witty","joyful-witty","SocialMatch","PositiveMatch"
"957","671b277a6d04904df5f9503b","control_MaxMatch_Negative_Social","57","MaxMatch","heartbroken","dreaded","heartbroken-dreaded","SocialMatch","NegativeMatch"
"958","671b277a6d04904df5f9503b","control_MaxMismatch","35","MaxMismatch","oceanic","racist","oceanic-racist","PhysicalMismatch","PositiveMismatch"
"959","671b277a6d04904df5f9503b","test_ValenceMatch_Negative","32","ValenceMatchingOnly","lifeless","heartbroken","lifeless-heartbroken","PhysicalMismatch","NegativeMatch"
"960","671b277a6d04904df5f9503b","test_ConceptualMatch_Physical","0","ConceptualMatchingOnly","rancid","newborn","rancid-newborn","ConceptualMatch:physical","NegativeMismatch"
"961","671b277a6d04904df5f9503b","control_MaxMatch_Positive_Physical","64","MaxMatch","fluffy","sunny","fluffy-sunny","PhysicalMatch","PositiveMatch"
"962","671b277a6d04904df5f9503b","control_Dissimilar","1","DissimilarControl","give","take","give-take","",""
"963","671b277a6d04904df5f9503b","control_Similar","99","SimilarControl","end","finish","end-finish","",""
"964","671b277a6d04904df5f9503b","control_Dissimilar","4","DissimilarControl","push","pull","push-pull","",""
"965","671b277a6d04904df5f9503b","control_MaxMatch_Negative_Physical","37","MaxMatch","nauseous","obese","nauseous-obese","PhysicalMatch","NegativeMatch"
"966","671b277a6d04904df5f9503b","test_ValenceMatch_Positive","36","ValenceMatchingOnly","selfless","sunny","selfless-sunny","SocialMismatch","PositiveMatch"
"967","671b277a6d04904df5f9503b","control_Similar","99","SimilarControl","help","assist","help-assist","",""
"968","671b277a6d04904df5f9503b","test_ConceptualMatch_Social","38","ConceptualMatchingOnly","selfless","racist","selfless-racist","ConceptualMatch:social","PositiveMismatch"
"969","671b277a6d04904df5f9503b","control_MaxMatch_Positive_Social","76","MaxMatch","easygoing","dependable","easygoing-dependable","SocialMatch","PositiveMatch"
"970","671b277a6d04904df5f9503b","control_MaxMatch_Negative_Social","36","MaxMatch","greedy","heartbroken","greedy-heartbroken","SocialMatch","NegativeMatch"
"971","671b277a6d04904df5f9503b","control_MaxMismatch","41","MaxMismatch","floral","heartbroken","floral-heartbroken","PhysicalMismatch","PositiveMismatch"
"972","671b277a6d04904df5f9503b","test_ValenceMatch_Negative","81","ValenceMatchingOnly","excruciating","infuriating","excruciating-infuriating","PhysicalMismatch","NegativeMatch"
"973","671b277a6d04904df5f9503b","test_ConceptualMatch_Physical","23","ConceptualMatchingOnly","seasick","nutritious","seasick-nutritious","ConceptualMatch:physical","NegativeMismatch"
"974","671b277a6d04904df5f9503b","control_MaxMatch_Positive_Physical","8","MaxMatch","homemade","newborn","homemade-newborn","PhysicalMatch","PositiveMatch"
"975","671b277a6d04904df5f9503b","control_Dissimilar","1","DissimilarControl","increase","decrease","increase-decrease","",""
"976","6332517a492e9ac48804f991","control_Dissimilar","0","DissimilarControl","rise","fall","rise-fall","",""
"977","6332517a492e9ac48804f991","control_Similar","45","SimilarControl","use","employ","use-employ","",""
"978","6332517a492e9ac48804f991","test_ValenceMatch_Negative","4","ValenceMatchingOnly","smelly","grumpy","smelly-grumpy","PhysicalMismatch","NegativeMatch"
"979","6332517a492e9ac48804f991","control_Dissimilar","0","DissimilarControl","give","take","give-take","",""
"980","6332517a492e9ac48804f991","control_MaxMatch_Negative_Social","80","MaxMatch","infuriating","hateful","infuriating-hateful","SocialMatch","NegativeMatch"
"981","6332517a492e9ac48804f991","control_MaxMatch_Positive_Physical","84","MaxMatch","blooming","decorative","blooming-decorative","PhysicalMatch","PositiveMatch"
"982","6332517a492e9ac48804f991","control_MaxMatch_Negative_Physical","0","MaxMatch","obese","lifeless","obese-lifeless","PhysicalMatch","NegativeMatch"
"983","6332517a492e9ac48804f991","test_ConceptualMatch_Physical","65","ConceptualMatchingOnly","seasick","oceanic","seasick-oceanic","ConceptualMatch:physical","NegativeMismatch"
"984","6332517a492e9ac48804f991","control_MaxMismatch","0","MaxMismatch","oceanic","dreaded","oceanic-dreaded","PhysicalMismatch","PositiveMismatch"
"985","6332517a492e9ac48804f991","test_ConceptualMatch_Social","0","ConceptualMatchingOnly","carefree","insulting","carefree-insulting","ConceptualMatch:social","PositiveMismatch"
"986","6332517a492e9ac48804f991","control_MaxMatch_Positive_Social","61","MaxMatch","easygoing","hilarious","easygoing-hilarious","SocialMatch","PositiveMatch"
"987","6332517a492e9ac48804f991","control_Similar","99","SimilarControl","speak","talk","speak-talk","",""
"988","6332517a492e9ac48804f991","test_ValenceMatch_Positive","4","ValenceMatchingOnly","cheerful","homemade","cheerful-homemade","SocialMismatch","PositiveMatch"
"989","6332517a492e9ac48804f991","control_Dissimilar","0","DissimilarControl","add","remove","add-remove","",""
"990","6332517a492e9ac48804f991","control_Similar","99","SimilarControl","end","finish","end-finish","",""
"991","6332517a492e9ac48804f991","test_ValenceMatch_Negative","77","ValenceMatchingOnly","lifeless","heartbroken","lifeless-heartbroken","PhysicalMismatch","NegativeMatch"
"992","6332517a492e9ac48804f991","control_Dissimilar","0","DissimilarControl","push","pull","push-pull","",""
"993","6332517a492e9ac48804f991","control_MaxMatch_Negative_Social","0","MaxMatch","heartbroken","stingy","heartbroken-stingy","SocialMatch","NegativeMatch"
"994","6332517a492e9ac48804f991","control_MaxMatch_Positive_Physical","0","MaxMatch","nutritious","newborn","nutritious-newborn","PhysicalMatch","PositiveMatch"
"995","6332517a492e9ac48804f991","control_MaxMatch_Negative_Physical","39","MaxMatch","nauseous","lifeless","nauseous-lifeless","PhysicalMatch","NegativeMatch"
"996","6332517a492e9ac48804f991","test_ConceptualMatch_Physical","8","ConceptualMatchingOnly","rancid","blooming","rancid-blooming","ConceptualMatch:physical","NegativeMismatch"
"997","6332517a492e9ac48804f991","control_MaxMismatch","2","MaxMismatch","fluffy","grumpy","fluffy-grumpy","PhysicalMismatch","PositiveMismatch"
"998","6332517a492e9ac48804f991","test_ConceptualMatch_Social","0","ConceptualMatchingOnly","cheerful","dreaded","cheerful-dreaded","ConceptualMatch:social","PositiveMismatch"
"999","6332517a492e9ac48804f991","control_MaxMatch_Positive_Social","59","MaxMatch","carefree","courageous","carefree-courageous","SocialMatch","PositiveMatch"
"1000","6332517a492e9ac48804f991","control_Similar","97","SimilarControl","help","assist","help-assist","",""
"1001","6332517a492e9ac48804f991","test_ValenceMatch_Positive","5","ValenceMatchingOnly","brotherly","oceanic","brotherly-oceanic","SocialMismatch","PositiveMatch"
"1002","6332517a492e9ac48804f991","control_Dissimilar","0","DissimilarControl","come","go","come-go","",""
"1003","6332517a492e9ac48804f991","control_Similar","99","SimilarControl","show","display","show-display","",""
"1004","6332517a492e9ac48804f991","test_ValenceMatch_Negative","13","ValenceMatchingOnly","obese","grumpy","obese-grumpy","PhysicalMismatch","NegativeMatch"
"1005","6332517a492e9ac48804f991","control_Dissimilar","0","DissimilarControl","open","close","open-close","",""
"1006","6332517a492e9ac48804f991","control_MaxMatch_Negative_Social","76","MaxMatch","insulting","stingy","insulting-stingy","SocialMatch","NegativeMatch"
"1007","6332517a492e9ac48804f991","control_MaxMatch_Positive_Physical","84","MaxMatch","sunny","blooming","sunny-blooming","PhysicalMatch","PositiveMatch"
"1008","6332517a492e9ac48804f991","control_MaxMatch_Negative_Physical","65","MaxMatch","obese","smelly","obese-smelly","PhysicalMatch","NegativeMatch"
"1009","6332517a492e9ac48804f991","test_ConceptualMatch_Physical","62","ConceptualMatchingOnly","smelly","oceanic","smelly-oceanic","ConceptualMatch:physical","NegativeMismatch"
"1010","6332517a492e9ac48804f991","control_MaxMismatch","0","MaxMismatch","decorative","heartbroken","decorative-heartbroken","PhysicalMismatch","PositiveMismatch"
"1011","6332517a492e9ac48804f991","test_ConceptualMatch_Social","0","ConceptualMatchingOnly","joyful","stingy","joyful-stingy","ConceptualMatch:social","PositiveMismatch"
"1012","6332517a492e9ac48804f991","control_MaxMatch_Positive_Social","70","MaxMatch","joyful","easygoing","joyful-easygoing","SocialMatch","PositiveMatch"
"1013","6332517a492e9ac48804f991","control_Similar","99","SimilarControl","begin","start","begin-start","",""
"1014","6332517a492e9ac48804f991","test_ValenceMatch_Positive","20","ValenceMatchingOnly","courageous","homemade","courageous-homemade","SocialMismatch","PositiveMatch"
"1015","6332517a492e9ac48804f991","control_Dissimilar","0","DissimilarControl","enter","exit","enter-exit","",""
"1016","6332517a492e9ac48804f991","control_Similar","99","SimilarControl","ask","inquire","ask-inquire","",""
"1017","6332517a492e9ac48804f991","test_ValenceMatch_Negative","0","ValenceMatchingOnly","seasick","racist","seasick-racist","PhysicalMismatch","NegativeMatch"
"1018","6332517a492e9ac48804f991","control_Dissimilar","0","DissimilarControl","arrive","leave","arrive-leave","",""
"1019","6332517a492e9ac48804f991","control_MaxMatch_Negative_Social","94","MaxMatch","dreaded","hateful","dreaded-hateful","SocialMatch","NegativeMatch"
"1020","6332517a492e9ac48804f991","control_MaxMatch_Positive_Physical","13","MaxMatch","oceanic","nutritious","oceanic-nutritious","PhysicalMatch","PositiveMatch"
"1021","6332517a492e9ac48804f991","control_MaxMatch_Negative_Physical","23","MaxMatch","lifeless","itchy","lifeless-itchy","PhysicalMatch","NegativeMatch"
"1022","6332517a492e9ac48804f991","test_ConceptualMatch_Physical","4","ConceptualMatchingOnly","obese","homemade","obese-homemade","ConceptualMatch:physical","NegativeMismatch"
"1023","6332517a492e9ac48804f991","control_MaxMismatch","0","MaxMismatch","decorative","hateful","decorative-hateful","PhysicalMismatch","PositiveMismatch"
"1024","6332517a492e9ac48804f991","test_ConceptualMatch_Social","0","ConceptualMatchingOnly","cheerful","greedy","cheerful-greedy","ConceptualMatch:social","PositiveMismatch"
"1025","6332517a492e9ac48804f991","control_MaxMatch_Positive_Social","75","MaxMatch","joyful","courageous","joyful-courageous","SocialMatch","PositiveMatch"
"1026","6332517a492e9ac48804f991","control_Similar","99","SimilarControl","buy","purchase","buy-purchase","",""
"1027","6332517a492e9ac48804f991","test_ValenceMatch_Positive","72","ValenceMatchingOnly","courageous","sunny","courageous-sunny","SocialMismatch","PositiveMatch"
"1028","6332517a492e9ac48804f991","control_Dissimilar","0","DissimilarControl","begin","end","begin-end","",""
"1029","6332517a492e9ac48804f991","control_Similar","99","SimilarControl","need","require","need-require","",""
"1030","6332517a492e9ac48804f991","test_ValenceMatch_Negative","66","ValenceMatchingOnly","rancid","dreaded","rancid-dreaded","PhysicalMismatch","NegativeMatch"
"1031","6332517a492e9ac48804f991","control_Dissimilar","0","DissimilarControl","increase","decrease","increase-decrease","",""
"1032","6332517a492e9ac48804f991","control_MaxMatch_Negative_Social","36","MaxMatch","grumpy","humiliating","grumpy-humiliating","SocialMatch","NegativeMatch"
"1033","6332517a492e9ac48804f991","control_MaxMatch_Positive_Physical","5","MaxMatch","nutritious","radiant","nutritious-radiant","PhysicalMatch","PositiveMatch"
"1034","6332517a492e9ac48804f991","control_MaxMatch_Negative_Physical","94","MaxMatch","nauseous","smelly","nauseous-smelly","PhysicalMatch","NegativeMatch"
"1035","6332517a492e9ac48804f991","test_ConceptualMatch_Physical","0","ConceptualMatchingOnly","comatose","fluffy","comatose-fluffy","ConceptualMatch:physical","NegativeMismatch"
"1036","6332517a492e9ac48804f991","control_MaxMismatch","25","MaxMismatch","homemade","dreaded","homemade-dreaded","PhysicalMismatch","PositiveMismatch"
"1037","6332517a492e9ac48804f991","test_ConceptualMatch_Social","0","ConceptualMatchingOnly","hilarious","heartbroken","hilarious-heartbroken","ConceptualMatch:social","PositiveMismatch"
"1038","6332517a492e9ac48804f991","control_MaxMatch_Positive_Social","62","MaxMatch","brotherly","witty","brotherly-witty","SocialMatch","PositiveMatch"
"1039","6332517a492e9ac48804f991","control_Similar","99","SimilarControl","get","obtain","get-obtain","",""
"1040","6332517a492e9ac48804f991","test_ValenceMatch_Positive","68","ValenceMatchingOnly","cheerful","decorative","cheerful-decorative","SocialMismatch","PositiveMatch"
"1041","645906dc264ac9eb66b7f3ec","control_Dissimilar","19","DissimilarControl","enter","exit","enter-exit","",""
"1042","645906dc264ac9eb66b7f3ec","control_Similar","94","SimilarControl","need","require","need-require","",""
"1043","645906dc264ac9eb66b7f3ec","test_ValenceMatch_Positive","0","ValenceMatchingOnly","selfless","radiant","selfless-radiant","SocialMismatch","PositiveMatch"
"1044","645906dc264ac9eb66b7f3ec","control_MaxMatch_Positive_Physical","0","MaxMatch","blooming","homemade","blooming-homemade","PhysicalMatch","PositiveMatch"
"1045","645906dc264ac9eb66b7f3ec","control_MaxMatch_Negative_Social","19","MaxMatch","racist","dreaded","racist-dreaded","SocialMatch","NegativeMatch"
"1046","645906dc264ac9eb66b7f3ec","control_MaxMismatch","0","MaxMismatch","radiant","grumpy","radiant-grumpy","PhysicalMismatch","PositiveMismatch"
"1047","645906dc264ac9eb66b7f3ec","control_Dissimilar","14","DissimilarControl","open","close","open-close","",""
"1048","645906dc264ac9eb66b7f3ec","control_Similar","99","SimilarControl","use","employ","use-employ","",""
"1049","645906dc264ac9eb66b7f3ec","test_ConceptualMatch_Social","0","ConceptualMatchingOnly","courageous","infuriating","courageous-infuriating","ConceptualMatch:social","PositiveMismatch"
"1050","645906dc264ac9eb66b7f3ec","control_MaxMatch_Positive_Social","16","MaxMatch","hilarious","dependable","hilarious-dependable","SocialMatch","PositiveMatch"
"1051","645906dc264ac9eb66b7f3ec","test_ConceptualMatch_Physical","0","ConceptualMatchingOnly","moldy","decorative","moldy-decorative","ConceptualMatch:physical","NegativeMismatch"
"1052","645906dc264ac9eb66b7f3ec","test_ValenceMatch_Negative","2","ValenceMatchingOnly","smelly","dreaded","smelly-dreaded","PhysicalMismatch","NegativeMatch"
"1053","645906dc264ac9eb66b7f3ec","control_MaxMatch_Negative_Physical","0","MaxMatch","excruciating","comatose","excruciating-comatose","PhysicalMatch","NegativeMatch"
"1054","645906dc264ac9eb66b7f3ec","control_Dissimilar","17","DissimilarControl","add","remove","add-remove","",""
"1055","645906dc264ac9eb66b7f3ec","control_Similar","99","SimilarControl","buy","purchase","buy-purchase","",""
"1056","645906dc264ac9eb66b7f3ec","test_ValenceMatch_Positive","0","ValenceMatchingOnly","brotherly","newborn","brotherly-newborn","SocialMismatch","PositiveMatch"
"1057","645906dc264ac9eb66b7f3ec","control_MaxMatch_Positive_Physical","7","MaxMatch","sunny","homemade","sunny-homemade","PhysicalMatch","PositiveMatch"
"1058","645906dc264ac9eb66b7f3ec","control_MaxMatch_Negative_Social","7","MaxMatch","dreaded","stingy","dreaded-stingy","SocialMatch","NegativeMatch"
"1059","645906dc264ac9eb66b7f3ec","control_MaxMismatch","0","MaxMismatch","homemade","hateful","homemade-hateful","PhysicalMismatch","PositiveMismatch"
"1060","645906dc264ac9eb66b7f3ec","control_Dissimilar","26","DissimilarControl","push","pull","push-pull","",""
"1061","645906dc264ac9eb66b7f3ec","control_Similar","99","SimilarControl","end","finish","end-finish","",""
"1062","645906dc264ac9eb66b7f3ec","test_ConceptualMatch_Social","25","ConceptualMatchingOnly","dependable","hateful","dependable-hateful","ConceptualMatch:social","PositiveMismatch"
"1063","645906dc264ac9eb66b7f3ec","control_MaxMatch_Positive_Social","0","MaxMatch","brotherly","easygoing","brotherly-easygoing","SocialMatch","PositiveMatch"
"1064","645906dc264ac9eb66b7f3ec","test_ConceptualMatch_Physical","0","ConceptualMatchingOnly","rancid","radiant","rancid-radiant","ConceptualMatch:physical","NegativeMismatch"
"1065","645906dc264ac9eb66b7f3ec","test_ValenceMatch_Negative","0","ValenceMatchingOnly","itchy","racist","itchy-racist","PhysicalMismatch","NegativeMatch"
"1066","645906dc264ac9eb66b7f3ec","control_MaxMatch_Negative_Physical","0","MaxMatch","lifeless","seasick","lifeless-seasick","PhysicalMatch","NegativeMatch"
"1067","645906dc264ac9eb66b7f3ec","control_Dissimilar","28","DissimilarControl","begin","end","begin-end","",""
"1068","645906dc264ac9eb66b7f3ec","control_Similar","99","SimilarControl","show","display","show-display","",""
"1069","645906dc264ac9eb66b7f3ec","test_ValenceMatch_Positive","0","ValenceMatchingOnly","dependable","sunny","dependable-sunny","SocialMismatch","PositiveMatch"
"1070","645906dc264ac9eb66b7f3ec","control_MaxMatch_Positive_Physical","11","MaxMatch","decorative","homemade","decorative-homemade","PhysicalMatch","PositiveMatch"
"1071","645906dc264ac9eb66b7f3ec","control_MaxMatch_Negative_Social","0","MaxMatch","greedy","humiliating","greedy-humiliating","SocialMatch","NegativeMatch"
"1072","645906dc264ac9eb66b7f3ec","control_MaxMismatch","0","MaxMismatch","radiant","racist","radiant-racist","PhysicalMismatch","PositiveMismatch"
"1073","645906dc264ac9eb66b7f3ec","control_Dissimilar","36","DissimilarControl","come","go","come-go","",""
"1074","645906dc264ac9eb66b7f3ec","control_Similar","99","SimilarControl","ask","inquire","ask-inquire","",""
"1075","645906dc264ac9eb66b7f3ec","test_ConceptualMatch_Social","0","ConceptualMatchingOnly","dependable","heartbroken","dependable-heartbroken","ConceptualMatch:social","PositiveMismatch"
"1076","645906dc264ac9eb66b7f3ec","control_MaxMatch_Positive_Social","17","MaxMatch","carefree","courageous","carefree-courageous","SocialMatch","PositiveMatch"
"1077","645906dc264ac9eb66b7f3ec","test_ConceptualMatch_Physical","0","ConceptualMatchingOnly","moldy","oceanic","moldy-oceanic","ConceptualMatch:physical","NegativeMismatch"
"1078","645906dc264ac9eb66b7f3ec","test_ValenceMatch_Negative","32","ValenceMatchingOnly","excruciating","humiliating","excruciating-humiliating","PhysicalMismatch","NegativeMatch"
"1079","645906dc264ac9eb66b7f3ec","control_MaxMatch_Negative_Physical","0","MaxMatch","comatose","itchy","comatose-itchy","PhysicalMatch","NegativeMatch"
"1080","645906dc264ac9eb66b7f3ec","control_Dissimilar","19","DissimilarControl","arrive","leave","arrive-leave","",""
"1081","645906dc264ac9eb66b7f3ec","control_Similar","99","SimilarControl","get","obtain","get-obtain","",""
"1082","645906dc264ac9eb66b7f3ec","test_ValenceMatch_Positive","80","ValenceMatchingOnly","courageous","newborn","courageous-newborn","SocialMismatch","PositiveMatch"
"1083","645906dc264ac9eb66b7f3ec","control_MaxMatch_Positive_Physical","0","MaxMatch","fluffy","nutritious","fluffy-nutritious","PhysicalMatch","PositiveMatch"
"1084","645906dc264ac9eb66b7f3ec","control_MaxMatch_Negative_Social","13","MaxMatch","greedy","stingy","greedy-stingy","SocialMatch","NegativeMatch"
"1085","645906dc264ac9eb66b7f3ec","control_MaxMismatch","0","MaxMismatch","oceanic","infuriating","oceanic-infuriating","PhysicalMismatch","PositiveMismatch"
"1086","645906dc264ac9eb66b7f3ec","control_Dissimilar","22","DissimilarControl","rise","fall","rise-fall","",""
"1087","645906dc264ac9eb66b7f3ec","control_Similar","99","SimilarControl","begin","start","begin-start","",""
"1088","645906dc264ac9eb66b7f3ec","test_ConceptualMatch_Social","0","ConceptualMatchingOnly","courageous","insulting","courageous-insulting","ConceptualMatch:social","PositiveMismatch"
"1089","645906dc264ac9eb66b7f3ec","control_MaxMatch_Positive_Social","76","MaxMatch","hilarious","witty","hilarious-witty","SocialMatch","PositiveMatch"
"1090","645906dc264ac9eb66b7f3ec","test_ConceptualMatch_Physical","25","ConceptualMatchingOnly","nauseous","oceanic","nauseous-oceanic","ConceptualMatch:physical","NegativeMismatch"
"1091","645906dc264ac9eb66b7f3ec","test_ValenceMatch_Negative","0","ValenceMatchingOnly","smelly","infuriating","smelly-infuriating","PhysicalMismatch","NegativeMatch"
"1092","645906dc264ac9eb66b7f3ec","control_MaxMatch_Negative_Physical","41","MaxMatch","moldy","smelly","moldy-smelly","PhysicalMatch","NegativeMatch"
"1093","645906dc264ac9eb66b7f3ec","control_Dissimilar","22","DissimilarControl","give","take","give-take","",""
"1094","645906dc264ac9eb66b7f3ec","control_Similar","99","SimilarControl","help","assist","help-assist","",""
"1095","645906dc264ac9eb66b7f3ec","test_ValenceMatch_Positive","21","ValenceMatchingOnly","brotherly","decorative","brotherly-decorative","SocialMismatch","PositiveMatch"
"1096","645906dc264ac9eb66b7f3ec","control_MaxMatch_Positive_Physical","0","MaxMatch","decorative","nutritious","decorative-nutritious","PhysicalMatch","PositiveMatch"
"1097","645906dc264ac9eb66b7f3ec","control_MaxMatch_Negative_Social","0","MaxMatch","insulting","dreaded","insulting-dreaded","SocialMatch","NegativeMatch"
"1098","645906dc264ac9eb66b7f3ec","control_MaxMismatch","0","MaxMismatch","fluffy","dreaded","fluffy-dreaded","PhysicalMismatch","PositiveMismatch"
"1099","645906dc264ac9eb66b7f3ec","control_Dissimilar","11","DissimilarControl","increase","decrease","increase-decrease","",""
"1100","645906dc264ac9eb66b7f3ec","control_Similar","99","SimilarControl","speak","talk","speak-talk","",""
"1101","645906dc264ac9eb66b7f3ec","test_ConceptualMatch_Social","0","ConceptualMatchingOnly","easygoing","hateful","easygoing-hateful","ConceptualMatch:social","PositiveMismatch"
"1102","645906dc264ac9eb66b7f3ec","control_MaxMatch_Positive_Social","99","MaxMatch","joyful","cheerful","joyful-cheerful","SocialMatch","PositiveMatch"
"1103","645906dc264ac9eb66b7f3ec","test_ConceptualMatch_Physical","28","ConceptualMatchingOnly","obese","blooming","obese-blooming","ConceptualMatch:physical","NegativeMismatch"
"1104","645906dc264ac9eb66b7f3ec","test_ValenceMatch_Negative","0","ValenceMatchingOnly","rancid","infuriating","rancid-infuriating","PhysicalMismatch","NegativeMatch"
"1105","645906dc264ac9eb66b7f3ec","control_MaxMatch_Negative_Physical","17","MaxMatch","excruciating","seasick","excruciating-seasick","PhysicalMatch","NegativeMatch"
"1106","65661de90c2260598c3ffd5b","control_Similar","99","SimilarControl","get","obtain","get-obtain","",""
"1107","65661de90c2260598c3ffd5b","control_Dissimilar","0","DissimilarControl","push","pull","push-pull","",""
"1108","65661de90c2260598c3ffd5b","test_ConceptualMatch_Social","0","ConceptualMatchingOnly","easygoing","dreaded","easygoing-dreaded","ConceptualMatch:social","PositiveMismatch"
"1109","65661de90c2260598c3ffd5b","control_MaxMatch_Negative_Social","51","MaxMatch","humiliating","hateful","humiliating-hateful","SocialMatch","NegativeMatch"
"1110","65661de90c2260598c3ffd5b","test_ValenceMatch_Positive","0","ValenceMatchingOnly","cheerful","decorative","cheerful-decorative","SocialMismatch","PositiveMatch"
"1111","65661de90c2260598c3ffd5b","control_MaxMatch_Positive_Physical","0","MaxMatch","floral","newborn","floral-newborn","PhysicalMatch","PositiveMatch"
"1112","65661de90c2260598c3ffd5b","control_MaxMatch_Negative_Physical","44","MaxMatch","seasick","itchy","seasick-itchy","PhysicalMatch","NegativeMatch"
"1113","65661de90c2260598c3ffd5b","test_ConceptualMatch_Physical","0","ConceptualMatchingOnly","itchy","radiant","itchy-radiant","ConceptualMatch:physical","NegativeMismatch"
"1114","65661de90c2260598c3ffd5b","control_MaxMatch_Positive_Social","59","MaxMatch","cheerful","witty","cheerful-witty","SocialMatch","PositiveMatch"
"1115","65661de90c2260598c3ffd5b","control_Similar","99","SimilarControl","show","display","show-display","",""
"1116","65661de90c2260598c3ffd5b","control_MaxMismatch","0","MaxMismatch","oceanic","racist","oceanic-racist","PhysicalMismatch","PositiveMismatch"
"1117","65661de90c2260598c3ffd5b","test_ValenceMatch_Negative","0","ValenceMatchingOnly","rancid","infuriating","rancid-infuriating","PhysicalMismatch","NegativeMatch"
"1118","65661de90c2260598c3ffd5b","control_Dissimilar","0","DissimilarControl","open","close","open-close","",""
"1119","65661de90c2260598c3ffd5b","control_Similar","99","SimilarControl","end","finish","end-finish","",""
"1120","65661de90c2260598c3ffd5b","control_Dissimilar","0","DissimilarControl","add","remove","add-remove","",""
"1121","65661de90c2260598c3ffd5b","test_ConceptualMatch_Social","0","ConceptualMatchingOnly","courageous","grumpy","courageous-grumpy","ConceptualMatch:social","PositiveMismatch"
"1122","65661de90c2260598c3ffd5b","control_MaxMatch_Negative_Social","0","MaxMatch","insulting","dreaded","insulting-dreaded","SocialMatch","NegativeMatch"
"1123","65661de90c2260598c3ffd5b","test_ValenceMatch_Positive","0","ValenceMatchingOnly","selfless","radiant","selfless-radiant","SocialMismatch","PositiveMatch"
"1124","65661de90c2260598c3ffd5b","control_MaxMatch_Positive_Physical","0","MaxMatch","oceanic","decorative","oceanic-decorative","PhysicalMatch","PositiveMatch"
"1125","65661de90c2260598c3ffd5b","control_MaxMatch_Negative_Physical","0","MaxMatch","comatose","rancid","comatose-rancid","PhysicalMatch","NegativeMatch"
"1126","65661de90c2260598c3ffd5b","test_ConceptualMatch_Physical","0","ConceptualMatchingOnly","itchy","newborn","itchy-newborn","ConceptualMatch:physical","NegativeMismatch"
"1127","65661de90c2260598c3ffd5b","control_MaxMatch_Positive_Social","0","MaxMatch","joyful","witty","joyful-witty","SocialMatch","PositiveMatch"
"1128","65661de90c2260598c3ffd5b","control_Similar","0","SimilarControl","begin","start","begin-start","",""
"1129","65661de90c2260598c3ffd5b","control_MaxMismatch","0","MaxMismatch","blooming","hateful","blooming-hateful","PhysicalMismatch","PositiveMismatch"
"1130","65661de90c2260598c3ffd5b","test_ValenceMatch_Negative","0","ValenceMatchingOnly","excruciating","greedy","excruciating-greedy","PhysicalMismatch","NegativeMatch"
"1131","65661de90c2260598c3ffd5b","control_Dissimilar","0","DissimilarControl","increase","decrease","increase-decrease","",""
"1132","65661de90c2260598c3ffd5b","control_Similar","81","SimilarControl","use","employ","use-employ","",""
"1133","65661de90c2260598c3ffd5b","control_Dissimilar","0","DissimilarControl","rise","fall","rise-fall","",""
"1134","65661de90c2260598c3ffd5b","test_ConceptualMatch_Social","0","ConceptualMatchingOnly","cheerful","insulting","cheerful-insulting","ConceptualMatch:social","PositiveMismatch"
"1135","65661de90c2260598c3ffd5b","control_MaxMatch_Negative_Social","17","MaxMatch","grumpy","hateful","grumpy-hateful","SocialMatch","NegativeMatch"
"1136","65661de90c2260598c3ffd5b","test_ValenceMatch_Positive","0","ValenceMatchingOnly","brotherly","nutritious","brotherly-nutritious","SocialMismatch","PositiveMatch"
"1137","65661de90c2260598c3ffd5b","control_MaxMatch_Positive_Physical","37","MaxMatch","fluffy","blooming","fluffy-blooming","PhysicalMatch","PositiveMatch"
"1138","65661de90c2260598c3ffd5b","control_MaxMatch_Negative_Physical","0","MaxMatch","comatose","smelly","comatose-smelly","PhysicalMatch","NegativeMatch"
"1139","65661de90c2260598c3ffd5b","test_ConceptualMatch_Physical","0","ConceptualMatchingOnly","rancid","nutritious","rancid-nutritious","ConceptualMatch:physical","NegativeMismatch"
"1140","65661de90c2260598c3ffd5b","control_MaxMatch_Positive_Social","60","MaxMatch","cheerful","easygoing","cheerful-easygoing","SocialMatch","PositiveMatch"
"1141","65661de90c2260598c3ffd5b","control_Similar","99","SimilarControl","buy","purchase","buy-purchase","",""
"1142","65661de90c2260598c3ffd5b","control_MaxMismatch","0","MaxMismatch","radiant","insulting","radiant-insulting","PhysicalMismatch","PositiveMismatch"
"1143","65661de90c2260598c3ffd5b","test_ValenceMatch_Negative","0","ValenceMatchingOnly","obese","dreaded","obese-dreaded","PhysicalMismatch","NegativeMatch"
"1144","65661de90c2260598c3ffd5b","control_Dissimilar","0","DissimilarControl","come","go","come-go","",""
"1145","65661de90c2260598c3ffd5b","control_Similar","99","SimilarControl","ask","inquire","ask-inquire","",""
"1146","65661de90c2260598c3ffd5b","control_Dissimilar","0","DissimilarControl","enter","exit","enter-exit","",""
"1147","65661de90c2260598c3ffd5b","test_ConceptualMatch_Social","0","ConceptualMatchingOnly","dependable","racist","dependable-racist","ConceptualMatch:social","PositiveMismatch"
"1148","65661de90c2260598c3ffd5b","control_MaxMatch_Negative_Social","20","MaxMatch","humiliating","infuriating","humiliating-infuriating","SocialMatch","NegativeMatch"
"1149","65661de90c2260598c3ffd5b","test_ValenceMatch_Positive","0","ValenceMatchingOnly","cheerful","floral","cheerful-floral","SocialMismatch","PositiveMatch"
"1150","65661de90c2260598c3ffd5b","control_MaxMatch_Positive_Physical","0","MaxMatch","decorative","radiant","decorative-radiant","PhysicalMatch","PositiveMatch"
"1151","65661de90c2260598c3ffd5b","control_MaxMatch_Negative_Physical","0","MaxMatch","nauseous","excruciating","nauseous-excruciating","PhysicalMatch","NegativeMatch"
"1152","65661de90c2260598c3ffd5b","test_ConceptualMatch_Physical","0","ConceptualMatchingOnly","comatose","nutritious","comatose-nutritious","ConceptualMatch:physical","NegativeMismatch"
"1153","65661de90c2260598c3ffd5b","control_MaxMatch_Positive_Social","0","MaxMatch","dependable","witty","dependable-witty","SocialMatch","PositiveMatch"
"1154","65661de90c2260598c3ffd5b","control_Similar","99","SimilarControl","help","assist","help-assist","",""
"1155","65661de90c2260598c3ffd5b","control_MaxMismatch","0","MaxMismatch","oceanic","dreaded","oceanic-dreaded","PhysicalMismatch","PositiveMismatch"
"1156","65661de90c2260598c3ffd5b","test_ValenceMatch_Negative","0","ValenceMatchingOnly","lifeless","greedy","lifeless-greedy","PhysicalMismatch","NegativeMatch"
"1157","65661de90c2260598c3ffd5b","control_Dissimilar","0","DissimilarControl","give","take","give-take","",""
"1158","65661de90c2260598c3ffd5b","control_Similar","99","SimilarControl","speak","talk","speak-talk","",""
"1159","65661de90c2260598c3ffd5b","control_Dissimilar","0","DissimilarControl","arrive","leave","arrive-leave","",""
"1160","65661de90c2260598c3ffd5b","test_ConceptualMatch_Social","0","ConceptualMatchingOnly","brotherly","greedy","brotherly-greedy","ConceptualMatch:social","PositiveMismatch"
"1161","65661de90c2260598c3ffd5b","control_MaxMatch_Negative_Social","0","MaxMatch","heartbroken","humiliating","heartbroken-humiliating","SocialMatch","NegativeMatch"
"1162","65661de90c2260598c3ffd5b","test_ValenceMatch_Positive","0","ValenceMatchingOnly","witty","homemade","witty-homemade","SocialMismatch","PositiveMatch"
"1163","65661de90c2260598c3ffd5b","control_MaxMatch_Positive_Physical","0","MaxMatch","blooming","newborn","blooming-newborn","PhysicalMatch","PositiveMatch"
"1164","65661de90c2260598c3ffd5b","control_MaxMatch_Negative_Physical","0","MaxMatch","nauseous","itchy","nauseous-itchy","PhysicalMatch","NegativeMatch"
"1165","65661de90c2260598c3ffd5b","test_ConceptualMatch_Physical","0","ConceptualMatchingOnly","itchy","floral","itchy-floral","ConceptualMatch:physical","NegativeMismatch"
"1166","65661de90c2260598c3ffd5b","control_MaxMatch_Positive_Social","0","MaxMatch","cheerful","hilarious","cheerful-hilarious","SocialMatch","PositiveMatch"
"1167","65661de90c2260598c3ffd5b","control_Similar","99","SimilarControl","need","require","need-require","",""
"1168","65661de90c2260598c3ffd5b","control_MaxMismatch","0","MaxMismatch","sunny","insulting","sunny-insulting","PhysicalMismatch","PositiveMismatch"
"1169","65661de90c2260598c3ffd5b","test_ValenceMatch_Negative","0","ValenceMatchingOnly","rancid","heartbroken","rancid-heartbroken","PhysicalMismatch","NegativeMatch"
"1170","65661de90c2260598c3ffd5b","control_Dissimilar","0","DissimilarControl","begin","end","begin-end","",""
"1171","5a440abd1ba496000102a238","control_Dissimilar","0","DissimilarControl","increase","decrease","increase-decrease","",""
"1172","5a440abd1ba496000102a238","control_Similar","99","SimilarControl","begin","start","begin-start","",""
"1173","5a440abd1ba496000102a238","control_MaxMatch_Negative_Physical","0","MaxMatch","nauseous","itchy","nauseous-itchy","PhysicalMatch","NegativeMatch"
"1174","5a440abd1ba496000102a238","control_MaxMismatch","0","MaxMismatch","fluffy","stingy","fluffy-stingy","PhysicalMismatch","PositiveMismatch"
"1175","5a440abd1ba496000102a238","control_Dissimilar","0","DissimilarControl","open","close","open-close","",""
"1176","5a440abd1ba496000102a238","test_ValenceMatch_Negative","0","ValenceMatchingOnly","smelly","humiliating","smelly-humiliating","PhysicalMismatch","NegativeMatch"
"1177","5a440abd1ba496000102a238","control_Similar","99","SimilarControl","buy","purchase","buy-purchase","",""
"1178","5a440abd1ba496000102a238","control_MaxMatch_Positive_Social","99","MaxMatch","easygoing","carefree","easygoing-carefree","SocialMatch","PositiveMatch"
"1179","5a440abd1ba496000102a238","test_ConceptualMatch_Physical","0","ConceptualMatchingOnly","seasick","radiant","seasick-radiant","ConceptualMatch:physical","NegativeMismatch"
"1180","5a440abd1ba496000102a238","control_MaxMatch_Negative_Social","0","MaxMatch","greedy","heartbroken","greedy-heartbroken","SocialMatch","NegativeMatch"
"1181","5a440abd1ba496000102a238","test_ValenceMatch_Positive","29","ValenceMatchingOnly","carefree","sunny","carefree-sunny","SocialMismatch","PositiveMatch"
"1182","5a440abd1ba496000102a238","control_MaxMatch_Positive_Physical","0","MaxMatch","decorative","homemade","decorative-homemade","PhysicalMatch","PositiveMatch"
"1183","5a440abd1ba496000102a238","test_ConceptualMatch_Social","0","ConceptualMatchingOnly","brotherly","humiliating","brotherly-humiliating","ConceptualMatch:social","PositiveMismatch"
"1184","5a440abd1ba496000102a238","control_Dissimilar","0","DissimilarControl","come","go","come-go","",""
"1185","5a440abd1ba496000102a238","control_Similar","99","SimilarControl","speak","talk","speak-talk","",""
"1186","5a440abd1ba496000102a238","control_MaxMatch_Negative_Physical","0","MaxMatch","nauseous","obese","nauseous-obese","PhysicalMatch","NegativeMatch"
"1187","5a440abd1ba496000102a238","control_MaxMismatch","0","MaxMismatch","nutritious","heartbroken","nutritious-heartbroken","PhysicalMismatch","PositiveMismatch"
"1188","5a440abd1ba496000102a238","control_Dissimilar","0","DissimilarControl","arrive","leave","arrive-leave","",""
"1189","5a440abd1ba496000102a238","test_ValenceMatch_Negative","0","ValenceMatchingOnly","lifeless","dreaded","lifeless-dreaded","PhysicalMismatch","NegativeMatch"
"1190","5a440abd1ba496000102a238","control_Similar","99","SimilarControl","show","display","show-display","",""
"1191","5a440abd1ba496000102a238","control_MaxMatch_Positive_Social","0","MaxMatch","cheerful","dependable","cheerful-dependable","SocialMatch","PositiveMatch"
"1192","5a440abd1ba496000102a238","test_ConceptualMatch_Physical","0","ConceptualMatchingOnly","seasick","nutritious","seasick-nutritious","ConceptualMatch:physical","NegativeMismatch"
"1193","5a440abd1ba496000102a238","control_MaxMatch_Negative_Social","17","MaxMatch","grumpy","stingy","grumpy-stingy","SocialMatch","NegativeMatch"
"1194","5a440abd1ba496000102a238","test_ValenceMatch_Positive","0","ValenceMatchingOnly","easygoing","blooming","easygoing-blooming","SocialMismatch","PositiveMatch"
"1195","5a440abd1ba496000102a238","control_MaxMatch_Positive_Physical","0","MaxMatch","fluffy","newborn","fluffy-newborn","PhysicalMatch","PositiveMatch"
"1196","5a440abd1ba496000102a238","test_ConceptualMatch_Social","0","ConceptualMatchingOnly","cheerful","stingy","cheerful-stingy","ConceptualMatch:social","PositiveMismatch"
"1197","5a440abd1ba496000102a238","control_Dissimilar","0","DissimilarControl","add","remove","add-remove","",""
"1198","5a440abd1ba496000102a238","control_Similar","99","SimilarControl","end","finish","end-finish","",""
"1199","5a440abd1ba496000102a238","control_MaxMatch_Negative_Physical","0","MaxMatch","lifeless","itchy","lifeless-itchy","PhysicalMatch","NegativeMatch"
"1200","5a440abd1ba496000102a238","control_MaxMismatch","0","MaxMismatch","floral","hateful","floral-hateful","PhysicalMismatch","PositiveMismatch"
"1201","5a440abd1ba496000102a238","control_Dissimilar","0","DissimilarControl","begin","end","begin-end","",""
"1202","5a440abd1ba496000102a238","test_ValenceMatch_Negative","0","ValenceMatchingOnly","seasick","humiliating","seasick-humiliating","PhysicalMismatch","NegativeMatch"
"1203","5a440abd1ba496000102a238","control_Similar","99","SimilarControl","ask","inquire","ask-inquire","",""
"1204","5a440abd1ba496000102a238","control_MaxMatch_Positive_Social","0","MaxMatch","cheerful","selfless","cheerful-selfless","SocialMatch","PositiveMatch"
"1205","5a440abd1ba496000102a238","test_ConceptualMatch_Physical","0","ConceptualMatchingOnly","moldy","decorative","moldy-decorative","ConceptualMatch:physical","NegativeMismatch"
"1206","5a440abd1ba496000102a238","control_MaxMatch_Negative_Social","25","MaxMatch","grumpy","dreaded","grumpy-dreaded","SocialMatch","NegativeMatch"
"1207","5a440abd1ba496000102a238","test_ValenceMatch_Positive","0","ValenceMatchingOnly","witty","radiant","witty-radiant","SocialMismatch","PositiveMatch"
"1208","5a440abd1ba496000102a238","control_MaxMatch_Positive_Physical","0","MaxMatch","homemade","newborn","homemade-newborn","PhysicalMatch","PositiveMatch"
"1209","5a440abd1ba496000102a238","test_ConceptualMatch_Social","0","ConceptualMatchingOnly","carefree","humiliating","carefree-humiliating","ConceptualMatch:social","PositiveMismatch"
"1210","5a440abd1ba496000102a238","control_Dissimilar","0","DissimilarControl","push","pull","push-pull","",""
"1211","5a440abd1ba496000102a238","control_Similar","99","SimilarControl","help","assist","help-assist","",""
"1212","5a440abd1ba496000102a238","control_MaxMatch_Negative_Physical","0","MaxMatch","lifeless","rancid","lifeless-rancid","PhysicalMatch","NegativeMatch"
"1213","5a440abd1ba496000102a238","control_MaxMismatch","0","MaxMismatch","sunny","infuriating","sunny-infuriating","PhysicalMismatch","PositiveMismatch"
"1214","5a440abd1ba496000102a238","control_Dissimilar","0","DissimilarControl","enter","exit","enter-exit","",""
"1215","5a440abd1ba496000102a238","test_ValenceMatch_Negative","0","ValenceMatchingOnly","moldy","stingy","moldy-stingy","PhysicalMismatch","NegativeMatch"
"1216","5a440abd1ba496000102a238","control_Similar","99","SimilarControl","use","employ","use-employ","",""
"1217","5a440abd1ba496000102a238","control_MaxMatch_Positive_Social","0","MaxMatch","brotherly","selfless","brotherly-selfless","SocialMatch","PositiveMatch"
"1218","5a440abd1ba496000102a238","test_ConceptualMatch_Physical","0","ConceptualMatchingOnly","rancid","decorative","rancid-decorative","ConceptualMatch:physical","NegativeMismatch"
"1219","5a440abd1ba496000102a238","control_MaxMatch_Negative_Social","62","MaxMatch","dreaded","hateful","dreaded-hateful","SocialMatch","NegativeMatch"
"1220","5a440abd1ba496000102a238","test_ValenceMatch_Positive","0","ValenceMatchingOnly","brotherly","floral","brotherly-floral","SocialMismatch","PositiveMatch"
"1221","5a440abd1ba496000102a238","control_MaxMatch_Positive_Physical","0","MaxMatch","sunny","blooming","sunny-blooming","PhysicalMatch","PositiveMatch"
"1222","5a440abd1ba496000102a238","test_ConceptualMatch_Social","0","ConceptualMatchingOnly","joyful","humiliating","joyful-humiliating","ConceptualMatch:social","PositiveMismatch"
"1223","5a440abd1ba496000102a238","control_Dissimilar","0","DissimilarControl","give","take","give-take","",""
"1224","5a440abd1ba496000102a238","control_Similar","99","SimilarControl","get","obtain","get-obtain","",""
"1225","5a440abd1ba496000102a238","control_MaxMatch_Negative_Physical","0","MaxMatch","obese","itchy","obese-itchy","PhysicalMatch","NegativeMatch"
"1226","5a440abd1ba496000102a238","control_MaxMismatch","0","MaxMismatch","radiant","stingy","radiant-stingy","PhysicalMismatch","PositiveMismatch"
"1227","5a440abd1ba496000102a238","control_Dissimilar","0","DissimilarControl","rise","fall","rise-fall","",""
"1228","5a440abd1ba496000102a238","test_ValenceMatch_Negative","0","ValenceMatchingOnly","moldy","racist","moldy-racist","PhysicalMismatch","NegativeMatch"
"1229","5a440abd1ba496000102a238","control_Similar","99","SimilarControl","need","require","need-require","",""
"1230","5a440abd1ba496000102a238","control_MaxMatch_Positive_Social","0","MaxMatch","joyful","courageous","joyful-courageous","SocialMatch","PositiveMatch"
"1231","5a440abd1ba496000102a238","test_ConceptualMatch_Physical","0","ConceptualMatchingOnly","lifeless","oceanic","lifeless-oceanic","ConceptualMatch:physical","NegativeMismatch"
"1232","5a440abd1ba496000102a238","control_MaxMatch_Negative_Social","0","MaxMatch","grumpy","heartbroken","grumpy-heartbroken","SocialMatch","NegativeMatch"
"1233","5a440abd1ba496000102a238","test_ValenceMatch_Positive","0","ValenceMatchingOnly","hilarious","nutritious","hilarious-nutritious","SocialMismatch","PositiveMatch"
"1234","5a440abd1ba496000102a238","control_MaxMatch_Positive_Physical","0","MaxMatch","blooming","nutritious","blooming-nutritious","PhysicalMatch","PositiveMatch"
"1235","5a440abd1ba496000102a238","test_ConceptualMatch_Social","56","ConceptualMatchingOnly","hilarious","hateful","hilarious-hateful","ConceptualMatch:social","PositiveMismatch"
"1236","66aa5c3f0d9d6bcf931c3533","control_Similar","97","SimilarControl","buy","purchase","buy-purchase","",""
"1237","66aa5c3f0d9d6bcf931c3533","control_Dissimilar","0","DissimilarControl","arrive","leave","arrive-leave","",""
"1238","66aa5c3f0d9d6bcf931c3533","control_MaxMatch_Positive_Social","9","MaxMatch","brotherly","carefree","brotherly-carefree","SocialMatch","PositiveMatch"
"1239","66aa5c3f0d9d6bcf931c3533","test_ConceptualMatch_Social","0","ConceptualMatchingOnly","courageous","dreaded","courageous-dreaded","ConceptualMatch:social","PositiveMismatch"
"1240","66aa5c3f0d9d6bcf931c3533","test_ValenceMatch_Positive","0","ValenceMatchingOnly","witty","fluffy","witty-fluffy","SocialMismatch","PositiveMatch"
"1241","66aa5c3f0d9d6bcf931c3533","control_MaxMismatch","0","MaxMismatch","floral","heartbroken","floral-heartbroken","PhysicalMismatch","PositiveMismatch"
"1242","66aa5c3f0d9d6bcf931c3533","control_MaxMatch_Positive_Physical","12","MaxMatch","sunny","oceanic","sunny-oceanic","PhysicalMatch","PositiveMatch"
"1243","66aa5c3f0d9d6bcf931c3533","test_ConceptualMatch_Physical","0","ConceptualMatchingOnly","comatose","newborn","comatose-newborn","ConceptualMatch:physical","NegativeMismatch"
"1244","66aa5c3f0d9d6bcf931c3533","control_Similar","99","SimilarControl","end","finish","end-finish","",""
"1245","66aa5c3f0d9d6bcf931c3533","control_MaxMatch_Negative_Social","76","MaxMatch","insulting","infuriating","insulting-infuriating","SocialMatch","NegativeMatch"
"1246","66aa5c3f0d9d6bcf931c3533","test_ValenceMatch_Negative","0","ValenceMatchingOnly","obese","dreaded","obese-dreaded","PhysicalMismatch","NegativeMatch"
"1247","66aa5c3f0d9d6bcf931c3533","control_MaxMatch_Negative_Physical","18","MaxMatch","lifeless","seasick","lifeless-seasick","PhysicalMatch","NegativeMatch"
"1248","66aa5c3f0d9d6bcf931c3533","control_Dissimilar","0","DissimilarControl","push","pull","push-pull","",""
"1249","66aa5c3f0d9d6bcf931c3533","control_Similar","99","SimilarControl","begin","start","begin-start","",""
"1250","66aa5c3f0d9d6bcf931c3533","control_Dissimilar","0","DissimilarControl","rise","fall","rise-fall","",""
"1251","66aa5c3f0d9d6bcf931c3533","control_MaxMatch_Positive_Social","11","MaxMatch","joyful","courageous","joyful-courageous","SocialMatch","PositiveMatch"
"1252","66aa5c3f0d9d6bcf931c3533","test_ConceptualMatch_Social","0","ConceptualMatchingOnly","easygoing","insulting","easygoing-insulting","ConceptualMatch:social","PositiveMismatch"
"1253","66aa5c3f0d9d6bcf931c3533","test_ValenceMatch_Positive","89","ValenceMatchingOnly","joyful","blooming","joyful-blooming","SocialMismatch","PositiveMatch"
"1254","66aa5c3f0d9d6bcf931c3533","control_MaxMismatch","0","MaxMismatch","sunny","greedy","sunny-greedy","PhysicalMismatch","PositiveMismatch"
"1255","66aa5c3f0d9d6bcf931c3533","control_MaxMatch_Positive_Physical","23","MaxMatch","fluffy","radiant","fluffy-radiant","PhysicalMatch","PositiveMatch"
"1256","66aa5c3f0d9d6bcf931c3533","test_ConceptualMatch_Physical","0","ConceptualMatchingOnly","comatose","sunny","comatose-sunny","ConceptualMatch:physical","NegativeMismatch"
"1257","66aa5c3f0d9d6bcf931c3533","control_Similar","99","SimilarControl","need","require","need-require","",""
"1258","66aa5c3f0d9d6bcf931c3533","control_MaxMatch_Negative_Social","61","MaxMatch","heartbroken","hateful","heartbroken-hateful","SocialMatch","NegativeMatch"
"1259","66aa5c3f0d9d6bcf931c3533","test_ValenceMatch_Negative","12","ValenceMatchingOnly","rancid","stingy","rancid-stingy","PhysicalMismatch","NegativeMatch"
"1260","66aa5c3f0d9d6bcf931c3533","control_MaxMatch_Negative_Physical","34","MaxMatch","nauseous","rancid","nauseous-rancid","PhysicalMatch","NegativeMatch"
"1261","66aa5c3f0d9d6bcf931c3533","control_Dissimilar","0","DissimilarControl","begin","end","begin-end","",""
"1262","66aa5c3f0d9d6bcf931c3533","control_Similar","99","SimilarControl","help","assist","help-assist","",""
"1263","66aa5c3f0d9d6bcf931c3533","control_Dissimilar","0","DissimilarControl","give","take","give-take","",""
"1264","66aa5c3f0d9d6bcf931c3533","control_MaxMatch_Positive_Social","34","MaxMatch","cheerful","courageous","cheerful-courageous","SocialMatch","PositiveMatch"
"1265","66aa5c3f0d9d6bcf931c3533","test_ConceptualMatch_Social","0","ConceptualMatchingOnly","hilarious","stingy","hilarious-stingy","ConceptualMatch:social","PositiveMismatch"
"1266","66aa5c3f0d9d6bcf931c3533","test_ValenceMatch_Positive","59","ValenceMatchingOnly","courageous","blooming","courageous-blooming","SocialMismatch","PositiveMatch"
"1267","66aa5c3f0d9d6bcf931c3533","control_MaxMismatch","0","MaxMismatch","decorative","racist","decorative-racist","PhysicalMismatch","PositiveMismatch"
"1268","66aa5c3f0d9d6bcf931c3533","control_MaxMatch_Positive_Physical","2","MaxMatch","blooming","oceanic","blooming-oceanic","PhysicalMatch","PositiveMatch"
"1269","66aa5c3f0d9d6bcf931c3533","test_ConceptualMatch_Physical","0","ConceptualMatchingOnly","rancid","oceanic","rancid-oceanic","ConceptualMatch:physical","NegativeMismatch"
"1270","66aa5c3f0d9d6bcf931c3533","control_Similar","99","SimilarControl","speak","talk","speak-talk","",""
"1271","66aa5c3f0d9d6bcf931c3533","control_MaxMatch_Negative_Social","36","MaxMatch","grumpy","stingy","grumpy-stingy","SocialMatch","NegativeMatch"
"1272","66aa5c3f0d9d6bcf931c3533","test_ValenceMatch_Negative","0","ValenceMatchingOnly","smelly","greedy","smelly-greedy","PhysicalMismatch","NegativeMatch"
"1273","66aa5c3f0d9d6bcf931c3533","control_MaxMatch_Negative_Physical","0","MaxMatch","excruciating","lifeless","excruciating-lifeless","PhysicalMatch","NegativeMatch"
"1274","66aa5c3f0d9d6bcf931c3533","control_Dissimilar","0","DissimilarControl","open","close","open-close","",""
"1275","66aa5c3f0d9d6bcf931c3533","control_Similar","99","SimilarControl","show","display","show-display","",""
"1276","66aa5c3f0d9d6bcf931c3533","control_Dissimilar","0","DissimilarControl","come","go","come-go","",""
"1277","66aa5c3f0d9d6bcf931c3533","control_MaxMatch_Positive_Social","4","MaxMatch","dependable","witty","dependable-witty","SocialMatch","PositiveMatch"
"1278","66aa5c3f0d9d6bcf931c3533","test_ConceptualMatch_Social","0","ConceptualMatchingOnly","joyful","grumpy","joyful-grumpy","ConceptualMatch:social","PositiveMismatch"
"1279","66aa5c3f0d9d6bcf931c3533","test_ValenceMatch_Positive","0","ValenceMatchingOnly","brotherly","fluffy","brotherly-fluffy","SocialMismatch","PositiveMatch"
"1280","66aa5c3f0d9d6bcf931c3533","control_MaxMismatch","0","MaxMismatch","fluffy","grumpy","fluffy-grumpy","PhysicalMismatch","PositiveMismatch"
"1281","66aa5c3f0d9d6bcf931c3533","control_MaxMatch_Positive_Physical","26","MaxMatch","nutritious","homemade","nutritious-homemade","PhysicalMatch","PositiveMatch"
"1282","66aa5c3f0d9d6bcf931c3533","test_ConceptualMatch_Physical","29","ConceptualMatchingOnly","moldy","oceanic","moldy-oceanic","ConceptualMatch:physical","NegativeMismatch"
"1283","66aa5c3f0d9d6bcf931c3533","control_Similar","62","SimilarControl","use","employ","use-employ","",""
"1284","66aa5c3f0d9d6bcf931c3533","control_MaxMatch_Negative_Social","0","MaxMatch","humiliating","stingy","humiliating-stingy","SocialMatch","NegativeMatch"
"1285","66aa5c3f0d9d6bcf931c3533","test_ValenceMatch_Negative","13","ValenceMatchingOnly","itchy","grumpy","itchy-grumpy","PhysicalMismatch","NegativeMatch"
"1286","66aa5c3f0d9d6bcf931c3533","control_MaxMatch_Negative_Physical","0","MaxMatch","seasick","itchy","seasick-itchy","PhysicalMatch","NegativeMatch"
"1287","66aa5c3f0d9d6bcf931c3533","control_Dissimilar","0","DissimilarControl","enter","exit","enter-exit","",""
"1288","66aa5c3f0d9d6bcf931c3533","control_Similar","99","SimilarControl","ask","inquire","ask-inquire","",""
"1289","66aa5c3f0d9d6bcf931c3533","control_Dissimilar","0","DissimilarControl","add","remove","add-remove","",""
"1290","66aa5c3f0d9d6bcf931c3533","control_MaxMatch_Positive_Social","62","MaxMatch","dependable","courageous","dependable-courageous","SocialMatch","PositiveMatch"
"1291","66aa5c3f0d9d6bcf931c3533","test_ConceptualMatch_Social","0","ConceptualMatchingOnly","dependable","racist","dependable-racist","ConceptualMatch:social","PositiveMismatch"
"1292","66aa5c3f0d9d6bcf931c3533","test_ValenceMatch_Positive","0","ValenceMatchingOnly","easygoing","newborn","easygoing-newborn","SocialMismatch","PositiveMatch"
"1293","66aa5c3f0d9d6bcf931c3533","control_MaxMismatch","0","MaxMismatch","oceanic","stingy","oceanic-stingy","PhysicalMismatch","PositiveMismatch"
"1294","66aa5c3f0d9d6bcf931c3533","control_MaxMatch_Positive_Physical","0","MaxMatch","fluffy","nutritious","fluffy-nutritious","PhysicalMatch","PositiveMatch"
"1295","66aa5c3f0d9d6bcf931c3533","test_ConceptualMatch_Physical","0","ConceptualMatchingOnly","itchy","radiant","itchy-radiant","ConceptualMatch:physical","NegativeMismatch"
"1296","66aa5c3f0d9d6bcf931c3533","control_Similar","99","SimilarControl","get","obtain","get-obtain","",""
"1297","66aa5c3f0d9d6bcf931c3533","control_MaxMatch_Negative_Social","14","MaxMatch","greedy","racist","greedy-racist","SocialMatch","NegativeMatch"
"1298","66aa5c3f0d9d6bcf931c3533","test_ValenceMatch_Negative","0","ValenceMatchingOnly","seasick","hateful","seasick-hateful","PhysicalMismatch","NegativeMatch"
"1299","66aa5c3f0d9d6bcf931c3533","control_MaxMatch_Negative_Physical","0","MaxMatch","lifeless","rancid","lifeless-rancid","PhysicalMatch","NegativeMatch"
"1300","66aa5c3f0d9d6bcf931c3533","control_Dissimilar","0","DissimilarControl","increase","decrease","increase-decrease","",""
"1301","667c7880d80864f94fd000bc","control_Dissimilar","0","DissimilarControl","arrive","leave","arrive-leave","",""
"1302","667c7880d80864f94fd000bc","control_Similar","99","SimilarControl","help","assist","help-assist","",""
"1303","667c7880d80864f94fd000bc","test_ValenceMatch_Negative","56","ValenceMatchingOnly","nauseous","infuriating","nauseous-infuriating","PhysicalMismatch","NegativeMatch"
"1304","667c7880d80864f94fd000bc","control_MaxMatch_Positive_Social","41","MaxMatch","brotherly","hilarious","brotherly-hilarious","SocialMatch","PositiveMatch"
"1305","667c7880d80864f94fd000bc","control_MaxMismatch","44","MaxMismatch","blooming","racist","blooming-racist","PhysicalMismatch","PositiveMismatch"
"1306","667c7880d80864f94fd000bc","test_ValenceMatch_Positive","42","ValenceMatchingOnly","easygoing","newborn","easygoing-newborn","SocialMismatch","PositiveMatch"
"1307","667c7880d80864f94fd000bc","control_Dissimilar","0","DissimilarControl","increase","decrease","increase-decrease","",""
"1308","667c7880d80864f94fd000bc","test_ConceptualMatch_Physical","0","ConceptualMatchingOnly","lifeless","homemade","lifeless-homemade","ConceptualMatch:physical","NegativeMismatch"
"1309","667c7880d80864f94fd000bc","control_Similar","92","SimilarControl","use","employ","use-employ","",""
"1310","667c7880d80864f94fd000bc","test_ConceptualMatch_Social","26","ConceptualMatchingOnly","selfless","heartbroken","selfless-heartbroken","ConceptualMatch:social","PositiveMismatch"
"1311","667c7880d80864f94fd000bc","control_MaxMatch_Negative_Social","40","MaxMatch","insulting","dreaded","insulting-dreaded","SocialMatch","NegativeMatch"
"1312","667c7880d80864f94fd000bc","control_MaxMatch_Positive_Physical","25","MaxMatch","fluffy","newborn","fluffy-newborn","PhysicalMatch","PositiveMatch"
"1313","667c7880d80864f94fd000bc","control_MaxMatch_Negative_Physical","20","MaxMatch","obese","itchy","obese-itchy","PhysicalMatch","NegativeMatch"
"1314","667c7880d80864f94fd000bc","control_Dissimilar","0","DissimilarControl","open","close","open-close","",""
"1315","667c7880d80864f94fd000bc","control_Similar","99","SimilarControl","ask","inquire","ask-inquire","",""
"1316","667c7880d80864f94fd000bc","test_ValenceMatch_Negative","24","ValenceMatchingOnly","moldy","racist","moldy-racist","PhysicalMismatch","NegativeMatch"
"1317","667c7880d80864f94fd000bc","control_MaxMatch_Positive_Social","25","MaxMatch","brotherly","dependable","brotherly-dependable","SocialMatch","PositiveMatch"
"1318","667c7880d80864f94fd000bc","control_MaxMismatch","27","MaxMismatch","floral","hateful","floral-hateful","PhysicalMismatch","PositiveMismatch"
"1319","667c7880d80864f94fd000bc","test_ValenceMatch_Positive","85","ValenceMatchingOnly","carefree","sunny","carefree-sunny","SocialMismatch","PositiveMatch"
"1320","667c7880d80864f94fd000bc","control_Dissimilar","0","DissimilarControl","add","remove","add-remove","",""
"1321","667c7880d80864f94fd000bc","test_ConceptualMatch_Physical","18","ConceptualMatchingOnly","comatose","blooming","comatose-blooming","ConceptualMatch:physical","NegativeMismatch"
"1322","667c7880d80864f94fd000bc","control_Similar","88","SimilarControl","show","display","show-display","",""
"1323","667c7880d80864f94fd000bc","test_ConceptualMatch_Social","38","ConceptualMatchingOnly","courageous","humiliating","courageous-humiliating","ConceptualMatch:social","PositiveMismatch"
"1324","667c7880d80864f94fd000bc","control_MaxMatch_Negative_Social","31","MaxMatch","racist","dreaded","racist-dreaded","SocialMatch","NegativeMatch"
"1325","667c7880d80864f94fd000bc","control_MaxMatch_Positive_Physical","25","MaxMatch","fluffy","blooming","fluffy-blooming","PhysicalMatch","PositiveMatch"
"1326","667c7880d80864f94fd000bc","control_MaxMatch_Negative_Physical","27","MaxMatch","obese","smelly","obese-smelly","PhysicalMatch","NegativeMatch"
"1327","667c7880d80864f94fd000bc","control_Dissimilar","0","DissimilarControl","give","take","give-take","",""
"1328","667c7880d80864f94fd000bc","control_Similar","99","SimilarControl","begin","start","begin-start","",""
"1329","667c7880d80864f94fd000bc","test_ValenceMatch_Negative","21","ValenceMatchingOnly","lifeless","stingy","lifeless-stingy","PhysicalMismatch","NegativeMatch"
"1330","667c7880d80864f94fd000bc","control_MaxMatch_Positive_Social","25","MaxMatch","hilarious","selfless","hilarious-selfless","SocialMatch","PositiveMatch"
"1331","667c7880d80864f94fd000bc","control_MaxMismatch","37","MaxMismatch","nutritious","greedy","nutritious-greedy","PhysicalMismatch","PositiveMismatch"
"1332","667c7880d80864f94fd000bc","test_ValenceMatch_Positive","38","ValenceMatchingOnly","joyful","nutritious","joyful-nutritious","SocialMismatch","PositiveMatch"
"1333","667c7880d80864f94fd000bc","control_Dissimilar","0","DissimilarControl","rise","fall","rise-fall","",""
"1334","667c7880d80864f94fd000bc","test_ConceptualMatch_Physical","27","ConceptualMatchingOnly","seasick","floral","seasick-floral","ConceptualMatch:physical","NegativeMismatch"
"1335","667c7880d80864f94fd000bc","control_Similar","90","SimilarControl","speak","talk","speak-talk","",""
"1336","667c7880d80864f94fd000bc","test_ConceptualMatch_Social","13","ConceptualMatchingOnly","easygoing","infuriating","easygoing-infuriating","ConceptualMatch:social","PositiveMismatch"
"1337","667c7880d80864f94fd000bc","control_MaxMatch_Negative_Social","29","MaxMatch","racist","infuriating","racist-infuriating","SocialMatch","NegativeMatch"
"1338","667c7880d80864f94fd000bc","control_MaxMatch_Positive_Physical","56","MaxMatch","sunny","floral","sunny-floral","PhysicalMatch","PositiveMatch"
"1339","667c7880d80864f94fd000bc","control_MaxMatch_Negative_Physical","24","MaxMatch","nauseous","lifeless","nauseous-lifeless","PhysicalMatch","NegativeMatch"
"1340","667c7880d80864f94fd000bc","control_Dissimilar","0","DissimilarControl","enter","exit","enter-exit","",""
"1341","667c7880d80864f94fd000bc","control_Similar","99","SimilarControl","need","require","need-require","",""
"1342","667c7880d80864f94fd000bc","test_ValenceMatch_Negative","33","ValenceMatchingOnly","comatose","insulting","comatose-insulting","PhysicalMismatch","NegativeMatch"
"1343","667c7880d80864f94fd000bc","control_MaxMatch_Positive_Social","39","MaxMatch","cheerful","dependable","cheerful-dependable","SocialMatch","PositiveMatch"
"1344","667c7880d80864f94fd000bc","control_MaxMismatch","0","MaxMismatch","fluffy","racist","fluffy-racist","PhysicalMismatch","PositiveMismatch"
"1345","667c7880d80864f94fd000bc","test_ValenceMatch_Positive","83","ValenceMatchingOnly","cheerful","sunny","cheerful-sunny","SocialMismatch","PositiveMatch"
"1346","667c7880d80864f94fd000bc","control_Dissimilar","0","DissimilarControl","come","go","come-go","",""
"1347","667c7880d80864f94fd000bc","test_ConceptualMatch_Physical","0","ConceptualMatchingOnly","seasick","fluffy","seasick-fluffy","ConceptualMatch:physical","NegativeMismatch"
"1348","667c7880d80864f94fd000bc","control_Similar","99","SimilarControl","get","obtain","get-obtain","",""
"1349","667c7880d80864f94fd000bc","test_ConceptualMatch_Social","20","ConceptualMatchingOnly","dependable","grumpy","dependable-grumpy","ConceptualMatch:social","PositiveMismatch"
"1350","667c7880d80864f94fd000bc","control_MaxMatch_Negative_Social","0","MaxMatch","greedy","humiliating","greedy-humiliating","SocialMatch","NegativeMatch"
"1351","667c7880d80864f94fd000bc","control_MaxMatch_Positive_Physical","56","MaxMatch","sunny","blooming","sunny-blooming","PhysicalMatch","PositiveMatch"
"1352","667c7880d80864f94fd000bc","control_MaxMatch_Negative_Physical","0","MaxMatch","seasick","smelly","seasick-smelly","PhysicalMatch","NegativeMatch"
"1353","667c7880d80864f94fd000bc","control_Dissimilar","0","DissimilarControl","push","pull","push-pull","",""
"1354","667c7880d80864f94fd000bc","control_Similar","90","SimilarControl","buy","purchase","buy-purchase","",""
"1355","667c7880d80864f94fd000bc","test_ValenceMatch_Negative","17","ValenceMatchingOnly","nauseous","humiliating","nauseous-humiliating","PhysicalMismatch","NegativeMatch"
"1356","667c7880d80864f94fd000bc","control_MaxMatch_Positive_Social","11","MaxMatch","selfless","witty","selfless-witty","SocialMatch","PositiveMatch"
"1357","667c7880d80864f94fd000bc","control_MaxMismatch","0","MaxMismatch","floral","greedy","floral-greedy","PhysicalMismatch","PositiveMismatch"
"1358","667c7880d80864f94fd000bc","test_ValenceMatch_Positive","0","ValenceMatchingOnly","courageous","floral","courageous-floral","SocialMismatch","PositiveMatch"
"1359","667c7880d80864f94fd000bc","control_Dissimilar","0","DissimilarControl","begin","end","begin-end","",""
"1360","667c7880d80864f94fd000bc","test_ConceptualMatch_Physical","10","ConceptualMatchingOnly","seasick","radiant","seasick-radiant","ConceptualMatch:physical","NegativeMismatch"
"1361","667c7880d80864f94fd000bc","control_Similar","99","SimilarControl","end","finish","end-finish","",""
"1362","667c7880d80864f94fd000bc","test_ConceptualMatch_Social","7","ConceptualMatchingOnly","courageous","grumpy","courageous-grumpy","ConceptualMatch:social","PositiveMismatch"
"1363","667c7880d80864f94fd000bc","control_MaxMatch_Negative_Social","9","MaxMatch","insulting","grumpy","insulting-grumpy","SocialMatch","NegativeMatch"
"1364","667c7880d80864f94fd000bc","control_MaxMatch_Positive_Physical","23","MaxMatch","homemade","radiant","homemade-radiant","PhysicalMatch","PositiveMatch"
"1365","667c7880d80864f94fd000bc","control_MaxMatch_Negative_Physical","0","MaxMatch","seasick","itchy","seasick-itchy","PhysicalMatch","NegativeMatch"
"1366","5f4ee7ff2c5da213f015a27e","control_Similar","90","SimilarControl","begin","start","begin-start","",""
"1367","5f4ee7ff2c5da213f015a27e","control_Dissimilar","38","DissimilarControl","add","remove","add-remove","",""
"1368","5f4ee7ff2c5da213f015a27e","control_MaxMismatch","4","MaxMismatch","sunny","heartbroken","sunny-heartbroken","PhysicalMismatch","PositiveMismatch"
"1369","5f4ee7ff2c5da213f015a27e","control_MaxMatch_Positive_Social","1","MaxMatch","hilarious","dependable","hilarious-dependable","SocialMatch","PositiveMatch"
"1370","5f4ee7ff2c5da213f015a27e","control_MaxMatch_Negative_Social","60","MaxMatch","grumpy","hateful","grumpy-hateful","SocialMatch","NegativeMatch"
"1371","5f4ee7ff2c5da213f015a27e","control_Similar","98","SimilarControl","help","assist","help-assist","",""
"1372","5f4ee7ff2c5da213f015a27e","test_ValenceMatch_Negative","1","ValenceMatchingOnly","itchy","grumpy","itchy-grumpy","PhysicalMismatch","NegativeMatch"
"1373","5f4ee7ff2c5da213f015a27e","control_MaxMatch_Positive_Physical","0","MaxMatch","fluffy","oceanic","fluffy-oceanic","PhysicalMatch","PositiveMatch"
"1374","5f4ee7ff2c5da213f015a27e","test_ValenceMatch_Positive","4","ValenceMatchingOnly","carefree","fluffy","carefree-fluffy","SocialMismatch","PositiveMatch"
"1375","5f4ee7ff2c5da213f015a27e","test_ConceptualMatch_Physical","0","ConceptualMatchingOnly","excruciating","oceanic","excruciating-oceanic","ConceptualMatch:physical","NegativeMismatch"
"1376","5f4ee7ff2c5da213f015a27e","test_ConceptualMatch_Social","0","ConceptualMatchingOnly","witty","greedy","witty-greedy","ConceptualMatch:social","PositiveMismatch"
"1377","5f4ee7ff2c5da213f015a27e","control_MaxMatch_Negative_Physical","0","MaxMatch","comatose","rancid","comatose-rancid","PhysicalMatch","NegativeMatch"
"1378","5f4ee7ff2c5da213f015a27e","control_Dissimilar","40","DissimilarControl","open","close","open-close","",""
"1379","5f4ee7ff2c5da213f015a27e","control_Similar","84","SimilarControl","end","finish","end-finish","",""
"1380","5f4ee7ff2c5da213f015a27e","control_Dissimilar","34","DissimilarControl","begin","end","begin-end","",""
"1381","5f4ee7ff2c5da213f015a27e","control_MaxMismatch","7","MaxMismatch","blooming","insulting","blooming-insulting","PhysicalMismatch","PositiveMismatch"
"1382","5f4ee7ff2c5da213f015a27e","control_MaxMatch_Positive_Social","98","MaxMatch","joyful","cheerful","joyful-cheerful","SocialMatch","PositiveMatch"
"1383","5f4ee7ff2c5da213f015a27e","control_MaxMatch_Negative_Social","86","MaxMatch","insulting","hateful","insulting-hateful","SocialMatch","NegativeMatch"
"1384","5f4ee7ff2c5da213f015a27e","control_Similar","92","SimilarControl","buy","purchase","buy-purchase","",""
"1385","5f4ee7ff2c5da213f015a27e","test_ValenceMatch_Negative","9","ValenceMatchingOnly","moldy","dreaded","moldy-dreaded","PhysicalMismatch","NegativeMatch"
"1386","5f4ee7ff2c5da213f015a27e","control_MaxMatch_Positive_Physical","4","MaxMatch","nutritious","radiant","nutritious-radiant","PhysicalMatch","PositiveMatch"
"1387","5f4ee7ff2c5da213f015a27e","test_ValenceMatch_Positive","1","ValenceMatchingOnly","courageous","blooming","courageous-blooming","SocialMismatch","PositiveMatch"
"1388","5f4ee7ff2c5da213f015a27e","test_ConceptualMatch_Physical","15","ConceptualMatchingOnly","rancid","nutritious","rancid-nutritious","ConceptualMatch:physical","NegativeMismatch"
"1389","5f4ee7ff2c5da213f015a27e","test_ConceptualMatch_Social","0","ConceptualMatchingOnly","courageous","infuriating","courageous-infuriating","ConceptualMatch:social","PositiveMismatch"
"1390","5f4ee7ff2c5da213f015a27e","control_MaxMatch_Negative_Physical","97","MaxMatch","rancid","smelly","rancid-smelly","PhysicalMatch","NegativeMatch"
"1391","5f4ee7ff2c5da213f015a27e","control_Dissimilar","36","DissimilarControl","enter","exit","enter-exit","",""
"1392","5f4ee7ff2c5da213f015a27e","control_Similar","86","SimilarControl","show","display","show-display","",""
"1393","5f4ee7ff2c5da213f015a27e","control_Dissimilar","25","DissimilarControl","increase","decrease","increase-decrease","",""
"1394","5f4ee7ff2c5da213f015a27e","control_MaxMismatch","0","MaxMismatch","radiant","racist","radiant-racist","PhysicalMismatch","PositiveMismatch"
"1395","5f4ee7ff2c5da213f015a27e","control_MaxMatch_Positive_Social","0","MaxMatch","brotherly","hilarious","brotherly-hilarious","SocialMatch","PositiveMatch"
"1396","5f4ee7ff2c5da213f015a27e","control_MaxMatch_Negative_Social","9","MaxMatch","heartbroken","racist","heartbroken-racist","SocialMatch","NegativeMatch"
"1397","5f4ee7ff2c5da213f015a27e","control_Similar","91","SimilarControl","ask","inquire","ask-inquire","",""
"1398","5f4ee7ff2c5da213f015a27e","test_ValenceMatch_Negative","0","ValenceMatchingOnly","smelly","humiliating","smelly-humiliating","PhysicalMismatch","NegativeMatch"
"1399","5f4ee7ff2c5da213f015a27e","control_MaxMatch_Positive_Physical","61","MaxMatch","blooming","radiant","blooming-radiant","PhysicalMatch","PositiveMatch"
"1400","5f4ee7ff2c5da213f015a27e","test_ValenceMatch_Positive","0","ValenceMatchingOnly","joyful","decorative","joyful-decorative","SocialMismatch","PositiveMatch"
"1401","5f4ee7ff2c5da213f015a27e","test_ConceptualMatch_Physical","0","ConceptualMatchingOnly","itchy","fluffy","itchy-fluffy","ConceptualMatch:physical","NegativeMismatch"
"1402","5f4ee7ff2c5da213f015a27e","test_ConceptualMatch_Social","0","ConceptualMatchingOnly","dependable","humiliating","dependable-humiliating","ConceptualMatch:social","PositiveMismatch"
"1403","5f4ee7ff2c5da213f015a27e","control_MaxMatch_Negative_Physical","0","MaxMatch","moldy","comatose","moldy-comatose","PhysicalMatch","NegativeMatch"
"1404","5f4ee7ff2c5da213f015a27e","control_Dissimilar","36","DissimilarControl","push","pull","push-pull","",""
"1405","5f4ee7ff2c5da213f015a27e","control_Similar","74","SimilarControl","use","employ","use-employ","",""
"1406","5f4ee7ff2c5da213f015a27e","control_Dissimilar","32","DissimilarControl","arrive","leave","arrive-leave","",""
"1407","5f4ee7ff2c5da213f015a27e","control_MaxMismatch","0","MaxMismatch","radiant","hateful","radiant-hateful","PhysicalMismatch","PositiveMismatch"
"1408","5f4ee7ff2c5da213f015a27e","control_MaxMatch_Positive_Social","19","MaxMatch","cheerful","carefree","cheerful-carefree","SocialMatch","PositiveMatch"
"1409","5f4ee7ff2c5da213f015a27e","control_MaxMatch_Negative_Social","57","MaxMatch","insulting","grumpy","insulting-grumpy","SocialMatch","NegativeMatch"
"1410","5f4ee7ff2c5da213f015a27e","control_Similar","81","SimilarControl","need","require","need-require","",""
"1411","5f4ee7ff2c5da213f015a27e","test_ValenceMatch_Negative","0","ValenceMatchingOnly","itchy","heartbroken","itchy-heartbroken","PhysicalMismatch","NegativeMatch"
"1412","5f4ee7ff2c5da213f015a27e","control_MaxMatch_Positive_Physical","0","MaxMatch","blooming","homemade","blooming-homemade","PhysicalMatch","PositiveMatch"
"1413","5f4ee7ff2c5da213f015a27e","test_ValenceMatch_Positive","0","ValenceMatchingOnly","witty","newborn","witty-newborn","SocialMismatch","PositiveMatch"
"1414","5f4ee7ff2c5da213f015a27e","test_ConceptualMatch_Physical","0","ConceptualMatchingOnly","itchy","decorative","itchy-decorative","ConceptualMatch:physical","NegativeMismatch"
"1415","5f4ee7ff2c5da213f015a27e","test_ConceptualMatch_Social","0","ConceptualMatchingOnly","witty","humiliating","witty-humiliating","ConceptualMatch:social","PositiveMismatch"
"1416","5f4ee7ff2c5da213f015a27e","control_MaxMatch_Negative_Physical","0","MaxMatch","moldy","obese","moldy-obese","PhysicalMatch","NegativeMatch"
"1417","5f4ee7ff2c5da213f015a27e","control_Dissimilar","29","DissimilarControl","come","go","come-go","",""
"1418","5f4ee7ff2c5da213f015a27e","control_Similar","97","SimilarControl","get","obtain","get-obtain","",""
"1419","5f4ee7ff2c5da213f015a27e","control_Dissimilar","13","DissimilarControl","give","take","give-take","",""
"1420","5f4ee7ff2c5da213f015a27e","control_MaxMismatch","0","MaxMismatch","oceanic","insulting","oceanic-insulting","PhysicalMismatch","PositiveMismatch"
"1421","5f4ee7ff2c5da213f015a27e","control_MaxMatch_Positive_Social","0","MaxMatch","hilarious","courageous","hilarious-courageous","SocialMatch","PositiveMatch"
"1422","5f4ee7ff2c5da213f015a27e","control_MaxMatch_Negative_Social","6","MaxMatch","heartbroken","infuriating","heartbroken-infuriating","SocialMatch","NegativeMatch"
"1423","5f4ee7ff2c5da213f015a27e","control_Similar","98","SimilarControl","speak","talk","speak-talk","",""
"1424","5f4ee7ff2c5da213f015a27e","test_ValenceMatch_Negative","14","ValenceMatchingOnly","lifeless","dreaded","lifeless-dreaded","PhysicalMismatch","NegativeMatch"
"1425","5f4ee7ff2c5da213f015a27e","control_MaxMatch_Positive_Physical","20","MaxMatch","fluffy","sunny","fluffy-sunny","PhysicalMatch","PositiveMatch"
"1426","5f4ee7ff2c5da213f015a27e","test_ValenceMatch_Positive","0","ValenceMatchingOnly","courageous","decorative","courageous-decorative","SocialMismatch","PositiveMatch"
"1427","5f4ee7ff2c5da213f015a27e","test_ConceptualMatch_Physical","2","ConceptualMatchingOnly","obese","blooming","obese-blooming","ConceptualMatch:physical","NegativeMismatch"
"1428","5f4ee7ff2c5da213f015a27e","test_ConceptualMatch_Social","0","ConceptualMatchingOnly","hilarious","heartbroken","hilarious-heartbroken","ConceptualMatch:social","PositiveMismatch"
"1429","5f4ee7ff2c5da213f015a27e","control_MaxMatch_Negative_Physical","13","MaxMatch","nauseous","obese","nauseous-obese","PhysicalMatch","NegativeMatch"
"1430","5f4ee7ff2c5da213f015a27e","control_Dissimilar","21","DissimilarControl","rise","fall","rise-fall","",""
"1431","63bc9e8cd8106f8d94c636d4","control_Similar","69","SimilarControl","need","require","need-require","",""
"1432","63bc9e8cd8106f8d94c636d4","control_Dissimilar","15","DissimilarControl","push","pull","push-pull","",""
"1433","63bc9e8cd8106f8d94c636d4","test_ValenceMatch_Negative","0","ValenceMatchingOnly","nauseous","stingy","nauseous-stingy","PhysicalMismatch","NegativeMatch"
"1434","63bc9e8cd8106f8d94c636d4","control_MaxMatch_Positive_Social","71","MaxMatch","joyful","hilarious","joyful-hilarious","SocialMatch","PositiveMatch"
"1435","63bc9e8cd8106f8d94c636d4","control_MaxMismatch","11","MaxMismatch","sunny","insulting","sunny-insulting","PhysicalMismatch","PositiveMismatch"
"1436","63bc9e8cd8106f8d94c636d4","control_Similar","99","SimilarControl","get","obtain","get-obtain","",""
"1437","63bc9e8cd8106f8d94c636d4","test_ConceptualMatch_Social","21","ConceptualMatchingOnly","easygoing","racist","easygoing-racist","ConceptualMatch:social","PositiveMismatch"
"1438","63bc9e8cd8106f8d94c636d4","control_MaxMatch_Negative_Physical","33","MaxMatch","excruciating","obese","excruciating-obese","PhysicalMatch","NegativeMatch"
"1439","63bc9e8cd8106f8d94c636d4","test_ConceptualMatch_Physical","0","ConceptualMatchingOnly","seasick","fluffy","seasick-fluffy","ConceptualMatch:physical","NegativeMismatch"
"1440","63bc9e8cd8106f8d94c636d4","control_MaxMatch_Positive_Physical","78","MaxMatch","sunny","blooming","sunny-blooming","PhysicalMatch","PositiveMatch"
"1441","63bc9e8cd8106f8d94c636d4","control_Dissimilar","19","DissimilarControl","add","remove","add-remove","",""
"1442","63bc9e8cd8106f8d94c636d4","test_ValenceMatch_Positive","54","ValenceMatchingOnly","dependable","sunny","dependable-sunny","SocialMismatch","PositiveMatch"
"1443","63bc9e8cd8106f8d94c636d4","control_MaxMatch_Negative_Social","73","MaxMatch","grumpy","stingy","grumpy-stingy","SocialMatch","NegativeMatch"
"1444","63bc9e8cd8106f8d94c636d4","control_Similar","99","SimilarControl","buy","purchase","buy-purchase","",""
"1445","63bc9e8cd8106f8d94c636d4","control_Dissimilar","4","DissimilarControl","begin","end","begin-end","",""
"1446","63bc9e8cd8106f8d94c636d4","test_ValenceMatch_Negative","60","ValenceMatchingOnly","smelly","grumpy","smelly-grumpy","PhysicalMismatch","NegativeMatch"
"1447","63bc9e8cd8106f8d94c636d4","control_MaxMatch_Positive_Social","44","MaxMatch","hilarious","dependable","hilarious-dependable","SocialMatch","PositiveMatch"
"1448","63bc9e8cd8106f8d94c636d4","control_MaxMismatch","0","MaxMismatch","floral","grumpy","floral-grumpy","PhysicalMismatch","PositiveMismatch"
"1449","63bc9e8cd8106f8d94c636d4","control_Similar","99","SimilarControl","begin","start","begin-start","",""
"1450","63bc9e8cd8106f8d94c636d4","test_ConceptualMatch_Social","14","ConceptualMatchingOnly","selfless","stingy","selfless-stingy","ConceptualMatch:social","PositiveMismatch"
"1451","63bc9e8cd8106f8d94c636d4","control_MaxMatch_Negative_Physical","23","MaxMatch","excruciating","seasick","excruciating-seasick","PhysicalMatch","NegativeMatch"
"1452","63bc9e8cd8106f8d94c636d4","test_ConceptualMatch_Physical","23","ConceptualMatchingOnly","rancid","radiant","rancid-radiant","ConceptualMatch:physical","NegativeMismatch"
"1453","63bc9e8cd8106f8d94c636d4","control_MaxMatch_Positive_Physical","69","MaxMatch","fluffy","blooming","fluffy-blooming","PhysicalMatch","PositiveMatch"
"1454","63bc9e8cd8106f8d94c636d4","control_Dissimilar","15","DissimilarControl","enter","exit","enter-exit","",""
"1455","63bc9e8cd8106f8d94c636d4","test_ValenceMatch_Positive","74","ValenceMatchingOnly","selfless","radiant","selfless-radiant","SocialMismatch","PositiveMatch"
"1456","63bc9e8cd8106f8d94c636d4","control_MaxMatch_Negative_Social","6","MaxMatch","heartbroken","racist","heartbroken-racist","SocialMatch","NegativeMatch"
"1457","63bc9e8cd8106f8d94c636d4","control_Similar","86","SimilarControl","show","display","show-display","",""
"1458","63bc9e8cd8106f8d94c636d4","control_Dissimilar","61","DissimilarControl","increase","decrease","increase-decrease","",""
"1459","63bc9e8cd8106f8d94c636d4","test_ValenceMatch_Negative","13","ValenceMatchingOnly","itchy","humiliating","itchy-humiliating","PhysicalMismatch","NegativeMatch"
"1460","63bc9e8cd8106f8d94c636d4","control_MaxMatch_Positive_Social","9","MaxMatch","brotherly","joyful","brotherly-joyful","SocialMatch","PositiveMatch"
"1461","63bc9e8cd8106f8d94c636d4","control_MaxMismatch","17","MaxMismatch","fluffy","insulting","fluffy-insulting","PhysicalMismatch","PositiveMismatch"
"1462","63bc9e8cd8106f8d94c636d4","control_Similar","80","SimilarControl","end","finish","end-finish","",""
"1463","63bc9e8cd8106f8d94c636d4","test_ConceptualMatch_Social","26","ConceptualMatchingOnly","joyful","heartbroken","joyful-heartbroken","ConceptualMatch:social","PositiveMismatch"
"1464","63bc9e8cd8106f8d94c636d4","control_MaxMatch_Negative_Physical","32","MaxMatch","lifeless","rancid","lifeless-rancid","PhysicalMatch","NegativeMatch"
"1465","63bc9e8cd8106f8d94c636d4","test_ConceptualMatch_Physical","13","ConceptualMatchingOnly","lifeless","floral","lifeless-floral","ConceptualMatch:physical","NegativeMismatch"
"1466","63bc9e8cd8106f8d94c636d4","control_MaxMatch_Positive_Physical","82","MaxMatch","blooming","radiant","blooming-radiant","PhysicalMatch","PositiveMatch"
"1467","63bc9e8cd8106f8d94c636d4","control_Dissimilar","6","DissimilarControl","give","take","give-take","",""
"1468","63bc9e8cd8106f8d94c636d4","test_ValenceMatch_Positive","67","ValenceMatchingOnly","cheerful","fluffy","cheerful-fluffy","SocialMismatch","PositiveMatch"
"1469","63bc9e8cd8106f8d94c636d4","control_MaxMatch_Negative_Social","68","MaxMatch","grumpy","infuriating","grumpy-infuriating","SocialMatch","NegativeMatch"
"1470","63bc9e8cd8106f8d94c636d4","control_Similar","90","SimilarControl","help","assist","help-assist","",""
"1471","63bc9e8cd8106f8d94c636d4","control_Dissimilar","0","DissimilarControl","rise","fall","rise-fall","",""
"1472","63bc9e8cd8106f8d94c636d4","test_ValenceMatch_Negative","58","ValenceMatchingOnly","excruciating","grumpy","excruciating-grumpy","PhysicalMismatch","NegativeMatch"
"1473","63bc9e8cd8106f8d94c636d4","control_MaxMatch_Positive_Social","69","MaxMatch","easygoing","witty","easygoing-witty","SocialMatch","PositiveMatch"
"1474","63bc9e8cd8106f8d94c636d4","control_MaxMismatch","21","MaxMismatch","newborn","greedy","newborn-greedy","PhysicalMismatch","PositiveMismatch"
"1475","63bc9e8cd8106f8d94c636d4","control_Similar","66","SimilarControl","use","employ","use-employ","",""
"1476","63bc9e8cd8106f8d94c636d4","test_ConceptualMatch_Social","15","ConceptualMatchingOnly","brotherly","stingy","brotherly-stingy","ConceptualMatch:social","PositiveMismatch"
"1477","63bc9e8cd8106f8d94c636d4","control_MaxMatch_Negative_Physical","25","MaxMatch","nauseous","comatose","nauseous-comatose","PhysicalMatch","NegativeMatch"
"1478","63bc9e8cd8106f8d94c636d4","test_ConceptualMatch_Physical","18","ConceptualMatchingOnly","lifeless","sunny","lifeless-sunny","ConceptualMatch:physical","NegativeMismatch"
"1479","63bc9e8cd8106f8d94c636d4","control_MaxMatch_Positive_Physical","79","MaxMatch","sunny","radiant","sunny-radiant","PhysicalMatch","PositiveMatch"
"1480","63bc9e8cd8106f8d94c636d4","control_Dissimilar","26","DissimilarControl","come","go","come-go","",""
"1481","63bc9e8cd8106f8d94c636d4","test_ValenceMatch_Positive","68","ValenceMatchingOnly","carefree","decorative","carefree-decorative","SocialMismatch","PositiveMatch"
"1482","63bc9e8cd8106f8d94c636d4","control_MaxMatch_Negative_Social","75","MaxMatch","greedy","hateful","greedy-hateful","SocialMatch","NegativeMatch"
"1483","63bc9e8cd8106f8d94c636d4","control_Similar","99","SimilarControl","ask","inquire","ask-inquire","",""
"1484","63bc9e8cd8106f8d94c636d4","control_Dissimilar","6","DissimilarControl","arrive","leave","arrive-leave","",""
"1485","63bc9e8cd8106f8d94c636d4","test_ValenceMatch_Negative","66","ValenceMatchingOnly","lifeless","racist","lifeless-racist","PhysicalMismatch","NegativeMatch"
"1486","63bc9e8cd8106f8d94c636d4","control_MaxMatch_Positive_Social","88","MaxMatch","joyful","courageous","joyful-courageous","SocialMatch","PositiveMatch"
"1487","63bc9e8cd8106f8d94c636d4","control_MaxMismatch","5","MaxMismatch","blooming","stingy","blooming-stingy","PhysicalMismatch","PositiveMismatch"
"1488","63bc9e8cd8106f8d94c636d4","control_Similar","90","SimilarControl","speak","talk","speak-talk","",""
"1489","63bc9e8cd8106f8d94c636d4","test_ConceptualMatch_Social","70","ConceptualMatchingOnly","carefree","heartbroken","carefree-heartbroken","ConceptualMatch:social","PositiveMismatch"
"1490","63bc9e8cd8106f8d94c636d4","control_MaxMatch_Negative_Physical","9","MaxMatch","itchy","smelly","itchy-smelly","PhysicalMatch","NegativeMatch"
"1491","63bc9e8cd8106f8d94c636d4","test_ConceptualMatch_Physical","6","ConceptualMatchingOnly","nauseous","radiant","nauseous-radiant","ConceptualMatch:physical","NegativeMismatch"
"1492","63bc9e8cd8106f8d94c636d4","control_MaxMatch_Positive_Physical","86","MaxMatch","sunny","decorative","sunny-decorative","PhysicalMatch","PositiveMatch"
"1493","63bc9e8cd8106f8d94c636d4","control_Dissimilar","0","DissimilarControl","open","close","open-close","",""
"1494","63bc9e8cd8106f8d94c636d4","test_ValenceMatch_Positive","0","ValenceMatchingOnly","easygoing","floral","easygoing-floral","SocialMismatch","PositiveMatch"
"1495","63bc9e8cd8106f8d94c636d4","control_MaxMatch_Negative_Social","66","MaxMatch","grumpy","heartbroken","grumpy-heartbroken","SocialMatch","NegativeMatch"
"1496","63fa78f21e485a372c6528fa","control_Dissimilar","3","DissimilarControl","increase","decrease","increase-decrease","",""
"1497","63fa78f21e485a372c6528fa","control_Similar","94","SimilarControl","use","employ","use-employ","",""
"1498","63fa78f21e485a372c6528fa","control_MaxMatch_Negative_Physical","19","MaxMatch","lifeless","itchy","lifeless-itchy","PhysicalMatch","NegativeMatch"
"1499","63fa78f21e485a372c6528fa","test_ValenceMatch_Negative","34","ValenceMatchingOnly","moldy","humiliating","moldy-humiliating","PhysicalMismatch","NegativeMatch"
"1500","63fa78f21e485a372c6528fa","test_ValenceMatch_Positive","6","ValenceMatchingOnly","hilarious","oceanic","hilarious-oceanic","SocialMismatch","PositiveMatch"
"1501","63fa78f21e485a372c6528fa","test_ConceptualMatch_Social","12","ConceptualMatchingOnly","easygoing","greedy","easygoing-greedy","ConceptualMatch:social","PositiveMismatch"
"1502","63fa78f21e485a372c6528fa","control_Dissimilar","22","DissimilarControl","open","close","open-close","",""
"1503","63fa78f21e485a372c6528fa","control_MaxMismatch","10","MaxMismatch","decorative","stingy","decorative-stingy","PhysicalMismatch","PositiveMismatch"
"1504","63fa78f21e485a372c6528fa","test_ConceptualMatch_Physical","13","ConceptualMatchingOnly","rancid","homemade","rancid-homemade","ConceptualMatch:physical","NegativeMismatch"
"1505","63fa78f21e485a372c6528fa","control_MaxMatch_Negative_Social","64","MaxMatch","greedy","grumpy","greedy-grumpy","SocialMatch","NegativeMatch"
"1506","63fa78f21e485a372c6528fa","control_MaxMatch_Positive_Social","24","MaxMatch","hilarious","dependable","hilarious-dependable","SocialMatch","PositiveMatch"
"1507","63fa78f21e485a372c6528fa","control_MaxMatch_Positive_Physical","67","MaxMatch","blooming","nutritious","blooming-nutritious","PhysicalMatch","PositiveMatch"
"1508","63fa78f21e485a372c6528fa","control_Similar","96","SimilarControl","get","obtain","get-obtain","",""
"1509","63fa78f21e485a372c6528fa","control_Dissimilar","34","DissimilarControl","push","pull","push-pull","",""
"1510","63fa78f21e485a372c6528fa","control_Similar","93","SimilarControl","need","require","need-require","",""
"1511","63fa78f21e485a372c6528fa","control_MaxMatch_Negative_Physical","6","MaxMatch","obese","itchy","obese-itchy","PhysicalMatch","NegativeMatch"
"1512","63fa78f21e485a372c6528fa","test_ValenceMatch_Negative","63","ValenceMatchingOnly","excruciating","hateful","excruciating-hateful","PhysicalMismatch","NegativeMatch"
"1513","63fa78f21e485a372c6528fa","test_ValenceMatch_Positive","75","ValenceMatchingOnly","joyful","sunny","joyful-sunny","SocialMismatch","PositiveMatch"
"1514","63fa78f21e485a372c6528fa","test_ConceptualMatch_Social","9","ConceptualMatchingOnly","brotherly","dreaded","brotherly-dreaded","ConceptualMatch:social","PositiveMismatch"
"1515","63fa78f21e485a372c6528fa","control_Dissimilar","39","DissimilarControl","rise","fall","rise-fall","",""
"1516","63fa78f21e485a372c6528fa","control_MaxMismatch","10","MaxMismatch","homemade","dreaded","homemade-dreaded","PhysicalMismatch","PositiveMismatch"
"1517","63fa78f21e485a372c6528fa","test_ConceptualMatch_Physical","2","ConceptualMatchingOnly","nauseous","floral","nauseous-floral","ConceptualMatch:physical","NegativeMismatch"
"1518","63fa78f21e485a372c6528fa","control_MaxMatch_Negative_Social","67","MaxMatch","grumpy","stingy","grumpy-stingy","SocialMatch","NegativeMatch"
"1519","63fa78f21e485a372c6528fa","control_MaxMatch_Positive_Social","66","MaxMatch","joyful","courageous","joyful-courageous","SocialMatch","PositiveMatch"
"1520","63fa78f21e485a372c6528fa","control_MaxMatch_Positive_Physical","36","MaxMatch","nutritious","newborn","nutritious-newborn","PhysicalMatch","PositiveMatch"
"1521","63fa78f21e485a372c6528fa","control_Similar","95","SimilarControl","end","finish","end-finish","",""
"1522","63fa78f21e485a372c6528fa","control_Dissimilar","56","DissimilarControl","enter","exit","enter-exit","",""
"1523","63fa78f21e485a372c6528fa","control_Similar","96","SimilarControl","help","assist","help-assist","",""
"1524","63fa78f21e485a372c6528fa","control_MaxMatch_Negative_Physical","69","MaxMatch","moldy","nauseous","moldy-nauseous","PhysicalMatch","NegativeMatch"
"1525","63fa78f21e485a372c6528fa","test_ValenceMatch_Negative","39","ValenceMatchingOnly","obese","grumpy","obese-grumpy","PhysicalMismatch","NegativeMatch"
"1526","63fa78f21e485a372c6528fa","test_ValenceMatch_Positive","61","ValenceMatchingOnly","carefree","blooming","carefree-blooming","SocialMismatch","PositiveMatch"
"1527","63fa78f21e485a372c6528fa","test_ConceptualMatch_Social","27","ConceptualMatchingOnly","joyful","infuriating","joyful-infuriating","ConceptualMatch:social","PositiveMismatch"
"1528","63fa78f21e485a372c6528fa","control_Dissimilar","41","DissimilarControl","begin","end","begin-end","",""
"1529","63fa78f21e485a372c6528fa","control_MaxMismatch","13","MaxMismatch","floral","stingy","floral-stingy","PhysicalMismatch","PositiveMismatch"
"1530","63fa78f21e485a372c6528fa","test_ConceptualMatch_Physical","4","ConceptualMatchingOnly","moldy","radiant","moldy-radiant","ConceptualMatch:physical","NegativeMismatch"
"1531","63fa78f21e485a372c6528fa","control_MaxMatch_Negative_Social","58","MaxMatch","stingy","hateful","stingy-hateful","SocialMatch","NegativeMatch"
"1532","63fa78f21e485a372c6528fa","control_MaxMatch_Positive_Social","74","MaxMatch","joyful","witty","joyful-witty","SocialMatch","PositiveMatch"
"1533","63fa78f21e485a372c6528fa","control_MaxMatch_Positive_Physical","44","MaxMatch","decorative","newborn","decorative-newborn","PhysicalMatch","PositiveMatch"
"1534","63fa78f21e485a372c6528fa","control_Similar","95","SimilarControl","begin","start","begin-start","",""
"1535","63fa78f21e485a372c6528fa","control_Dissimilar","42","DissimilarControl","give","take","give-take","",""
"1536","63fa78f21e485a372c6528fa","control_Similar","94","SimilarControl","ask","inquire","ask-inquire","",""
"1537","63fa78f21e485a372c6528fa","control_MaxMatch_Negative_Physical","7","MaxMatch","moldy","excruciating","moldy-excruciating","PhysicalMatch","NegativeMatch"
"1538","63fa78f21e485a372c6528fa","test_ValenceMatch_Negative","59","ValenceMatchingOnly","lifeless","hateful","lifeless-hateful","PhysicalMismatch","NegativeMatch"
"1539","63fa78f21e485a372c6528fa","test_ValenceMatch_Positive","20","ValenceMatchingOnly","selfless","floral","selfless-floral","SocialMismatch","PositiveMatch"
"1540","63fa78f21e485a372c6528fa","test_ConceptualMatch_Social","4","ConceptualMatchingOnly","witty","greedy","witty-greedy","ConceptualMatch:social","PositiveMismatch"
"1541","63fa78f21e485a372c6528fa","control_Dissimilar","44","DissimilarControl","arrive","leave","arrive-leave","",""
"1542","63fa78f21e485a372c6528fa","control_MaxMismatch","6","MaxMismatch","newborn","heartbroken","newborn-heartbroken","PhysicalMismatch","PositiveMismatch"
"1543","63fa78f21e485a372c6528fa","test_ConceptualMatch_Physical","6","ConceptualMatchingOnly","nauseous","decorative","nauseous-decorative","ConceptualMatch:physical","NegativeMismatch"
"1544","63fa78f21e485a372c6528fa","control_MaxMatch_Negative_Social","65","MaxMatch","insulting","grumpy","insulting-grumpy","SocialMatch","NegativeMatch"
"1545","63fa78f21e485a372c6528fa","control_MaxMatch_Positive_Social","69","MaxMatch","joyful","selfless","joyful-selfless","SocialMatch","PositiveMatch"
"1546","63fa78f21e485a372c6528fa","control_MaxMatch_Positive_Physical","75","MaxMatch","radiant","newborn","radiant-newborn","PhysicalMatch","PositiveMatch"
"1547","63fa78f21e485a372c6528fa","control_Similar","97","SimilarControl","buy","purchase","buy-purchase","",""
"1548","63fa78f21e485a372c6528fa","control_Dissimilar","53","DissimilarControl","come","go","come-go","",""
"1549","63fa78f21e485a372c6528fa","control_Similar","96","SimilarControl","show","display","show-display","",""
"1550","63fa78f21e485a372c6528fa","control_MaxMatch_Negative_Physical","10","MaxMatch","comatose","itchy","comatose-itchy","PhysicalMatch","NegativeMatch"
"1551","63fa78f21e485a372c6528fa","test_ValenceMatch_Negative","37","ValenceMatchingOnly","nauseous","heartbroken","nauseous-heartbroken","PhysicalMismatch","NegativeMatch"
"1552","63fa78f21e485a372c6528fa","test_ValenceMatch_Positive","30","ValenceMatchingOnly","dependable","floral","dependable-floral","SocialMismatch","PositiveMatch"
"1553","63fa78f21e485a372c6528fa","test_ConceptualMatch_Social","21","ConceptualMatchingOnly","brotherly","racist","brotherly-racist","ConceptualMatch:social","PositiveMismatch"
"1554","63fa78f21e485a372c6528fa","control_Dissimilar","39","DissimilarControl","add","remove","add-remove","",""
"1555","63fa78f21e485a372c6528fa","control_MaxMismatch","12","MaxMismatch","blooming","humiliating","blooming-humiliating","PhysicalMismatch","PositiveMismatch"
"1556","63fa78f21e485a372c6528fa","test_ConceptualMatch_Physical","15","ConceptualMatchingOnly","rancid","blooming","rancid-blooming","ConceptualMatch:physical","NegativeMismatch"
"1557","63fa78f21e485a372c6528fa","control_MaxMatch_Negative_Social","83","MaxMatch","insulting","racist","insulting-racist","SocialMatch","NegativeMatch"
"1558","63fa78f21e485a372c6528fa","control_MaxMatch_Positive_Social","32","MaxMatch","easygoing","witty","easygoing-witty","SocialMatch","PositiveMatch"
"1559","63fa78f21e485a372c6528fa","control_MaxMatch_Positive_Physical","12","MaxMatch","fluffy","oceanic","fluffy-oceanic","PhysicalMatch","PositiveMatch"
"1560","63fa78f21e485a372c6528fa","control_Similar","97","SimilarControl","speak","talk","speak-talk","",""
"1561","66ccdd9f6b12c6ea6fa01f42","control_Similar","99","SimilarControl","buy","purchase","buy-purchase","",""
"1562","66ccdd9f6b12c6ea6fa01f42","control_Dissimilar","0","DissimilarControl","rise","fall","rise-fall","",""
"1563","66ccdd9f6b12c6ea6fa01f42","test_ConceptualMatch_Social","8","ConceptualMatchingOnly","carefree","heartbroken","carefree-heartbroken","ConceptualMatch:social","PositiveMismatch"
"1564","66ccdd9f6b12c6ea6fa01f42","test_ValenceMatch_Positive","40","ValenceMatchingOnly","dependable","fluffy","dependable-fluffy","SocialMismatch","PositiveMatch"
"1565","66ccdd9f6b12c6ea6fa01f42","control_MaxMatch_Negative_Physical","53","MaxMatch","comatose","lifeless","comatose-lifeless","PhysicalMatch","NegativeMatch"
"1566","66ccdd9f6b12c6ea6fa01f42","control_MaxMatch_Negative_Social","75","MaxMatch","grumpy","hateful","grumpy-hateful","SocialMatch","NegativeMatch"
"1567","66ccdd9f6b12c6ea6fa01f42","test_ConceptualMatch_Physical","38","ConceptualMatchingOnly","excruciating","floral","excruciating-floral","ConceptualMatch:physical","NegativeMismatch"
"1568","66ccdd9f6b12c6ea6fa01f42","control_Similar","99","SimilarControl","ask","inquire","ask-inquire","",""
"1569","66ccdd9f6b12c6ea6fa01f42","control_MaxMatch_Positive_Physical","92","MaxMatch","floral","decorative","floral-decorative","PhysicalMatch","PositiveMatch"
"1570","66ccdd9f6b12c6ea6fa01f42","control_MaxMatch_Positive_Social","43","MaxMatch","cheerful","hilarious","cheerful-hilarious","SocialMatch","PositiveMatch"
"1571","66ccdd9f6b12c6ea6fa01f42","control_MaxMismatch","36","MaxMismatch","blooming","humiliating","blooming-humiliating","PhysicalMismatch","PositiveMismatch"
"1572","66ccdd9f6b12c6ea6fa01f42","control_Dissimilar","0","DissimilarControl","add","remove","add-remove","",""
"1573","66ccdd9f6b12c6ea6fa01f42","test_ValenceMatch_Negative","35","ValenceMatchingOnly","comatose","humiliating","comatose-humiliating","PhysicalMismatch","NegativeMatch"
"1574","66ccdd9f6b12c6ea6fa01f42","control_Similar","99","SimilarControl","begin","start","begin-start","",""
"1575","66ccdd9f6b12c6ea6fa01f42","control_Dissimilar","0","DissimilarControl","enter","exit","enter-exit","",""
"1576","66ccdd9f6b12c6ea6fa01f42","test_ConceptualMatch_Social","24","ConceptualMatchingOnly","selfless","racist","selfless-racist","ConceptualMatch:social","PositiveMismatch"
"1577","66ccdd9f6b12c6ea6fa01f42","test_ValenceMatch_Positive","10","ValenceMatchingOnly","selfless","decorative","selfless-decorative","SocialMismatch","PositiveMatch"
"1578","66ccdd9f6b12c6ea6fa01f42","control_MaxMatch_Negative_Physical","39","MaxMatch","excruciating","comatose","excruciating-comatose","PhysicalMatch","NegativeMatch"
"1579","66ccdd9f6b12c6ea6fa01f42","control_MaxMatch_Negative_Social","63","MaxMatch","greedy","stingy","greedy-stingy","SocialMatch","NegativeMatch"
"1580","66ccdd9f6b12c6ea6fa01f42","test_ConceptualMatch_Physical","46","ConceptualMatchingOnly","lifeless","floral","lifeless-floral","ConceptualMatch:physical","NegativeMismatch"
"1581","66ccdd9f6b12c6ea6fa01f42","control_Similar","95","SimilarControl","help","assist","help-assist","",""
"1582","66ccdd9f6b12c6ea6fa01f42","control_MaxMatch_Positive_Physical","53","MaxMatch","homemade","radiant","homemade-radiant","PhysicalMatch","PositiveMatch"
"1583","66ccdd9f6b12c6ea6fa01f42","control_MaxMatch_Positive_Social","77","MaxMatch","easygoing","selfless","easygoing-selfless","SocialMatch","PositiveMatch"
"1584","66ccdd9f6b12c6ea6fa01f42","control_MaxMismatch","42","MaxMismatch","floral","infuriating","floral-infuriating","PhysicalMismatch","PositiveMismatch"
"1585","66ccdd9f6b12c6ea6fa01f42","control_Dissimilar","0","DissimilarControl","increase","decrease","increase-decrease","",""
"1586","66ccdd9f6b12c6ea6fa01f42","test_ValenceMatch_Negative","75","ValenceMatchingOnly","excruciating","insulting","excruciating-insulting","PhysicalMismatch","NegativeMatch"
"1587","66ccdd9f6b12c6ea6fa01f42","control_Similar","71","SimilarControl","use","employ","use-employ","",""
"1588","66ccdd9f6b12c6ea6fa01f42","control_Dissimilar","71","DissimilarControl","give","take","give-take","",""
"1589","66ccdd9f6b12c6ea6fa01f42","test_ConceptualMatch_Social","22","ConceptualMatchingOnly","hilarious","heartbroken","hilarious-heartbroken","ConceptualMatch:social","PositiveMismatch"
"1590","66ccdd9f6b12c6ea6fa01f42","test_ValenceMatch_Positive","25","ValenceMatchingOnly","selfless","floral","selfless-floral","SocialMismatch","PositiveMatch"
"1591","66ccdd9f6b12c6ea6fa01f42","control_MaxMatch_Negative_Physical","88","MaxMatch","rancid","seasick","rancid-seasick","PhysicalMatch","NegativeMatch"
"1592","66ccdd9f6b12c6ea6fa01f42","control_MaxMatch_Negative_Social","27","MaxMatch","heartbroken","racist","heartbroken-racist","SocialMatch","NegativeMatch"
"1593","66ccdd9f6b12c6ea6fa01f42","test_ConceptualMatch_Physical","27","ConceptualMatchingOnly","smelly","blooming","smelly-blooming","ConceptualMatch:physical","NegativeMismatch"
"1594","66ccdd9f6b12c6ea6fa01f42","control_Similar","99","SimilarControl","need","require","need-require","",""
"1595","66ccdd9f6b12c6ea6fa01f42","control_MaxMatch_Positive_Physical","84","MaxMatch","sunny","blooming","sunny-blooming","PhysicalMatch","PositiveMatch"
"1596","66ccdd9f6b12c6ea6fa01f42","control_MaxMatch_Positive_Social","79","MaxMatch","brotherly","selfless","brotherly-selfless","SocialMatch","PositiveMatch"
"1597","66ccdd9f6b12c6ea6fa01f42","control_MaxMismatch","19","MaxMismatch","newborn","racist","newborn-racist","PhysicalMismatch","PositiveMismatch"
"1598","66ccdd9f6b12c6ea6fa01f42","control_Dissimilar","0","DissimilarControl","push","pull","push-pull","",""
"1599","66ccdd9f6b12c6ea6fa01f42","test_ValenceMatch_Negative","60","ValenceMatchingOnly","comatose","hateful","comatose-hateful","PhysicalMismatch","NegativeMatch"
"1600","66ccdd9f6b12c6ea6fa01f42","control_Similar","99","SimilarControl","get","obtain","get-obtain","",""
"1601","66ccdd9f6b12c6ea6fa01f42","control_Dissimilar","0","DissimilarControl","begin","end","begin-end","",""
"1602","66ccdd9f6b12c6ea6fa01f42","test_ConceptualMatch_Social","8","ConceptualMatchingOnly","hilarious","racist","hilarious-racist","ConceptualMatch:social","PositiveMismatch"
"1603","66ccdd9f6b12c6ea6fa01f42","test_ValenceMatch_Positive","32","ValenceMatchingOnly","dependable","floral","dependable-floral","SocialMismatch","PositiveMatch"
"1604","66ccdd9f6b12c6ea6fa01f42","control_MaxMatch_Negative_Physical","99","MaxMatch","nauseous","seasick","nauseous-seasick","PhysicalMatch","NegativeMatch"
"1605","66ccdd9f6b12c6ea6fa01f42","control_MaxMatch_Negative_Social","92","MaxMatch","racist","hateful","racist-hateful","SocialMatch","NegativeMatch"
"1606","66ccdd9f6b12c6ea6fa01f42","test_ConceptualMatch_Physical","56","ConceptualMatchingOnly","seasick","oceanic","seasick-oceanic","ConceptualMatch:physical","NegativeMismatch"
"1607","66ccdd9f6b12c6ea6fa01f42","control_Similar","99","SimilarControl","end","finish","end-finish","",""
"1608","66ccdd9f6b12c6ea6fa01f42","control_MaxMatch_Positive_Physical","61","MaxMatch","floral","oceanic","floral-oceanic","PhysicalMatch","PositiveMatch"
"1609","66ccdd9f6b12c6ea6fa01f42","control_MaxMatch_Positive_Social","32","MaxMatch","dependable","witty","dependable-witty","SocialMatch","PositiveMatch"
"1610","66ccdd9f6b12c6ea6fa01f42","control_MaxMismatch","26","MaxMismatch","sunny","greedy","sunny-greedy","PhysicalMismatch","PositiveMismatch"
"1611","66ccdd9f6b12c6ea6fa01f42","control_Dissimilar","82","DissimilarControl","come","go","come-go","",""
"1612","66ccdd9f6b12c6ea6fa01f42","test_ValenceMatch_Negative","74","ValenceMatchingOnly","rancid","dreaded","rancid-dreaded","PhysicalMismatch","NegativeMatch"
"1613","66ccdd9f6b12c6ea6fa01f42","control_Similar","99","SimilarControl","speak","talk","speak-talk","",""
"1614","66ccdd9f6b12c6ea6fa01f42","control_Dissimilar","0","DissimilarControl","arrive","leave","arrive-leave","",""
"1615","66ccdd9f6b12c6ea6fa01f42","test_ConceptualMatch_Social","19","ConceptualMatchingOnly","hilarious","dreaded","hilarious-dreaded","ConceptualMatch:social","PositiveMismatch"
"1616","66ccdd9f6b12c6ea6fa01f42","test_ValenceMatch_Positive","75","ValenceMatchingOnly","brotherly","fluffy","brotherly-fluffy","SocialMismatch","PositiveMatch"
"1617","66ccdd9f6b12c6ea6fa01f42","control_MaxMatch_Negative_Physical","67","MaxMatch","nauseous","lifeless","nauseous-lifeless","PhysicalMatch","NegativeMatch"
"1618","66ccdd9f6b12c6ea6fa01f42","control_MaxMatch_Negative_Social","64","MaxMatch","greedy","grumpy","greedy-grumpy","SocialMatch","NegativeMatch"
"1619","66ccdd9f6b12c6ea6fa01f42","test_ConceptualMatch_Physical","49","ConceptualMatchingOnly","obese","radiant","obese-radiant","ConceptualMatch:physical","NegativeMismatch"
"1620","66ccdd9f6b12c6ea6fa01f42","control_Similar","99","SimilarControl","show","display","show-display","",""
"1621","66ccdd9f6b12c6ea6fa01f42","control_MaxMatch_Positive_Physical","81","MaxMatch","sunny","radiant","sunny-radiant","PhysicalMatch","PositiveMatch"
"1622","66ccdd9f6b12c6ea6fa01f42","control_MaxMatch_Positive_Social","89","MaxMatch","joyful","easygoing","joyful-easygoing","SocialMatch","PositiveMatch"
"1623","66ccdd9f6b12c6ea6fa01f42","control_MaxMismatch","0","MaxMismatch","decorative","heartbroken","decorative-heartbroken","PhysicalMismatch","PositiveMismatch"
"1624","66ccdd9f6b12c6ea6fa01f42","control_Dissimilar","0","DissimilarControl","open","close","open-close","",""
"1625","66ccdd9f6b12c6ea6fa01f42","test_ValenceMatch_Negative","58","ValenceMatchingOnly","comatose","insulting","comatose-insulting","PhysicalMismatch","NegativeMatch"
"1626","6562177a48308eebbb6359ea","control_Similar","99","SimilarControl","speak","talk","speak-talk","",""
"1627","6562177a48308eebbb6359ea","control_Dissimilar","0","DissimilarControl","enter","exit","enter-exit","",""
"1628","6562177a48308eebbb6359ea","control_MaxMatch_Positive_Physical","19","MaxMatch","floral","nutritious","floral-nutritious","PhysicalMatch","PositiveMatch"
"1629","6562177a48308eebbb6359ea","control_Similar","99","SimilarControl","begin","start","begin-start","",""
"1630","6562177a48308eebbb6359ea","control_MaxMismatch","12","MaxMismatch","blooming","dreaded","blooming-dreaded","PhysicalMismatch","PositiveMismatch"
"1631","6562177a48308eebbb6359ea","test_ValenceMatch_Positive","54","ValenceMatchingOnly","brotherly","newborn","brotherly-newborn","SocialMismatch","PositiveMatch"
"1632","6562177a48308eebbb6359ea","control_MaxMatch_Positive_Social","8","MaxMatch","easygoing","witty","easygoing-witty","SocialMatch","PositiveMatch"
"1633","6562177a48308eebbb6359ea","test_ConceptualMatch_Physical","2","ConceptualMatchingOnly","nauseous","radiant","nauseous-radiant","ConceptualMatch:physical","NegativeMismatch"
"1634","6562177a48308eebbb6359ea","test_ConceptualMatch_Social","29","ConceptualMatchingOnly","selfless","heartbroken","selfless-heartbroken","ConceptualMatch:social","PositiveMismatch"
"1635","6562177a48308eebbb6359ea","control_Dissimilar","0","DissimilarControl","open","close","open-close","",""
"1636","6562177a48308eebbb6359ea","test_ValenceMatch_Negative","39","ValenceMatchingOnly","moldy","insulting","moldy-insulting","PhysicalMismatch","NegativeMatch"
"1637","6562177a48308eebbb6359ea","control_MaxMatch_Negative_Social","28","MaxMatch","grumpy","humiliating","grumpy-humiliating","SocialMatch","NegativeMatch"
"1638","6562177a48308eebbb6359ea","control_MaxMatch_Negative_Physical","73","MaxMatch","obese","smelly","obese-smelly","PhysicalMatch","NegativeMatch"
"1639","6562177a48308eebbb6359ea","control_Similar","99","SimilarControl","end","finish","end-finish","",""
"1640","6562177a48308eebbb6359ea","control_Dissimilar","0","DissimilarControl","begin","end","begin-end","",""
"1641","6562177a48308eebbb6359ea","control_MaxMatch_Positive_Physical","20","MaxMatch","oceanic","radiant","oceanic-radiant","PhysicalMatch","PositiveMatch"
"1642","6562177a48308eebbb6359ea","control_Similar","92","SimilarControl","use","employ","use-employ","",""
"1643","6562177a48308eebbb6359ea","control_MaxMismatch","7","MaxMismatch","nutritious","dreaded","nutritious-dreaded","PhysicalMismatch","PositiveMismatch"
"1644","6562177a48308eebbb6359ea","test_ValenceMatch_Positive","46","ValenceMatchingOnly","cheerful","floral","cheerful-floral","SocialMismatch","PositiveMatch"
"1645","6562177a48308eebbb6359ea","control_MaxMatch_Positive_Social","13","MaxMatch","carefree","selfless","carefree-selfless","SocialMatch","PositiveMatch"
"1646","6562177a48308eebbb6359ea","test_ConceptualMatch_Physical","29","ConceptualMatchingOnly","moldy","blooming","moldy-blooming","ConceptualMatch:physical","NegativeMismatch"
"1647","6562177a48308eebbb6359ea","test_ConceptualMatch_Social","0","ConceptualMatchingOnly","joyful","dreaded","joyful-dreaded","ConceptualMatch:social","PositiveMismatch"
"1648","6562177a48308eebbb6359ea","control_Dissimilar","43","DissimilarControl","push","pull","push-pull","",""
"1649","6562177a48308eebbb6359ea","test_ValenceMatch_Negative","1","ValenceMatchingOnly","comatose","insulting","comatose-insulting","PhysicalMismatch","NegativeMatch"
"1650","6562177a48308eebbb6359ea","control_MaxMatch_Negative_Social","84","MaxMatch","dreaded","humiliating","dreaded-humiliating","SocialMatch","NegativeMatch"
"1651","6562177a48308eebbb6359ea","control_MaxMatch_Negative_Physical","46","MaxMatch","excruciating","seasick","excruciating-seasick","PhysicalMatch","NegativeMatch"
"1652","6562177a48308eebbb6359ea","control_Similar","99","SimilarControl","ask","inquire","ask-inquire","",""
"1653","6562177a48308eebbb6359ea","control_Dissimilar","19","DissimilarControl","give","take","give-take","",""
"1654","6562177a48308eebbb6359ea","control_MaxMatch_Positive_Physical","0","MaxMatch","fluffy","oceanic","fluffy-oceanic","PhysicalMatch","PositiveMatch"
"1655","6562177a48308eebbb6359ea","control_Similar","99","SimilarControl","buy","purchase","buy-purchase","",""
"1656","6562177a48308eebbb6359ea","control_MaxMismatch","19","MaxMismatch","sunny","infuriating","sunny-infuriating","PhysicalMismatch","PositiveMismatch"
"1657","6562177a48308eebbb6359ea","test_ValenceMatch_Positive","15","ValenceMatchingOnly","witty","blooming","witty-blooming","SocialMismatch","PositiveMatch"
"1658","6562177a48308eebbb6359ea","control_MaxMatch_Positive_Social","0","MaxMatch","hilarious","selfless","hilarious-selfless","SocialMatch","PositiveMatch"
"1659","6562177a48308eebbb6359ea","test_ConceptualMatch_Physical","33","ConceptualMatchingOnly","rancid","homemade","rancid-homemade","ConceptualMatch:physical","NegativeMismatch"
"1660","6562177a48308eebbb6359ea","test_ConceptualMatch_Social","0","ConceptualMatchingOnly","joyful","infuriating","joyful-infuriating","ConceptualMatch:social","PositiveMismatch"
"1661","6562177a48308eebbb6359ea","control_Dissimilar","38","DissimilarControl","increase","decrease","increase-decrease","",""
"1662","6562177a48308eebbb6359ea","test_ValenceMatch_Negative","0","ValenceMatchingOnly","itchy","racist","itchy-racist","PhysicalMismatch","NegativeMatch"
"1663","6562177a48308eebbb6359ea","control_MaxMatch_Negative_Social","39","MaxMatch","stingy","hateful","stingy-hateful","SocialMatch","NegativeMatch"
"1664","6562177a48308eebbb6359ea","control_MaxMatch_Negative_Physical","58","MaxMatch","excruciating","itchy","excruciating-itchy","PhysicalMatch","NegativeMatch"
"1665","6562177a48308eebbb6359ea","control_Similar","99","SimilarControl","need","require","need-require","",""
"1666","6562177a48308eebbb6359ea","control_Dissimilar","0","DissimilarControl","add","remove","add-remove","",""
"1667","6562177a48308eebbb6359ea","control_MaxMatch_Positive_Physical","8","MaxMatch","decorative","nutritious","decorative-nutritious","PhysicalMatch","PositiveMatch"
"1668","6562177a48308eebbb6359ea","control_Similar","99","SimilarControl","get","obtain","get-obtain","",""
"1669","6562177a48308eebbb6359ea","control_MaxMismatch","12","MaxMismatch","homemade","infuriating","homemade-infuriating","PhysicalMismatch","PositiveMismatch"
"1670","6562177a48308eebbb6359ea","test_ValenceMatch_Positive","0","ValenceMatchingOnly","selfless","oceanic","selfless-oceanic","SocialMismatch","PositiveMatch"
"1671","6562177a48308eebbb6359ea","control_MaxMatch_Positive_Social","51","MaxMatch","dependable","courageous","dependable-courageous","SocialMatch","PositiveMatch"
"1672","6562177a48308eebbb6359ea","test_ConceptualMatch_Physical","0","ConceptualMatchingOnly","obese","nutritious","obese-nutritious","ConceptualMatch:physical","NegativeMismatch"
"1673","6562177a48308eebbb6359ea","test_ConceptualMatch_Social","15","ConceptualMatchingOnly","carefree","insulting","carefree-insulting","ConceptualMatch:social","PositiveMismatch"
"1674","6562177a48308eebbb6359ea","control_Dissimilar","23","DissimilarControl","come","go","come-go","",""
"1675","6562177a48308eebbb6359ea","test_ValenceMatch_Negative","46","ValenceMatchingOnly","obese","racist","obese-racist","PhysicalMismatch","NegativeMatch"
"1676","6562177a48308eebbb6359ea","control_MaxMatch_Negative_Social","8","MaxMatch","heartbroken","racist","heartbroken-racist","SocialMatch","NegativeMatch"
"1677","6562177a48308eebbb6359ea","control_MaxMatch_Negative_Physical","28","MaxMatch","excruciating","rancid","excruciating-rancid","PhysicalMatch","NegativeMatch"
"1678","6562177a48308eebbb6359ea","control_Similar","99","SimilarControl","help","assist","help-assist","",""
"1679","6562177a48308eebbb6359ea","control_Dissimilar","22","DissimilarControl","arrive","leave","arrive-leave","",""
"1680","6562177a48308eebbb6359ea","control_MaxMatch_Positive_Physical","0","MaxMatch","decorative","newborn","decorative-newborn","PhysicalMatch","PositiveMatch"
"1681","6562177a48308eebbb6359ea","control_Similar","92","SimilarControl","show","display","show-display","",""
"1682","6562177a48308eebbb6359ea","control_MaxMismatch","11","MaxMismatch","fluffy","insulting","fluffy-insulting","PhysicalMismatch","PositiveMismatch"
"1683","6562177a48308eebbb6359ea","test_ValenceMatch_Positive","25","ValenceMatchingOnly","selfless","homemade","selfless-homemade","SocialMismatch","PositiveMatch"
"1684","6562177a48308eebbb6359ea","control_MaxMatch_Positive_Social","43","MaxMatch","easygoing","selfless","easygoing-selfless","SocialMatch","PositiveMatch"
"1685","6562177a48308eebbb6359ea","test_ConceptualMatch_Physical","0","ConceptualMatchingOnly","rancid","oceanic","rancid-oceanic","ConceptualMatch:physical","NegativeMismatch"
"1686","6562177a48308eebbb6359ea","test_ConceptualMatch_Social","0","ConceptualMatchingOnly","dependable","hateful","dependable-hateful","ConceptualMatch:social","PositiveMismatch"
"1687","6562177a48308eebbb6359ea","control_Dissimilar","34","DissimilarControl","rise","fall","rise-fall","",""
"1688","6562177a48308eebbb6359ea","test_ValenceMatch_Negative","8","ValenceMatchingOnly","moldy","heartbroken","moldy-heartbroken","PhysicalMismatch","NegativeMatch"
"1689","6562177a48308eebbb6359ea","control_MaxMatch_Negative_Social","80","MaxMatch","greedy","stingy","greedy-stingy","SocialMatch","NegativeMatch"
"1690","6562177a48308eebbb6359ea","control_MaxMatch_Negative_Physical","3","MaxMatch","comatose","seasick","comatose-seasick","PhysicalMatch","NegativeMatch"
"1691","632beb3e071d0d5eec133b60","control_Dissimilar","0","DissimilarControl","add","remove","add-remove","",""
"1692","632beb3e071d0d5eec133b60","control_Similar","99","SimilarControl","need","require","need-require","",""
"1693","632beb3e071d0d5eec133b60","test_ValenceMatch_Negative","0","ValenceMatchingOnly","seasick","heartbroken","seasick-heartbroken","PhysicalMismatch","NegativeMatch"
"1694","632beb3e071d0d5eec133b60","control_MaxMatch_Positive_Social","0","MaxMatch","joyful","selfless","joyful-selfless","SocialMatch","PositiveMatch"
"1695","632beb3e071d0d5eec133b60","control_Dissimilar","0","DissimilarControl","increase","decrease","increase-decrease","",""
"1696","632beb3e071d0d5eec133b60","control_MaxMatch_Negative_Physical","21","MaxMatch","obese","lifeless","obese-lifeless","PhysicalMatch","NegativeMatch"
"1697","632beb3e071d0d5eec133b60","control_MaxMismatch","17","MaxMismatch","floral","infuriating","floral-infuriating","PhysicalMismatch","PositiveMismatch"
"1698","632beb3e071d0d5eec133b60","control_MaxMatch_Negative_Social","48","MaxMatch","stingy","hateful","stingy-hateful","SocialMatch","NegativeMatch"
"1699","632beb3e071d0d5eec133b60","test_ValenceMatch_Positive","9","ValenceMatchingOnly","carefree","nutritious","carefree-nutritious","SocialMismatch","PositiveMatch"
"1700","632beb3e071d0d5eec133b60","control_Similar","99","SimilarControl","begin","start","begin-start","",""
"1701","632beb3e071d0d5eec133b60","control_MaxMatch_Positive_Physical","17","MaxMatch","blooming","nutritious","blooming-nutritious","PhysicalMatch","PositiveMatch"
"1702","632beb3e071d0d5eec133b60","test_ConceptualMatch_Social","0","ConceptualMatchingOnly","cheerful","humiliating","cheerful-humiliating","ConceptualMatch:social","PositiveMismatch"
"1703","632beb3e071d0d5eec133b60","test_ConceptualMatch_Physical","0","ConceptualMatchingOnly","itchy","decorative","itchy-decorative","ConceptualMatch:physical","NegativeMismatch"
"1704","632beb3e071d0d5eec133b60","control_Dissimilar","0","DissimilarControl","enter","exit","enter-exit","",""
"1705","632beb3e071d0d5eec133b60","control_Similar","99","SimilarControl","speak","talk","speak-talk","",""
"1706","632beb3e071d0d5eec133b60","test_ValenceMatch_Negative","16","ValenceMatchingOnly","obese","hateful","obese-hateful","PhysicalMismatch","NegativeMatch"
"1707","632beb3e071d0d5eec133b60","control_MaxMatch_Positive_Social","0","MaxMatch","brotherly","joyful","brotherly-joyful","SocialMatch","PositiveMatch"
"1708","632beb3e071d0d5eec133b60","control_Dissimilar","0","DissimilarControl","give","take","give-take","",""
"1709","632beb3e071d0d5eec133b60","control_MaxMatch_Negative_Physical","20","MaxMatch","excruciating","comatose","excruciating-comatose","PhysicalMatch","NegativeMatch"
"1710","632beb3e071d0d5eec133b60","control_MaxMismatch","0","MaxMismatch","homemade","grumpy","homemade-grumpy","PhysicalMismatch","PositiveMismatch"
"1711","632beb3e071d0d5eec133b60","control_MaxMatch_Negative_Social","76","MaxMatch","infuriating","hateful","infuriating-hateful","SocialMatch","NegativeMatch"
"1712","632beb3e071d0d5eec133b60","test_ValenceMatch_Positive","18","ValenceMatchingOnly","cheerful","floral","cheerful-floral","SocialMismatch","PositiveMatch"
"1713","632beb3e071d0d5eec133b60","control_Similar","99","SimilarControl","ask","inquire","ask-inquire","",""
"1714","632beb3e071d0d5eec133b60","control_MaxMatch_Positive_Physical","2","MaxMatch","oceanic","newborn","oceanic-newborn","PhysicalMatch","PositiveMatch"
"1715","632beb3e071d0d5eec133b60","test_ConceptualMatch_Social","0","ConceptualMatchingOnly","easygoing","humiliating","easygoing-humiliating","ConceptualMatch:social","PositiveMismatch"
"1716","632beb3e071d0d5eec133b60","test_ConceptualMatch_Physical","0","ConceptualMatchingOnly","rancid","sunny","rancid-sunny","ConceptualMatch:physical","NegativeMismatch"
"1717","632beb3e071d0d5eec133b60","control_Dissimilar","0","DissimilarControl","arrive","leave","arrive-leave","",""
"1718","632beb3e071d0d5eec133b60","control_Similar","99","SimilarControl","get","obtain","get-obtain","",""
"1719","632beb3e071d0d5eec133b60","test_ValenceMatch_Negative","0","ValenceMatchingOnly","smelly","stingy","smelly-stingy","PhysicalMismatch","NegativeMatch"
"1720","632beb3e071d0d5eec133b60","control_MaxMatch_Positive_Social","99","MaxMatch","joyful","cheerful","joyful-cheerful","SocialMatch","PositiveMatch"
"1721","632beb3e071d0d5eec133b60","control_Dissimilar","0","DissimilarControl","push","pull","push-pull","",""
"1722","632beb3e071d0d5eec133b60","control_MaxMatch_Negative_Physical","11","MaxMatch","seasick","smelly","seasick-smelly","PhysicalMatch","NegativeMatch"
"1723","632beb3e071d0d5eec133b60","control_MaxMismatch","10","MaxMismatch","blooming","dreaded","blooming-dreaded","PhysicalMismatch","PositiveMismatch"
"1724","632beb3e071d0d5eec133b60","control_MaxMatch_Negative_Social","66","MaxMatch","humiliating","infuriating","humiliating-infuriating","SocialMatch","NegativeMatch"
"1725","632beb3e071d0d5eec133b60","test_ValenceMatch_Positive","67","ValenceMatchingOnly","carefree","radiant","carefree-radiant","SocialMismatch","PositiveMatch"
"1726","632beb3e071d0d5eec133b60","control_Similar","99","SimilarControl","use","employ","use-employ","",""
"1727","632beb3e071d0d5eec133b60","control_MaxMatch_Positive_Physical","0","MaxMatch","fluffy","oceanic","fluffy-oceanic","PhysicalMatch","PositiveMatch"
"1728","632beb3e071d0d5eec133b60","test_ConceptualMatch_Social","0","ConceptualMatchingOnly","courageous","stingy","courageous-stingy","ConceptualMatch:social","PositiveMismatch"
"1729","632beb3e071d0d5eec133b60","test_ConceptualMatch_Physical","0","ConceptualMatchingOnly","smelly","blooming","smelly-blooming","ConceptualMatch:physical","NegativeMismatch"
"1730","632beb3e071d0d5eec133b60","control_Dissimilar","0","DissimilarControl","open","close","open-close","",""
"1731","632beb3e071d0d5eec133b60","control_Similar","99","SimilarControl","show","display","show-display","",""
"1732","632beb3e071d0d5eec133b60","test_ValenceMatch_Negative","0","ValenceMatchingOnly","lifeless","dreaded","lifeless-dreaded","PhysicalMismatch","NegativeMatch"
"1733","632beb3e071d0d5eec133b60","control_MaxMatch_Positive_Social","17","MaxMatch","hilarious","dependable","hilarious-dependable","SocialMatch","PositiveMatch"
"1734","632beb3e071d0d5eec133b60","control_Dissimilar","0","DissimilarControl","rise","fall","rise-fall","",""
"1735","632beb3e071d0d5eec133b60","control_MaxMatch_Negative_Physical","10","MaxMatch","moldy","obese","moldy-obese","PhysicalMatch","NegativeMatch"
"1736","632beb3e071d0d5eec133b60","control_MaxMismatch","8","MaxMismatch","nutritious","heartbroken","nutritious-heartbroken","PhysicalMismatch","PositiveMismatch"
"1737","632beb3e071d0d5eec133b60","control_MaxMatch_Negative_Social","71","MaxMatch","grumpy","hateful","grumpy-hateful","SocialMatch","NegativeMatch"
"1738","632beb3e071d0d5eec133b60","test_ValenceMatch_Positive","32","ValenceMatchingOnly","brotherly","blooming","brotherly-blooming","SocialMismatch","PositiveMatch"
"1739","632beb3e071d0d5eec133b60","control_Similar","99","SimilarControl","buy","purchase","buy-purchase","",""
"1740","632beb3e071d0d5eec133b60","control_MaxMatch_Positive_Physical","99","MaxMatch","sunny","radiant","sunny-radiant","PhysicalMatch","PositiveMatch"
"1741","632beb3e071d0d5eec133b60","test_ConceptualMatch_Social","13","ConceptualMatchingOnly","dependable","infuriating","dependable-infuriating","ConceptualMatch:social","PositiveMismatch"
"1742","632beb3e071d0d5eec133b60","test_ConceptualMatch_Physical","0","ConceptualMatchingOnly","obese","floral","obese-floral","ConceptualMatch:physical","NegativeMismatch"
"1743","632beb3e071d0d5eec133b60","control_Dissimilar","85","DissimilarControl","come","go","come-go","",""
"1744","632beb3e071d0d5eec133b60","control_Similar","99","SimilarControl","help","assist","help-assist","",""
"1745","632beb3e071d0d5eec133b60","test_ValenceMatch_Negative","99","ValenceMatchingOnly","obese","greedy","obese-greedy","PhysicalMismatch","NegativeMatch"
"1746","632beb3e071d0d5eec133b60","control_MaxMatch_Positive_Social","87","MaxMatch","cheerful","carefree","cheerful-carefree","SocialMatch","PositiveMatch"
"1747","632beb3e071d0d5eec133b60","control_Dissimilar","5","DissimilarControl","begin","end","begin-end","",""
"1748","632beb3e071d0d5eec133b60","control_MaxMatch_Negative_Physical","61","MaxMatch","moldy","lifeless","moldy-lifeless","PhysicalMatch","NegativeMatch"
"1749","632beb3e071d0d5eec133b60","control_MaxMismatch","7","MaxMismatch","oceanic","stingy","oceanic-stingy","PhysicalMismatch","PositiveMismatch"
"1750","632beb3e071d0d5eec133b60","control_MaxMatch_Negative_Social","67","MaxMatch","insulting","humiliating","insulting-humiliating","SocialMatch","NegativeMatch"
"1751","632beb3e071d0d5eec133b60","test_ValenceMatch_Positive","9","ValenceMatchingOnly","easygoing","newborn","easygoing-newborn","SocialMismatch","PositiveMatch"
"1752","632beb3e071d0d5eec133b60","control_Similar","99","SimilarControl","end","finish","end-finish","",""
"1753","632beb3e071d0d5eec133b60","control_MaxMatch_Positive_Physical","21","MaxMatch","homemade","newborn","homemade-newborn","PhysicalMatch","PositiveMatch"
"1754","632beb3e071d0d5eec133b60","test_ConceptualMatch_Social","0","ConceptualMatchingOnly","selfless","heartbroken","selfless-heartbroken","ConceptualMatch:social","PositiveMismatch"
"1755","632beb3e071d0d5eec133b60","test_ConceptualMatch_Physical","50","ConceptualMatchingOnly","itchy","homemade","itchy-homemade","ConceptualMatch:physical","NegativeMismatch"
"1756","5de7b588ff15c2a06658dd1d","control_Similar","99","SimilarControl","ask","inquire","ask-inquire","",""
"1757","5de7b588ff15c2a06658dd1d","control_Dissimilar","7","DissimilarControl","begin","end","begin-end","",""
"1758","5de7b588ff15c2a06658dd1d","control_MaxMismatch","21","MaxMismatch","radiant","stingy","radiant-stingy","PhysicalMismatch","PositiveMismatch"
"1759","5de7b588ff15c2a06658dd1d","control_MaxMatch_Negative_Social","85","MaxMatch","greedy","racist","greedy-racist","SocialMatch","NegativeMatch"
"1760","5de7b588ff15c2a06658dd1d","control_MaxMatch_Negative_Physical","74","MaxMatch","lifeless","smelly","lifeless-smelly","PhysicalMatch","NegativeMatch"
"1761","5de7b588ff15c2a06658dd1d","test_ValenceMatch_Positive","39","ValenceMatchingOnly","dependable","decorative","dependable-decorative","SocialMismatch","PositiveMatch"
"1762","5de7b588ff15c2a06658dd1d","test_ConceptualMatch_Physical","37","ConceptualMatchingOnly","seasick","fluffy","seasick-fluffy","ConceptualMatch:physical","NegativeMismatch"
"1763","5de7b588ff15c2a06658dd1d","control_MaxMatch_Positive_Social","59","MaxMatch","dependable","witty","dependable-witty","SocialMatch","PositiveMatch"
"1764","5de7b588ff15c2a06658dd1d","test_ValenceMatch_Negative","57","ValenceMatchingOnly","smelly","heartbroken","smelly-heartbroken","PhysicalMismatch","NegativeMatch"
"1765","5de7b588ff15c2a06658dd1d","control_Similar","93","SimilarControl","end","finish","end-finish","",""
"1766","5de7b588ff15c2a06658dd1d","control_Dissimilar","13","DissimilarControl","come","go","come-go","",""
"1767","5de7b588ff15c2a06658dd1d","test_ConceptualMatch_Social","1","ConceptualMatchingOnly","joyful","dreaded","joyful-dreaded","ConceptualMatch:social","PositiveMismatch"
"1768","5de7b588ff15c2a06658dd1d","control_MaxMatch_Positive_Physical","12","MaxMatch","fluffy","oceanic","fluffy-oceanic","PhysicalMatch","PositiveMatch"
"1769","5de7b588ff15c2a06658dd1d","control_Similar","99","SimilarControl","buy","purchase","buy-purchase","",""
"1770","5de7b588ff15c2a06658dd1d","control_Dissimilar","16","DissimilarControl","add","remove","add-remove","",""
"1771","5de7b588ff15c2a06658dd1d","control_MaxMismatch","25","MaxMismatch","blooming","greedy","blooming-greedy","PhysicalMismatch","PositiveMismatch"
"1772","5de7b588ff15c2a06658dd1d","control_MaxMatch_Negative_Social","65","MaxMatch","grumpy","heartbroken","grumpy-heartbroken","SocialMatch","NegativeMatch"
"1773","5de7b588ff15c2a06658dd1d","control_MaxMatch_Negative_Physical","54","MaxMatch","lifeless","rancid","lifeless-rancid","PhysicalMatch","NegativeMatch"
"1774","5de7b588ff15c2a06658dd1d","test_ValenceMatch_Positive","36","ValenceMatchingOnly","courageous","decorative","courageous-decorative","SocialMismatch","PositiveMatch"
"1775","5de7b588ff15c2a06658dd1d","test_ConceptualMatch_Physical","32","ConceptualMatchingOnly","itchy","blooming","itchy-blooming","ConceptualMatch:physical","NegativeMismatch"
"1776","5de7b588ff15c2a06658dd1d","control_MaxMatch_Positive_Social","78","MaxMatch","cheerful","hilarious","cheerful-hilarious","SocialMatch","PositiveMatch"
"1777","5de7b588ff15c2a06658dd1d","test_ValenceMatch_Negative","40","ValenceMatchingOnly","nauseous","insulting","nauseous-insulting","PhysicalMismatch","NegativeMatch"
"1778","5de7b588ff15c2a06658dd1d","control_Similar","99","SimilarControl","help","assist","help-assist","",""
"1779","5de7b588ff15c2a06658dd1d","control_Dissimilar","5","DissimilarControl","arrive","leave","arrive-leave","",""
"1780","5de7b588ff15c2a06658dd1d","test_ConceptualMatch_Social","37","ConceptualMatchingOnly","brotherly","grumpy","brotherly-grumpy","ConceptualMatch:social","PositiveMismatch"
"1781","5de7b588ff15c2a06658dd1d","control_MaxMatch_Positive_Physical","0","MaxMatch","nutritious","newborn","nutritious-newborn","PhysicalMatch","PositiveMatch"
"1782","5de7b588ff15c2a06658dd1d","control_Similar","91","SimilarControl","show","display","show-display","",""
"1783","5de7b588ff15c2a06658dd1d","control_Dissimilar","12","DissimilarControl","enter","exit","enter-exit","",""
"1784","5de7b588ff15c2a06658dd1d","control_MaxMismatch","28","MaxMismatch","floral","hateful","floral-hateful","PhysicalMismatch","PositiveMismatch"
"1785","5de7b588ff15c2a06658dd1d","control_MaxMatch_Negative_Social","78","MaxMatch","dreaded","infuriating","dreaded-infuriating","SocialMatch","NegativeMatch"
"1786","5de7b588ff15c2a06658dd1d","control_MaxMatch_Negative_Physical","95","MaxMatch","nauseous","seasick","nauseous-seasick","PhysicalMatch","NegativeMatch"
"1787","5de7b588ff15c2a06658dd1d","test_ValenceMatch_Positive","31","ValenceMatchingOnly","easygoing","decorative","easygoing-decorative","SocialMismatch","PositiveMatch"
"1788","5de7b588ff15c2a06658dd1d","test_ConceptualMatch_Physical","30","ConceptualMatchingOnly","seasick","blooming","seasick-blooming","ConceptualMatch:physical","NegativeMismatch"
"1789","5de7b588ff15c2a06658dd1d","control_MaxMatch_Positive_Social","62","MaxMatch","brotherly","courageous","brotherly-courageous","SocialMatch","PositiveMatch"
"1790","5de7b588ff15c2a06658dd1d","test_ValenceMatch_Negative","60","ValenceMatchingOnly","itchy","humiliating","itchy-humiliating","PhysicalMismatch","NegativeMatch"
"1791","5de7b588ff15c2a06658dd1d","control_Similar","97","SimilarControl","get","obtain","get-obtain","",""
"1792","5de7b588ff15c2a06658dd1d","control_Dissimilar","0","DissimilarControl","increase","decrease","increase-decrease","",""
"1793","5de7b588ff15c2a06658dd1d","test_ConceptualMatch_Social","15","ConceptualMatchingOnly","dependable","stingy","dependable-stingy","ConceptualMatch:social","PositiveMismatch"
"1794","5de7b588ff15c2a06658dd1d","control_MaxMatch_Positive_Physical","63","MaxMatch","radiant","newborn","radiant-newborn","PhysicalMatch","PositiveMatch"
"1795","5de7b588ff15c2a06658dd1d","control_Similar","92","SimilarControl","begin","start","begin-start","",""
"1796","5de7b588ff15c2a06658dd1d","control_Dissimilar","9","DissimilarControl","push","pull","push-pull","",""
"1797","5de7b588ff15c2a06658dd1d","control_MaxMismatch","38","MaxMismatch","oceanic","grumpy","oceanic-grumpy","PhysicalMismatch","PositiveMismatch"
"1798","5de7b588ff15c2a06658dd1d","control_MaxMatch_Negative_Social","61","MaxMatch","dreaded","humiliating","dreaded-humiliating","SocialMatch","NegativeMatch"
"1799","5de7b588ff15c2a06658dd1d","control_MaxMatch_Negative_Physical","36","MaxMatch","comatose","obese","comatose-obese","PhysicalMatch","NegativeMatch"
"1800","5de7b588ff15c2a06658dd1d","test_ValenceMatch_Positive","60","ValenceMatchingOnly","cheerful","oceanic","cheerful-oceanic","SocialMismatch","PositiveMatch"
"1801","5de7b588ff15c2a06658dd1d","test_ConceptualMatch_Physical","29","ConceptualMatchingOnly","nauseous","blooming","nauseous-blooming","ConceptualMatch:physical","NegativeMismatch"
"1802","5de7b588ff15c2a06658dd1d","control_MaxMatch_Positive_Social","58","MaxMatch","cheerful","witty","cheerful-witty","SocialMatch","PositiveMatch"
"1803","5de7b588ff15c2a06658dd1d","test_ValenceMatch_Negative","60","ValenceMatchingOnly","nauseous","infuriating","nauseous-infuriating","PhysicalMismatch","NegativeMatch"
"1804","5de7b588ff15c2a06658dd1d","control_Similar","99","SimilarControl","speak","talk","speak-talk","",""
"1805","5de7b588ff15c2a06658dd1d","control_Dissimilar","5","DissimilarControl","open","close","open-close","",""
"1806","5de7b588ff15c2a06658dd1d","test_ConceptualMatch_Social","42","ConceptualMatchingOnly","courageous","heartbroken","courageous-heartbroken","ConceptualMatch:social","PositiveMismatch"
"1807","5de7b588ff15c2a06658dd1d","control_MaxMatch_Positive_Physical","39","MaxMatch","fluffy","sunny","fluffy-sunny","PhysicalMatch","PositiveMatch"
"1808","5de7b588ff15c2a06658dd1d","control_Similar","97","SimilarControl","need","require","need-require","",""
"1809","5de7b588ff15c2a06658dd1d","control_Dissimilar","0","DissimilarControl","give","take","give-take","",""
"1810","5de7b588ff15c2a06658dd1d","control_MaxMismatch","38","MaxMismatch","newborn","grumpy","newborn-grumpy","PhysicalMismatch","PositiveMismatch"
"1811","5de7b588ff15c2a06658dd1d","control_MaxMatch_Negative_Social","92","MaxMatch","racist","hateful","racist-hateful","SocialMatch","NegativeMatch"
"1812","5de7b588ff15c2a06658dd1d","control_MaxMatch_Negative_Physical","47","MaxMatch","comatose","rancid","comatose-rancid","PhysicalMatch","NegativeMatch"
"1813","5de7b588ff15c2a06658dd1d","test_ValenceMatch_Positive","55","ValenceMatchingOnly","cheerful","fluffy","cheerful-fluffy","SocialMismatch","PositiveMatch"
"1814","5de7b588ff15c2a06658dd1d","test_ConceptualMatch_Physical","13","ConceptualMatchingOnly","moldy","nutritious","moldy-nutritious","ConceptualMatch:physical","NegativeMismatch"
"1815","5de7b588ff15c2a06658dd1d","control_MaxMatch_Positive_Social","76","MaxMatch","joyful","hilarious","joyful-hilarious","SocialMatch","PositiveMatch"
"1816","5de7b588ff15c2a06658dd1d","test_ValenceMatch_Negative","42","ValenceMatchingOnly","rancid","infuriating","rancid-infuriating","PhysicalMismatch","NegativeMatch"
"1817","5de7b588ff15c2a06658dd1d","control_Similar","96","SimilarControl","use","employ","use-employ","",""
"1818","5de7b588ff15c2a06658dd1d","control_Dissimilar","4","DissimilarControl","rise","fall","rise-fall","",""
"1819","5de7b588ff15c2a06658dd1d","test_ConceptualMatch_Social","24","ConceptualMatchingOnly","joyful","humiliating","joyful-humiliating","ConceptualMatch:social","PositiveMismatch"
"1820","5de7b588ff15c2a06658dd1d","control_MaxMatch_Positive_Physical","38","MaxMatch","fluffy","newborn","fluffy-newborn","PhysicalMatch","PositiveMatch"
"1821","6699b795790fb2553fff6218","control_Dissimilar","23","DissimilarControl","arrive","leave","arrive-leave","",""
"1822","6699b795790fb2553fff6218","control_Similar","99","SimilarControl","buy","purchase","buy-purchase","",""
"1823","6699b795790fb2553fff6218","control_MaxMatch_Negative_Social","83","MaxMatch","greedy","hateful","greedy-hateful","SocialMatch","NegativeMatch"
"1824","6699b795790fb2553fff6218","test_ValenceMatch_Positive","33","ValenceMatchingOnly","cheerful","homemade","cheerful-homemade","SocialMismatch","PositiveMatch"
"1825","6699b795790fb2553fff6218","control_Dissimilar","23","DissimilarControl","increase","decrease","increase-decrease","",""
"1826","6699b795790fb2553fff6218","control_MaxMatch_Positive_Physical","6","MaxMatch","decorative","newborn","decorative-newborn","PhysicalMatch","PositiveMatch"
"1827","6699b795790fb2553fff6218","control_Similar","99","SimilarControl","begin","start","begin-start","",""
"1828","6699b795790fb2553fff6218","control_MaxMatch_Negative_Physical","16","MaxMatch","moldy","lifeless","moldy-lifeless","PhysicalMatch","NegativeMatch"
"1829","6699b795790fb2553fff6218","test_ConceptualMatch_Social","16","ConceptualMatchingOnly","hilarious","racist","hilarious-racist","ConceptualMatch:social","PositiveMismatch"
"1830","6699b795790fb2553fff6218","test_ConceptualMatch_Physical","11","ConceptualMatchingOnly","seasick","sunny","seasick-sunny","ConceptualMatch:physical","NegativeMismatch"
"1831","6699b795790fb2553fff6218","test_ValenceMatch_Negative","11","ValenceMatchingOnly","itchy","racist","itchy-racist","PhysicalMismatch","NegativeMatch"
"1832","6699b795790fb2553fff6218","control_MaxMismatch","37","MaxMismatch","fluffy","infuriating","fluffy-infuriating","PhysicalMismatch","PositiveMismatch"
"1833","6699b795790fb2553fff6218","control_MaxMatch_Positive_Social","25","MaxMatch","brotherly","joyful","brotherly-joyful","SocialMatch","PositiveMatch"
"1834","6699b795790fb2553fff6218","control_Dissimilar","37","DissimilarControl","add","remove","add-remove","",""
"1835","6699b795790fb2553fff6218","control_Similar","99","SimilarControl","ask","inquire","ask-inquire","",""
"1836","6699b795790fb2553fff6218","control_MaxMatch_Negative_Social","22","MaxMatch","heartbroken","stingy","heartbroken-stingy","SocialMatch","NegativeMatch"
"1837","6699b795790fb2553fff6218","test_ValenceMatch_Positive","76","ValenceMatchingOnly","dependable","radiant","dependable-radiant","SocialMismatch","PositiveMatch"
"1838","6699b795790fb2553fff6218","control_Dissimilar","31","DissimilarControl","begin","end","begin-end","",""
"1839","6699b795790fb2553fff6218","control_MaxMatch_Positive_Physical","83","MaxMatch","floral","decorative","floral-decorative","PhysicalMatch","PositiveMatch"
"1840","6699b795790fb2553fff6218","control_Similar","81","SimilarControl","show","display","show-display","",""
"1841","6699b795790fb2553fff6218","control_MaxMatch_Negative_Physical","28","MaxMatch","itchy","smelly","itchy-smelly","PhysicalMatch","NegativeMatch"
"1842","6699b795790fb2553fff6218","test_ConceptualMatch_Social","22","ConceptualMatchingOnly","easygoing","infuriating","easygoing-infuriating","ConceptualMatch:social","PositiveMismatch"
"1843","6699b795790fb2553fff6218","test_ConceptualMatch_Physical","22","ConceptualMatchingOnly","excruciating","radiant","excruciating-radiant","ConceptualMatch:physical","NegativeMismatch"
"1844","6699b795790fb2553fff6218","test_ValenceMatch_Negative","22","ValenceMatchingOnly","itchy","hateful","itchy-hateful","PhysicalMismatch","NegativeMatch"
"1845","6699b795790fb2553fff6218","control_MaxMismatch","19","MaxMismatch","sunny","grumpy","sunny-grumpy","PhysicalMismatch","PositiveMismatch"
"1846","6699b795790fb2553fff6218","control_MaxMatch_Positive_Social","22","MaxMatch","cheerful","carefree","cheerful-carefree","SocialMatch","PositiveMatch"
"1847","6699b795790fb2553fff6218","control_Dissimilar","60","DissimilarControl","give","take","give-take","",""
"1848","6699b795790fb2553fff6218","control_Similar","99","SimilarControl","speak","talk","speak-talk","",""
"1849","6699b795790fb2553fff6218","control_MaxMatch_Negative_Social","99","MaxMatch","greedy","grumpy","greedy-grumpy","SocialMatch","NegativeMatch"
"1850","6699b795790fb2553fff6218","test_ValenceMatch_Positive","99","ValenceMatchingOnly","joyful","radiant","joyful-radiant","SocialMismatch","PositiveMatch"
"1851","6699b795790fb2553fff6218","control_Dissimilar","99","DissimilarControl","come","go","come-go","",""
"1852","6699b795790fb2553fff6218","control_MaxMatch_Positive_Physical","26","MaxMatch","floral","oceanic","floral-oceanic","PhysicalMatch","PositiveMatch"
"1853","6699b795790fb2553fff6218","control_Similar","13","SimilarControl","use","employ","use-employ","",""
"1854","6699b795790fb2553fff6218","control_MaxMatch_Negative_Physical","26","MaxMatch","nauseous","comatose","nauseous-comatose","PhysicalMatch","NegativeMatch"
"1855","6699b795790fb2553fff6218","test_ConceptualMatch_Social","18","ConceptualMatchingOnly","selfless","heartbroken","selfless-heartbroken","ConceptualMatch:social","PositiveMismatch"
"1856","6699b795790fb2553fff6218","test_ConceptualMatch_Physical","20","ConceptualMatchingOnly","smelly","fluffy","smelly-fluffy","ConceptualMatch:physical","NegativeMismatch"
"1857","6699b795790fb2553fff6218","test_ValenceMatch_Negative","16","ValenceMatchingOnly","excruciating","greedy","excruciating-greedy","PhysicalMismatch","NegativeMatch"
"1858","6699b795790fb2553fff6218","control_MaxMismatch","23","MaxMismatch","fluffy","heartbroken","fluffy-heartbroken","PhysicalMismatch","PositiveMismatch"
"1859","6699b795790fb2553fff6218","control_MaxMatch_Positive_Social","53","MaxMatch","dependable","courageous","dependable-courageous","SocialMatch","PositiveMatch"
"1860","6699b795790fb2553fff6218","control_Dissimilar","47","DissimilarControl","rise","fall","rise-fall","",""
"1861","6699b795790fb2553fff6218","control_Similar","88","SimilarControl","help","assist","help-assist","",""
"1862","6699b795790fb2553fff6218","control_MaxMatch_Negative_Social","26","MaxMatch","dreaded","humiliating","dreaded-humiliating","SocialMatch","NegativeMatch"
"1863","6699b795790fb2553fff6218","test_ValenceMatch_Positive","22","ValenceMatchingOnly","dependable","fluffy","dependable-fluffy","SocialMismatch","PositiveMatch"
"1864","6699b795790fb2553fff6218","control_Dissimilar","33","DissimilarControl","enter","exit","enter-exit","",""
"1865","6699b795790fb2553fff6218","control_MaxMatch_Positive_Physical","47","MaxMatch","decorative","homemade","decorative-homemade","PhysicalMatch","PositiveMatch"
"1866","6699b795790fb2553fff6218","control_Similar","25","SimilarControl","need","require","need-require","",""
"1867","6699b795790fb2553fff6218","control_MaxMatch_Negative_Physical","67","MaxMatch","moldy","rancid","moldy-rancid","PhysicalMatch","NegativeMatch"
"1868","6699b795790fb2553fff6218","test_ConceptualMatch_Social","22","ConceptualMatchingOnly","cheerful","insulting","cheerful-insulting","ConceptualMatch:social","PositiveMismatch"
"1869","6699b795790fb2553fff6218","test_ConceptualMatch_Physical","30","ConceptualMatchingOnly","seasick","nutritious","seasick-nutritious","ConceptualMatch:physical","NegativeMismatch"
"1870","6699b795790fb2553fff6218","test_ValenceMatch_Negative","40","ValenceMatchingOnly","obese","dreaded","obese-dreaded","PhysicalMismatch","NegativeMatch"
"1871","6699b795790fb2553fff6218","control_MaxMismatch","22","MaxMismatch","blooming","hateful","blooming-hateful","PhysicalMismatch","PositiveMismatch"
"1872","6699b795790fb2553fff6218","control_MaxMatch_Positive_Social","25","MaxMatch","hilarious","selfless","hilarious-selfless","SocialMatch","PositiveMatch"
"1873","6699b795790fb2553fff6218","control_Dissimilar","25","DissimilarControl","push","pull","push-pull","",""
"1874","6699b795790fb2553fff6218","control_Similar","69","SimilarControl","end","finish","end-finish","",""
"1875","6699b795790fb2553fff6218","control_MaxMatch_Negative_Social","66","MaxMatch","greedy","dreaded","greedy-dreaded","SocialMatch","NegativeMatch"
"1876","6699b795790fb2553fff6218","test_ValenceMatch_Positive","66","ValenceMatchingOnly","cheerful","decorative","cheerful-decorative","SocialMismatch","PositiveMatch"
"1877","6699b795790fb2553fff6218","control_Dissimilar","23","DissimilarControl","open","close","open-close","",""
"1878","6699b795790fb2553fff6218","control_MaxMatch_Positive_Physical","34","MaxMatch","oceanic","homemade","oceanic-homemade","PhysicalMatch","PositiveMatch"
"1879","6699b795790fb2553fff6218","control_Similar","70","SimilarControl","get","obtain","get-obtain","",""
"1880","6699b795790fb2553fff6218","control_MaxMatch_Negative_Physical","15","MaxMatch","nauseous","obese","nauseous-obese","PhysicalMatch","NegativeMatch"
"1881","6699b795790fb2553fff6218","test_ConceptualMatch_Social","39","ConceptualMatchingOnly","carefree","insulting","carefree-insulting","ConceptualMatch:social","PositiveMismatch"
"1882","6699b795790fb2553fff6218","test_ConceptualMatch_Physical","38","ConceptualMatchingOnly","comatose","radiant","comatose-radiant","ConceptualMatch:physical","NegativeMismatch"
"1883","6699b795790fb2553fff6218","test_ValenceMatch_Negative","22","ValenceMatchingOnly","seasick","dreaded","seasick-dreaded","PhysicalMismatch","NegativeMatch"
"1884","6699b795790fb2553fff6218","control_MaxMismatch","18","MaxMismatch","fluffy","dreaded","fluffy-dreaded","PhysicalMismatch","PositiveMismatch"
"1885","6699b795790fb2553fff6218","control_MaxMatch_Positive_Social","17","MaxMatch","hilarious","courageous","hilarious-courageous","SocialMatch","PositiveMatch"
"1886","6660993c21d954cc7c6dfa3a","control_Similar","99","SimilarControl","ask","inquire","ask-inquire","",""
"1887","6660993c21d954cc7c6dfa3a","control_Dissimilar","11","DissimilarControl","open","close","open-close","",""
"1888","6660993c21d954cc7c6dfa3a","control_Similar","99","SimilarControl","need","require","need-require","",""
"1889","6660993c21d954cc7c6dfa3a","control_Dissimilar","8","DissimilarControl","enter","exit","enter-exit","",""
"1890","6660993c21d954cc7c6dfa3a","control_MaxMatch_Negative_Social","0","MaxMatch","racist","infuriating","racist-infuriating","SocialMatch","NegativeMatch"
"1891","6660993c21d954cc7c6dfa3a","test_ConceptualMatch_Physical","0","ConceptualMatchingOnly","moldy","radiant","moldy-radiant","ConceptualMatch:physical","NegativeMismatch"
"1892","6660993c21d954cc7c6dfa3a","control_MaxMatch_Positive_Social","8","MaxMatch","brotherly","witty","brotherly-witty","SocialMatch","PositiveMatch"
"1893","6660993c21d954cc7c6dfa3a","control_MaxMatch_Negative_Physical","71","MaxMatch","seasick","smelly","seasick-smelly","PhysicalMatch","NegativeMatch"
"1894","6660993c21d954cc7c6dfa3a","test_ValenceMatch_Positive","12","ValenceMatchingOnly","brotherly","radiant","brotherly-radiant","SocialMismatch","PositiveMatch"
"1895","6660993c21d954cc7c6dfa3a","control_MaxMismatch","0","MaxMismatch","oceanic","heartbroken","oceanic-heartbroken","PhysicalMismatch","PositiveMismatch"
"1896","6660993c21d954cc7c6dfa3a","test_ConceptualMatch_Social","0","ConceptualMatchingOnly","easygoing","greedy","easygoing-greedy","ConceptualMatch:social","PositiveMismatch"
"1897","6660993c21d954cc7c6dfa3a","control_MaxMatch_Positive_Physical","72","MaxMatch","blooming","newborn","blooming-newborn","PhysicalMatch","PositiveMatch"
"1898","6660993c21d954cc7c6dfa3a","test_ValenceMatch_Negative","83","ValenceMatchingOnly","nauseous","dreaded","nauseous-dreaded","PhysicalMismatch","NegativeMatch"
"1899","6660993c21d954cc7c6dfa3a","control_Similar","99","SimilarControl","begin","start","begin-start","",""
"1900","6660993c21d954cc7c6dfa3a","control_Dissimilar","15","DissimilarControl","begin","end","begin-end","",""
"1901","6660993c21d954cc7c6dfa3a","control_Similar","99","SimilarControl","get","obtain","get-obtain","",""
"1902","6660993c21d954cc7c6dfa3a","control_Dissimilar","8","DissimilarControl","arrive","leave","arrive-leave","",""
"1903","6660993c21d954cc7c6dfa3a","control_MaxMatch_Negative_Social","0","MaxMatch","dreaded","infuriating","dreaded-infuriating","SocialMatch","NegativeMatch"
"1904","6660993c21d954cc7c6dfa3a","test_ConceptualMatch_Physical","0","ConceptualMatchingOnly","moldy","decorative","moldy-decorative","ConceptualMatch:physical","NegativeMismatch"
"1905","6660993c21d954cc7c6dfa3a","control_MaxMatch_Positive_Social","71","MaxMatch","carefree","hilarious","carefree-hilarious","SocialMatch","PositiveMatch"
"1906","6660993c21d954cc7c6dfa3a","control_MaxMatch_Negative_Physical","0","MaxMatch","lifeless","itchy","lifeless-itchy","PhysicalMatch","NegativeMatch"
"1907","6660993c21d954cc7c6dfa3a","test_ValenceMatch_Positive","0","ValenceMatchingOnly","easygoing","nutritious","easygoing-nutritious","SocialMismatch","PositiveMatch"
"1908","6660993c21d954cc7c6dfa3a","control_MaxMismatch","0","MaxMismatch","nutritious","humiliating","nutritious-humiliating","PhysicalMismatch","PositiveMismatch"
"1909","6660993c21d954cc7c6dfa3a","test_ConceptualMatch_Social","0","ConceptualMatchingOnly","carefree","insulting","carefree-insulting","ConceptualMatch:social","PositiveMismatch"
"1910","6660993c21d954cc7c6dfa3a","control_MaxMatch_Positive_Physical","0","MaxMatch","oceanic","newborn","oceanic-newborn","PhysicalMatch","PositiveMatch"
"1911","6660993c21d954cc7c6dfa3a","test_ValenceMatch_Negative","0","ValenceMatchingOnly","moldy","racist","moldy-racist","PhysicalMismatch","NegativeMatch"
"1912","6660993c21d954cc7c6dfa3a","control_Similar","99","SimilarControl","help","assist","help-assist","",""
"1913","6660993c21d954cc7c6dfa3a","control_Dissimilar","25","DissimilarControl","come","go","come-go","",""
"1914","6660993c21d954cc7c6dfa3a","control_Similar","99","SimilarControl","speak","talk","speak-talk","",""
"1915","6660993c21d954cc7c6dfa3a","control_Dissimilar","22","DissimilarControl","give","take","give-take","",""
"1916","6660993c21d954cc7c6dfa3a","control_MaxMatch_Negative_Social","45","MaxMatch","grumpy","heartbroken","grumpy-heartbroken","SocialMatch","NegativeMatch"
"1917","6660993c21d954cc7c6dfa3a","test_ConceptualMatch_Physical","0","ConceptualMatchingOnly","comatose","homemade","comatose-homemade","ConceptualMatch:physical","NegativeMismatch"
"1918","6660993c21d954cc7c6dfa3a","control_MaxMatch_Positive_Social","0","MaxMatch","easygoing","dependable","easygoing-dependable","SocialMatch","PositiveMatch"
"1919","6660993c21d954cc7c6dfa3a","control_MaxMatch_Negative_Physical","0","MaxMatch","excruciating","seasick","excruciating-seasick","PhysicalMatch","NegativeMatch"
"1920","6660993c21d954cc7c6dfa3a","test_ValenceMatch_Positive","0","ValenceMatchingOnly","dependable","fluffy","dependable-fluffy","SocialMismatch","PositiveMatch"
"1921","6660993c21d954cc7c6dfa3a","control_MaxMismatch","0","MaxMismatch","radiant","hateful","radiant-hateful","PhysicalMismatch","PositiveMismatch"
"1922","6660993c21d954cc7c6dfa3a","test_ConceptualMatch_Social","0","ConceptualMatchingOnly","brotherly","racist","brotherly-racist","ConceptualMatch:social","PositiveMismatch"
"1923","6660993c21d954cc7c6dfa3a","control_MaxMatch_Positive_Physical","0","MaxMatch","fluffy","homemade","fluffy-homemade","PhysicalMatch","PositiveMatch"
"1924","6660993c21d954cc7c6dfa3a","test_ValenceMatch_Negative","72","ValenceMatchingOnly","nauseous","grumpy","nauseous-grumpy","PhysicalMismatch","NegativeMatch"
"1925","6660993c21d954cc7c6dfa3a","control_Similar","85","SimilarControl","use","employ","use-employ","",""
"1926","6660993c21d954cc7c6dfa3a","control_Dissimilar","11","DissimilarControl","add","remove","add-remove","",""
"1927","6660993c21d954cc7c6dfa3a","control_Similar","99","SimilarControl","end","finish","end-finish","",""
"1928","6660993c21d954cc7c6dfa3a","control_Dissimilar","19","DissimilarControl","rise","fall","rise-fall","",""
"1929","6660993c21d954cc7c6dfa3a","control_MaxMatch_Negative_Social","58","MaxMatch","humiliating","hateful","humiliating-hateful","SocialMatch","NegativeMatch"
"1930","6660993c21d954cc7c6dfa3a","test_ConceptualMatch_Physical","0","ConceptualMatchingOnly","moldy","oceanic","moldy-oceanic","ConceptualMatch:physical","NegativeMismatch"
"1931","6660993c21d954cc7c6dfa3a","control_MaxMatch_Positive_Social","60","MaxMatch","carefree","selfless","carefree-selfless","SocialMatch","PositiveMatch"
"1932","6660993c21d954cc7c6dfa3a","control_MaxMatch_Negative_Physical","0","MaxMatch","moldy","lifeless","moldy-lifeless","PhysicalMatch","NegativeMatch"
"1933","6660993c21d954cc7c6dfa3a","test_ValenceMatch_Positive","60","ValenceMatchingOnly","witty","radiant","witty-radiant","SocialMismatch","PositiveMatch"
"1934","6660993c21d954cc7c6dfa3a","control_MaxMismatch","0","MaxMismatch","sunny","greedy","sunny-greedy","PhysicalMismatch","PositiveMismatch"
"1935","6660993c21d954cc7c6dfa3a","test_ConceptualMatch_Social","0","ConceptualMatchingOnly","brotherly","greedy","brotherly-greedy","ConceptualMatch:social","PositiveMismatch"
"1936","6660993c21d954cc7c6dfa3a","control_MaxMatch_Positive_Physical","22","MaxMatch","floral","nutritious","floral-nutritious","PhysicalMatch","PositiveMatch"
"1937","6660993c21d954cc7c6dfa3a","test_ValenceMatch_Negative","80","ValenceMatchingOnly","seasick","dreaded","seasick-dreaded","PhysicalMismatch","NegativeMatch"
"1938","6660993c21d954cc7c6dfa3a","control_Similar","99","SimilarControl","show","display","show-display","",""
"1939","6660993c21d954cc7c6dfa3a","control_Dissimilar","14","DissimilarControl","increase","decrease","increase-decrease","",""
"1940","6660993c21d954cc7c6dfa3a","control_Similar","99","SimilarControl","buy","purchase","buy-purchase","",""
"1941","6660993c21d954cc7c6dfa3a","control_Dissimilar","19","DissimilarControl","push","pull","push-pull","",""
"1942","6660993c21d954cc7c6dfa3a","control_MaxMatch_Negative_Social","64","MaxMatch","heartbroken","hateful","heartbroken-hateful","SocialMatch","NegativeMatch"
"1943","6660993c21d954cc7c6dfa3a","test_ConceptualMatch_Physical","0","ConceptualMatchingOnly","itchy","floral","itchy-floral","ConceptualMatch:physical","NegativeMismatch"
"1944","6660993c21d954cc7c6dfa3a","control_MaxMatch_Positive_Social","58","MaxMatch","cheerful","courageous","cheerful-courageous","SocialMatch","PositiveMatch"
"1945","6660993c21d954cc7c6dfa3a","control_MaxMatch_Negative_Physical","70","MaxMatch","obese","rancid","obese-rancid","PhysicalMatch","NegativeMatch"
"1946","6660993c21d954cc7c6dfa3a","test_ValenceMatch_Positive","17","ValenceMatchingOnly","cheerful","decorative","cheerful-decorative","SocialMismatch","PositiveMatch"
"1947","6660993c21d954cc7c6dfa3a","control_MaxMismatch","6","MaxMismatch","oceanic","stingy","oceanic-stingy","PhysicalMismatch","PositiveMismatch"
"1948","6660993c21d954cc7c6dfa3a","test_ConceptualMatch_Social","0","ConceptualMatchingOnly","joyful","racist","joyful-racist","ConceptualMatch:social","PositiveMismatch"
"1949","6660993c21d954cc7c6dfa3a","control_MaxMatch_Positive_Physical","82","MaxMatch","fluffy","blooming","fluffy-blooming","PhysicalMatch","PositiveMatch"
"1950","6660993c21d954cc7c6dfa3a","test_ValenceMatch_Negative","69","ValenceMatchingOnly","excruciating","infuriating","excruciating-infuriating","PhysicalMismatch","NegativeMatch"
"1951","67c4d6bacfffd8cbbf7e2d3d","control_Similar","99","SimilarControl","speak","talk","speak-talk","",""
"1952","67c4d6bacfffd8cbbf7e2d3d","control_Dissimilar","0","DissimilarControl","give","take","give-take","",""
"1953","67c4d6bacfffd8cbbf7e2d3d","control_MaxMatch_Negative_Physical","0","MaxMatch","seasick","smelly","seasick-smelly","PhysicalMatch","NegativeMatch"
"1954","67c4d6bacfffd8cbbf7e2d3d","control_MaxMatch_Positive_Social","99","MaxMatch","brotherly","easygoing","brotherly-easygoing","SocialMatch","PositiveMatch"
"1955","67c4d6bacfffd8cbbf7e2d3d","control_MaxMatch_Positive_Physical","0","MaxMatch","blooming","oceanic","blooming-oceanic","PhysicalMatch","PositiveMatch"
"1956","67c4d6bacfffd8cbbf7e2d3d","test_ValenceMatch_Negative","0","ValenceMatchingOnly","nauseous","heartbroken","nauseous-heartbroken","PhysicalMismatch","NegativeMatch"
"1957","67c4d6bacfffd8cbbf7e2d3d","test_ValenceMatch_Positive","55","ValenceMatchingOnly","carefree","radiant","carefree-radiant","SocialMismatch","PositiveMatch"
"1958","67c4d6bacfffd8cbbf7e2d3d","control_Similar","99","SimilarControl","use","employ","use-employ","",""
"1959","67c4d6bacfffd8cbbf7e2d3d","control_Dissimilar","0","DissimilarControl","increase","decrease","increase-decrease","",""
"1960","67c4d6bacfffd8cbbf7e2d3d","control_MaxMatch_Negative_Social","57","MaxMatch","insulting","dreaded","insulting-dreaded","SocialMatch","NegativeMatch"
"1961","67c4d6bacfffd8cbbf7e2d3d","test_ConceptualMatch_Social","0","ConceptualMatchingOnly","hilarious","dreaded","hilarious-dreaded","ConceptualMatch:social","PositiveMismatch"
"1962","67c4d6bacfffd8cbbf7e2d3d","control_MaxMismatch","47","MaxMismatch","oceanic","heartbroken","oceanic-heartbroken","PhysicalMismatch","PositiveMismatch"
"1963","67c4d6bacfffd8cbbf7e2d3d","test_ConceptualMatch_Physical","49","ConceptualMatchingOnly","nauseous","nutritious","nauseous-nutritious","ConceptualMatch:physical","NegativeMismatch"
"1964","67c4d6bacfffd8cbbf7e2d3d","control_Similar","99","SimilarControl","buy","purchase","buy-purchase","",""
"1965","67c4d6bacfffd8cbbf7e2d3d","control_Dissimilar","0","DissimilarControl","arrive","leave","arrive-leave","",""
"1966","67c4d6bacfffd8cbbf7e2d3d","control_MaxMatch_Negative_Physical","58","MaxMatch","moldy","seasick","moldy-seasick","PhysicalMatch","NegativeMatch"
"1967","67c4d6bacfffd8cbbf7e2d3d","control_MaxMatch_Positive_Social","55","MaxMatch","hilarious","dependable","hilarious-dependable","SocialMatch","PositiveMatch"
"1968","67c4d6bacfffd8cbbf7e2d3d","control_MaxMatch_Positive_Physical","13","MaxMatch","sunny","decorative","sunny-decorative","PhysicalMatch","PositiveMatch"
"1969","67c4d6bacfffd8cbbf7e2d3d","test_ValenceMatch_Negative","70","ValenceMatchingOnly","rancid","insulting","rancid-insulting","PhysicalMismatch","NegativeMatch"
"1970","67c4d6bacfffd8cbbf7e2d3d","test_ValenceMatch_Positive","4","ValenceMatchingOnly","witty","floral","witty-floral","SocialMismatch","PositiveMatch"
"1971","67c4d6bacfffd8cbbf7e2d3d","control_Similar","99","SimilarControl","show","display","show-display","",""
"1972","67c4d6bacfffd8cbbf7e2d3d","control_Dissimilar","0","DissimilarControl","come","go","come-go","",""
"1973","67c4d6bacfffd8cbbf7e2d3d","control_MaxMatch_Negative_Social","99","MaxMatch","greedy","stingy","greedy-stingy","SocialMatch","NegativeMatch"
"1974","67c4d6bacfffd8cbbf7e2d3d","test_ConceptualMatch_Social","0","ConceptualMatchingOnly","easygoing","hateful","easygoing-hateful","ConceptualMatch:social","PositiveMismatch"
"1975","67c4d6bacfffd8cbbf7e2d3d","control_MaxMismatch","59","MaxMismatch","fluffy","insulting","fluffy-insulting","PhysicalMismatch","PositiveMismatch"
"1976","67c4d6bacfffd8cbbf7e2d3d","test_ConceptualMatch_Physical","0","ConceptualMatchingOnly","seasick","decorative","seasick-decorative","ConceptualMatch:physical","NegativeMismatch"
"1977","67c4d6bacfffd8cbbf7e2d3d","control_Similar","99","SimilarControl","need","require","need-require","",""
"1978","67c4d6bacfffd8cbbf7e2d3d","control_Dissimilar","0","DissimilarControl","open","close","open-close","",""
"1979","67c4d6bacfffd8cbbf7e2d3d","control_MaxMatch_Negative_Physical","97","MaxMatch","rancid","smelly","rancid-smelly","PhysicalMatch","NegativeMatch"
"1980","67c4d6bacfffd8cbbf7e2d3d","control_MaxMatch_Positive_Social","54","MaxMatch","easygoing","hilarious","easygoing-hilarious","SocialMatch","PositiveMatch"
"1981","67c4d6bacfffd8cbbf7e2d3d","control_MaxMatch_Positive_Physical","29","MaxMatch","sunny","nutritious","sunny-nutritious","PhysicalMatch","PositiveMatch"
"1982","67c4d6bacfffd8cbbf7e2d3d","test_ValenceMatch_Negative","54","ValenceMatchingOnly","excruciating","greedy","excruciating-greedy","PhysicalMismatch","NegativeMatch"
"1983","67c4d6bacfffd8cbbf7e2d3d","test_ValenceMatch_Positive","56","ValenceMatchingOnly","easygoing","floral","easygoing-floral","SocialMismatch","PositiveMatch"
"1984","67c4d6bacfffd8cbbf7e2d3d","control_Similar","99","SimilarControl","ask","inquire","ask-inquire","",""
"1985","67c4d6bacfffd8cbbf7e2d3d","control_Dissimilar","0","DissimilarControl","enter","exit","enter-exit","",""
"1986","67c4d6bacfffd8cbbf7e2d3d","control_MaxMatch_Negative_Social","73","MaxMatch","insulting","greedy","insulting-greedy","SocialMatch","NegativeMatch"
"1987","67c4d6bacfffd8cbbf7e2d3d","test_ConceptualMatch_Social","17","ConceptualMatchingOnly","carefree","hateful","carefree-hateful","ConceptualMatch:social","PositiveMismatch"
"1988","67c4d6bacfffd8cbbf7e2d3d","control_MaxMismatch","57","MaxMismatch","blooming","racist","blooming-racist","PhysicalMismatch","PositiveMismatch"
"1989","67c4d6bacfffd8cbbf7e2d3d","test_ConceptualMatch_Physical","56","ConceptualMatchingOnly","obese","floral","obese-floral","ConceptualMatch:physical","NegativeMismatch"
"1990","67c4d6bacfffd8cbbf7e2d3d","control_Similar","99","SimilarControl","end","finish","end-finish","",""
"1991","67c4d6bacfffd8cbbf7e2d3d","control_Dissimilar","0","DissimilarControl","add","remove","add-remove","",""
"1992","67c4d6bacfffd8cbbf7e2d3d","control_MaxMatch_Negative_Physical","54","MaxMatch","excruciating","obese","excruciating-obese","PhysicalMatch","NegativeMatch"
"1993","67c4d6bacfffd8cbbf7e2d3d","control_MaxMatch_Positive_Social","55","MaxMatch","brotherly","witty","brotherly-witty","SocialMatch","PositiveMatch"
"1994","67c4d6bacfffd8cbbf7e2d3d","control_MaxMatch_Positive_Physical","55","MaxMatch","nutritious","newborn","nutritious-newborn","PhysicalMatch","PositiveMatch"
"1995","67c4d6bacfffd8cbbf7e2d3d","test_ValenceMatch_Negative","77","ValenceMatchingOnly","comatose","heartbroken","comatose-heartbroken","PhysicalMismatch","NegativeMatch"
"1996","67c4d6bacfffd8cbbf7e2d3d","test_ValenceMatch_Positive","81","ValenceMatchingOnly","easygoing","fluffy","easygoing-fluffy","SocialMismatch","PositiveMatch"
"1997","67c4d6bacfffd8cbbf7e2d3d","control_Similar","99","SimilarControl","get","obtain","get-obtain","",""
"1998","67c4d6bacfffd8cbbf7e2d3d","control_Dissimilar","0","DissimilarControl","begin","end","begin-end","",""
"1999","67c4d6bacfffd8cbbf7e2d3d","control_MaxMatch_Negative_Social","70","MaxMatch","racist","infuriating","racist-infuriating","SocialMatch","NegativeMatch"
"2000","67c4d6bacfffd8cbbf7e2d3d","test_ConceptualMatch_Social","35","ConceptualMatchingOnly","courageous","heartbroken","courageous-heartbroken","ConceptualMatch:social","PositiveMismatch"
"2001","67c4d6bacfffd8cbbf7e2d3d","control_MaxMismatch","23","MaxMismatch","sunny","dreaded","sunny-dreaded","PhysicalMismatch","PositiveMismatch"
"2002","67c4d6bacfffd8cbbf7e2d3d","test_ConceptualMatch_Physical","59","ConceptualMatchingOnly","excruciating","blooming","excruciating-blooming","ConceptualMatch:physical","NegativeMismatch"
"2003","67c4d6bacfffd8cbbf7e2d3d","control_Similar","99","SimilarControl","help","assist","help-assist","",""
"2004","67c4d6bacfffd8cbbf7e2d3d","control_Dissimilar","0","DissimilarControl","rise","fall","rise-fall","",""
"2005","67c4d6bacfffd8cbbf7e2d3d","control_MaxMatch_Negative_Physical","0","MaxMatch","obese","itchy","obese-itchy","PhysicalMatch","NegativeMatch"
"2006","67c4d6bacfffd8cbbf7e2d3d","control_MaxMatch_Positive_Social","99","MaxMatch","easygoing","carefree","easygoing-carefree","SocialMatch","PositiveMatch"
"2007","67c4d6bacfffd8cbbf7e2d3d","control_MaxMatch_Positive_Physical","75","MaxMatch","fluffy","homemade","fluffy-homemade","PhysicalMatch","PositiveMatch"
"2008","67c4d6bacfffd8cbbf7e2d3d","test_ValenceMatch_Negative","80","ValenceMatchingOnly","obese","dreaded","obese-dreaded","PhysicalMismatch","NegativeMatch"
"2009","67c4d6bacfffd8cbbf7e2d3d","test_ValenceMatch_Positive","15","ValenceMatchingOnly","witty","oceanic","witty-oceanic","SocialMismatch","PositiveMatch"
"2010","67c4d6bacfffd8cbbf7e2d3d","control_Similar","99","SimilarControl","begin","start","begin-start","",""
"2011","67c4d6bacfffd8cbbf7e2d3d","control_Dissimilar","0","DissimilarControl","push","pull","push-pull","",""
"2012","67c4d6bacfffd8cbbf7e2d3d","control_MaxMatch_Negative_Social","99","MaxMatch","grumpy","stingy","grumpy-stingy","SocialMatch","NegativeMatch"
"2013","67c4d6bacfffd8cbbf7e2d3d","test_ConceptualMatch_Social","0","ConceptualMatchingOnly","courageous","greedy","courageous-greedy","ConceptualMatch:social","PositiveMismatch"
"2014","67c4d6bacfffd8cbbf7e2d3d","control_MaxMismatch","0","MaxMismatch","nutritious","greedy","nutritious-greedy","PhysicalMismatch","PositiveMismatch"
"2015","67c4d6bacfffd8cbbf7e2d3d","test_ConceptualMatch_Physical","0","ConceptualMatchingOnly","lifeless","radiant","lifeless-radiant","ConceptualMatch:physical","NegativeMismatch"
"2016","66f5e385ef9ec0b27c796a5c","control_Similar","99","SimilarControl","ask","inquire","ask-inquire","",""
"2017","66f5e385ef9ec0b27c796a5c","control_Dissimilar","55","DissimilarControl","come","go","come-go","",""
"2018","66f5e385ef9ec0b27c796a5c","control_MaxMatch_Positive_Physical","67","MaxMatch","floral","decorative","floral-decorative","PhysicalMatch","PositiveMatch"
"2019","66f5e385ef9ec0b27c796a5c","test_ValenceMatch_Positive","47","ValenceMatchingOnly","dependable","sunny","dependable-sunny","SocialMismatch","PositiveMatch"
"2020","66f5e385ef9ec0b27c796a5c","control_MaxMatch_Negative_Physical","26","MaxMatch","seasick","smelly","seasick-smelly","PhysicalMatch","NegativeMatch"
"2021","66f5e385ef9ec0b27c796a5c","control_MaxMatch_Positive_Social","26","MaxMatch","hilarious","dependable","hilarious-dependable","SocialMatch","PositiveMatch"
"2022","66f5e385ef9ec0b27c796a5c","test_ValenceMatch_Negative","1","ValenceMatchingOnly","obese","heartbroken","obese-heartbroken","PhysicalMismatch","NegativeMatch"
"2023","66f5e385ef9ec0b27c796a5c","control_Similar","99","SimilarControl","end","finish","end-finish","",""
"2024","66f5e385ef9ec0b27c796a5c","test_ConceptualMatch_Social","6","ConceptualMatchingOnly","easygoing","greedy","easygoing-greedy","ConceptualMatch:social","PositiveMismatch"
"2025","66f5e385ef9ec0b27c796a5c","test_ConceptualMatch_Physical","9","ConceptualMatchingOnly","comatose","fluffy","comatose-fluffy","ConceptualMatch:physical","NegativeMismatch"
"2026","66f5e385ef9ec0b27c796a5c","control_Dissimilar","34","DissimilarControl","rise","fall","rise-fall","",""
"2027","66f5e385ef9ec0b27c796a5c","control_MaxMismatch","0","MaxMismatch","fluffy","grumpy","fluffy-grumpy","PhysicalMismatch","PositiveMismatch"
"2028","66f5e385ef9ec0b27c796a5c","control_MaxMatch_Negative_Social","4","MaxMatch","racist","infuriating","racist-infuriating","SocialMatch","NegativeMatch"
"2029","66f5e385ef9ec0b27c796a5c","control_Similar","99","SimilarControl","use","employ","use-employ","",""
"2030","66f5e385ef9ec0b27c796a5c","control_Dissimilar","9","DissimilarControl","begin","end","begin-end","",""
"2031","66f5e385ef9ec0b27c796a5c","control_MaxMatch_Positive_Physical","85","MaxMatch","nutritious","homemade","nutritious-homemade","PhysicalMatch","PositiveMatch"
"2032","66f5e385ef9ec0b27c796a5c","test_ValenceMatch_Positive","9","ValenceMatchingOnly","courageous","floral","courageous-floral","SocialMismatch","PositiveMatch"
"2033","66f5e385ef9ec0b27c796a5c","control_MaxMatch_Negative_Physical","9","MaxMatch","seasick","itchy","seasick-itchy","PhysicalMatch","NegativeMatch"
"2034","66f5e385ef9ec0b27c796a5c","control_MaxMatch_Positive_Social","18","MaxMatch","selfless","witty","selfless-witty","SocialMatch","PositiveMatch"
"2035","66f5e385ef9ec0b27c796a5c","test_ValenceMatch_Negative","6","ValenceMatchingOnly","excruciating","heartbroken","excruciating-heartbroken","PhysicalMismatch","NegativeMatch"
"2036","66f5e385ef9ec0b27c796a5c","control_Similar","95","SimilarControl","help","assist","help-assist","",""
"2037","66f5e385ef9ec0b27c796a5c","test_ConceptualMatch_Social","0","ConceptualMatchingOnly","joyful","grumpy","joyful-grumpy","ConceptualMatch:social","PositiveMismatch"
"2038","66f5e385ef9ec0b27c796a5c","test_ConceptualMatch_Physical","8","ConceptualMatchingOnly","smelly","sunny","smelly-sunny","ConceptualMatch:physical","NegativeMismatch"
"2039","66f5e385ef9ec0b27c796a5c","control_Dissimilar","10","DissimilarControl","push","pull","push-pull","",""
"2040","66f5e385ef9ec0b27c796a5c","control_MaxMismatch","9","MaxMismatch","sunny","heartbroken","sunny-heartbroken","PhysicalMismatch","PositiveMismatch"
"2041","66f5e385ef9ec0b27c796a5c","control_MaxMatch_Negative_Social","7","MaxMatch","stingy","infuriating","stingy-infuriating","SocialMatch","NegativeMatch"
"2042","66f5e385ef9ec0b27c796a5c","control_Similar","99","SimilarControl","need","require","need-require","",""
"2043","66f5e385ef9ec0b27c796a5c","control_Dissimilar","23","DissimilarControl","open","close","open-close","",""
"2044","66f5e385ef9ec0b27c796a5c","control_MaxMatch_Positive_Physical","56","MaxMatch","fluffy","blooming","fluffy-blooming","PhysicalMatch","PositiveMatch"
"2045","66f5e385ef9ec0b27c796a5c","test_ValenceMatch_Positive","0","ValenceMatchingOnly","brotherly","nutritious","brotherly-nutritious","SocialMismatch","PositiveMatch"
"2046","66f5e385ef9ec0b27c796a5c","control_MaxMatch_Negative_Physical","6","MaxMatch","moldy","seasick","moldy-seasick","PhysicalMatch","NegativeMatch"
"2047","66f5e385ef9ec0b27c796a5c","control_MaxMatch_Positive_Social","57","MaxMatch","brotherly","dependable","brotherly-dependable","SocialMatch","PositiveMatch"
"2048","66f5e385ef9ec0b27c796a5c","test_ValenceMatch_Negative","2","ValenceMatchingOnly","moldy","racist","moldy-racist","PhysicalMismatch","NegativeMatch"
"2049","66f5e385ef9ec0b27c796a5c","control_Similar","99","SimilarControl","speak","talk","speak-talk","",""
"2050","66f5e385ef9ec0b27c796a5c","test_ConceptualMatch_Social","9","ConceptualMatchingOnly","witty","humiliating","witty-humiliating","ConceptualMatch:social","PositiveMismatch"
"2051","66f5e385ef9ec0b27c796a5c","test_ConceptualMatch_Physical","2","ConceptualMatchingOnly","rancid","homemade","rancid-homemade","ConceptualMatch:physical","NegativeMismatch"
"2052","66f5e385ef9ec0b27c796a5c","control_Dissimilar","16","DissimilarControl","give","take","give-take","",""
"2053","66f5e385ef9ec0b27c796a5c","control_MaxMismatch","0","MaxMismatch","floral","stingy","floral-stingy","PhysicalMismatch","PositiveMismatch"
"2054","66f5e385ef9ec0b27c796a5c","control_MaxMatch_Negative_Social","10","MaxMatch","grumpy","stingy","grumpy-stingy","SocialMatch","NegativeMatch"
"2055","66f5e385ef9ec0b27c796a5c","control_Similar","23","SimilarControl","begin","start","begin-start","",""
"2056","66f5e385ef9ec0b27c796a5c","control_Dissimilar","0","DissimilarControl","increase","decrease","increase-decrease","",""
"2057","66f5e385ef9ec0b27c796a5c","control_MaxMatch_Positive_Physical","17","MaxMatch","fluffy","newborn","fluffy-newborn","PhysicalMatch","PositiveMatch"
"2058","66f5e385ef9ec0b27c796a5c","test_ValenceMatch_Positive","27","ValenceMatchingOnly","joyful","homemade","joyful-homemade","SocialMismatch","PositiveMatch"
"2059","66f5e385ef9ec0b27c796a5c","control_MaxMatch_Negative_Physical","0","MaxMatch","excruciating","seasick","excruciating-seasick","PhysicalMatch","NegativeMatch"
"2060","66f5e385ef9ec0b27c796a5c","control_MaxMatch_Positive_Social","62","MaxMatch","easygoing","selfless","easygoing-selfless","SocialMatch","PositiveMatch"
"2061","66f5e385ef9ec0b27c796a5c","test_ValenceMatch_Negative","0","ValenceMatchingOnly","comatose","grumpy","comatose-grumpy","PhysicalMismatch","NegativeMatch"
"2062","66f5e385ef9ec0b27c796a5c","control_Similar","99","SimilarControl","buy","purchase","buy-purchase","",""
"2063","66f5e385ef9ec0b27c796a5c","test_ConceptualMatch_Social","8","ConceptualMatchingOnly","brotherly","insulting","brotherly-insulting","ConceptualMatch:social","PositiveMismatch"
"2064","66f5e385ef9ec0b27c796a5c","test_ConceptualMatch_Physical","7","ConceptualMatchingOnly","nauseous","blooming","nauseous-blooming","ConceptualMatch:physical","NegativeMismatch"
"2065","66f5e385ef9ec0b27c796a5c","control_Dissimilar","5","DissimilarControl","enter","exit","enter-exit","",""
"2066","66f5e385ef9ec0b27c796a5c","control_MaxMismatch","10","MaxMismatch","decorative","heartbroken","decorative-heartbroken","PhysicalMismatch","PositiveMismatch"
"2067","66f5e385ef9ec0b27c796a5c","control_MaxMatch_Negative_Social","2","MaxMatch","heartbroken","infuriating","heartbroken-infuriating","SocialMatch","NegativeMatch"
"2068","66f5e385ef9ec0b27c796a5c","control_Similar","99","SimilarControl","show","display","show-display","",""
"2069","66f5e385ef9ec0b27c796a5c","control_Dissimilar","11","DissimilarControl","arrive","leave","arrive-leave","",""
"2070","66f5e385ef9ec0b27c796a5c","control_MaxMatch_Positive_Physical","75","MaxMatch","blooming","radiant","blooming-radiant","PhysicalMatch","PositiveMatch"
"2071","66f5e385ef9ec0b27c796a5c","test_ValenceMatch_Positive","17","ValenceMatchingOnly","carefree","fluffy","carefree-fluffy","SocialMismatch","PositiveMatch"
"2072","66f5e385ef9ec0b27c796a5c","control_MaxMatch_Negative_Physical","0","MaxMatch","itchy","smelly","itchy-smelly","PhysicalMatch","NegativeMatch"
"2073","66f5e385ef9ec0b27c796a5c","control_MaxMatch_Positive_Social","63","MaxMatch","joyful","selfless","joyful-selfless","SocialMatch","PositiveMatch"
"2074","66f5e385ef9ec0b27c796a5c","test_ValenceMatch_Negative","0","ValenceMatchingOnly","comatose","humiliating","comatose-humiliating","PhysicalMismatch","NegativeMatch"
"2075","66f5e385ef9ec0b27c796a5c","control_Similar","99","SimilarControl","get","obtain","get-obtain","",""
"2076","66f5e385ef9ec0b27c796a5c","test_ConceptualMatch_Social","18","ConceptualMatchingOnly","selfless","greedy","selfless-greedy","ConceptualMatch:social","PositiveMismatch"
"2077","66f5e385ef9ec0b27c796a5c","test_ConceptualMatch_Physical","9","ConceptualMatchingOnly","smelly","newborn","smelly-newborn","ConceptualMatch:physical","NegativeMismatch"
"2078","66f5e385ef9ec0b27c796a5c","control_Dissimilar","6","DissimilarControl","add","remove","add-remove","",""
"2079","66f5e385ef9ec0b27c796a5c","control_MaxMismatch","6","MaxMismatch","decorative","insulting","decorative-insulting","PhysicalMismatch","PositiveMismatch"
"2080","66f5e385ef9ec0b27c796a5c","control_MaxMatch_Negative_Social","7","MaxMatch","insulting","greedy","insulting-greedy","SocialMatch","NegativeMatch"
"2081","55dbdc9d50a1f7001190d753","control_Dissimilar","0","DissimilarControl","rise","fall","rise-fall","",""
"2082","55dbdc9d50a1f7001190d753","control_Similar","99","SimilarControl","end","finish","end-finish","",""
"2083","55dbdc9d50a1f7001190d753","control_Dissimilar","26","DissimilarControl","push","pull","push-pull","",""
"2084","55dbdc9d50a1f7001190d753","control_MaxMatch_Positive_Physical","74","MaxMatch","blooming","newborn","blooming-newborn","PhysicalMatch","PositiveMatch"
"2085","55dbdc9d50a1f7001190d753","test_ConceptualMatch_Social","0","ConceptualMatchingOnly","dependable","racist","dependable-racist","ConceptualMatch:social","PositiveMismatch"
"2086","55dbdc9d50a1f7001190d753","control_MaxMatch_Negative_Social","66","MaxMatch","grumpy","infuriating","grumpy-infuriating","SocialMatch","NegativeMatch"
"2087","55dbdc9d50a1f7001190d753","control_MaxMismatch","0","MaxMismatch","fluffy","grumpy","fluffy-grumpy","PhysicalMismatch","PositiveMismatch"
"2088","55dbdc9d50a1f7001190d753","test_ValenceMatch_Negative","30","ValenceMatchingOnly","nauseous","hateful","nauseous-hateful","PhysicalMismatch","NegativeMatch"
"2089","55dbdc9d50a1f7001190d753","control_MaxMatch_Negative_Physical","48","MaxMatch","lifeless","rancid","lifeless-rancid","PhysicalMatch","NegativeMatch"
"2090","55dbdc9d50a1f7001190d753","test_ValenceMatch_Positive","32","ValenceMatchingOnly","joyful","nutritious","joyful-nutritious","SocialMismatch","PositiveMatch"
"2091","55dbdc9d50a1f7001190d753","test_ConceptualMatch_Physical","0","ConceptualMatchingOnly","itchy","homemade","itchy-homemade","ConceptualMatch:physical","NegativeMismatch"
"2092","55dbdc9d50a1f7001190d753","control_Similar","99","SimilarControl","ask","inquire","ask-inquire","",""
"2093","55dbdc9d50a1f7001190d753","control_MaxMatch_Positive_Social","26","MaxMatch","brotherly","easygoing","brotherly-easygoing","SocialMatch","PositiveMatch"
"2094","55dbdc9d50a1f7001190d753","control_Dissimilar","47","DissimilarControl","come","go","come-go","",""
"2095","55dbdc9d50a1f7001190d753","control_Similar","86","SimilarControl","show","display","show-display","",""
"2096","55dbdc9d50a1f7001190d753","control_Dissimilar","0","DissimilarControl","add","remove","add-remove","",""
"2097","55dbdc9d50a1f7001190d753","control_MaxMatch_Positive_Physical","18","MaxMatch","radiant","newborn","radiant-newborn","PhysicalMatch","PositiveMatch"
"2098","55dbdc9d50a1f7001190d753","test_ConceptualMatch_Social","4","ConceptualMatchingOnly","dependable","hateful","dependable-hateful","ConceptualMatch:social","PositiveMismatch"
"2099","55dbdc9d50a1f7001190d753","control_MaxMatch_Negative_Social","59","MaxMatch","racist","infuriating","racist-infuriating","SocialMatch","NegativeMatch"
"2100","55dbdc9d50a1f7001190d753","control_MaxMismatch","12","MaxMismatch","decorative","infuriating","decorative-infuriating","PhysicalMismatch","PositiveMismatch"
"2101","55dbdc9d50a1f7001190d753","test_ValenceMatch_Negative","31","ValenceMatchingOnly","comatose","heartbroken","comatose-heartbroken","PhysicalMismatch","NegativeMatch"
"2102","55dbdc9d50a1f7001190d753","control_MaxMatch_Negative_Physical","65","MaxMatch","excruciating","smelly","excruciating-smelly","PhysicalMatch","NegativeMatch"
"2103","55dbdc9d50a1f7001190d753","test_ValenceMatch_Positive","28","ValenceMatchingOnly","courageous","homemade","courageous-homemade","SocialMismatch","PositiveMatch"
"2104","55dbdc9d50a1f7001190d753","test_ConceptualMatch_Physical","0","ConceptualMatchingOnly","smelly","newborn","smelly-newborn","ConceptualMatch:physical","NegativeMismatch"
"2105","55dbdc9d50a1f7001190d753","control_Similar","99","SimilarControl","speak","talk","speak-talk","",""
"2106","55dbdc9d50a1f7001190d753","control_MaxMatch_Positive_Social","29","MaxMatch","easygoing","witty","easygoing-witty","SocialMatch","PositiveMatch"
"2107","55dbdc9d50a1f7001190d753","control_Dissimilar","0","DissimilarControl","enter","exit","enter-exit","",""
"2108","55dbdc9d50a1f7001190d753","control_Similar","99","SimilarControl","begin","start","begin-start","",""
"2109","55dbdc9d50a1f7001190d753","control_Dissimilar","6","DissimilarControl","begin","end","begin-end","",""
"2110","55dbdc9d50a1f7001190d753","control_MaxMatch_Positive_Physical","16","MaxMatch","oceanic","radiant","oceanic-radiant","PhysicalMatch","PositiveMatch"
"2111","55dbdc9d50a1f7001190d753","test_ConceptualMatch_Social","3","ConceptualMatchingOnly","selfless","grumpy","selfless-grumpy","ConceptualMatch:social","PositiveMismatch"
"2112","55dbdc9d50a1f7001190d753","control_MaxMatch_Negative_Social","57","MaxMatch","insulting","heartbroken","insulting-heartbroken","SocialMatch","NegativeMatch"
"2113","55dbdc9d50a1f7001190d753","control_MaxMismatch","22","MaxMismatch","newborn","dreaded","newborn-dreaded","PhysicalMismatch","PositiveMismatch"
"2114","55dbdc9d50a1f7001190d753","test_ValenceMatch_Negative","16","ValenceMatchingOnly","moldy","insulting","moldy-insulting","PhysicalMismatch","NegativeMatch"
"2115","55dbdc9d50a1f7001190d753","control_MaxMatch_Negative_Physical","7","MaxMatch","moldy","obese","moldy-obese","PhysicalMatch","NegativeMatch"
"2116","55dbdc9d50a1f7001190d753","test_ValenceMatch_Positive","12","ValenceMatchingOnly","courageous","nutritious","courageous-nutritious","SocialMismatch","PositiveMatch"
"2117","55dbdc9d50a1f7001190d753","test_ConceptualMatch_Physical","0","ConceptualMatchingOnly","smelly","sunny","smelly-sunny","ConceptualMatch:physical","NegativeMismatch"
"2118","55dbdc9d50a1f7001190d753","control_Similar","71","SimilarControl","use","employ","use-employ","",""
"2119","55dbdc9d50a1f7001190d753","control_MaxMatch_Positive_Social","76","MaxMatch","brotherly","courageous","brotherly-courageous","SocialMatch","PositiveMatch"
"2120","55dbdc9d50a1f7001190d753","control_Dissimilar","0","DissimilarControl","increase","decrease","increase-decrease","",""
"2121","55dbdc9d50a1f7001190d753","control_Similar","82","SimilarControl","need","require","need-require","",""
"2122","55dbdc9d50a1f7001190d753","control_Dissimilar","0","DissimilarControl","open","close","open-close","",""
"2123","55dbdc9d50a1f7001190d753","control_MaxMatch_Positive_Physical","10","MaxMatch","fluffy","nutritious","fluffy-nutritious","PhysicalMatch","PositiveMatch"
"2124","55dbdc9d50a1f7001190d753","test_ConceptualMatch_Social","0","ConceptualMatchingOnly","carefree","insulting","carefree-insulting","ConceptualMatch:social","PositiveMismatch"
"2125","55dbdc9d50a1f7001190d753","control_MaxMatch_Negative_Social","73","MaxMatch","greedy","stingy","greedy-stingy","SocialMatch","NegativeMatch"
"2126","55dbdc9d50a1f7001190d753","control_MaxMismatch","0","MaxMismatch","decorative","hateful","decorative-hateful","PhysicalMismatch","PositiveMismatch"
"2127","55dbdc9d50a1f7001190d753","test_ValenceMatch_Negative","25","ValenceMatchingOnly","comatose","hateful","comatose-hateful","PhysicalMismatch","NegativeMatch"
"2128","55dbdc9d50a1f7001190d753","control_MaxMatch_Negative_Physical","47","MaxMatch","lifeless","smelly","lifeless-smelly","PhysicalMatch","NegativeMatch"
"2129","55dbdc9d50a1f7001190d753","test_ValenceMatch_Positive","0","ValenceMatchingOnly","selfless","blooming","selfless-blooming","SocialMismatch","PositiveMatch"
"2130","55dbdc9d50a1f7001190d753","test_ConceptualMatch_Physical","0","ConceptualMatchingOnly","lifeless","fluffy","lifeless-fluffy","ConceptualMatch:physical","NegativeMismatch"
"2131","55dbdc9d50a1f7001190d753","control_Similar","99","SimilarControl","buy","purchase","buy-purchase","",""
"2132","55dbdc9d50a1f7001190d753","control_MaxMatch_Positive_Social","66","MaxMatch","cheerful","witty","cheerful-witty","SocialMatch","PositiveMatch"
"2133","55dbdc9d50a1f7001190d753","control_Dissimilar","0","DissimilarControl","arrive","leave","arrive-leave","",""
"2134","55dbdc9d50a1f7001190d753","control_Similar","99","SimilarControl","help","assist","help-assist","",""
"2135","55dbdc9d50a1f7001190d753","control_Dissimilar","22","DissimilarControl","give","take","give-take","",""
"2136","55dbdc9d50a1f7001190d753","control_MaxMatch_Positive_Physical","86","MaxMatch","sunny","radiant","sunny-radiant","PhysicalMatch","PositiveMatch"
"2137","55dbdc9d50a1f7001190d753","test_ConceptualMatch_Social","0","ConceptualMatchingOnly","hilarious","heartbroken","hilarious-heartbroken","ConceptualMatch:social","PositiveMismatch"
"2138","55dbdc9d50a1f7001190d753","control_MaxMatch_Negative_Social","81","MaxMatch","dreaded","infuriating","dreaded-infuriating","SocialMatch","NegativeMatch"
"2139","55dbdc9d50a1f7001190d753","control_MaxMismatch","9","MaxMismatch","fluffy","humiliating","fluffy-humiliating","PhysicalMismatch","PositiveMismatch"
"2140","55dbdc9d50a1f7001190d753","test_ValenceMatch_Negative","26","ValenceMatchingOnly","smelly","dreaded","smelly-dreaded","PhysicalMismatch","NegativeMatch"
"2141","55dbdc9d50a1f7001190d753","control_MaxMatch_Negative_Physical","10","MaxMatch","nauseous","comatose","nauseous-comatose","PhysicalMatch","NegativeMatch"
"2142","55dbdc9d50a1f7001190d753","test_ValenceMatch_Positive","69","ValenceMatchingOnly","witty","radiant","witty-radiant","SocialMismatch","PositiveMatch"
"2143","55dbdc9d50a1f7001190d753","test_ConceptualMatch_Physical","0","ConceptualMatchingOnly","itchy","fluffy","itchy-fluffy","ConceptualMatch:physical","NegativeMismatch"
"2144","55dbdc9d50a1f7001190d753","control_Similar","99","SimilarControl","get","obtain","get-obtain","",""
"2145","55dbdc9d50a1f7001190d753","control_MaxMatch_Positive_Social","15","MaxMatch","selfless","courageous","selfless-courageous","SocialMatch","PositiveMatch"
"2146","67c70ef486c8488303c97ed5","control_Dissimilar","0","DissimilarControl","rise","fall","rise-fall","",""
"2147","67c70ef486c8488303c97ed5","control_Similar","98","SimilarControl","need","require","need-require","",""
"2148","67c70ef486c8488303c97ed5","control_MaxMatch_Positive_Social","0","MaxMatch","brotherly","witty","brotherly-witty","SocialMatch","PositiveMatch"
"2149","67c70ef486c8488303c97ed5","control_MaxMismatch","0","MaxMismatch","oceanic","humiliating","oceanic-humiliating","PhysicalMismatch","PositiveMismatch"
"2150","67c70ef486c8488303c97ed5","test_ConceptualMatch_Physical","0","ConceptualMatchingOnly","excruciating","floral","excruciating-floral","ConceptualMatch:physical","NegativeMismatch"
"2151","67c70ef486c8488303c97ed5","control_MaxMatch_Positive_Physical","0","MaxMatch","blooming","homemade","blooming-homemade","PhysicalMatch","PositiveMatch"
"2152","67c70ef486c8488303c97ed5","control_Dissimilar","0","DissimilarControl","push","pull","push-pull","",""
"2153","67c70ef486c8488303c97ed5","test_ValenceMatch_Positive","0","ValenceMatchingOnly","carefree","newborn","carefree-newborn","SocialMismatch","PositiveMatch"
"2154","67c70ef486c8488303c97ed5","test_ConceptualMatch_Social","0","ConceptualMatchingOnly","courageous","racist","courageous-racist","ConceptualMatch:social","PositiveMismatch"
"2155","67c70ef486c8488303c97ed5","control_MaxMatch_Negative_Physical","0","MaxMatch","moldy","obese","moldy-obese","PhysicalMatch","NegativeMatch"
"2156","67c70ef486c8488303c97ed5","test_ValenceMatch_Negative","0","ValenceMatchingOnly","seasick","greedy","seasick-greedy","PhysicalMismatch","NegativeMatch"
"2157","67c70ef486c8488303c97ed5","control_Similar","99","SimilarControl","buy","purchase","buy-purchase","",""
"2158","67c70ef486c8488303c97ed5","control_MaxMatch_Negative_Social","0","MaxMatch","insulting","dreaded","insulting-dreaded","SocialMatch","NegativeMatch"
"2159","67c70ef486c8488303c97ed5","control_Dissimilar","0","DissimilarControl","come","go","come-go","",""
"2160","67c70ef486c8488303c97ed5","control_Similar","99","SimilarControl","show","display","show-display","",""
"2161","67c70ef486c8488303c97ed5","control_MaxMatch_Positive_Social","0","MaxMatch","easygoing","witty","easygoing-witty","SocialMatch","PositiveMatch"
"2162","67c70ef486c8488303c97ed5","control_MaxMismatch","0","MaxMismatch","sunny","insulting","sunny-insulting","PhysicalMismatch","PositiveMismatch"
"2163","67c70ef486c8488303c97ed5","test_ConceptualMatch_Physical","0","ConceptualMatchingOnly","comatose","oceanic","comatose-oceanic","ConceptualMatch:physical","NegativeMismatch"
"2164","67c70ef486c8488303c97ed5","control_MaxMatch_Positive_Physical","0","MaxMatch","fluffy","nutritious","fluffy-nutritious","PhysicalMatch","PositiveMatch"
"2165","67c70ef486c8488303c97ed5","control_Dissimilar","0","DissimilarControl","begin","end","begin-end","",""
"2166","67c70ef486c8488303c97ed5","test_ValenceMatch_Positive","0","ValenceMatchingOnly","courageous","floral","courageous-floral","SocialMismatch","PositiveMatch"
"2167","67c70ef486c8488303c97ed5","test_ConceptualMatch_Social","0","ConceptualMatchingOnly","brotherly","grumpy","brotherly-grumpy","ConceptualMatch:social","PositiveMismatch"
"2168","67c70ef486c8488303c97ed5","control_MaxMatch_Negative_Physical","61","MaxMatch","itchy","smelly","itchy-smelly","PhysicalMatch","NegativeMatch"
"2169","67c70ef486c8488303c97ed5","test_ValenceMatch_Negative","0","ValenceMatchingOnly","nauseous","heartbroken","nauseous-heartbroken","PhysicalMismatch","NegativeMatch"
"2170","67c70ef486c8488303c97ed5","control_Similar","99","SimilarControl","speak","talk","speak-talk","",""
"2171","67c70ef486c8488303c97ed5","control_MaxMatch_Negative_Social","0","MaxMatch","greedy","grumpy","greedy-grumpy","SocialMatch","NegativeMatch"
"2172","67c70ef486c8488303c97ed5","control_Dissimilar","0","DissimilarControl","open","close","open-close","",""
"2173","67c70ef486c8488303c97ed5","control_Similar","99","SimilarControl","end","finish","end-finish","",""
"2174","67c70ef486c8488303c97ed5","control_MaxMatch_Positive_Social","76","MaxMatch","selfless","dependable","selfless-dependable","SocialMatch","PositiveMatch"
"2175","67c70ef486c8488303c97ed5","control_MaxMismatch","0","MaxMismatch","radiant","stingy","radiant-stingy","PhysicalMismatch","PositiveMismatch"
"2176","67c70ef486c8488303c97ed5","test_ConceptualMatch_Physical","0","ConceptualMatchingOnly","smelly","homemade","smelly-homemade","ConceptualMatch:physical","NegativeMismatch"
"2177","67c70ef486c8488303c97ed5","control_MaxMatch_Positive_Physical","51","MaxMatch","fluffy","floral","fluffy-floral","PhysicalMatch","PositiveMatch"
"2178","67c70ef486c8488303c97ed5","control_Dissimilar","0","DissimilarControl","arrive","leave","arrive-leave","",""
"2179","67c70ef486c8488303c97ed5","test_ValenceMatch_Positive","0","ValenceMatchingOnly","carefree","sunny","carefree-sunny","SocialMismatch","PositiveMatch"
"2180","67c70ef486c8488303c97ed5","test_ConceptualMatch_Social","0","ConceptualMatchingOnly","joyful","grumpy","joyful-grumpy","ConceptualMatch:social","PositiveMismatch"
"2181","67c70ef486c8488303c97ed5","control_MaxMatch_Negative_Physical","0","MaxMatch","obese","rancid","obese-rancid","PhysicalMatch","NegativeMatch"
"2182","67c70ef486c8488303c97ed5","test_ValenceMatch_Negative","0","ValenceMatchingOnly","lifeless","hateful","lifeless-hateful","PhysicalMismatch","NegativeMatch"
"2183","67c70ef486c8488303c97ed5","control_Similar","99","SimilarControl","help","assist","help-assist","",""
"2184","67c70ef486c8488303c97ed5","control_MaxMatch_Negative_Social","0","MaxMatch","heartbroken","hateful","heartbroken-hateful","SocialMatch","NegativeMatch"
"2185","67c70ef486c8488303c97ed5","control_Dissimilar","0","DissimilarControl","increase","decrease","increase-decrease","",""
"2186","67c70ef486c8488303c97ed5","control_Similar","99","SimilarControl","begin","start","begin-start","",""
"2187","67c70ef486c8488303c97ed5","control_MaxMatch_Positive_Social","0","MaxMatch","brotherly","courageous","brotherly-courageous","SocialMatch","PositiveMatch"
"2188","67c70ef486c8488303c97ed5","control_MaxMismatch","0","MaxMismatch","blooming","humiliating","blooming-humiliating","PhysicalMismatch","PositiveMismatch"
"2189","67c70ef486c8488303c97ed5","test_ConceptualMatch_Physical","0","ConceptualMatchingOnly","excruciating","decorative","excruciating-decorative","ConceptualMatch:physical","NegativeMismatch"
"2190","67c70ef486c8488303c97ed5","control_MaxMatch_Positive_Physical","0","MaxMatch","sunny","nutritious","sunny-nutritious","PhysicalMatch","PositiveMatch"
"2191","67c70ef486c8488303c97ed5","control_Dissimilar","0","DissimilarControl","enter","exit","enter-exit","",""
"2192","67c70ef486c8488303c97ed5","test_ValenceMatch_Positive","0","ValenceMatchingOnly","brotherly","decorative","brotherly-decorative","SocialMismatch","PositiveMatch"
"2193","67c70ef486c8488303c97ed5","test_ConceptualMatch_Social","0","ConceptualMatchingOnly","dependable","humiliating","dependable-humiliating","ConceptualMatch:social","PositiveMismatch"
"2194","67c70ef486c8488303c97ed5","control_MaxMatch_Negative_Physical","0","MaxMatch","comatose","smelly","comatose-smelly","PhysicalMatch","NegativeMatch"
"2195","67c70ef486c8488303c97ed5","test_ValenceMatch_Negative","0","ValenceMatchingOnly","seasick","insulting","seasick-insulting","PhysicalMismatch","NegativeMatch"
"2196","67c70ef486c8488303c97ed5","control_Similar","99","SimilarControl","ask","inquire","ask-inquire","",""
"2197","67c70ef486c8488303c97ed5","control_MaxMatch_Negative_Social","49","MaxMatch","insulting","grumpy","insulting-grumpy","SocialMatch","NegativeMatch"
"2198","67c70ef486c8488303c97ed5","control_Dissimilar","0","DissimilarControl","give","take","give-take","",""
"2199","67c70ef486c8488303c97ed5","control_Similar","53","SimilarControl","use","employ","use-employ","",""
"2200","67c70ef486c8488303c97ed5","control_MaxMatch_Positive_Social","0","MaxMatch","selfless","courageous","selfless-courageous","SocialMatch","PositiveMatch"
"2201","67c70ef486c8488303c97ed5","control_MaxMismatch","0","MaxMismatch","homemade","humiliating","homemade-humiliating","PhysicalMismatch","PositiveMismatch"
"2202","67c70ef486c8488303c97ed5","test_ConceptualMatch_Physical","0","ConceptualMatchingOnly","lifeless","blooming","lifeless-blooming","ConceptualMatch:physical","NegativeMismatch"
"2203","67c70ef486c8488303c97ed5","control_MaxMatch_Positive_Physical","48","MaxMatch","decorative","radiant","decorative-radiant","PhysicalMatch","PositiveMatch"
"2204","67c70ef486c8488303c97ed5","control_Dissimilar","0","DissimilarControl","add","remove","add-remove","",""
"2205","67c70ef486c8488303c97ed5","test_ValenceMatch_Positive","0","ValenceMatchingOnly","courageous","sunny","courageous-sunny","SocialMismatch","PositiveMatch"
"2206","67c70ef486c8488303c97ed5","test_ConceptualMatch_Social","0","ConceptualMatchingOnly","easygoing","grumpy","easygoing-grumpy","ConceptualMatch:social","PositiveMismatch"
"2207","67c70ef486c8488303c97ed5","control_MaxMatch_Negative_Physical","0","MaxMatch","lifeless","smelly","lifeless-smelly","PhysicalMatch","NegativeMatch"
"2208","67c70ef486c8488303c97ed5","test_ValenceMatch_Negative","0","ValenceMatchingOnly","lifeless","humiliating","lifeless-humiliating","PhysicalMismatch","NegativeMatch"
"2209","67c70ef486c8488303c97ed5","control_Similar","99","SimilarControl","get","obtain","get-obtain","",""
"2210","67c70ef486c8488303c97ed5","control_MaxMatch_Negative_Social","47","MaxMatch","grumpy","racist","grumpy-racist","SocialMatch","NegativeMatch"
"2211","610f326ceebada4236a67080","control_Similar","93","SimilarControl","end","finish","end-finish","",""
"2212","610f326ceebada4236a67080","control_Dissimilar","4","DissimilarControl","open","close","open-close","",""
"2213","610f326ceebada4236a67080","control_MaxMismatch","6","MaxMismatch","oceanic","insulting","oceanic-insulting","PhysicalMismatch","PositiveMismatch"
"2214","610f326ceebada4236a67080","test_ConceptualMatch_Social","3","ConceptualMatchingOnly","brotherly","dreaded","brotherly-dreaded","ConceptualMatch:social","PositiveMismatch"
"2215","610f326ceebada4236a67080","control_MaxMatch_Positive_Social","16","MaxMatch","brotherly","carefree","brotherly-carefree","SocialMatch","PositiveMatch"
"2216","610f326ceebada4236a67080","control_MaxMatch_Negative_Physical","79","MaxMatch","moldy","nauseous","moldy-nauseous","PhysicalMatch","NegativeMatch"
"2217","610f326ceebada4236a67080","test_ConceptualMatch_Physical","3","ConceptualMatchingOnly","smelly","sunny","smelly-sunny","ConceptualMatch:physical","NegativeMismatch"
"2218","610f326ceebada4236a67080","control_Similar","99","SimilarControl","need","require","need-require","",""
"2219","610f326ceebada4236a67080","control_MaxMatch_Negative_Social","86","MaxMatch","grumpy","dreaded","grumpy-dreaded","SocialMatch","NegativeMatch"
"2220","610f326ceebada4236a67080","test_ValenceMatch_Negative","26","ValenceMatchingOnly","comatose","racist","comatose-racist","PhysicalMismatch","NegativeMatch"
"2221","610f326ceebada4236a67080","test_ValenceMatch_Positive","16","ValenceMatchingOnly","carefree","newborn","carefree-newborn","SocialMismatch","PositiveMatch"
"2222","610f326ceebada4236a67080","control_Dissimilar","0","DissimilarControl","increase","decrease","increase-decrease","",""
"2223","610f326ceebada4236a67080","control_MaxMatch_Positive_Physical","28","MaxMatch","sunny","nutritious","sunny-nutritious","PhysicalMatch","PositiveMatch"
"2224","610f326ceebada4236a67080","control_Similar","75","SimilarControl","use","employ","use-employ","",""
"2225","610f326ceebada4236a67080","control_Dissimilar","4","DissimilarControl","add","remove","add-remove","",""
"2226","610f326ceebada4236a67080","control_MaxMismatch","5","MaxMismatch","decorative","racist","decorative-racist","PhysicalMismatch","PositiveMismatch"
"2227","610f326ceebada4236a67080","test_ConceptualMatch_Social","11","ConceptualMatchingOnly","selfless","grumpy","selfless-grumpy","ConceptualMatch:social","PositiveMismatch"
"2228","610f326ceebada4236a67080","control_MaxMatch_Positive_Social","75","MaxMatch","brotherly","easygoing","brotherly-easygoing","SocialMatch","PositiveMatch"
"2229","610f326ceebada4236a67080","control_MaxMatch_Negative_Physical","72","MaxMatch","lifeless","seasick","lifeless-seasick","PhysicalMatch","NegativeMatch"
"2230","610f326ceebada4236a67080","test_ConceptualMatch_Physical","5","ConceptualMatchingOnly","lifeless","homemade","lifeless-homemade","ConceptualMatch:physical","NegativeMismatch"
"2231","610f326ceebada4236a67080","control_Similar","99","SimilarControl","begin","start","begin-start","",""
"2232","610f326ceebada4236a67080","control_MaxMatch_Negative_Social","61","MaxMatch","greedy","stingy","greedy-stingy","SocialMatch","NegativeMatch"
"2233","610f326ceebada4236a67080","test_ValenceMatch_Negative","63","ValenceMatchingOnly","rancid","hateful","rancid-hateful","PhysicalMismatch","NegativeMatch"
"2234","610f326ceebada4236a67080","test_ValenceMatch_Positive","5","ValenceMatchingOnly","selfless","floral","selfless-floral","SocialMismatch","PositiveMatch"
"2235","610f326ceebada4236a67080","control_Dissimilar","5","DissimilarControl","come","go","come-go","",""
"2236","610f326ceebada4236a67080","control_MaxMatch_Positive_Physical","80","MaxMatch","floral","decorative","floral-decorative","PhysicalMatch","PositiveMatch"
"2237","610f326ceebada4236a67080","control_Similar","98","SimilarControl","help","assist","help-assist","",""
"2238","610f326ceebada4236a67080","control_Dissimilar","0","DissimilarControl","give","take","give-take","",""
"2239","610f326ceebada4236a67080","control_MaxMismatch","12","MaxMismatch","sunny","humiliating","sunny-humiliating","PhysicalMismatch","PositiveMismatch"
"2240","610f326ceebada4236a67080","test_ConceptualMatch_Social","3","ConceptualMatchingOnly","selfless","heartbroken","selfless-heartbroken","ConceptualMatch:social","PositiveMismatch"
"2241","610f326ceebada4236a67080","control_MaxMatch_Positive_Social","61","MaxMatch","cheerful","witty","cheerful-witty","SocialMatch","PositiveMatch"
"2242","610f326ceebada4236a67080","control_MaxMatch_Negative_Physical","67","MaxMatch","excruciating","seasick","excruciating-seasick","PhysicalMatch","NegativeMatch"
"2243","610f326ceebada4236a67080","test_ConceptualMatch_Physical","4","ConceptualMatchingOnly","seasick","nutritious","seasick-nutritious","ConceptualMatch:physical","NegativeMismatch"
"2244","610f326ceebada4236a67080","control_Similar","99","SimilarControl","ask","inquire","ask-inquire","",""
"2245","610f326ceebada4236a67080","control_MaxMatch_Negative_Social","61","MaxMatch","stingy","infuriating","stingy-infuriating","SocialMatch","NegativeMatch"
"2246","610f326ceebada4236a67080","test_ValenceMatch_Negative","61","ValenceMatchingOnly","moldy","insulting","moldy-insulting","PhysicalMismatch","NegativeMatch"
"2247","610f326ceebada4236a67080","test_ValenceMatch_Positive","26","ValenceMatchingOnly","joyful","nutritious","joyful-nutritious","SocialMismatch","PositiveMatch"
"2248","610f326ceebada4236a67080","control_Dissimilar","0","DissimilarControl","enter","exit","enter-exit","",""
"2249","610f326ceebada4236a67080","control_MaxMatch_Positive_Physical","22","MaxMatch","nutritious","radiant","nutritious-radiant","PhysicalMatch","PositiveMatch"
"2250","610f326ceebada4236a67080","control_Similar","99","SimilarControl","show","display","show-display","",""
"2251","610f326ceebada4236a67080","control_Dissimilar","0","DissimilarControl","rise","fall","rise-fall","",""
"2252","610f326ceebada4236a67080","control_MaxMismatch","7","MaxMismatch","sunny","infuriating","sunny-infuriating","PhysicalMismatch","PositiveMismatch"
"2253","610f326ceebada4236a67080","test_ConceptualMatch_Social","15","ConceptualMatchingOnly","joyful","racist","joyful-racist","ConceptualMatch:social","PositiveMismatch"
"2254","610f326ceebada4236a67080","control_MaxMatch_Positive_Social","61","MaxMatch","cheerful","courageous","cheerful-courageous","SocialMatch","PositiveMatch"
"2255","610f326ceebada4236a67080","control_MaxMatch_Negative_Physical","23","MaxMatch","obese","smelly","obese-smelly","PhysicalMatch","NegativeMatch"
"2256","610f326ceebada4236a67080","test_ConceptualMatch_Physical","16","ConceptualMatchingOnly","comatose","nutritious","comatose-nutritious","ConceptualMatch:physical","NegativeMismatch"
"2257","610f326ceebada4236a67080","control_Similar","99","SimilarControl","speak","talk","speak-talk","",""
"2258","610f326ceebada4236a67080","control_MaxMatch_Negative_Social","69","MaxMatch","grumpy","stingy","grumpy-stingy","SocialMatch","NegativeMatch"
"2259","610f326ceebada4236a67080","test_ValenceMatch_Negative","22","ValenceMatchingOnly","rancid","dreaded","rancid-dreaded","PhysicalMismatch","NegativeMatch"
"2260","610f326ceebada4236a67080","test_ValenceMatch_Positive","16","ValenceMatchingOnly","dependable","floral","dependable-floral","SocialMismatch","PositiveMatch"
"2261","610f326ceebada4236a67080","control_Dissimilar","5","DissimilarControl","begin","end","begin-end","",""
"2262","610f326ceebada4236a67080","control_MaxMatch_Positive_Physical","19","MaxMatch","floral","oceanic","floral-oceanic","PhysicalMatch","PositiveMatch"
"2263","610f326ceebada4236a67080","control_Similar","99","SimilarControl","buy","purchase","buy-purchase","",""
"2264","610f326ceebada4236a67080","control_Dissimilar","0","DissimilarControl","push","pull","push-pull","",""
"2265","610f326ceebada4236a67080","control_MaxMismatch","20","MaxMismatch","nutritious","humiliating","nutritious-humiliating","PhysicalMismatch","PositiveMismatch"
"2266","610f326ceebada4236a67080","test_ConceptualMatch_Social","4","ConceptualMatchingOnly","cheerful","heartbroken","cheerful-heartbroken","ConceptualMatch:social","PositiveMismatch"
"2267","610f326ceebada4236a67080","control_MaxMatch_Positive_Social","77","MaxMatch","easygoing","hilarious","easygoing-hilarious","SocialMatch","PositiveMatch"
"2268","610f326ceebada4236a67080","control_MaxMatch_Negative_Physical","19","MaxMatch","comatose","rancid","comatose-rancid","PhysicalMatch","NegativeMatch"
"2269","610f326ceebada4236a67080","test_ConceptualMatch_Physical","9","ConceptualMatchingOnly","itchy","floral","itchy-floral","ConceptualMatch:physical","NegativeMismatch"
"2270","610f326ceebada4236a67080","control_Similar","99","SimilarControl","get","obtain","get-obtain","",""
"2271","610f326ceebada4236a67080","control_MaxMatch_Negative_Social","66","MaxMatch","grumpy","hateful","grumpy-hateful","SocialMatch","NegativeMatch"
"2272","610f326ceebada4236a67080","test_ValenceMatch_Negative","29","ValenceMatchingOnly","nauseous","insulting","nauseous-insulting","PhysicalMismatch","NegativeMatch"
"2273","610f326ceebada4236a67080","test_ValenceMatch_Positive","1","ValenceMatchingOnly","witty","sunny","witty-sunny","SocialMismatch","PositiveMatch"
"2274","610f326ceebada4236a67080","control_Dissimilar","0","DissimilarControl","arrive","leave","arrive-leave","",""
"2275","610f326ceebada4236a67080","control_MaxMatch_Positive_Physical","18","MaxMatch","decorative","radiant","decorative-radiant","PhysicalMatch","PositiveMatch"
"2276","62da941cdd9d95738a12793e","control_Dissimilar","0","DissimilarControl","open","close","open-close","",""
"2277","62da941cdd9d95738a12793e","control_Similar","99","SimilarControl","begin","start","begin-start","",""
"2278","62da941cdd9d95738a12793e","control_MaxMatch_Negative_Physical","0","MaxMatch","obese","smelly","obese-smelly","PhysicalMatch","NegativeMatch"
"2279","62da941cdd9d95738a12793e","test_ConceptualMatch_Social","15","ConceptualMatchingOnly","carefree","humiliating","carefree-humiliating","ConceptualMatch:social","PositiveMismatch"
"2280","62da941cdd9d95738a12793e","control_MaxMatch_Positive_Physical","66","MaxMatch","sunny","oceanic","sunny-oceanic","PhysicalMatch","PositiveMatch"
"2281","62da941cdd9d95738a12793e","control_MaxMatch_Negative_Social","99","MaxMatch","infuriating","hateful","infuriating-hateful","SocialMatch","NegativeMatch"
"2282","62da941cdd9d95738a12793e","control_MaxMatch_Positive_Social","0","MaxMatch","hilarious","selfless","hilarious-selfless","SocialMatch","PositiveMatch"
"2283","62da941cdd9d95738a12793e","test_ValenceMatch_Positive","0","ValenceMatchingOnly","hilarious","decorative","hilarious-decorative","SocialMismatch","PositiveMatch"
"2284","62da941cdd9d95738a12793e","test_ValenceMatch_Negative","2","ValenceMatchingOnly","comatose","infuriating","comatose-infuriating","PhysicalMismatch","NegativeMatch"
"2285","62da941cdd9d95738a12793e","test_ConceptualMatch_Physical","0","ConceptualMatchingOnly","comatose","fluffy","comatose-fluffy","ConceptualMatch:physical","NegativeMismatch"
"2286","62da941cdd9d95738a12793e","control_Dissimilar","0","DissimilarControl","give","take","give-take","",""
"2287","62da941cdd9d95738a12793e","control_Similar","99","SimilarControl","end","finish","end-finish","",""
"2288","62da941cdd9d95738a12793e","control_MaxMismatch","0","MaxMismatch","floral","infuriating","floral-infuriating","PhysicalMismatch","PositiveMismatch"
"2289","62da941cdd9d95738a12793e","control_Dissimilar","1","DissimilarControl","enter","exit","enter-exit","",""
"2290","62da941cdd9d95738a12793e","control_Similar","99","SimilarControl","get","obtain","get-obtain","",""
"2291","62da941cdd9d95738a12793e","control_MaxMatch_Negative_Physical","0","MaxMatch","itchy","smelly","itchy-smelly","PhysicalMatch","NegativeMatch"
"2292","62da941cdd9d95738a12793e","test_ConceptualMatch_Social","0","ConceptualMatchingOnly","carefree","dreaded","carefree-dreaded","ConceptualMatch:social","PositiveMismatch"
"2293","62da941cdd9d95738a12793e","control_MaxMatch_Positive_Physical","0","MaxMatch","sunny","homemade","sunny-homemade","PhysicalMatch","PositiveMatch"
"2294","62da941cdd9d95738a12793e","control_MaxMatch_Negative_Social","99","MaxMatch","insulting","humiliating","insulting-humiliating","SocialMatch","NegativeMatch"
"2295","62da941cdd9d95738a12793e","control_MaxMatch_Positive_Social","0","MaxMatch","selfless","witty","selfless-witty","SocialMatch","PositiveMatch"
"2296","62da941cdd9d95738a12793e","test_ValenceMatch_Positive","0","ValenceMatchingOnly","easygoing","nutritious","easygoing-nutritious","SocialMismatch","PositiveMatch"
"2297","62da941cdd9d95738a12793e","test_ValenceMatch_Negative","0","ValenceMatchingOnly","rancid","greedy","rancid-greedy","PhysicalMismatch","NegativeMatch"
"2298","62da941cdd9d95738a12793e","test_ConceptualMatch_Physical","0","ConceptualMatchingOnly","nauseous","fluffy","nauseous-fluffy","ConceptualMatch:physical","NegativeMismatch"
"2299","62da941cdd9d95738a12793e","control_Dissimilar","0","DissimilarControl","increase","decrease","increase-decrease","",""
"2300","62da941cdd9d95738a12793e","control_Similar","99","SimilarControl","speak","talk","speak-talk","",""
"2301","62da941cdd9d95738a12793e","control_MaxMismatch","0","MaxMismatch","floral","insulting","floral-insulting","PhysicalMismatch","PositiveMismatch"
"2302","62da941cdd9d95738a12793e","control_Dissimilar","0","DissimilarControl","push","pull","push-pull","",""
"2303","62da941cdd9d95738a12793e","control_Similar","99","SimilarControl","need","require","need-require","",""
"2304","62da941cdd9d95738a12793e","control_MaxMatch_Negative_Physical","0","MaxMatch","moldy","excruciating","moldy-excruciating","PhysicalMatch","NegativeMatch"
"2305","62da941cdd9d95738a12793e","test_ConceptualMatch_Social","0","ConceptualMatchingOnly","carefree","greedy","carefree-greedy","ConceptualMatch:social","PositiveMismatch"
"2306","62da941cdd9d95738a12793e","control_MaxMatch_Positive_Physical","0","MaxMatch","fluffy","blooming","fluffy-blooming","PhysicalMatch","PositiveMatch"
"2307","62da941cdd9d95738a12793e","control_MaxMatch_Negative_Social","0","MaxMatch","racist","dreaded","racist-dreaded","SocialMatch","NegativeMatch"
"2308","62da941cdd9d95738a12793e","control_MaxMatch_Positive_Social","0","MaxMatch","brotherly","hilarious","brotherly-hilarious","SocialMatch","PositiveMatch"
"2309","62da941cdd9d95738a12793e","test_ValenceMatch_Positive","0","ValenceMatchingOnly","courageous","floral","courageous-floral","SocialMismatch","PositiveMatch"
"2310","62da941cdd9d95738a12793e","test_ValenceMatch_Negative","56","ValenceMatchingOnly","excruciating","humiliating","excruciating-humiliating","PhysicalMismatch","NegativeMatch"
"2311","62da941cdd9d95738a12793e","test_ConceptualMatch_Physical","0","ConceptualMatchingOnly","obese","floral","obese-floral","ConceptualMatch:physical","NegativeMismatch"
"2312","62da941cdd9d95738a12793e","control_Dissimilar","0","DissimilarControl","add","remove","add-remove","",""
"2313","62da941cdd9d95738a12793e","control_Similar","99","SimilarControl","help","assist","help-assist","",""
"2314","62da941cdd9d95738a12793e","control_MaxMismatch","0","MaxMismatch","newborn","hateful","newborn-hateful","PhysicalMismatch","PositiveMismatch"
"2315","62da941cdd9d95738a12793e","control_Dissimilar","0","DissimilarControl","come","go","come-go","",""
"2316","62da941cdd9d95738a12793e","control_Similar","99","SimilarControl","ask","inquire","ask-inquire","",""
"2317","62da941cdd9d95738a12793e","control_MaxMatch_Negative_Physical","0","MaxMatch","lifeless","rancid","lifeless-rancid","PhysicalMatch","NegativeMatch"
"2318","62da941cdd9d95738a12793e","test_ConceptualMatch_Social","0","ConceptualMatchingOnly","brotherly","grumpy","brotherly-grumpy","ConceptualMatch:social","PositiveMismatch"
"2319","62da941cdd9d95738a12793e","control_MaxMatch_Positive_Physical","0","MaxMatch","homemade","radiant","homemade-radiant","PhysicalMatch","PositiveMatch"
"2320","62da941cdd9d95738a12793e","control_MaxMatch_Negative_Social","0","MaxMatch","heartbroken","humiliating","heartbroken-humiliating","SocialMatch","NegativeMatch"
"2321","62da941cdd9d95738a12793e","control_MaxMatch_Positive_Social","0","MaxMatch","cheerful","selfless","cheerful-selfless","SocialMatch","PositiveMatch"
"2322","62da941cdd9d95738a12793e","test_ValenceMatch_Positive","0","ValenceMatchingOnly","dependable","radiant","dependable-radiant","SocialMismatch","PositiveMatch"
"2323","62da941cdd9d95738a12793e","test_ValenceMatch_Negative","0","ValenceMatchingOnly","rancid","racist","rancid-racist","PhysicalMismatch","NegativeMatch"
"2324","62da941cdd9d95738a12793e","test_ConceptualMatch_Physical","0","ConceptualMatchingOnly","excruciating","nutritious","excruciating-nutritious","ConceptualMatch:physical","NegativeMismatch"
"2325","62da941cdd9d95738a12793e","control_Dissimilar","0","DissimilarControl","rise","fall","rise-fall","",""
"2326","62da941cdd9d95738a12793e","control_Similar","99","SimilarControl","use","employ","use-employ","",""
"2327","62da941cdd9d95738a12793e","control_MaxMismatch","0","MaxMismatch","blooming","insulting","blooming-insulting","PhysicalMismatch","PositiveMismatch"
"2328","62da941cdd9d95738a12793e","control_Dissimilar","0","DissimilarControl","begin","end","begin-end","",""
"2329","62da941cdd9d95738a12793e","control_Similar","99","SimilarControl","buy","purchase","buy-purchase","",""
"2330","62da941cdd9d95738a12793e","control_MaxMatch_Negative_Physical","99","MaxMatch","rancid","smelly","rancid-smelly","PhysicalMatch","NegativeMatch"
"2331","62da941cdd9d95738a12793e","test_ConceptualMatch_Social","0","ConceptualMatchingOnly","joyful","heartbroken","joyful-heartbroken","ConceptualMatch:social","PositiveMismatch"
"2332","62da941cdd9d95738a12793e","control_MaxMatch_Positive_Physical","0","MaxMatch","fluffy","homemade","fluffy-homemade","PhysicalMatch","PositiveMatch"
"2333","62da941cdd9d95738a12793e","control_MaxMatch_Negative_Social","53","MaxMatch","grumpy","hateful","grumpy-hateful","SocialMatch","NegativeMatch"
"2334","62da941cdd9d95738a12793e","control_MaxMatch_Positive_Social","0","MaxMatch","joyful","courageous","joyful-courageous","SocialMatch","PositiveMatch"
"2335","62da941cdd9d95738a12793e","test_ValenceMatch_Positive","0","ValenceMatchingOnly","courageous","oceanic","courageous-oceanic","SocialMismatch","PositiveMatch"
"2336","62da941cdd9d95738a12793e","test_ValenceMatch_Negative","0","ValenceMatchingOnly","rancid","humiliating","rancid-humiliating","PhysicalMismatch","NegativeMatch"
"2337","62da941cdd9d95738a12793e","test_ConceptualMatch_Physical","0","ConceptualMatchingOnly","comatose","newborn","comatose-newborn","ConceptualMatch:physical","NegativeMismatch"
"2338","62da941cdd9d95738a12793e","control_Dissimilar","0","DissimilarControl","arrive","leave","arrive-leave","",""
"2339","62da941cdd9d95738a12793e","control_Similar","99","SimilarControl","show","display","show-display","",""
"2340","62da941cdd9d95738a12793e","control_MaxMismatch","0","MaxMismatch","decorative","hateful","decorative-hateful","PhysicalMismatch","PositiveMismatch"
"2341","6078b4ad9006e4f6572dde97","control_Dissimilar","0","DissimilarControl","push","pull","push-pull","",""
"2342","6078b4ad9006e4f6572dde97","control_Similar","99","SimilarControl","show","display","show-display","",""
"2343","6078b4ad9006e4f6572dde97","control_MaxMatch_Positive_Physical","45","MaxMatch","nutritious","homemade","nutritious-homemade","PhysicalMatch","PositiveMatch"
"2344","6078b4ad9006e4f6572dde97","control_MaxMatch_Negative_Social","0","MaxMatch","heartbroken","infuriating","heartbroken-infuriating","SocialMatch","NegativeMatch"
"2345","6078b4ad9006e4f6572dde97","control_MaxMismatch","0","MaxMismatch","homemade","infuriating","homemade-infuriating","PhysicalMismatch","PositiveMismatch"
"2346","6078b4ad9006e4f6572dde97","test_ConceptualMatch_Physical","0","ConceptualMatchingOnly","excruciating","homemade","excruciating-homemade","ConceptualMatch:physical","NegativeMismatch"
"2347","6078b4ad9006e4f6572dde97","control_Dissimilar","0","DissimilarControl","open","close","open-close","",""
"2348","6078b4ad9006e4f6572dde97","control_Similar","99","SimilarControl","begin","start","begin-start","",""
"2349","6078b4ad9006e4f6572dde97","control_MaxMatch_Negative_Physical","60","MaxMatch","excruciating","lifeless","excruciating-lifeless","PhysicalMatch","NegativeMatch"
"2350","6078b4ad9006e4f6572dde97","test_ValenceMatch_Negative","83","ValenceMatchingOnly","excruciating","insulting","excruciating-insulting","PhysicalMismatch","NegativeMatch"
"2351","6078b4ad9006e4f6572dde97","control_MaxMatch_Positive_Social","0","MaxMatch","hilarious","selfless","hilarious-selfless","SocialMatch","PositiveMatch"
"2352","6078b4ad9006e4f6572dde97","test_ConceptualMatch_Social","0","ConceptualMatchingOnly","hilarious","insulting","hilarious-insulting","ConceptualMatch:social","PositiveMismatch"
"2353","6078b4ad9006e4f6572dde97","test_ValenceMatch_Positive","0","ValenceMatchingOnly","hilarious","decorative","hilarious-decorative","SocialMismatch","PositiveMatch"
"2354","6078b4ad9006e4f6572dde97","control_Dissimilar","0","DissimilarControl","increase","decrease","increase-decrease","",""
"2355","6078b4ad9006e4f6572dde97","control_Similar","99","SimilarControl","need","require","need-require","",""
"2356","6078b4ad9006e4f6572dde97","control_MaxMatch_Positive_Physical","79","MaxMatch","fluffy","decorative","fluffy-decorative","PhysicalMatch","PositiveMatch"
"2357","6078b4ad9006e4f6572dde97","control_MaxMatch_Negative_Social","99","MaxMatch","infuriating","hateful","infuriating-hateful","SocialMatch","NegativeMatch"
"2358","6078b4ad9006e4f6572dde97","control_MaxMismatch","0","MaxMismatch","radiant","greedy","radiant-greedy","PhysicalMismatch","PositiveMismatch"
"2359","6078b4ad9006e4f6572dde97","test_ConceptualMatch_Physical","0","ConceptualMatchingOnly","seasick","blooming","seasick-blooming","ConceptualMatch:physical","NegativeMismatch"
"2360","6078b4ad9006e4f6572dde97","control_Dissimilar","0","DissimilarControl","add","remove","add-remove","",""
"2361","6078b4ad9006e4f6572dde97","control_Similar","99","SimilarControl","get","obtain","get-obtain","",""
"2362","6078b4ad9006e4f6572dde97","control_MaxMatch_Negative_Physical","55","MaxMatch","moldy","smelly","moldy-smelly","PhysicalMatch","NegativeMatch"
"2363","6078b4ad9006e4f6572dde97","test_ValenceMatch_Negative","0","ValenceMatchingOnly","smelly","hateful","smelly-hateful","PhysicalMismatch","NegativeMatch"
"2364","6078b4ad9006e4f6572dde97","control_MaxMatch_Positive_Social","99","MaxMatch","joyful","cheerful","joyful-cheerful","SocialMatch","PositiveMatch"
"2365","6078b4ad9006e4f6572dde97","test_ConceptualMatch_Social","0","ConceptualMatchingOnly","joyful","hateful","joyful-hateful","ConceptualMatch:social","PositiveMismatch"
"2366","6078b4ad9006e4f6572dde97","test_ValenceMatch_Positive","0","ValenceMatchingOnly","joyful","oceanic","joyful-oceanic","SocialMismatch","PositiveMatch"
"2367","6078b4ad9006e4f6572dde97","control_Dissimilar","0","DissimilarControl","arrive","leave","arrive-leave","",""
"2368","6078b4ad9006e4f6572dde97","control_Similar","99","SimilarControl","use","employ","use-employ","",""
"2369","6078b4ad9006e4f6572dde97","control_MaxMatch_Positive_Physical","70","MaxMatch","blooming","radiant","blooming-radiant","PhysicalMatch","PositiveMatch"
"2370","6078b4ad9006e4f6572dde97","control_MaxMatch_Negative_Social","10","MaxMatch","greedy","hateful","greedy-hateful","SocialMatch","NegativeMatch"
"2371","6078b4ad9006e4f6572dde97","control_MaxMismatch","0","MaxMismatch","floral","humiliating","floral-humiliating","PhysicalMismatch","PositiveMismatch"
"2372","6078b4ad9006e4f6572dde97","test_ConceptualMatch_Physical","0","ConceptualMatchingOnly","smelly","oceanic","smelly-oceanic","ConceptualMatch:physical","NegativeMismatch"
"2373","6078b4ad9006e4f6572dde97","control_Dissimilar","0","DissimilarControl","rise","fall","rise-fall","",""
"2374","6078b4ad9006e4f6572dde97","control_Similar","99","SimilarControl","ask","inquire","ask-inquire","",""
"2375","6078b4ad9006e4f6572dde97","control_MaxMatch_Negative_Physical","0","MaxMatch","moldy","obese","moldy-obese","PhysicalMatch","NegativeMatch"
"2376","6078b4ad9006e4f6572dde97","test_ValenceMatch_Negative","20","ValenceMatchingOnly","rancid","stingy","rancid-stingy","PhysicalMismatch","NegativeMatch"
"2377","6078b4ad9006e4f6572dde97","control_MaxMatch_Positive_Social","0","MaxMatch","carefree","dependable","carefree-dependable","SocialMatch","PositiveMatch"
"2378","6078b4ad9006e4f6572dde97","test_ConceptualMatch_Social","22","ConceptualMatchingOnly","courageous","grumpy","courageous-grumpy","ConceptualMatch:social","PositiveMismatch"
"2379","6078b4ad9006e4f6572dde97","test_ValenceMatch_Positive","16","ValenceMatchingOnly","brotherly","newborn","brotherly-newborn","SocialMismatch","PositiveMatch"
"2380","6078b4ad9006e4f6572dde97","control_Dissimilar","0","DissimilarControl","give","take","give-take","",""
"2381","6078b4ad9006e4f6572dde97","control_Similar","99","SimilarControl","speak","talk","speak-talk","",""
"2382","6078b4ad9006e4f6572dde97","control_MaxMatch_Positive_Physical","25","MaxMatch","homemade","radiant","homemade-radiant","PhysicalMatch","PositiveMatch"
"2383","6078b4ad9006e4f6572dde97","control_MaxMatch_Negative_Social","61","MaxMatch","racist","dreaded","racist-dreaded","SocialMatch","NegativeMatch"
"2384","6078b4ad9006e4f6572dde97","control_MaxMismatch","14","MaxMismatch","homemade","heartbroken","homemade-heartbroken","PhysicalMismatch","PositiveMismatch"
"2385","6078b4ad9006e4f6572dde97","test_ConceptualMatch_Physical","14","ConceptualMatchingOnly","moldy","homemade","moldy-homemade","ConceptualMatch:physical","NegativeMismatch"
"2386","6078b4ad9006e4f6572dde97","control_Dissimilar","0","DissimilarControl","come","go","come-go","",""
"2387","6078b4ad9006e4f6572dde97","control_Similar","99","SimilarControl","help","assist","help-assist","",""
"2388","6078b4ad9006e4f6572dde97","control_MaxMatch_Negative_Physical","22","MaxMatch","lifeless","smelly","lifeless-smelly","PhysicalMatch","NegativeMatch"
"2389","6078b4ad9006e4f6572dde97","test_ValenceMatch_Negative","0","ValenceMatchingOnly","smelly","stingy","smelly-stingy","PhysicalMismatch","NegativeMatch"
"2390","6078b4ad9006e4f6572dde97","control_MaxMatch_Positive_Social","48","MaxMatch","cheerful","selfless","cheerful-selfless","SocialMatch","PositiveMatch"
"2391","6078b4ad9006e4f6572dde97","test_ConceptualMatch_Social","9","ConceptualMatchingOnly","hilarious","dreaded","hilarious-dreaded","ConceptualMatch:social","PositiveMismatch"
"2392","6078b4ad9006e4f6572dde97","test_ValenceMatch_Positive","67","ValenceMatchingOnly","joyful","blooming","joyful-blooming","SocialMismatch","PositiveMatch"
"2393","6078b4ad9006e4f6572dde97","control_Dissimilar","0","DissimilarControl","enter","exit","enter-exit","",""
"2394","6078b4ad9006e4f6572dde97","control_Similar","99","SimilarControl","end","finish","end-finish","",""
"2395","6078b4ad9006e4f6572dde97","control_MaxMatch_Positive_Physical","10","MaxMatch","floral","nutritious","floral-nutritious","PhysicalMatch","PositiveMatch"
"2396","6078b4ad9006e4f6572dde97","control_MaxMatch_Negative_Social","48","MaxMatch","insulting","grumpy","insulting-grumpy","SocialMatch","NegativeMatch"
"2397","6078b4ad9006e4f6572dde97","control_MaxMismatch","13","MaxMismatch","newborn","greedy","newborn-greedy","PhysicalMismatch","PositiveMismatch"
"2398","6078b4ad9006e4f6572dde97","test_ConceptualMatch_Physical","0","ConceptualMatchingOnly","seasick","newborn","seasick-newborn","ConceptualMatch:physical","NegativeMismatch"
"2399","6078b4ad9006e4f6572dde97","control_Dissimilar","0","DissimilarControl","begin","end","begin-end","",""
"2400","6078b4ad9006e4f6572dde97","control_Similar","99","SimilarControl","buy","purchase","buy-purchase","",""
"2401","6078b4ad9006e4f6572dde97","control_MaxMatch_Negative_Physical","0","MaxMatch","obese","itchy","obese-itchy","PhysicalMatch","NegativeMatch"
"2402","6078b4ad9006e4f6572dde97","test_ValenceMatch_Negative","4","ValenceMatchingOnly","itchy","dreaded","itchy-dreaded","PhysicalMismatch","NegativeMatch"
"2403","6078b4ad9006e4f6572dde97","control_MaxMatch_Positive_Social","63","MaxMatch","brotherly","selfless","brotherly-selfless","SocialMatch","PositiveMatch"
"2404","6078b4ad9006e4f6572dde97","test_ConceptualMatch_Social","0","ConceptualMatchingOnly","dependable","racist","dependable-racist","ConceptualMatch:social","PositiveMismatch"
"2405","6078b4ad9006e4f6572dde97","test_ValenceMatch_Positive","47","ValenceMatchingOnly","carefree","newborn","carefree-newborn","SocialMismatch","PositiveMatch"
"2406","651090beae417ded35c4ef2f","control_Dissimilar","0","DissimilarControl","begin","end","begin-end","",""
"2407","651090beae417ded35c4ef2f","control_Similar","99","SimilarControl","get","obtain","get-obtain","",""
"2408","651090beae417ded35c4ef2f","control_MaxMismatch","0","MaxMismatch","blooming","racist","blooming-racist","PhysicalMismatch","PositiveMismatch"
"2409","651090beae417ded35c4ef2f","control_Dissimilar","0","DissimilarControl","arrive","leave","arrive-leave","",""
"2410","651090beae417ded35c4ef2f","test_ValenceMatch_Negative","0","ValenceMatchingOnly","comatose","insulting","comatose-insulting","PhysicalMismatch","NegativeMatch"
"2411","651090beae417ded35c4ef2f","control_MaxMatch_Negative_Social","9","MaxMatch","heartbroken","humiliating","heartbroken-humiliating","SocialMatch","NegativeMatch"
"2412","651090beae417ded35c4ef2f","test_ConceptualMatch_Physical","0","ConceptualMatchingOnly","smelly","decorative","smelly-decorative","ConceptualMatch:physical","NegativeMismatch"
"2413","651090beae417ded35c4ef2f","control_Similar","99","SimilarControl","speak","talk","speak-talk","",""
"2414","651090beae417ded35c4ef2f","control_MaxMatch_Positive_Social","36","MaxMatch","carefree","courageous","carefree-courageous","SocialMatch","PositiveMatch"
"2415","651090beae417ded35c4ef2f","test_ConceptualMatch_Social","0","ConceptualMatchingOnly","witty","greedy","witty-greedy","ConceptualMatch:social","PositiveMismatch"
"2416","651090beae417ded35c4ef2f","control_MaxMatch_Negative_Physical","0","MaxMatch","moldy","obese","moldy-obese","PhysicalMatch","NegativeMatch"
"2417","651090beae417ded35c4ef2f","control_MaxMatch_Positive_Physical","0","MaxMatch","blooming","homemade","blooming-homemade","PhysicalMatch","PositiveMatch"
"2418","651090beae417ded35c4ef2f","test_ValenceMatch_Positive","0","ValenceMatchingOnly","courageous","blooming","courageous-blooming","SocialMismatch","PositiveMatch"
"2419","651090beae417ded35c4ef2f","control_Dissimilar","0","DissimilarControl","enter","exit","enter-exit","",""
"2420","651090beae417ded35c4ef2f","control_Similar","99","SimilarControl","buy","purchase","buy-purchase","",""
"2421","651090beae417ded35c4ef2f","control_MaxMismatch","0","MaxMismatch","floral","stingy","floral-stingy","PhysicalMismatch","PositiveMismatch"
"2422","651090beae417ded35c4ef2f","control_Dissimilar","0","DissimilarControl","open","close","open-close","",""
"2423","651090beae417ded35c4ef2f","test_ValenceMatch_Negative","0","ValenceMatchingOnly","nauseous","humiliating","nauseous-humiliating","PhysicalMismatch","NegativeMatch"
"2424","651090beae417ded35c4ef2f","control_MaxMatch_Negative_Social","0","MaxMatch","insulting","stingy","insulting-stingy","SocialMatch","NegativeMatch"
"2425","651090beae417ded35c4ef2f","test_ConceptualMatch_Physical","0","ConceptualMatchingOnly","smelly","oceanic","smelly-oceanic","ConceptualMatch:physical","NegativeMismatch"
"2426","651090beae417ded35c4ef2f","control_Similar","99","SimilarControl","help","assist","help-assist","",""
"2427","651090beae417ded35c4ef2f","control_MaxMatch_Positive_Social","0","MaxMatch","hilarious","dependable","hilarious-dependable","SocialMatch","PositiveMatch"
"2428","651090beae417ded35c4ef2f","test_ConceptualMatch_Social","0","ConceptualMatchingOnly","courageous","hateful","courageous-hateful","ConceptualMatch:social","PositiveMismatch"
"2429","651090beae417ded35c4ef2f","control_MaxMatch_Negative_Physical","0","MaxMatch","comatose","seasick","comatose-seasick","PhysicalMatch","NegativeMatch"
"2430","651090beae417ded35c4ef2f","control_MaxMatch_Positive_Physical","0","MaxMatch","radiant","newborn","radiant-newborn","PhysicalMatch","PositiveMatch"
"2431","651090beae417ded35c4ef2f","test_ValenceMatch_Positive","0","ValenceMatchingOnly","joyful","newborn","joyful-newborn","SocialMismatch","PositiveMatch"
"2432","651090beae417ded35c4ef2f","control_Dissimilar","0","DissimilarControl","give","take","give-take","",""
"2433","651090beae417ded35c4ef2f","control_Similar","99","SimilarControl","ask","inquire","ask-inquire","",""
"2434","651090beae417ded35c4ef2f","control_MaxMismatch","0","MaxMismatch","blooming","humiliating","blooming-humiliating","PhysicalMismatch","PositiveMismatch"
"2435","651090beae417ded35c4ef2f","control_Dissimilar","0","DissimilarControl","come","go","come-go","",""
"2436","651090beae417ded35c4ef2f","test_ValenceMatch_Negative","0","ValenceMatchingOnly","rancid","dreaded","rancid-dreaded","PhysicalMismatch","NegativeMatch"
"2437","651090beae417ded35c4ef2f","control_MaxMatch_Negative_Social","3","MaxMatch","humiliating","hateful","humiliating-hateful","SocialMatch","NegativeMatch"
"2438","651090beae417ded35c4ef2f","test_ConceptualMatch_Physical","0","ConceptualMatchingOnly","itchy","fluffy","itchy-fluffy","ConceptualMatch:physical","NegativeMismatch"
"2439","651090beae417ded35c4ef2f","control_Similar","99","SimilarControl","begin","start","begin-start","",""
"2440","651090beae417ded35c4ef2f","control_MaxMatch_Positive_Social","0","MaxMatch","joyful","courageous","joyful-courageous","SocialMatch","PositiveMatch"
"2441","651090beae417ded35c4ef2f","test_ConceptualMatch_Social","0","ConceptualMatchingOnly","cheerful","heartbroken","cheerful-heartbroken","ConceptualMatch:social","PositiveMismatch"
"2442","651090beae417ded35c4ef2f","control_MaxMatch_Negative_Physical","0","MaxMatch","moldy","lifeless","moldy-lifeless","PhysicalMatch","NegativeMatch"
"2443","651090beae417ded35c4ef2f","control_MaxMatch_Positive_Physical","0","MaxMatch","floral","decorative","floral-decorative","PhysicalMatch","PositiveMatch"
"2444","651090beae417ded35c4ef2f","test_ValenceMatch_Positive","0","ValenceMatchingOnly","easygoing","floral","easygoing-floral","SocialMismatch","PositiveMatch"
"2445","651090beae417ded35c4ef2f","control_Dissimilar","0","DissimilarControl","push","pull","push-pull","",""
"2446","651090beae417ded35c4ef2f","control_Similar","99","SimilarControl","end","finish","end-finish","",""
"2447","651090beae417ded35c4ef2f","control_MaxMismatch","0","MaxMismatch","floral","racist","floral-racist","PhysicalMismatch","PositiveMismatch"
"2448","651090beae417ded35c4ef2f","control_Dissimilar","0","DissimilarControl","add","remove","add-remove","",""
"2449","651090beae417ded35c4ef2f","test_ValenceMatch_Negative","0","ValenceMatchingOnly","rancid","hateful","rancid-hateful","PhysicalMismatch","NegativeMatch"
"2450","651090beae417ded35c4ef2f","control_MaxMatch_Negative_Social","0","MaxMatch","grumpy","infuriating","grumpy-infuriating","SocialMatch","NegativeMatch"
"2451","651090beae417ded35c4ef2f","test_ConceptualMatch_Physical","0","ConceptualMatchingOnly","smelly","homemade","smelly-homemade","ConceptualMatch:physical","NegativeMismatch"
"2452","651090beae417ded35c4ef2f","control_Similar","99","SimilarControl","use","employ","use-employ","",""
"2453","651090beae417ded35c4ef2f","control_MaxMatch_Positive_Social","93","MaxMatch","joyful","carefree","joyful-carefree","SocialMatch","PositiveMatch"
"2454","651090beae417ded35c4ef2f","test_ConceptualMatch_Social","0","ConceptualMatchingOnly","easygoing","racist","easygoing-racist","ConceptualMatch:social","PositiveMismatch"
"2455","651090beae417ded35c4ef2f","control_MaxMatch_Negative_Physical","0","MaxMatch","excruciating","obese","excruciating-obese","PhysicalMatch","NegativeMatch"
"2456","651090beae417ded35c4ef2f","control_MaxMatch_Positive_Physical","0","MaxMatch","decorative","newborn","decorative-newborn","PhysicalMatch","PositiveMatch"
"2457","651090beae417ded35c4ef2f","test_ValenceMatch_Positive","0","ValenceMatchingOnly","dependable","radiant","dependable-radiant","SocialMismatch","PositiveMatch"
"2458","651090beae417ded35c4ef2f","control_Dissimilar","2","DissimilarControl","increase","decrease","increase-decrease","",""
"2459","651090beae417ded35c4ef2f","control_Similar","99","SimilarControl","show","display","show-display","",""
"2460","651090beae417ded35c4ef2f","control_MaxMismatch","0","MaxMismatch","fluffy","racist","fluffy-racist","PhysicalMismatch","PositiveMismatch"
"2461","651090beae417ded35c4ef2f","control_Dissimilar","0","DissimilarControl","rise","fall","rise-fall","",""
"2462","651090beae417ded35c4ef2f","test_ValenceMatch_Negative","0","ValenceMatchingOnly","lifeless","racist","lifeless-racist","PhysicalMismatch","NegativeMatch"
"2463","651090beae417ded35c4ef2f","control_MaxMatch_Negative_Social","0","MaxMatch","racist","stingy","racist-stingy","SocialMatch","NegativeMatch"
"2464","651090beae417ded35c4ef2f","test_ConceptualMatch_Physical","0","ConceptualMatchingOnly","moldy","floral","moldy-floral","ConceptualMatch:physical","NegativeMismatch"
"2465","651090beae417ded35c4ef2f","control_Similar","99","SimilarControl","need","require","need-require","",""
"2466","651090beae417ded35c4ef2f","control_MaxMatch_Positive_Social","0","MaxMatch","brotherly","witty","brotherly-witty","SocialMatch","PositiveMatch"
"2467","651090beae417ded35c4ef2f","test_ConceptualMatch_Social","0","ConceptualMatchingOnly","hilarious","stingy","hilarious-stingy","ConceptualMatch:social","PositiveMismatch"
"2468","651090beae417ded35c4ef2f","control_MaxMatch_Negative_Physical","0","MaxMatch","obese","seasick","obese-seasick","PhysicalMatch","NegativeMatch"
"2469","651090beae417ded35c4ef2f","control_MaxMatch_Positive_Physical","0","MaxMatch","fluffy","floral","fluffy-floral","PhysicalMatch","PositiveMatch"
"2470","651090beae417ded35c4ef2f","test_ValenceMatch_Positive","0","ValenceMatchingOnly","dependable","oceanic","dependable-oceanic","SocialMismatch","PositiveMatch"
"2471","5b735a4c3503c60001a891b7","control_Dissimilar","33","DissimilarControl","push","pull","push-pull","",""
"2472","5b735a4c3503c60001a891b7","control_Similar","93","SimilarControl","ask","inquire","ask-inquire","",""
"2473","5b735a4c3503c60001a891b7","control_Dissimilar","26","DissimilarControl","give","take","give-take","",""
"2474","5b735a4c3503c60001a891b7","control_MaxMatch_Negative_Social","57","MaxMatch","heartbroken","hateful","heartbroken-hateful","SocialMatch","NegativeMatch"
"2475","5b735a4c3503c60001a891b7","test_ConceptualMatch_Physical","0","ConceptualMatchingOnly","comatose","nutritious","comatose-nutritious","ConceptualMatch:physical","NegativeMismatch"
"2476","5b735a4c3503c60001a891b7","control_MaxMatch_Negative_Physical","39","MaxMatch","comatose","seasick","comatose-seasick","PhysicalMatch","NegativeMatch"
"2477","5b735a4c3503c60001a891b7","control_Similar","88","SimilarControl","help","assist","help-assist","",""
"2478","5b735a4c3503c60001a891b7","test_ValenceMatch_Positive","0","ValenceMatchingOnly","witty","homemade","witty-homemade","SocialMismatch","PositiveMatch"
"2479","5b735a4c3503c60001a891b7","control_MaxMatch_Positive_Physical","7","MaxMatch","blooming","nutritious","blooming-nutritious","PhysicalMatch","PositiveMatch"
"2480","5b735a4c3503c60001a891b7","test_ConceptualMatch_Social","0","ConceptualMatchingOnly","courageous","racist","courageous-racist","ConceptualMatch:social","PositiveMismatch"
"2481","5b735a4c3503c60001a891b7","control_MaxMismatch","0","MaxMismatch","floral","infuriating","floral-infuriating","PhysicalMismatch","PositiveMismatch"
"2482","5b735a4c3503c60001a891b7","test_ValenceMatch_Negative","5","ValenceMatchingOnly","comatose","dreaded","comatose-dreaded","PhysicalMismatch","NegativeMatch"
"2483","5b735a4c3503c60001a891b7","control_MaxMatch_Positive_Social","77","MaxMatch","joyful","dependable","joyful-dependable","SocialMatch","PositiveMatch"
"2484","5b735a4c3503c60001a891b7","control_Dissimilar","41","DissimilarControl","come","go","come-go","",""
"2485","5b735a4c3503c60001a891b7","control_Similar","90","SimilarControl","get","obtain","get-obtain","",""
"2486","5b735a4c3503c60001a891b7","control_Dissimilar","29","DissimilarControl","rise","fall","rise-fall","",""
"2487","5b735a4c3503c60001a891b7","control_MaxMatch_Negative_Social","0","MaxMatch","heartbroken","stingy","heartbroken-stingy","SocialMatch","NegativeMatch"
"2488","5b735a4c3503c60001a891b7","test_ConceptualMatch_Physical","0","ConceptualMatchingOnly","seasick","nutritious","seasick-nutritious","ConceptualMatch:physical","NegativeMismatch"
"2489","5b735a4c3503c60001a891b7","control_MaxMatch_Negative_Physical","22","MaxMatch","excruciating","lifeless","excruciating-lifeless","PhysicalMatch","NegativeMatch"
"2490","5b735a4c3503c60001a891b7","control_Similar","42","SimilarControl","use","employ","use-employ","",""
"2491","5b735a4c3503c60001a891b7","test_ValenceMatch_Positive","0","ValenceMatchingOnly","carefree","oceanic","carefree-oceanic","SocialMismatch","PositiveMatch"
"2492","5b735a4c3503c60001a891b7","control_MaxMatch_Positive_Physical","0","MaxMatch","homemade","radiant","homemade-radiant","PhysicalMatch","PositiveMatch"
"2493","5b735a4c3503c60001a891b7","test_ConceptualMatch_Social","35","ConceptualMatchingOnly","witty","stingy","witty-stingy","ConceptualMatch:social","PositiveMismatch"
"2494","5b735a4c3503c60001a891b7","control_MaxMismatch","0","MaxMismatch","sunny","insulting","sunny-insulting","PhysicalMismatch","PositiveMismatch"
"2495","5b735a4c3503c60001a891b7","test_ValenceMatch_Negative","84","ValenceMatchingOnly","excruciating","dreaded","excruciating-dreaded","PhysicalMismatch","NegativeMatch"
"2496","5b735a4c3503c60001a891b7","control_MaxMatch_Positive_Social","58","MaxMatch","cheerful","selfless","cheerful-selfless","SocialMatch","PositiveMatch"
"2497","5b735a4c3503c60001a891b7","control_Dissimilar","28","DissimilarControl","increase","decrease","increase-decrease","",""
"2498","5b735a4c3503c60001a891b7","control_Similar","86","SimilarControl","end","finish","end-finish","",""
"2499","5b735a4c3503c60001a891b7","control_Dissimilar","29","DissimilarControl","enter","exit","enter-exit","",""
"2500","5b735a4c3503c60001a891b7","control_MaxMatch_Negative_Social","4","MaxMatch","insulting","heartbroken","insulting-heartbroken","SocialMatch","NegativeMatch"
"2501","5b735a4c3503c60001a891b7","test_ConceptualMatch_Physical","0","ConceptualMatchingOnly","moldy","sunny","moldy-sunny","ConceptualMatch:physical","NegativeMismatch"
"2502","5b735a4c3503c60001a891b7","control_MaxMatch_Negative_Physical","0","MaxMatch","excruciating","rancid","excruciating-rancid","PhysicalMatch","NegativeMatch"
"2503","5b735a4c3503c60001a891b7","control_Similar","96","SimilarControl","begin","start","begin-start","",""
"2504","5b735a4c3503c60001a891b7","test_ValenceMatch_Positive","7","ValenceMatchingOnly","witty","decorative","witty-decorative","SocialMismatch","PositiveMatch"
"2505","5b735a4c3503c60001a891b7","control_MaxMatch_Positive_Physical","0","MaxMatch","oceanic","decorative","oceanic-decorative","PhysicalMatch","PositiveMatch"
"2506","5b735a4c3503c60001a891b7","test_ConceptualMatch_Social","11","ConceptualMatchingOnly","easygoing","insulting","easygoing-insulting","ConceptualMatch:social","PositiveMismatch"
"2507","5b735a4c3503c60001a891b7","control_MaxMismatch","0","MaxMismatch","decorative","stingy","decorative-stingy","PhysicalMismatch","PositiveMismatch"
"2508","5b735a4c3503c60001a891b7","test_ValenceMatch_Negative","13","ValenceMatchingOnly","nauseous","heartbroken","nauseous-heartbroken","PhysicalMismatch","NegativeMatch"
"2509","5b735a4c3503c60001a891b7","control_MaxMatch_Positive_Social","58","MaxMatch","easygoing","hilarious","easygoing-hilarious","SocialMatch","PositiveMatch"
"2510","5b735a4c3503c60001a891b7","control_Dissimilar","20","DissimilarControl","arrive","leave","arrive-leave","",""
"2511","5b735a4c3503c60001a891b7","control_Similar","91","SimilarControl","speak","talk","speak-talk","",""
"2512","5b735a4c3503c60001a891b7","control_Dissimilar","18","DissimilarControl","add","remove","add-remove","",""
"2513","5b735a4c3503c60001a891b7","control_MaxMatch_Negative_Social","0","MaxMatch","heartbroken","racist","heartbroken-racist","SocialMatch","NegativeMatch"
"2514","5b735a4c3503c60001a891b7","test_ConceptualMatch_Physical","0","ConceptualMatchingOnly","seasick","sunny","seasick-sunny","ConceptualMatch:physical","NegativeMismatch"
"2515","5b735a4c3503c60001a891b7","control_MaxMatch_Negative_Physical","12","MaxMatch","comatose","itchy","comatose-itchy","PhysicalMatch","NegativeMatch"
"2516","5b735a4c3503c60001a891b7","control_Similar","92","SimilarControl","show","display","show-display","",""
"2517","5b735a4c3503c60001a891b7","test_ValenceMatch_Positive","2","ValenceMatchingOnly","dependable","nutritious","dependable-nutritious","SocialMismatch","PositiveMatch"
"2518","5b735a4c3503c60001a891b7","control_MaxMatch_Positive_Physical","0","MaxMatch","fluffy","oceanic","fluffy-oceanic","PhysicalMatch","PositiveMatch"
"2519","5b735a4c3503c60001a891b7","test_ConceptualMatch_Social","55","ConceptualMatchingOnly","witty","insulting","witty-insulting","ConceptualMatch:social","PositiveMismatch"
"2520","5b735a4c3503c60001a891b7","control_MaxMismatch","3","MaxMismatch","nutritious","stingy","nutritious-stingy","PhysicalMismatch","PositiveMismatch"
"2521","5b735a4c3503c60001a891b7","test_ValenceMatch_Negative","1","ValenceMatchingOnly","excruciating","greedy","excruciating-greedy","PhysicalMismatch","NegativeMatch"
"2522","5b735a4c3503c60001a891b7","control_MaxMatch_Positive_Social","73","MaxMatch","easygoing","carefree","easygoing-carefree","SocialMatch","PositiveMatch"
"2523","5b735a4c3503c60001a891b7","control_Dissimilar","15","DissimilarControl","open","close","open-close","",""
"2524","5b735a4c3503c60001a891b7","control_Similar","96","SimilarControl","buy","purchase","buy-purchase","",""
"2525","5b735a4c3503c60001a891b7","control_Dissimilar","14","DissimilarControl","begin","end","begin-end","",""
"2526","5b735a4c3503c60001a891b7","control_MaxMatch_Negative_Social","21","MaxMatch","greedy","hateful","greedy-hateful","SocialMatch","NegativeMatch"
"2527","5b735a4c3503c60001a891b7","test_ConceptualMatch_Physical","7","ConceptualMatchingOnly","rancid","radiant","rancid-radiant","ConceptualMatch:physical","NegativeMismatch"
"2528","5b735a4c3503c60001a891b7","control_MaxMatch_Negative_Physical","21","MaxMatch","itchy","smelly","itchy-smelly","PhysicalMatch","NegativeMatch"
"2529","5b735a4c3503c60001a891b7","control_Similar","94","SimilarControl","need","require","need-require","",""
"2530","5b735a4c3503c60001a891b7","test_ValenceMatch_Positive","31","ValenceMatchingOnly","carefree","newborn","carefree-newborn","SocialMismatch","PositiveMatch"
"2531","5b735a4c3503c60001a891b7","control_MaxMatch_Positive_Physical","22","MaxMatch","sunny","floral","sunny-floral","PhysicalMatch","PositiveMatch"
"2532","5b735a4c3503c60001a891b7","test_ConceptualMatch_Social","11","ConceptualMatchingOnly","brotherly","grumpy","brotherly-grumpy","ConceptualMatch:social","PositiveMismatch"
"2533","5b735a4c3503c60001a891b7","control_MaxMismatch","0","MaxMismatch","newborn","humiliating","newborn-humiliating","PhysicalMismatch","PositiveMismatch"
"2534","5b735a4c3503c60001a891b7","test_ValenceMatch_Negative","10","ValenceMatchingOnly","nauseous","greedy","nauseous-greedy","PhysicalMismatch","NegativeMatch"
"2535","5b735a4c3503c60001a891b7","control_MaxMatch_Positive_Social","72","MaxMatch","easygoing","dependable","easygoing-dependable","SocialMatch","PositiveMatch"
"2536","6123d102b713b8a947fd2eb2","control_Similar","95","SimilarControl","use","employ","use-employ","",""
"2537","6123d102b713b8a947fd2eb2","control_Dissimilar","0","DissimilarControl","increase","decrease","increase-decrease","",""
"2538","6123d102b713b8a947fd2eb2","control_MaxMismatch","0","MaxMismatch","newborn","heartbroken","newborn-heartbroken","PhysicalMismatch","PositiveMismatch"
"2539","6123d102b713b8a947fd2eb2","test_ValenceMatch_Positive","0","ValenceMatchingOnly","carefree","fluffy","carefree-fluffy","SocialMismatch","PositiveMatch"
"2540","6123d102b713b8a947fd2eb2","control_Similar","99","SimilarControl","buy","purchase","buy-purchase","",""
"2541","6123d102b713b8a947fd2eb2","test_ConceptualMatch_Social","0","ConceptualMatchingOnly","courageous","stingy","courageous-stingy","ConceptualMatch:social","PositiveMismatch"
"2542","6123d102b713b8a947fd2eb2","control_MaxMatch_Negative_Physical","0","MaxMatch","excruciating","lifeless","excruciating-lifeless","PhysicalMatch","NegativeMatch"
"2543","6123d102b713b8a947fd2eb2","control_MaxMatch_Positive_Social","67","MaxMatch","brotherly","cheerful","brotherly-cheerful","SocialMatch","PositiveMatch"
"2544","6123d102b713b8a947fd2eb2","control_Dissimilar","0","DissimilarControl","open","close","open-close","",""
"2545","6123d102b713b8a947fd2eb2","control_MaxMatch_Positive_Physical","3","MaxMatch","oceanic","decorative","oceanic-decorative","PhysicalMatch","PositiveMatch"
"2546","6123d102b713b8a947fd2eb2","test_ConceptualMatch_Physical","0","ConceptualMatchingOnly","seasick","radiant","seasick-radiant","ConceptualMatch:physical","NegativeMismatch"
"2547","6123d102b713b8a947fd2eb2","test_ValenceMatch_Negative","21","ValenceMatchingOnly","moldy","dreaded","moldy-dreaded","PhysicalMismatch","NegativeMatch"
"2548","6123d102b713b8a947fd2eb2","control_MaxMatch_Negative_Social","36","MaxMatch","dreaded","hateful","dreaded-hateful","SocialMatch","NegativeMatch"
"2549","6123d102b713b8a947fd2eb2","control_Similar","99","SimilarControl","end","finish","end-finish","",""
"2550","6123d102b713b8a947fd2eb2","control_Dissimilar","0","DissimilarControl","enter","exit","enter-exit","",""
"2551","6123d102b713b8a947fd2eb2","control_MaxMismatch","0","MaxMismatch","oceanic","grumpy","oceanic-grumpy","PhysicalMismatch","PositiveMismatch"
"2552","6123d102b713b8a947fd2eb2","test_ValenceMatch_Positive","0","ValenceMatchingOnly","easygoing","nutritious","easygoing-nutritious","SocialMismatch","PositiveMatch"
"2553","6123d102b713b8a947fd2eb2","control_Similar","76","SimilarControl","need","require","need-require","",""
"2554","6123d102b713b8a947fd2eb2","test_ConceptualMatch_Social","0","ConceptualMatchingOnly","selfless","racist","selfless-racist","ConceptualMatch:social","PositiveMismatch"
"2555","6123d102b713b8a947fd2eb2","control_MaxMatch_Negative_Physical","55","MaxMatch","moldy","itchy","moldy-itchy","PhysicalMatch","NegativeMatch"
"2556","6123d102b713b8a947fd2eb2","control_MaxMatch_Positive_Social","69","MaxMatch","joyful","hilarious","joyful-hilarious","SocialMatch","PositiveMatch"
"2557","6123d102b713b8a947fd2eb2","control_Dissimilar","0","DissimilarControl","come","go","come-go","",""
"2558","6123d102b713b8a947fd2eb2","control_MaxMatch_Positive_Physical","34","MaxMatch","sunny","newborn","sunny-newborn","PhysicalMatch","PositiveMatch"
"2559","6123d102b713b8a947fd2eb2","test_ConceptualMatch_Physical","0","ConceptualMatchingOnly","rancid","radiant","rancid-radiant","ConceptualMatch:physical","NegativeMismatch"
"2560","6123d102b713b8a947fd2eb2","test_ValenceMatch_Negative","63","ValenceMatchingOnly","excruciating","dreaded","excruciating-dreaded","PhysicalMismatch","NegativeMatch"
"2561","6123d102b713b8a947fd2eb2","control_MaxMatch_Negative_Social","26","MaxMatch","grumpy","infuriating","grumpy-infuriating","SocialMatch","NegativeMatch"
"2562","6123d102b713b8a947fd2eb2","control_Similar","98","SimilarControl","begin","start","begin-start","",""
"2563","6123d102b713b8a947fd2eb2","control_Dissimilar","0","DissimilarControl","add","remove","add-remove","",""
"2564","6123d102b713b8a947fd2eb2","control_MaxMismatch","0","MaxMismatch","nutritious","humiliating","nutritious-humiliating","PhysicalMismatch","PositiveMismatch"
"2565","6123d102b713b8a947fd2eb2","test_ValenceMatch_Positive","44","ValenceMatchingOnly","cheerful","blooming","cheerful-blooming","SocialMismatch","PositiveMatch"
"2566","6123d102b713b8a947fd2eb2","control_Similar","94","SimilarControl","ask","inquire","ask-inquire","",""
"2567","6123d102b713b8a947fd2eb2","test_ConceptualMatch_Social","0","ConceptualMatchingOnly","dependable","hateful","dependable-hateful","ConceptualMatch:social","PositiveMismatch"
"2568","6123d102b713b8a947fd2eb2","control_MaxMatch_Negative_Physical","25","MaxMatch","excruciating","itchy","excruciating-itchy","PhysicalMatch","NegativeMatch"
"2569","6123d102b713b8a947fd2eb2","control_MaxMatch_Positive_Social","21","MaxMatch","easygoing","selfless","easygoing-selfless","SocialMatch","PositiveMatch"
"2570","6123d102b713b8a947fd2eb2","control_Dissimilar","0","DissimilarControl","rise","fall","rise-fall","",""
"2571","6123d102b713b8a947fd2eb2","control_MaxMatch_Positive_Physical","20","MaxMatch","nutritious","newborn","nutritious-newborn","PhysicalMatch","PositiveMatch"
"2572","6123d102b713b8a947fd2eb2","test_ConceptualMatch_Physical","0","ConceptualMatchingOnly","seasick","sunny","seasick-sunny","ConceptualMatch:physical","NegativeMismatch"
"2573","6123d102b713b8a947fd2eb2","test_ValenceMatch_Negative","3","ValenceMatchingOnly","rancid","infuriating","rancid-infuriating","PhysicalMismatch","NegativeMatch"
"2574","6123d102b713b8a947fd2eb2","control_MaxMatch_Negative_Social","6","MaxMatch","heartbroken","stingy","heartbroken-stingy","SocialMatch","NegativeMatch"
"2575","6123d102b713b8a947fd2eb2","control_Similar","97","SimilarControl","help","assist","help-assist","",""
"2576","6123d102b713b8a947fd2eb2","control_Dissimilar","0","DissimilarControl","push","pull","push-pull","",""
"2577","6123d102b713b8a947fd2eb2","control_MaxMismatch","0","MaxMismatch","nutritious","greedy","nutritious-greedy","PhysicalMismatch","PositiveMismatch"
"2578","6123d102b713b8a947fd2eb2","test_ValenceMatch_Positive","46","ValenceMatchingOnly","dependable","homemade","dependable-homemade","SocialMismatch","PositiveMatch"
"2579","6123d102b713b8a947fd2eb2","control_Similar","99","SimilarControl","get","obtain","get-obtain","",""
"2580","6123d102b713b8a947fd2eb2","test_ConceptualMatch_Social","5","ConceptualMatchingOnly","carefree","greedy","carefree-greedy","ConceptualMatch:social","PositiveMismatch"
"2581","6123d102b713b8a947fd2eb2","control_MaxMatch_Negative_Physical","2","MaxMatch","nauseous","lifeless","nauseous-lifeless","PhysicalMatch","NegativeMatch"
"2582","6123d102b713b8a947fd2eb2","control_MaxMatch_Positive_Social","7","MaxMatch","hilarious","courageous","hilarious-courageous","SocialMatch","PositiveMatch"
"2583","6123d102b713b8a947fd2eb2","control_Dissimilar","0","DissimilarControl","give","take","give-take","",""
"2584","6123d102b713b8a947fd2eb2","control_MaxMatch_Positive_Physical","45","MaxMatch","fluffy","floral","fluffy-floral","PhysicalMatch","PositiveMatch"
"2585","6123d102b713b8a947fd2eb2","test_ConceptualMatch_Physical","0","ConceptualMatchingOnly","nauseous","radiant","nauseous-radiant","ConceptualMatch:physical","NegativeMismatch"
"2586","6123d102b713b8a947fd2eb2","test_ValenceMatch_Negative","4","ValenceMatchingOnly","itchy","grumpy","itchy-grumpy","PhysicalMismatch","NegativeMatch"
"2587","6123d102b713b8a947fd2eb2","control_MaxMatch_Negative_Social","3","MaxMatch","grumpy","humiliating","grumpy-humiliating","SocialMatch","NegativeMatch"
"2588","6123d102b713b8a947fd2eb2","control_Similar","99","SimilarControl","speak","talk","speak-talk","",""
"2589","6123d102b713b8a947fd2eb2","control_Dissimilar","1","DissimilarControl","begin","end","begin-end","",""
"2590","6123d102b713b8a947fd2eb2","control_MaxMismatch","0","MaxMismatch","floral","humiliating","floral-humiliating","PhysicalMismatch","PositiveMismatch"
"2591","6123d102b713b8a947fd2eb2","test_ValenceMatch_Positive","0","ValenceMatchingOnly","courageous","floral","courageous-floral","SocialMismatch","PositiveMatch"
"2592","6123d102b713b8a947fd2eb2","control_Similar","96","SimilarControl","show","display","show-display","",""
"2593","6123d102b713b8a947fd2eb2","test_ConceptualMatch_Social","1","ConceptualMatchingOnly","carefree","hateful","carefree-hateful","ConceptualMatch:social","PositiveMismatch"
"2594","6123d102b713b8a947fd2eb2","control_MaxMatch_Negative_Physical","87","MaxMatch","comatose","lifeless","comatose-lifeless","PhysicalMatch","NegativeMatch"
"2595","6123d102b713b8a947fd2eb2","control_MaxMatch_Positive_Social","47","MaxMatch","carefree","hilarious","carefree-hilarious","SocialMatch","PositiveMatch"
"2596","6123d102b713b8a947fd2eb2","control_Dissimilar","0","DissimilarControl","arrive","leave","arrive-leave","",""
"2597","6123d102b713b8a947fd2eb2","control_MaxMatch_Positive_Physical","2","MaxMatch","fluffy","nutritious","fluffy-nutritious","PhysicalMatch","PositiveMatch"
"2598","6123d102b713b8a947fd2eb2","test_ConceptualMatch_Physical","0","ConceptualMatchingOnly","itchy","oceanic","itchy-oceanic","ConceptualMatch:physical","NegativeMismatch"
"2599","6123d102b713b8a947fd2eb2","test_ValenceMatch_Negative","4","ValenceMatchingOnly","moldy","hateful","moldy-hateful","PhysicalMismatch","NegativeMatch"
"2600","6123d102b713b8a947fd2eb2","control_MaxMatch_Negative_Social","57","MaxMatch","insulting","hateful","insulting-hateful","SocialMatch","NegativeMatch"
"2601","6659377dbc36ded0ffe48ded","control_Similar","99","SimilarControl","get","obtain","get-obtain","",""
"2602","6659377dbc36ded0ffe48ded","control_Dissimilar","0","DissimilarControl","increase","decrease","increase-decrease","",""
"2603","6659377dbc36ded0ffe48ded","test_ConceptualMatch_Physical","15","ConceptualMatchingOnly","seasick","oceanic","seasick-oceanic","ConceptualMatch:physical","NegativeMismatch"
"2604","6659377dbc36ded0ffe48ded","control_MaxMismatch","0","MaxMismatch","decorative","hateful","decorative-hateful","PhysicalMismatch","PositiveMismatch"
"2605","6659377dbc36ded0ffe48ded","control_MaxMatch_Negative_Physical","9","MaxMatch","excruciating","seasick","excruciating-seasick","PhysicalMatch","NegativeMatch"
"2606","6659377dbc36ded0ffe48ded","control_Similar","99","SimilarControl","need","require","need-require","",""
"2607","6659377dbc36ded0ffe48ded","control_MaxMatch_Positive_Social","36","MaxMatch","brotherly","courageous","brotherly-courageous","SocialMatch","PositiveMatch"
"2608","6659377dbc36ded0ffe48ded","test_ConceptualMatch_Social","0","ConceptualMatchingOnly","carefree","greedy","carefree-greedy","ConceptualMatch:social","PositiveMismatch"
"2609","6659377dbc36ded0ffe48ded","test_ValenceMatch_Negative","25","ValenceMatchingOnly","excruciating","hateful","excruciating-hateful","PhysicalMismatch","NegativeMatch"
"2610","6659377dbc36ded0ffe48ded","control_Dissimilar","0","DissimilarControl","arrive","leave","arrive-leave","",""
"2611","6659377dbc36ded0ffe48ded","control_MaxMatch_Positive_Physical","0","MaxMatch","floral","newborn","floral-newborn","PhysicalMatch","PositiveMatch"
"2612","6659377dbc36ded0ffe48ded","control_MaxMatch_Negative_Social","17","MaxMatch","heartbroken","racist","heartbroken-racist","SocialMatch","NegativeMatch"
"2613","6659377dbc36ded0ffe48ded","test_ValenceMatch_Positive","22","ValenceMatchingOnly","joyful","floral","joyful-floral","SocialMismatch","PositiveMatch"
"2614","6659377dbc36ded0ffe48ded","control_Similar","99","SimilarControl","end","finish","end-finish","",""
"2615","6659377dbc36ded0ffe48ded","control_Dissimilar","0","DissimilarControl","push","pull","push-pull","",""
"2616","6659377dbc36ded0ffe48ded","test_ConceptualMatch_Physical","0","ConceptualMatchingOnly","seasick","homemade","seasick-homemade","ConceptualMatch:physical","NegativeMismatch"
"2617","6659377dbc36ded0ffe48ded","control_MaxMismatch","14","MaxMismatch","blooming","grumpy","blooming-grumpy","PhysicalMismatch","PositiveMismatch"
"2618","6659377dbc36ded0ffe48ded","control_MaxMatch_Negative_Physical","0","MaxMatch","lifeless","smelly","lifeless-smelly","PhysicalMatch","NegativeMatch"
"2619","6659377dbc36ded0ffe48ded","control_Similar","71","SimilarControl","use","employ","use-employ","",""
"2620","6659377dbc36ded0ffe48ded","control_MaxMatch_Positive_Social","62","MaxMatch","carefree","hilarious","carefree-hilarious","SocialMatch","PositiveMatch"
"2621","6659377dbc36ded0ffe48ded","test_ConceptualMatch_Social","9","ConceptualMatchingOnly","carefree","grumpy","carefree-grumpy","ConceptualMatch:social","PositiveMismatch"
"2622","6659377dbc36ded0ffe48ded","test_ValenceMatch_Negative","2","ValenceMatchingOnly","itchy","infuriating","itchy-infuriating","PhysicalMismatch","NegativeMatch"
"2623","6659377dbc36ded0ffe48ded","control_Dissimilar","4","DissimilarControl","give","take","give-take","",""
"2624","6659377dbc36ded0ffe48ded","control_MaxMatch_Positive_Physical","51","MaxMatch","fluffy","decorative","fluffy-decorative","PhysicalMatch","PositiveMatch"
"2625","6659377dbc36ded0ffe48ded","control_MaxMatch_Negative_Social","37","MaxMatch","grumpy","stingy","grumpy-stingy","SocialMatch","NegativeMatch"
"2626","6659377dbc36ded0ffe48ded","test_ValenceMatch_Positive","33","ValenceMatchingOnly","carefree","fluffy","carefree-fluffy","SocialMismatch","PositiveMatch"
"2627","6659377dbc36ded0ffe48ded","control_Similar","99","SimilarControl","ask","inquire","ask-inquire","",""
"2628","6659377dbc36ded0ffe48ded","control_Dissimilar","0","DissimilarControl","open","close","open-close","",""
"2629","6659377dbc36ded0ffe48ded","test_ConceptualMatch_Physical","9","ConceptualMatchingOnly","excruciating","blooming","excruciating-blooming","ConceptualMatch:physical","NegativeMismatch"
"2630","6659377dbc36ded0ffe48ded","control_MaxMismatch","0","MaxMismatch","decorative","stingy","decorative-stingy","PhysicalMismatch","PositiveMismatch"
"2631","6659377dbc36ded0ffe48ded","control_MaxMatch_Negative_Physical","71","MaxMatch","moldy","smelly","moldy-smelly","PhysicalMatch","NegativeMatch"
"2632","6659377dbc36ded0ffe48ded","control_Similar","99","SimilarControl","help","assist","help-assist","",""
"2633","6659377dbc36ded0ffe48ded","control_MaxMatch_Positive_Social","0","MaxMatch","brotherly","easygoing","brotherly-easygoing","SocialMatch","PositiveMatch"
"2634","6659377dbc36ded0ffe48ded","test_ConceptualMatch_Social","2","ConceptualMatchingOnly","selfless","humiliating","selfless-humiliating","ConceptualMatch:social","PositiveMismatch"
"2635","6659377dbc36ded0ffe48ded","test_ValenceMatch_Negative","4","ValenceMatchingOnly","itchy","greedy","itchy-greedy","PhysicalMismatch","NegativeMatch"
"2636","6659377dbc36ded0ffe48ded","control_Dissimilar","0","DissimilarControl","add","remove","add-remove","",""
"2637","6659377dbc36ded0ffe48ded","control_MaxMatch_Positive_Physical","0","MaxMatch","floral","radiant","floral-radiant","PhysicalMatch","PositiveMatch"
"2638","6659377dbc36ded0ffe48ded","control_MaxMatch_Negative_Social","0","MaxMatch","insulting","stingy","insulting-stingy","SocialMatch","NegativeMatch"
"2639","6659377dbc36ded0ffe48ded","test_ValenceMatch_Positive","0","ValenceMatchingOnly","dependable","sunny","dependable-sunny","SocialMismatch","PositiveMatch"
"2640","6659377dbc36ded0ffe48ded","control_Similar","99","SimilarControl","show","display","show-display","",""
"2641","6659377dbc36ded0ffe48ded","control_Dissimilar","0","DissimilarControl","enter","exit","enter-exit","",""
"2642","6659377dbc36ded0ffe48ded","test_ConceptualMatch_Physical","0","ConceptualMatchingOnly","lifeless","decorative","lifeless-decorative","ConceptualMatch:physical","NegativeMismatch"
"2643","6659377dbc36ded0ffe48ded","control_MaxMismatch","0","MaxMismatch","sunny","heartbroken","sunny-heartbroken","PhysicalMismatch","PositiveMismatch"
"2644","6659377dbc36ded0ffe48ded","control_MaxMatch_Negative_Physical","69","MaxMatch","lifeless","rancid","lifeless-rancid","PhysicalMatch","NegativeMatch"
"2645","6659377dbc36ded0ffe48ded","control_Similar","97","SimilarControl","speak","talk","speak-talk","",""
"2646","6659377dbc36ded0ffe48ded","control_MaxMatch_Positive_Social","75","MaxMatch","cheerful","easygoing","cheerful-easygoing","SocialMatch","PositiveMatch"
"2647","6659377dbc36ded0ffe48ded","test_ConceptualMatch_Social","0","ConceptualMatchingOnly","hilarious","stingy","hilarious-stingy","ConceptualMatch:social","PositiveMismatch"
"2648","6659377dbc36ded0ffe48ded","test_ValenceMatch_Negative","11","ValenceMatchingOnly","seasick","infuriating","seasick-infuriating","PhysicalMismatch","NegativeMatch"
"2649","6659377dbc36ded0ffe48ded","control_Dissimilar","0","DissimilarControl","rise","fall","rise-fall","",""
"2650","6659377dbc36ded0ffe48ded","control_MaxMatch_Positive_Physical","3","MaxMatch","blooming","homemade","blooming-homemade","PhysicalMatch","PositiveMatch"
"2651","6659377dbc36ded0ffe48ded","control_MaxMatch_Negative_Social","0","MaxMatch","dreaded","stingy","dreaded-stingy","SocialMatch","NegativeMatch"
"2652","6659377dbc36ded0ffe48ded","test_ValenceMatch_Positive","2","ValenceMatchingOnly","courageous","floral","courageous-floral","SocialMismatch","PositiveMatch"
"2653","6659377dbc36ded0ffe48ded","control_Similar","99","SimilarControl","buy","purchase","buy-purchase","",""
"2654","6659377dbc36ded0ffe48ded","control_Dissimilar","0","DissimilarControl","come","go","come-go","",""
"2655","6659377dbc36ded0ffe48ded","test_ConceptualMatch_Physical","10","ConceptualMatchingOnly","seasick","sunny","seasick-sunny","ConceptualMatch:physical","NegativeMismatch"
"2656","6659377dbc36ded0ffe48ded","control_MaxMismatch","1","MaxMismatch","homemade","humiliating","homemade-humiliating","PhysicalMismatch","PositiveMismatch"
"2657","6659377dbc36ded0ffe48ded","control_MaxMatch_Negative_Physical","4","MaxMatch","seasick","itchy","seasick-itchy","PhysicalMatch","NegativeMatch"
"2658","6659377dbc36ded0ffe48ded","control_Similar","99","SimilarControl","begin","start","begin-start","",""
"2659","6659377dbc36ded0ffe48ded","control_MaxMatch_Positive_Social","0","MaxMatch","brotherly","hilarious","brotherly-hilarious","SocialMatch","PositiveMatch"
"2660","6659377dbc36ded0ffe48ded","test_ConceptualMatch_Social","0","ConceptualMatchingOnly","cheerful","dreaded","cheerful-dreaded","ConceptualMatch:social","PositiveMismatch"
"2661","6659377dbc36ded0ffe48ded","test_ValenceMatch_Negative","0","ValenceMatchingOnly","itchy","dreaded","itchy-dreaded","PhysicalMismatch","NegativeMatch"
"2662","6659377dbc36ded0ffe48ded","control_Dissimilar","0","DissimilarControl","begin","end","begin-end","",""
"2663","6659377dbc36ded0ffe48ded","control_MaxMatch_Positive_Physical","18","MaxMatch","sunny","oceanic","sunny-oceanic","PhysicalMatch","PositiveMatch"
"2664","6659377dbc36ded0ffe48ded","control_MaxMatch_Negative_Social","99","MaxMatch","insulting","hateful","insulting-hateful","SocialMatch","NegativeMatch"
"2665","6659377dbc36ded0ffe48ded","test_ValenceMatch_Positive","0","ValenceMatchingOnly","hilarious","oceanic","hilarious-oceanic","SocialMismatch","PositiveMatch"
"2666","62a099bb01ad779df1971ea4","control_Similar","97","SimilarControl","buy","purchase","buy-purchase","",""
"2667","62a099bb01ad779df1971ea4","control_Dissimilar","99","DissimilarControl","come","go","come-go","",""
"2668","62a099bb01ad779df1971ea4","test_ConceptualMatch_Physical","0","ConceptualMatchingOnly","rancid","nutritious","rancid-nutritious","ConceptualMatch:physical","NegativeMismatch"
"2669","62a099bb01ad779df1971ea4","test_ConceptualMatch_Social","0","ConceptualMatchingOnly","courageous","grumpy","courageous-grumpy","ConceptualMatch:social","PositiveMismatch"
"2670","62a099bb01ad779df1971ea4","control_MaxMismatch","0","MaxMismatch","radiant","racist","radiant-racist","PhysicalMismatch","PositiveMismatch"
"2671","62a099bb01ad779df1971ea4","test_ValenceMatch_Negative","99","ValenceMatchingOnly","rancid","racist","rancid-racist","PhysicalMismatch","NegativeMatch"
"2672","62a099bb01ad779df1971ea4","test_ValenceMatch_Positive","99","ValenceMatchingOnly","carefree","blooming","carefree-blooming","SocialMismatch","PositiveMatch"
"2673","62a099bb01ad779df1971ea4","control_MaxMatch_Negative_Physical","99","MaxMatch","excruciating","seasick","excruciating-seasick","PhysicalMatch","NegativeMatch"
"2674","62a099bb01ad779df1971ea4","control_MaxMatch_Positive_Physical","99","MaxMatch","sunny","blooming","sunny-blooming","PhysicalMatch","PositiveMatch"
"2675","62a099bb01ad779df1971ea4","control_Similar","99","SimilarControl","ask","inquire","ask-inquire","",""
"2676","62a099bb01ad779df1971ea4","control_Dissimilar","0","DissimilarControl","increase","decrease","increase-decrease","",""
"2677","62a099bb01ad779df1971ea4","control_MaxMatch_Negative_Social","99","MaxMatch","humiliating","infuriating","humiliating-infuriating","SocialMatch","NegativeMatch"
"2678","62a099bb01ad779df1971ea4","control_MaxMatch_Positive_Social","99","MaxMatch","joyful","courageous","joyful-courageous","SocialMatch","PositiveMatch"
"2679","62a099bb01ad779df1971ea4","control_Similar","99","SimilarControl","begin","start","begin-start","",""
"2680","62a099bb01ad779df1971ea4","control_Dissimilar","1","DissimilarControl","rise","fall","rise-fall","",""
"2681","62a099bb01ad779df1971ea4","test_ConceptualMatch_Physical","0","ConceptualMatchingOnly","seasick","homemade","seasick-homemade","ConceptualMatch:physical","NegativeMismatch"
"2682","62a099bb01ad779df1971ea4","test_ConceptualMatch_Social","0","ConceptualMatchingOnly","joyful","hateful","joyful-hateful","ConceptualMatch:social","PositiveMismatch"
"2683","62a099bb01ad779df1971ea4","control_MaxMismatch","0","MaxMismatch","floral","humiliating","floral-humiliating","PhysicalMismatch","PositiveMismatch"
"2684","62a099bb01ad779df1971ea4","test_ValenceMatch_Negative","92","ValenceMatchingOnly","excruciating","insulting","excruciating-insulting","PhysicalMismatch","NegativeMatch"
"2685","62a099bb01ad779df1971ea4","test_ValenceMatch_Positive","99","ValenceMatchingOnly","carefree","decorative","carefree-decorative","SocialMismatch","PositiveMatch"
"2686","62a099bb01ad779df1971ea4","control_MaxMatch_Negative_Physical","70","MaxMatch","nauseous","obese","nauseous-obese","PhysicalMatch","NegativeMatch"
"2687","62a099bb01ad779df1971ea4","control_MaxMatch_Positive_Physical","0","MaxMatch","oceanic","newborn","oceanic-newborn","PhysicalMatch","PositiveMatch"
"2688","62a099bb01ad779df1971ea4","control_Similar","99","SimilarControl","end","finish","end-finish","",""
"2689","62a099bb01ad779df1971ea4","control_Dissimilar","0","DissimilarControl","open","close","open-close","",""
"2690","62a099bb01ad779df1971ea4","control_MaxMatch_Negative_Social","99","MaxMatch","racist","hateful","racist-hateful","SocialMatch","NegativeMatch"
"2691","62a099bb01ad779df1971ea4","control_MaxMatch_Positive_Social","99","MaxMatch","cheerful","dependable","cheerful-dependable","SocialMatch","PositiveMatch"
"2692","62a099bb01ad779df1971ea4","control_Similar","99","SimilarControl","use","employ","use-employ","",""
"2693","62a099bb01ad779df1971ea4","control_Dissimilar","0","DissimilarControl","arrive","leave","arrive-leave","",""
"2694","62a099bb01ad779df1971ea4","test_ConceptualMatch_Physical","0","ConceptualMatchingOnly","moldy","radiant","moldy-radiant","ConceptualMatch:physical","NegativeMismatch"
"2695","62a099bb01ad779df1971ea4","test_ConceptualMatch_Social","0","ConceptualMatchingOnly","cheerful","hateful","cheerful-hateful","ConceptualMatch:social","PositiveMismatch"
"2696","62a099bb01ad779df1971ea4","control_MaxMismatch","0","MaxMismatch","floral","racist","floral-racist","PhysicalMismatch","PositiveMismatch"
"2697","62a099bb01ad779df1971ea4","test_ValenceMatch_Negative","97","ValenceMatchingOnly","itchy","greedy","itchy-greedy","PhysicalMismatch","NegativeMatch"
"2698","62a099bb01ad779df1971ea4","test_ValenceMatch_Positive","97","ValenceMatchingOnly","hilarious","fluffy","hilarious-fluffy","SocialMismatch","PositiveMatch"
"2699","62a099bb01ad779df1971ea4","control_MaxMatch_Negative_Physical","74","MaxMatch","nauseous","itchy","nauseous-itchy","PhysicalMatch","NegativeMatch"
"2700","62a099bb01ad779df1971ea4","control_MaxMatch_Positive_Physical","85","MaxMatch","fluffy","homemade","fluffy-homemade","PhysicalMatch","PositiveMatch"
"2701","62a099bb01ad779df1971ea4","control_Similar","99","SimilarControl","help","assist","help-assist","",""
"2702","62a099bb01ad779df1971ea4","control_Dissimilar","0","DissimilarControl","add","remove","add-remove","",""
"2703","62a099bb01ad779df1971ea4","control_MaxMatch_Negative_Social","99","MaxMatch","humiliating","stingy","humiliating-stingy","SocialMatch","NegativeMatch"
"2704","62a099bb01ad779df1971ea4","control_MaxMatch_Positive_Social","99","MaxMatch","joyful","easygoing","joyful-easygoing","SocialMatch","PositiveMatch"
"2705","62a099bb01ad779df1971ea4","control_Similar","99","SimilarControl","need","require","need-require","",""
"2706","62a099bb01ad779df1971ea4","control_Dissimilar","0","DissimilarControl","enter","exit","enter-exit","",""
"2707","62a099bb01ad779df1971ea4","test_ConceptualMatch_Physical","0","ConceptualMatchingOnly","nauseous","radiant","nauseous-radiant","ConceptualMatch:physical","NegativeMismatch"
"2708","62a099bb01ad779df1971ea4","test_ConceptualMatch_Social","99","ConceptualMatchingOnly","selfless","dreaded","selfless-dreaded","ConceptualMatch:social","PositiveMismatch"
"2709","62a099bb01ad779df1971ea4","control_MaxMismatch","0","MaxMismatch","floral","dreaded","floral-dreaded","PhysicalMismatch","PositiveMismatch"
"2710","62a099bb01ad779df1971ea4","test_ValenceMatch_Negative","99","ValenceMatchingOnly","nauseous","grumpy","nauseous-grumpy","PhysicalMismatch","NegativeMatch"
"2711","62a099bb01ad779df1971ea4","test_ValenceMatch_Positive","74","ValenceMatchingOnly","joyful","oceanic","joyful-oceanic","SocialMismatch","PositiveMatch"
"2712","62a099bb01ad779df1971ea4","control_MaxMatch_Negative_Physical","95","MaxMatch","nauseous","comatose","nauseous-comatose","PhysicalMatch","NegativeMatch"
"2713","62a099bb01ad779df1971ea4","control_MaxMatch_Positive_Physical","99","MaxMatch","blooming","homemade","blooming-homemade","PhysicalMatch","PositiveMatch"
"2714","62a099bb01ad779df1971ea4","control_Similar","99","SimilarControl","show","display","show-display","",""
"2715","62a099bb01ad779df1971ea4","control_Dissimilar","0","DissimilarControl","give","take","give-take","",""
"2716","62a099bb01ad779df1971ea4","control_MaxMatch_Negative_Social","97","MaxMatch","insulting","racist","insulting-racist","SocialMatch","NegativeMatch"
"2717","62a099bb01ad779df1971ea4","control_MaxMatch_Positive_Social","82","MaxMatch","cheerful","witty","cheerful-witty","SocialMatch","PositiveMatch"
"2718","62a099bb01ad779df1971ea4","control_Similar","99","SimilarControl","speak","talk","speak-talk","",""
"2719","62a099bb01ad779df1971ea4","control_Dissimilar","0","DissimilarControl","begin","end","begin-end","",""
"2720","62a099bb01ad779df1971ea4","test_ConceptualMatch_Physical","0","ConceptualMatchingOnly","smelly","homemade","smelly-homemade","ConceptualMatch:physical","NegativeMismatch"
"2721","62a099bb01ad779df1971ea4","test_ConceptualMatch_Social","0","ConceptualMatchingOnly","courageous","hateful","courageous-hateful","ConceptualMatch:social","PositiveMismatch"
"2722","62a099bb01ad779df1971ea4","control_MaxMismatch","0","MaxMismatch","floral","grumpy","floral-grumpy","PhysicalMismatch","PositiveMismatch"
"2723","62a099bb01ad779df1971ea4","test_ValenceMatch_Negative","99","ValenceMatchingOnly","lifeless","infuriating","lifeless-infuriating","PhysicalMismatch","NegativeMatch"
"2724","62a099bb01ad779df1971ea4","test_ValenceMatch_Positive","71","ValenceMatchingOnly","witty","decorative","witty-decorative","SocialMismatch","PositiveMatch"
"2725","62a099bb01ad779df1971ea4","control_MaxMatch_Negative_Physical","0","MaxMatch","lifeless","itchy","lifeless-itchy","PhysicalMatch","NegativeMatch"
"2726","62a099bb01ad779df1971ea4","control_MaxMatch_Positive_Physical","99","MaxMatch","floral","decorative","floral-decorative","PhysicalMatch","PositiveMatch"
"2727","62a099bb01ad779df1971ea4","control_Similar","99","SimilarControl","get","obtain","get-obtain","",""
"2728","62a099bb01ad779df1971ea4","control_Dissimilar","0","DissimilarControl","push","pull","push-pull","",""
"2729","62a099bb01ad779df1971ea4","control_MaxMatch_Negative_Social","82","MaxMatch","heartbroken","racist","heartbroken-racist","SocialMatch","NegativeMatch"
"2730","62a099bb01ad779df1971ea4","control_MaxMatch_Positive_Social","96","MaxMatch","joyful","hilarious","joyful-hilarious","SocialMatch","PositiveMatch"
"2731","613e157ccd6af6049001ce25","control_Similar","91","SimilarControl","use","employ","use-employ","",""
"2732","613e157ccd6af6049001ce25","control_Dissimilar","0","DissimilarControl","push","pull","push-pull","",""
"2733","613e157ccd6af6049001ce25","test_ConceptualMatch_Physical","0","ConceptualMatchingOnly","itchy","nutritious","itchy-nutritious","ConceptualMatch:physical","NegativeMismatch"
"2734","613e157ccd6af6049001ce25","test_ValenceMatch_Positive","0","ValenceMatchingOnly","witty","homemade","witty-homemade","SocialMismatch","PositiveMatch"
"2735","613e157ccd6af6049001ce25","control_MaxMatch_Positive_Physical","0","MaxMatch","sunny","nutritious","sunny-nutritious","PhysicalMatch","PositiveMatch"
"2736","613e157ccd6af6049001ce25","control_MaxMatch_Positive_Social","2","MaxMatch","courageous","witty","courageous-witty","SocialMatch","PositiveMatch"
"2737","613e157ccd6af6049001ce25","test_ConceptualMatch_Social","0","ConceptualMatchingOnly","joyful","grumpy","joyful-grumpy","ConceptualMatch:social","PositiveMismatch"
"2738","613e157ccd6af6049001ce25","test_ValenceMatch_Negative","0","ValenceMatchingOnly","obese","stingy","obese-stingy","PhysicalMismatch","NegativeMatch"
"2739","613e157ccd6af6049001ce25","control_MaxMatch_Negative_Physical","0","MaxMatch","comatose","rancid","comatose-rancid","PhysicalMatch","NegativeMatch"
"2740","613e157ccd6af6049001ce25","control_MaxMismatch","0","MaxMismatch","floral","hateful","floral-hateful","PhysicalMismatch","PositiveMismatch"
"2741","613e157ccd6af6049001ce25","control_Similar","99","SimilarControl","begin","start","begin-start","",""
"2742","613e157ccd6af6049001ce25","control_MaxMatch_Negative_Social","0","MaxMatch","heartbroken","infuriating","heartbroken-infuriating","SocialMatch","NegativeMatch"
"2743","613e157ccd6af6049001ce25","control_Dissimilar","0","DissimilarControl","rise","fall","rise-fall","",""
"2744","613e157ccd6af6049001ce25","control_Similar","99","SimilarControl","end","finish","end-finish","",""
"2745","613e157ccd6af6049001ce25","control_Dissimilar","0","DissimilarControl","give","take","give-take","",""
"2746","613e157ccd6af6049001ce25","test_ConceptualMatch_Physical","25","ConceptualMatchingOnly","obese","fluffy","obese-fluffy","ConceptualMatch:physical","NegativeMismatch"
"2747","613e157ccd6af6049001ce25","test_ValenceMatch_Positive","0","ValenceMatchingOnly","carefree","fluffy","carefree-fluffy","SocialMismatch","PositiveMatch"
"2748","613e157ccd6af6049001ce25","control_MaxMatch_Positive_Physical","0","MaxMatch","fluffy","oceanic","fluffy-oceanic","PhysicalMatch","PositiveMatch"
"2749","613e157ccd6af6049001ce25","control_MaxMatch_Positive_Social","93","MaxMatch","joyful","cheerful","joyful-cheerful","SocialMatch","PositiveMatch"
"2750","613e157ccd6af6049001ce25","test_ConceptualMatch_Social","0","ConceptualMatchingOnly","brotherly","stingy","brotherly-stingy","ConceptualMatch:social","PositiveMismatch"
"2751","613e157ccd6af6049001ce25","test_ValenceMatch_Negative","0","ValenceMatchingOnly","rancid","grumpy","rancid-grumpy","PhysicalMismatch","NegativeMatch"
"2752","613e157ccd6af6049001ce25","control_MaxMatch_Negative_Physical","96","MaxMatch","comatose","lifeless","comatose-lifeless","PhysicalMatch","NegativeMatch"
"2753","613e157ccd6af6049001ce25","control_MaxMismatch","0","MaxMismatch","floral","racist","floral-racist","PhysicalMismatch","PositiveMismatch"
"2754","613e157ccd6af6049001ce25","control_Similar","97","SimilarControl","show","display","show-display","",""
"2755","613e157ccd6af6049001ce25","control_MaxMatch_Negative_Social","73","MaxMatch","humiliating","infuriating","humiliating-infuriating","SocialMatch","NegativeMatch"
"2756","613e157ccd6af6049001ce25","control_Dissimilar","0","DissimilarControl","come","go","come-go","",""
"2757","613e157ccd6af6049001ce25","control_Similar","93","SimilarControl","speak","talk","speak-talk","",""
"2758","613e157ccd6af6049001ce25","control_Dissimilar","0","DissimilarControl","arrive","leave","arrive-leave","",""
"2759","613e157ccd6af6049001ce25","test_ConceptualMatch_Physical","0","ConceptualMatchingOnly","excruciating","homemade","excruciating-homemade","ConceptualMatch:physical","NegativeMismatch"
"2760","613e157ccd6af6049001ce25","test_ValenceMatch_Positive","25","ValenceMatchingOnly","carefree","sunny","carefree-sunny","SocialMismatch","PositiveMatch"
"2761","613e157ccd6af6049001ce25","control_MaxMatch_Positive_Physical","0","MaxMatch","nutritious","newborn","nutritious-newborn","PhysicalMatch","PositiveMatch"
"2762","613e157ccd6af6049001ce25","control_MaxMatch_Positive_Social","0","MaxMatch","brotherly","witty","brotherly-witty","SocialMatch","PositiveMatch"
"2763","613e157ccd6af6049001ce25","test_ConceptualMatch_Social","0","ConceptualMatchingOnly","easygoing","grumpy","easygoing-grumpy","ConceptualMatch:social","PositiveMismatch"
"2764","613e157ccd6af6049001ce25","test_ValenceMatch_Negative","0","ValenceMatchingOnly","smelly","dreaded","smelly-dreaded","PhysicalMismatch","NegativeMatch"
"2765","613e157ccd6af6049001ce25","control_MaxMatch_Negative_Physical","0","MaxMatch","excruciating","comatose","excruciating-comatose","PhysicalMatch","NegativeMatch"
"2766","613e157ccd6af6049001ce25","control_MaxMismatch","0","MaxMismatch","newborn","dreaded","newborn-dreaded","PhysicalMismatch","PositiveMismatch"
"2767","613e157ccd6af6049001ce25","control_Similar","92","SimilarControl","need","require","need-require","",""
"2768","613e157ccd6af6049001ce25","control_MaxMatch_Negative_Social","0","MaxMatch","greedy","humiliating","greedy-humiliating","SocialMatch","NegativeMatch"
"2769","613e157ccd6af6049001ce25","control_Dissimilar","0","DissimilarControl","enter","exit","enter-exit","",""
"2770","613e157ccd6af6049001ce25","control_Similar","99","SimilarControl","buy","purchase","buy-purchase","",""
"2771","613e157ccd6af6049001ce25","control_Dissimilar","0","DissimilarControl","begin","end","begin-end","",""
"2772","613e157ccd6af6049001ce25","test_ConceptualMatch_Physical","0","ConceptualMatchingOnly","moldy","decorative","moldy-decorative","ConceptualMatch:physical","NegativeMismatch"
"2773","613e157ccd6af6049001ce25","test_ValenceMatch_Positive","0","ValenceMatchingOnly","hilarious","fluffy","hilarious-fluffy","SocialMismatch","PositiveMatch"
"2774","613e157ccd6af6049001ce25","control_MaxMatch_Positive_Physical","22","MaxMatch","nutritious","homemade","nutritious-homemade","PhysicalMatch","PositiveMatch"
"2775","613e157ccd6af6049001ce25","control_MaxMatch_Positive_Social","0","MaxMatch","brotherly","dependable","brotherly-dependable","SocialMatch","PositiveMatch"
"2776","613e157ccd6af6049001ce25","test_ConceptualMatch_Social","2","ConceptualMatchingOnly","cheerful","humiliating","cheerful-humiliating","ConceptualMatch:social","PositiveMismatch"
"2777","613e157ccd6af6049001ce25","test_ValenceMatch_Negative","0","ValenceMatchingOnly","comatose","greedy","comatose-greedy","PhysicalMismatch","NegativeMatch"
"2778","613e157ccd6af6049001ce25","control_MaxMatch_Negative_Physical","0","MaxMatch","moldy","excruciating","moldy-excruciating","PhysicalMatch","NegativeMatch"
"2779","613e157ccd6af6049001ce25","control_MaxMismatch","0","MaxMismatch","decorative","heartbroken","decorative-heartbroken","PhysicalMismatch","PositiveMismatch"
"2780","613e157ccd6af6049001ce25","control_Similar","95","SimilarControl","help","assist","help-assist","",""
"2781","613e157ccd6af6049001ce25","control_MaxMatch_Negative_Social","0","MaxMatch","insulting","racist","insulting-racist","SocialMatch","NegativeMatch"
"2782","613e157ccd6af6049001ce25","control_Dissimilar","0","DissimilarControl","open","close","open-close","",""
"2783","613e157ccd6af6049001ce25","control_Similar","97","SimilarControl","get","obtain","get-obtain","",""
"2784","613e157ccd6af6049001ce25","control_Dissimilar","0","DissimilarControl","increase","decrease","increase-decrease","",""
"2785","613e157ccd6af6049001ce25","test_ConceptualMatch_Physical","0","ConceptualMatchingOnly","moldy","fluffy","moldy-fluffy","ConceptualMatch:physical","NegativeMismatch"
"2786","613e157ccd6af6049001ce25","test_ValenceMatch_Positive","9","ValenceMatchingOnly","carefree","radiant","carefree-radiant","SocialMismatch","PositiveMatch"
"2787","613e157ccd6af6049001ce25","control_MaxMatch_Positive_Physical","0","MaxMatch","fluffy","homemade","fluffy-homemade","PhysicalMatch","PositiveMatch"
"2788","613e157ccd6af6049001ce25","control_MaxMatch_Positive_Social","0","MaxMatch","carefree","dependable","carefree-dependable","SocialMatch","PositiveMatch"
"2789","613e157ccd6af6049001ce25","test_ConceptualMatch_Social","0","ConceptualMatchingOnly","witty","greedy","witty-greedy","ConceptualMatch:social","PositiveMismatch"
"2790","613e157ccd6af6049001ce25","test_ValenceMatch_Negative","0","ValenceMatchingOnly","itchy","heartbroken","itchy-heartbroken","PhysicalMismatch","NegativeMatch"
"2791","613e157ccd6af6049001ce25","control_MaxMatch_Negative_Physical","0","MaxMatch","excruciating","smelly","excruciating-smelly","PhysicalMatch","NegativeMatch"
"2792","613e157ccd6af6049001ce25","control_MaxMismatch","0","MaxMismatch","radiant","heartbroken","radiant-heartbroken","PhysicalMismatch","PositiveMismatch"
"2793","613e157ccd6af6049001ce25","control_Similar","91","SimilarControl","ask","inquire","ask-inquire","",""
"2794","613e157ccd6af6049001ce25","control_MaxMatch_Negative_Social","0","MaxMatch","greedy","dreaded","greedy-dreaded","SocialMatch","NegativeMatch"
"2795","613e157ccd6af6049001ce25","control_Dissimilar","0","DissimilarControl","add","remove","add-remove","",""
"2796","60fb534aa3d839c152fa8f36","control_Dissimilar","0","DissimilarControl","enter","exit","enter-exit","",""
"2797","60fb534aa3d839c152fa8f36","control_Similar","23","SimilarControl","need","require","need-require","",""
"2798","60fb534aa3d839c152fa8f36","test_ConceptualMatch_Physical","48","ConceptualMatchingOnly","smelly","homemade","smelly-homemade","ConceptualMatch:physical","NegativeMismatch"
"2799","60fb534aa3d839c152fa8f36","control_MaxMatch_Positive_Physical","62","MaxMatch","decorative","radiant","decorative-radiant","PhysicalMatch","PositiveMatch"
"2800","60fb534aa3d839c152fa8f36","control_MaxMismatch","30","MaxMismatch","sunny","humiliating","sunny-humiliating","PhysicalMismatch","PositiveMismatch"
"2801","60fb534aa3d839c152fa8f36","test_ConceptualMatch_Social","0","ConceptualMatchingOnly","joyful","insulting","joyful-insulting","ConceptualMatch:social","PositiveMismatch"
"2802","60fb534aa3d839c152fa8f36","control_MaxMatch_Negative_Social","63","MaxMatch","insulting","infuriating","insulting-infuriating","SocialMatch","NegativeMatch"
"2803","60fb534aa3d839c152fa8f36","control_Dissimilar","0","DissimilarControl","give","take","give-take","",""
"2804","60fb534aa3d839c152fa8f36","control_MaxMatch_Negative_Physical","20","MaxMatch","moldy","nauseous","moldy-nauseous","PhysicalMatch","NegativeMatch"
"2805","60fb534aa3d839c152fa8f36","test_ValenceMatch_Negative","31","ValenceMatchingOnly","moldy","greedy","moldy-greedy","PhysicalMismatch","NegativeMatch"
"2806","60fb534aa3d839c152fa8f36","control_Similar","99","SimilarControl","help","assist","help-assist","",""
"2807","60fb534aa3d839c152fa8f36","control_MaxMatch_Positive_Social","36","MaxMatch","cheerful","dependable","cheerful-dependable","SocialMatch","PositiveMatch"
"2808","60fb534aa3d839c152fa8f36","test_ValenceMatch_Positive","36","ValenceMatchingOnly","carefree","fluffy","carefree-fluffy","SocialMismatch","PositiveMatch"
"2809","60fb534aa3d839c152fa8f36","control_Dissimilar","0","DissimilarControl","increase","decrease","increase-decrease","",""
"2810","60fb534aa3d839c152fa8f36","control_Similar","99","SimilarControl","begin","start","begin-start","",""
"2811","60fb534aa3d839c152fa8f36","test_ConceptualMatch_Physical","18","ConceptualMatchingOnly","smelly","fluffy","smelly-fluffy","ConceptualMatch:physical","NegativeMismatch"
"2812","60fb534aa3d839c152fa8f36","control_MaxMatch_Positive_Physical","76","MaxMatch","blooming","newborn","blooming-newborn","PhysicalMatch","PositiveMatch"
"2813","60fb534aa3d839c152fa8f36","control_MaxMismatch","18","MaxMismatch","floral","racist","floral-racist","PhysicalMismatch","PositiveMismatch"
"2814","60fb534aa3d839c152fa8f36","test_ConceptualMatch_Social","18","ConceptualMatchingOnly","carefree","heartbroken","carefree-heartbroken","ConceptualMatch:social","PositiveMismatch"
"2815","60fb534aa3d839c152fa8f36","control_MaxMatch_Negative_Social","25","MaxMatch","heartbroken","stingy","heartbroken-stingy","SocialMatch","NegativeMatch"
"2816","60fb534aa3d839c152fa8f36","control_Dissimilar","0","DissimilarControl","open","close","open-close","",""
"2817","60fb534aa3d839c152fa8f36","control_MaxMatch_Negative_Physical","16","MaxMatch","obese","itchy","obese-itchy","PhysicalMatch","NegativeMatch"
"2818","60fb534aa3d839c152fa8f36","test_ValenceMatch_Negative","19","ValenceMatchingOnly","excruciating","greedy","excruciating-greedy","PhysicalMismatch","NegativeMatch"
"2819","60fb534aa3d839c152fa8f36","control_Similar","99","SimilarControl","get","obtain","get-obtain","",""
"2820","60fb534aa3d839c152fa8f36","control_MaxMatch_Positive_Social","62","MaxMatch","joyful","carefree","joyful-carefree","SocialMatch","PositiveMatch"
"2821","60fb534aa3d839c152fa8f36","test_ValenceMatch_Positive","25","ValenceMatchingOnly","courageous","sunny","courageous-sunny","SocialMismatch","PositiveMatch"
"2822","60fb534aa3d839c152fa8f36","control_Dissimilar","1","DissimilarControl","push","pull","push-pull","",""
"2823","60fb534aa3d839c152fa8f36","control_Similar","99","SimilarControl","ask","inquire","ask-inquire","",""
"2824","60fb534aa3d839c152fa8f36","test_ConceptualMatch_Physical","19","ConceptualMatchingOnly","excruciating","sunny","excruciating-sunny","ConceptualMatch:physical","NegativeMismatch"
"2825","60fb534aa3d839c152fa8f36","control_MaxMatch_Positive_Physical","59","MaxMatch","floral","radiant","floral-radiant","PhysicalMatch","PositiveMatch"
"2826","60fb534aa3d839c152fa8f36","control_MaxMismatch","0","MaxMismatch","nutritious","infuriating","nutritious-infuriating","PhysicalMismatch","PositiveMismatch"
"2827","60fb534aa3d839c152fa8f36","test_ConceptualMatch_Social","21","ConceptualMatchingOnly","dependable","hateful","dependable-hateful","ConceptualMatch:social","PositiveMismatch"
"2828","60fb534aa3d839c152fa8f36","control_MaxMatch_Negative_Social","17","MaxMatch","greedy","hateful","greedy-hateful","SocialMatch","NegativeMatch"
"2829","60fb534aa3d839c152fa8f36","control_Dissimilar","0","DissimilarControl","come","go","come-go","",""
"2830","60fb534aa3d839c152fa8f36","control_MaxMatch_Negative_Physical","9","MaxMatch","moldy","excruciating","moldy-excruciating","PhysicalMatch","NegativeMatch"
"2831","60fb534aa3d839c152fa8f36","test_ValenceMatch_Negative","19","ValenceMatchingOnly","excruciating","insulting","excruciating-insulting","PhysicalMismatch","NegativeMatch"
"2832","60fb534aa3d839c152fa8f36","control_Similar","99","SimilarControl","buy","purchase","buy-purchase","",""
"2833","60fb534aa3d839c152fa8f36","control_MaxMatch_Positive_Social","42","MaxMatch","courageous","witty","courageous-witty","SocialMatch","PositiveMatch"
"2834","60fb534aa3d839c152fa8f36","test_ValenceMatch_Positive","15","ValenceMatchingOnly","easygoing","decorative","easygoing-decorative","SocialMismatch","PositiveMatch"
"2835","60fb534aa3d839c152fa8f36","control_Dissimilar","0","DissimilarControl","begin","end","begin-end","",""
"2836","60fb534aa3d839c152fa8f36","control_Similar","99","SimilarControl","speak","talk","speak-talk","",""
"2837","60fb534aa3d839c152fa8f36","test_ConceptualMatch_Physical","21","ConceptualMatchingOnly","itchy","decorative","itchy-decorative","ConceptualMatch:physical","NegativeMismatch"
"2838","60fb534aa3d839c152fa8f36","control_MaxMatch_Positive_Physical","66","MaxMatch","sunny","decorative","sunny-decorative","PhysicalMatch","PositiveMatch"
"2839","60fb534aa3d839c152fa8f36","control_MaxMismatch","31","MaxMismatch","radiant","infuriating","radiant-infuriating","PhysicalMismatch","PositiveMismatch"
"2840","60fb534aa3d839c152fa8f36","test_ConceptualMatch_Social","37","ConceptualMatchingOnly","cheerful","insulting","cheerful-insulting","ConceptualMatch:social","PositiveMismatch"
"2841","60fb534aa3d839c152fa8f36","control_MaxMatch_Negative_Social","22","MaxMatch","humiliating","stingy","humiliating-stingy","SocialMatch","NegativeMatch"
"2842","60fb534aa3d839c152fa8f36","control_Dissimilar","0","DissimilarControl","add","remove","add-remove","",""
"2843","60fb534aa3d839c152fa8f36","control_MaxMatch_Negative_Physical","22","MaxMatch","lifeless","smelly","lifeless-smelly","PhysicalMatch","NegativeMatch"
"2844","60fb534aa3d839c152fa8f36","test_ValenceMatch_Negative","61","ValenceMatchingOnly","excruciating","humiliating","excruciating-humiliating","PhysicalMismatch","NegativeMatch"
"2845","60fb534aa3d839c152fa8f36","control_Similar","96","SimilarControl","use","employ","use-employ","",""
"2846","60fb534aa3d839c152fa8f36","control_MaxMatch_Positive_Social","83","MaxMatch","hilarious","witty","hilarious-witty","SocialMatch","PositiveMatch"
"2847","60fb534aa3d839c152fa8f36","test_ValenceMatch_Positive","19","ValenceMatchingOnly","cheerful","homemade","cheerful-homemade","SocialMismatch","PositiveMatch"
"2848","60fb534aa3d839c152fa8f36","control_Dissimilar","0","DissimilarControl","arrive","leave","arrive-leave","",""
"2849","60fb534aa3d839c152fa8f36","control_Similar","99","SimilarControl","show","display","show-display","",""
"2850","60fb534aa3d839c152fa8f36","test_ConceptualMatch_Physical","22","ConceptualMatchingOnly","excruciating","blooming","excruciating-blooming","ConceptualMatch:physical","NegativeMismatch"
"2851","60fb534aa3d839c152fa8f36","control_MaxMatch_Positive_Physical","69","MaxMatch","sunny","blooming","sunny-blooming","PhysicalMatch","PositiveMatch"
"2852","60fb534aa3d839c152fa8f36","control_MaxMismatch","30","MaxMismatch","fluffy","greedy","fluffy-greedy","PhysicalMismatch","PositiveMismatch"
"2853","60fb534aa3d839c152fa8f36","test_ConceptualMatch_Social","19","ConceptualMatchingOnly","brotherly","heartbroken","brotherly-heartbroken","ConceptualMatch:social","PositiveMismatch"
"2854","60fb534aa3d839c152fa8f36","control_MaxMatch_Negative_Social","22","MaxMatch","insulting","dreaded","insulting-dreaded","SocialMatch","NegativeMatch"
"2855","60fb534aa3d839c152fa8f36","control_Dissimilar","0","DissimilarControl","rise","fall","rise-fall","",""
"2856","60fb534aa3d839c152fa8f36","control_MaxMatch_Negative_Physical","25","MaxMatch","moldy","itchy","moldy-itchy","PhysicalMatch","NegativeMatch"
"2857","60fb534aa3d839c152fa8f36","test_ValenceMatch_Negative","23","ValenceMatchingOnly","rancid","grumpy","rancid-grumpy","PhysicalMismatch","NegativeMatch"
"2858","60fb534aa3d839c152fa8f36","control_Similar","99","SimilarControl","end","finish","end-finish","",""
"2859","60fb534aa3d839c152fa8f36","control_MaxMatch_Positive_Social","62","MaxMatch","cheerful","witty","cheerful-witty","SocialMatch","PositiveMatch"
"2860","60fb534aa3d839c152fa8f36","test_ValenceMatch_Positive","22","ValenceMatchingOnly","courageous","floral","courageous-floral","SocialMismatch","PositiveMatch"
"2861","6706bc0d8c98b64939838b2e","control_Similar","99","SimilarControl","ask","inquire","ask-inquire","",""
"2862","6706bc0d8c98b64939838b2e","control_Dissimilar","0","DissimilarControl","arrive","leave","arrive-leave","",""
"2863","6706bc0d8c98b64939838b2e","control_MaxMatch_Positive_Social","53","MaxMatch","selfless","courageous","selfless-courageous","SocialMatch","PositiveMatch"
"2864","6706bc0d8c98b64939838b2e","control_MaxMatch_Negative_Social","28","MaxMatch","grumpy","heartbroken","grumpy-heartbroken","SocialMatch","NegativeMatch"
"2865","6706bc0d8c98b64939838b2e","control_MaxMatch_Positive_Physical","0","MaxMatch","nutritious","radiant","nutritious-radiant","PhysicalMatch","PositiveMatch"
"2866","6706bc0d8c98b64939838b2e","test_ConceptualMatch_Physical","0","ConceptualMatchingOnly","comatose","newborn","comatose-newborn","ConceptualMatch:physical","NegativeMismatch"
"2867","6706bc0d8c98b64939838b2e","control_Similar","99","SimilarControl","speak","talk","speak-talk","",""
"2868","6706bc0d8c98b64939838b2e","control_MaxMismatch","0","MaxMismatch","decorative","heartbroken","decorative-heartbroken","PhysicalMismatch","PositiveMismatch"
"2869","6706bc0d8c98b64939838b2e","control_MaxMatch_Negative_Physical","22","MaxMatch","obese","smelly","obese-smelly","PhysicalMatch","NegativeMatch"
"2870","6706bc0d8c98b64939838b2e","test_ValenceMatch_Negative","0","ValenceMatchingOnly","nauseous","stingy","nauseous-stingy","PhysicalMismatch","NegativeMatch"
"2871","6706bc0d8c98b64939838b2e","test_ValenceMatch_Positive","16","ValenceMatchingOnly","cheerful","fluffy","cheerful-fluffy","SocialMismatch","PositiveMatch"
"2872","6706bc0d8c98b64939838b2e","test_ConceptualMatch_Social","0","ConceptualMatchingOnly","easygoing","humiliating","easygoing-humiliating","ConceptualMatch:social","PositiveMismatch"
"2873","6706bc0d8c98b64939838b2e","control_Dissimilar","0","DissimilarControl","give","take","give-take","",""
"2874","6706bc0d8c98b64939838b2e","control_Similar","99","SimilarControl","get","obtain","get-obtain","",""
"2875","6706bc0d8c98b64939838b2e","control_Dissimilar","0","DissimilarControl","add","remove","add-remove","",""
"2876","6706bc0d8c98b64939838b2e","control_MaxMatch_Positive_Social","28","MaxMatch","brotherly","dependable","brotherly-dependable","SocialMatch","PositiveMatch"
"2877","6706bc0d8c98b64939838b2e","control_MaxMatch_Negative_Social","26","MaxMatch","greedy","grumpy","greedy-grumpy","SocialMatch","NegativeMatch"
"2878","6706bc0d8c98b64939838b2e","control_MaxMatch_Positive_Physical","25","MaxMatch","fluffy","newborn","fluffy-newborn","PhysicalMatch","PositiveMatch"
"2879","6706bc0d8c98b64939838b2e","test_ConceptualMatch_Physical","0","ConceptualMatchingOnly","rancid","decorative","rancid-decorative","ConceptualMatch:physical","NegativeMismatch"
"2880","6706bc0d8c98b64939838b2e","control_Similar","99","SimilarControl","buy","purchase","buy-purchase","",""
"2881","6706bc0d8c98b64939838b2e","control_MaxMismatch","0","MaxMismatch","floral","heartbroken","floral-heartbroken","PhysicalMismatch","PositiveMismatch"
"2882","6706bc0d8c98b64939838b2e","control_MaxMatch_Negative_Physical","28","MaxMatch","moldy","itchy","moldy-itchy","PhysicalMatch","NegativeMatch"
"2883","6706bc0d8c98b64939838b2e","test_ValenceMatch_Negative","28","ValenceMatchingOnly","moldy","infuriating","moldy-infuriating","PhysicalMismatch","NegativeMatch"
"2884","6706bc0d8c98b64939838b2e","test_ValenceMatch_Positive","75","ValenceMatchingOnly","joyful","nutritious","joyful-nutritious","SocialMismatch","PositiveMatch"
"2885","6706bc0d8c98b64939838b2e","test_ConceptualMatch_Social","0","ConceptualMatchingOnly","witty","humiliating","witty-humiliating","ConceptualMatch:social","PositiveMismatch"
"2886","6706bc0d8c98b64939838b2e","control_Dissimilar","0","DissimilarControl","open","close","open-close","",""
"2887","6706bc0d8c98b64939838b2e","control_Similar","99","SimilarControl","end","finish","end-finish","",""
"2888","6706bc0d8c98b64939838b2e","control_Dissimilar","0","DissimilarControl","rise","fall","rise-fall","",""
"2889","6706bc0d8c98b64939838b2e","control_MaxMatch_Positive_Social","0","MaxMatch","carefree","selfless","carefree-selfless","SocialMatch","PositiveMatch"
"2890","6706bc0d8c98b64939838b2e","control_MaxMatch_Negative_Social","72","MaxMatch","greedy","racist","greedy-racist","SocialMatch","NegativeMatch"
"2891","6706bc0d8c98b64939838b2e","control_MaxMatch_Positive_Physical","0","MaxMatch","oceanic","radiant","oceanic-radiant","PhysicalMatch","PositiveMatch"
"2892","6706bc0d8c98b64939838b2e","test_ConceptualMatch_Physical","0","ConceptualMatchingOnly","comatose","blooming","comatose-blooming","ConceptualMatch:physical","NegativeMismatch"
"2893","6706bc0d8c98b64939838b2e","control_Similar","99","SimilarControl","begin","start","begin-start","",""
"2894","6706bc0d8c98b64939838b2e","control_MaxMismatch","0","MaxMismatch","blooming","dreaded","blooming-dreaded","PhysicalMismatch","PositiveMismatch"
"2895","6706bc0d8c98b64939838b2e","control_MaxMatch_Negative_Physical","25","MaxMatch","rancid","itchy","rancid-itchy","PhysicalMatch","NegativeMatch"
"2896","6706bc0d8c98b64939838b2e","test_ValenceMatch_Negative","0","ValenceMatchingOnly","comatose","humiliating","comatose-humiliating","PhysicalMismatch","NegativeMatch"
"2897","6706bc0d8c98b64939838b2e","test_ValenceMatch_Positive","0","ValenceMatchingOnly","hilarious","newborn","hilarious-newborn","SocialMismatch","PositiveMatch"
"2898","6706bc0d8c98b64939838b2e","test_ConceptualMatch_Social","0","ConceptualMatchingOnly","joyful","racist","joyful-racist","ConceptualMatch:social","PositiveMismatch"
"2899","6706bc0d8c98b64939838b2e","control_Dissimilar","0","DissimilarControl","push","pull","push-pull","",""
"2900","6706bc0d8c98b64939838b2e","control_Similar","74","SimilarControl","use","employ","use-employ","",""
"2901","6706bc0d8c98b64939838b2e","control_Dissimilar","0","DissimilarControl","begin","end","begin-end","",""
"2902","6706bc0d8c98b64939838b2e","control_MaxMatch_Positive_Social","75","MaxMatch","dependable","courageous","dependable-courageous","SocialMatch","PositiveMatch"
"2903","6706bc0d8c98b64939838b2e","control_MaxMatch_Negative_Social","22","MaxMatch","humiliating","hateful","humiliating-hateful","SocialMatch","NegativeMatch"
"2904","6706bc0d8c98b64939838b2e","control_MaxMatch_Positive_Physical","0","MaxMatch","floral","homemade","floral-homemade","PhysicalMatch","PositiveMatch"
"2905","6706bc0d8c98b64939838b2e","test_ConceptualMatch_Physical","0","ConceptualMatchingOnly","comatose","nutritious","comatose-nutritious","ConceptualMatch:physical","NegativeMismatch"
"2906","6706bc0d8c98b64939838b2e","control_Similar","99","SimilarControl","help","assist","help-assist","",""
"2907","6706bc0d8c98b64939838b2e","control_MaxMismatch","0","MaxMismatch","newborn","dreaded","newborn-dreaded","PhysicalMismatch","PositiveMismatch"
"2908","6706bc0d8c98b64939838b2e","control_MaxMatch_Negative_Physical","20","MaxMatch","comatose","obese","comatose-obese","PhysicalMatch","NegativeMatch"
"2909","6706bc0d8c98b64939838b2e","test_ValenceMatch_Negative","22","ValenceMatchingOnly","seasick","humiliating","seasick-humiliating","PhysicalMismatch","NegativeMatch"
"2910","6706bc0d8c98b64939838b2e","test_ValenceMatch_Positive","78","ValenceMatchingOnly","selfless","decorative","selfless-decorative","SocialMismatch","PositiveMatch"
"2911","6706bc0d8c98b64939838b2e","test_ConceptualMatch_Social","0","ConceptualMatchingOnly","cheerful","humiliating","cheerful-humiliating","ConceptualMatch:social","PositiveMismatch"
"2912","6706bc0d8c98b64939838b2e","control_Dissimilar","0","DissimilarControl","enter","exit","enter-exit","",""
"2913","6706bc0d8c98b64939838b2e","control_Similar","77","SimilarControl","show","display","show-display","",""
"2914","6706bc0d8c98b64939838b2e","control_Dissimilar","0","DissimilarControl","increase","decrease","increase-decrease","",""
"2915","6706bc0d8c98b64939838b2e","control_MaxMatch_Positive_Social","74","MaxMatch","joyful","courageous","joyful-courageous","SocialMatch","PositiveMatch"
"2916","6706bc0d8c98b64939838b2e","control_MaxMatch_Negative_Social","22","MaxMatch","racist","humiliating","racist-humiliating","SocialMatch","NegativeMatch"
"2917","6706bc0d8c98b64939838b2e","control_MaxMatch_Positive_Physical","72","MaxMatch","nutritious","newborn","nutritious-newborn","PhysicalMatch","PositiveMatch"
"2918","6706bc0d8c98b64939838b2e","test_ConceptualMatch_Physical","0","ConceptualMatchingOnly","rancid","blooming","rancid-blooming","ConceptualMatch:physical","NegativeMismatch"
"2919","6706bc0d8c98b64939838b2e","control_Similar","99","SimilarControl","need","require","need-require","",""
"2920","6706bc0d8c98b64939838b2e","control_MaxMismatch","0","MaxMismatch","radiant","insulting","radiant-insulting","PhysicalMismatch","PositiveMismatch"
"2921","6706bc0d8c98b64939838b2e","control_MaxMatch_Negative_Physical","24","MaxMatch","seasick","smelly","seasick-smelly","PhysicalMatch","NegativeMatch"
"2922","6706bc0d8c98b64939838b2e","test_ValenceMatch_Negative","22","ValenceMatchingOnly","obese","humiliating","obese-humiliating","PhysicalMismatch","NegativeMatch"
"2923","6706bc0d8c98b64939838b2e","test_ValenceMatch_Positive","74","ValenceMatchingOnly","easygoing","sunny","easygoing-sunny","SocialMismatch","PositiveMatch"
"2924","6706bc0d8c98b64939838b2e","test_ConceptualMatch_Social","0","ConceptualMatchingOnly","joyful","hateful","joyful-hateful","ConceptualMatch:social","PositiveMismatch"
"2925","6706bc0d8c98b64939838b2e","control_Dissimilar","0","DissimilarControl","come","go","come-go","",""
"2926","5fd0d768b17449016f76f9f9","control_Similar","89","SimilarControl","need","require","need-require","",""
"2927","5fd0d768b17449016f76f9f9","control_Dissimilar","11","DissimilarControl","arrive","leave","arrive-leave","",""
"2928","5fd0d768b17449016f76f9f9","control_Similar","99","SimilarControl","help","assist","help-assist","",""
"2929","5fd0d768b17449016f76f9f9","test_ConceptualMatch_Physical","28","ConceptualMatchingOnly","comatose","radiant","comatose-radiant","ConceptualMatch:physical","NegativeMismatch"
"2930","5fd0d768b17449016f76f9f9","test_ValenceMatch_Positive","9","ValenceMatchingOnly","brotherly","floral","brotherly-floral","SocialMismatch","PositiveMatch"
"2931","5fd0d768b17449016f76f9f9","control_MaxMatch_Positive_Physical","80","MaxMatch","floral","decorative","floral-decorative","PhysicalMatch","PositiveMatch"
"2932","5fd0d768b17449016f76f9f9","test_ConceptualMatch_Social","7","ConceptualMatchingOnly","joyful","heartbroken","joyful-heartbroken","ConceptualMatch:social","PositiveMismatch"
"2933","5fd0d768b17449016f76f9f9","control_MaxMatch_Positive_Social","67","MaxMatch","hilarious","witty","hilarious-witty","SocialMatch","PositiveMatch"
"2934","5fd0d768b17449016f76f9f9","control_MaxMatch_Negative_Social","38","MaxMatch","heartbroken","dreaded","heartbroken-dreaded","SocialMatch","NegativeMatch"
"2935","5fd0d768b17449016f76f9f9","control_MaxMismatch","6","MaxMismatch","floral","racist","floral-racist","PhysicalMismatch","PositiveMismatch"
"2936","5fd0d768b17449016f76f9f9","control_Dissimilar","2","DissimilarControl","add","remove","add-remove","",""
"2937","5fd0d768b17449016f76f9f9","test_ValenceMatch_Negative","20","ValenceMatchingOnly","rancid","heartbroken","rancid-heartbroken","PhysicalMismatch","NegativeMatch"
"2938","5fd0d768b17449016f76f9f9","control_MaxMatch_Negative_Physical","89","MaxMatch","nauseous","seasick","nauseous-seasick","PhysicalMatch","NegativeMatch"
"2939","5fd0d768b17449016f76f9f9","control_Similar","99","SimilarControl","speak","talk","speak-talk","",""
"2940","5fd0d768b17449016f76f9f9","control_Dissimilar","5","DissimilarControl","begin","end","begin-end","",""
"2941","5fd0d768b17449016f76f9f9","control_Similar","66","SimilarControl","use","employ","use-employ","",""
"2942","5fd0d768b17449016f76f9f9","test_ConceptualMatch_Physical","25","ConceptualMatchingOnly","nauseous","fluffy","nauseous-fluffy","ConceptualMatch:physical","NegativeMismatch"
"2943","5fd0d768b17449016f76f9f9","test_ValenceMatch_Positive","34","ValenceMatchingOnly","hilarious","radiant","hilarious-radiant","SocialMismatch","PositiveMatch"
"2944","5fd0d768b17449016f76f9f9","control_MaxMatch_Positive_Physical","70","MaxMatch","fluffy","decorative","fluffy-decorative","PhysicalMatch","PositiveMatch"
"2945","5fd0d768b17449016f76f9f9","test_ConceptualMatch_Social","1","ConceptualMatchingOnly","cheerful","hateful","cheerful-hateful","ConceptualMatch:social","PositiveMismatch"
"2946","5fd0d768b17449016f76f9f9","control_MaxMatch_Positive_Social","67","MaxMatch","brotherly","joyful","brotherly-joyful","SocialMatch","PositiveMatch"
"2947","5fd0d768b17449016f76f9f9","control_MaxMatch_Negative_Social","42","MaxMatch","stingy","hateful","stingy-hateful","SocialMatch","NegativeMatch"
"2948","5fd0d768b17449016f76f9f9","control_MaxMismatch","8","MaxMismatch","nutritious","infuriating","nutritious-infuriating","PhysicalMismatch","PositiveMismatch"
"2949","5fd0d768b17449016f76f9f9","control_Dissimilar","12","DissimilarControl","come","go","come-go","",""
"2950","5fd0d768b17449016f76f9f9","test_ValenceMatch_Negative","34","ValenceMatchingOnly","smelly","infuriating","smelly-infuriating","PhysicalMismatch","NegativeMatch"
"2951","5fd0d768b17449016f76f9f9","control_MaxMatch_Negative_Physical","28","MaxMatch","obese","smelly","obese-smelly","PhysicalMatch","NegativeMatch"
"2952","5fd0d768b17449016f76f9f9","control_Similar","96","SimilarControl","end","finish","end-finish","",""
"2953","5fd0d768b17449016f76f9f9","control_Dissimilar","4","DissimilarControl","open","close","open-close","",""
"2954","5fd0d768b17449016f76f9f9","control_Similar","84","SimilarControl","buy","purchase","buy-purchase","",""
"2955","5fd0d768b17449016f76f9f9","test_ConceptualMatch_Physical","17","ConceptualMatchingOnly","obese","radiant","obese-radiant","ConceptualMatch:physical","NegativeMismatch"
"2956","5fd0d768b17449016f76f9f9","test_ValenceMatch_Positive","28","ValenceMatchingOnly","selfless","radiant","selfless-radiant","SocialMismatch","PositiveMatch"
"2957","5fd0d768b17449016f76f9f9","control_MaxMatch_Positive_Physical","78","MaxMatch","sunny","decorative","sunny-decorative","PhysicalMatch","PositiveMatch"
"2958","5fd0d768b17449016f76f9f9","test_ConceptualMatch_Social","26","ConceptualMatchingOnly","easygoing","greedy","easygoing-greedy","ConceptualMatch:social","PositiveMismatch"
"2959","5fd0d768b17449016f76f9f9","control_MaxMatch_Positive_Social","34","MaxMatch","cheerful","hilarious","cheerful-hilarious","SocialMatch","PositiveMatch"
"2960","5fd0d768b17449016f76f9f9","control_MaxMatch_Negative_Social","20","MaxMatch","heartbroken","stingy","heartbroken-stingy","SocialMatch","NegativeMatch"
"2961","5fd0d768b17449016f76f9f9","control_MaxMismatch","10","MaxMismatch","radiant","greedy","radiant-greedy","PhysicalMismatch","PositiveMismatch"
"2962","5fd0d768b17449016f76f9f9","control_Dissimilar","21","DissimilarControl","rise","fall","rise-fall","",""
"2963","5fd0d768b17449016f76f9f9","test_ValenceMatch_Negative","9","ValenceMatchingOnly","excruciating","grumpy","excruciating-grumpy","PhysicalMismatch","NegativeMatch"
"2964","5fd0d768b17449016f76f9f9","control_MaxMatch_Negative_Physical","14","MaxMatch","excruciating","smelly","excruciating-smelly","PhysicalMatch","NegativeMatch"
"2965","5fd0d768b17449016f76f9f9","control_Similar","89","SimilarControl","show","display","show-display","",""
"2966","5fd0d768b17449016f76f9f9","control_Dissimilar","18","DissimilarControl","enter","exit","enter-exit","",""
"2967","5fd0d768b17449016f76f9f9","control_Similar","91","SimilarControl","get","obtain","get-obtain","",""
"2968","5fd0d768b17449016f76f9f9","test_ConceptualMatch_Physical","0","ConceptualMatchingOnly","rancid","homemade","rancid-homemade","ConceptualMatch:physical","NegativeMismatch"
"2969","5fd0d768b17449016f76f9f9","test_ValenceMatch_Positive","59","ValenceMatchingOnly","cheerful","floral","cheerful-floral","SocialMismatch","PositiveMatch"
"2970","5fd0d768b17449016f76f9f9","control_MaxMatch_Positive_Physical","69","MaxMatch","blooming","floral","blooming-floral","PhysicalMatch","PositiveMatch"
"2971","5fd0d768b17449016f76f9f9","test_ConceptualMatch_Social","19","ConceptualMatchingOnly","hilarious","hateful","hilarious-hateful","ConceptualMatch:social","PositiveMismatch"
"2972","5fd0d768b17449016f76f9f9","control_MaxMatch_Positive_Social","57","MaxMatch","cheerful","easygoing","cheerful-easygoing","SocialMatch","PositiveMatch"
"2973","5fd0d768b17449016f76f9f9","control_MaxMatch_Negative_Social","55","MaxMatch","insulting","grumpy","insulting-grumpy","SocialMatch","NegativeMatch"
"2974","5fd0d768b17449016f76f9f9","control_MaxMismatch","5","MaxMismatch","sunny","insulting","sunny-insulting","PhysicalMismatch","PositiveMismatch"
"2975","5fd0d768b17449016f76f9f9","control_Dissimilar","0","DissimilarControl","increase","decrease","increase-decrease","",""
"2976","5fd0d768b17449016f76f9f9","test_ValenceMatch_Negative","27","ValenceMatchingOnly","excruciating","insulting","excruciating-insulting","PhysicalMismatch","NegativeMatch"
"2977","5fd0d768b17449016f76f9f9","control_MaxMatch_Negative_Physical","10","MaxMatch","comatose","rancid","comatose-rancid","PhysicalMatch","NegativeMatch"
"2978","5fd0d768b17449016f76f9f9","control_Similar","98","SimilarControl","begin","start","begin-start","",""
"2979","5fd0d768b17449016f76f9f9","control_Dissimilar","8","DissimilarControl","push","pull","push-pull","",""
"2980","5fd0d768b17449016f76f9f9","control_Similar","86","SimilarControl","ask","inquire","ask-inquire","",""
"2981","5fd0d768b17449016f76f9f9","test_ConceptualMatch_Physical","10","ConceptualMatchingOnly","lifeless","nutritious","lifeless-nutritious","ConceptualMatch:physical","NegativeMismatch"
"2982","5fd0d768b17449016f76f9f9","test_ValenceMatch_Positive","12","ValenceMatchingOnly","joyful","oceanic","joyful-oceanic","SocialMismatch","PositiveMatch"
"2983","5fd0d768b17449016f76f9f9","control_MaxMatch_Positive_Physical","21","MaxMatch","blooming","newborn","blooming-newborn","PhysicalMatch","PositiveMatch"
"2984","5fd0d768b17449016f76f9f9","test_ConceptualMatch_Social","16","ConceptualMatchingOnly","brotherly","heartbroken","brotherly-heartbroken","ConceptualMatch:social","PositiveMismatch"
"2985","5fd0d768b17449016f76f9f9","control_MaxMatch_Positive_Social","73","MaxMatch","easygoing","selfless","easygoing-selfless","SocialMatch","PositiveMatch"
"2986","5fd0d768b17449016f76f9f9","control_MaxMatch_Negative_Social","88","MaxMatch","insulting","humiliating","insulting-humiliating","SocialMatch","NegativeMatch"
"2987","5fd0d768b17449016f76f9f9","control_MaxMismatch","11","MaxMismatch","newborn","racist","newborn-racist","PhysicalMismatch","PositiveMismatch"
"2988","5fd0d768b17449016f76f9f9","control_Dissimilar","11","DissimilarControl","give","take","give-take","",""
"2989","5fd0d768b17449016f76f9f9","test_ValenceMatch_Negative","12","ValenceMatchingOnly","obese","infuriating","obese-infuriating","PhysicalMismatch","NegativeMatch"
"2990","5fd0d768b17449016f76f9f9","control_MaxMatch_Negative_Physical","3","MaxMatch","obese","rancid","obese-rancid","PhysicalMatch","NegativeMatch"
"2991","661ee735d1619c1f872b98f6","control_Similar","99","SimilarControl","help","assist","help-assist","",""
"2992","661ee735d1619c1f872b98f6","control_Dissimilar","0","DissimilarControl","open","close","open-close","",""
"2993","661ee735d1619c1f872b98f6","test_ValenceMatch_Positive","42","ValenceMatchingOnly","brotherly","blooming","brotherly-blooming","SocialMismatch","PositiveMatch"
"2994","661ee735d1619c1f872b98f6","control_MaxMatch_Negative_Social","77","MaxMatch","grumpy","dreaded","grumpy-dreaded","SocialMatch","NegativeMatch"
"2995","661ee735d1619c1f872b98f6","control_Similar","99","SimilarControl","speak","talk","speak-talk","",""
"2996","661ee735d1619c1f872b98f6","control_MaxMatch_Positive_Social","56","MaxMatch","courageous","witty","courageous-witty","SocialMatch","PositiveMatch"
"2997","661ee735d1619c1f872b98f6","control_Dissimilar","0","DissimilarControl","give","take","give-take","",""
"2998","661ee735d1619c1f872b98f6","control_MaxMatch_Positive_Physical","64","MaxMatch","blooming","newborn","blooming-newborn","PhysicalMatch","PositiveMatch"
"2999","661ee735d1619c1f872b98f6","control_MaxMismatch","20","MaxMismatch","nutritious","humiliating","nutritious-humiliating","PhysicalMismatch","PositiveMismatch"
"3000","661ee735d1619c1f872b98f6","test_ConceptualMatch_Physical","18","ConceptualMatchingOnly","excruciating","fluffy","excruciating-fluffy","ConceptualMatch:physical","NegativeMismatch"
"3001","661ee735d1619c1f872b98f6","test_ValenceMatch_Negative","47","ValenceMatchingOnly","comatose","hateful","comatose-hateful","PhysicalMismatch","NegativeMatch"
"3002","661ee735d1619c1f872b98f6","test_ConceptualMatch_Social","20","ConceptualMatchingOnly","easygoing","greedy","easygoing-greedy","ConceptualMatch:social","PositiveMismatch"
"3003","661ee735d1619c1f872b98f6","control_MaxMatch_Negative_Physical","73","MaxMatch","excruciating","itchy","excruciating-itchy","PhysicalMatch","NegativeMatch"
"3004","661ee735d1619c1f872b98f6","control_Similar","99","SimilarControl","need","require","need-require","",""
"3005","661ee735d1619c1f872b98f6","control_Dissimilar","0","DissimilarControl","increase","decrease","increase-decrease","",""
"3006","661ee735d1619c1f872b98f6","test_ValenceMatch_Positive","46","ValenceMatchingOnly","easygoing","radiant","easygoing-radiant","SocialMismatch","PositiveMatch"
"3007","661ee735d1619c1f872b98f6","control_MaxMatch_Negative_Social","67","MaxMatch","heartbroken","infuriating","heartbroken-infuriating","SocialMatch","NegativeMatch"
"3008","661ee735d1619c1f872b98f6","control_Similar","97","SimilarControl","use","employ","use-employ","",""
"3009","661ee735d1619c1f872b98f6","control_MaxMatch_Positive_Social","48","MaxMatch","cheerful","dependable","cheerful-dependable","SocialMatch","PositiveMatch"
"3010","661ee735d1619c1f872b98f6","control_Dissimilar","0","DissimilarControl","enter","exit","enter-exit","",""
"3011","661ee735d1619c1f872b98f6","control_MaxMatch_Positive_Physical","40","MaxMatch","fluffy","newborn","fluffy-newborn","PhysicalMatch","PositiveMatch"
"3012","661ee735d1619c1f872b98f6","control_MaxMismatch","43","MaxMismatch","decorative","grumpy","decorative-grumpy","PhysicalMismatch","PositiveMismatch"
"3013","661ee735d1619c1f872b98f6","test_ConceptualMatch_Physical","61","ConceptualMatchingOnly","smelly","floral","smelly-floral","ConceptualMatch:physical","NegativeMismatch"
"3014","661ee735d1619c1f872b98f6","test_ValenceMatch_Negative","48","ValenceMatchingOnly","moldy","hateful","moldy-hateful","PhysicalMismatch","NegativeMatch"
"3015","661ee735d1619c1f872b98f6","test_ConceptualMatch_Social","58","ConceptualMatchingOnly","courageous","heartbroken","courageous-heartbroken","ConceptualMatch:social","PositiveMismatch"
"3016","661ee735d1619c1f872b98f6","control_MaxMatch_Negative_Physical","45","MaxMatch","lifeless","rancid","lifeless-rancid","PhysicalMatch","NegativeMatch"
"3017","661ee735d1619c1f872b98f6","control_Similar","99","SimilarControl","show","display","show-display","",""
"3018","661ee735d1619c1f872b98f6","control_Dissimilar","0","DissimilarControl","add","remove","add-remove","",""
"3019","661ee735d1619c1f872b98f6","test_ValenceMatch_Positive","51","ValenceMatchingOnly","selfless","radiant","selfless-radiant","SocialMismatch","PositiveMatch"
"3020","661ee735d1619c1f872b98f6","control_MaxMatch_Negative_Social","66","MaxMatch","grumpy","racist","grumpy-racist","SocialMatch","NegativeMatch"
"3021","661ee735d1619c1f872b98f6","control_Similar","99","SimilarControl","begin","start","begin-start","",""
"3022","661ee735d1619c1f872b98f6","control_MaxMatch_Positive_Social","52","MaxMatch","easygoing","courageous","easygoing-courageous","SocialMatch","PositiveMatch"
"3023","661ee735d1619c1f872b98f6","control_Dissimilar","0","DissimilarControl","come","go","come-go","",""
"3024","661ee735d1619c1f872b98f6","control_MaxMatch_Positive_Physical","46","MaxMatch","fluffy","nutritious","fluffy-nutritious","PhysicalMatch","PositiveMatch"
"3025","661ee735d1619c1f872b98f6","control_MaxMismatch","53","MaxMismatch","blooming","grumpy","blooming-grumpy","PhysicalMismatch","PositiveMismatch"
"3026","661ee735d1619c1f872b98f6","test_ConceptualMatch_Physical","83","ConceptualMatchingOnly","seasick","oceanic","seasick-oceanic","ConceptualMatch:physical","NegativeMismatch"
"3027","661ee735d1619c1f872b98f6","test_ValenceMatch_Negative","44","ValenceMatchingOnly","obese","heartbroken","obese-heartbroken","PhysicalMismatch","NegativeMatch"
"3028","661ee735d1619c1f872b98f6","test_ConceptualMatch_Social","22","ConceptualMatchingOnly","cheerful","stingy","cheerful-stingy","ConceptualMatch:social","PositiveMismatch"
"3029","661ee735d1619c1f872b98f6","control_MaxMatch_Negative_Physical","28","MaxMatch","lifeless","itchy","lifeless-itchy","PhysicalMatch","NegativeMatch"
"3030","661ee735d1619c1f872b98f6","control_Similar","99","SimilarControl","ask","inquire","ask-inquire","",""
"3031","661ee735d1619c1f872b98f6","control_Dissimilar","0","DissimilarControl","rise","fall","rise-fall","",""
"3032","661ee735d1619c1f872b98f6","test_ValenceMatch_Positive","46","ValenceMatchingOnly","witty","floral","witty-floral","SocialMismatch","PositiveMatch"
"3033","661ee735d1619c1f872b98f6","control_MaxMatch_Negative_Social","45","MaxMatch","racist","dreaded","racist-dreaded","SocialMatch","NegativeMatch"
"3034","661ee735d1619c1f872b98f6","control_Similar","99","SimilarControl","end","finish","end-finish","",""
"3035","661ee735d1619c1f872b98f6","control_MaxMatch_Positive_Social","52","MaxMatch","brotherly","courageous","brotherly-courageous","SocialMatch","PositiveMatch"
"3036","661ee735d1619c1f872b98f6","control_Dissimilar","0","DissimilarControl","arrive","leave","arrive-leave","",""
"3037","661ee735d1619c1f872b98f6","control_MaxMatch_Positive_Physical","39","MaxMatch","floral","oceanic","floral-oceanic","PhysicalMatch","PositiveMatch"
"3038","661ee735d1619c1f872b98f6","control_MaxMismatch","44","MaxMismatch","radiant","greedy","radiant-greedy","PhysicalMismatch","PositiveMismatch"
"3039","661ee735d1619c1f872b98f6","test_ConceptualMatch_Physical","57","ConceptualMatchingOnly","itchy","floral","itchy-floral","ConceptualMatch:physical","NegativeMismatch"
"3040","661ee735d1619c1f872b98f6","test_ValenceMatch_Negative","49","ValenceMatchingOnly","nauseous","humiliating","nauseous-humiliating","PhysicalMismatch","NegativeMatch"
"3041","661ee735d1619c1f872b98f6","test_ConceptualMatch_Social","0","ConceptualMatchingOnly","cheerful","hateful","cheerful-hateful","ConceptualMatch:social","PositiveMismatch"
"3042","661ee735d1619c1f872b98f6","control_MaxMatch_Negative_Physical","48","MaxMatch","comatose","seasick","comatose-seasick","PhysicalMatch","NegativeMatch"
"3043","661ee735d1619c1f872b98f6","control_Similar","99","SimilarControl","buy","purchase","buy-purchase","",""
"3044","661ee735d1619c1f872b98f6","control_Dissimilar","0","DissimilarControl","begin","end","begin-end","",""
"3045","661ee735d1619c1f872b98f6","test_ValenceMatch_Positive","42","ValenceMatchingOnly","easygoing","homemade","easygoing-homemade","SocialMismatch","PositiveMatch"
"3046","661ee735d1619c1f872b98f6","control_MaxMatch_Negative_Social","71","MaxMatch","humiliating","infuriating","humiliating-infuriating","SocialMatch","NegativeMatch"
"3047","661ee735d1619c1f872b98f6","control_Similar","99","SimilarControl","get","obtain","get-obtain","",""
"3048","661ee735d1619c1f872b98f6","control_MaxMatch_Positive_Social","39","MaxMatch","carefree","witty","carefree-witty","SocialMatch","PositiveMatch"
"3049","661ee735d1619c1f872b98f6","control_Dissimilar","0","DissimilarControl","push","pull","push-pull","",""
"3050","661ee735d1619c1f872b98f6","control_MaxMatch_Positive_Physical","40","MaxMatch","oceanic","decorative","oceanic-decorative","PhysicalMatch","PositiveMatch"
"3051","661ee735d1619c1f872b98f6","control_MaxMismatch","33","MaxMismatch","sunny","insulting","sunny-insulting","PhysicalMismatch","PositiveMismatch"
"3052","661ee735d1619c1f872b98f6","test_ConceptualMatch_Physical","41","ConceptualMatchingOnly","smelly","oceanic","smelly-oceanic","ConceptualMatch:physical","NegativeMismatch"
"3053","661ee735d1619c1f872b98f6","test_ValenceMatch_Negative","66","ValenceMatchingOnly","itchy","infuriating","itchy-infuriating","PhysicalMismatch","NegativeMatch"
"3054","661ee735d1619c1f872b98f6","test_ConceptualMatch_Social","31","ConceptualMatchingOnly","brotherly","stingy","brotherly-stingy","ConceptualMatch:social","PositiveMismatch"
"3055","661ee735d1619c1f872b98f6","control_MaxMatch_Negative_Physical","68","MaxMatch","excruciating","obese","excruciating-obese","PhysicalMatch","NegativeMatch"
"3056","67001b28a9974a03b6ffec54","control_Similar","99","SimilarControl","show","display","show-display","",""
"3057","67001b28a9974a03b6ffec54","control_Dissimilar","45","DissimilarControl","come","go","come-go","",""
"3058","67001b28a9974a03b6ffec54","test_ConceptualMatch_Physical","0","ConceptualMatchingOnly","obese","oceanic","obese-oceanic","ConceptualMatch:physical","NegativeMismatch"
"3059","67001b28a9974a03b6ffec54","test_ValenceMatch_Positive","16","ValenceMatchingOnly","carefree","newborn","carefree-newborn","SocialMismatch","PositiveMatch"
"3060","67001b28a9974a03b6ffec54","control_MaxMatch_Negative_Physical","0","MaxMatch","nauseous","excruciating","nauseous-excruciating","PhysicalMatch","NegativeMatch"
"3061","67001b28a9974a03b6ffec54","control_MaxMatch_Negative_Social","0","MaxMatch","infuriating","hateful","infuriating-hateful","SocialMatch","NegativeMatch"
"3062","67001b28a9974a03b6ffec54","test_ValenceMatch_Negative","0","ValenceMatchingOnly","obese","grumpy","obese-grumpy","PhysicalMismatch","NegativeMatch"
"3063","67001b28a9974a03b6ffec54","test_ConceptualMatch_Social","0","ConceptualMatchingOnly","witty","greedy","witty-greedy","ConceptualMatch:social","PositiveMismatch"
"3064","67001b28a9974a03b6ffec54","control_Similar","99","SimilarControl","use","employ","use-employ","",""
"3065","67001b28a9974a03b6ffec54","control_MaxMismatch","0","MaxMismatch","nutritious","racist","nutritious-racist","PhysicalMismatch","PositiveMismatch"
"3066","67001b28a9974a03b6ffec54","control_MaxMatch_Positive_Physical","73","MaxMatch","blooming","radiant","blooming-radiant","PhysicalMatch","PositiveMatch"
"3067","67001b28a9974a03b6ffec54","control_Dissimilar","0","DissimilarControl","arrive","leave","arrive-leave","",""
"3068","67001b28a9974a03b6ffec54","control_MaxMatch_Positive_Social","0","MaxMatch","easygoing","dependable","easygoing-dependable","SocialMatch","PositiveMatch"
"3069","67001b28a9974a03b6ffec54","control_Similar","99","SimilarControl","get","obtain","get-obtain","",""
"3070","67001b28a9974a03b6ffec54","control_Dissimilar","0","DissimilarControl","increase","decrease","increase-decrease","",""
"3071","67001b28a9974a03b6ffec54","test_ConceptualMatch_Physical","0","ConceptualMatchingOnly","rancid","radiant","rancid-radiant","ConceptualMatch:physical","NegativeMismatch"
"3072","67001b28a9974a03b6ffec54","test_ValenceMatch_Positive","0","ValenceMatchingOnly","witty","newborn","witty-newborn","SocialMismatch","PositiveMatch"
"3073","67001b28a9974a03b6ffec54","control_MaxMatch_Negative_Physical","71","MaxMatch","moldy","smelly","moldy-smelly","PhysicalMatch","NegativeMatch"
"3074","67001b28a9974a03b6ffec54","control_MaxMatch_Negative_Social","0","MaxMatch","heartbroken","racist","heartbroken-racist","SocialMatch","NegativeMatch"
"3075","67001b28a9974a03b6ffec54","test_ValenceMatch_Negative","0","ValenceMatchingOnly","obese","stingy","obese-stingy","PhysicalMismatch","NegativeMatch"
"3076","67001b28a9974a03b6ffec54","test_ConceptualMatch_Social","11","ConceptualMatchingOnly","brotherly","insulting","brotherly-insulting","ConceptualMatch:social","PositiveMismatch"
"3077","67001b28a9974a03b6ffec54","control_Similar","99","SimilarControl","speak","talk","speak-talk","",""
"3078","67001b28a9974a03b6ffec54","control_MaxMismatch","0","MaxMismatch","nutritious","infuriating","nutritious-infuriating","PhysicalMismatch","PositiveMismatch"
"3079","67001b28a9974a03b6ffec54","control_MaxMatch_Positive_Physical","0","MaxMatch","decorative","homemade","decorative-homemade","PhysicalMatch","PositiveMatch"
"3080","67001b28a9974a03b6ffec54","control_Dissimilar","0","DissimilarControl","add","remove","add-remove","",""
"3081","67001b28a9974a03b6ffec54","control_MaxMatch_Positive_Social","0","MaxMatch","easygoing","hilarious","easygoing-hilarious","SocialMatch","PositiveMatch"
"3082","67001b28a9974a03b6ffec54","control_Similar","99","SimilarControl","help","assist","help-assist","",""
"3083","67001b28a9974a03b6ffec54","control_Dissimilar","0","DissimilarControl","enter","exit","enter-exit","",""
"3084","67001b28a9974a03b6ffec54","test_ConceptualMatch_Physical","0","ConceptualMatchingOnly","nauseous","nutritious","nauseous-nutritious","ConceptualMatch:physical","NegativeMismatch"
"3085","67001b28a9974a03b6ffec54","test_ValenceMatch_Positive","0","ValenceMatchingOnly","brotherly","decorative","brotherly-decorative","SocialMismatch","PositiveMatch"
"3086","67001b28a9974a03b6ffec54","control_MaxMatch_Negative_Physical","74","MaxMatch","comatose","lifeless","comatose-lifeless","PhysicalMatch","NegativeMatch"
"3087","67001b28a9974a03b6ffec54","control_MaxMatch_Negative_Social","0","MaxMatch","grumpy","racist","grumpy-racist","SocialMatch","NegativeMatch"
"3088","67001b28a9974a03b6ffec54","test_ValenceMatch_Negative","0","ValenceMatchingOnly","excruciating","grumpy","excruciating-grumpy","PhysicalMismatch","NegativeMatch"
"3089","67001b28a9974a03b6ffec54","test_ConceptualMatch_Social","0","ConceptualMatchingOnly","brotherly","greedy","brotherly-greedy","ConceptualMatch:social","PositiveMismatch"
"3090","67001b28a9974a03b6ffec54","control_Similar","99","SimilarControl","buy","purchase","buy-purchase","",""
"3091","67001b28a9974a03b6ffec54","control_MaxMismatch","0","MaxMismatch","fluffy","infuriating","fluffy-infuriating","PhysicalMismatch","PositiveMismatch"
"3092","67001b28a9974a03b6ffec54","control_MaxMatch_Positive_Physical","0","MaxMatch","nutritious","newborn","nutritious-newborn","PhysicalMatch","PositiveMatch"
"3093","67001b28a9974a03b6ffec54","control_Dissimilar","0","DissimilarControl","give","take","give-take","",""
"3094","67001b28a9974a03b6ffec54","control_MaxMatch_Positive_Social","0","MaxMatch","brotherly","hilarious","brotherly-hilarious","SocialMatch","PositiveMatch"
"3095","67001b28a9974a03b6ffec54","control_Similar","99","SimilarControl","need","require","need-require","",""
"3096","67001b28a9974a03b6ffec54","control_Dissimilar","0","DissimilarControl","open","close","open-close","",""
"3097","67001b28a9974a03b6ffec54","test_ConceptualMatch_Physical","0","ConceptualMatchingOnly","seasick","fluffy","seasick-fluffy","ConceptualMatch:physical","NegativeMismatch"
"3098","67001b28a9974a03b6ffec54","test_ValenceMatch_Positive","0","ValenceMatchingOnly","joyful","homemade","joyful-homemade","SocialMismatch","PositiveMatch"
"3099","67001b28a9974a03b6ffec54","control_MaxMatch_Negative_Physical","0","MaxMatch","comatose","seasick","comatose-seasick","PhysicalMatch","NegativeMatch"
"3100","67001b28a9974a03b6ffec54","control_MaxMatch_Negative_Social","77","MaxMatch","greedy","stingy","greedy-stingy","SocialMatch","NegativeMatch"
"3101","67001b28a9974a03b6ffec54","test_ValenceMatch_Negative","0","ValenceMatchingOnly","seasick","greedy","seasick-greedy","PhysicalMismatch","NegativeMatch"
"3102","67001b28a9974a03b6ffec54","test_ConceptualMatch_Social","0","ConceptualMatchingOnly","witty","racist","witty-racist","ConceptualMatch:social","PositiveMismatch"
"3103","67001b28a9974a03b6ffec54","control_Similar","99","SimilarControl","begin","start","begin-start","",""
"3104","67001b28a9974a03b6ffec54","control_MaxMismatch","0","MaxMismatch","newborn","racist","newborn-racist","PhysicalMismatch","PositiveMismatch"
"3105","67001b28a9974a03b6ffec54","control_MaxMatch_Positive_Physical","65","MaxMatch","sunny","blooming","sunny-blooming","PhysicalMatch","PositiveMatch"
"3106","67001b28a9974a03b6ffec54","control_Dissimilar","0","DissimilarControl","rise","fall","rise-fall","",""
"3107","67001b28a9974a03b6ffec54","control_MaxMatch_Positive_Social","0","MaxMatch","cheerful","selfless","cheerful-selfless","SocialMatch","PositiveMatch"
"3108","67001b28a9974a03b6ffec54","control_Similar","99","SimilarControl","end","finish","end-finish","",""
"3109","67001b28a9974a03b6ffec54","control_Dissimilar","0","DissimilarControl","push","pull","push-pull","",""
"3110","67001b28a9974a03b6ffec54","test_ConceptualMatch_Physical","0","ConceptualMatchingOnly","seasick","nutritious","seasick-nutritious","ConceptualMatch:physical","NegativeMismatch"
"3111","67001b28a9974a03b6ffec54","test_ValenceMatch_Positive","0","ValenceMatchingOnly","selfless","oceanic","selfless-oceanic","SocialMismatch","PositiveMatch"
"3112","67001b28a9974a03b6ffec54","control_MaxMatch_Negative_Physical","0","MaxMatch","nauseous","comatose","nauseous-comatose","PhysicalMatch","NegativeMatch"
"3113","67001b28a9974a03b6ffec54","control_MaxMatch_Negative_Social","81","MaxMatch","insulting","hateful","insulting-hateful","SocialMatch","NegativeMatch"
"3114","67001b28a9974a03b6ffec54","test_ValenceMatch_Negative","0","ValenceMatchingOnly","seasick","heartbroken","seasick-heartbroken","PhysicalMismatch","NegativeMatch"
"3115","67001b28a9974a03b6ffec54","test_ConceptualMatch_Social","0","ConceptualMatchingOnly","selfless","hateful","selfless-hateful","ConceptualMatch:social","PositiveMismatch"
"3116","67001b28a9974a03b6ffec54","control_Similar","99","SimilarControl","ask","inquire","ask-inquire","",""
"3117","67001b28a9974a03b6ffec54","control_MaxMismatch","0","MaxMismatch","decorative","heartbroken","decorative-heartbroken","PhysicalMismatch","PositiveMismatch"
"3118","67001b28a9974a03b6ffec54","control_MaxMatch_Positive_Physical","0","MaxMatch","oceanic","decorative","oceanic-decorative","PhysicalMatch","PositiveMatch"
"3119","67001b28a9974a03b6ffec54","control_Dissimilar","0","DissimilarControl","begin","end","begin-end","",""
"3120","67001b28a9974a03b6ffec54","control_MaxMatch_Positive_Social","0","MaxMatch","easygoing","selfless","easygoing-selfless","SocialMatch","PositiveMatch"
"3121","5ed9c3054268815691ed0e2c","control_Dissimilar","21","DissimilarControl","increase","decrease","increase-decrease","",""
"3122","5ed9c3054268815691ed0e2c","control_Similar","85","SimilarControl","buy","purchase","buy-purchase","",""
"3123","5ed9c3054268815691ed0e2c","test_ConceptualMatch_Social","13","ConceptualMatchingOnly","selfless","dreaded","selfless-dreaded","ConceptualMatch:social","PositiveMismatch"
"3124","5ed9c3054268815691ed0e2c","control_MaxMatch_Positive_Social","72","MaxMatch","brotherly","joyful","brotherly-joyful","SocialMatch","PositiveMatch"
"3125","5ed9c3054268815691ed0e2c","control_MaxMatch_Positive_Physical","18","MaxMatch","floral","homemade","floral-homemade","PhysicalMatch","PositiveMatch"
"3126","5ed9c3054268815691ed0e2c","control_MaxMismatch","10","MaxMismatch","sunny","grumpy","sunny-grumpy","PhysicalMismatch","PositiveMismatch"
"3127","5ed9c3054268815691ed0e2c","control_MaxMatch_Negative_Physical","49","MaxMatch","excruciating","itchy","excruciating-itchy","PhysicalMatch","NegativeMatch"
"3128","5ed9c3054268815691ed0e2c","test_ValenceMatch_Positive","54","ValenceMatchingOnly","easygoing","radiant","easygoing-radiant","SocialMismatch","PositiveMatch"
"3129","5ed9c3054268815691ed0e2c","control_MaxMatch_Negative_Social","35","MaxMatch","greedy","racist","greedy-racist","SocialMatch","NegativeMatch"
"3130","5ed9c3054268815691ed0e2c","test_ValenceMatch_Negative","33","ValenceMatchingOnly","moldy","dreaded","moldy-dreaded","PhysicalMismatch","NegativeMatch"
"3131","5ed9c3054268815691ed0e2c","test_ConceptualMatch_Physical","11","ConceptualMatchingOnly","nauseous","blooming","nauseous-blooming","ConceptualMatch:physical","NegativeMismatch"
"3132","5ed9c3054268815691ed0e2c","control_Dissimilar","5","DissimilarControl","rise","fall","rise-fall","",""
"3133","5ed9c3054268815691ed0e2c","control_Similar","93","SimilarControl","speak","talk","speak-talk","",""
"3134","5ed9c3054268815691ed0e2c","control_Dissimilar","8","DissimilarControl","give","take","give-take","",""
"3135","5ed9c3054268815691ed0e2c","control_Similar","45","SimilarControl","need","require","need-require","",""
"3136","5ed9c3054268815691ed0e2c","test_ConceptualMatch_Social","0","ConceptualMatchingOnly","courageous","stingy","courageous-stingy","ConceptualMatch:social","PositiveMismatch"
"3137","5ed9c3054268815691ed0e2c","control_MaxMatch_Positive_Social","77","MaxMatch","hilarious","witty","hilarious-witty","SocialMatch","PositiveMatch"
"3138","5ed9c3054268815691ed0e2c","control_MaxMatch_Positive_Physical","26","MaxMatch","fluffy","radiant","fluffy-radiant","PhysicalMatch","PositiveMatch"
"3139","5ed9c3054268815691ed0e2c","control_MaxMismatch","20","MaxMismatch","oceanic","heartbroken","oceanic-heartbroken","PhysicalMismatch","PositiveMismatch"
"3140","5ed9c3054268815691ed0e2c","control_MaxMatch_Negative_Physical","62","MaxMatch","comatose","seasick","comatose-seasick","PhysicalMatch","NegativeMatch"
"3141","5ed9c3054268815691ed0e2c","test_ValenceMatch_Positive","26","ValenceMatchingOnly","brotherly","nutritious","brotherly-nutritious","SocialMismatch","PositiveMatch"
"3142","5ed9c3054268815691ed0e2c","control_MaxMatch_Negative_Social","23","MaxMatch","insulting","racist","insulting-racist","SocialMatch","NegativeMatch"
"3143","5ed9c3054268815691ed0e2c","test_ValenceMatch_Negative","19","ValenceMatchingOnly","obese","grumpy","obese-grumpy","PhysicalMismatch","NegativeMatch"
"3144","5ed9c3054268815691ed0e2c","test_ConceptualMatch_Physical","0","ConceptualMatchingOnly","lifeless","newborn","lifeless-newborn","ConceptualMatch:physical","NegativeMismatch"
"3145","5ed9c3054268815691ed0e2c","control_Dissimilar","17","DissimilarControl","open","close","open-close","",""
"3146","5ed9c3054268815691ed0e2c","control_Similar","85","SimilarControl","get","obtain","get-obtain","",""
"3147","5ed9c3054268815691ed0e2c","control_Dissimilar","12","DissimilarControl","arrive","leave","arrive-leave","",""
"3148","5ed9c3054268815691ed0e2c","control_Similar","84","SimilarControl","show","display","show-display","",""
"3149","5ed9c3054268815691ed0e2c","test_ConceptualMatch_Social","16","ConceptualMatchingOnly","courageous","grumpy","courageous-grumpy","ConceptualMatch:social","PositiveMismatch"
"3150","5ed9c3054268815691ed0e2c","control_MaxMatch_Positive_Social","58","MaxMatch","brotherly","easygoing","brotherly-easygoing","SocialMatch","PositiveMatch"
"3151","5ed9c3054268815691ed0e2c","control_MaxMatch_Positive_Physical","31","MaxMatch","blooming","oceanic","blooming-oceanic","PhysicalMatch","PositiveMatch"
"3152","5ed9c3054268815691ed0e2c","control_MaxMismatch","17","MaxMismatch","nutritious","grumpy","nutritious-grumpy","PhysicalMismatch","PositiveMismatch"
"3153","5ed9c3054268815691ed0e2c","control_MaxMatch_Negative_Physical","13","MaxMatch","seasick","itchy","seasick-itchy","PhysicalMatch","NegativeMatch"
"3154","5ed9c3054268815691ed0e2c","test_ValenceMatch_Positive","37","ValenceMatchingOnly","hilarious","radiant","hilarious-radiant","SocialMismatch","PositiveMatch"
"3155","5ed9c3054268815691ed0e2c","control_MaxMatch_Negative_Social","89","MaxMatch","racist","hateful","racist-hateful","SocialMatch","NegativeMatch"
"3156","5ed9c3054268815691ed0e2c","test_ValenceMatch_Negative","22","ValenceMatchingOnly","comatose","humiliating","comatose-humiliating","PhysicalMismatch","NegativeMatch"
"3157","5ed9c3054268815691ed0e2c","test_ConceptualMatch_Physical","0","ConceptualMatchingOnly","moldy","nutritious","moldy-nutritious","ConceptualMatch:physical","NegativeMismatch"
"3158","5ed9c3054268815691ed0e2c","control_Dissimilar","16","DissimilarControl","enter","exit","enter-exit","",""
"3159","5ed9c3054268815691ed0e2c","control_Similar","94","SimilarControl","begin","start","begin-start","",""
"3160","5ed9c3054268815691ed0e2c","control_Dissimilar","29","DissimilarControl","push","pull","push-pull","",""
"3161","5ed9c3054268815691ed0e2c","control_Similar","61","SimilarControl","use","employ","use-employ","",""
"3162","5ed9c3054268815691ed0e2c","test_ConceptualMatch_Social","0","ConceptualMatchingOnly","dependable","humiliating","dependable-humiliating","ConceptualMatch:social","PositiveMismatch"
"3163","5ed9c3054268815691ed0e2c","control_MaxMatch_Positive_Social","13","MaxMatch","hilarious","dependable","hilarious-dependable","SocialMatch","PositiveMatch"
"3164","5ed9c3054268815691ed0e2c","control_MaxMatch_Positive_Physical","6","MaxMatch","radiant","newborn","radiant-newborn","PhysicalMatch","PositiveMatch"
"3165","5ed9c3054268815691ed0e2c","control_MaxMismatch","12","MaxMismatch","decorative","hateful","decorative-hateful","PhysicalMismatch","PositiveMismatch"
"3166","5ed9c3054268815691ed0e2c","control_MaxMatch_Negative_Physical","33","MaxMatch","obese","rancid","obese-rancid","PhysicalMatch","NegativeMatch"
"3167","5ed9c3054268815691ed0e2c","test_ValenceMatch_Positive","48","ValenceMatchingOnly","witty","blooming","witty-blooming","SocialMismatch","PositiveMatch"
"3168","5ed9c3054268815691ed0e2c","control_MaxMatch_Negative_Social","63","MaxMatch","greedy","stingy","greedy-stingy","SocialMatch","NegativeMatch"
"3169","5ed9c3054268815691ed0e2c","test_ValenceMatch_Negative","19","ValenceMatchingOnly","itchy","greedy","itchy-greedy","PhysicalMismatch","NegativeMatch"
"3170","5ed9c3054268815691ed0e2c","test_ConceptualMatch_Physical","10","ConceptualMatchingOnly","moldy","fluffy","moldy-fluffy","ConceptualMatch:physical","NegativeMismatch"
"3171","5ed9c3054268815691ed0e2c","control_Dissimilar","11","DissimilarControl","add","remove","add-remove","",""
"3172","5ed9c3054268815691ed0e2c","control_Similar","84","SimilarControl","ask","inquire","ask-inquire","",""
"3173","5ed9c3054268815691ed0e2c","control_Dissimilar","19","DissimilarControl","come","go","come-go","",""
"3174","5ed9c3054268815691ed0e2c","control_Similar","88","SimilarControl","help","assist","help-assist","",""
"3175","5ed9c3054268815691ed0e2c","test_ConceptualMatch_Social","0","ConceptualMatchingOnly","hilarious","humiliating","hilarious-humiliating","ConceptualMatch:social","PositiveMismatch"
"3176","5ed9c3054268815691ed0e2c","control_MaxMatch_Positive_Social","55","MaxMatch","carefree","dependable","carefree-dependable","SocialMatch","PositiveMatch"
"3177","5ed9c3054268815691ed0e2c","control_MaxMatch_Positive_Physical","26","MaxMatch","nutritious","radiant","nutritious-radiant","PhysicalMatch","PositiveMatch"
"3178","5ed9c3054268815691ed0e2c","control_MaxMismatch","0","MaxMismatch","blooming","hateful","blooming-hateful","PhysicalMismatch","PositiveMismatch"
"3179","5ed9c3054268815691ed0e2c","control_MaxMatch_Negative_Physical","31","MaxMatch","excruciating","rancid","excruciating-rancid","PhysicalMatch","NegativeMatch"
"3180","5ed9c3054268815691ed0e2c","test_ValenceMatch_Positive","0","ValenceMatchingOnly","hilarious","newborn","hilarious-newborn","SocialMismatch","PositiveMatch"
"3181","5ed9c3054268815691ed0e2c","control_MaxMatch_Negative_Social","25","MaxMatch","greedy","heartbroken","greedy-heartbroken","SocialMatch","NegativeMatch"
"3182","5ed9c3054268815691ed0e2c","test_ValenceMatch_Negative","0","ValenceMatchingOnly","comatose","insulting","comatose-insulting","PhysicalMismatch","NegativeMatch"
"3183","5ed9c3054268815691ed0e2c","test_ConceptualMatch_Physical","19","ConceptualMatchingOnly","obese","fluffy","obese-fluffy","ConceptualMatch:physical","NegativeMismatch"
"3184","5ed9c3054268815691ed0e2c","control_Dissimilar","13","DissimilarControl","begin","end","begin-end","",""
"3185","5ed9c3054268815691ed0e2c","control_Similar","88","SimilarControl","end","finish","end-finish","",""
"3186","66042d69e26a9120236ffb4f","control_Dissimilar","0","DissimilarControl","begin","end","begin-end","",""
"3187","66042d69e26a9120236ffb4f","control_Similar","99","SimilarControl","use","employ","use-employ","",""
"3188","66042d69e26a9120236ffb4f","test_ConceptualMatch_Physical","0","ConceptualMatchingOnly","comatose","homemade","comatose-homemade","ConceptualMatch:physical","NegativeMismatch"
"3189","66042d69e26a9120236ffb4f","control_Dissimilar","0","DissimilarControl","arrive","leave","arrive-leave","",""
"3190","66042d69e26a9120236ffb4f","test_ConceptualMatch_Social","0","ConceptualMatchingOnly","easygoing","heartbroken","easygoing-heartbroken","ConceptualMatch:social","PositiveMismatch"
"3191","66042d69e26a9120236ffb4f","test_ValenceMatch_Negative","15","ValenceMatchingOnly","rancid","dreaded","rancid-dreaded","PhysicalMismatch","NegativeMatch"
"3192","66042d69e26a9120236ffb4f","control_MaxMatch_Positive_Social","75","MaxMatch","joyful","dependable","joyful-dependable","SocialMatch","PositiveMatch"
"3193","66042d69e26a9120236ffb4f","test_ValenceMatch_Positive","63","ValenceMatchingOnly","cheerful","floral","cheerful-floral","SocialMismatch","PositiveMatch"
"3194","66042d69e26a9120236ffb4f","control_MaxMismatch","0","MaxMismatch","sunny","hateful","sunny-hateful","PhysicalMismatch","PositiveMismatch"
"3195","66042d69e26a9120236ffb4f","control_Similar","99","SimilarControl","buy","purchase","buy-purchase","",""
"3196","66042d69e26a9120236ffb4f","control_MaxMatch_Negative_Physical","0","MaxMatch","excruciating","lifeless","excruciating-lifeless","PhysicalMatch","NegativeMatch"
"3197","66042d69e26a9120236ffb4f","control_MaxMatch_Positive_Physical","0","MaxMatch","fluffy","nutritious","fluffy-nutritious","PhysicalMatch","PositiveMatch"
"3198","66042d69e26a9120236ffb4f","control_MaxMatch_Negative_Social","0","MaxMatch","greedy","humiliating","greedy-humiliating","SocialMatch","NegativeMatch"
"3199","66042d69e26a9120236ffb4f","control_Dissimilar","0","DissimilarControl","enter","exit","enter-exit","",""
"3200","66042d69e26a9120236ffb4f","control_Similar","99","SimilarControl","begin","start","begin-start","",""
"3201","66042d69e26a9120236ffb4f","test_ConceptualMatch_Physical","0","ConceptualMatchingOnly","obese","floral","obese-floral","ConceptualMatch:physical","NegativeMismatch"
"3202","66042d69e26a9120236ffb4f","control_Dissimilar","0","DissimilarControl","open","close","open-close","",""
"3203","66042d69e26a9120236ffb4f","test_ConceptualMatch_Social","0","ConceptualMatchingOnly","carefree","humiliating","carefree-humiliating","ConceptualMatch:social","PositiveMismatch"
"3204","66042d69e26a9120236ffb4f","test_ValenceMatch_Negative","0","ValenceMatchingOnly","lifeless","racist","lifeless-racist","PhysicalMismatch","NegativeMatch"
"3205","66042d69e26a9120236ffb4f","control_MaxMatch_Positive_Social","99","MaxMatch","brotherly","cheerful","brotherly-cheerful","SocialMatch","PositiveMatch"
"3206","66042d69e26a9120236ffb4f","test_ValenceMatch_Positive","0","ValenceMatchingOnly","witty","homemade","witty-homemade","SocialMismatch","PositiveMatch"
"3207","66042d69e26a9120236ffb4f","control_MaxMismatch","0","MaxMismatch","newborn","grumpy","newborn-grumpy","PhysicalMismatch","PositiveMismatch"
"3208","66042d69e26a9120236ffb4f","control_Similar","99","SimilarControl","help","assist","help-assist","",""
"3209","66042d69e26a9120236ffb4f","control_MaxMatch_Negative_Physical","0","MaxMatch","comatose","smelly","comatose-smelly","PhysicalMatch","NegativeMatch"
"3210","66042d69e26a9120236ffb4f","control_MaxMatch_Positive_Physical","49","MaxMatch","blooming","decorative","blooming-decorative","PhysicalMatch","PositiveMatch"
"3211","66042d69e26a9120236ffb4f","control_MaxMatch_Negative_Social","0","MaxMatch","heartbroken","humiliating","heartbroken-humiliating","SocialMatch","NegativeMatch"
"3212","66042d69e26a9120236ffb4f","control_Dissimilar","0","DissimilarControl","give","take","give-take","",""
"3213","66042d69e26a9120236ffb4f","control_Similar","99","SimilarControl","need","require","need-require","",""
"3214","66042d69e26a9120236ffb4f","test_ConceptualMatch_Physical","0","ConceptualMatchingOnly","nauseous","blooming","nauseous-blooming","ConceptualMatch:physical","NegativeMismatch"
"3215","66042d69e26a9120236ffb4f","control_Dissimilar","0","DissimilarControl","add","remove","add-remove","",""
"3216","66042d69e26a9120236ffb4f","test_ConceptualMatch_Social","0","ConceptualMatchingOnly","carefree","heartbroken","carefree-heartbroken","ConceptualMatch:social","PositiveMismatch"
"3217","66042d69e26a9120236ffb4f","test_ValenceMatch_Negative","0","ValenceMatchingOnly","excruciating","racist","excruciating-racist","PhysicalMismatch","NegativeMatch"
"3218","66042d69e26a9120236ffb4f","control_MaxMatch_Positive_Social","4","MaxMatch","hilarious","dependable","hilarious-dependable","SocialMatch","PositiveMatch"
"3219","66042d69e26a9120236ffb4f","test_ValenceMatch_Positive","0","ValenceMatchingOnly","joyful","floral","joyful-floral","SocialMismatch","PositiveMatch"
"3220","66042d69e26a9120236ffb4f","control_MaxMismatch","0","MaxMismatch","oceanic","infuriating","oceanic-infuriating","PhysicalMismatch","PositiveMismatch"
"3221","66042d69e26a9120236ffb4f","control_Similar","99","SimilarControl","speak","talk","speak-talk","",""
"3222","66042d69e26a9120236ffb4f","control_MaxMatch_Negative_Physical","0","MaxMatch","itchy","smelly","itchy-smelly","PhysicalMatch","NegativeMatch"
"3223","66042d69e26a9120236ffb4f","control_MaxMatch_Positive_Physical","0","MaxMatch","fluffy","sunny","fluffy-sunny","PhysicalMatch","PositiveMatch"
"3224","66042d69e26a9120236ffb4f","control_MaxMatch_Negative_Social","0","MaxMatch","insulting","racist","insulting-racist","SocialMatch","NegativeMatch"
"3225","66042d69e26a9120236ffb4f","control_Dissimilar","2","DissimilarControl","come","go","come-go","",""
"3226","66042d69e26a9120236ffb4f","control_Similar","99","SimilarControl","ask","inquire","ask-inquire","",""
"3227","66042d69e26a9120236ffb4f","test_ConceptualMatch_Physical","0","ConceptualMatchingOnly","smelly","fluffy","smelly-fluffy","ConceptualMatch:physical","NegativeMismatch"
"3228","66042d69e26a9120236ffb4f","control_Dissimilar","0","DissimilarControl","push","pull","push-pull","",""
"3229","66042d69e26a9120236ffb4f","test_ConceptualMatch_Social","0","ConceptualMatchingOnly","dependable","insulting","dependable-insulting","ConceptualMatch:social","PositiveMismatch"
"3230","66042d69e26a9120236ffb4f","test_ValenceMatch_Negative","0","ValenceMatchingOnly","itchy","greedy","itchy-greedy","PhysicalMismatch","NegativeMatch"
"3231","66042d69e26a9120236ffb4f","control_MaxMatch_Positive_Social","0","MaxMatch","cheerful","selfless","cheerful-selfless","SocialMatch","PositiveMatch"
"3232","66042d69e26a9120236ffb4f","test_ValenceMatch_Positive","0","ValenceMatchingOnly","carefree","radiant","carefree-radiant","SocialMismatch","PositiveMatch"
"3233","66042d69e26a9120236ffb4f","control_MaxMismatch","0","MaxMismatch","nutritious","dreaded","nutritious-dreaded","PhysicalMismatch","PositiveMismatch"
"3234","66042d69e26a9120236ffb4f","control_Similar","99","SimilarControl","get","obtain","get-obtain","",""
"3235","66042d69e26a9120236ffb4f","control_MaxMatch_Negative_Physical","67","MaxMatch","nauseous","seasick","nauseous-seasick","PhysicalMatch","NegativeMatch"
"3236","66042d69e26a9120236ffb4f","control_MaxMatch_Positive_Physical","0","MaxMatch","fluffy","floral","fluffy-floral","PhysicalMatch","PositiveMatch"
"3237","66042d69e26a9120236ffb4f","control_MaxMatch_Negative_Social","3","MaxMatch","greedy","hateful","greedy-hateful","SocialMatch","NegativeMatch"
"3238","66042d69e26a9120236ffb4f","control_Dissimilar","0","DissimilarControl","increase","decrease","increase-decrease","",""
"3239","66042d69e26a9120236ffb4f","control_Similar","99","SimilarControl","end","finish","end-finish","",""
"3240","66042d69e26a9120236ffb4f","test_ConceptualMatch_Physical","0","ConceptualMatchingOnly","rancid","radiant","rancid-radiant","ConceptualMatch:physical","NegativeMismatch"
"3241","66042d69e26a9120236ffb4f","control_Dissimilar","0","DissimilarControl","rise","fall","rise-fall","",""
"3242","66042d69e26a9120236ffb4f","test_ConceptualMatch_Social","0","ConceptualMatchingOnly","hilarious","greedy","hilarious-greedy","ConceptualMatch:social","PositiveMismatch"
"3243","66042d69e26a9120236ffb4f","test_ValenceMatch_Negative","0","ValenceMatchingOnly","excruciating","insulting","excruciating-insulting","PhysicalMismatch","NegativeMatch"
"3244","66042d69e26a9120236ffb4f","control_MaxMatch_Positive_Social","0","MaxMatch","easygoing","selfless","easygoing-selfless","SocialMatch","PositiveMatch"
"3245","66042d69e26a9120236ffb4f","test_ValenceMatch_Positive","0","ValenceMatchingOnly","brotherly","decorative","brotherly-decorative","SocialMismatch","PositiveMatch"
"3246","66042d69e26a9120236ffb4f","control_MaxMismatch","0","MaxMismatch","blooming","hateful","blooming-hateful","PhysicalMismatch","PositiveMismatch"
"3247","66042d69e26a9120236ffb4f","control_Similar","0","SimilarControl","show","display","show-display","",""
"3248","66042d69e26a9120236ffb4f","control_MaxMatch_Negative_Physical","0","MaxMatch","excruciating","obese","excruciating-obese","PhysicalMatch","NegativeMatch"
"3249","66042d69e26a9120236ffb4f","control_MaxMatch_Positive_Physical","0","MaxMatch","oceanic","homemade","oceanic-homemade","PhysicalMatch","PositiveMatch"
"3250","66042d69e26a9120236ffb4f","control_MaxMatch_Negative_Social","28","MaxMatch","humiliating","hateful","humiliating-hateful","SocialMatch","NegativeMatch"
