"","ID.Ibex","Label","Response","FeatureMatch","Word1","Word2","WordPair","Conceptual","Valence"
"1","6629399343a821d14a29e076","control_Similar","99","SimilarControl","help","assist","help-assist","",""
"2","6629399343a821d14a29e076","control_Dissimilar","0","DissimilarControl","increase","decrease","increase-decrease","",""
"3","6629399343a821d14a29e076","control_Similar","99","SimilarControl","get","obtain","get-obtain","",""
"4","6629399343a821d14a29e076","control_MaxMatch_Positive_Concrete","0","MaxMatch","blooming","starry","blooming-starry","ConcreteMatch","PositiveMatch"
"5","6629399343a821d14a29e076","control_MaxMatch_Positive_Abstract","0","MaxMatch","lovable","thankful","lovable-thankful","AbstractMatch","PositiveMatch"
"6","6629399343a821d14a29e076","test_ValenceMatch_Negative","63","ValenceMatchingOnly","stupid","dirty","stupid-dirty","AbstractMismatch","NegativeMatch"
"7","6629399343a821d14a29e076","test_ConceptualMatch_Abstract","0","ConceptualMatchingOnly","evil","thankful","evil-thankful","ConceptualMatch:abstract","NegativeMismatch"
"8","6629399343a821d14a29e076","control_Dissimilar","0","DissimilarControl","rise","fall","rise-fall","",""
"9","6629399343a821d14a29e076","control_MaxMatch_Negative_Abstract","63","MaxMatch","worthless","soulless","worthless-soulless","AbstractMatch","NegativeMatch"
"10","6629399343a821d14a29e076","control_MaxMismatch","0","MaxMismatch","honest","headless","honest-headless","AbstractMismatch","PositiveMismatch"
"11","6629399343a821d14a29e076","test_ConceptualMatch_Concrete","0","ConceptualMatchingOnly","handmade","rusted","handmade-rusted","ConceptualMatch:concrete","PositiveMismatch"
"12","6629399343a821d14a29e076","control_MaxMatch_Negative_Concrete","0","MaxMatch","dirty","freezing","dirty-freezing","ConcreteMatch","NegativeMatch"
"13","6629399343a821d14a29e076","test_ValenceMatch_Positive","0","ValenceMatchingOnly","pregnant","possible","pregnant-possible","ConcreteMismatch","PositiveMatch"
"14","6629399343a821d14a29e076","control_Similar","99","SimilarControl","speak","talk","speak-talk","",""
"15","6629399343a821d14a29e076","control_Dissimilar","0","DissimilarControl","add","remove","add-remove","",""
"16","6629399343a821d14a29e076","control_Similar","99","SimilarControl","need","require","need-require","",""
"17","6629399343a821d14a29e076","control_MaxMatch_Positive_Concrete","0","MaxMatch","lilac","starry","lilac-starry","ConcreteMatch","PositiveMatch"
"18","6629399343a821d14a29e076","control_MaxMatch_Positive_Abstract","32","MaxMatch","lovable","sensible","lovable-sensible","AbstractMatch","PositiveMatch"
"19","6629399343a821d14a29e076","test_ValenceMatch_Negative","0","ValenceMatchingOnly","crappy","bloodshot","crappy-bloodshot","AbstractMismatch","NegativeMatch"
"20","6629399343a821d14a29e076","test_ConceptualMatch_Abstract","0","ConceptualMatchingOnly","worthless","possible","worthless-possible","ConceptualMatch:abstract","NegativeMismatch"
"21","6629399343a821d14a29e076","control_Dissimilar","0","DissimilarControl","give","take","give-take","",""
"22","6629399343a821d14a29e076","control_MaxMatch_Negative_Abstract","37","MaxMatch","worthless","disloyal","worthless-disloyal","AbstractMatch","NegativeMatch"
"23","6629399343a821d14a29e076","control_MaxMismatch","0","MaxMismatch","lovable","rusted","lovable-rusted","AbstractMismatch","PositiveMismatch"
"24","6629399343a821d14a29e076","test_ConceptualMatch_Concrete","0","ConceptualMatchingOnly","handmade","hairy","handmade-hairy","ConceptualMatch:concrete","PositiveMismatch"
"25","6629399343a821d14a29e076","control_MaxMatch_Negative_Concrete","0","MaxMatch","bloodshot","rusted","bloodshot-rusted","ConcreteMatch","NegativeMatch"
"26","6629399343a821d14a29e076","test_ValenceMatch_Positive","0","ValenceMatchingOnly","human","possible","human-possible","ConcreteMismatch","PositiveMatch"
"27","6629399343a821d14a29e076","control_Similar","99","SimilarControl","show","display","show-display","",""
"28","6629399343a821d14a29e076","control_Dissimilar","0","DissimilarControl","push","pull","push-pull","",""
"29","6629399343a821d14a29e076","control_Similar","99","SimilarControl","end","finish","end-finish","",""
"30","6629399343a821d14a29e076","control_MaxMatch_Positive_Concrete","33","MaxMatch","newborn","blooming","newborn-blooming","ConcreteMatch","PositiveMatch"
"31","6629399343a821d14a29e076","control_MaxMatch_Positive_Abstract","0","MaxMatch","splendid","sensible","splendid-sensible","AbstractMatch","PositiveMatch"
"32","6629399343a821d14a29e076","test_ValenceMatch_Negative","0","ValenceMatchingOnly","sinful","thorny","sinful-thorny","AbstractMismatch","NegativeMatch"
"33","6629399343a821d14a29e076","test_ConceptualMatch_Abstract","0","ConceptualMatchingOnly","worthless","sensible","worthless-sensible","ConceptualMatch:abstract","NegativeMismatch"
"34","6629399343a821d14a29e076","control_Dissimilar","0","DissimilarControl","arrive","leave","arrive-leave","",""
"35","6629399343a821d14a29e076","control_MaxMatch_Negative_Abstract","60","MaxMatch","heartless","sinful","heartless-sinful","AbstractMatch","NegativeMatch"
"36","6629399343a821d14a29e076","control_MaxMismatch","0","MaxMismatch","divine","hairy","divine-hairy","AbstractMismatch","PositiveMismatch"
"37","6629399343a821d14a29e076","test_ConceptualMatch_Concrete","0","ConceptualMatchingOnly","lilac","dirty","lilac-dirty","ConceptualMatch:concrete","PositiveMismatch"
"38","6629399343a821d14a29e076","control_MaxMatch_Negative_Concrete","0","MaxMatch","wrinkled","freezing","wrinkled-freezing","ConcreteMatch","NegativeMatch"
"39","6629399343a821d14a29e076","test_ValenceMatch_Positive","0","ValenceMatchingOnly","orange","possible","orange-possible","ConcreteMismatch","PositiveMatch"
"40","6629399343a821d14a29e076","control_Similar","99","SimilarControl","begin","start","begin-start","",""
"41","6629399343a821d14a29e076","control_Dissimilar","0","DissimilarControl","open","close","open-close","",""
"42","6629399343a821d14a29e076","control_Similar","99","SimilarControl","ask","inquire","ask-inquire","",""
"43","6629399343a821d14a29e076","control_MaxMatch_Positive_Concrete","37","MaxMatch","human","handmade","human-handmade","ConcreteMatch","PositiveMatch"
"44","6629399343a821d14a29e076","control_MaxMatch_Positive_Abstract","0","MaxMatch","honest","possible","honest-possible","AbstractMatch","PositiveMatch"
"45","6629399343a821d14a29e076","test_ValenceMatch_Negative","0","ValenceMatchingOnly","heartless","thorny","heartless-thorny","AbstractMismatch","NegativeMatch"
"46","6629399343a821d14a29e076","test_ConceptualMatch_Abstract","0","ConceptualMatchingOnly","stupid","honest","stupid-honest","ConceptualMatch:abstract","NegativeMismatch"
"47","6629399343a821d14a29e076","control_Dissimilar","0","DissimilarControl","begin","end","begin-end","",""
"48","6629399343a821d14a29e076","control_MaxMatch_Negative_Abstract","0","MaxMatch","crappy","disloyal","crappy-disloyal","AbstractMatch","NegativeMatch"
"49","6629399343a821d14a29e076","control_MaxMismatch","0","MaxMismatch","sensible","bloody","sensible-bloody","AbstractMismatch","PositiveMismatch"
"50","6629399343a821d14a29e076","test_ConceptualMatch_Concrete","0","ConceptualMatchingOnly","lilac","bloodshot","lilac-bloodshot","ConceptualMatch:concrete","PositiveMismatch"
"51","6629399343a821d14a29e076","control_MaxMatch_Negative_Concrete","0","MaxMatch","toothless","rusted","toothless-rusted","ConcreteMatch","NegativeMatch"
"52","6629399343a821d14a29e076","test_ValenceMatch_Positive","0","ValenceMatchingOnly","sunny","mindful","sunny-mindful","ConcreteMismatch","PositiveMatch"
"53","6629399343a821d14a29e076","control_Similar","77","SimilarControl","use","employ","use-employ","",""
"54","6629399343a821d14a29e076","control_Dissimilar","0","DissimilarControl","enter","exit","enter-exit","",""
"55","6629399343a821d14a29e076","control_Similar","99","SimilarControl","buy","purchase","buy-purchase","",""
"56","6629399343a821d14a29e076","control_MaxMatch_Positive_Concrete","0","MaxMatch","female","newborn","female-newborn","ConcreteMatch","PositiveMatch"
"57","6629399343a821d14a29e076","control_MaxMatch_Positive_Abstract","32","MaxMatch","thankful","splendid","thankful-splendid","AbstractMatch","PositiveMatch"
"58","6629399343a821d14a29e076","test_ValenceMatch_Negative","0","ValenceMatchingOnly","disloyal","wrinkled","disloyal-wrinkled","AbstractMismatch","NegativeMatch"
"59","6629399343a821d14a29e076","test_ConceptualMatch_Abstract","0","ConceptualMatchingOnly","sexist","sensible","sexist-sensible","ConceptualMatch:abstract","NegativeMismatch"
"60","6629399343a821d14a29e076","control_Dissimilar","0","DissimilarControl","come","go","come-go","",""
"61","6629399343a821d14a29e076","control_MaxMatch_Negative_Abstract","0","MaxMatch","soulless","sexist","soulless-sexist","AbstractMatch","NegativeMatch"
"62","6629399343a821d14a29e076","control_MaxMismatch","0","MaxMismatch","splendid","bloody","splendid-bloody","AbstractMismatch","PositiveMismatch"
"63","6629399343a821d14a29e076","test_ConceptualMatch_Concrete","0","ConceptualMatchingOnly","orange","headless","orange-headless","ConceptualMatch:concrete","PositiveMismatch"
"64","6629399343a821d14a29e076","control_MaxMatch_Negative_Concrete","0","MaxMatch","headless","dirty","headless-dirty","ConcreteMatch","NegativeMatch"
"65","6629399343a821d14a29e076","test_ValenceMatch_Positive","0","ValenceMatchingOnly","sunny","honest","sunny-honest","ConcreteMismatch","PositiveMatch"
"66","67e830bb6eaebc236b9cd37e","control_Dissimilar","76","DissimilarControl","come","go","come-go","",""
"67","67e830bb6eaebc236b9cd37e","control_Similar","99","SimilarControl","end","finish","end-finish","",""
"68","67e830bb6eaebc236b9cd37e","test_ConceptualMatch_Concrete","0","ConceptualMatchingOnly","starry","toothless","starry-toothless","ConceptualMatch:concrete","PositiveMismatch"
"69","67e830bb6eaebc236b9cd37e","control_MaxMatch_Negative_Concrete","0","MaxMatch","rusted","wrinkled","rusted-wrinkled","ConcreteMatch","NegativeMatch"
"70","67e830bb6eaebc236b9cd37e","control_Dissimilar","4","DissimilarControl","begin","end","begin-end","",""
"71","67e830bb6eaebc236b9cd37e","test_ConceptualMatch_Abstract","1","ConceptualMatchingOnly","sexist","honest","sexist-honest","ConceptualMatch:abstract","NegativeMismatch"
"72","67e830bb6eaebc236b9cd37e","control_MaxMismatch","0","MaxMismatch","sensible","bloody","sensible-bloody","AbstractMismatch","PositiveMismatch"
"73","67e830bb6eaebc236b9cd37e","control_MaxMatch_Positive_Concrete","0","MaxMatch","newborn","blooming","newborn-blooming","ConcreteMatch","PositiveMatch"
"74","67e830bb6eaebc236b9cd37e","test_ValenceMatch_Negative","0","ValenceMatchingOnly","soulless","freezing","soulless-freezing","AbstractMismatch","NegativeMatch"
"75","67e830bb6eaebc236b9cd37e","control_MaxMatch_Negative_Abstract","0","MaxMatch","crappy","disloyal","crappy-disloyal","AbstractMatch","NegativeMatch"
"76","67e830bb6eaebc236b9cd37e","control_MaxMatch_Positive_Abstract","0","MaxMatch","sensible","pleasant","sensible-pleasant","AbstractMatch","PositiveMatch"
"77","67e830bb6eaebc236b9cd37e","control_Similar","99","SimilarControl","use","employ","use-employ","",""
"78","67e830bb6eaebc236b9cd37e","test_ValenceMatch_Positive","0","ValenceMatchingOnly","lilac","splendid","lilac-splendid","ConcreteMismatch","PositiveMatch"
"79","67e830bb6eaebc236b9cd37e","control_Dissimilar","0","DissimilarControl","give","take","give-take","",""
"80","67e830bb6eaebc236b9cd37e","control_Similar","99","SimilarControl","help","assist","help-assist","",""
"81","67e830bb6eaebc236b9cd37e","test_ConceptualMatch_Concrete","0","ConceptualMatchingOnly","starry","thorny","starry-thorny","ConceptualMatch:concrete","PositiveMismatch"
"82","67e830bb6eaebc236b9cd37e","control_MaxMatch_Negative_Concrete","0","MaxMatch","rusted","hairy","rusted-hairy","ConcreteMatch","NegativeMatch"
"83","67e830bb6eaebc236b9cd37e","control_Dissimilar","0","DissimilarControl","arrive","leave","arrive-leave","",""
"84","67e830bb6eaebc236b9cd37e","test_ConceptualMatch_Abstract","0","ConceptualMatchingOnly","sinful","divine","sinful-divine","ConceptualMatch:abstract","NegativeMismatch"
"85","67e830bb6eaebc236b9cd37e","control_MaxMismatch","0","MaxMismatch","pleasant","hairy","pleasant-hairy","AbstractMismatch","PositiveMismatch"
"86","67e830bb6eaebc236b9cd37e","control_MaxMatch_Positive_Concrete","0","MaxMatch","starry","pregnant","starry-pregnant","ConcreteMatch","PositiveMatch"
"87","67e830bb6eaebc236b9cd37e","test_ValenceMatch_Negative","0","ValenceMatchingOnly","disloyal","rusted","disloyal-rusted","AbstractMismatch","NegativeMatch"
"88","67e830bb6eaebc236b9cd37e","control_MaxMatch_Negative_Abstract","0","MaxMatch","soulless","stupid","soulless-stupid","AbstractMatch","NegativeMatch"
"89","67e830bb6eaebc236b9cd37e","control_MaxMatch_Positive_Abstract","0","MaxMatch","honest","helpful","honest-helpful","AbstractMatch","PositiveMatch"
"90","67e830bb6eaebc236b9cd37e","control_Similar","99","SimilarControl","begin","start","begin-start","",""
"91","67e830bb6eaebc236b9cd37e","test_ValenceMatch_Positive","0","ValenceMatchingOnly","pregnant","splendid","pregnant-splendid","ConcreteMismatch","PositiveMatch"
"92","67e830bb6eaebc236b9cd37e","control_Dissimilar","0","DissimilarControl","open","close","open-close","",""
"93","67e830bb6eaebc236b9cd37e","control_Similar","99","SimilarControl","need","require","need-require","",""
"94","67e830bb6eaebc236b9cd37e","test_ConceptualMatch_Concrete","0","ConceptualMatchingOnly","blooming","hairy","blooming-hairy","ConceptualMatch:concrete","PositiveMismatch"
"95","67e830bb6eaebc236b9cd37e","control_MaxMatch_Negative_Concrete","0","MaxMatch","dirty","wrinkled","dirty-wrinkled","ConcreteMatch","NegativeMatch"
"96","67e830bb6eaebc236b9cd37e","control_Dissimilar","0","DissimilarControl","enter","exit","enter-exit","",""
"97","67e830bb6eaebc236b9cd37e","test_ConceptualMatch_Abstract","0","ConceptualMatchingOnly","soulless","honest","soulless-honest","ConceptualMatch:abstract","NegativeMismatch"
"98","67e830bb6eaebc236b9cd37e","control_MaxMismatch","0","MaxMismatch","splendid","rusted","splendid-rusted","AbstractMismatch","PositiveMismatch"
"99","67e830bb6eaebc236b9cd37e","control_MaxMatch_Positive_Concrete","0","MaxMatch","sunny","female","sunny-female","ConcreteMatch","PositiveMatch"
"100","67e830bb6eaebc236b9cd37e","test_ValenceMatch_Negative","1","ValenceMatchingOnly","disloyal","freezing","disloyal-freezing","AbstractMismatch","NegativeMatch"
"101","67e830bb6eaebc236b9cd37e","control_MaxMatch_Negative_Abstract","1","MaxMatch","crappy","stupid","crappy-stupid","AbstractMatch","NegativeMatch"
"102","67e830bb6eaebc236b9cd37e","control_MaxMatch_Positive_Abstract","3","MaxMatch","splendid","pleasant","splendid-pleasant","AbstractMatch","PositiveMatch"
"103","67e830bb6eaebc236b9cd37e","control_Similar","99","SimilarControl","get","obtain","get-obtain","",""
"104","67e830bb6eaebc236b9cd37e","test_ValenceMatch_Positive","0","ValenceMatchingOnly","human","splendid","human-splendid","ConcreteMismatch","PositiveMatch"
"105","67e830bb6eaebc236b9cd37e","control_Dissimilar","0","DissimilarControl","increase","decrease","increase-decrease","",""
"106","67e830bb6eaebc236b9cd37e","control_Similar","99","SimilarControl","speak","talk","speak-talk","",""
"107","67e830bb6eaebc236b9cd37e","test_ConceptualMatch_Concrete","0","ConceptualMatchingOnly","human","hairy","human-hairy","ConceptualMatch:concrete","PositiveMismatch"
"108","67e830bb6eaebc236b9cd37e","control_MaxMatch_Negative_Concrete","0","MaxMatch","headless","freezing","headless-freezing","ConcreteMatch","NegativeMatch"
"109","67e830bb6eaebc236b9cd37e","control_Dissimilar","0","DissimilarControl","rise","fall","rise-fall","",""
"110","67e830bb6eaebc236b9cd37e","test_ConceptualMatch_Abstract","0","ConceptualMatchingOnly","crappy","sensible","crappy-sensible","ConceptualMatch:abstract","NegativeMismatch"
"111","67e830bb6eaebc236b9cd37e","control_MaxMismatch","0","MaxMismatch","honest","dirty","honest-dirty","AbstractMismatch","PositiveMismatch"
"112","67e830bb6eaebc236b9cd37e","control_MaxMatch_Positive_Concrete","0","MaxMatch","lilac","blooming","lilac-blooming","ConcreteMatch","PositiveMatch"
"113","67e830bb6eaebc236b9cd37e","test_ValenceMatch_Negative","0","ValenceMatchingOnly","sinful","bloodshot","sinful-bloodshot","AbstractMismatch","NegativeMatch"
"114","67e830bb6eaebc236b9cd37e","control_MaxMatch_Negative_Abstract","0","MaxMatch","evil","sexist","evil-sexist","AbstractMatch","NegativeMatch"
"115","67e830bb6eaebc236b9cd37e","control_MaxMatch_Positive_Abstract","0","MaxMatch","lovable","sensible","lovable-sensible","AbstractMatch","PositiveMatch"
"116","67e830bb6eaebc236b9cd37e","control_Similar","99","SimilarControl","buy","purchase","buy-purchase","",""
"117","67e830bb6eaebc236b9cd37e","test_ValenceMatch_Positive","1","ValenceMatchingOnly","orange","honest","orange-honest","ConcreteMismatch","PositiveMatch"
"118","67e830bb6eaebc236b9cd37e","control_Dissimilar","1","DissimilarControl","push","pull","push-pull","",""
"119","67e830bb6eaebc236b9cd37e","control_Similar","99","SimilarControl","show","display","show-display","",""
"120","67e830bb6eaebc236b9cd37e","test_ConceptualMatch_Concrete","1","ConceptualMatchingOnly","lilac","hairy","lilac-hairy","ConceptualMatch:concrete","PositiveMismatch"
"121","67e830bb6eaebc236b9cd37e","control_MaxMatch_Negative_Concrete","0","MaxMatch","headless","thorny","headless-thorny","ConcreteMatch","NegativeMatch"
"122","67e830bb6eaebc236b9cd37e","control_Dissimilar","0","DissimilarControl","add","remove","add-remove","",""
"123","67e830bb6eaebc236b9cd37e","test_ConceptualMatch_Abstract","0","ConceptualMatchingOnly","crappy","divine","crappy-divine","ConceptualMatch:abstract","NegativeMismatch"
"124","67e830bb6eaebc236b9cd37e","control_MaxMismatch","0","MaxMismatch","thankful","thorny","thankful-thorny","AbstractMismatch","PositiveMismatch"
"125","67e830bb6eaebc236b9cd37e","control_MaxMatch_Positive_Concrete","0","MaxMatch","lilac","starry","lilac-starry","ConcreteMatch","PositiveMatch"
"126","67e830bb6eaebc236b9cd37e","test_ValenceMatch_Negative","0","ValenceMatchingOnly","disloyal","toothless","disloyal-toothless","AbstractMismatch","NegativeMatch"
"127","67e830bb6eaebc236b9cd37e","control_MaxMatch_Negative_Abstract","0","MaxMatch","soulless","disloyal","soulless-disloyal","AbstractMatch","NegativeMatch"
"128","67e830bb6eaebc236b9cd37e","control_MaxMatch_Positive_Abstract","0","MaxMatch","lovable","mindful","lovable-mindful","AbstractMatch","PositiveMatch"
"129","67e830bb6eaebc236b9cd37e","control_Similar","98","SimilarControl","ask","inquire","ask-inquire","",""
"130","67e830bb6eaebc236b9cd37e","test_ValenceMatch_Positive","0","ValenceMatchingOnly","pregnant","helpful","pregnant-helpful","ConcreteMismatch","PositiveMatch"
"131","6772be1363ec1102cc8bc48d","control_Dissimilar","87","DissimilarControl","come","go","come-go","",""
"132","6772be1363ec1102cc8bc48d","control_Similar","99","SimilarControl","end","finish","end-finish","",""
"133","6772be1363ec1102cc8bc48d","control_Dissimilar","32","DissimilarControl","add","remove","add-remove","",""
"134","6772be1363ec1102cc8bc48d","control_Similar","94","SimilarControl","help","assist","help-assist","",""
"135","6772be1363ec1102cc8bc48d","control_MaxMatch_Negative_Abstract","40","MaxMatch","soulless","disloyal","soulless-disloyal","AbstractMatch","NegativeMatch"
"136","6772be1363ec1102cc8bc48d","test_ValenceMatch_Positive","25","ValenceMatchingOnly","handmade","thankful","handmade-thankful","ConcreteMismatch","PositiveMatch"
"137","6772be1363ec1102cc8bc48d","control_MaxMatch_Positive_Abstract","15","MaxMatch","lovable","splendid","lovable-splendid","AbstractMatch","PositiveMatch"
"138","6772be1363ec1102cc8bc48d","control_MaxMismatch","0","MaxMismatch","pleasant","bloodshot","pleasant-bloodshot","AbstractMismatch","PositiveMismatch"
"139","6772be1363ec1102cc8bc48d","control_MaxMatch_Positive_Concrete","71","MaxMatch","female","pregnant","female-pregnant","ConcreteMatch","PositiveMatch"
"140","6772be1363ec1102cc8bc48d","control_MaxMatch_Negative_Concrete","77","MaxMatch","thorny","wrinkled","thorny-wrinkled","ConcreteMatch","NegativeMatch"
"141","6772be1363ec1102cc8bc48d","test_ConceptualMatch_Abstract","0","ConceptualMatchingOnly","heartless","honest","heartless-honest","ConceptualMatch:abstract","NegativeMismatch"
"142","6772be1363ec1102cc8bc48d","test_ValenceMatch_Negative","99","ValenceMatchingOnly","evil","bloody","evil-bloody","AbstractMismatch","NegativeMatch"
"143","6772be1363ec1102cc8bc48d","test_ConceptualMatch_Concrete","0","ConceptualMatchingOnly","pregnant","bloody","pregnant-bloody","ConceptualMatch:concrete","PositiveMismatch"
"144","6772be1363ec1102cc8bc48d","control_Dissimilar","48","DissimilarControl","enter","exit","enter-exit","",""
"145","6772be1363ec1102cc8bc48d","control_Similar","34","SimilarControl","use","employ","use-employ","",""
"146","6772be1363ec1102cc8bc48d","control_Dissimilar","35","DissimilarControl","open","close","open-close","",""
"147","6772be1363ec1102cc8bc48d","control_Similar","87","SimilarControl","begin","start","begin-start","",""
"148","6772be1363ec1102cc8bc48d","control_MaxMatch_Negative_Abstract","88","MaxMatch","worthless","crappy","worthless-crappy","AbstractMatch","NegativeMatch"
"149","6772be1363ec1102cc8bc48d","test_ValenceMatch_Positive","80","ValenceMatchingOnly","starry","divine","starry-divine","ConcreteMismatch","PositiveMatch"
"150","6772be1363ec1102cc8bc48d","control_MaxMatch_Positive_Abstract","62","MaxMatch","possible","mindful","possible-mindful","AbstractMatch","PositiveMatch"
"151","6772be1363ec1102cc8bc48d","control_MaxMismatch","3","MaxMismatch","pleasant","dirty","pleasant-dirty","AbstractMismatch","PositiveMismatch"
"152","6772be1363ec1102cc8bc48d","control_MaxMatch_Positive_Concrete","44","MaxMatch","human","handmade","human-handmade","ConcreteMatch","PositiveMatch"
"153","6772be1363ec1102cc8bc48d","control_MaxMatch_Negative_Concrete","20","MaxMatch","bloodshot","thorny","bloodshot-thorny","ConcreteMatch","NegativeMatch"
"154","6772be1363ec1102cc8bc48d","test_ConceptualMatch_Abstract","0","ConceptualMatchingOnly","stupid","thankful","stupid-thankful","ConceptualMatch:abstract","NegativeMismatch"
"155","6772be1363ec1102cc8bc48d","test_ValenceMatch_Negative","0","ValenceMatchingOnly","disloyal","thorny","disloyal-thorny","AbstractMismatch","NegativeMatch"
"156","6772be1363ec1102cc8bc48d","test_ConceptualMatch_Concrete","1","ConceptualMatchingOnly","sunny","bloodshot","sunny-bloodshot","ConceptualMatch:concrete","PositiveMismatch"
"157","6772be1363ec1102cc8bc48d","control_Dissimilar","15","DissimilarControl","increase","decrease","increase-decrease","",""
"158","6772be1363ec1102cc8bc48d","control_Similar","99","SimilarControl","buy","purchase","buy-purchase","",""
"159","6772be1363ec1102cc8bc48d","control_Dissimilar","10","DissimilarControl","arrive","leave","arrive-leave","",""
"160","6772be1363ec1102cc8bc48d","control_Similar","78","SimilarControl","need","require","need-require","",""
"161","6772be1363ec1102cc8bc48d","control_MaxMatch_Negative_Abstract","13","MaxMatch","heartless","stupid","heartless-stupid","AbstractMatch","NegativeMatch"
"162","6772be1363ec1102cc8bc48d","test_ValenceMatch_Positive","45","ValenceMatchingOnly","handmade","helpful","handmade-helpful","ConcreteMismatch","PositiveMatch"
"163","6772be1363ec1102cc8bc48d","control_MaxMatch_Positive_Abstract","23","MaxMatch","thankful","possible","thankful-possible","AbstractMatch","PositiveMatch"
"164","6772be1363ec1102cc8bc48d","control_MaxMismatch","0","MaxMismatch","sensible","freezing","sensible-freezing","AbstractMismatch","PositiveMismatch"
"165","6772be1363ec1102cc8bc48d","control_MaxMatch_Positive_Concrete","0","MaxMatch","starry","handmade","starry-handmade","ConcreteMatch","PositiveMatch"
"166","6772be1363ec1102cc8bc48d","control_MaxMatch_Negative_Concrete","0","MaxMatch","headless","bloodshot","headless-bloodshot","ConcreteMatch","NegativeMatch"
"167","6772be1363ec1102cc8bc48d","test_ConceptualMatch_Abstract","0","ConceptualMatchingOnly","worthless","mindful","worthless-mindful","ConceptualMatch:abstract","NegativeMismatch"
"168","6772be1363ec1102cc8bc48d","test_ValenceMatch_Negative","0","ValenceMatchingOnly","crappy","thorny","crappy-thorny","AbstractMismatch","NegativeMatch"
"169","6772be1363ec1102cc8bc48d","test_ConceptualMatch_Concrete","0","ConceptualMatchingOnly","starry","freezing","starry-freezing","ConceptualMatch:concrete","PositiveMismatch"
"170","6772be1363ec1102cc8bc48d","control_Dissimilar","2","DissimilarControl","begin","end","begin-end","",""
"171","6772be1363ec1102cc8bc48d","control_Similar","89","SimilarControl","show","display","show-display","",""
"172","6772be1363ec1102cc8bc48d","control_Dissimilar","11","DissimilarControl","rise","fall","rise-fall","",""
"173","6772be1363ec1102cc8bc48d","control_Similar","99","SimilarControl","get","obtain","get-obtain","",""
"174","6772be1363ec1102cc8bc48d","control_MaxMatch_Negative_Abstract","80","MaxMatch","evil","disloyal","evil-disloyal","AbstractMatch","NegativeMatch"
"175","6772be1363ec1102cc8bc48d","test_ValenceMatch_Positive","0","ValenceMatchingOnly","newborn","helpful","newborn-helpful","ConcreteMismatch","PositiveMatch"
"176","6772be1363ec1102cc8bc48d","control_MaxMatch_Positive_Abstract","17","MaxMatch","sensible","helpful","sensible-helpful","AbstractMatch","PositiveMatch"
"177","6772be1363ec1102cc8bc48d","control_MaxMismatch","0","MaxMismatch","splendid","bloody","splendid-bloody","AbstractMismatch","PositiveMismatch"
"178","6772be1363ec1102cc8bc48d","control_MaxMatch_Positive_Concrete","0","MaxMatch","sunny","orange","sunny-orange","ConcreteMatch","PositiveMatch"
"179","6772be1363ec1102cc8bc48d","control_MaxMatch_Negative_Concrete","8","MaxMatch","rusted","wrinkled","rusted-wrinkled","ConcreteMatch","NegativeMatch"
"180","6772be1363ec1102cc8bc48d","test_ConceptualMatch_Abstract","0","ConceptualMatchingOnly","sexist","pleasant","sexist-pleasant","ConceptualMatch:abstract","NegativeMismatch"
"181","6772be1363ec1102cc8bc48d","test_ValenceMatch_Negative","2","ValenceMatchingOnly","soulless","bloodshot","soulless-bloodshot","AbstractMismatch","NegativeMatch"
"182","6772be1363ec1102cc8bc48d","test_ConceptualMatch_Concrete","0","ConceptualMatchingOnly","sunny","bloody","sunny-bloody","ConceptualMatch:concrete","PositiveMismatch"
"183","6772be1363ec1102cc8bc48d","control_Dissimilar","51","DissimilarControl","push","pull","push-pull","",""
"184","6772be1363ec1102cc8bc48d","control_Similar","99","SimilarControl","speak","talk","speak-talk","",""
"185","6772be1363ec1102cc8bc48d","control_Dissimilar","2","DissimilarControl","give","take","give-take","",""
"186","6772be1363ec1102cc8bc48d","control_Similar","99","SimilarControl","ask","inquire","ask-inquire","",""
"187","6772be1363ec1102cc8bc48d","control_MaxMatch_Negative_Abstract","99","MaxMatch","awful","crappy","awful-crappy","AbstractMatch","NegativeMatch"
"188","6772be1363ec1102cc8bc48d","test_ValenceMatch_Positive","0","ValenceMatchingOnly","handmade","honest","handmade-honest","ConcreteMismatch","PositiveMatch"
"189","6772be1363ec1102cc8bc48d","control_MaxMatch_Positive_Abstract","22","MaxMatch","helpful","divine","helpful-divine","AbstractMatch","PositiveMatch"
"190","6772be1363ec1102cc8bc48d","control_MaxMismatch","0","MaxMismatch","helpful","headless","helpful-headless","AbstractMismatch","PositiveMismatch"
"191","6772be1363ec1102cc8bc48d","control_MaxMatch_Positive_Concrete","99","MaxMatch","human","newborn","human-newborn","ConcreteMatch","PositiveMatch"
"192","6772be1363ec1102cc8bc48d","control_MaxMatch_Negative_Concrete","54","MaxMatch","dirty","wrinkled","dirty-wrinkled","ConcreteMatch","NegativeMatch"
"193","6772be1363ec1102cc8bc48d","test_ConceptualMatch_Abstract","2","ConceptualMatchingOnly","sexist","sensible","sexist-sensible","ConceptualMatch:abstract","NegativeMismatch"
"194","6772be1363ec1102cc8bc48d","test_ValenceMatch_Negative","0","ValenceMatchingOnly","awful","wrinkled","awful-wrinkled","AbstractMismatch","NegativeMatch"
"195","6772be1363ec1102cc8bc48d","test_ConceptualMatch_Concrete","0","ConceptualMatchingOnly","pregnant","hairy","pregnant-hairy","ConceptualMatch:concrete","PositiveMismatch"
"196","639fdcf5efa9e98ed809d0df","control_Dissimilar","0","DissimilarControl","open","close","open-close","",""
"197","639fdcf5efa9e98ed809d0df","control_Similar","99","SimilarControl","ask","inquire","ask-inquire","",""
"198","639fdcf5efa9e98ed809d0df","control_MaxMatch_Negative_Concrete","0","MaxMatch","freezing","bloody","freezing-bloody","ConcreteMatch","NegativeMatch"
"199","639fdcf5efa9e98ed809d0df","test_ValenceMatch_Negative","0","ValenceMatchingOnly","sinful","dirty","sinful-dirty","AbstractMismatch","NegativeMatch"
"200","639fdcf5efa9e98ed809d0df","control_Dissimilar","0","DissimilarControl","enter","exit","enter-exit","",""
"201","639fdcf5efa9e98ed809d0df","test_ConceptualMatch_Abstract","0","ConceptualMatchingOnly","sinful","helpful","sinful-helpful","ConceptualMatch:abstract","NegativeMismatch"
"202","639fdcf5efa9e98ed809d0df","test_ValenceMatch_Positive","0","ValenceMatchingOnly","newborn","possible","newborn-possible","ConcreteMismatch","PositiveMatch"
"203","639fdcf5efa9e98ed809d0df","control_MaxMatch_Negative_Abstract","0","MaxMatch","sexist","disloyal","sexist-disloyal","AbstractMatch","NegativeMatch"
"204","639fdcf5efa9e98ed809d0df","test_ConceptualMatch_Concrete","0","ConceptualMatchingOnly","female","bloodshot","female-bloodshot","ConceptualMatch:concrete","PositiveMismatch"
"205","639fdcf5efa9e98ed809d0df","control_Similar","99","SimilarControl","begin","start","begin-start","",""
"206","639fdcf5efa9e98ed809d0df","control_MaxMatch_Positive_Concrete","0","MaxMatch","lilac","newborn","lilac-newborn","ConcreteMatch","PositiveMatch"
"207","639fdcf5efa9e98ed809d0df","control_MaxMismatch","0","MaxMismatch","lovable","bloody","lovable-bloody","AbstractMismatch","PositiveMismatch"
"208","639fdcf5efa9e98ed809d0df","control_MaxMatch_Positive_Abstract","99","MaxMatch","splendid","sensible","splendid-sensible","AbstractMatch","PositiveMatch"
"209","639fdcf5efa9e98ed809d0df","control_Dissimilar","0","DissimilarControl","arrive","leave","arrive-leave","",""
"210","639fdcf5efa9e98ed809d0df","control_Similar","99","SimilarControl","need","require","need-require","",""
"211","639fdcf5efa9e98ed809d0df","control_MaxMatch_Negative_Concrete","0","MaxMatch","headless","thorny","headless-thorny","ConcreteMatch","NegativeMatch"
"212","639fdcf5efa9e98ed809d0df","test_ValenceMatch_Negative","0","ValenceMatchingOnly","heartless","toothless","heartless-toothless","AbstractMismatch","NegativeMatch"
"213","639fdcf5efa9e98ed809d0df","control_Dissimilar","0","DissimilarControl","rise","fall","rise-fall","",""
"214","639fdcf5efa9e98ed809d0df","test_ConceptualMatch_Abstract","0","ConceptualMatchingOnly","soulless","divine","soulless-divine","ConceptualMatch:abstract","NegativeMismatch"
"215","639fdcf5efa9e98ed809d0df","test_ValenceMatch_Positive","0","ValenceMatchingOnly","female","lovable","female-lovable","ConcreteMismatch","PositiveMatch"
"216","639fdcf5efa9e98ed809d0df","control_MaxMatch_Negative_Abstract","99","MaxMatch","heartless","disloyal","heartless-disloyal","AbstractMatch","NegativeMatch"
"217","639fdcf5efa9e98ed809d0df","test_ConceptualMatch_Concrete","0","ConceptualMatchingOnly","pregnant","toothless","pregnant-toothless","ConceptualMatch:concrete","PositiveMismatch"
"218","639fdcf5efa9e98ed809d0df","control_Similar","99","SimilarControl","get","obtain","get-obtain","",""
"219","639fdcf5efa9e98ed809d0df","control_MaxMatch_Positive_Concrete","0","MaxMatch","blooming","starry","blooming-starry","ConcreteMatch","PositiveMatch"
"220","639fdcf5efa9e98ed809d0df","control_MaxMismatch","0","MaxMismatch","divine","freezing","divine-freezing","AbstractMismatch","PositiveMismatch"
"221","639fdcf5efa9e98ed809d0df","control_MaxMatch_Positive_Abstract","99","MaxMatch","lovable","divine","lovable-divine","AbstractMatch","PositiveMatch"
"222","639fdcf5efa9e98ed809d0df","control_Dissimilar","0","DissimilarControl","increase","decrease","increase-decrease","",""
"223","639fdcf5efa9e98ed809d0df","control_Similar","99","SimilarControl","show","display","show-display","",""
"224","639fdcf5efa9e98ed809d0df","control_MaxMatch_Negative_Concrete","0","MaxMatch","headless","bloodshot","headless-bloodshot","ConcreteMatch","NegativeMatch"
"225","639fdcf5efa9e98ed809d0df","test_ValenceMatch_Negative","0","ValenceMatchingOnly","heartless","thorny","heartless-thorny","AbstractMismatch","NegativeMatch"
"226","639fdcf5efa9e98ed809d0df","control_Dissimilar","0","DissimilarControl","come","go","come-go","",""
"227","639fdcf5efa9e98ed809d0df","test_ConceptualMatch_Abstract","0","ConceptualMatchingOnly","sexist","pleasant","sexist-pleasant","ConceptualMatch:abstract","NegativeMismatch"
"228","639fdcf5efa9e98ed809d0df","test_ValenceMatch_Positive","0","ValenceMatchingOnly","starry","sensible","starry-sensible","ConcreteMismatch","PositiveMatch"
"229","639fdcf5efa9e98ed809d0df","control_MaxMatch_Negative_Abstract","99","MaxMatch","worthless","awful","worthless-awful","AbstractMatch","NegativeMatch"
"230","639fdcf5efa9e98ed809d0df","test_ConceptualMatch_Concrete","0","ConceptualMatchingOnly","female","rusted","female-rusted","ConceptualMatch:concrete","PositiveMismatch"
"231","639fdcf5efa9e98ed809d0df","control_Similar","99","SimilarControl","speak","talk","speak-talk","",""
"232","639fdcf5efa9e98ed809d0df","control_MaxMatch_Positive_Concrete","0","MaxMatch","lilac","female","lilac-female","ConcreteMatch","PositiveMatch"
"233","639fdcf5efa9e98ed809d0df","control_MaxMismatch","0","MaxMismatch","thankful","thorny","thankful-thorny","AbstractMismatch","PositiveMismatch"
"234","639fdcf5efa9e98ed809d0df","control_MaxMatch_Positive_Abstract","0","MaxMatch","lovable","mindful","lovable-mindful","AbstractMatch","PositiveMatch"
"235","639fdcf5efa9e98ed809d0df","control_Dissimilar","0","DissimilarControl","push","pull","push-pull","",""
"236","639fdcf5efa9e98ed809d0df","control_Similar","99","SimilarControl","buy","purchase","buy-purchase","",""
"237","639fdcf5efa9e98ed809d0df","control_MaxMatch_Negative_Concrete","0","MaxMatch","bloodshot","wrinkled","bloodshot-wrinkled","ConcreteMatch","NegativeMatch"
"238","639fdcf5efa9e98ed809d0df","test_ValenceMatch_Negative","0","ValenceMatchingOnly","disloyal","hairy","disloyal-hairy","AbstractMismatch","NegativeMatch"
"239","639fdcf5efa9e98ed809d0df","control_Dissimilar","0","DissimilarControl","begin","end","begin-end","",""
"240","639fdcf5efa9e98ed809d0df","test_ConceptualMatch_Abstract","0","ConceptualMatchingOnly","disloyal","honest","disloyal-honest","ConceptualMatch:abstract","NegativeMismatch"
"241","639fdcf5efa9e98ed809d0df","test_ValenceMatch_Positive","0","ValenceMatchingOnly","sunny","mindful","sunny-mindful","ConcreteMismatch","PositiveMatch"
"242","639fdcf5efa9e98ed809d0df","control_MaxMatch_Negative_Abstract","0","MaxMatch","worthless","sexist","worthless-sexist","AbstractMatch","NegativeMatch"
"243","639fdcf5efa9e98ed809d0df","test_ConceptualMatch_Concrete","0","ConceptualMatchingOnly","starry","dirty","starry-dirty","ConceptualMatch:concrete","PositiveMismatch"
"244","639fdcf5efa9e98ed809d0df","control_Similar","99","SimilarControl","help","assist","help-assist","",""
"245","639fdcf5efa9e98ed809d0df","control_MaxMatch_Positive_Concrete","0","MaxMatch","lilac","human","lilac-human","ConcreteMatch","PositiveMatch"
"246","639fdcf5efa9e98ed809d0df","control_MaxMismatch","0","MaxMismatch","mindful","wrinkled","mindful-wrinkled","AbstractMismatch","PositiveMismatch"
"247","639fdcf5efa9e98ed809d0df","control_MaxMatch_Positive_Abstract","99","MaxMatch","honest","mindful","honest-mindful","AbstractMatch","PositiveMatch"
"248","639fdcf5efa9e98ed809d0df","control_Dissimilar","0","DissimilarControl","add","remove","add-remove","",""
"249","639fdcf5efa9e98ed809d0df","control_Similar","99","SimilarControl","use","employ","use-employ","",""
"250","639fdcf5efa9e98ed809d0df","control_MaxMatch_Negative_Concrete","0","MaxMatch","wrinkled","bloody","wrinkled-bloody","ConcreteMatch","NegativeMatch"
"251","639fdcf5efa9e98ed809d0df","test_ValenceMatch_Negative","0","ValenceMatchingOnly","awful","wrinkled","awful-wrinkled","AbstractMismatch","NegativeMatch"
"252","639fdcf5efa9e98ed809d0df","control_Dissimilar","0","DissimilarControl","give","take","give-take","",""
"253","639fdcf5efa9e98ed809d0df","test_ConceptualMatch_Abstract","0","ConceptualMatchingOnly","disloyal","divine","disloyal-divine","ConceptualMatch:abstract","NegativeMismatch"
"254","639fdcf5efa9e98ed809d0df","test_ValenceMatch_Positive","0","ValenceMatchingOnly","human","sensible","human-sensible","ConcreteMismatch","PositiveMatch"
"255","639fdcf5efa9e98ed809d0df","control_MaxMatch_Negative_Abstract","99","MaxMatch","evil","soulless","evil-soulless","AbstractMatch","NegativeMatch"
"256","639fdcf5efa9e98ed809d0df","test_ConceptualMatch_Concrete","0","ConceptualMatchingOnly","handmade","wrinkled","handmade-wrinkled","ConceptualMatch:concrete","PositiveMismatch"
"257","639fdcf5efa9e98ed809d0df","control_Similar","99","SimilarControl","end","finish","end-finish","",""
"258","639fdcf5efa9e98ed809d0df","control_MaxMatch_Positive_Concrete","0","MaxMatch","sunny","female","sunny-female","ConcreteMatch","PositiveMatch"
"259","639fdcf5efa9e98ed809d0df","control_MaxMismatch","0","MaxMismatch","mindful","thorny","mindful-thorny","AbstractMismatch","PositiveMismatch"
"260","639fdcf5efa9e98ed809d0df","control_MaxMatch_Positive_Abstract","0","MaxMatch","possible","divine","possible-divine","AbstractMatch","PositiveMatch"
"261","6101bcb1b6f73b8138d66252","control_Dissimilar","2","DissimilarControl","enter","exit","enter-exit","",""
"262","6101bcb1b6f73b8138d66252","control_Similar","78","SimilarControl","get","obtain","get-obtain","",""
"263","6101bcb1b6f73b8138d66252","test_ConceptualMatch_Concrete","0","ConceptualMatchingOnly","orange","bloody","orange-bloody","ConceptualMatch:concrete","PositiveMismatch"
"264","6101bcb1b6f73b8138d66252","test_ValenceMatch_Negative","19","ValenceMatchingOnly","awful","dirty","awful-dirty","AbstractMismatch","NegativeMatch"
"265","6101bcb1b6f73b8138d66252","test_ValenceMatch_Positive","0","ValenceMatchingOnly","starry","sensible","starry-sensible","ConcreteMismatch","PositiveMatch"
"266","6101bcb1b6f73b8138d66252","control_Dissimilar","3","DissimilarControl","give","take","give-take","",""
"267","6101bcb1b6f73b8138d66252","control_MaxMatch_Positive_Abstract","1","MaxMatch","possible","mindful","possible-mindful","AbstractMatch","PositiveMatch"
"268","6101bcb1b6f73b8138d66252","control_MaxMatch_Negative_Abstract","1","MaxMatch","crappy","sinful","crappy-sinful","AbstractMatch","NegativeMatch"
"269","6101bcb1b6f73b8138d66252","control_MaxMismatch","0","MaxMismatch","thankful","thorny","thankful-thorny","AbstractMismatch","PositiveMismatch"
"270","6101bcb1b6f73b8138d66252","control_Similar","83","SimilarControl","need","require","need-require","",""
"271","6101bcb1b6f73b8138d66252","control_MaxMatch_Positive_Concrete","0","MaxMatch","newborn","pregnant","newborn-pregnant","ConcreteMatch","PositiveMatch"
"272","6101bcb1b6f73b8138d66252","test_ConceptualMatch_Abstract","0","ConceptualMatchingOnly","awful","divine","awful-divine","ConceptualMatch:abstract","NegativeMismatch"
"273","6101bcb1b6f73b8138d66252","control_MaxMatch_Negative_Concrete","0","MaxMatch","headless","wrinkled","headless-wrinkled","ConcreteMatch","NegativeMatch"
"274","6101bcb1b6f73b8138d66252","control_Dissimilar","5","DissimilarControl","come","go","come-go","",""
"275","6101bcb1b6f73b8138d66252","control_Similar","88","SimilarControl","end","finish","end-finish","",""
"276","6101bcb1b6f73b8138d66252","test_ConceptualMatch_Concrete","0","ConceptualMatchingOnly","handmade","headless","handmade-headless","ConceptualMatch:concrete","PositiveMismatch"
"277","6101bcb1b6f73b8138d66252","test_ValenceMatch_Negative","0","ValenceMatchingOnly","awful","toothless","awful-toothless","AbstractMismatch","NegativeMatch"
"278","6101bcb1b6f73b8138d66252","test_ValenceMatch_Positive","0","ValenceMatchingOnly","human","splendid","human-splendid","ConcreteMismatch","PositiveMatch"
"279","6101bcb1b6f73b8138d66252","control_Dissimilar","4","DissimilarControl","push","pull","push-pull","",""
"280","6101bcb1b6f73b8138d66252","control_MaxMatch_Positive_Abstract","5","MaxMatch","thankful","possible","thankful-possible","AbstractMatch","PositiveMatch"
"281","6101bcb1b6f73b8138d66252","control_MaxMatch_Negative_Abstract","3","MaxMatch","evil","stupid","evil-stupid","AbstractMatch","NegativeMatch"
"282","6101bcb1b6f73b8138d66252","control_MaxMismatch","0","MaxMismatch","mindful","headless","mindful-headless","AbstractMismatch","PositiveMismatch"
"283","6101bcb1b6f73b8138d66252","control_Similar","99","SimilarControl","help","assist","help-assist","",""
"284","6101bcb1b6f73b8138d66252","control_MaxMatch_Positive_Concrete","4","MaxMatch","lilac","orange","lilac-orange","ConcreteMatch","PositiveMatch"
"285","6101bcb1b6f73b8138d66252","test_ConceptualMatch_Abstract","0","ConceptualMatchingOnly","soulless","thankful","soulless-thankful","ConceptualMatch:abstract","NegativeMismatch"
"286","6101bcb1b6f73b8138d66252","control_MaxMatch_Negative_Concrete","4","MaxMatch","thorny","hairy","thorny-hairy","ConcreteMatch","NegativeMatch"
"287","6101bcb1b6f73b8138d66252","control_Dissimilar","4","DissimilarControl","arrive","leave","arrive-leave","",""
"288","6101bcb1b6f73b8138d66252","control_Similar","99","SimilarControl","ask","inquire","ask-inquire","",""
"289","6101bcb1b6f73b8138d66252","test_ConceptualMatch_Concrete","0","ConceptualMatchingOnly","sunny","headless","sunny-headless","ConceptualMatch:concrete","PositiveMismatch"
"290","6101bcb1b6f73b8138d66252","test_ValenceMatch_Negative","0","ValenceMatchingOnly","sinful","toothless","sinful-toothless","AbstractMismatch","NegativeMatch"
"291","6101bcb1b6f73b8138d66252","test_ValenceMatch_Positive","0","ValenceMatchingOnly","lilac","possible","lilac-possible","ConcreteMismatch","PositiveMatch"
"292","6101bcb1b6f73b8138d66252","control_Dissimilar","8","DissimilarControl","begin","end","begin-end","",""
"293","6101bcb1b6f73b8138d66252","control_MaxMatch_Positive_Abstract","4","MaxMatch","thankful","mindful","thankful-mindful","AbstractMatch","PositiveMatch"
"294","6101bcb1b6f73b8138d66252","control_MaxMatch_Negative_Abstract","43","MaxMatch","worthless","awful","worthless-awful","AbstractMatch","NegativeMatch"
"295","6101bcb1b6f73b8138d66252","control_MaxMismatch","0","MaxMismatch","possible","wrinkled","possible-wrinkled","AbstractMismatch","PositiveMismatch"
"296","6101bcb1b6f73b8138d66252","control_Similar","99","SimilarControl","begin","start","begin-start","",""
"297","6101bcb1b6f73b8138d66252","control_MaxMatch_Positive_Concrete","0","MaxMatch","newborn","starry","newborn-starry","ConcreteMatch","PositiveMatch"
"298","6101bcb1b6f73b8138d66252","test_ConceptualMatch_Abstract","4","ConceptualMatchingOnly","worthless","helpful","worthless-helpful","ConceptualMatch:abstract","NegativeMismatch"
"299","6101bcb1b6f73b8138d66252","control_MaxMatch_Negative_Concrete","0","MaxMatch","bloodshot","dirty","bloodshot-dirty","ConcreteMatch","NegativeMatch"
"300","6101bcb1b6f73b8138d66252","control_Dissimilar","6","DissimilarControl","open","close","open-close","",""
"301","6101bcb1b6f73b8138d66252","control_Similar","88","SimilarControl","show","display","show-display","",""
"302","6101bcb1b6f73b8138d66252","test_ConceptualMatch_Concrete","0","ConceptualMatchingOnly","handmade","dirty","handmade-dirty","ConceptualMatch:concrete","PositiveMismatch"
"303","6101bcb1b6f73b8138d66252","test_ValenceMatch_Negative","0","ValenceMatchingOnly","crappy","freezing","crappy-freezing","AbstractMismatch","NegativeMatch"
"304","6101bcb1b6f73b8138d66252","test_ValenceMatch_Positive","0","ValenceMatchingOnly","lilac","honest","lilac-honest","ConcreteMismatch","PositiveMatch"
"305","6101bcb1b6f73b8138d66252","control_Dissimilar","7","DissimilarControl","rise","fall","rise-fall","",""
"306","6101bcb1b6f73b8138d66252","control_MaxMatch_Positive_Abstract","23","MaxMatch","honest","divine","honest-divine","AbstractMatch","PositiveMatch"
"307","6101bcb1b6f73b8138d66252","control_MaxMatch_Negative_Abstract","5","MaxMatch","evil","crappy","evil-crappy","AbstractMatch","NegativeMatch"
"308","6101bcb1b6f73b8138d66252","control_MaxMismatch","0","MaxMismatch","pleasant","rusted","pleasant-rusted","AbstractMismatch","PositiveMismatch"
"309","6101bcb1b6f73b8138d66252","control_Similar","99","SimilarControl","speak","talk","speak-talk","",""
"310","6101bcb1b6f73b8138d66252","control_MaxMatch_Positive_Concrete","9","MaxMatch","lilac","blooming","lilac-blooming","ConcreteMatch","PositiveMatch"
"311","6101bcb1b6f73b8138d66252","test_ConceptualMatch_Abstract","0","ConceptualMatchingOnly","awful","helpful","awful-helpful","ConceptualMatch:abstract","NegativeMismatch"
"312","6101bcb1b6f73b8138d66252","control_MaxMatch_Negative_Concrete","2","MaxMatch","hairy","bloody","hairy-bloody","ConcreteMatch","NegativeMatch"
"313","6101bcb1b6f73b8138d66252","control_Dissimilar","5","DissimilarControl","add","remove","add-remove","",""
"314","6101bcb1b6f73b8138d66252","control_Similar","99","SimilarControl","buy","purchase","buy-purchase","",""
"315","6101bcb1b6f73b8138d66252","test_ConceptualMatch_Concrete","0","ConceptualMatchingOnly","human","thorny","human-thorny","ConceptualMatch:concrete","PositiveMismatch"
"316","6101bcb1b6f73b8138d66252","test_ValenceMatch_Negative","0","ValenceMatchingOnly","stupid","thorny","stupid-thorny","AbstractMismatch","NegativeMatch"
"317","6101bcb1b6f73b8138d66252","test_ValenceMatch_Positive","0","ValenceMatchingOnly","pregnant","divine","pregnant-divine","ConcreteMismatch","PositiveMatch"
"318","6101bcb1b6f73b8138d66252","control_Dissimilar","11","DissimilarControl","increase","decrease","increase-decrease","",""
"319","6101bcb1b6f73b8138d66252","control_MaxMatch_Positive_Abstract","11","MaxMatch","splendid","helpful","splendid-helpful","AbstractMatch","PositiveMatch"
"320","6101bcb1b6f73b8138d66252","control_MaxMatch_Negative_Abstract","19","MaxMatch","worthless","heartless","worthless-heartless","AbstractMatch","NegativeMatch"
"321","6101bcb1b6f73b8138d66252","control_MaxMismatch","0","MaxMismatch","mindful","wrinkled","mindful-wrinkled","AbstractMismatch","PositiveMismatch"
"322","6101bcb1b6f73b8138d66252","control_Similar","55","SimilarControl","use","employ","use-employ","",""
"323","6101bcb1b6f73b8138d66252","control_MaxMatch_Positive_Concrete","0","MaxMatch","sunny","female","sunny-female","ConcreteMatch","PositiveMatch"
"324","6101bcb1b6f73b8138d66252","test_ConceptualMatch_Abstract","0","ConceptualMatchingOnly","sexist","possible","sexist-possible","ConceptualMatch:abstract","NegativeMismatch"
"325","6101bcb1b6f73b8138d66252","control_MaxMatch_Negative_Concrete","0","MaxMatch","headless","freezing","headless-freezing","ConcreteMatch","NegativeMatch"
"326","6564945a98aa29adc95a4672","control_Similar","92","SimilarControl","get","obtain","get-obtain","",""
"327","6564945a98aa29adc95a4672","control_Dissimilar","0","DissimilarControl","increase","decrease","increase-decrease","",""
"328","6564945a98aa29adc95a4672","control_Similar","99","SimilarControl","need","require","need-require","",""
"329","6564945a98aa29adc95a4672","control_MaxMatch_Positive_Concrete","0","MaxMatch","blooming","handmade","blooming-handmade","ConcreteMatch","PositiveMatch"
"330","6564945a98aa29adc95a4672","control_MaxMatch_Negative_Concrete","0","MaxMatch","thorny","hairy","thorny-hairy","ConcreteMatch","NegativeMatch"
"331","6564945a98aa29adc95a4672","test_ConceptualMatch_Concrete","0","ConceptualMatchingOnly","sunny","wrinkled","sunny-wrinkled","ConceptualMatch:concrete","PositiveMismatch"
"332","6564945a98aa29adc95a4672","control_MaxMatch_Negative_Abstract","0","MaxMatch","sexist","sinful","sexist-sinful","AbstractMatch","NegativeMatch"
"333","6564945a98aa29adc95a4672","control_MaxMatch_Positive_Abstract","55","MaxMatch","thankful","possible","thankful-possible","AbstractMatch","PositiveMatch"
"334","6564945a98aa29adc95a4672","control_MaxMismatch","0","MaxMismatch","lovable","freezing","lovable-freezing","AbstractMismatch","PositiveMismatch"
"335","6564945a98aa29adc95a4672","test_ConceptualMatch_Abstract","0","ConceptualMatchingOnly","soulless","splendid","soulless-splendid","ConceptualMatch:abstract","NegativeMismatch"
"336","6564945a98aa29adc95a4672","control_Dissimilar","0","DissimilarControl","add","remove","add-remove","",""
"337","6564945a98aa29adc95a4672","test_ValenceMatch_Negative","0","ValenceMatchingOnly","sexist","bloody","sexist-bloody","AbstractMismatch","NegativeMatch"
"338","6564945a98aa29adc95a4672","test_ValenceMatch_Positive","0","ValenceMatchingOnly","lilac","possible","lilac-possible","ConcreteMismatch","PositiveMatch"
"339","6564945a98aa29adc95a4672","control_Similar","94","SimilarControl","use","employ","use-employ","",""
"340","6564945a98aa29adc95a4672","control_Dissimilar","0","DissimilarControl","arrive","leave","arrive-leave","",""
"341","6564945a98aa29adc95a4672","control_Similar","99","SimilarControl","speak","talk","speak-talk","",""
"342","6564945a98aa29adc95a4672","control_MaxMatch_Positive_Concrete","0","MaxMatch","human","pregnant","human-pregnant","ConcreteMatch","PositiveMatch"
"343","6564945a98aa29adc95a4672","control_MaxMatch_Negative_Concrete","0","MaxMatch","toothless","dirty","toothless-dirty","ConcreteMatch","NegativeMatch"
"344","6564945a98aa29adc95a4672","test_ConceptualMatch_Concrete","0","ConceptualMatchingOnly","lilac","thorny","lilac-thorny","ConceptualMatch:concrete","PositiveMismatch"
"345","6564945a98aa29adc95a4672","control_MaxMatch_Negative_Abstract","55","MaxMatch","heartless","sinful","heartless-sinful","AbstractMatch","NegativeMatch"
"346","6564945a98aa29adc95a4672","control_MaxMatch_Positive_Abstract","66","MaxMatch","helpful","divine","helpful-divine","AbstractMatch","PositiveMatch"
"347","6564945a98aa29adc95a4672","control_MaxMismatch","0","MaxMismatch","sensible","toothless","sensible-toothless","AbstractMismatch","PositiveMismatch"
"348","6564945a98aa29adc95a4672","test_ConceptualMatch_Abstract","0","ConceptualMatchingOnly","disloyal","splendid","disloyal-splendid","ConceptualMatch:abstract","NegativeMismatch"
"349","6564945a98aa29adc95a4672","control_Dissimilar","0","DissimilarControl","open","close","open-close","",""
"350","6564945a98aa29adc95a4672","test_ValenceMatch_Negative","0","ValenceMatchingOnly","sinful","bloodshot","sinful-bloodshot","AbstractMismatch","NegativeMatch"
"351","6564945a98aa29adc95a4672","test_ValenceMatch_Positive","93","ValenceMatchingOnly","handmade","mindful","handmade-mindful","ConcreteMismatch","PositiveMatch"
"352","6564945a98aa29adc95a4672","control_Similar","99","SimilarControl","buy","purchase","buy-purchase","",""
"353","6564945a98aa29adc95a4672","control_Dissimilar","0","DissimilarControl","come","go","come-go","",""
"354","6564945a98aa29adc95a4672","control_Similar","99","SimilarControl","end","finish","end-finish","",""
"355","6564945a98aa29adc95a4672","control_MaxMatch_Positive_Concrete","0","MaxMatch","human","orange","human-orange","ConcreteMatch","PositiveMatch"
"356","6564945a98aa29adc95a4672","control_MaxMatch_Negative_Concrete","0","MaxMatch","headless","wrinkled","headless-wrinkled","ConcreteMatch","NegativeMatch"
"357","6564945a98aa29adc95a4672","test_ConceptualMatch_Concrete","0","ConceptualMatchingOnly","blooming","toothless","blooming-toothless","ConceptualMatch:concrete","PositiveMismatch"
"358","6564945a98aa29adc95a4672","control_MaxMatch_Negative_Abstract","0","MaxMatch","stupid","disloyal","stupid-disloyal","AbstractMatch","NegativeMatch"
"359","6564945a98aa29adc95a4672","control_MaxMatch_Positive_Abstract","48","MaxMatch","honest","possible","honest-possible","AbstractMatch","PositiveMatch"
"360","6564945a98aa29adc95a4672","control_MaxMismatch","0","MaxMismatch","splendid","thorny","splendid-thorny","AbstractMismatch","PositiveMismatch"
"361","6564945a98aa29adc95a4672","test_ConceptualMatch_Abstract","0","ConceptualMatchingOnly","soulless","possible","soulless-possible","ConceptualMatch:abstract","NegativeMismatch"
"362","6564945a98aa29adc95a4672","control_Dissimilar","0","DissimilarControl","enter","exit","enter-exit","",""
"363","6564945a98aa29adc95a4672","test_ValenceMatch_Negative","0","ValenceMatchingOnly","soulless","headless","soulless-headless","AbstractMismatch","NegativeMatch"
"364","6564945a98aa29adc95a4672","test_ValenceMatch_Positive","57","ValenceMatchingOnly","female","divine","female-divine","ConcreteMismatch","PositiveMatch"
"365","6564945a98aa29adc95a4672","control_Similar","99","SimilarControl","begin","start","begin-start","",""
"366","6564945a98aa29adc95a4672","control_Dissimilar","0","DissimilarControl","give","take","give-take","",""
"367","6564945a98aa29adc95a4672","control_Similar","99","SimilarControl","ask","inquire","ask-inquire","",""
"368","6564945a98aa29adc95a4672","control_MaxMatch_Positive_Concrete","0","MaxMatch","starry","handmade","starry-handmade","ConcreteMatch","PositiveMatch"
"369","6564945a98aa29adc95a4672","control_MaxMatch_Negative_Concrete","0","MaxMatch","hairy","bloody","hairy-bloody","ConcreteMatch","NegativeMatch"
"370","6564945a98aa29adc95a4672","test_ConceptualMatch_Concrete","0","ConceptualMatchingOnly","female","thorny","female-thorny","ConceptualMatch:concrete","PositiveMismatch"
"371","6564945a98aa29adc95a4672","control_MaxMatch_Negative_Abstract","0","MaxMatch","worthless","heartless","worthless-heartless","AbstractMatch","NegativeMatch"
"372","6564945a98aa29adc95a4672","control_MaxMatch_Positive_Abstract","79","MaxMatch","sensible","mindful","sensible-mindful","AbstractMatch","PositiveMatch"
"373","6564945a98aa29adc95a4672","control_MaxMismatch","0","MaxMismatch","splendid","hairy","splendid-hairy","AbstractMismatch","PositiveMismatch"
"374","6564945a98aa29adc95a4672","test_ConceptualMatch_Abstract","0","ConceptualMatchingOnly","evil","honest","evil-honest","ConceptualMatch:abstract","NegativeMismatch"
"375","6564945a98aa29adc95a4672","control_Dissimilar","0","DissimilarControl","push","pull","push-pull","",""
"376","6564945a98aa29adc95a4672","test_ValenceMatch_Negative","28","ValenceMatchingOnly","evil","dirty","evil-dirty","AbstractMismatch","NegativeMatch"
"377","6564945a98aa29adc95a4672","test_ValenceMatch_Positive","24","ValenceMatchingOnly","human","sensible","human-sensible","ConcreteMismatch","PositiveMatch"
"378","6564945a98aa29adc95a4672","control_Similar","99","SimilarControl","show","display","show-display","",""
"379","6564945a98aa29adc95a4672","control_Dissimilar","0","DissimilarControl","begin","end","begin-end","",""
"380","6564945a98aa29adc95a4672","control_Similar","99","SimilarControl","help","assist","help-assist","",""
"381","6564945a98aa29adc95a4672","control_MaxMatch_Positive_Concrete","48","MaxMatch","female","newborn","female-newborn","ConcreteMatch","PositiveMatch"
"382","6564945a98aa29adc95a4672","control_MaxMatch_Negative_Concrete","0","MaxMatch","bloodshot","wrinkled","bloodshot-wrinkled","ConcreteMatch","NegativeMatch"
"383","6564945a98aa29adc95a4672","test_ConceptualMatch_Concrete","0","ConceptualMatchingOnly","orange","thorny","orange-thorny","ConceptualMatch:concrete","PositiveMismatch"
"384","6564945a98aa29adc95a4672","control_MaxMatch_Negative_Abstract","0","MaxMatch","worthless","evil","worthless-evil","AbstractMatch","NegativeMatch"
"385","6564945a98aa29adc95a4672","control_MaxMatch_Positive_Abstract","88","MaxMatch","pleasant","divine","pleasant-divine","AbstractMatch","PositiveMatch"
"386","6564945a98aa29adc95a4672","control_MaxMismatch","0","MaxMismatch","possible","headless","possible-headless","AbstractMismatch","PositiveMismatch"
"387","6564945a98aa29adc95a4672","test_ConceptualMatch_Abstract","0","ConceptualMatchingOnly","crappy","sensible","crappy-sensible","ConceptualMatch:abstract","NegativeMismatch"
"388","6564945a98aa29adc95a4672","control_Dissimilar","0","DissimilarControl","rise","fall","rise-fall","",""
"389","6564945a98aa29adc95a4672","test_ValenceMatch_Negative","0","ValenceMatchingOnly","crappy","rusted","crappy-rusted","AbstractMismatch","NegativeMatch"
"390","6564945a98aa29adc95a4672","test_ValenceMatch_Positive","67","ValenceMatchingOnly","newborn","divine","newborn-divine","ConcreteMismatch","PositiveMatch"
"391","60a1ddf39ea00700d482889e","control_Similar","99","SimilarControl","ask","inquire","ask-inquire","",""
"392","60a1ddf39ea00700d482889e","control_Dissimilar","0","DissimilarControl","increase","decrease","increase-decrease","",""
"393","60a1ddf39ea00700d482889e","test_ConceptualMatch_Concrete","0","ConceptualMatchingOnly","lilac","dirty","lilac-dirty","ConceptualMatch:concrete","PositiveMismatch"
"394","60a1ddf39ea00700d482889e","control_MaxMatch_Negative_Abstract","87","MaxMatch","awful","evil","awful-evil","AbstractMatch","NegativeMatch"
"395","60a1ddf39ea00700d482889e","control_Similar","99","SimilarControl","use","employ","use-employ","",""
"396","60a1ddf39ea00700d482889e","test_ValenceMatch_Negative","0","ValenceMatchingOnly","sexist","bloody","sexist-bloody","AbstractMismatch","NegativeMatch"
"397","60a1ddf39ea00700d482889e","control_MaxMatch_Negative_Concrete","1","MaxMatch","hairy","wrinkled","hairy-wrinkled","ConcreteMatch","NegativeMatch"
"398","60a1ddf39ea00700d482889e","control_MaxMatch_Positive_Abstract","72","MaxMatch","splendid","mindful","splendid-mindful","AbstractMatch","PositiveMatch"
"399","60a1ddf39ea00700d482889e","test_ConceptualMatch_Abstract","0","ConceptualMatchingOnly","sexist","possible","sexist-possible","ConceptualMatch:abstract","NegativeMismatch"
"400","60a1ddf39ea00700d482889e","test_ValenceMatch_Positive","0","ValenceMatchingOnly","starry","thankful","starry-thankful","ConcreteMismatch","PositiveMatch"
"401","60a1ddf39ea00700d482889e","control_MaxMatch_Positive_Concrete","0","MaxMatch","sunny","female","sunny-female","ConcreteMatch","PositiveMatch"
"402","60a1ddf39ea00700d482889e","control_Dissimilar","0","DissimilarControl","rise","fall","rise-fall","",""
"403","60a1ddf39ea00700d482889e","control_MaxMismatch","45","MaxMismatch","pleasant","toothless","pleasant-toothless","AbstractMismatch","PositiveMismatch"
"404","60a1ddf39ea00700d482889e","control_Similar","99","SimilarControl","speak","talk","speak-talk","",""
"405","60a1ddf39ea00700d482889e","control_Dissimilar","0","DissimilarControl","push","pull","push-pull","",""
"406","60a1ddf39ea00700d482889e","test_ConceptualMatch_Concrete","12","ConceptualMatchingOnly","female","rusted","female-rusted","ConceptualMatch:concrete","PositiveMismatch"
"407","60a1ddf39ea00700d482889e","control_MaxMatch_Negative_Abstract","37","MaxMatch","worthless","evil","worthless-evil","AbstractMatch","NegativeMatch"
"408","60a1ddf39ea00700d482889e","control_Similar","99","SimilarControl","buy","purchase","buy-purchase","",""
"409","60a1ddf39ea00700d482889e","test_ValenceMatch_Negative","87","ValenceMatchingOnly","sinful","dirty","sinful-dirty","AbstractMismatch","NegativeMatch"
"410","60a1ddf39ea00700d482889e","control_MaxMatch_Negative_Concrete","71","MaxMatch","bloodshot","rusted","bloodshot-rusted","ConcreteMatch","NegativeMatch"
"411","60a1ddf39ea00700d482889e","control_MaxMatch_Positive_Abstract","22","MaxMatch","sensible","divine","sensible-divine","AbstractMatch","PositiveMatch"
"412","60a1ddf39ea00700d482889e","test_ConceptualMatch_Abstract","0","ConceptualMatchingOnly","evil","mindful","evil-mindful","ConceptualMatch:abstract","NegativeMismatch"
"413","60a1ddf39ea00700d482889e","test_ValenceMatch_Positive","0","ValenceMatchingOnly","newborn","sensible","newborn-sensible","ConcreteMismatch","PositiveMatch"
"414","60a1ddf39ea00700d482889e","control_MaxMatch_Positive_Concrete","6","MaxMatch","lilac","female","lilac-female","ConcreteMatch","PositiveMatch"
"415","60a1ddf39ea00700d482889e","control_Dissimilar","0","DissimilarControl","enter","exit","enter-exit","",""
"416","60a1ddf39ea00700d482889e","control_MaxMismatch","0","MaxMismatch","mindful","hairy","mindful-hairy","AbstractMismatch","PositiveMismatch"
"417","60a1ddf39ea00700d482889e","control_Similar","99","SimilarControl","show","display","show-display","",""
"418","60a1ddf39ea00700d482889e","control_Dissimilar","0","DissimilarControl","open","close","open-close","",""
"419","60a1ddf39ea00700d482889e","test_ConceptualMatch_Concrete","46","ConceptualMatchingOnly","human","bloody","human-bloody","ConceptualMatch:concrete","PositiveMismatch"
"420","60a1ddf39ea00700d482889e","control_MaxMatch_Negative_Abstract","72","MaxMatch","worthless","stupid","worthless-stupid","AbstractMatch","NegativeMatch"
"421","60a1ddf39ea00700d482889e","control_Similar","99","SimilarControl","get","obtain","get-obtain","",""
"422","60a1ddf39ea00700d482889e","test_ValenceMatch_Negative","0","ValenceMatchingOnly","sinful","bloodshot","sinful-bloodshot","AbstractMismatch","NegativeMatch"
"423","60a1ddf39ea00700d482889e","control_MaxMatch_Negative_Concrete","0","MaxMatch","rusted","thorny","rusted-thorny","ConcreteMatch","NegativeMatch"
"424","60a1ddf39ea00700d482889e","control_MaxMatch_Positive_Abstract","71","MaxMatch","thankful","pleasant","thankful-pleasant","AbstractMatch","PositiveMatch"
"425","60a1ddf39ea00700d482889e","test_ConceptualMatch_Abstract","8","ConceptualMatchingOnly","awful","possible","awful-possible","ConceptualMatch:abstract","NegativeMismatch"
"426","60a1ddf39ea00700d482889e","test_ValenceMatch_Positive","74","ValenceMatchingOnly","human","sensible","human-sensible","ConcreteMismatch","PositiveMatch"
"427","60a1ddf39ea00700d482889e","control_MaxMatch_Positive_Concrete","59","MaxMatch","human","blooming","human-blooming","ConcreteMatch","PositiveMatch"
"428","60a1ddf39ea00700d482889e","control_Dissimilar","0","DissimilarControl","add","remove","add-remove","",""
"429","60a1ddf39ea00700d482889e","control_MaxMismatch","0","MaxMismatch","mindful","rusted","mindful-rusted","AbstractMismatch","PositiveMismatch"
"430","60a1ddf39ea00700d482889e","control_Similar","99","SimilarControl","end","finish","end-finish","",""
"431","60a1ddf39ea00700d482889e","control_Dissimilar","0","DissimilarControl","begin","end","begin-end","",""
"432","60a1ddf39ea00700d482889e","test_ConceptualMatch_Concrete","0","ConceptualMatchingOnly","handmade","thorny","handmade-thorny","ConceptualMatch:concrete","PositiveMismatch"
"433","60a1ddf39ea00700d482889e","control_MaxMatch_Negative_Abstract","74","MaxMatch","soulless","sinful","soulless-sinful","AbstractMatch","NegativeMatch"
"434","60a1ddf39ea00700d482889e","control_Similar","99","SimilarControl","begin","start","begin-start","",""
"435","60a1ddf39ea00700d482889e","test_ValenceMatch_Negative","50","ValenceMatchingOnly","stupid","bloody","stupid-bloody","AbstractMismatch","NegativeMatch"
"436","60a1ddf39ea00700d482889e","control_MaxMatch_Negative_Concrete","71","MaxMatch","dirty","bloody","dirty-bloody","ConcreteMatch","NegativeMatch"
"437","60a1ddf39ea00700d482889e","control_MaxMatch_Positive_Abstract","30","MaxMatch","honest","lovable","honest-lovable","AbstractMatch","PositiveMatch"
"438","60a1ddf39ea00700d482889e","test_ConceptualMatch_Abstract","28","ConceptualMatchingOnly","evil","sensible","evil-sensible","ConceptualMatch:abstract","NegativeMismatch"
"439","60a1ddf39ea00700d482889e","test_ValenceMatch_Positive","11","ValenceMatchingOnly","sunny","thankful","sunny-thankful","ConcreteMismatch","PositiveMatch"
"440","60a1ddf39ea00700d482889e","control_MaxMatch_Positive_Concrete","0","MaxMatch","lilac","starry","lilac-starry","ConcreteMatch","PositiveMatch"
"441","60a1ddf39ea00700d482889e","control_Dissimilar","0","DissimilarControl","come","go","come-go","",""
"442","60a1ddf39ea00700d482889e","control_MaxMismatch","0","MaxMismatch","honest","wrinkled","honest-wrinkled","AbstractMismatch","PositiveMismatch"
"443","60a1ddf39ea00700d482889e","control_Similar","99","SimilarControl","help","assist","help-assist","",""
"444","60a1ddf39ea00700d482889e","control_Dissimilar","0","DissimilarControl","arrive","leave","arrive-leave","",""
"445","60a1ddf39ea00700d482889e","test_ConceptualMatch_Concrete","0","ConceptualMatchingOnly","lilac","bloodshot","lilac-bloodshot","ConceptualMatch:concrete","PositiveMismatch"
"446","60a1ddf39ea00700d482889e","control_MaxMatch_Negative_Abstract","75","MaxMatch","worthless","heartless","worthless-heartless","AbstractMatch","NegativeMatch"
"447","60a1ddf39ea00700d482889e","control_Similar","94","SimilarControl","need","require","need-require","",""
"448","60a1ddf39ea00700d482889e","test_ValenceMatch_Negative","25","ValenceMatchingOnly","crappy","freezing","crappy-freezing","AbstractMismatch","NegativeMatch"
"449","60a1ddf39ea00700d482889e","control_MaxMatch_Negative_Concrete","0","MaxMatch","rusted","wrinkled","rusted-wrinkled","ConcreteMatch","NegativeMatch"
"450","60a1ddf39ea00700d482889e","control_MaxMatch_Positive_Abstract","84","MaxMatch","honest","sensible","honest-sensible","AbstractMatch","PositiveMatch"
"451","60a1ddf39ea00700d482889e","test_ConceptualMatch_Abstract","0","ConceptualMatchingOnly","sinful","sensible","sinful-sensible","ConceptualMatch:abstract","NegativeMismatch"
"452","60a1ddf39ea00700d482889e","test_ValenceMatch_Positive","10","ValenceMatchingOnly","pregnant","divine","pregnant-divine","ConcreteMismatch","PositiveMatch"
"453","60a1ddf39ea00700d482889e","control_MaxMatch_Positive_Concrete","86","MaxMatch","human","newborn","human-newborn","ConcreteMatch","PositiveMatch"
"454","60a1ddf39ea00700d482889e","control_Dissimilar","0","DissimilarControl","give","take","give-take","",""
"455","60a1ddf39ea00700d482889e","control_MaxMismatch","0","MaxMismatch","sensible","headless","sensible-headless","AbstractMismatch","PositiveMismatch"
"456","5607080ed7def20012b733c3","control_Dissimilar","2","DissimilarControl","give","take","give-take","",""
"457","5607080ed7def20012b733c3","control_Similar","99","SimilarControl","ask","inquire","ask-inquire","",""
"458","5607080ed7def20012b733c3","control_Dissimilar","11","DissimilarControl","arrive","leave","arrive-leave","",""
"459","5607080ed7def20012b733c3","control_MaxMatch_Positive_Concrete","99","MaxMatch","human","handmade","human-handmade","ConcreteMatch","PositiveMatch"
"460","5607080ed7def20012b733c3","control_Similar","99","SimilarControl","end","finish","end-finish","",""
"461","5607080ed7def20012b733c3","test_ValenceMatch_Negative","0","ValenceMatchingOnly","stupid","thorny","stupid-thorny","AbstractMismatch","NegativeMatch"
"462","5607080ed7def20012b733c3","test_ValenceMatch_Positive","0","ValenceMatchingOnly","newborn","splendid","newborn-splendid","ConcreteMismatch","PositiveMatch"
"463","5607080ed7def20012b733c3","control_MaxMatch_Negative_Concrete","0","MaxMatch","headless","dirty","headless-dirty","ConcreteMatch","NegativeMatch"
"464","5607080ed7def20012b733c3","control_MaxMatch_Negative_Abstract","0","MaxMatch","awful","heartless","awful-heartless","AbstractMatch","NegativeMatch"
"465","5607080ed7def20012b733c3","test_ConceptualMatch_Abstract","0","ConceptualMatchingOnly","disloyal","possible","disloyal-possible","ConceptualMatch:abstract","NegativeMismatch"
"466","5607080ed7def20012b733c3","control_MaxMismatch","0","MaxMismatch","honest","wrinkled","honest-wrinkled","AbstractMismatch","PositiveMismatch"
"467","5607080ed7def20012b733c3","control_MaxMatch_Positive_Abstract","68","MaxMatch","helpful","divine","helpful-divine","AbstractMatch","PositiveMatch"
"468","5607080ed7def20012b733c3","test_ConceptualMatch_Concrete","0","ConceptualMatchingOnly","lilac","bloody","lilac-bloody","ConceptualMatch:concrete","PositiveMismatch"
"469","5607080ed7def20012b733c3","control_Dissimilar","0","DissimilarControl","open","close","open-close","",""
"470","5607080ed7def20012b733c3","control_Similar","99","SimilarControl","get","obtain","get-obtain","",""
"471","5607080ed7def20012b733c3","control_Dissimilar","11","DissimilarControl","increase","decrease","increase-decrease","",""
"472","5607080ed7def20012b733c3","control_MaxMatch_Positive_Concrete","51","MaxMatch","human","female","human-female","ConcreteMatch","PositiveMatch"
"473","5607080ed7def20012b733c3","control_Similar","99","SimilarControl","speak","talk","speak-talk","",""
"474","5607080ed7def20012b733c3","test_ValenceMatch_Negative","0","ValenceMatchingOnly","awful","thorny","awful-thorny","AbstractMismatch","NegativeMatch"
"475","5607080ed7def20012b733c3","test_ValenceMatch_Positive","0","ValenceMatchingOnly","human","honest","human-honest","ConcreteMismatch","PositiveMatch"
"476","5607080ed7def20012b733c3","control_MaxMatch_Negative_Concrete","16","MaxMatch","freezing","bloody","freezing-bloody","ConcreteMatch","NegativeMatch"
"477","5607080ed7def20012b733c3","control_MaxMatch_Negative_Abstract","15","MaxMatch","heartless","stupid","heartless-stupid","AbstractMatch","NegativeMatch"
"478","5607080ed7def20012b733c3","test_ConceptualMatch_Abstract","0","ConceptualMatchingOnly","soulless","honest","soulless-honest","ConceptualMatch:abstract","NegativeMismatch"
"479","5607080ed7def20012b733c3","control_MaxMismatch","0","MaxMismatch","thankful","hairy","thankful-hairy","AbstractMismatch","PositiveMismatch"
"480","5607080ed7def20012b733c3","control_MaxMatch_Positive_Abstract","61","MaxMatch","honest","mindful","honest-mindful","AbstractMatch","PositiveMatch"
"481","5607080ed7def20012b733c3","test_ConceptualMatch_Concrete","0","ConceptualMatchingOnly","blooming","toothless","blooming-toothless","ConceptualMatch:concrete","PositiveMismatch"
"482","5607080ed7def20012b733c3","control_Dissimilar","2","DissimilarControl","come","go","come-go","",""
"483","5607080ed7def20012b733c3","control_Similar","99","SimilarControl","need","require","need-require","",""
"484","5607080ed7def20012b733c3","control_Dissimilar","0","DissimilarControl","begin","end","begin-end","",""
"485","5607080ed7def20012b733c3","control_MaxMatch_Positive_Concrete","70","MaxMatch","sunny","lilac","sunny-lilac","ConcreteMatch","PositiveMatch"
"486","5607080ed7def20012b733c3","control_Similar","74","SimilarControl","use","employ","use-employ","",""
"487","5607080ed7def20012b733c3","test_ValenceMatch_Negative","31","ValenceMatchingOnly","evil","wrinkled","evil-wrinkled","AbstractMismatch","NegativeMatch"
"488","5607080ed7def20012b733c3","test_ValenceMatch_Positive","20","ValenceMatchingOnly","human","pleasant","human-pleasant","ConcreteMismatch","PositiveMatch"
"489","5607080ed7def20012b733c3","control_MaxMatch_Negative_Concrete","0","MaxMatch","dirty","freezing","dirty-freezing","ConcreteMatch","NegativeMatch"
"490","5607080ed7def20012b733c3","control_MaxMatch_Negative_Abstract","27","MaxMatch","evil","crappy","evil-crappy","AbstractMatch","NegativeMatch"
"491","5607080ed7def20012b733c3","test_ConceptualMatch_Abstract","0","ConceptualMatchingOnly","stupid","splendid","stupid-splendid","ConceptualMatch:abstract","NegativeMismatch"
"492","5607080ed7def20012b733c3","control_MaxMismatch","0","MaxMismatch","divine","toothless","divine-toothless","AbstractMismatch","PositiveMismatch"
"493","5607080ed7def20012b733c3","control_MaxMatch_Positive_Abstract","82","MaxMatch","possible","pleasant","possible-pleasant","AbstractMatch","PositiveMatch"
"494","5607080ed7def20012b733c3","test_ConceptualMatch_Concrete","0","ConceptualMatchingOnly","female","toothless","female-toothless","ConceptualMatch:concrete","PositiveMismatch"
"495","5607080ed7def20012b733c3","control_Dissimilar","0","DissimilarControl","enter","exit","enter-exit","",""
"496","5607080ed7def20012b733c3","control_Similar","99","SimilarControl","buy","purchase","buy-purchase","",""
"497","5607080ed7def20012b733c3","control_Dissimilar","0","DissimilarControl","add","remove","add-remove","",""
"498","5607080ed7def20012b733c3","control_MaxMatch_Positive_Concrete","0","MaxMatch","starry","pregnant","starry-pregnant","ConcreteMatch","PositiveMatch"
"499","5607080ed7def20012b733c3","control_Similar","99","SimilarControl","show","display","show-display","",""
"500","5607080ed7def20012b733c3","test_ValenceMatch_Negative","0","ValenceMatchingOnly","disloyal","wrinkled","disloyal-wrinkled","AbstractMismatch","NegativeMatch"
"501","5607080ed7def20012b733c3","test_ValenceMatch_Positive","0","ValenceMatchingOnly","sunny","helpful","sunny-helpful","ConcreteMismatch","PositiveMatch"
"502","5607080ed7def20012b733c3","control_MaxMatch_Negative_Concrete","0","MaxMatch","headless","wrinkled","headless-wrinkled","ConcreteMatch","NegativeMatch"
"503","5607080ed7def20012b733c3","control_MaxMatch_Negative_Abstract","23","MaxMatch","worthless","crappy","worthless-crappy","AbstractMatch","NegativeMatch"
"504","5607080ed7def20012b733c3","test_ConceptualMatch_Abstract","0","ConceptualMatchingOnly","soulless","helpful","soulless-helpful","ConceptualMatch:abstract","NegativeMismatch"
"505","5607080ed7def20012b733c3","control_MaxMismatch","0","MaxMismatch","helpful","rusted","helpful-rusted","AbstractMismatch","PositiveMismatch"
"506","5607080ed7def20012b733c3","control_MaxMatch_Positive_Abstract","64","MaxMatch","pleasant","helpful","pleasant-helpful","AbstractMatch","PositiveMatch"
"507","5607080ed7def20012b733c3","test_ConceptualMatch_Concrete","0","ConceptualMatchingOnly","sunny","thorny","sunny-thorny","ConceptualMatch:concrete","PositiveMismatch"
"508","5607080ed7def20012b733c3","control_Dissimilar","0","DissimilarControl","push","pull","push-pull","",""
"509","5607080ed7def20012b733c3","control_Similar","99","SimilarControl","begin","start","begin-start","",""
"510","5607080ed7def20012b733c3","control_Dissimilar","0","DissimilarControl","rise","fall","rise-fall","",""
"511","5607080ed7def20012b733c3","control_MaxMatch_Positive_Concrete","54","MaxMatch","female","newborn","female-newborn","ConcreteMatch","PositiveMatch"
"512","5607080ed7def20012b733c3","control_Similar","99","SimilarControl","help","assist","help-assist","",""
"513","5607080ed7def20012b733c3","test_ValenceMatch_Negative","0","ValenceMatchingOnly","soulless","thorny","soulless-thorny","AbstractMismatch","NegativeMatch"
"514","5607080ed7def20012b733c3","test_ValenceMatch_Positive","0","ValenceMatchingOnly","newborn","possible","newborn-possible","ConcreteMismatch","PositiveMatch"
"515","5607080ed7def20012b733c3","control_MaxMatch_Negative_Concrete","99","MaxMatch","bloodshot","bloody","bloodshot-bloody","ConcreteMatch","NegativeMatch"
"516","5607080ed7def20012b733c3","control_MaxMatch_Negative_Abstract","99","MaxMatch","evil","sexist","evil-sexist","AbstractMatch","NegativeMatch"
"517","5607080ed7def20012b733c3","test_ConceptualMatch_Abstract","0","ConceptualMatchingOnly","disloyal","pleasant","disloyal-pleasant","ConceptualMatch:abstract","NegativeMismatch"
"518","5607080ed7def20012b733c3","control_MaxMismatch","0","MaxMismatch","divine","headless","divine-headless","AbstractMismatch","PositiveMismatch"
"519","5607080ed7def20012b733c3","control_MaxMatch_Positive_Abstract","48","MaxMatch","honest","lovable","honest-lovable","AbstractMatch","PositiveMatch"
"520","5607080ed7def20012b733c3","test_ConceptualMatch_Concrete","0","ConceptualMatchingOnly","newborn","dirty","newborn-dirty","ConceptualMatch:concrete","PositiveMismatch"
"521","6724260700cede758eb0c062","control_Dissimilar","3","DissimilarControl","enter","exit","enter-exit","",""
"522","6724260700cede758eb0c062","control_Similar","99","SimilarControl","get","obtain","get-obtain","",""
"523","6724260700cede758eb0c062","test_ValenceMatch_Negative","0","ValenceMatchingOnly","worthless","headless","worthless-headless","AbstractMismatch","NegativeMatch"
"524","6724260700cede758eb0c062","test_ConceptualMatch_Concrete","0","ConceptualMatchingOnly","newborn","dirty","newborn-dirty","ConceptualMatch:concrete","PositiveMismatch"
"525","6724260700cede758eb0c062","test_ValenceMatch_Positive","84","ValenceMatchingOnly","female","honest","female-honest","ConcreteMismatch","PositiveMatch"
"526","6724260700cede758eb0c062","control_Dissimilar","0","DissimilarControl","add","remove","add-remove","",""
"527","6724260700cede758eb0c062","control_Similar","99","SimilarControl","use","employ","use-employ","",""
"528","6724260700cede758eb0c062","control_MaxMatch_Positive_Abstract","71","MaxMatch","possible","pleasant","possible-pleasant","AbstractMatch","PositiveMatch"
"529","6724260700cede758eb0c062","control_MaxMismatch","0","MaxMismatch","thankful","hairy","thankful-hairy","AbstractMismatch","PositiveMismatch"
"530","6724260700cede758eb0c062","test_ConceptualMatch_Abstract","0","ConceptualMatchingOnly","soulless","honest","soulless-honest","ConceptualMatch:abstract","NegativeMismatch"
"531","6724260700cede758eb0c062","control_MaxMatch_Negative_Abstract","99","MaxMatch","worthless","evil","worthless-evil","AbstractMatch","NegativeMatch"
"532","6724260700cede758eb0c062","control_MaxMatch_Negative_Concrete","0","MaxMatch","headless","rusted","headless-rusted","ConcreteMatch","NegativeMatch"
"533","6724260700cede758eb0c062","control_MaxMatch_Positive_Concrete","48","MaxMatch","newborn","pregnant","newborn-pregnant","ConcreteMatch","PositiveMatch"
"534","6724260700cede758eb0c062","control_Dissimilar","0","DissimilarControl","open","close","open-close","",""
"535","6724260700cede758eb0c062","control_Similar","99","SimilarControl","end","finish","end-finish","",""
"536","6724260700cede758eb0c062","test_ValenceMatch_Negative","16","ValenceMatchingOnly","stupid","dirty","stupid-dirty","AbstractMismatch","NegativeMatch"
"537","6724260700cede758eb0c062","test_ConceptualMatch_Concrete","0","ConceptualMatchingOnly","pregnant","rusted","pregnant-rusted","ConceptualMatch:concrete","PositiveMismatch"
"538","6724260700cede758eb0c062","test_ValenceMatch_Positive","40","ValenceMatchingOnly","orange","pleasant","orange-pleasant","ConcreteMismatch","PositiveMatch"
"539","6724260700cede758eb0c062","control_Dissimilar","0","DissimilarControl","give","take","give-take","",""
"540","6724260700cede758eb0c062","control_Similar","99","SimilarControl","help","assist","help-assist","",""
"541","6724260700cede758eb0c062","control_MaxMatch_Positive_Abstract","99","MaxMatch","lovable","pleasant","lovable-pleasant","AbstractMatch","PositiveMatch"
"542","6724260700cede758eb0c062","control_MaxMismatch","0","MaxMismatch","splendid","rusted","splendid-rusted","AbstractMismatch","PositiveMismatch"
"543","6724260700cede758eb0c062","test_ConceptualMatch_Abstract","0","ConceptualMatchingOnly","crappy","splendid","crappy-splendid","ConceptualMatch:abstract","NegativeMismatch"
"544","6724260700cede758eb0c062","control_MaxMatch_Negative_Abstract","98","MaxMatch","awful","soulless","awful-soulless","AbstractMatch","NegativeMatch"
"545","6724260700cede758eb0c062","control_MaxMatch_Negative_Concrete","30","MaxMatch","rusted","wrinkled","rusted-wrinkled","ConcreteMatch","NegativeMatch"
"546","6724260700cede758eb0c062","control_MaxMatch_Positive_Concrete","21","MaxMatch","orange","handmade","orange-handmade","ConcreteMatch","PositiveMatch"
"547","6724260700cede758eb0c062","control_Dissimilar","0","DissimilarControl","increase","decrease","increase-decrease","",""
"548","6724260700cede758eb0c062","control_Similar","98","SimilarControl","begin","start","begin-start","",""
"549","6724260700cede758eb0c062","test_ValenceMatch_Negative","78","ValenceMatchingOnly","sinful","thorny","sinful-thorny","AbstractMismatch","NegativeMatch"
"550","6724260700cede758eb0c062","test_ConceptualMatch_Concrete","2","ConceptualMatchingOnly","female","bloody","female-bloody","ConceptualMatch:concrete","PositiveMismatch"
"551","6724260700cede758eb0c062","test_ValenceMatch_Positive","96","ValenceMatchingOnly","starry","splendid","starry-splendid","ConcreteMismatch","PositiveMatch"
"552","6724260700cede758eb0c062","control_Dissimilar","4","DissimilarControl","push","pull","push-pull","",""
"553","6724260700cede758eb0c062","control_Similar","96","SimilarControl","ask","inquire","ask-inquire","",""
"554","6724260700cede758eb0c062","control_MaxMatch_Positive_Abstract","99","MaxMatch","splendid","pleasant","splendid-pleasant","AbstractMatch","PositiveMatch"
"555","6724260700cede758eb0c062","control_MaxMismatch","0","MaxMismatch","mindful","wrinkled","mindful-wrinkled","AbstractMismatch","PositiveMismatch"
"556","6724260700cede758eb0c062","test_ConceptualMatch_Abstract","0","ConceptualMatchingOnly","awful","sensible","awful-sensible","ConceptualMatch:abstract","NegativeMismatch"
"557","6724260700cede758eb0c062","control_MaxMatch_Negative_Abstract","33","MaxMatch","sexist","sinful","sexist-sinful","AbstractMatch","NegativeMatch"
"558","6724260700cede758eb0c062","control_MaxMatch_Negative_Concrete","69","MaxMatch","hairy","dirty","hairy-dirty","ConcreteMatch","NegativeMatch"
"559","6724260700cede758eb0c062","control_MaxMatch_Positive_Concrete","99","MaxMatch","human","newborn","human-newborn","ConcreteMatch","PositiveMatch"
"560","6724260700cede758eb0c062","control_Dissimilar","0","DissimilarControl","rise","fall","rise-fall","",""
"561","6724260700cede758eb0c062","control_Similar","99","SimilarControl","show","display","show-display","",""
"562","6724260700cede758eb0c062","test_ValenceMatch_Negative","26","ValenceMatchingOnly","heartless","freezing","heartless-freezing","AbstractMismatch","NegativeMatch"
"563","6724260700cede758eb0c062","test_ConceptualMatch_Concrete","28","ConceptualMatchingOnly","orange","bloodshot","orange-bloodshot","ConceptualMatch:concrete","PositiveMismatch"
"564","6724260700cede758eb0c062","test_ValenceMatch_Positive","85","ValenceMatchingOnly","starry","thankful","starry-thankful","ConcreteMismatch","PositiveMatch"
"565","6724260700cede758eb0c062","control_Dissimilar","3","DissimilarControl","begin","end","begin-end","",""
"566","6724260700cede758eb0c062","control_Similar","99","SimilarControl","need","require","need-require","",""
"567","6724260700cede758eb0c062","control_MaxMatch_Positive_Abstract","99","MaxMatch","possible","mindful","possible-mindful","AbstractMatch","PositiveMatch"
"568","6724260700cede758eb0c062","control_MaxMismatch","5","MaxMismatch","sensible","wrinkled","sensible-wrinkled","AbstractMismatch","PositiveMismatch"
"569","6724260700cede758eb0c062","test_ConceptualMatch_Abstract","0","ConceptualMatchingOnly","sinful","splendid","sinful-splendid","ConceptualMatch:abstract","NegativeMismatch"
"570","6724260700cede758eb0c062","control_MaxMatch_Negative_Abstract","69","MaxMatch","stupid","disloyal","stupid-disloyal","AbstractMatch","NegativeMatch"
"571","6724260700cede758eb0c062","control_MaxMatch_Negative_Concrete","63","MaxMatch","headless","dirty","headless-dirty","ConcreteMatch","NegativeMatch"
"572","6724260700cede758eb0c062","control_MaxMatch_Positive_Concrete","0","MaxMatch","newborn","orange","newborn-orange","ConcreteMatch","PositiveMatch"
"573","6724260700cede758eb0c062","control_Dissimilar","0","DissimilarControl","come","go","come-go","",""
"574","6724260700cede758eb0c062","control_Similar","99","SimilarControl","speak","talk","speak-talk","",""
"575","6724260700cede758eb0c062","test_ValenceMatch_Negative","0","ValenceMatchingOnly","sexist","bloodshot","sexist-bloodshot","AbstractMismatch","NegativeMatch"
"576","6724260700cede758eb0c062","test_ConceptualMatch_Concrete","0","ConceptualMatchingOnly","sunny","dirty","sunny-dirty","ConceptualMatch:concrete","PositiveMismatch"
"577","6724260700cede758eb0c062","test_ValenceMatch_Positive","92","ValenceMatchingOnly","starry","divine","starry-divine","ConcreteMismatch","PositiveMatch"
"578","6724260700cede758eb0c062","control_Dissimilar","0","DissimilarControl","arrive","leave","arrive-leave","",""
"579","6724260700cede758eb0c062","control_Similar","99","SimilarControl","buy","purchase","buy-purchase","",""
"580","6724260700cede758eb0c062","control_MaxMatch_Positive_Abstract","86","MaxMatch","lovable","possible","lovable-possible","AbstractMatch","PositiveMatch"
"581","6724260700cede758eb0c062","control_MaxMismatch","21","MaxMismatch","possible","dirty","possible-dirty","AbstractMismatch","PositiveMismatch"
"582","6724260700cede758eb0c062","test_ConceptualMatch_Abstract","0","ConceptualMatchingOnly","soulless","sensible","soulless-sensible","ConceptualMatch:abstract","NegativeMismatch"
"583","6724260700cede758eb0c062","control_MaxMatch_Negative_Abstract","21","MaxMatch","sexist","crappy","sexist-crappy","AbstractMatch","NegativeMatch"
"584","6724260700cede758eb0c062","control_MaxMatch_Negative_Concrete","14","MaxMatch","thorny","freezing","thorny-freezing","ConcreteMatch","NegativeMatch"
"585","6724260700cede758eb0c062","control_MaxMatch_Positive_Concrete","99","MaxMatch","human","female","human-female","ConcreteMatch","PositiveMatch"
"586","5d8d12f6d88e3a00142c9751","control_Dissimilar","0","DissimilarControl","rise","fall","rise-fall","",""
"587","5d8d12f6d88e3a00142c9751","control_Similar","97","SimilarControl","end","finish","end-finish","",""
"588","5d8d12f6d88e3a00142c9751","control_MaxMatch_Positive_Abstract","48","MaxMatch","splendid","mindful","splendid-mindful","AbstractMatch","PositiveMatch"
"589","5d8d12f6d88e3a00142c9751","control_Dissimilar","9","DissimilarControl","come","go","come-go","",""
"590","5d8d12f6d88e3a00142c9751","control_MaxMismatch","1","MaxMismatch","thankful","freezing","thankful-freezing","AbstractMismatch","PositiveMismatch"
"591","5d8d12f6d88e3a00142c9751","control_Similar","99","SimilarControl","buy","purchase","buy-purchase","",""
"592","5d8d12f6d88e3a00142c9751","test_ConceptualMatch_Concrete","0","ConceptualMatchingOnly","newborn","headless","newborn-headless","ConceptualMatch:concrete","PositiveMismatch"
"593","5d8d12f6d88e3a00142c9751","control_MaxMatch_Negative_Abstract","93","MaxMatch","soulless","heartless","soulless-heartless","AbstractMatch","NegativeMatch"
"594","5d8d12f6d88e3a00142c9751","test_ConceptualMatch_Abstract","0","ConceptualMatchingOnly","heartless","divine","heartless-divine","ConceptualMatch:abstract","NegativeMismatch"
"595","5d8d12f6d88e3a00142c9751","test_ValenceMatch_Positive","16","ValenceMatchingOnly","human","possible","human-possible","ConcreteMismatch","PositiveMatch"
"596","5d8d12f6d88e3a00142c9751","control_MaxMatch_Positive_Concrete","12","MaxMatch","human","starry","human-starry","ConcreteMatch","PositiveMatch"
"597","5d8d12f6d88e3a00142c9751","control_MaxMatch_Negative_Concrete","48","MaxMatch","bloodshot","rusted","bloodshot-rusted","ConcreteMatch","NegativeMatch"
"598","5d8d12f6d88e3a00142c9751","test_ValenceMatch_Negative","83","ValenceMatchingOnly","awful","bloody","awful-bloody","AbstractMismatch","NegativeMatch"
"599","5d8d12f6d88e3a00142c9751","control_Dissimilar","0","DissimilarControl","arrive","leave","arrive-leave","",""
"600","5d8d12f6d88e3a00142c9751","control_Similar","99","SimilarControl","begin","start","begin-start","",""
"601","5d8d12f6d88e3a00142c9751","control_MaxMatch_Positive_Abstract","47","MaxMatch","lovable","helpful","lovable-helpful","AbstractMatch","PositiveMatch"
"602","5d8d12f6d88e3a00142c9751","control_Dissimilar","0","DissimilarControl","open","close","open-close","",""
"603","5d8d12f6d88e3a00142c9751","control_MaxMismatch","3","MaxMismatch","sensible","rusted","sensible-rusted","AbstractMismatch","PositiveMismatch"
"604","5d8d12f6d88e3a00142c9751","control_Similar","99","SimilarControl","ask","inquire","ask-inquire","",""
"605","5d8d12f6d88e3a00142c9751","test_ConceptualMatch_Concrete","9","ConceptualMatchingOnly","female","wrinkled","female-wrinkled","ConceptualMatch:concrete","PositiveMismatch"
"606","5d8d12f6d88e3a00142c9751","control_MaxMatch_Negative_Abstract","88","MaxMatch","soulless","sinful","soulless-sinful","AbstractMatch","NegativeMatch"
"607","5d8d12f6d88e3a00142c9751","test_ConceptualMatch_Abstract","14","ConceptualMatchingOnly","evil","sensible","evil-sensible","ConceptualMatch:abstract","NegativeMismatch"
"608","5d8d12f6d88e3a00142c9751","test_ValenceMatch_Positive","11","ValenceMatchingOnly","human","splendid","human-splendid","ConcreteMismatch","PositiveMatch"
"609","5d8d12f6d88e3a00142c9751","control_MaxMatch_Positive_Concrete","7","MaxMatch","lilac","starry","lilac-starry","ConcreteMatch","PositiveMatch"
"610","5d8d12f6d88e3a00142c9751","control_MaxMatch_Negative_Concrete","5","MaxMatch","toothless","hairy","toothless-hairy","ConcreteMatch","NegativeMatch"
"611","5d8d12f6d88e3a00142c9751","test_ValenceMatch_Negative","87","ValenceMatchingOnly","stupid","headless","stupid-headless","AbstractMismatch","NegativeMatch"
"612","5d8d12f6d88e3a00142c9751","control_Dissimilar","0","DissimilarControl","push","pull","push-pull","",""
"613","5d8d12f6d88e3a00142c9751","control_Similar","99","SimilarControl","help","assist","help-assist","",""
"614","5d8d12f6d88e3a00142c9751","control_MaxMatch_Positive_Abstract","50","MaxMatch","possible","mindful","possible-mindful","AbstractMatch","PositiveMatch"
"615","5d8d12f6d88e3a00142c9751","control_Dissimilar","0","DissimilarControl","begin","end","begin-end","",""
"616","5d8d12f6d88e3a00142c9751","control_MaxMismatch","0","MaxMismatch","divine","freezing","divine-freezing","AbstractMismatch","PositiveMismatch"
"617","5d8d12f6d88e3a00142c9751","control_Similar","99","SimilarControl","use","employ","use-employ","",""
"618","5d8d12f6d88e3a00142c9751","test_ConceptualMatch_Concrete","64","ConceptualMatchingOnly","blooming","thorny","blooming-thorny","ConceptualMatch:concrete","PositiveMismatch"
"619","5d8d12f6d88e3a00142c9751","control_MaxMatch_Negative_Abstract","48","MaxMatch","worthless","sexist","worthless-sexist","AbstractMatch","NegativeMatch"
"620","5d8d12f6d88e3a00142c9751","test_ConceptualMatch_Abstract","1","ConceptualMatchingOnly","soulless","sensible","soulless-sensible","ConceptualMatch:abstract","NegativeMismatch"
"621","5d8d12f6d88e3a00142c9751","test_ValenceMatch_Positive","45","ValenceMatchingOnly","lilac","pleasant","lilac-pleasant","ConcreteMismatch","PositiveMatch"
"622","5d8d12f6d88e3a00142c9751","control_MaxMatch_Positive_Concrete","46","MaxMatch","human","pregnant","human-pregnant","ConcreteMatch","PositiveMatch"
"623","5d8d12f6d88e3a00142c9751","control_MaxMatch_Negative_Concrete","11","MaxMatch","rusted","bloody","rusted-bloody","ConcreteMatch","NegativeMatch"
"624","5d8d12f6d88e3a00142c9751","test_ValenceMatch_Negative","3","ValenceMatchingOnly","stupid","freezing","stupid-freezing","AbstractMismatch","NegativeMatch"
"625","5d8d12f6d88e3a00142c9751","control_Dissimilar","0","DissimilarControl","enter","exit","enter-exit","",""
"626","5d8d12f6d88e3a00142c9751","control_Similar","92","SimilarControl","show","display","show-display","",""
"627","5d8d12f6d88e3a00142c9751","control_MaxMatch_Positive_Abstract","83","MaxMatch","pleasant","helpful","pleasant-helpful","AbstractMatch","PositiveMatch"
"628","5d8d12f6d88e3a00142c9751","control_Dissimilar","0","DissimilarControl","increase","decrease","increase-decrease","",""
"629","5d8d12f6d88e3a00142c9751","control_MaxMismatch","4","MaxMismatch","divine","thorny","divine-thorny","AbstractMismatch","PositiveMismatch"
"630","5d8d12f6d88e3a00142c9751","control_Similar","99","SimilarControl","need","require","need-require","",""
"631","5d8d12f6d88e3a00142c9751","test_ConceptualMatch_Concrete","11","ConceptualMatchingOnly","human","bloodshot","human-bloodshot","ConceptualMatch:concrete","PositiveMismatch"
"632","5d8d12f6d88e3a00142c9751","control_MaxMatch_Negative_Abstract","49","MaxMatch","sexist","stupid","sexist-stupid","AbstractMatch","NegativeMatch"
"633","5d8d12f6d88e3a00142c9751","test_ConceptualMatch_Abstract","5","ConceptualMatchingOnly","soulless","splendid","soulless-splendid","ConceptualMatch:abstract","NegativeMismatch"
"634","5d8d12f6d88e3a00142c9751","test_ValenceMatch_Positive","6","ValenceMatchingOnly","pregnant","splendid","pregnant-splendid","ConcreteMismatch","PositiveMatch"
"635","5d8d12f6d88e3a00142c9751","control_MaxMatch_Positive_Concrete","0","MaxMatch","newborn","handmade","newborn-handmade","ConcreteMatch","PositiveMatch"
"636","5d8d12f6d88e3a00142c9751","control_MaxMatch_Negative_Concrete","0","MaxMatch","freezing","bloody","freezing-bloody","ConcreteMatch","NegativeMatch"
"637","5d8d12f6d88e3a00142c9751","test_ValenceMatch_Negative","46","ValenceMatchingOnly","awful","freezing","awful-freezing","AbstractMismatch","NegativeMatch"
"638","5d8d12f6d88e3a00142c9751","control_Dissimilar","0","DissimilarControl","give","take","give-take","",""
"639","5d8d12f6d88e3a00142c9751","control_Similar","99","SimilarControl","speak","talk","speak-talk","",""
"640","5d8d12f6d88e3a00142c9751","control_MaxMatch_Positive_Abstract","55","MaxMatch","thankful","divine","thankful-divine","AbstractMatch","PositiveMatch"
"641","5d8d12f6d88e3a00142c9751","control_Dissimilar","0","DissimilarControl","add","remove","add-remove","",""
"642","5d8d12f6d88e3a00142c9751","control_MaxMismatch","0","MaxMismatch","lovable","wrinkled","lovable-wrinkled","AbstractMismatch","PositiveMismatch"
"643","5d8d12f6d88e3a00142c9751","control_Similar","99","SimilarControl","get","obtain","get-obtain","",""
"644","5d8d12f6d88e3a00142c9751","test_ConceptualMatch_Concrete","0","ConceptualMatchingOnly","orange","wrinkled","orange-wrinkled","ConceptualMatch:concrete","PositiveMismatch"
"645","5d8d12f6d88e3a00142c9751","control_MaxMatch_Negative_Abstract","81","MaxMatch","worthless","heartless","worthless-heartless","AbstractMatch","NegativeMatch"
"646","5d8d12f6d88e3a00142c9751","test_ConceptualMatch_Abstract","0","ConceptualMatchingOnly","crappy","divine","crappy-divine","ConceptualMatch:abstract","NegativeMismatch"
"647","5d8d12f6d88e3a00142c9751","test_ValenceMatch_Positive","0","ValenceMatchingOnly","lilac","lovable","lilac-lovable","ConcreteMismatch","PositiveMatch"
"648","5d8d12f6d88e3a00142c9751","control_MaxMatch_Positive_Concrete","0","MaxMatch","orange","starry","orange-starry","ConcreteMatch","PositiveMatch"
"649","5d8d12f6d88e3a00142c9751","control_MaxMatch_Negative_Concrete","0","MaxMatch","toothless","freezing","toothless-freezing","ConcreteMatch","NegativeMatch"
"650","5d8d12f6d88e3a00142c9751","test_ValenceMatch_Negative","0","ValenceMatchingOnly","evil","hairy","evil-hairy","AbstractMismatch","NegativeMatch"
"651","60cb3c4b9454f7a196355088","control_Dissimilar","0","DissimilarControl","begin","end","begin-end","",""
"652","60cb3c4b9454f7a196355088","control_Similar","99","SimilarControl","help","assist","help-assist","",""
"653","60cb3c4b9454f7a196355088","control_Dissimilar","0","DissimilarControl","arrive","leave","arrive-leave","",""
"654","60cb3c4b9454f7a196355088","test_ConceptualMatch_Concrete","0","ConceptualMatchingOnly","pregnant","bloodshot","pregnant-bloodshot","ConceptualMatch:concrete","PositiveMismatch"
"655","60cb3c4b9454f7a196355088","control_MaxMatch_Positive_Concrete","0","MaxMatch","sunny","female","sunny-female","ConcreteMatch","PositiveMatch"
"656","60cb3c4b9454f7a196355088","control_Similar","99","SimilarControl","speak","talk","speak-talk","",""
"657","60cb3c4b9454f7a196355088","control_MaxMatch_Negative_Abstract","0","MaxMatch","evil","sexist","evil-sexist","AbstractMatch","NegativeMatch"
"658","60cb3c4b9454f7a196355088","control_MaxMatch_Positive_Abstract","0","MaxMatch","lovable","possible","lovable-possible","AbstractMatch","PositiveMatch"
"659","60cb3c4b9454f7a196355088","test_ValenceMatch_Positive","11","ValenceMatchingOnly","lilac","mindful","lilac-mindful","ConcreteMismatch","PositiveMatch"
"660","60cb3c4b9454f7a196355088","control_MaxMismatch","0","MaxMismatch","possible","rusted","possible-rusted","AbstractMismatch","PositiveMismatch"
"661","60cb3c4b9454f7a196355088","test_ConceptualMatch_Abstract","0","ConceptualMatchingOnly","soulless","mindful","soulless-mindful","ConceptualMatch:abstract","NegativeMismatch"
"662","60cb3c4b9454f7a196355088","test_ValenceMatch_Negative","0","ValenceMatchingOnly","soulless","freezing","soulless-freezing","AbstractMismatch","NegativeMatch"
"663","60cb3c4b9454f7a196355088","control_MaxMatch_Negative_Concrete","0","MaxMatch","toothless","bloody","toothless-bloody","ConcreteMatch","NegativeMatch"
"664","60cb3c4b9454f7a196355088","control_Dissimilar","0","DissimilarControl","open","close","open-close","",""
"665","60cb3c4b9454f7a196355088","control_Similar","99","SimilarControl","buy","purchase","buy-purchase","",""
"666","60cb3c4b9454f7a196355088","control_Dissimilar","75","DissimilarControl","give","take","give-take","",""
"667","60cb3c4b9454f7a196355088","test_ConceptualMatch_Concrete","0","ConceptualMatchingOnly","female","dirty","female-dirty","ConceptualMatch:concrete","PositiveMismatch"
"668","60cb3c4b9454f7a196355088","control_MaxMatch_Positive_Concrete","72","MaxMatch","lilac","blooming","lilac-blooming","ConcreteMatch","PositiveMatch"
"669","60cb3c4b9454f7a196355088","control_Similar","99","SimilarControl","get","obtain","get-obtain","",""
"670","60cb3c4b9454f7a196355088","control_MaxMatch_Negative_Abstract","23","MaxMatch","soulless","sinful","soulless-sinful","AbstractMatch","NegativeMatch"
"671","60cb3c4b9454f7a196355088","control_MaxMatch_Positive_Abstract","0","MaxMatch","splendid","possible","splendid-possible","AbstractMatch","PositiveMatch"
"672","60cb3c4b9454f7a196355088","test_ValenceMatch_Positive","10","ValenceMatchingOnly","newborn","honest","newborn-honest","ConcreteMismatch","PositiveMatch"
"673","60cb3c4b9454f7a196355088","control_MaxMismatch","0","MaxMismatch","thankful","wrinkled","thankful-wrinkled","AbstractMismatch","PositiveMismatch"
"674","60cb3c4b9454f7a196355088","test_ConceptualMatch_Abstract","0","ConceptualMatchingOnly","awful","lovable","awful-lovable","ConceptualMatch:abstract","NegativeMismatch"
"675","60cb3c4b9454f7a196355088","test_ValenceMatch_Negative","0","ValenceMatchingOnly","evil","bloodshot","evil-bloodshot","AbstractMismatch","NegativeMatch"
"676","60cb3c4b9454f7a196355088","control_MaxMatch_Negative_Concrete","0","MaxMatch","bloodshot","thorny","bloodshot-thorny","ConcreteMatch","NegativeMatch"
"677","60cb3c4b9454f7a196355088","control_Dissimilar","0","DissimilarControl","push","pull","push-pull","",""
"678","60cb3c4b9454f7a196355088","control_Similar","99","SimilarControl","ask","inquire","ask-inquire","",""
"679","60cb3c4b9454f7a196355088","control_Dissimilar","0","DissimilarControl","add","remove","add-remove","",""
"680","60cb3c4b9454f7a196355088","test_ConceptualMatch_Concrete","0","ConceptualMatchingOnly","pregnant","bloody","pregnant-bloody","ConceptualMatch:concrete","PositiveMismatch"
"681","60cb3c4b9454f7a196355088","control_MaxMatch_Positive_Concrete","0","MaxMatch","orange","starry","orange-starry","ConcreteMatch","PositiveMatch"
"682","60cb3c4b9454f7a196355088","control_Similar","99","SimilarControl","show","display","show-display","",""
"683","60cb3c4b9454f7a196355088","control_MaxMatch_Negative_Abstract","0","MaxMatch","evil","stupid","evil-stupid","AbstractMatch","NegativeMatch"
"684","60cb3c4b9454f7a196355088","control_MaxMatch_Positive_Abstract","64","MaxMatch","splendid","sensible","splendid-sensible","AbstractMatch","PositiveMatch"
"685","60cb3c4b9454f7a196355088","test_ValenceMatch_Positive","39","ValenceMatchingOnly","blooming","sensible","blooming-sensible","ConcreteMismatch","PositiveMatch"
"686","60cb3c4b9454f7a196355088","control_MaxMismatch","0","MaxMismatch","splendid","wrinkled","splendid-wrinkled","AbstractMismatch","PositiveMismatch"
"687","60cb3c4b9454f7a196355088","test_ConceptualMatch_Abstract","0","ConceptualMatchingOnly","evil","mindful","evil-mindful","ConceptualMatch:abstract","NegativeMismatch"
"688","60cb3c4b9454f7a196355088","test_ValenceMatch_Negative","0","ValenceMatchingOnly","awful","toothless","awful-toothless","AbstractMismatch","NegativeMatch"
"689","60cb3c4b9454f7a196355088","control_MaxMatch_Negative_Concrete","57","MaxMatch","rusted","dirty","rusted-dirty","ConcreteMatch","NegativeMatch"
"690","60cb3c4b9454f7a196355088","control_Dissimilar","0","DissimilarControl","increase","decrease","increase-decrease","",""
"691","60cb3c4b9454f7a196355088","control_Similar","99","SimilarControl","begin","start","begin-start","",""
"692","60cb3c4b9454f7a196355088","control_Dissimilar","0","DissimilarControl","rise","fall","rise-fall","",""
"693","60cb3c4b9454f7a196355088","test_ConceptualMatch_Concrete","0","ConceptualMatchingOnly","handmade","thorny","handmade-thorny","ConceptualMatch:concrete","PositiveMismatch"
"694","60cb3c4b9454f7a196355088","control_MaxMatch_Positive_Concrete","0","MaxMatch","human","pregnant","human-pregnant","ConcreteMatch","PositiveMatch"
"695","60cb3c4b9454f7a196355088","control_Similar","61","SimilarControl","use","employ","use-employ","",""
"696","60cb3c4b9454f7a196355088","control_MaxMatch_Negative_Abstract","21","MaxMatch","crappy","sinful","crappy-sinful","AbstractMatch","NegativeMatch"
"697","60cb3c4b9454f7a196355088","control_MaxMatch_Positive_Abstract","53","MaxMatch","possible","helpful","possible-helpful","AbstractMatch","PositiveMatch"
"698","60cb3c4b9454f7a196355088","test_ValenceMatch_Positive","56","ValenceMatchingOnly","female","divine","female-divine","ConcreteMismatch","PositiveMatch"
"699","60cb3c4b9454f7a196355088","control_MaxMismatch","0","MaxMismatch","lovable","bloody","lovable-bloody","AbstractMismatch","PositiveMismatch"
"700","60cb3c4b9454f7a196355088","test_ConceptualMatch_Abstract","0","ConceptualMatchingOnly","sinful","divine","sinful-divine","ConceptualMatch:abstract","NegativeMismatch"
"701","60cb3c4b9454f7a196355088","test_ValenceMatch_Negative","0","ValenceMatchingOnly","heartless","hairy","heartless-hairy","AbstractMismatch","NegativeMatch"
"702","60cb3c4b9454f7a196355088","control_MaxMatch_Negative_Concrete","0","MaxMatch","headless","freezing","headless-freezing","ConcreteMatch","NegativeMatch"
"703","60cb3c4b9454f7a196355088","control_Dissimilar","0","DissimilarControl","enter","exit","enter-exit","",""
"704","60cb3c4b9454f7a196355088","control_Similar","72","SimilarControl","need","require","need-require","",""
"705","60cb3c4b9454f7a196355088","control_Dissimilar","86","DissimilarControl","come","go","come-go","",""
"706","60cb3c4b9454f7a196355088","test_ConceptualMatch_Concrete","0","ConceptualMatchingOnly","handmade","toothless","handmade-toothless","ConceptualMatch:concrete","PositiveMismatch"
"707","60cb3c4b9454f7a196355088","control_MaxMatch_Positive_Concrete","77","MaxMatch","sunny","blooming","sunny-blooming","ConcreteMatch","PositiveMatch"
"708","60cb3c4b9454f7a196355088","control_Similar","99","SimilarControl","end","finish","end-finish","",""
"709","60cb3c4b9454f7a196355088","control_MaxMatch_Negative_Abstract","39","MaxMatch","awful","soulless","awful-soulless","AbstractMatch","NegativeMatch"
"710","60cb3c4b9454f7a196355088","control_MaxMatch_Positive_Abstract","22","MaxMatch","lovable","mindful","lovable-mindful","AbstractMatch","PositiveMatch"
"711","60cb3c4b9454f7a196355088","test_ValenceMatch_Positive","0","ValenceMatchingOnly","sunny","thankful","sunny-thankful","ConcreteMismatch","PositiveMatch"
"712","60cb3c4b9454f7a196355088","control_MaxMismatch","0","MaxMismatch","lovable","thorny","lovable-thorny","AbstractMismatch","PositiveMismatch"
"713","60cb3c4b9454f7a196355088","test_ConceptualMatch_Abstract","0","ConceptualMatchingOnly","worthless","helpful","worthless-helpful","ConceptualMatch:abstract","NegativeMismatch"
"714","60cb3c4b9454f7a196355088","test_ValenceMatch_Negative","49","ValenceMatchingOnly","disloyal","rusted","disloyal-rusted","AbstractMismatch","NegativeMatch"
"715","60cb3c4b9454f7a196355088","control_MaxMatch_Negative_Concrete","0","MaxMatch","dirty","freezing","dirty-freezing","ConcreteMatch","NegativeMatch"
"716","5c2ab2de9136140001b90737","control_Similar","99","SimilarControl","speak","talk","speak-talk","",""
"717","5c2ab2de9136140001b90737","control_Dissimilar","0","DissimilarControl","increase","decrease","increase-decrease","",""
"718","5c2ab2de9136140001b90737","control_MaxMatch_Positive_Concrete","0","MaxMatch","newborn","handmade","newborn-handmade","ConcreteMatch","PositiveMatch"
"719","5c2ab2de9136140001b90737","control_Similar","99","SimilarControl","ask","inquire","ask-inquire","",""
"720","5c2ab2de9136140001b90737","control_MaxMatch_Negative_Abstract","19","MaxMatch","awful","stupid","awful-stupid","AbstractMatch","NegativeMatch"
"721","5c2ab2de9136140001b90737","test_ValenceMatch_Positive","0","ValenceMatchingOnly","blooming","thankful","blooming-thankful","ConcreteMismatch","PositiveMatch"
"722","5c2ab2de9136140001b90737","control_MaxMismatch","0","MaxMismatch","mindful","headless","mindful-headless","AbstractMismatch","PositiveMismatch"
"723","5c2ab2de9136140001b90737","test_ValenceMatch_Negative","0","ValenceMatchingOnly","awful","toothless","awful-toothless","AbstractMismatch","NegativeMatch"
"724","5c2ab2de9136140001b90737","control_Dissimilar","0","DissimilarControl","come","go","come-go","",""
"725","5c2ab2de9136140001b90737","control_MaxMatch_Positive_Abstract","99","MaxMatch","sensible","mindful","sensible-mindful","AbstractMatch","PositiveMatch"
"726","5c2ab2de9136140001b90737","control_MaxMatch_Negative_Concrete","0","MaxMatch","wrinkled","bloody","wrinkled-bloody","ConcreteMatch","NegativeMatch"
"727","5c2ab2de9136140001b90737","test_ConceptualMatch_Abstract","0","ConceptualMatchingOnly","crappy","lovable","crappy-lovable","ConceptualMatch:abstract","NegativeMismatch"
"728","5c2ab2de9136140001b90737","test_ConceptualMatch_Concrete","0","ConceptualMatchingOnly","pregnant","headless","pregnant-headless","ConceptualMatch:concrete","PositiveMismatch"
"729","5c2ab2de9136140001b90737","control_Similar","99","SimilarControl","get","obtain","get-obtain","",""
"730","5c2ab2de9136140001b90737","control_Dissimilar","0","DissimilarControl","begin","end","begin-end","",""
"731","5c2ab2de9136140001b90737","control_MaxMatch_Positive_Concrete","0","MaxMatch","sunny","pregnant","sunny-pregnant","ConcreteMatch","PositiveMatch"
"732","5c2ab2de9136140001b90737","control_Similar","99","SimilarControl","use","employ","use-employ","",""
"733","5c2ab2de9136140001b90737","control_MaxMatch_Negative_Abstract","88","MaxMatch","worthless","crappy","worthless-crappy","AbstractMatch","NegativeMatch"
"734","5c2ab2de9136140001b90737","test_ValenceMatch_Positive","6","ValenceMatchingOnly","human","splendid","human-splendid","ConcreteMismatch","PositiveMatch"
"735","5c2ab2de9136140001b90737","control_MaxMismatch","0","MaxMismatch","possible","wrinkled","possible-wrinkled","AbstractMismatch","PositiveMismatch"
"736","5c2ab2de9136140001b90737","test_ValenceMatch_Negative","0","ValenceMatchingOnly","soulless","wrinkled","soulless-wrinkled","AbstractMismatch","NegativeMatch"
"737","5c2ab2de9136140001b90737","control_Dissimilar","0","DissimilarControl","arrive","leave","arrive-leave","",""
"738","5c2ab2de9136140001b90737","control_MaxMatch_Positive_Abstract","0","MaxMatch","pleasant","divine","pleasant-divine","AbstractMatch","PositiveMatch"
"739","5c2ab2de9136140001b90737","control_MaxMatch_Negative_Concrete","0","MaxMatch","dirty","freezing","dirty-freezing","ConcreteMatch","NegativeMatch"
"740","5c2ab2de9136140001b90737","test_ConceptualMatch_Abstract","0","ConceptualMatchingOnly","heartless","splendid","heartless-splendid","ConceptualMatch:abstract","NegativeMismatch"
"741","5c2ab2de9136140001b90737","test_ConceptualMatch_Concrete","0","ConceptualMatchingOnly","sunny","toothless","sunny-toothless","ConceptualMatch:concrete","PositiveMismatch"
"742","5c2ab2de9136140001b90737","control_Similar","99","SimilarControl","buy","purchase","buy-purchase","",""
"743","5c2ab2de9136140001b90737","control_Dissimilar","0","DissimilarControl","rise","fall","rise-fall","",""
"744","5c2ab2de9136140001b90737","control_MaxMatch_Positive_Concrete","0","MaxMatch","lilac","handmade","lilac-handmade","ConcreteMatch","PositiveMatch"
"745","5c2ab2de9136140001b90737","control_Similar","93","SimilarControl","show","display","show-display","",""
"746","5c2ab2de9136140001b90737","control_MaxMatch_Negative_Abstract","99","MaxMatch","awful","crappy","awful-crappy","AbstractMatch","NegativeMatch"
"747","5c2ab2de9136140001b90737","test_ValenceMatch_Positive","0","ValenceMatchingOnly","human","thankful","human-thankful","ConcreteMismatch","PositiveMatch"
"748","5c2ab2de9136140001b90737","control_MaxMismatch","0","MaxMismatch","pleasant","freezing","pleasant-freezing","AbstractMismatch","PositiveMismatch"
"749","5c2ab2de9136140001b90737","test_ValenceMatch_Negative","0","ValenceMatchingOnly","sinful","headless","sinful-headless","AbstractMismatch","NegativeMatch"
"750","5c2ab2de9136140001b90737","control_Dissimilar","0","DissimilarControl","push","pull","push-pull","",""
"751","5c2ab2de9136140001b90737","control_MaxMatch_Positive_Abstract","0","MaxMatch","thankful","helpful","thankful-helpful","AbstractMatch","PositiveMatch"
"752","5c2ab2de9136140001b90737","control_MaxMatch_Negative_Concrete","0","MaxMatch","toothless","headless","toothless-headless","ConcreteMatch","NegativeMatch"
"753","5c2ab2de9136140001b90737","test_ConceptualMatch_Abstract","0","ConceptualMatchingOnly","evil","possible","evil-possible","ConceptualMatch:abstract","NegativeMismatch"
"754","5c2ab2de9136140001b90737","test_ConceptualMatch_Concrete","0","ConceptualMatchingOnly","lilac","freezing","lilac-freezing","ConceptualMatch:concrete","PositiveMismatch"
"755","5c2ab2de9136140001b90737","control_Similar","99","SimilarControl","help","assist","help-assist","",""
"756","5c2ab2de9136140001b90737","control_Dissimilar","0","DissimilarControl","enter","exit","enter-exit","",""
"757","5c2ab2de9136140001b90737","control_MaxMatch_Positive_Concrete","18","MaxMatch","blooming","pregnant","blooming-pregnant","ConcreteMatch","PositiveMatch"
"758","5c2ab2de9136140001b90737","control_Similar","99","SimilarControl","begin","start","begin-start","",""
"759","5c2ab2de9136140001b90737","control_MaxMatch_Negative_Abstract","0","MaxMatch","evil","stupid","evil-stupid","AbstractMatch","NegativeMatch"
"760","5c2ab2de9136140001b90737","test_ValenceMatch_Positive","0","ValenceMatchingOnly","handmade","sensible","handmade-sensible","ConcreteMismatch","PositiveMatch"
"761","5c2ab2de9136140001b90737","control_MaxMismatch","0","MaxMismatch","splendid","hairy","splendid-hairy","AbstractMismatch","PositiveMismatch"
"762","5c2ab2de9136140001b90737","test_ValenceMatch_Negative","0","ValenceMatchingOnly","worthless","bloodshot","worthless-bloodshot","AbstractMismatch","NegativeMatch"
"763","5c2ab2de9136140001b90737","control_Dissimilar","0","DissimilarControl","give","take","give-take","",""
"764","5c2ab2de9136140001b90737","control_MaxMatch_Positive_Abstract","0","MaxMatch","splendid","helpful","splendid-helpful","AbstractMatch","PositiveMatch"
"765","5c2ab2de9136140001b90737","control_MaxMatch_Negative_Concrete","0","MaxMatch","headless","freezing","headless-freezing","ConcreteMatch","NegativeMatch"
"766","5c2ab2de9136140001b90737","test_ConceptualMatch_Abstract","0","ConceptualMatchingOnly","crappy","thankful","crappy-thankful","ConceptualMatch:abstract","NegativeMismatch"
"767","5c2ab2de9136140001b90737","test_ConceptualMatch_Concrete","0","ConceptualMatchingOnly","female","thorny","female-thorny","ConceptualMatch:concrete","PositiveMismatch"
"768","5c2ab2de9136140001b90737","control_Similar","99","SimilarControl","end","finish","end-finish","",""
"769","5c2ab2de9136140001b90737","control_Dissimilar","0","DissimilarControl","add","remove","add-remove","",""
"770","5c2ab2de9136140001b90737","control_MaxMatch_Positive_Concrete","0","MaxMatch","orange","pregnant","orange-pregnant","ConcreteMatch","PositiveMatch"
"771","5c2ab2de9136140001b90737","control_Similar","99","SimilarControl","need","require","need-require","",""
"772","5c2ab2de9136140001b90737","control_MaxMatch_Negative_Abstract","0","MaxMatch","worthless","stupid","worthless-stupid","AbstractMatch","NegativeMatch"
"773","5c2ab2de9136140001b90737","test_ValenceMatch_Positive","0","ValenceMatchingOnly","orange","splendid","orange-splendid","ConcreteMismatch","PositiveMatch"
"774","5c2ab2de9136140001b90737","control_MaxMismatch","0","MaxMismatch","possible","headless","possible-headless","AbstractMismatch","PositiveMismatch"
"775","5c2ab2de9136140001b90737","test_ValenceMatch_Negative","0","ValenceMatchingOnly","worthless","bloody","worthless-bloody","AbstractMismatch","NegativeMatch"
"776","5c2ab2de9136140001b90737","control_Dissimilar","0","DissimilarControl","open","close","open-close","",""
"777","5c2ab2de9136140001b90737","control_MaxMatch_Positive_Abstract","0","MaxMatch","honest","lovable","honest-lovable","AbstractMatch","PositiveMatch"
"778","5c2ab2de9136140001b90737","control_MaxMatch_Negative_Concrete","0","MaxMatch","toothless","freezing","toothless-freezing","ConcreteMatch","NegativeMatch"
"779","5c2ab2de9136140001b90737","test_ConceptualMatch_Abstract","0","ConceptualMatchingOnly","crappy","honest","crappy-honest","ConceptualMatch:abstract","NegativeMismatch"
"780","5c2ab2de9136140001b90737","test_ConceptualMatch_Concrete","0","ConceptualMatchingOnly","female","hairy","female-hairy","ConceptualMatch:concrete","PositiveMismatch"
"781","65352d870dfbcccbe48634fe","control_Dissimilar","0","DissimilarControl","rise","fall","rise-fall","",""
"782","65352d870dfbcccbe48634fe","control_Similar","99","SimilarControl","buy","purchase","buy-purchase","",""
"783","65352d870dfbcccbe48634fe","test_ValenceMatch_Positive","31","ValenceMatchingOnly","pregnant","helpful","pregnant-helpful","ConcreteMismatch","PositiveMatch"
"784","65352d870dfbcccbe48634fe","control_Dissimilar","38","DissimilarControl","enter","exit","enter-exit","",""
"785","65352d870dfbcccbe48634fe","control_MaxMatch_Positive_Concrete","0","MaxMatch","lilac","orange","lilac-orange","ConcreteMatch","PositiveMatch"
"786","65352d870dfbcccbe48634fe","control_MaxMatch_Positive_Abstract","24","MaxMatch","thankful","divine","thankful-divine","AbstractMatch","PositiveMatch"
"787","65352d870dfbcccbe48634fe","control_Similar","99","SimilarControl","ask","inquire","ask-inquire","",""
"788","65352d870dfbcccbe48634fe","control_MaxMismatch","0","MaxMismatch","thankful","bloodshot","thankful-bloodshot","AbstractMismatch","PositiveMismatch"
"789","65352d870dfbcccbe48634fe","control_MaxMatch_Negative_Abstract","22","MaxMatch","heartless","sinful","heartless-sinful","AbstractMatch","NegativeMatch"
"790","65352d870dfbcccbe48634fe","test_ConceptualMatch_Concrete","0","ConceptualMatchingOnly","pregnant","wrinkled","pregnant-wrinkled","ConceptualMatch:concrete","PositiveMismatch"
"791","65352d870dfbcccbe48634fe","test_ConceptualMatch_Abstract","0","ConceptualMatchingOnly","crappy","pleasant","crappy-pleasant","ConceptualMatch:abstract","NegativeMismatch"
"792","65352d870dfbcccbe48634fe","control_MaxMatch_Negative_Concrete","24","MaxMatch","thorny","hairy","thorny-hairy","ConcreteMatch","NegativeMatch"
"793","65352d870dfbcccbe48634fe","test_ValenceMatch_Negative","0","ValenceMatchingOnly","stupid","hairy","stupid-hairy","AbstractMismatch","NegativeMatch"
"794","65352d870dfbcccbe48634fe","control_Dissimilar","0","DissimilarControl","come","go","come-go","",""
"795","65352d870dfbcccbe48634fe","control_Similar","99","SimilarControl","need","require","need-require","",""
"796","65352d870dfbcccbe48634fe","test_ValenceMatch_Positive","0","ValenceMatchingOnly","lilac","thankful","lilac-thankful","ConcreteMismatch","PositiveMatch"
"797","65352d870dfbcccbe48634fe","control_Dissimilar","0","DissimilarControl","add","remove","add-remove","",""
"798","65352d870dfbcccbe48634fe","control_MaxMatch_Positive_Concrete","14","MaxMatch","lilac","blooming","lilac-blooming","ConcreteMatch","PositiveMatch"
"799","65352d870dfbcccbe48634fe","control_MaxMatch_Positive_Abstract","67","MaxMatch","lovable","thankful","lovable-thankful","AbstractMatch","PositiveMatch"
"800","65352d870dfbcccbe48634fe","control_Similar","99","SimilarControl","show","display","show-display","",""
"801","65352d870dfbcccbe48634fe","control_MaxMismatch","0","MaxMismatch","pleasant","dirty","pleasant-dirty","AbstractMismatch","PositiveMismatch"
"802","65352d870dfbcccbe48634fe","control_MaxMatch_Negative_Abstract","71","MaxMatch","worthless","disloyal","worthless-disloyal","AbstractMatch","NegativeMatch"
"803","65352d870dfbcccbe48634fe","test_ConceptualMatch_Concrete","0","ConceptualMatchingOnly","handmade","hairy","handmade-hairy","ConceptualMatch:concrete","PositiveMismatch"
"804","65352d870dfbcccbe48634fe","test_ConceptualMatch_Abstract","0","ConceptualMatchingOnly","sinful","lovable","sinful-lovable","ConceptualMatch:abstract","NegativeMismatch"
"805","65352d870dfbcccbe48634fe","control_MaxMatch_Negative_Concrete","0","MaxMatch","wrinkled","freezing","wrinkled-freezing","ConcreteMatch","NegativeMatch"
"806","65352d870dfbcccbe48634fe","test_ValenceMatch_Negative","0","ValenceMatchingOnly","awful","bloodshot","awful-bloodshot","AbstractMismatch","NegativeMatch"
"807","65352d870dfbcccbe48634fe","control_Dissimilar","0","DissimilarControl","open","close","open-close","",""
"808","65352d870dfbcccbe48634fe","control_Similar","99","SimilarControl","end","finish","end-finish","",""
"809","65352d870dfbcccbe48634fe","test_ValenceMatch_Positive","0","ValenceMatchingOnly","starry","honest","starry-honest","ConcreteMismatch","PositiveMatch"
"810","65352d870dfbcccbe48634fe","control_Dissimilar","18","DissimilarControl","give","take","give-take","",""
"811","65352d870dfbcccbe48634fe","control_MaxMatch_Positive_Concrete","65","MaxMatch","human","female","human-female","ConcreteMatch","PositiveMatch"
"812","65352d870dfbcccbe48634fe","control_MaxMatch_Positive_Abstract","54","MaxMatch","splendid","sensible","splendid-sensible","AbstractMatch","PositiveMatch"
"813","65352d870dfbcccbe48634fe","control_Similar","98","SimilarControl","get","obtain","get-obtain","",""
"814","65352d870dfbcccbe48634fe","control_MaxMismatch","0","MaxMismatch","possible","freezing","possible-freezing","AbstractMismatch","PositiveMismatch"
"815","65352d870dfbcccbe48634fe","control_MaxMatch_Negative_Abstract","14","MaxMatch","worthless","sinful","worthless-sinful","AbstractMatch","NegativeMatch"
"816","65352d870dfbcccbe48634fe","test_ConceptualMatch_Concrete","11","ConceptualMatchingOnly","female","hairy","female-hairy","ConceptualMatch:concrete","PositiveMismatch"
"817","65352d870dfbcccbe48634fe","test_ConceptualMatch_Abstract","0","ConceptualMatchingOnly","sinful","mindful","sinful-mindful","ConceptualMatch:abstract","NegativeMismatch"
"818","65352d870dfbcccbe48634fe","control_MaxMatch_Negative_Concrete","0","MaxMatch","toothless","thorny","toothless-thorny","ConcreteMatch","NegativeMatch"
"819","65352d870dfbcccbe48634fe","test_ValenceMatch_Negative","57","ValenceMatchingOnly","soulless","dirty","soulless-dirty","AbstractMismatch","NegativeMatch"
"820","65352d870dfbcccbe48634fe","control_Dissimilar","0","DissimilarControl","increase","decrease","increase-decrease","",""
"821","65352d870dfbcccbe48634fe","control_Similar","99","SimilarControl","speak","talk","speak-talk","",""
"822","65352d870dfbcccbe48634fe","test_ValenceMatch_Positive","65","ValenceMatchingOnly","pregnant","lovable","pregnant-lovable","ConcreteMismatch","PositiveMatch"
"823","65352d870dfbcccbe48634fe","control_Dissimilar","0","DissimilarControl","arrive","leave","arrive-leave","",""
"824","65352d870dfbcccbe48634fe","control_MaxMatch_Positive_Concrete","0","MaxMatch","female","orange","female-orange","ConcreteMatch","PositiveMatch"
"825","65352d870dfbcccbe48634fe","control_MaxMatch_Positive_Abstract","58","MaxMatch","honest","pleasant","honest-pleasant","AbstractMatch","PositiveMatch"
"826","65352d870dfbcccbe48634fe","control_Similar","99","SimilarControl","begin","start","begin-start","",""
"827","65352d870dfbcccbe48634fe","control_MaxMismatch","0","MaxMismatch","lovable","toothless","lovable-toothless","AbstractMismatch","PositiveMismatch"
"828","65352d870dfbcccbe48634fe","control_MaxMatch_Negative_Abstract","99","MaxMatch","evil","sinful","evil-sinful","AbstractMatch","NegativeMatch"
"829","65352d870dfbcccbe48634fe","test_ConceptualMatch_Concrete","0","ConceptualMatchingOnly","pregnant","freezing","pregnant-freezing","ConceptualMatch:concrete","PositiveMismatch"
"830","65352d870dfbcccbe48634fe","test_ConceptualMatch_Abstract","0","ConceptualMatchingOnly","soulless","splendid","soulless-splendid","ConceptualMatch:abstract","NegativeMismatch"
"831","65352d870dfbcccbe48634fe","control_MaxMatch_Negative_Concrete","0","MaxMatch","freezing","bloody","freezing-bloody","ConcreteMatch","NegativeMatch"
"832","65352d870dfbcccbe48634fe","test_ValenceMatch_Negative","0","ValenceMatchingOnly","disloyal","toothless","disloyal-toothless","AbstractMismatch","NegativeMatch"
"833","65352d870dfbcccbe48634fe","control_Dissimilar","30","DissimilarControl","push","pull","push-pull","",""
"834","65352d870dfbcccbe48634fe","control_Similar","99","SimilarControl","help","assist","help-assist","",""
"835","65352d870dfbcccbe48634fe","test_ValenceMatch_Positive","0","ValenceMatchingOnly","sunny","sensible","sunny-sensible","ConcreteMismatch","PositiveMatch"
"836","65352d870dfbcccbe48634fe","control_Dissimilar","2","DissimilarControl","begin","end","begin-end","",""
"837","65352d870dfbcccbe48634fe","control_MaxMatch_Positive_Concrete","0","MaxMatch","lilac","pregnant","lilac-pregnant","ConcreteMatch","PositiveMatch"
"838","65352d870dfbcccbe48634fe","control_MaxMatch_Positive_Abstract","62","MaxMatch","thankful","pleasant","thankful-pleasant","AbstractMatch","PositiveMatch"
"839","65352d870dfbcccbe48634fe","control_Similar","99","SimilarControl","use","employ","use-employ","",""
"840","65352d870dfbcccbe48634fe","control_MaxMismatch","0","MaxMismatch","pleasant","bloody","pleasant-bloody","AbstractMismatch","PositiveMismatch"
"841","65352d870dfbcccbe48634fe","control_MaxMatch_Negative_Abstract","63","MaxMatch","worthless","heartless","worthless-heartless","AbstractMatch","NegativeMatch"
"842","65352d870dfbcccbe48634fe","test_ConceptualMatch_Concrete","0","ConceptualMatchingOnly","lilac","bloody","lilac-bloody","ConceptualMatch:concrete","PositiveMismatch"
"843","65352d870dfbcccbe48634fe","test_ConceptualMatch_Abstract","0","ConceptualMatchingOnly","heartless","sensible","heartless-sensible","ConceptualMatch:abstract","NegativeMismatch"
"844","65352d870dfbcccbe48634fe","control_MaxMatch_Negative_Concrete","0","MaxMatch","bloodshot","hairy","bloodshot-hairy","ConcreteMatch","NegativeMatch"
"845","65352d870dfbcccbe48634fe","test_ValenceMatch_Negative","0","ValenceMatchingOnly","disloyal","bloody","disloyal-bloody","AbstractMismatch","NegativeMatch"
"846","607de1d7c7cc25b639f63026","control_Dissimilar","6","DissimilarControl","push","pull","push-pull","",""
"847","607de1d7c7cc25b639f63026","control_Similar","93","SimilarControl","end","finish","end-finish","",""
"848","607de1d7c7cc25b639f63026","test_ConceptualMatch_Concrete","0","ConceptualMatchingOnly","orange","dirty","orange-dirty","ConceptualMatch:concrete","PositiveMismatch"
"849","607de1d7c7cc25b639f63026","control_MaxMismatch","0","MaxMismatch","honest","bloodshot","honest-bloodshot","AbstractMismatch","PositiveMismatch"
"850","607de1d7c7cc25b639f63026","test_ValenceMatch_Positive","0","ValenceMatchingOnly","starry","thankful","starry-thankful","ConcreteMismatch","PositiveMatch"
"851","607de1d7c7cc25b639f63026","control_MaxMatch_Positive_Concrete","0","MaxMatch","newborn","starry","newborn-starry","ConcreteMatch","PositiveMatch"
"852","607de1d7c7cc25b639f63026","control_MaxMatch_Positive_Abstract","19","MaxMatch","honest","mindful","honest-mindful","AbstractMatch","PositiveMatch"
"853","607de1d7c7cc25b639f63026","test_ValenceMatch_Negative","3","ValenceMatchingOnly","heartless","rusted","heartless-rusted","AbstractMismatch","NegativeMatch"
"854","607de1d7c7cc25b639f63026","control_MaxMatch_Negative_Abstract","92","MaxMatch","evil","soulless","evil-soulless","AbstractMatch","NegativeMatch"
"855","607de1d7c7cc25b639f63026","test_ConceptualMatch_Abstract","0","ConceptualMatchingOnly","soulless","thankful","soulless-thankful","ConceptualMatch:abstract","NegativeMismatch"
"856","607de1d7c7cc25b639f63026","control_Dissimilar","0","DissimilarControl","come","go","come-go","",""
"857","607de1d7c7cc25b639f63026","control_Similar","71","SimilarControl","show","display","show-display","",""
"858","607de1d7c7cc25b639f63026","control_MaxMatch_Negative_Concrete","0","MaxMatch","headless","wrinkled","headless-wrinkled","ConcreteMatch","NegativeMatch"
"859","607de1d7c7cc25b639f63026","control_Dissimilar","0","DissimilarControl","begin","end","begin-end","",""
"860","607de1d7c7cc25b639f63026","control_Similar","99","SimilarControl","begin","start","begin-start","",""
"861","607de1d7c7cc25b639f63026","test_ConceptualMatch_Concrete","0","ConceptualMatchingOnly","lilac","bloody","lilac-bloody","ConceptualMatch:concrete","PositiveMismatch"
"862","607de1d7c7cc25b639f63026","control_MaxMismatch","0","MaxMismatch","divine","thorny","divine-thorny","AbstractMismatch","PositiveMismatch"
"863","607de1d7c7cc25b639f63026","test_ValenceMatch_Positive","0","ValenceMatchingOnly","starry","divine","starry-divine","ConcreteMismatch","PositiveMatch"
"864","607de1d7c7cc25b639f63026","control_MaxMatch_Positive_Concrete","0","MaxMatch","blooming","orange","blooming-orange","ConcreteMatch","PositiveMatch"
"865","607de1d7c7cc25b639f63026","control_MaxMatch_Positive_Abstract","0","MaxMatch","honest","lovable","honest-lovable","AbstractMatch","PositiveMatch"
"866","607de1d7c7cc25b639f63026","test_ValenceMatch_Negative","0","ValenceMatchingOnly","disloyal","bloodshot","disloyal-bloodshot","AbstractMismatch","NegativeMatch"
"867","607de1d7c7cc25b639f63026","control_MaxMatch_Negative_Abstract","28","MaxMatch","worthless","awful","worthless-awful","AbstractMatch","NegativeMatch"
"868","607de1d7c7cc25b639f63026","test_ConceptualMatch_Abstract","0","ConceptualMatchingOnly","stupid","pleasant","stupid-pleasant","ConceptualMatch:abstract","NegativeMismatch"
"869","607de1d7c7cc25b639f63026","control_Dissimilar","6","DissimilarControl","arrive","leave","arrive-leave","",""
"870","607de1d7c7cc25b639f63026","control_Similar","96","SimilarControl","ask","inquire","ask-inquire","",""
"871","607de1d7c7cc25b639f63026","control_MaxMatch_Negative_Concrete","92","MaxMatch","rusted","dirty","rusted-dirty","ConcreteMatch","NegativeMatch"
"872","607de1d7c7cc25b639f63026","control_Dissimilar","0","DissimilarControl","add","remove","add-remove","",""
"873","607de1d7c7cc25b639f63026","control_Similar","93","SimilarControl","speak","talk","speak-talk","",""
"874","607de1d7c7cc25b639f63026","test_ConceptualMatch_Concrete","48","ConceptualMatchingOnly","newborn","toothless","newborn-toothless","ConceptualMatch:concrete","PositiveMismatch"
"875","607de1d7c7cc25b639f63026","control_MaxMismatch","0","MaxMismatch","lovable","dirty","lovable-dirty","AbstractMismatch","PositiveMismatch"
"876","607de1d7c7cc25b639f63026","test_ValenceMatch_Positive","0","ValenceMatchingOnly","pregnant","mindful","pregnant-mindful","ConcreteMismatch","PositiveMatch"
"877","607de1d7c7cc25b639f63026","control_MaxMatch_Positive_Concrete","0","MaxMatch","sunny","newborn","sunny-newborn","ConcreteMatch","PositiveMatch"
"878","607de1d7c7cc25b639f63026","control_MaxMatch_Positive_Abstract","77","MaxMatch","sensible","mindful","sensible-mindful","AbstractMatch","PositiveMatch"
"879","607de1d7c7cc25b639f63026","test_ValenceMatch_Negative","0","ValenceMatchingOnly","sexist","thorny","sexist-thorny","AbstractMismatch","NegativeMatch"
"880","607de1d7c7cc25b639f63026","control_MaxMatch_Negative_Abstract","8","MaxMatch","stupid","disloyal","stupid-disloyal","AbstractMatch","NegativeMatch"
"881","607de1d7c7cc25b639f63026","test_ConceptualMatch_Abstract","0","ConceptualMatchingOnly","sexist","lovable","sexist-lovable","ConceptualMatch:abstract","NegativeMismatch"
"882","607de1d7c7cc25b639f63026","control_Dissimilar","0","DissimilarControl","increase","decrease","increase-decrease","",""
"883","607de1d7c7cc25b639f63026","control_Similar","88","SimilarControl","need","require","need-require","",""
"884","607de1d7c7cc25b639f63026","control_MaxMatch_Negative_Concrete","0","MaxMatch","headless","dirty","headless-dirty","ConcreteMatch","NegativeMatch"
"885","607de1d7c7cc25b639f63026","control_Dissimilar","0","DissimilarControl","open","close","open-close","",""
"886","607de1d7c7cc25b639f63026","control_Similar","93","SimilarControl","get","obtain","get-obtain","",""
"887","607de1d7c7cc25b639f63026","test_ConceptualMatch_Concrete","0","ConceptualMatchingOnly","sunny","hairy","sunny-hairy","ConceptualMatch:concrete","PositiveMismatch"
"888","607de1d7c7cc25b639f63026","control_MaxMismatch","0","MaxMismatch","helpful","headless","helpful-headless","AbstractMismatch","PositiveMismatch"
"889","607de1d7c7cc25b639f63026","test_ValenceMatch_Positive","0","ValenceMatchingOnly","lilac","splendid","lilac-splendid","ConcreteMismatch","PositiveMatch"
"890","607de1d7c7cc25b639f63026","control_MaxMatch_Positive_Concrete","0","MaxMatch","lilac","starry","lilac-starry","ConcreteMatch","PositiveMatch"
"891","607de1d7c7cc25b639f63026","control_MaxMatch_Positive_Abstract","18","MaxMatch","thankful","pleasant","thankful-pleasant","AbstractMatch","PositiveMatch"
"892","607de1d7c7cc25b639f63026","test_ValenceMatch_Negative","0","ValenceMatchingOnly","sexist","bloodshot","sexist-bloodshot","AbstractMismatch","NegativeMatch"
"893","607de1d7c7cc25b639f63026","control_MaxMatch_Negative_Abstract","0","MaxMatch","soulless","stupid","soulless-stupid","AbstractMatch","NegativeMatch"
"894","607de1d7c7cc25b639f63026","test_ConceptualMatch_Abstract","0","ConceptualMatchingOnly","evil","possible","evil-possible","ConceptualMatch:abstract","NegativeMismatch"
"895","607de1d7c7cc25b639f63026","control_Dissimilar","0","DissimilarControl","give","take","give-take","",""
"896","607de1d7c7cc25b639f63026","control_Similar","48","SimilarControl","use","employ","use-employ","",""
"897","607de1d7c7cc25b639f63026","control_MaxMatch_Negative_Concrete","0","MaxMatch","toothless","dirty","toothless-dirty","ConcreteMatch","NegativeMatch"
"898","607de1d7c7cc25b639f63026","control_Dissimilar","0","DissimilarControl","rise","fall","rise-fall","",""
"899","607de1d7c7cc25b639f63026","control_Similar","99","SimilarControl","buy","purchase","buy-purchase","",""
"900","607de1d7c7cc25b639f63026","test_ConceptualMatch_Concrete","0","ConceptualMatchingOnly","newborn","freezing","newborn-freezing","ConceptualMatch:concrete","PositiveMismatch"
"901","607de1d7c7cc25b639f63026","control_MaxMismatch","0","MaxMismatch","possible","freezing","possible-freezing","AbstractMismatch","PositiveMismatch"
"902","607de1d7c7cc25b639f63026","test_ValenceMatch_Positive","0","ValenceMatchingOnly","sunny","splendid","sunny-splendid","ConcreteMismatch","PositiveMatch"
"903","607de1d7c7cc25b639f63026","control_MaxMatch_Positive_Concrete","0","MaxMatch","human","blooming","human-blooming","ConcreteMatch","PositiveMatch"
"904","607de1d7c7cc25b639f63026","control_MaxMatch_Positive_Abstract","47","MaxMatch","sensible","helpful","sensible-helpful","AbstractMatch","PositiveMatch"
"905","607de1d7c7cc25b639f63026","test_ValenceMatch_Negative","0","ValenceMatchingOnly","awful","thorny","awful-thorny","AbstractMismatch","NegativeMatch"
"906","607de1d7c7cc25b639f63026","control_MaxMatch_Negative_Abstract","0","MaxMatch","sexist","stupid","sexist-stupid","AbstractMatch","NegativeMatch"
"907","607de1d7c7cc25b639f63026","test_ConceptualMatch_Abstract","0","ConceptualMatchingOnly","sexist","helpful","sexist-helpful","ConceptualMatch:abstract","NegativeMismatch"
"908","607de1d7c7cc25b639f63026","control_Dissimilar","0","DissimilarControl","enter","exit","enter-exit","",""
"909","607de1d7c7cc25b639f63026","control_Similar","99","SimilarControl","help","assist","help-assist","",""
"910","607de1d7c7cc25b639f63026","control_MaxMatch_Negative_Concrete","0","MaxMatch","headless","rusted","headless-rusted","ConcreteMatch","NegativeMatch"
"911","671d714b78c1624a723ee251","control_Dissimilar","0","DissimilarControl","push","pull","push-pull","",""
"912","671d714b78c1624a723ee251","control_Similar","99","SimilarControl","get","obtain","get-obtain","",""
"913","671d714b78c1624a723ee251","control_MaxMismatch","0","MaxMismatch","sensible","headless","sensible-headless","AbstractMismatch","PositiveMismatch"
"914","671d714b78c1624a723ee251","control_MaxMatch_Negative_Concrete","0","MaxMatch","headless","dirty","headless-dirty","ConcreteMatch","NegativeMatch"
"915","671d714b78c1624a723ee251","control_MaxMatch_Negative_Abstract","48","MaxMatch","worthless","disloyal","worthless-disloyal","AbstractMatch","NegativeMatch"
"916","671d714b78c1624a723ee251","control_MaxMatch_Positive_Concrete","0","MaxMatch","blooming","starry","blooming-starry","ConcreteMatch","PositiveMatch"
"917","671d714b78c1624a723ee251","control_Dissimilar","0","DissimilarControl","arrive","leave","arrive-leave","",""
"918","671d714b78c1624a723ee251","control_MaxMatch_Positive_Abstract","99","MaxMatch","mindful","helpful","mindful-helpful","AbstractMatch","PositiveMatch"
"919","671d714b78c1624a723ee251","test_ConceptualMatch_Abstract","0","ConceptualMatchingOnly","soulless","pleasant","soulless-pleasant","ConceptualMatch:abstract","NegativeMismatch"
"920","671d714b78c1624a723ee251","test_ValenceMatch_Positive","0","ValenceMatchingOnly","lilac","pleasant","lilac-pleasant","ConcreteMismatch","PositiveMatch"
"921","671d714b78c1624a723ee251","test_ValenceMatch_Negative","0","ValenceMatchingOnly","evil","freezing","evil-freezing","AbstractMismatch","NegativeMatch"
"922","671d714b78c1624a723ee251","control_Similar","99","SimilarControl","show","display","show-display","",""
"923","671d714b78c1624a723ee251","test_ConceptualMatch_Concrete","0","ConceptualMatchingOnly","handmade","bloody","handmade-bloody","ConceptualMatch:concrete","PositiveMismatch"
"924","671d714b78c1624a723ee251","control_Dissimilar","0","DissimilarControl","open","close","open-close","",""
"925","671d714b78c1624a723ee251","control_Similar","48","SimilarControl","need","require","need-require","",""
"926","671d714b78c1624a723ee251","control_MaxMismatch","0","MaxMismatch","sensible","hairy","sensible-hairy","AbstractMismatch","PositiveMismatch"
"927","671d714b78c1624a723ee251","control_MaxMatch_Negative_Concrete","47","MaxMatch","dirty","bloody","dirty-bloody","ConcreteMatch","NegativeMatch"
"928","671d714b78c1624a723ee251","control_MaxMatch_Negative_Abstract","50","MaxMatch","crappy","disloyal","crappy-disloyal","AbstractMatch","NegativeMatch"
"929","671d714b78c1624a723ee251","control_MaxMatch_Positive_Concrete","0","MaxMatch","human","blooming","human-blooming","ConcreteMatch","PositiveMatch"
"930","671d714b78c1624a723ee251","control_Dissimilar","0","DissimilarControl","increase","decrease","increase-decrease","",""
"931","671d714b78c1624a723ee251","control_MaxMatch_Positive_Abstract","99","MaxMatch","mindful","pleasant","mindful-pleasant","AbstractMatch","PositiveMatch"
"932","671d714b78c1624a723ee251","test_ConceptualMatch_Abstract","0","ConceptualMatchingOnly","awful","pleasant","awful-pleasant","ConceptualMatch:abstract","NegativeMismatch"
"933","671d714b78c1624a723ee251","test_ValenceMatch_Positive","0","ValenceMatchingOnly","female","splendid","female-splendid","ConcreteMismatch","PositiveMatch"
"934","671d714b78c1624a723ee251","test_ValenceMatch_Negative","0","ValenceMatchingOnly","sinful","rusted","sinful-rusted","AbstractMismatch","NegativeMatch"
"935","671d714b78c1624a723ee251","control_Similar","99","SimilarControl","help","assist","help-assist","",""
"936","671d714b78c1624a723ee251","test_ConceptualMatch_Concrete","0","ConceptualMatchingOnly","handmade","freezing","handmade-freezing","ConceptualMatch:concrete","PositiveMismatch"
"937","671d714b78c1624a723ee251","control_Dissimilar","0","DissimilarControl","rise","fall","rise-fall","",""
"938","671d714b78c1624a723ee251","control_Similar","99","SimilarControl","begin","start","begin-start","",""
"939","671d714b78c1624a723ee251","control_MaxMismatch","0","MaxMismatch","sensible","rusted","sensible-rusted","AbstractMismatch","PositiveMismatch"
"940","671d714b78c1624a723ee251","control_MaxMatch_Negative_Concrete","0","MaxMatch","dirty","freezing","dirty-freezing","ConcreteMatch","NegativeMatch"
"941","671d714b78c1624a723ee251","control_MaxMatch_Negative_Abstract","0","MaxMatch","stupid","sinful","stupid-sinful","AbstractMatch","NegativeMatch"
"942","671d714b78c1624a723ee251","control_MaxMatch_Positive_Concrete","0","MaxMatch","blooming","handmade","blooming-handmade","ConcreteMatch","PositiveMatch"
"943","671d714b78c1624a723ee251","control_Dissimilar","0","DissimilarControl","enter","exit","enter-exit","",""
"944","671d714b78c1624a723ee251","control_MaxMatch_Positive_Abstract","53","MaxMatch","pleasant","helpful","pleasant-helpful","AbstractMatch","PositiveMatch"
"945","671d714b78c1624a723ee251","test_ConceptualMatch_Abstract","0","ConceptualMatchingOnly","sinful","pleasant","sinful-pleasant","ConceptualMatch:abstract","NegativeMismatch"
"946","671d714b78c1624a723ee251","test_ValenceMatch_Positive","0","ValenceMatchingOnly","sunny","thankful","sunny-thankful","ConcreteMismatch","PositiveMatch"
"947","671d714b78c1624a723ee251","test_ValenceMatch_Negative","0","ValenceMatchingOnly","crappy","wrinkled","crappy-wrinkled","AbstractMismatch","NegativeMatch"
"948","671d714b78c1624a723ee251","control_Similar","53","SimilarControl","use","employ","use-employ","",""
"949","671d714b78c1624a723ee251","test_ConceptualMatch_Concrete","0","ConceptualMatchingOnly","orange","dirty","orange-dirty","ConceptualMatch:concrete","PositiveMismatch"
"950","671d714b78c1624a723ee251","control_Dissimilar","0","DissimilarControl","come","go","come-go","",""
"951","671d714b78c1624a723ee251","control_Similar","99","SimilarControl","ask","inquire","ask-inquire","",""
"952","671d714b78c1624a723ee251","control_MaxMismatch","0","MaxMismatch","helpful","rusted","helpful-rusted","AbstractMismatch","PositiveMismatch"
"953","671d714b78c1624a723ee251","control_MaxMatch_Negative_Concrete","0","MaxMatch","rusted","hairy","rusted-hairy","ConcreteMatch","NegativeMatch"
"954","671d714b78c1624a723ee251","control_MaxMatch_Negative_Abstract","0","MaxMatch","worthless","sinful","worthless-sinful","AbstractMatch","NegativeMatch"
"955","671d714b78c1624a723ee251","control_MaxMatch_Positive_Concrete","0","MaxMatch","orange","starry","orange-starry","ConcreteMatch","PositiveMatch"
"956","671d714b78c1624a723ee251","control_Dissimilar","0","DissimilarControl","give","take","give-take","",""
"957","671d714b78c1624a723ee251","control_MaxMatch_Positive_Abstract","0","MaxMatch","thankful","possible","thankful-possible","AbstractMatch","PositiveMatch"
"958","671d714b78c1624a723ee251","test_ConceptualMatch_Abstract","0","ConceptualMatchingOnly","sexist","honest","sexist-honest","ConceptualMatch:abstract","NegativeMismatch"
"959","671d714b78c1624a723ee251","test_ValenceMatch_Positive","0","ValenceMatchingOnly","human","possible","human-possible","ConcreteMismatch","PositiveMatch"
"960","671d714b78c1624a723ee251","test_ValenceMatch_Negative","0","ValenceMatchingOnly","heartless","bloody","heartless-bloody","AbstractMismatch","NegativeMatch"
"961","671d714b78c1624a723ee251","control_Similar","98","SimilarControl","end","finish","end-finish","",""
"962","671d714b78c1624a723ee251","test_ConceptualMatch_Concrete","0","ConceptualMatchingOnly","starry","hairy","starry-hairy","ConceptualMatch:concrete","PositiveMismatch"
"963","671d714b78c1624a723ee251","control_Dissimilar","0","DissimilarControl","add","remove","add-remove","",""
"964","671d714b78c1624a723ee251","control_Similar","99","SimilarControl","buy","purchase","buy-purchase","",""
"965","671d714b78c1624a723ee251","control_MaxMismatch","0","MaxMismatch","possible","headless","possible-headless","AbstractMismatch","PositiveMismatch"
"966","671d714b78c1624a723ee251","control_MaxMatch_Negative_Concrete","1","MaxMatch","toothless","rusted","toothless-rusted","ConcreteMatch","NegativeMatch"
"967","671d714b78c1624a723ee251","control_MaxMatch_Negative_Abstract","0","MaxMatch","evil","sexist","evil-sexist","AbstractMatch","NegativeMatch"
"968","671d714b78c1624a723ee251","control_MaxMatch_Positive_Concrete","0","MaxMatch","blooming","pregnant","blooming-pregnant","ConcreteMatch","PositiveMatch"
"969","671d714b78c1624a723ee251","control_Dissimilar","0","DissimilarControl","begin","end","begin-end","",""
"970","671d714b78c1624a723ee251","control_MaxMatch_Positive_Abstract","0","MaxMatch","splendid","helpful","splendid-helpful","AbstractMatch","PositiveMatch"
"971","671d714b78c1624a723ee251","test_ConceptualMatch_Abstract","0","ConceptualMatchingOnly","disloyal","possible","disloyal-possible","ConceptualMatch:abstract","NegativeMismatch"
"972","671d714b78c1624a723ee251","test_ValenceMatch_Positive","0","ValenceMatchingOnly","blooming","splendid","blooming-splendid","ConcreteMismatch","PositiveMatch"
"973","671d714b78c1624a723ee251","test_ValenceMatch_Negative","44","ValenceMatchingOnly","sinful","headless","sinful-headless","AbstractMismatch","NegativeMatch"
"974","671d714b78c1624a723ee251","control_Similar","99","SimilarControl","speak","talk","speak-talk","",""
"975","671d714b78c1624a723ee251","test_ConceptualMatch_Concrete","0","ConceptualMatchingOnly","human","toothless","human-toothless","ConceptualMatch:concrete","PositiveMismatch"
"976","62c026818910950fc380e599","control_Dissimilar","0","DissimilarControl","arrive","leave","arrive-leave","",""
"977","62c026818910950fc380e599","control_Similar","99","SimilarControl","buy","purchase","buy-purchase","",""
"978","62c026818910950fc380e599","test_ValenceMatch_Negative","49","ValenceMatchingOnly","disloyal","wrinkled","disloyal-wrinkled","AbstractMismatch","NegativeMatch"
"979","62c026818910950fc380e599","control_MaxMatch_Negative_Abstract","84","MaxMatch","awful","soulless","awful-soulless","AbstractMatch","NegativeMatch"
"980","62c026818910950fc380e599","test_ConceptualMatch_Concrete","75","ConceptualMatchingOnly","orange","bloodshot","orange-bloodshot","ConceptualMatch:concrete","PositiveMismatch"
"981","62c026818910950fc380e599","control_MaxMismatch","0","MaxMismatch","honest","freezing","honest-freezing","AbstractMismatch","PositiveMismatch"
"982","62c026818910950fc380e599","control_Dissimilar","0","DissimilarControl","come","go","come-go","",""
"983","62c026818910950fc380e599","control_MaxMatch_Negative_Concrete","38","MaxMatch","thorny","hairy","thorny-hairy","ConcreteMatch","NegativeMatch"
"984","62c026818910950fc380e599","control_Similar","99","SimilarControl","end","finish","end-finish","",""
"985","62c026818910950fc380e599","test_ValenceMatch_Positive","0","ValenceMatchingOnly","blooming","honest","blooming-honest","ConcreteMismatch","PositiveMatch"
"986","62c026818910950fc380e599","test_ConceptualMatch_Abstract","40","ConceptualMatchingOnly","disloyal","divine","disloyal-divine","ConceptualMatch:abstract","NegativeMismatch"
"987","62c026818910950fc380e599","control_MaxMatch_Positive_Abstract","62","MaxMatch","lovable","thankful","lovable-thankful","AbstractMatch","PositiveMatch"
"988","62c026818910950fc380e599","control_MaxMatch_Positive_Concrete","0","MaxMatch","blooming","starry","blooming-starry","ConcreteMatch","PositiveMatch"
"989","62c026818910950fc380e599","control_Dissimilar","0","DissimilarControl","push","pull","push-pull","",""
"990","62c026818910950fc380e599","control_Similar","99","SimilarControl","begin","start","begin-start","",""
"991","62c026818910950fc380e599","test_ValenceMatch_Negative","60","ValenceMatchingOnly","worthless","dirty","worthless-dirty","AbstractMismatch","NegativeMatch"
"992","62c026818910950fc380e599","control_MaxMatch_Negative_Abstract","62","MaxMatch","worthless","sinful","worthless-sinful","AbstractMatch","NegativeMatch"
"993","62c026818910950fc380e599","test_ConceptualMatch_Concrete","0","ConceptualMatchingOnly","lilac","bloodshot","lilac-bloodshot","ConceptualMatch:concrete","PositiveMismatch"
"994","62c026818910950fc380e599","control_MaxMismatch","0","MaxMismatch","splendid","freezing","splendid-freezing","AbstractMismatch","PositiveMismatch"
"995","62c026818910950fc380e599","control_Dissimilar","0","DissimilarControl","begin","end","begin-end","",""
"996","62c026818910950fc380e599","control_MaxMatch_Negative_Concrete","0","MaxMatch","freezing","bloody","freezing-bloody","ConcreteMatch","NegativeMatch"
"997","62c026818910950fc380e599","control_Similar","99","SimilarControl","speak","talk","speak-talk","",""
"998","62c026818910950fc380e599","test_ValenceMatch_Positive","56","ValenceMatchingOnly","human","possible","human-possible","ConcreteMismatch","PositiveMatch"
"999","62c026818910950fc380e599","test_ConceptualMatch_Abstract","14","ConceptualMatchingOnly","disloyal","lovable","disloyal-lovable","ConceptualMatch:abstract","NegativeMismatch"
"1000","62c026818910950fc380e599","control_MaxMatch_Positive_Abstract","69","MaxMatch","honest","lovable","honest-lovable","AbstractMatch","PositiveMatch"
"1001","62c026818910950fc380e599","control_MaxMatch_Positive_Concrete","0","MaxMatch","human","starry","human-starry","ConcreteMatch","PositiveMatch"
"1002","62c026818910950fc380e599","control_Dissimilar","0","DissimilarControl","increase","decrease","increase-decrease","",""
"1003","62c026818910950fc380e599","control_Similar","99","SimilarControl","ask","inquire","ask-inquire","",""
"1004","62c026818910950fc380e599","test_ValenceMatch_Negative","49","ValenceMatchingOnly","soulless","toothless","soulless-toothless","AbstractMismatch","NegativeMatch"
"1005","62c026818910950fc380e599","control_MaxMatch_Negative_Abstract","63","MaxMatch","worthless","heartless","worthless-heartless","AbstractMatch","NegativeMatch"
"1006","62c026818910950fc380e599","test_ConceptualMatch_Concrete","0","ConceptualMatchingOnly","lilac","headless","lilac-headless","ConceptualMatch:concrete","PositiveMismatch"
"1007","62c026818910950fc380e599","control_MaxMismatch","0","MaxMismatch","helpful","dirty","helpful-dirty","AbstractMismatch","PositiveMismatch"
"1008","62c026818910950fc380e599","control_Dissimilar","0","DissimilarControl","add","remove","add-remove","",""
"1009","62c026818910950fc380e599","control_MaxMatch_Negative_Concrete","47","MaxMatch","thorny","wrinkled","thorny-wrinkled","ConcreteMatch","NegativeMatch"
"1010","62c026818910950fc380e599","control_Similar","99","SimilarControl","get","obtain","get-obtain","",""
"1011","62c026818910950fc380e599","test_ValenceMatch_Positive","55","ValenceMatchingOnly","female","sensible","female-sensible","ConcreteMismatch","PositiveMatch"
"1012","62c026818910950fc380e599","test_ConceptualMatch_Abstract","0","ConceptualMatchingOnly","heartless","splendid","heartless-splendid","ConceptualMatch:abstract","NegativeMismatch"
"1013","62c026818910950fc380e599","control_MaxMatch_Positive_Abstract","55","MaxMatch","honest","splendid","honest-splendid","AbstractMatch","PositiveMatch"
"1014","62c026818910950fc380e599","control_MaxMatch_Positive_Concrete","43","MaxMatch","female","orange","female-orange","ConcreteMatch","PositiveMatch"
"1015","62c026818910950fc380e599","control_Dissimilar","0","DissimilarControl","give","take","give-take","",""
"1016","62c026818910950fc380e599","control_Similar","99","SimilarControl","use","employ","use-employ","",""
"1017","62c026818910950fc380e599","test_ValenceMatch_Negative","46","ValenceMatchingOnly","sexist","thorny","sexist-thorny","AbstractMismatch","NegativeMatch"
"1018","62c026818910950fc380e599","control_MaxMatch_Negative_Abstract","65","MaxMatch","heartless","sexist","heartless-sexist","AbstractMatch","NegativeMatch"
"1019","62c026818910950fc380e599","test_ConceptualMatch_Concrete","48","ConceptualMatchingOnly","handmade","wrinkled","handmade-wrinkled","ConceptualMatch:concrete","PositiveMismatch"
"1020","62c026818910950fc380e599","control_MaxMismatch","31","MaxMismatch","pleasant","rusted","pleasant-rusted","AbstractMismatch","PositiveMismatch"
"1021","62c026818910950fc380e599","control_Dissimilar","0","DissimilarControl","enter","exit","enter-exit","",""
"1022","62c026818910950fc380e599","control_MaxMatch_Negative_Concrete","42","MaxMatch","rusted","thorny","rusted-thorny","ConcreteMatch","NegativeMatch"
"1023","62c026818910950fc380e599","control_Similar","99","SimilarControl","help","assist","help-assist","",""
"1024","62c026818910950fc380e599","test_ValenceMatch_Positive","73","ValenceMatchingOnly","lilac","pleasant","lilac-pleasant","ConcreteMismatch","PositiveMatch"
"1025","62c026818910950fc380e599","test_ConceptualMatch_Abstract","23","ConceptualMatchingOnly","evil","thankful","evil-thankful","ConceptualMatch:abstract","NegativeMismatch"
"1026","62c026818910950fc380e599","control_MaxMatch_Positive_Abstract","61","MaxMatch","mindful","divine","mindful-divine","AbstractMatch","PositiveMatch"
"1027","62c026818910950fc380e599","control_MaxMatch_Positive_Concrete","54","MaxMatch","human","blooming","human-blooming","ConcreteMatch","PositiveMatch"
"1028","62c026818910950fc380e599","control_Dissimilar","0","DissimilarControl","rise","fall","rise-fall","",""
"1029","62c026818910950fc380e599","control_Similar","99","SimilarControl","need","require","need-require","",""
"1030","62c026818910950fc380e599","test_ValenceMatch_Negative","55","ValenceMatchingOnly","stupid","hairy","stupid-hairy","AbstractMismatch","NegativeMatch"
"1031","62c026818910950fc380e599","control_MaxMatch_Negative_Abstract","75","MaxMatch","worthless","evil","worthless-evil","AbstractMatch","NegativeMatch"
"1032","62c026818910950fc380e599","test_ConceptualMatch_Concrete","41","ConceptualMatchingOnly","newborn","headless","newborn-headless","ConceptualMatch:concrete","PositiveMismatch"
"1033","62c026818910950fc380e599","control_MaxMismatch","44","MaxMismatch","honest","headless","honest-headless","AbstractMismatch","PositiveMismatch"
"1034","62c026818910950fc380e599","control_Dissimilar","0","DissimilarControl","open","close","open-close","",""
"1035","62c026818910950fc380e599","control_MaxMatch_Negative_Concrete","56","MaxMatch","hairy","bloody","hairy-bloody","ConcreteMatch","NegativeMatch"
"1036","62c026818910950fc380e599","control_Similar","99","SimilarControl","show","display","show-display","",""
"1037","62c026818910950fc380e599","test_ValenceMatch_Positive","53","ValenceMatchingOnly","handmade","helpful","handmade-helpful","ConcreteMismatch","PositiveMatch"
"1038","62c026818910950fc380e599","test_ConceptualMatch_Abstract","43","ConceptualMatchingOnly","evil","sensible","evil-sensible","ConceptualMatch:abstract","NegativeMismatch"
"1039","62c026818910950fc380e599","control_MaxMatch_Positive_Abstract","83","MaxMatch","pleasant","divine","pleasant-divine","AbstractMatch","PositiveMatch"
"1040","62c026818910950fc380e599","control_MaxMatch_Positive_Concrete","56","MaxMatch","sunny","blooming","sunny-blooming","ConcreteMatch","PositiveMatch"
"1041","672ce4b6444bb28ed1573e5a","control_Similar","99","SimilarControl","begin","start","begin-start","",""
"1042","672ce4b6444bb28ed1573e5a","control_Dissimilar","0","DissimilarControl","add","remove","add-remove","",""
"1043","672ce4b6444bb28ed1573e5a","test_ValenceMatch_Positive","0","ValenceMatchingOnly","orange","sensible","orange-sensible","ConcreteMismatch","PositiveMatch"
"1044","672ce4b6444bb28ed1573e5a","control_MaxMatch_Positive_Concrete","0","MaxMatch","sunny","starry","sunny-starry","ConcreteMatch","PositiveMatch"
"1045","672ce4b6444bb28ed1573e5a","control_MaxMismatch","0","MaxMismatch","lovable","rusted","lovable-rusted","AbstractMismatch","PositiveMismatch"
"1046","672ce4b6444bb28ed1573e5a","control_MaxMatch_Positive_Abstract","77","MaxMatch","thankful","pleasant","thankful-pleasant","AbstractMatch","PositiveMatch"
"1047","672ce4b6444bb28ed1573e5a","test_ConceptualMatch_Abstract","0","ConceptualMatchingOnly","stupid","divine","stupid-divine","ConceptualMatch:abstract","NegativeMismatch"
"1048","672ce4b6444bb28ed1573e5a","test_ValenceMatch_Negative","11","ValenceMatchingOnly","worthless","rusted","worthless-rusted","AbstractMismatch","NegativeMatch"
"1049","672ce4b6444bb28ed1573e5a","control_MaxMatch_Negative_Abstract","67","MaxMatch","awful","stupid","awful-stupid","AbstractMatch","NegativeMatch"
"1050","672ce4b6444bb28ed1573e5a","test_ConceptualMatch_Concrete","0","ConceptualMatchingOnly","human","bloodshot","human-bloodshot","ConceptualMatch:concrete","PositiveMismatch"
"1051","672ce4b6444bb28ed1573e5a","control_MaxMatch_Negative_Concrete","5","MaxMatch","bloodshot","dirty","bloodshot-dirty","ConcreteMatch","NegativeMatch"
"1052","672ce4b6444bb28ed1573e5a","control_Similar","79","SimilarControl","show","display","show-display","",""
"1053","672ce4b6444bb28ed1573e5a","control_Dissimilar","0","DissimilarControl","enter","exit","enter-exit","",""
"1054","672ce4b6444bb28ed1573e5a","control_Similar","99","SimilarControl","buy","purchase","buy-purchase","",""
"1055","672ce4b6444bb28ed1573e5a","control_Dissimilar","0","DissimilarControl","open","close","open-close","",""
"1056","672ce4b6444bb28ed1573e5a","test_ValenceMatch_Positive","0","ValenceMatchingOnly","orange","mindful","orange-mindful","ConcreteMismatch","PositiveMatch"
"1057","672ce4b6444bb28ed1573e5a","control_MaxMatch_Positive_Concrete","0","MaxMatch","lilac","orange","lilac-orange","ConcreteMatch","PositiveMatch"
"1058","672ce4b6444bb28ed1573e5a","control_MaxMismatch","0","MaxMismatch","mindful","thorny","mindful-thorny","AbstractMismatch","PositiveMismatch"
"1059","672ce4b6444bb28ed1573e5a","control_MaxMatch_Positive_Abstract","64","MaxMatch","thankful","divine","thankful-divine","AbstractMatch","PositiveMatch"
"1060","672ce4b6444bb28ed1573e5a","test_ConceptualMatch_Abstract","0","ConceptualMatchingOnly","stupid","sensible","stupid-sensible","ConceptualMatch:abstract","NegativeMismatch"
"1061","672ce4b6444bb28ed1573e5a","test_ValenceMatch_Negative","0","ValenceMatchingOnly","worthless","bloody","worthless-bloody","AbstractMismatch","NegativeMatch"
"1062","672ce4b6444bb28ed1573e5a","control_MaxMatch_Negative_Abstract","83","MaxMatch","awful","heartless","awful-heartless","AbstractMatch","NegativeMatch"
"1063","672ce4b6444bb28ed1573e5a","test_ConceptualMatch_Concrete","0","ConceptualMatchingOnly","orange","rusted","orange-rusted","ConceptualMatch:concrete","PositiveMismatch"
"1064","672ce4b6444bb28ed1573e5a","control_MaxMatch_Negative_Concrete","0","MaxMatch","headless","bloodshot","headless-bloodshot","ConcreteMatch","NegativeMatch"
"1065","672ce4b6444bb28ed1573e5a","control_Similar","99","SimilarControl","end","finish","end-finish","",""
"1066","672ce4b6444bb28ed1573e5a","control_Dissimilar","66","DissimilarControl","come","go","come-go","",""
"1067","672ce4b6444bb28ed1573e5a","control_Similar","99","SimilarControl","help","assist","help-assist","",""
"1068","672ce4b6444bb28ed1573e5a","control_Dissimilar","0","DissimilarControl","increase","decrease","increase-decrease","",""
"1069","672ce4b6444bb28ed1573e5a","test_ValenceMatch_Positive","5","ValenceMatchingOnly","handmade","possible","handmade-possible","ConcreteMismatch","PositiveMatch"
"1070","672ce4b6444bb28ed1573e5a","control_MaxMatch_Positive_Concrete","0","MaxMatch","orange","starry","orange-starry","ConcreteMatch","PositiveMatch"
"1071","672ce4b6444bb28ed1573e5a","control_MaxMismatch","0","MaxMismatch","helpful","bloody","helpful-bloody","AbstractMismatch","PositiveMismatch"
"1072","672ce4b6444bb28ed1573e5a","control_MaxMatch_Positive_Abstract","63","MaxMatch","mindful","divine","mindful-divine","AbstractMatch","PositiveMatch"
"1073","672ce4b6444bb28ed1573e5a","test_ConceptualMatch_Abstract","0","ConceptualMatchingOnly","awful","divine","awful-divine","ConceptualMatch:abstract","NegativeMismatch"
"1074","672ce4b6444bb28ed1573e5a","test_ValenceMatch_Negative","0","ValenceMatchingOnly","sexist","toothless","sexist-toothless","AbstractMismatch","NegativeMatch"
"1075","672ce4b6444bb28ed1573e5a","control_MaxMatch_Negative_Abstract","60","MaxMatch","evil","crappy","evil-crappy","AbstractMatch","NegativeMatch"
"1076","672ce4b6444bb28ed1573e5a","test_ConceptualMatch_Concrete","0","ConceptualMatchingOnly","orange","wrinkled","orange-wrinkled","ConceptualMatch:concrete","PositiveMismatch"
"1077","672ce4b6444bb28ed1573e5a","control_MaxMatch_Negative_Concrete","0","MaxMatch","thorny","wrinkled","thorny-wrinkled","ConcreteMatch","NegativeMatch"
"1078","672ce4b6444bb28ed1573e5a","control_Similar","65","SimilarControl","use","employ","use-employ","",""
"1079","672ce4b6444bb28ed1573e5a","control_Dissimilar","0","DissimilarControl","begin","end","begin-end","",""
"1080","672ce4b6444bb28ed1573e5a","control_Similar","99","SimilarControl","ask","inquire","ask-inquire","",""
"1081","672ce4b6444bb28ed1573e5a","control_Dissimilar","0","DissimilarControl","push","pull","push-pull","",""
"1082","672ce4b6444bb28ed1573e5a","test_ValenceMatch_Positive","0","ValenceMatchingOnly","lilac","divine","lilac-divine","ConcreteMismatch","PositiveMatch"
"1083","672ce4b6444bb28ed1573e5a","control_MaxMatch_Positive_Concrete","0","MaxMatch","human","orange","human-orange","ConcreteMatch","PositiveMatch"
"1084","672ce4b6444bb28ed1573e5a","control_MaxMismatch","0","MaxMismatch","thankful","freezing","thankful-freezing","AbstractMismatch","PositiveMismatch"
"1085","672ce4b6444bb28ed1573e5a","control_MaxMatch_Positive_Abstract","60","MaxMatch","possible","pleasant","possible-pleasant","AbstractMatch","PositiveMatch"
"1086","672ce4b6444bb28ed1573e5a","test_ConceptualMatch_Abstract","0","ConceptualMatchingOnly","awful","thankful","awful-thankful","ConceptualMatch:abstract","NegativeMismatch"
"1087","672ce4b6444bb28ed1573e5a","test_ValenceMatch_Negative","5","ValenceMatchingOnly","stupid","dirty","stupid-dirty","AbstractMismatch","NegativeMatch"
"1088","672ce4b6444bb28ed1573e5a","control_MaxMatch_Negative_Abstract","3","MaxMatch","heartless","stupid","heartless-stupid","AbstractMatch","NegativeMatch"
"1089","672ce4b6444bb28ed1573e5a","test_ConceptualMatch_Concrete","0","ConceptualMatchingOnly","newborn","freezing","newborn-freezing","ConceptualMatch:concrete","PositiveMismatch"
"1090","672ce4b6444bb28ed1573e5a","control_MaxMatch_Negative_Concrete","0","MaxMatch","bloodshot","rusted","bloodshot-rusted","ConcreteMatch","NegativeMatch"
"1091","672ce4b6444bb28ed1573e5a","control_Similar","99","SimilarControl","get","obtain","get-obtain","",""
"1092","672ce4b6444bb28ed1573e5a","control_Dissimilar","0","DissimilarControl","arrive","leave","arrive-leave","",""
"1093","672ce4b6444bb28ed1573e5a","control_Similar","87","SimilarControl","need","require","need-require","",""
"1094","672ce4b6444bb28ed1573e5a","control_Dissimilar","0","DissimilarControl","rise","fall","rise-fall","",""
"1095","672ce4b6444bb28ed1573e5a","test_ValenceMatch_Positive","0","ValenceMatchingOnly","lilac","lovable","lilac-lovable","ConcreteMismatch","PositiveMatch"
"1096","672ce4b6444bb28ed1573e5a","control_MaxMatch_Positive_Concrete","0","MaxMatch","sunny","handmade","sunny-handmade","ConcreteMatch","PositiveMatch"
"1097","672ce4b6444bb28ed1573e5a","control_MaxMismatch","0","MaxMismatch","splendid","toothless","splendid-toothless","AbstractMismatch","PositiveMismatch"
"1098","672ce4b6444bb28ed1573e5a","control_MaxMatch_Positive_Abstract","69","MaxMatch","sensible","divine","sensible-divine","AbstractMatch","PositiveMatch"
"1099","672ce4b6444bb28ed1573e5a","test_ConceptualMatch_Abstract","0","ConceptualMatchingOnly","evil","thankful","evil-thankful","ConceptualMatch:abstract","NegativeMismatch"
"1100","672ce4b6444bb28ed1573e5a","test_ValenceMatch_Negative","5","ValenceMatchingOnly","evil","dirty","evil-dirty","AbstractMismatch","NegativeMatch"
"1101","672ce4b6444bb28ed1573e5a","control_MaxMatch_Negative_Abstract","4","MaxMatch","sexist","disloyal","sexist-disloyal","AbstractMatch","NegativeMatch"
"1102","672ce4b6444bb28ed1573e5a","test_ConceptualMatch_Concrete","0","ConceptualMatchingOnly","handmade","dirty","handmade-dirty","ConceptualMatch:concrete","PositiveMismatch"
"1103","672ce4b6444bb28ed1573e5a","control_MaxMatch_Negative_Concrete","0","MaxMatch","dirty","bloody","dirty-bloody","ConcreteMatch","NegativeMatch"
"1104","672ce4b6444bb28ed1573e5a","control_Similar","99","SimilarControl","speak","talk","speak-talk","",""
"1105","672ce4b6444bb28ed1573e5a","control_Dissimilar","0","DissimilarControl","give","take","give-take","",""
"1106","67673cda94b4d0cf1a6a7382","control_Dissimilar","37","DissimilarControl","enter","exit","enter-exit","",""
"1107","67673cda94b4d0cf1a6a7382","control_Similar","99","SimilarControl","ask","inquire","ask-inquire","",""
"1108","67673cda94b4d0cf1a6a7382","control_Dissimilar","27","DissimilarControl","push","pull","push-pull","",""
"1109","67673cda94b4d0cf1a6a7382","test_ConceptualMatch_Concrete","0","ConceptualMatchingOnly","handmade","toothless","handmade-toothless","ConceptualMatch:concrete","PositiveMismatch"
"1110","67673cda94b4d0cf1a6a7382","control_MaxMatch_Positive_Abstract","54","MaxMatch","lovable","sensible","lovable-sensible","AbstractMatch","PositiveMatch"
"1111","67673cda94b4d0cf1a6a7382","control_MaxMatch_Negative_Abstract","70","MaxMatch","heartless","sinful","heartless-sinful","AbstractMatch","NegativeMatch"
"1112","67673cda94b4d0cf1a6a7382","control_MaxMatch_Positive_Concrete","0","MaxMatch","newborn","handmade","newborn-handmade","ConcreteMatch","PositiveMatch"
"1113","67673cda94b4d0cf1a6a7382","test_ConceptualMatch_Abstract","0","ConceptualMatchingOnly","awful","pleasant","awful-pleasant","ConceptualMatch:abstract","NegativeMismatch"
"1114","67673cda94b4d0cf1a6a7382","control_MaxMismatch","0","MaxMismatch","divine","headless","divine-headless","AbstractMismatch","PositiveMismatch"
"1115","67673cda94b4d0cf1a6a7382","test_ValenceMatch_Negative","0","ValenceMatchingOnly","crappy","headless","crappy-headless","AbstractMismatch","NegativeMatch"
"1116","67673cda94b4d0cf1a6a7382","control_MaxMatch_Negative_Concrete","0","MaxMatch","toothless","wrinkled","toothless-wrinkled","ConcreteMatch","NegativeMatch"
"1117","67673cda94b4d0cf1a6a7382","test_ValenceMatch_Positive","0","ValenceMatchingOnly","lilac","possible","lilac-possible","ConcreteMismatch","PositiveMatch"
"1118","67673cda94b4d0cf1a6a7382","control_Similar","99","SimilarControl","begin","start","begin-start","",""
"1119","67673cda94b4d0cf1a6a7382","control_Dissimilar","33","DissimilarControl","come","go","come-go","",""
"1120","67673cda94b4d0cf1a6a7382","control_Similar","99","SimilarControl","end","finish","end-finish","",""
"1121","67673cda94b4d0cf1a6a7382","control_Dissimilar","7","DissimilarControl","increase","decrease","increase-decrease","",""
"1122","67673cda94b4d0cf1a6a7382","test_ConceptualMatch_Concrete","0","ConceptualMatchingOnly","female","headless","female-headless","ConceptualMatch:concrete","PositiveMismatch"
"1123","67673cda94b4d0cf1a6a7382","control_MaxMatch_Positive_Abstract","99","MaxMatch","splendid","divine","splendid-divine","AbstractMatch","PositiveMatch"
"1124","67673cda94b4d0cf1a6a7382","control_MaxMatch_Negative_Abstract","99","MaxMatch","awful","crappy","awful-crappy","AbstractMatch","NegativeMatch"
"1125","67673cda94b4d0cf1a6a7382","control_MaxMatch_Positive_Concrete","0","MaxMatch","lilac","female","lilac-female","ConcreteMatch","PositiveMatch"
"1126","67673cda94b4d0cf1a6a7382","test_ConceptualMatch_Abstract","70","ConceptualMatchingOnly","sexist","lovable","sexist-lovable","ConceptualMatch:abstract","NegativeMismatch"
"1127","67673cda94b4d0cf1a6a7382","control_MaxMismatch","0","MaxMismatch","helpful","toothless","helpful-toothless","AbstractMismatch","PositiveMismatch"
"1128","67673cda94b4d0cf1a6a7382","test_ValenceMatch_Negative","0","ValenceMatchingOnly","disloyal","bloody","disloyal-bloody","AbstractMismatch","NegativeMatch"
"1129","67673cda94b4d0cf1a6a7382","control_MaxMatch_Negative_Concrete","0","MaxMatch","hairy","freezing","hairy-freezing","ConcreteMatch","NegativeMatch"
"1130","67673cda94b4d0cf1a6a7382","test_ValenceMatch_Positive","0","ValenceMatchingOnly","human","honest","human-honest","ConcreteMismatch","PositiveMatch"
"1131","67673cda94b4d0cf1a6a7382","control_Similar","99","SimilarControl","help","assist","help-assist","",""
"1132","67673cda94b4d0cf1a6a7382","control_Dissimilar","0","DissimilarControl","rise","fall","rise-fall","",""
"1133","67673cda94b4d0cf1a6a7382","control_Similar","99","SimilarControl","speak","talk","speak-talk","",""
"1134","67673cda94b4d0cf1a6a7382","control_Dissimilar","0","DissimilarControl","begin","end","begin-end","",""
"1135","67673cda94b4d0cf1a6a7382","test_ConceptualMatch_Concrete","0","ConceptualMatchingOnly","human","hairy","human-hairy","ConceptualMatch:concrete","PositiveMismatch"
"1136","67673cda94b4d0cf1a6a7382","control_MaxMatch_Positive_Abstract","0","MaxMatch","thankful","splendid","thankful-splendid","AbstractMatch","PositiveMatch"
"1137","67673cda94b4d0cf1a6a7382","control_MaxMatch_Negative_Abstract","49","MaxMatch","worthless","sinful","worthless-sinful","AbstractMatch","NegativeMatch"
"1138","67673cda94b4d0cf1a6a7382","control_MaxMatch_Positive_Concrete","16","MaxMatch","human","female","human-female","ConcreteMatch","PositiveMatch"
"1139","67673cda94b4d0cf1a6a7382","test_ConceptualMatch_Abstract","0","ConceptualMatchingOnly","evil","divine","evil-divine","ConceptualMatch:abstract","NegativeMismatch"
"1140","67673cda94b4d0cf1a6a7382","control_MaxMismatch","0","MaxMismatch","sensible","toothless","sensible-toothless","AbstractMismatch","PositiveMismatch"
"1141","67673cda94b4d0cf1a6a7382","test_ValenceMatch_Negative","0","ValenceMatchingOnly","heartless","wrinkled","heartless-wrinkled","AbstractMismatch","NegativeMatch"
"1142","67673cda94b4d0cf1a6a7382","control_MaxMatch_Negative_Concrete","0","MaxMatch","bloodshot","wrinkled","bloodshot-wrinkled","ConcreteMatch","NegativeMatch"
"1143","67673cda94b4d0cf1a6a7382","test_ValenceMatch_Positive","0","ValenceMatchingOnly","sunny","pleasant","sunny-pleasant","ConcreteMismatch","PositiveMatch"
"1144","67673cda94b4d0cf1a6a7382","control_Similar","99","SimilarControl","buy","purchase","buy-purchase","",""
"1145","67673cda94b4d0cf1a6a7382","control_Dissimilar","4","DissimilarControl","give","take","give-take","",""
"1146","67673cda94b4d0cf1a6a7382","control_Similar","68","SimilarControl","use","employ","use-employ","",""
"1147","67673cda94b4d0cf1a6a7382","control_Dissimilar","10","DissimilarControl","arrive","leave","arrive-leave","",""
"1148","67673cda94b4d0cf1a6a7382","test_ConceptualMatch_Concrete","0","ConceptualMatchingOnly","newborn","rusted","newborn-rusted","ConceptualMatch:concrete","PositiveMismatch"
"1149","67673cda94b4d0cf1a6a7382","control_MaxMatch_Positive_Abstract","57","MaxMatch","sensible","pleasant","sensible-pleasant","AbstractMatch","PositiveMatch"
"1150","67673cda94b4d0cf1a6a7382","control_MaxMatch_Negative_Abstract","0","MaxMatch","worthless","disloyal","worthless-disloyal","AbstractMatch","NegativeMatch"
"1151","67673cda94b4d0cf1a6a7382","control_MaxMatch_Positive_Concrete","0","MaxMatch","orange","pregnant","orange-pregnant","ConcreteMatch","PositiveMatch"
"1152","67673cda94b4d0cf1a6a7382","test_ConceptualMatch_Abstract","0","ConceptualMatchingOnly","sinful","helpful","sinful-helpful","ConceptualMatch:abstract","NegativeMismatch"
"1153","67673cda94b4d0cf1a6a7382","control_MaxMismatch","0","MaxMismatch","mindful","toothless","mindful-toothless","AbstractMismatch","PositiveMismatch"
"1154","67673cda94b4d0cf1a6a7382","test_ValenceMatch_Negative","0","ValenceMatchingOnly","worthless","freezing","worthless-freezing","AbstractMismatch","NegativeMatch"
"1155","67673cda94b4d0cf1a6a7382","control_MaxMatch_Negative_Concrete","0","MaxMatch","toothless","thorny","toothless-thorny","ConcreteMatch","NegativeMatch"
"1156","67673cda94b4d0cf1a6a7382","test_ValenceMatch_Positive","0","ValenceMatchingOnly","starry","helpful","starry-helpful","ConcreteMismatch","PositiveMatch"
"1157","67673cda94b4d0cf1a6a7382","control_Similar","99","SimilarControl","need","require","need-require","",""
"1158","67673cda94b4d0cf1a6a7382","control_Dissimilar","0","DissimilarControl","open","close","open-close","",""
"1159","67673cda94b4d0cf1a6a7382","control_Similar","99","SimilarControl","show","display","show-display","",""
"1160","67673cda94b4d0cf1a6a7382","control_Dissimilar","0","DissimilarControl","add","remove","add-remove","",""
"1161","67673cda94b4d0cf1a6a7382","test_ConceptualMatch_Concrete","0","ConceptualMatchingOnly","orange","dirty","orange-dirty","ConceptualMatch:concrete","PositiveMismatch"
"1162","67673cda94b4d0cf1a6a7382","control_MaxMatch_Positive_Abstract","0","MaxMatch","honest","sensible","honest-sensible","AbstractMatch","PositiveMatch"
"1163","67673cda94b4d0cf1a6a7382","control_MaxMatch_Negative_Abstract","69","MaxMatch","worthless","crappy","worthless-crappy","AbstractMatch","NegativeMatch"
"1164","67673cda94b4d0cf1a6a7382","control_MaxMatch_Positive_Concrete","0","MaxMatch","blooming","pregnant","blooming-pregnant","ConcreteMatch","PositiveMatch"
"1165","67673cda94b4d0cf1a6a7382","test_ConceptualMatch_Abstract","0","ConceptualMatchingOnly","sexist","sensible","sexist-sensible","ConceptualMatch:abstract","NegativeMismatch"
"1166","67673cda94b4d0cf1a6a7382","control_MaxMismatch","0","MaxMismatch","lovable","wrinkled","lovable-wrinkled","AbstractMismatch","PositiveMismatch"
"1167","67673cda94b4d0cf1a6a7382","test_ValenceMatch_Negative","0","ValenceMatchingOnly","sinful","wrinkled","sinful-wrinkled","AbstractMismatch","NegativeMatch"
"1168","67673cda94b4d0cf1a6a7382","control_MaxMatch_Negative_Concrete","0","MaxMatch","headless","bloodshot","headless-bloodshot","ConcreteMatch","NegativeMatch"
"1169","67673cda94b4d0cf1a6a7382","test_ValenceMatch_Positive","0","ValenceMatchingOnly","female","mindful","female-mindful","ConcreteMismatch","PositiveMatch"
"1170","67673cda94b4d0cf1a6a7382","control_Similar","99","SimilarControl","get","obtain","get-obtain","",""
"1171","5f85f217f845b10f388f2ce7","control_Similar","99","SimilarControl","end","finish","end-finish","",""
"1172","5f85f217f845b10f388f2ce7","control_Dissimilar","0","DissimilarControl","begin","end","begin-end","",""
"1173","5f85f217f845b10f388f2ce7","control_MaxMatch_Negative_Abstract","99","MaxMatch","worthless","heartless","worthless-heartless","AbstractMatch","NegativeMatch"
"1174","5f85f217f845b10f388f2ce7","control_MaxMatch_Negative_Concrete","0","MaxMatch","headless","thorny","headless-thorny","ConcreteMatch","NegativeMatch"
"1175","5f85f217f845b10f388f2ce7","control_MaxMismatch","0","MaxMismatch","splendid","rusted","splendid-rusted","AbstractMismatch","PositiveMismatch"
"1176","5f85f217f845b10f388f2ce7","control_MaxMatch_Positive_Abstract","0","MaxMatch","honest","lovable","honest-lovable","AbstractMatch","PositiveMatch"
"1177","5f85f217f845b10f388f2ce7","test_ConceptualMatch_Abstract","0","ConceptualMatchingOnly","crappy","sensible","crappy-sensible","ConceptualMatch:abstract","NegativeMismatch"
"1178","5f85f217f845b10f388f2ce7","control_Similar","99","SimilarControl","show","display","show-display","",""
"1179","5f85f217f845b10f388f2ce7","test_ValenceMatch_Negative","0","ValenceMatchingOnly","soulless","thorny","soulless-thorny","AbstractMismatch","NegativeMatch"
"1180","5f85f217f845b10f388f2ce7","control_Dissimilar","0","DissimilarControl","push","pull","push-pull","",""
"1181","5f85f217f845b10f388f2ce7","test_ConceptualMatch_Concrete","0","ConceptualMatchingOnly","human","headless","human-headless","ConceptualMatch:concrete","PositiveMismatch"
"1182","5f85f217f845b10f388f2ce7","control_MaxMatch_Positive_Concrete","0","MaxMatch","lilac","newborn","lilac-newborn","ConcreteMatch","PositiveMatch"
"1183","5f85f217f845b10f388f2ce7","test_ValenceMatch_Positive","0","ValenceMatchingOnly","sunny","splendid","sunny-splendid","ConcreteMismatch","PositiveMatch"
"1184","5f85f217f845b10f388f2ce7","control_Similar","99","SimilarControl","need","require","need-require","",""
"1185","5f85f217f845b10f388f2ce7","control_Dissimilar","71","DissimilarControl","come","go","come-go","",""
"1186","5f85f217f845b10f388f2ce7","control_MaxMatch_Negative_Abstract","19","MaxMatch","soulless","sinful","soulless-sinful","AbstractMatch","NegativeMatch"
"1187","5f85f217f845b10f388f2ce7","control_MaxMatch_Negative_Concrete","0","MaxMatch","bloodshot","freezing","bloodshot-freezing","ConcreteMatch","NegativeMatch"
"1188","5f85f217f845b10f388f2ce7","control_MaxMismatch","0","MaxMismatch","pleasant","headless","pleasant-headless","AbstractMismatch","PositiveMismatch"
"1189","5f85f217f845b10f388f2ce7","control_MaxMatch_Positive_Abstract","81","MaxMatch","honest","sensible","honest-sensible","AbstractMatch","PositiveMatch"
"1190","5f85f217f845b10f388f2ce7","test_ConceptualMatch_Abstract","0","ConceptualMatchingOnly","crappy","thankful","crappy-thankful","ConceptualMatch:abstract","NegativeMismatch"
"1191","5f85f217f845b10f388f2ce7","control_Similar","95","SimilarControl","use","employ","use-employ","",""
"1192","5f85f217f845b10f388f2ce7","test_ValenceMatch_Negative","0","ValenceMatchingOnly","worthless","wrinkled","worthless-wrinkled","AbstractMismatch","NegativeMatch"
"1193","5f85f217f845b10f388f2ce7","control_Dissimilar","0","DissimilarControl","arrive","leave","arrive-leave","",""
"1194","5f85f217f845b10f388f2ce7","test_ConceptualMatch_Concrete","0","ConceptualMatchingOnly","handmade","toothless","handmade-toothless","ConceptualMatch:concrete","PositiveMismatch"
"1195","5f85f217f845b10f388f2ce7","control_MaxMatch_Positive_Concrete","0","MaxMatch","human","orange","human-orange","ConcreteMatch","PositiveMatch"
"1196","5f85f217f845b10f388f2ce7","test_ValenceMatch_Positive","0","ValenceMatchingOnly","sunny","possible","sunny-possible","ConcreteMismatch","PositiveMatch"
"1197","5f85f217f845b10f388f2ce7","control_Similar","99","SimilarControl","help","assist","help-assist","",""
"1198","5f85f217f845b10f388f2ce7","control_Dissimilar","0","DissimilarControl","increase","decrease","increase-decrease","",""
"1199","5f85f217f845b10f388f2ce7","control_MaxMatch_Negative_Abstract","99","MaxMatch","evil","soulless","evil-soulless","AbstractMatch","NegativeMatch"
"1200","5f85f217f845b10f388f2ce7","control_MaxMatch_Negative_Concrete","0","MaxMatch","freezing","bloody","freezing-bloody","ConcreteMatch","NegativeMatch"
"1201","5f85f217f845b10f388f2ce7","control_MaxMismatch","0","MaxMismatch","thankful","dirty","thankful-dirty","AbstractMismatch","PositiveMismatch"
"1202","5f85f217f845b10f388f2ce7","control_MaxMatch_Positive_Abstract","0","MaxMatch","possible","mindful","possible-mindful","AbstractMatch","PositiveMatch"
"1203","5f85f217f845b10f388f2ce7","test_ConceptualMatch_Abstract","0","ConceptualMatchingOnly","evil","divine","evil-divine","ConceptualMatch:abstract","NegativeMismatch"
"1204","5f85f217f845b10f388f2ce7","control_Similar","99","SimilarControl","speak","talk","speak-talk","",""
"1205","5f85f217f845b10f388f2ce7","test_ValenceMatch_Negative","0","ValenceMatchingOnly","stupid","hairy","stupid-hairy","AbstractMismatch","NegativeMatch"
"1206","5f85f217f845b10f388f2ce7","control_Dissimilar","0","DissimilarControl","enter","exit","enter-exit","",""
"1207","5f85f217f845b10f388f2ce7","test_ConceptualMatch_Concrete","0","ConceptualMatchingOnly","female","toothless","female-toothless","ConceptualMatch:concrete","PositiveMismatch"
"1208","5f85f217f845b10f388f2ce7","control_MaxMatch_Positive_Concrete","0","MaxMatch","starry","handmade","starry-handmade","ConcreteMatch","PositiveMatch"
"1209","5f85f217f845b10f388f2ce7","test_ValenceMatch_Positive","0","ValenceMatchingOnly","lilac","lovable","lilac-lovable","ConcreteMismatch","PositiveMatch"
"1210","5f85f217f845b10f388f2ce7","control_Similar","99","SimilarControl","get","obtain","get-obtain","",""
"1211","5f85f217f845b10f388f2ce7","control_Dissimilar","0","DissimilarControl","give","take","give-take","",""
"1212","5f85f217f845b10f388f2ce7","control_MaxMatch_Negative_Abstract","99","MaxMatch","worthless","stupid","worthless-stupid","AbstractMatch","NegativeMatch"
"1213","5f85f217f845b10f388f2ce7","control_MaxMatch_Negative_Concrete","0","MaxMatch","toothless","bloody","toothless-bloody","ConcreteMatch","NegativeMatch"
"1214","5f85f217f845b10f388f2ce7","control_MaxMismatch","0","MaxMismatch","honest","rusted","honest-rusted","AbstractMismatch","PositiveMismatch"
"1215","5f85f217f845b10f388f2ce7","control_MaxMatch_Positive_Abstract","79","MaxMatch","lovable","thankful","lovable-thankful","AbstractMatch","PositiveMatch"
"1216","5f85f217f845b10f388f2ce7","test_ConceptualMatch_Abstract","0","ConceptualMatchingOnly","soulless","lovable","soulless-lovable","ConceptualMatch:abstract","NegativeMismatch"
"1217","5f85f217f845b10f388f2ce7","control_Similar","99","SimilarControl","begin","start","begin-start","",""
"1218","5f85f217f845b10f388f2ce7","test_ValenceMatch_Negative","0","ValenceMatchingOnly","crappy","headless","crappy-headless","AbstractMismatch","NegativeMatch"
"1219","5f85f217f845b10f388f2ce7","control_Dissimilar","0","DissimilarControl","rise","fall","rise-fall","",""
"1220","5f85f217f845b10f388f2ce7","test_ConceptualMatch_Concrete","0","ConceptualMatchingOnly","orange","hairy","orange-hairy","ConceptualMatch:concrete","PositiveMismatch"
"1221","5f85f217f845b10f388f2ce7","control_MaxMatch_Positive_Concrete","0","MaxMatch","female","orange","female-orange","ConcreteMatch","PositiveMatch"
"1222","5f85f217f845b10f388f2ce7","test_ValenceMatch_Positive","0","ValenceMatchingOnly","female","splendid","female-splendid","ConcreteMismatch","PositiveMatch"
"1223","5f85f217f845b10f388f2ce7","control_Similar","99","SimilarControl","ask","inquire","ask-inquire","",""
"1224","5f85f217f845b10f388f2ce7","control_Dissimilar","0","DissimilarControl","open","close","open-close","",""
"1225","5f85f217f845b10f388f2ce7","control_MaxMatch_Negative_Abstract","0","MaxMatch","evil","crappy","evil-crappy","AbstractMatch","NegativeMatch"
"1226","5f85f217f845b10f388f2ce7","control_MaxMatch_Negative_Concrete","0","MaxMatch","toothless","dirty","toothless-dirty","ConcreteMatch","NegativeMatch"
"1227","5f85f217f845b10f388f2ce7","control_MaxMismatch","0","MaxMismatch","mindful","hairy","mindful-hairy","AbstractMismatch","PositiveMismatch"
"1228","5f85f217f845b10f388f2ce7","control_MaxMatch_Positive_Abstract","0","MaxMatch","possible","sensible","possible-sensible","AbstractMatch","PositiveMatch"
"1229","5f85f217f845b10f388f2ce7","test_ConceptualMatch_Abstract","0","ConceptualMatchingOnly","disloyal","honest","disloyal-honest","ConceptualMatch:abstract","NegativeMismatch"
"1230","5f85f217f845b10f388f2ce7","control_Similar","99","SimilarControl","buy","purchase","buy-purchase","",""
"1231","5f85f217f845b10f388f2ce7","test_ValenceMatch_Negative","0","ValenceMatchingOnly","sexist","headless","sexist-headless","AbstractMismatch","NegativeMatch"
"1232","5f85f217f845b10f388f2ce7","control_Dissimilar","0","DissimilarControl","add","remove","add-remove","",""
"1233","5f85f217f845b10f388f2ce7","test_ConceptualMatch_Concrete","0","ConceptualMatchingOnly","starry","freezing","starry-freezing","ConceptualMatch:concrete","PositiveMismatch"
"1234","5f85f217f845b10f388f2ce7","control_MaxMatch_Positive_Concrete","0","MaxMatch","female","starry","female-starry","ConcreteMatch","PositiveMatch"
"1235","5f85f217f845b10f388f2ce7","test_ValenceMatch_Positive","0","ValenceMatchingOnly","handmade","mindful","handmade-mindful","ConcreteMismatch","PositiveMatch"
"1236","666a09bf7e21e0d346d2d675","control_Dissimilar","0","DissimilarControl","open","close","open-close","",""
"1237","666a09bf7e21e0d346d2d675","control_Similar","99","SimilarControl","speak","talk","speak-talk","",""
"1238","666a09bf7e21e0d346d2d675","control_MaxMatch_Positive_Concrete","0","MaxMatch","sunny","female","sunny-female","ConcreteMatch","PositiveMatch"
"1239","666a09bf7e21e0d346d2d675","test_ValenceMatch_Negative","68","ValenceMatchingOnly","heartless","freezing","heartless-freezing","AbstractMismatch","NegativeMatch"
"1240","666a09bf7e21e0d346d2d675","control_Dissimilar","0","DissimilarControl","begin","end","begin-end","",""
"1241","666a09bf7e21e0d346d2d675","test_ConceptualMatch_Abstract","77","ConceptualMatchingOnly","crappy","honest","crappy-honest","ConceptualMatch:abstract","NegativeMismatch"
"1242","666a09bf7e21e0d346d2d675","test_ValenceMatch_Positive","66","ValenceMatchingOnly","blooming","splendid","blooming-splendid","ConcreteMismatch","PositiveMatch"
"1243","666a09bf7e21e0d346d2d675","control_MaxMatch_Positive_Abstract","74","MaxMatch","sensible","helpful","sensible-helpful","AbstractMatch","PositiveMatch"
"1244","666a09bf7e21e0d346d2d675","test_ConceptualMatch_Concrete","4","ConceptualMatchingOnly","starry","dirty","starry-dirty","ConceptualMatch:concrete","PositiveMismatch"
"1245","666a09bf7e21e0d346d2d675","control_MaxMatch_Negative_Abstract","75","MaxMatch","awful","stupid","awful-stupid","AbstractMatch","NegativeMatch"
"1246","666a09bf7e21e0d346d2d675","control_MaxMismatch","4","MaxMismatch","helpful","bloody","helpful-bloody","AbstractMismatch","PositiveMismatch"
"1247","666a09bf7e21e0d346d2d675","control_Similar","99","SimilarControl","show","display","show-display","",""
"1248","666a09bf7e21e0d346d2d675","control_MaxMatch_Negative_Concrete","74","MaxMatch","dirty","wrinkled","dirty-wrinkled","ConcreteMatch","NegativeMatch"
"1249","666a09bf7e21e0d346d2d675","control_Dissimilar","0","DissimilarControl","add","remove","add-remove","",""
"1250","666a09bf7e21e0d346d2d675","control_Similar","99","SimilarControl","need","require","need-require","",""
"1251","666a09bf7e21e0d346d2d675","control_MaxMatch_Positive_Concrete","10","MaxMatch","blooming","handmade","blooming-handmade","ConcreteMatch","PositiveMatch"
"1252","666a09bf7e21e0d346d2d675","test_ValenceMatch_Negative","7","ValenceMatchingOnly","crappy","freezing","crappy-freezing","AbstractMismatch","NegativeMatch"
"1253","666a09bf7e21e0d346d2d675","control_Dissimilar","0","DissimilarControl","come","go","come-go","",""
"1254","666a09bf7e21e0d346d2d675","test_ConceptualMatch_Abstract","5","ConceptualMatchingOnly","crappy","mindful","crappy-mindful","ConceptualMatch:abstract","NegativeMismatch"
"1255","666a09bf7e21e0d346d2d675","test_ValenceMatch_Positive","16","ValenceMatchingOnly","blooming","sensible","blooming-sensible","ConcreteMismatch","PositiveMatch"
"1256","666a09bf7e21e0d346d2d675","control_MaxMatch_Positive_Abstract","61","MaxMatch","honest","splendid","honest-splendid","AbstractMatch","PositiveMatch"
"1257","666a09bf7e21e0d346d2d675","test_ConceptualMatch_Concrete","0","ConceptualMatchingOnly","blooming","toothless","blooming-toothless","ConceptualMatch:concrete","PositiveMismatch"
"1258","666a09bf7e21e0d346d2d675","control_MaxMatch_Negative_Abstract","72","MaxMatch","crappy","disloyal","crappy-disloyal","AbstractMatch","NegativeMatch"
"1259","666a09bf7e21e0d346d2d675","control_MaxMismatch","15","MaxMismatch","mindful","dirty","mindful-dirty","AbstractMismatch","PositiveMismatch"
"1260","666a09bf7e21e0d346d2d675","control_Similar","0","SimilarControl","end","finish","end-finish","",""
"1261","666a09bf7e21e0d346d2d675","control_MaxMatch_Negative_Concrete","60","MaxMatch","bloodshot","bloody","bloodshot-bloody","ConcreteMatch","NegativeMatch"
"1262","666a09bf7e21e0d346d2d675","control_Dissimilar","0","DissimilarControl","rise","fall","rise-fall","",""
"1263","666a09bf7e21e0d346d2d675","control_Similar","99","SimilarControl","ask","inquire","ask-inquire","",""
"1264","666a09bf7e21e0d346d2d675","control_MaxMatch_Positive_Concrete","0","MaxMatch","sunny","pregnant","sunny-pregnant","ConcreteMatch","PositiveMatch"
"1265","666a09bf7e21e0d346d2d675","test_ValenceMatch_Negative","7","ValenceMatchingOnly","sinful","wrinkled","sinful-wrinkled","AbstractMismatch","NegativeMatch"
"1266","666a09bf7e21e0d346d2d675","control_Dissimilar","0","DissimilarControl","enter","exit","enter-exit","",""
"1267","666a09bf7e21e0d346d2d675","test_ConceptualMatch_Abstract","13","ConceptualMatchingOnly","crappy","splendid","crappy-splendid","ConceptualMatch:abstract","NegativeMismatch"
"1268","666a09bf7e21e0d346d2d675","test_ValenceMatch_Positive","13","ValenceMatchingOnly","pregnant","mindful","pregnant-mindful","ConcreteMismatch","PositiveMatch"
"1269","666a09bf7e21e0d346d2d675","control_MaxMatch_Positive_Abstract","56","MaxMatch","honest","divine","honest-divine","AbstractMatch","PositiveMatch"
"1270","666a09bf7e21e0d346d2d675","test_ConceptualMatch_Concrete","2","ConceptualMatchingOnly","blooming","freezing","blooming-freezing","ConceptualMatch:concrete","PositiveMismatch"
"1271","666a09bf7e21e0d346d2d675","control_MaxMatch_Negative_Abstract","75","MaxMatch","worthless","disloyal","worthless-disloyal","AbstractMatch","NegativeMatch"
"1272","666a09bf7e21e0d346d2d675","control_MaxMismatch","7","MaxMismatch","pleasant","rusted","pleasant-rusted","AbstractMismatch","PositiveMismatch"
"1273","666a09bf7e21e0d346d2d675","control_Similar","99","SimilarControl","get","obtain","get-obtain","",""
"1274","666a09bf7e21e0d346d2d675","control_MaxMatch_Negative_Concrete","60","MaxMatch","toothless","bloody","toothless-bloody","ConcreteMatch","NegativeMatch"
"1275","666a09bf7e21e0d346d2d675","control_Dissimilar","0","DissimilarControl","push","pull","push-pull","",""
"1276","666a09bf7e21e0d346d2d675","control_Similar","99","SimilarControl","begin","start","begin-start","",""
"1277","666a09bf7e21e0d346d2d675","control_MaxMatch_Positive_Concrete","13","MaxMatch","lilac","handmade","lilac-handmade","ConcreteMatch","PositiveMatch"
"1278","666a09bf7e21e0d346d2d675","test_ValenceMatch_Negative","51","ValenceMatchingOnly","stupid","dirty","stupid-dirty","AbstractMismatch","NegativeMatch"
"1279","666a09bf7e21e0d346d2d675","control_Dissimilar","0","DissimilarControl","give","take","give-take","",""
"1280","666a09bf7e21e0d346d2d675","test_ConceptualMatch_Abstract","0","ConceptualMatchingOnly","soulless","mindful","soulless-mindful","ConceptualMatch:abstract","NegativeMismatch"
"1281","666a09bf7e21e0d346d2d675","test_ValenceMatch_Positive","11","ValenceMatchingOnly","pregnant","thankful","pregnant-thankful","ConcreteMismatch","PositiveMatch"
"1282","666a09bf7e21e0d346d2d675","control_MaxMatch_Positive_Abstract","71","MaxMatch","lovable","helpful","lovable-helpful","AbstractMatch","PositiveMatch"
"1283","666a09bf7e21e0d346d2d675","test_ConceptualMatch_Concrete","7","ConceptualMatchingOnly","blooming","wrinkled","blooming-wrinkled","ConceptualMatch:concrete","PositiveMismatch"
"1284","666a09bf7e21e0d346d2d675","control_MaxMatch_Negative_Abstract","69","MaxMatch","heartless","stupid","heartless-stupid","AbstractMatch","NegativeMatch"
"1285","666a09bf7e21e0d346d2d675","control_MaxMismatch","13","MaxMismatch","splendid","bloody","splendid-bloody","AbstractMismatch","PositiveMismatch"
"1286","666a09bf7e21e0d346d2d675","control_Similar","99","SimilarControl","help","assist","help-assist","",""
"1287","666a09bf7e21e0d346d2d675","control_MaxMatch_Negative_Concrete","56","MaxMatch","hairy","dirty","hairy-dirty","ConcreteMatch","NegativeMatch"
"1288","666a09bf7e21e0d346d2d675","control_Dissimilar","0","DissimilarControl","arrive","leave","arrive-leave","",""
"1289","666a09bf7e21e0d346d2d675","control_Similar","99","SimilarControl","use","employ","use-employ","",""
"1290","666a09bf7e21e0d346d2d675","control_MaxMatch_Positive_Concrete","8","MaxMatch","sunny","newborn","sunny-newborn","ConcreteMatch","PositiveMatch"
"1291","666a09bf7e21e0d346d2d675","test_ValenceMatch_Negative","2","ValenceMatchingOnly","stupid","freezing","stupid-freezing","AbstractMismatch","NegativeMatch"
"1292","666a09bf7e21e0d346d2d675","control_Dissimilar","0","DissimilarControl","increase","decrease","increase-decrease","",""
"1293","666a09bf7e21e0d346d2d675","test_ConceptualMatch_Abstract","10","ConceptualMatchingOnly","crappy","thankful","crappy-thankful","ConceptualMatch:abstract","NegativeMismatch"
"1294","666a09bf7e21e0d346d2d675","test_ValenceMatch_Positive","10","ValenceMatchingOnly","orange","lovable","orange-lovable","ConcreteMismatch","PositiveMatch"
"1295","666a09bf7e21e0d346d2d675","control_MaxMatch_Positive_Abstract","70","MaxMatch","lovable","pleasant","lovable-pleasant","AbstractMatch","PositiveMatch"
"1296","666a09bf7e21e0d346d2d675","test_ConceptualMatch_Concrete","8","ConceptualMatchingOnly","starry","toothless","starry-toothless","ConceptualMatch:concrete","PositiveMismatch"
"1297","666a09bf7e21e0d346d2d675","control_MaxMatch_Negative_Abstract","59","MaxMatch","soulless","disloyal","soulless-disloyal","AbstractMatch","NegativeMatch"
"1298","666a09bf7e21e0d346d2d675","control_MaxMismatch","6","MaxMismatch","helpful","freezing","helpful-freezing","AbstractMismatch","PositiveMismatch"
"1299","666a09bf7e21e0d346d2d675","control_Similar","99","SimilarControl","buy","purchase","buy-purchase","",""
"1300","666a09bf7e21e0d346d2d675","control_MaxMatch_Negative_Concrete","12","MaxMatch","bloodshot","rusted","bloodshot-rusted","ConcreteMatch","NegativeMatch"
"1301","66e45a69fe6e106566e40a65","control_Dissimilar","0","DissimilarControl","enter","exit","enter-exit","",""
"1302","66e45a69fe6e106566e40a65","control_Similar","83","SimilarControl","need","require","need-require","",""
"1303","66e45a69fe6e106566e40a65","control_MaxMatch_Positive_Concrete","77","MaxMatch","sunny","orange","sunny-orange","ConcreteMatch","PositiveMatch"
"1304","66e45a69fe6e106566e40a65","control_MaxMatch_Negative_Abstract","86","MaxMatch","heartless","sinful","heartless-sinful","AbstractMatch","NegativeMatch"
"1305","66e45a69fe6e106566e40a65","control_Dissimilar","0","DissimilarControl","rise","fall","rise-fall","",""
"1306","66e45a69fe6e106566e40a65","control_MaxMismatch","2","MaxMismatch","lovable","bloody","lovable-bloody","AbstractMismatch","PositiveMismatch"
"1307","66e45a69fe6e106566e40a65","test_ConceptualMatch_Abstract","0","ConceptualMatchingOnly","sinful","possible","sinful-possible","ConceptualMatch:abstract","NegativeMismatch"
"1308","66e45a69fe6e106566e40a65","control_Similar","99","SimilarControl","end","finish","end-finish","",""
"1309","66e45a69fe6e106566e40a65","test_ValenceMatch_Positive","0","ValenceMatchingOnly","human","possible","human-possible","ConcreteMismatch","PositiveMatch"
"1310","66e45a69fe6e106566e40a65","control_MaxMatch_Positive_Abstract","82","MaxMatch","thankful","mindful","thankful-mindful","AbstractMatch","PositiveMatch"
"1311","66e45a69fe6e106566e40a65","test_ConceptualMatch_Concrete","0","ConceptualMatchingOnly","newborn","bloody","newborn-bloody","ConceptualMatch:concrete","PositiveMismatch"
"1312","66e45a69fe6e106566e40a65","control_MaxMatch_Negative_Concrete","65","MaxMatch","bloodshot","bloody","bloodshot-bloody","ConcreteMatch","NegativeMatch"
"1313","66e45a69fe6e106566e40a65","test_ValenceMatch_Negative","0","ValenceMatchingOnly","stupid","rusted","stupid-rusted","AbstractMismatch","NegativeMatch"
"1314","66e45a69fe6e106566e40a65","control_Dissimilar","0","DissimilarControl","add","remove","add-remove","",""
"1315","66e45a69fe6e106566e40a65","control_Similar","99","SimilarControl","speak","talk","speak-talk","",""
"1316","66e45a69fe6e106566e40a65","control_MaxMatch_Positive_Concrete","0","MaxMatch","female","pregnant","female-pregnant","ConcreteMatch","PositiveMatch"
"1317","66e45a69fe6e106566e40a65","control_MaxMatch_Negative_Abstract","59","MaxMatch","soulless","sexist","soulless-sexist","AbstractMatch","NegativeMatch"
"1318","66e45a69fe6e106566e40a65","control_Dissimilar","0","DissimilarControl","arrive","leave","arrive-leave","",""
"1319","66e45a69fe6e106566e40a65","control_MaxMismatch","0","MaxMismatch","sensible","toothless","sensible-toothless","AbstractMismatch","PositiveMismatch"
"1320","66e45a69fe6e106566e40a65","test_ConceptualMatch_Abstract","0","ConceptualMatchingOnly","crappy","thankful","crappy-thankful","ConceptualMatch:abstract","NegativeMismatch"
"1321","66e45a69fe6e106566e40a65","control_Similar","79","SimilarControl","use","employ","use-employ","",""
"1322","66e45a69fe6e106566e40a65","test_ValenceMatch_Positive","59","ValenceMatchingOnly","sunny","lovable","sunny-lovable","ConcreteMismatch","PositiveMatch"
"1323","66e45a69fe6e106566e40a65","control_MaxMatch_Positive_Abstract","0","MaxMatch","possible","divine","possible-divine","AbstractMatch","PositiveMatch"
"1324","66e45a69fe6e106566e40a65","test_ConceptualMatch_Concrete","0","ConceptualMatchingOnly","sunny","rusted","sunny-rusted","ConceptualMatch:concrete","PositiveMismatch"
"1325","66e45a69fe6e106566e40a65","control_MaxMatch_Negative_Concrete","0","MaxMatch","rusted","wrinkled","rusted-wrinkled","ConcreteMatch","NegativeMatch"
"1326","66e45a69fe6e106566e40a65","test_ValenceMatch_Negative","53","ValenceMatchingOnly","awful","toothless","awful-toothless","AbstractMismatch","NegativeMatch"
"1327","66e45a69fe6e106566e40a65","control_Dissimilar","0","DissimilarControl","increase","decrease","increase-decrease","",""
"1328","66e45a69fe6e106566e40a65","control_Similar","98","SimilarControl","buy","purchase","buy-purchase","",""
"1329","66e45a69fe6e106566e40a65","control_MaxMatch_Positive_Concrete","0","MaxMatch","lilac","human","lilac-human","ConcreteMatch","PositiveMatch"
"1330","66e45a69fe6e106566e40a65","control_MaxMatch_Negative_Abstract","63","MaxMatch","crappy","disloyal","crappy-disloyal","AbstractMatch","NegativeMatch"
"1331","66e45a69fe6e106566e40a65","control_Dissimilar","0","DissimilarControl","begin","end","begin-end","",""
"1332","66e45a69fe6e106566e40a65","control_MaxMismatch","0","MaxMismatch","mindful","bloody","mindful-bloody","AbstractMismatch","PositiveMismatch"
"1333","66e45a69fe6e106566e40a65","test_ConceptualMatch_Abstract","0","ConceptualMatchingOnly","evil","possible","evil-possible","ConceptualMatch:abstract","NegativeMismatch"
"1334","66e45a69fe6e106566e40a65","control_Similar","99","SimilarControl","show","display","show-display","",""
"1335","66e45a69fe6e106566e40a65","test_ValenceMatch_Positive","0","ValenceMatchingOnly","orange","splendid","orange-splendid","ConcreteMismatch","PositiveMatch"
"1336","66e45a69fe6e106566e40a65","control_MaxMatch_Positive_Abstract","0","MaxMatch","honest","divine","honest-divine","AbstractMatch","PositiveMatch"
"1337","66e45a69fe6e106566e40a65","test_ConceptualMatch_Concrete","0","ConceptualMatchingOnly","blooming","bloodshot","blooming-bloodshot","ConceptualMatch:concrete","PositiveMismatch"
"1338","66e45a69fe6e106566e40a65","control_MaxMatch_Negative_Concrete","0","MaxMatch","bloodshot","rusted","bloodshot-rusted","ConcreteMatch","NegativeMatch"
"1339","66e45a69fe6e106566e40a65","test_ValenceMatch_Negative","0","ValenceMatchingOnly","stupid","thorny","stupid-thorny","AbstractMismatch","NegativeMatch"
"1340","66e45a69fe6e106566e40a65","control_Dissimilar","0","DissimilarControl","give","take","give-take","",""
"1341","66e45a69fe6e106566e40a65","control_Similar","99","SimilarControl","get","obtain","get-obtain","",""
"1342","66e45a69fe6e106566e40a65","control_MaxMatch_Positive_Concrete","0","MaxMatch","orange","pregnant","orange-pregnant","ConcreteMatch","PositiveMatch"
"1343","66e45a69fe6e106566e40a65","control_MaxMatch_Negative_Abstract","80","MaxMatch","soulless","sinful","soulless-sinful","AbstractMatch","NegativeMatch"
"1344","66e45a69fe6e106566e40a65","control_Dissimilar","0","DissimilarControl","push","pull","push-pull","",""
"1345","66e45a69fe6e106566e40a65","control_MaxMismatch","0","MaxMismatch","lovable","hairy","lovable-hairy","AbstractMismatch","PositiveMismatch"
"1346","66e45a69fe6e106566e40a65","test_ConceptualMatch_Abstract","0","ConceptualMatchingOnly","sexist","possible","sexist-possible","ConceptualMatch:abstract","NegativeMismatch"
"1347","66e45a69fe6e106566e40a65","control_Similar","99","SimilarControl","ask","inquire","ask-inquire","",""
"1348","66e45a69fe6e106566e40a65","test_ValenceMatch_Positive","0","ValenceMatchingOnly","female","possible","female-possible","ConcreteMismatch","PositiveMatch"
"1349","66e45a69fe6e106566e40a65","control_MaxMatch_Positive_Abstract","0","MaxMatch","helpful","divine","helpful-divine","AbstractMatch","PositiveMatch"
"1350","66e45a69fe6e106566e40a65","test_ConceptualMatch_Concrete","0","ConceptualMatchingOnly","orange","toothless","orange-toothless","ConceptualMatch:concrete","PositiveMismatch"
"1351","66e45a69fe6e106566e40a65","control_MaxMatch_Negative_Concrete","0","MaxMatch","headless","freezing","headless-freezing","ConcreteMatch","NegativeMatch"
"1352","66e45a69fe6e106566e40a65","test_ValenceMatch_Negative","0","ValenceMatchingOnly","stupid","freezing","stupid-freezing","AbstractMismatch","NegativeMatch"
"1353","66e45a69fe6e106566e40a65","control_Dissimilar","0","DissimilarControl","come","go","come-go","",""
"1354","66e45a69fe6e106566e40a65","control_Similar","99","SimilarControl","help","assist","help-assist","",""
"1355","66e45a69fe6e106566e40a65","control_MaxMatch_Positive_Concrete","0","MaxMatch","blooming","handmade","blooming-handmade","ConcreteMatch","PositiveMatch"
"1356","66e45a69fe6e106566e40a65","control_MaxMatch_Negative_Abstract","86","MaxMatch","sexist","stupid","sexist-stupid","AbstractMatch","NegativeMatch"
"1357","66e45a69fe6e106566e40a65","control_Dissimilar","0","DissimilarControl","open","close","open-close","",""
"1358","66e45a69fe6e106566e40a65","control_MaxMismatch","0","MaxMismatch","sensible","headless","sensible-headless","AbstractMismatch","PositiveMismatch"
"1359","66e45a69fe6e106566e40a65","test_ConceptualMatch_Abstract","0","ConceptualMatchingOnly","awful","possible","awful-possible","ConceptualMatch:abstract","NegativeMismatch"
"1360","66e45a69fe6e106566e40a65","control_Similar","99","SimilarControl","begin","start","begin-start","",""
"1361","66e45a69fe6e106566e40a65","test_ValenceMatch_Positive","0","ValenceMatchingOnly","newborn","thankful","newborn-thankful","ConcreteMismatch","PositiveMatch"
"1362","66e45a69fe6e106566e40a65","control_MaxMatch_Positive_Abstract","42","MaxMatch","possible","helpful","possible-helpful","AbstractMatch","PositiveMatch"
"1363","66e45a69fe6e106566e40a65","test_ConceptualMatch_Concrete","0","ConceptualMatchingOnly","female","freezing","female-freezing","ConceptualMatch:concrete","PositiveMismatch"
"1364","66e45a69fe6e106566e40a65","control_MaxMatch_Negative_Concrete","0","MaxMatch","headless","dirty","headless-dirty","ConcreteMatch","NegativeMatch"
"1365","66e45a69fe6e106566e40a65","test_ValenceMatch_Negative","86","ValenceMatchingOnly","sinful","dirty","sinful-dirty","AbstractMismatch","NegativeMatch"
"1366","66a95d70975d6208dbb70c1e@email.prolific.com","control_Similar","99","SimilarControl","get","obtain","get-obtain","",""
"1367","66a95d70975d6208dbb70c1e@email.prolific.com","control_Dissimilar","5","DissimilarControl","give","take","give-take","",""
"1368","66a95d70975d6208dbb70c1e@email.prolific.com","control_Similar","99","SimilarControl","show","display","show-display","",""
"1369","66a95d70975d6208dbb70c1e@email.prolific.com","control_Dissimilar","3","DissimilarControl","arrive","leave","arrive-leave","",""
"1370","66a95d70975d6208dbb70c1e@email.prolific.com","test_ValenceMatch_Positive","19","ValenceMatchingOnly","pregnant","pleasant","pregnant-pleasant","ConcreteMismatch","PositiveMatch"
"1371","66a95d70975d6208dbb70c1e@email.prolific.com","control_MaxMatch_Positive_Abstract","92","MaxMatch","thankful","sensible","thankful-sensible","AbstractMatch","PositiveMatch"
"1372","66a95d70975d6208dbb70c1e@email.prolific.com","control_MaxMismatch","5","MaxMismatch","lovable","hairy","lovable-hairy","AbstractMismatch","PositiveMismatch"
"1373","66a95d70975d6208dbb70c1e@email.prolific.com","control_MaxMatch_Positive_Concrete","11","MaxMatch","lilac","handmade","lilac-handmade","ConcreteMatch","PositiveMatch"
"1374","66a95d70975d6208dbb70c1e@email.prolific.com","control_MaxMatch_Negative_Abstract","88","MaxMatch","heartless","crappy","heartless-crappy","AbstractMatch","NegativeMatch"
"1375","66a95d70975d6208dbb70c1e@email.prolific.com","test_ConceptualMatch_Concrete","13","ConceptualMatchingOnly","handmade","dirty","handmade-dirty","ConceptualMatch:concrete","PositiveMismatch"
"1376","66a95d70975d6208dbb70c1e@email.prolific.com","test_ValenceMatch_Negative","34","ValenceMatchingOnly","soulless","wrinkled","soulless-wrinkled","AbstractMismatch","NegativeMatch"
"1377","66a95d70975d6208dbb70c1e@email.prolific.com","test_ConceptualMatch_Abstract","1","ConceptualMatchingOnly","evil","possible","evil-possible","ConceptualMatch:abstract","NegativeMismatch"
"1378","66a95d70975d6208dbb70c1e@email.prolific.com","control_MaxMatch_Negative_Concrete","24","MaxMatch","thorny","hairy","thorny-hairy","ConcreteMatch","NegativeMatch"
"1379","66a95d70975d6208dbb70c1e@email.prolific.com","control_Similar","96","SimilarControl","end","finish","end-finish","",""
"1380","66a95d70975d6208dbb70c1e@email.prolific.com","control_Dissimilar","18","DissimilarControl","begin","end","begin-end","",""
"1381","66a95d70975d6208dbb70c1e@email.prolific.com","control_Similar","99","SimilarControl","help","assist","help-assist","",""
"1382","66a95d70975d6208dbb70c1e@email.prolific.com","control_Dissimilar","13","DissimilarControl","enter","exit","enter-exit","",""
"1383","66a95d70975d6208dbb70c1e@email.prolific.com","test_ValenceMatch_Positive","40","ValenceMatchingOnly","sunny","possible","sunny-possible","ConcreteMismatch","PositiveMatch"
"1384","66a95d70975d6208dbb70c1e@email.prolific.com","control_MaxMatch_Positive_Abstract","92","MaxMatch","possible","helpful","possible-helpful","AbstractMatch","PositiveMatch"
"1385","66a95d70975d6208dbb70c1e@email.prolific.com","control_MaxMismatch","11","MaxMismatch","splendid","toothless","splendid-toothless","AbstractMismatch","PositiveMismatch"
"1386","66a95d70975d6208dbb70c1e@email.prolific.com","control_MaxMatch_Positive_Concrete","17","MaxMatch","orange","pregnant","orange-pregnant","ConcreteMatch","PositiveMatch"
"1387","66a95d70975d6208dbb70c1e@email.prolific.com","control_MaxMatch_Negative_Abstract","98","MaxMatch","awful","sinful","awful-sinful","AbstractMatch","NegativeMatch"
"1388","66a95d70975d6208dbb70c1e@email.prolific.com","test_ConceptualMatch_Concrete","11","ConceptualMatchingOnly","blooming","bloodshot","blooming-bloodshot","ConceptualMatch:concrete","PositiveMismatch"
"1389","66a95d70975d6208dbb70c1e@email.prolific.com","test_ValenceMatch_Negative","0","ValenceMatchingOnly","soulless","bloodshot","soulless-bloodshot","AbstractMismatch","NegativeMatch"
"1390","66a95d70975d6208dbb70c1e@email.prolific.com","test_ConceptualMatch_Abstract","3","ConceptualMatchingOnly","heartless","divine","heartless-divine","ConceptualMatch:abstract","NegativeMismatch"
"1391","66a95d70975d6208dbb70c1e@email.prolific.com","control_MaxMatch_Negative_Concrete","0","MaxMatch","toothless","hairy","toothless-hairy","ConcreteMatch","NegativeMatch"
"1392","66a95d70975d6208dbb70c1e@email.prolific.com","control_Similar","13","SimilarControl","begin","start","begin-start","",""
"1393","66a95d70975d6208dbb70c1e@email.prolific.com","control_Dissimilar","17","DissimilarControl","push","pull","push-pull","",""
"1394","66a95d70975d6208dbb70c1e@email.prolific.com","control_Similar","99","SimilarControl","buy","purchase","buy-purchase","",""
"1395","66a95d70975d6208dbb70c1e@email.prolific.com","control_Dissimilar","4","DissimilarControl","increase","decrease","increase-decrease","",""
"1396","66a95d70975d6208dbb70c1e@email.prolific.com","test_ValenceMatch_Positive","19","ValenceMatchingOnly","human","thankful","human-thankful","ConcreteMismatch","PositiveMatch"
"1397","66a95d70975d6208dbb70c1e@email.prolific.com","control_MaxMatch_Positive_Abstract","99","MaxMatch","lovable","thankful","lovable-thankful","AbstractMatch","PositiveMatch"
"1398","66a95d70975d6208dbb70c1e@email.prolific.com","control_MaxMismatch","3","MaxMismatch","divine","toothless","divine-toothless","AbstractMismatch","PositiveMismatch"
"1399","66a95d70975d6208dbb70c1e@email.prolific.com","control_MaxMatch_Positive_Concrete","5","MaxMatch","orange","starry","orange-starry","ConcreteMatch","PositiveMatch"
"1400","66a95d70975d6208dbb70c1e@email.prolific.com","control_MaxMatch_Negative_Abstract","80","MaxMatch","soulless","crappy","soulless-crappy","AbstractMatch","NegativeMatch"
"1401","66a95d70975d6208dbb70c1e@email.prolific.com","test_ConceptualMatch_Concrete","6","ConceptualMatchingOnly","orange","bloodshot","orange-bloodshot","ConceptualMatch:concrete","PositiveMismatch"
"1402","66a95d70975d6208dbb70c1e@email.prolific.com","test_ValenceMatch_Negative","28","ValenceMatchingOnly","evil","rusted","evil-rusted","AbstractMismatch","NegativeMatch"
"1403","66a95d70975d6208dbb70c1e@email.prolific.com","test_ConceptualMatch_Abstract","11","ConceptualMatchingOnly","worthless","possible","worthless-possible","ConceptualMatch:abstract","NegativeMismatch"
"1404","66a95d70975d6208dbb70c1e@email.prolific.com","control_MaxMatch_Negative_Concrete","14","MaxMatch","bloodshot","freezing","bloodshot-freezing","ConcreteMatch","NegativeMatch"
"1405","66a95d70975d6208dbb70c1e@email.prolific.com","control_Similar","81","SimilarControl","use","employ","use-employ","",""
"1406","66a95d70975d6208dbb70c1e@email.prolific.com","control_Dissimilar","20","DissimilarControl","open","close","open-close","",""
"1407","66a95d70975d6208dbb70c1e@email.prolific.com","control_Similar","90","SimilarControl","need","require","need-require","",""
"1408","66a95d70975d6208dbb70c1e@email.prolific.com","control_Dissimilar","16","DissimilarControl","add","remove","add-remove","",""
"1409","66a95d70975d6208dbb70c1e@email.prolific.com","test_ValenceMatch_Positive","17","ValenceMatchingOnly","sunny","sensible","sunny-sensible","ConcreteMismatch","PositiveMatch"
"1410","66a95d70975d6208dbb70c1e@email.prolific.com","control_MaxMatch_Positive_Abstract","87","MaxMatch","thankful","pleasant","thankful-pleasant","AbstractMatch","PositiveMatch"
"1411","66a95d70975d6208dbb70c1e@email.prolific.com","control_MaxMismatch","18","MaxMismatch","possible","rusted","possible-rusted","AbstractMismatch","PositiveMismatch"
"1412","66a95d70975d6208dbb70c1e@email.prolific.com","control_MaxMatch_Positive_Concrete","24","MaxMatch","sunny","human","sunny-human","ConcreteMatch","PositiveMatch"
"1413","66a95d70975d6208dbb70c1e@email.prolific.com","control_MaxMatch_Negative_Abstract","80","MaxMatch","soulless","heartless","soulless-heartless","AbstractMatch","NegativeMatch"
"1414","66a95d70975d6208dbb70c1e@email.prolific.com","test_ConceptualMatch_Concrete","9","ConceptualMatchingOnly","starry","freezing","starry-freezing","ConceptualMatch:concrete","PositiveMismatch"
"1415","66a95d70975d6208dbb70c1e@email.prolific.com","test_ValenceMatch_Negative","14","ValenceMatchingOnly","disloyal","bloodshot","disloyal-bloodshot","AbstractMismatch","NegativeMatch"
"1416","66a95d70975d6208dbb70c1e@email.prolific.com","test_ConceptualMatch_Abstract","12","ConceptualMatchingOnly","evil","splendid","evil-splendid","ConceptualMatch:abstract","NegativeMismatch"
"1417","66a95d70975d6208dbb70c1e@email.prolific.com","control_MaxMatch_Negative_Concrete","1","MaxMatch","headless","bloodshot","headless-bloodshot","ConcreteMatch","NegativeMatch"
"1418","66a95d70975d6208dbb70c1e@email.prolific.com","control_Similar","94","SimilarControl","speak","talk","speak-talk","",""
"1419","66a95d70975d6208dbb70c1e@email.prolific.com","control_Dissimilar","0","DissimilarControl","rise","fall","rise-fall","",""
"1420","66a95d70975d6208dbb70c1e@email.prolific.com","control_Similar","99","SimilarControl","ask","inquire","ask-inquire","",""
"1421","66a95d70975d6208dbb70c1e@email.prolific.com","control_Dissimilar","21","DissimilarControl","come","go","come-go","",""
"1422","66a95d70975d6208dbb70c1e@email.prolific.com","test_ValenceMatch_Positive","6","ValenceMatchingOnly","newborn","helpful","newborn-helpful","ConcreteMismatch","PositiveMatch"
"1423","66a95d70975d6208dbb70c1e@email.prolific.com","control_MaxMatch_Positive_Abstract","85","MaxMatch","helpful","divine","helpful-divine","AbstractMatch","PositiveMatch"
"1424","66a95d70975d6208dbb70c1e@email.prolific.com","control_MaxMismatch","5","MaxMismatch","pleasant","freezing","pleasant-freezing","AbstractMismatch","PositiveMismatch"
"1425","66a95d70975d6208dbb70c1e@email.prolific.com","control_MaxMatch_Positive_Concrete","9","MaxMatch","lilac","pregnant","lilac-pregnant","ConcreteMatch","PositiveMatch"
"1426","66a95d70975d6208dbb70c1e@email.prolific.com","control_MaxMatch_Negative_Abstract","83","MaxMatch","awful","evil","awful-evil","AbstractMatch","NegativeMatch"
"1427","66a95d70975d6208dbb70c1e@email.prolific.com","test_ConceptualMatch_Concrete","7","ConceptualMatchingOnly","female","toothless","female-toothless","ConceptualMatch:concrete","PositiveMismatch"
"1428","66a95d70975d6208dbb70c1e@email.prolific.com","test_ValenceMatch_Negative","79","ValenceMatchingOnly","soulless","dirty","soulless-dirty","AbstractMismatch","NegativeMatch"
"1429","66a95d70975d6208dbb70c1e@email.prolific.com","test_ConceptualMatch_Abstract","5","ConceptualMatchingOnly","awful","pleasant","awful-pleasant","ConceptualMatch:abstract","NegativeMismatch"
"1430","66a95d70975d6208dbb70c1e@email.prolific.com","control_MaxMatch_Negative_Concrete","0","MaxMatch","bloodshot","bloody","bloodshot-bloody","ConcreteMatch","NegativeMatch"
"1431","67d095bc257ecc840642912e","control_Similar","99","SimilarControl","show","display","show-display","",""
"1432","67d095bc257ecc840642912e","control_Dissimilar","0","DissimilarControl","rise","fall","rise-fall","",""
"1433","67d095bc257ecc840642912e","test_ValenceMatch_Negative","0","ValenceMatchingOnly","awful","hairy","awful-hairy","AbstractMismatch","NegativeMatch"
"1434","67d095bc257ecc840642912e","control_MaxMismatch","0","MaxMismatch","lovable","dirty","lovable-dirty","AbstractMismatch","PositiveMismatch"
"1435","67d095bc257ecc840642912e","control_MaxMatch_Negative_Concrete","74","MaxMatch","rusted","hairy","rusted-hairy","ConcreteMatch","NegativeMatch"
"1436","67d095bc257ecc840642912e","test_ConceptualMatch_Abstract","0","ConceptualMatchingOnly","sinful","lovable","sinful-lovable","ConceptualMatch:abstract","NegativeMismatch"
"1437","67d095bc257ecc840642912e","control_Similar","99","SimilarControl","need","require","need-require","",""
"1438","67d095bc257ecc840642912e","test_ValenceMatch_Positive","84","ValenceMatchingOnly","lilac","divine","lilac-divine","ConcreteMismatch","PositiveMatch"
"1439","67d095bc257ecc840642912e","control_MaxMatch_Positive_Concrete","0","MaxMatch","orange","starry","orange-starry","ConcreteMatch","PositiveMatch"
"1440","67d095bc257ecc840642912e","control_MaxMatch_Positive_Abstract","70","MaxMatch","helpful","divine","helpful-divine","AbstractMatch","PositiveMatch"
"1441","67d095bc257ecc840642912e","control_MaxMatch_Negative_Abstract","97","MaxMatch","worthless","crappy","worthless-crappy","AbstractMatch","NegativeMatch"
"1442","67d095bc257ecc840642912e","control_Dissimilar","0","DissimilarControl","add","remove","add-remove","",""
"1443","67d095bc257ecc840642912e","test_ConceptualMatch_Concrete","1","ConceptualMatchingOnly","female","headless","female-headless","ConceptualMatch:concrete","PositiveMismatch"
"1444","67d095bc257ecc840642912e","control_Similar","99","SimilarControl","help","assist","help-assist","",""
"1445","67d095bc257ecc840642912e","control_Dissimilar","0","DissimilarControl","push","pull","push-pull","",""
"1446","67d095bc257ecc840642912e","test_ValenceMatch_Negative","22","ValenceMatchingOnly","evil","hairy","evil-hairy","AbstractMismatch","NegativeMatch"
"1447","67d095bc257ecc840642912e","control_MaxMismatch","0","MaxMismatch","divine","dirty","divine-dirty","AbstractMismatch","PositiveMismatch"
"1448","67d095bc257ecc840642912e","control_MaxMatch_Negative_Concrete","0","MaxMatch","dirty","freezing","dirty-freezing","ConcreteMatch","NegativeMatch"
"1449","67d095bc257ecc840642912e","test_ConceptualMatch_Abstract","0","ConceptualMatchingOnly","crappy","honest","crappy-honest","ConceptualMatch:abstract","NegativeMismatch"
"1450","67d095bc257ecc840642912e","control_Similar","99","SimilarControl","buy","purchase","buy-purchase","",""
"1451","67d095bc257ecc840642912e","test_ValenceMatch_Positive","0","ValenceMatchingOnly","pregnant","sensible","pregnant-sensible","ConcreteMismatch","PositiveMatch"
"1452","67d095bc257ecc840642912e","control_MaxMatch_Positive_Concrete","42","MaxMatch","blooming","orange","blooming-orange","ConcreteMatch","PositiveMatch"
"1453","67d095bc257ecc840642912e","control_MaxMatch_Positive_Abstract","39","MaxMatch","thankful","possible","thankful-possible","AbstractMatch","PositiveMatch"
"1454","67d095bc257ecc840642912e","control_MaxMatch_Negative_Abstract","82","MaxMatch","sexist","disloyal","sexist-disloyal","AbstractMatch","NegativeMatch"
"1455","67d095bc257ecc840642912e","control_Dissimilar","0","DissimilarControl","arrive","leave","arrive-leave","",""
"1456","67d095bc257ecc840642912e","test_ConceptualMatch_Concrete","0","ConceptualMatchingOnly","sunny","bloody","sunny-bloody","ConceptualMatch:concrete","PositiveMismatch"
"1457","67d095bc257ecc840642912e","control_Similar","99","SimilarControl","ask","inquire","ask-inquire","",""
"1458","67d095bc257ecc840642912e","control_Dissimilar","0","DissimilarControl","open","close","open-close","",""
"1459","67d095bc257ecc840642912e","test_ValenceMatch_Negative","0","ValenceMatchingOnly","disloyal","toothless","disloyal-toothless","AbstractMismatch","NegativeMatch"
"1460","67d095bc257ecc840642912e","control_MaxMismatch","0","MaxMismatch","lovable","rusted","lovable-rusted","AbstractMismatch","PositiveMismatch"
"1461","67d095bc257ecc840642912e","control_MaxMatch_Negative_Concrete","4","MaxMatch","freezing","bloody","freezing-bloody","ConcreteMatch","NegativeMatch"
"1462","67d095bc257ecc840642912e","test_ConceptualMatch_Abstract","0","ConceptualMatchingOnly","awful","sensible","awful-sensible","ConceptualMatch:abstract","NegativeMismatch"
"1463","67d095bc257ecc840642912e","control_Similar","99","SimilarControl","end","finish","end-finish","",""
"1464","67d095bc257ecc840642912e","test_ValenceMatch_Positive","42","ValenceMatchingOnly","female","helpful","female-helpful","ConcreteMismatch","PositiveMatch"
"1465","67d095bc257ecc840642912e","control_MaxMatch_Positive_Concrete","42","MaxMatch","lilac","handmade","lilac-handmade","ConcreteMatch","PositiveMatch"
"1466","67d095bc257ecc840642912e","control_MaxMatch_Positive_Abstract","60","MaxMatch","splendid","possible","splendid-possible","AbstractMatch","PositiveMatch"
"1467","67d095bc257ecc840642912e","control_MaxMatch_Negative_Abstract","99","MaxMatch","crappy","disloyal","crappy-disloyal","AbstractMatch","NegativeMatch"
"1468","67d095bc257ecc840642912e","control_Dissimilar","0","DissimilarControl","enter","exit","enter-exit","",""
"1469","67d095bc257ecc840642912e","test_ConceptualMatch_Concrete","1","ConceptualMatchingOnly","newborn","wrinkled","newborn-wrinkled","ConceptualMatch:concrete","PositiveMismatch"
"1470","67d095bc257ecc840642912e","control_Similar","99","SimilarControl","speak","talk","speak-talk","",""
"1471","67d095bc257ecc840642912e","control_Dissimilar","0","DissimilarControl","come","go","come-go","",""
"1472","67d095bc257ecc840642912e","test_ValenceMatch_Negative","59","ValenceMatchingOnly","evil","bloody","evil-bloody","AbstractMismatch","NegativeMatch"
"1473","67d095bc257ecc840642912e","control_MaxMismatch","0","MaxMismatch","possible","bloody","possible-bloody","AbstractMismatch","PositiveMismatch"
"1474","67d095bc257ecc840642912e","control_MaxMatch_Negative_Concrete","0","MaxMatch","bloodshot","rusted","bloodshot-rusted","ConcreteMatch","NegativeMatch"
"1475","67d095bc257ecc840642912e","test_ConceptualMatch_Abstract","0","ConceptualMatchingOnly","sexist","mindful","sexist-mindful","ConceptualMatch:abstract","NegativeMismatch"
"1476","67d095bc257ecc840642912e","control_Similar","99","SimilarControl","use","employ","use-employ","",""
"1477","67d095bc257ecc840642912e","test_ValenceMatch_Positive","87","ValenceMatchingOnly","starry","divine","starry-divine","ConcreteMismatch","PositiveMatch"
"1478","67d095bc257ecc840642912e","control_MaxMatch_Positive_Concrete","72","MaxMatch","female","pregnant","female-pregnant","ConcreteMatch","PositiveMatch"
"1479","67d095bc257ecc840642912e","control_MaxMatch_Positive_Abstract","94","MaxMatch","honest","mindful","honest-mindful","AbstractMatch","PositiveMatch"
"1480","67d095bc257ecc840642912e","control_MaxMatch_Negative_Abstract","0","MaxMatch","soulless","stupid","soulless-stupid","AbstractMatch","NegativeMatch"
"1481","67d095bc257ecc840642912e","control_Dissimilar","0","DissimilarControl","begin","end","begin-end","",""
"1482","67d095bc257ecc840642912e","test_ConceptualMatch_Concrete","0","ConceptualMatchingOnly","handmade","dirty","handmade-dirty","ConceptualMatch:concrete","PositiveMismatch"
"1483","67d095bc257ecc840642912e","control_Similar","99","SimilarControl","begin","start","begin-start","",""
"1484","67d095bc257ecc840642912e","control_Dissimilar","0","DissimilarControl","give","take","give-take","",""
"1485","67d095bc257ecc840642912e","test_ValenceMatch_Negative","0","ValenceMatchingOnly","stupid","toothless","stupid-toothless","AbstractMismatch","NegativeMatch"
"1486","67d095bc257ecc840642912e","control_MaxMismatch","0","MaxMismatch","possible","bloodshot","possible-bloodshot","AbstractMismatch","PositiveMismatch"
"1487","67d095bc257ecc840642912e","control_MaxMatch_Negative_Concrete","0","MaxMatch","bloodshot","hairy","bloodshot-hairy","ConcreteMatch","NegativeMatch"
"1488","67d095bc257ecc840642912e","test_ConceptualMatch_Abstract","0","ConceptualMatchingOnly","heartless","splendid","heartless-splendid","ConceptualMatch:abstract","NegativeMismatch"
"1489","67d095bc257ecc840642912e","control_Similar","95","SimilarControl","get","obtain","get-obtain","",""
"1490","67d095bc257ecc840642912e","test_ValenceMatch_Positive","0","ValenceMatchingOnly","female","honest","female-honest","ConcreteMismatch","PositiveMatch"
"1491","67d095bc257ecc840642912e","control_MaxMatch_Positive_Concrete","0","MaxMatch","blooming","starry","blooming-starry","ConcreteMatch","PositiveMatch"
"1492","67d095bc257ecc840642912e","control_MaxMatch_Positive_Abstract","61","MaxMatch","possible","helpful","possible-helpful","AbstractMatch","PositiveMatch"
"1493","67d095bc257ecc840642912e","control_MaxMatch_Negative_Abstract","0","MaxMatch","heartless","sexist","heartless-sexist","AbstractMatch","NegativeMatch"
"1494","67d095bc257ecc840642912e","control_Dissimilar","0","DissimilarControl","increase","decrease","increase-decrease","",""
"1495","67d095bc257ecc840642912e","test_ConceptualMatch_Concrete","1","ConceptualMatchingOnly","newborn","rusted","newborn-rusted","ConceptualMatch:concrete","PositiveMismatch"
"1496","633c74ad6178784ed5b52104","control_Similar","99","SimilarControl","show","display","show-display","",""
"1497","633c74ad6178784ed5b52104","control_Dissimilar","20","DissimilarControl","arrive","leave","arrive-leave","",""
"1498","633c74ad6178784ed5b52104","test_ValenceMatch_Negative","51","ValenceMatchingOnly","heartless","bloodshot","heartless-bloodshot","AbstractMismatch","NegativeMatch"
"1499","633c74ad6178784ed5b52104","test_ValenceMatch_Positive","68","ValenceMatchingOnly","female","divine","female-divine","ConcreteMismatch","PositiveMatch"
"1500","633c74ad6178784ed5b52104","test_ConceptualMatch_Concrete","62","ConceptualMatchingOnly","lilac","thorny","lilac-thorny","ConceptualMatch:concrete","PositiveMismatch"
"1501","633c74ad6178784ed5b52104","control_Similar","99","SimilarControl","begin","start","begin-start","",""
"1502","633c74ad6178784ed5b52104","test_ConceptualMatch_Abstract","0","ConceptualMatchingOnly","evil","mindful","evil-mindful","ConceptualMatch:abstract","NegativeMismatch"
"1503","633c74ad6178784ed5b52104","control_MaxMatch_Positive_Abstract","99","MaxMatch","pleasant","helpful","pleasant-helpful","AbstractMatch","PositiveMatch"
"1504","633c74ad6178784ed5b52104","control_Dissimilar","10","DissimilarControl","increase","decrease","increase-decrease","",""
"1505","633c74ad6178784ed5b52104","control_MaxMatch_Negative_Abstract","99","MaxMatch","soulless","sinful","soulless-sinful","AbstractMatch","NegativeMatch"
"1506","633c74ad6178784ed5b52104","control_MaxMatch_Negative_Concrete","58","MaxMatch","toothless","freezing","toothless-freezing","ConcreteMatch","NegativeMatch"
"1507","633c74ad6178784ed5b52104","control_MaxMismatch","0","MaxMismatch","sensible","bloodshot","sensible-bloodshot","AbstractMismatch","PositiveMismatch"
"1508","633c74ad6178784ed5b52104","control_MaxMatch_Positive_Concrete","83","MaxMatch","female","newborn","female-newborn","ConcreteMatch","PositiveMatch"
"1509","633c74ad6178784ed5b52104","control_Similar","99","SimilarControl","help","assist","help-assist","",""
"1510","633c74ad6178784ed5b52104","control_Dissimilar","27","DissimilarControl","open","close","open-close","",""
"1511","633c74ad6178784ed5b52104","test_ValenceMatch_Negative","69","ValenceMatchingOnly","worthless","toothless","worthless-toothless","AbstractMismatch","NegativeMatch"
"1512","633c74ad6178784ed5b52104","test_ValenceMatch_Positive","35","ValenceMatchingOnly","handmade","possible","handmade-possible","ConcreteMismatch","PositiveMatch"
"1513","633c74ad6178784ed5b52104","test_ConceptualMatch_Concrete","29","ConceptualMatchingOnly","blooming","thorny","blooming-thorny","ConceptualMatch:concrete","PositiveMismatch"
"1514","633c74ad6178784ed5b52104","control_Similar","99","SimilarControl","ask","inquire","ask-inquire","",""
"1515","633c74ad6178784ed5b52104","test_ConceptualMatch_Abstract","23","ConceptualMatchingOnly","heartless","sensible","heartless-sensible","ConceptualMatch:abstract","NegativeMismatch"
"1516","633c74ad6178784ed5b52104","control_MaxMatch_Positive_Abstract","82","MaxMatch","honest","lovable","honest-lovable","AbstractMatch","PositiveMatch"
"1517","633c74ad6178784ed5b52104","control_Dissimilar","18","DissimilarControl","add","remove","add-remove","",""
"1518","633c74ad6178784ed5b52104","control_MaxMatch_Negative_Abstract","99","MaxMatch","evil","heartless","evil-heartless","AbstractMatch","NegativeMatch"
"1519","633c74ad6178784ed5b52104","control_MaxMatch_Negative_Concrete","83","MaxMatch","headless","bloody","headless-bloody","ConcreteMatch","NegativeMatch"
"1520","633c74ad6178784ed5b52104","control_MaxMismatch","15","MaxMismatch","sensible","headless","sensible-headless","AbstractMismatch","PositiveMismatch"
"1521","633c74ad6178784ed5b52104","control_MaxMatch_Positive_Concrete","99","MaxMatch","human","newborn","human-newborn","ConcreteMatch","PositiveMatch"
"1522","633c74ad6178784ed5b52104","control_Similar","99","SimilarControl","need","require","need-require","",""
"1523","633c74ad6178784ed5b52104","control_Dissimilar","17","DissimilarControl","begin","end","begin-end","",""
"1524","633c74ad6178784ed5b52104","test_ValenceMatch_Negative","49","ValenceMatchingOnly","disloyal","bloodshot","disloyal-bloodshot","AbstractMismatch","NegativeMatch"
"1525","633c74ad6178784ed5b52104","test_ValenceMatch_Positive","0","ValenceMatchingOnly","lilac","mindful","lilac-mindful","ConcreteMismatch","PositiveMatch"
"1526","633c74ad6178784ed5b52104","test_ConceptualMatch_Concrete","62","ConceptualMatchingOnly","female","hairy","female-hairy","ConceptualMatch:concrete","PositiveMismatch"
"1527","633c74ad6178784ed5b52104","control_Similar","99","SimilarControl","speak","talk","speak-talk","",""
"1528","633c74ad6178784ed5b52104","test_ConceptualMatch_Abstract","34","ConceptualMatchingOnly","stupid","honest","stupid-honest","ConceptualMatch:abstract","NegativeMismatch"
"1529","633c74ad6178784ed5b52104","control_MaxMatch_Positive_Abstract","46","MaxMatch","sensible","divine","sensible-divine","AbstractMatch","PositiveMatch"
"1530","633c74ad6178784ed5b52104","control_Dissimilar","16","DissimilarControl","rise","fall","rise-fall","",""
"1531","633c74ad6178784ed5b52104","control_MaxMatch_Negative_Abstract","66","MaxMatch","crappy","sinful","crappy-sinful","AbstractMatch","NegativeMatch"
"1532","633c74ad6178784ed5b52104","control_MaxMatch_Negative_Concrete","85","MaxMatch","hairy","wrinkled","hairy-wrinkled","ConcreteMatch","NegativeMatch"
"1533","633c74ad6178784ed5b52104","control_MaxMismatch","0","MaxMismatch","possible","bloody","possible-bloody","AbstractMismatch","PositiveMismatch"
"1534","633c74ad6178784ed5b52104","control_MaxMatch_Positive_Concrete","42","MaxMatch","sunny","lilac","sunny-lilac","ConcreteMatch","PositiveMatch"
"1535","633c74ad6178784ed5b52104","control_Similar","99","SimilarControl","get","obtain","get-obtain","",""
"1536","633c74ad6178784ed5b52104","control_Dissimilar","7","DissimilarControl","enter","exit","enter-exit","",""
"1537","633c74ad6178784ed5b52104","test_ValenceMatch_Negative","25","ValenceMatchingOnly","heartless","rusted","heartless-rusted","AbstractMismatch","NegativeMatch"
"1538","633c74ad6178784ed5b52104","test_ValenceMatch_Positive","62","ValenceMatchingOnly","female","mindful","female-mindful","ConcreteMismatch","PositiveMatch"
"1539","633c74ad6178784ed5b52104","test_ConceptualMatch_Concrete","0","ConceptualMatchingOnly","orange","bloody","orange-bloody","ConceptualMatch:concrete","PositiveMismatch"
"1540","633c74ad6178784ed5b52104","control_Similar","99","SimilarControl","buy","purchase","buy-purchase","",""
"1541","633c74ad6178784ed5b52104","test_ConceptualMatch_Abstract","0","ConceptualMatchingOnly","evil","possible","evil-possible","ConceptualMatch:abstract","NegativeMismatch"
"1542","633c74ad6178784ed5b52104","control_MaxMatch_Positive_Abstract","68","MaxMatch","mindful","divine","mindful-divine","AbstractMatch","PositiveMatch"
"1543","633c74ad6178784ed5b52104","control_Dissimilar","22","DissimilarControl","give","take","give-take","",""
"1544","633c74ad6178784ed5b52104","control_MaxMatch_Negative_Abstract","61","MaxMatch","sexist","crappy","sexist-crappy","AbstractMatch","NegativeMatch"
"1545","633c74ad6178784ed5b52104","control_MaxMatch_Negative_Concrete","67","MaxMatch","bloodshot","thorny","bloodshot-thorny","ConcreteMatch","NegativeMatch"
"1546","633c74ad6178784ed5b52104","control_MaxMismatch","15","MaxMismatch","splendid","wrinkled","splendid-wrinkled","AbstractMismatch","PositiveMismatch"
"1547","633c74ad6178784ed5b52104","control_MaxMatch_Positive_Concrete","0","MaxMatch","lilac","pregnant","lilac-pregnant","ConcreteMatch","PositiveMatch"
"1548","633c74ad6178784ed5b52104","control_Similar","99","SimilarControl","end","finish","end-finish","",""
"1549","633c74ad6178784ed5b52104","control_Dissimilar","82","DissimilarControl","push","pull","push-pull","",""
"1550","633c74ad6178784ed5b52104","test_ValenceMatch_Negative","73","ValenceMatchingOnly","sinful","bloody","sinful-bloody","AbstractMismatch","NegativeMatch"
"1551","633c74ad6178784ed5b52104","test_ValenceMatch_Positive","73","ValenceMatchingOnly","blooming","helpful","blooming-helpful","ConcreteMismatch","PositiveMatch"
"1552","633c74ad6178784ed5b52104","test_ConceptualMatch_Concrete","0","ConceptualMatchingOnly","handmade","headless","handmade-headless","ConceptualMatch:concrete","PositiveMismatch"
"1553","633c74ad6178784ed5b52104","control_Similar","99","SimilarControl","use","employ","use-employ","",""
"1554","633c74ad6178784ed5b52104","test_ConceptualMatch_Abstract","18","ConceptualMatchingOnly","sinful","mindful","sinful-mindful","ConceptualMatch:abstract","NegativeMismatch"
"1555","633c74ad6178784ed5b52104","control_MaxMatch_Positive_Abstract","79","MaxMatch","honest","thankful","honest-thankful","AbstractMatch","PositiveMatch"
"1556","633c74ad6178784ed5b52104","control_Dissimilar","80","DissimilarControl","come","go","come-go","",""
"1557","633c74ad6178784ed5b52104","control_MaxMatch_Negative_Abstract","99","MaxMatch","awful","heartless","awful-heartless","AbstractMatch","NegativeMatch"
"1558","633c74ad6178784ed5b52104","control_MaxMatch_Negative_Concrete","75","MaxMatch","toothless","wrinkled","toothless-wrinkled","ConcreteMatch","NegativeMatch"
"1559","633c74ad6178784ed5b52104","control_MaxMismatch","0","MaxMismatch","divine","rusted","divine-rusted","AbstractMismatch","PositiveMismatch"
"1560","633c74ad6178784ed5b52104","control_MaxMatch_Positive_Concrete","51","MaxMatch","sunny","human","sunny-human","ConcreteMatch","PositiveMatch"
"1561","668aae0369dddae7e8e0b42f","control_Similar","99","SimilarControl","begin","start","begin-start","",""
"1562","668aae0369dddae7e8e0b42f","control_Dissimilar","0","DissimilarControl","arrive","leave","arrive-leave","",""
"1563","668aae0369dddae7e8e0b42f","control_MaxMatch_Negative_Abstract","51","MaxMatch","worthless","evil","worthless-evil","AbstractMatch","NegativeMatch"
"1564","668aae0369dddae7e8e0b42f","control_MaxMismatch","48","MaxMismatch","splendid","bloodshot","splendid-bloodshot","AbstractMismatch","PositiveMismatch"
"1565","668aae0369dddae7e8e0b42f","control_MaxMatch_Negative_Concrete","51","MaxMatch","bloodshot","wrinkled","bloodshot-wrinkled","ConcreteMatch","NegativeMatch"
"1566","668aae0369dddae7e8e0b42f","test_ConceptualMatch_Abstract","0","ConceptualMatchingOnly","disloyal","lovable","disloyal-lovable","ConceptualMatch:abstract","NegativeMismatch"
"1567","668aae0369dddae7e8e0b42f","test_ConceptualMatch_Concrete","0","ConceptualMatchingOnly","blooming","bloody","blooming-bloody","ConceptualMatch:concrete","PositiveMismatch"
"1568","668aae0369dddae7e8e0b42f","control_MaxMatch_Positive_Concrete","79","MaxMatch","blooming","pregnant","blooming-pregnant","ConcreteMatch","PositiveMatch"
"1569","668aae0369dddae7e8e0b42f","test_ValenceMatch_Positive","49","ValenceMatchingOnly","handmade","thankful","handmade-thankful","ConcreteMismatch","PositiveMatch"
"1570","668aae0369dddae7e8e0b42f","control_Similar","99","SimilarControl","need","require","need-require","",""
"1571","668aae0369dddae7e8e0b42f","test_ValenceMatch_Negative","0","ValenceMatchingOnly","sinful","bloodshot","sinful-bloodshot","AbstractMismatch","NegativeMatch"
"1572","668aae0369dddae7e8e0b42f","control_MaxMatch_Positive_Abstract","48","MaxMatch","lovable","sensible","lovable-sensible","AbstractMatch","PositiveMatch"
"1573","668aae0369dddae7e8e0b42f","control_Dissimilar","0","DissimilarControl","add","remove","add-remove","",""
"1574","668aae0369dddae7e8e0b42f","control_Similar","99","SimilarControl","end","finish","end-finish","",""
"1575","668aae0369dddae7e8e0b42f","control_Dissimilar","0","DissimilarControl","rise","fall","rise-fall","",""
"1576","668aae0369dddae7e8e0b42f","control_MaxMatch_Negative_Abstract","80","MaxMatch","soulless","sinful","soulless-sinful","AbstractMatch","NegativeMatch"
"1577","668aae0369dddae7e8e0b42f","control_MaxMismatch","82","MaxMismatch","splendid","bloody","splendid-bloody","AbstractMismatch","PositiveMismatch"
"1578","668aae0369dddae7e8e0b42f","control_MaxMatch_Negative_Concrete","0","MaxMatch","rusted","thorny","rusted-thorny","ConcreteMatch","NegativeMatch"
"1579","668aae0369dddae7e8e0b42f","test_ConceptualMatch_Abstract","0","ConceptualMatchingOnly","soulless","helpful","soulless-helpful","ConceptualMatch:abstract","NegativeMismatch"
"1580","668aae0369dddae7e8e0b42f","test_ConceptualMatch_Concrete","0","ConceptualMatchingOnly","newborn","rusted","newborn-rusted","ConceptualMatch:concrete","PositiveMismatch"
"1581","668aae0369dddae7e8e0b42f","control_MaxMatch_Positive_Concrete","0","MaxMatch","lilac","blooming","lilac-blooming","ConcreteMatch","PositiveMatch"
"1582","668aae0369dddae7e8e0b42f","test_ValenceMatch_Positive","48","ValenceMatchingOnly","pregnant","splendid","pregnant-splendid","ConcreteMismatch","PositiveMatch"
"1583","668aae0369dddae7e8e0b42f","control_Similar","99","SimilarControl","buy","purchase","buy-purchase","",""
"1584","668aae0369dddae7e8e0b42f","test_ValenceMatch_Negative","48","ValenceMatchingOnly","heartless","freezing","heartless-freezing","AbstractMismatch","NegativeMatch"
"1585","668aae0369dddae7e8e0b42f","control_MaxMatch_Positive_Abstract","49","MaxMatch","thankful","sensible","thankful-sensible","AbstractMatch","PositiveMatch"
"1586","668aae0369dddae7e8e0b42f","control_Dissimilar","0","DissimilarControl","open","close","open-close","",""
"1587","668aae0369dddae7e8e0b42f","control_Similar","99","SimilarControl","speak","talk","speak-talk","",""
"1588","668aae0369dddae7e8e0b42f","control_Dissimilar","0","DissimilarControl","give","take","give-take","",""
"1589","668aae0369dddae7e8e0b42f","control_MaxMatch_Negative_Abstract","99","MaxMatch","awful","soulless","awful-soulless","AbstractMatch","NegativeMatch"
"1590","668aae0369dddae7e8e0b42f","control_MaxMismatch","83","MaxMismatch","pleasant","bloody","pleasant-bloody","AbstractMismatch","PositiveMismatch"
"1591","668aae0369dddae7e8e0b42f","control_MaxMatch_Negative_Concrete","0","MaxMatch","rusted","bloody","rusted-bloody","ConcreteMatch","NegativeMatch"
"1592","668aae0369dddae7e8e0b42f","test_ConceptualMatch_Abstract","0","ConceptualMatchingOnly","stupid","thankful","stupid-thankful","ConceptualMatch:abstract","NegativeMismatch"
"1593","668aae0369dddae7e8e0b42f","test_ConceptualMatch_Concrete","0","ConceptualMatchingOnly","newborn","thorny","newborn-thorny","ConceptualMatch:concrete","PositiveMismatch"
"1594","668aae0369dddae7e8e0b42f","control_MaxMatch_Positive_Concrete","0","MaxMatch","female","starry","female-starry","ConcreteMatch","PositiveMatch"
"1595","668aae0369dddae7e8e0b42f","test_ValenceMatch_Positive","0","ValenceMatchingOnly","starry","honest","starry-honest","ConcreteMismatch","PositiveMatch"
"1596","668aae0369dddae7e8e0b42f","control_Similar","99","SimilarControl","ask","inquire","ask-inquire","",""
"1597","668aae0369dddae7e8e0b42f","test_ValenceMatch_Negative","0","ValenceMatchingOnly","sexist","rusted","sexist-rusted","AbstractMismatch","NegativeMatch"
"1598","668aae0369dddae7e8e0b42f","control_MaxMatch_Positive_Abstract","51","MaxMatch","thankful","divine","thankful-divine","AbstractMatch","PositiveMatch"
"1599","668aae0369dddae7e8e0b42f","control_Dissimilar","0","DissimilarControl","begin","end","begin-end","",""
"1600","668aae0369dddae7e8e0b42f","control_Similar","99","SimilarControl","show","display","show-display","",""
"1601","668aae0369dddae7e8e0b42f","control_Dissimilar","0","DissimilarControl","come","go","come-go","",""
"1602","668aae0369dddae7e8e0b42f","control_MaxMatch_Negative_Abstract","82","MaxMatch","sexist","disloyal","sexist-disloyal","AbstractMatch","NegativeMatch"
"1603","668aae0369dddae7e8e0b42f","control_MaxMismatch","0","MaxMismatch","mindful","freezing","mindful-freezing","AbstractMismatch","PositiveMismatch"
"1604","668aae0369dddae7e8e0b42f","control_MaxMatch_Negative_Concrete","57","MaxMatch","toothless","headless","toothless-headless","ConcreteMatch","NegativeMatch"
"1605","668aae0369dddae7e8e0b42f","test_ConceptualMatch_Abstract","0","ConceptualMatchingOnly","evil","sensible","evil-sensible","ConceptualMatch:abstract","NegativeMismatch"
"1606","668aae0369dddae7e8e0b42f","test_ConceptualMatch_Concrete","0","ConceptualMatchingOnly","orange","wrinkled","orange-wrinkled","ConceptualMatch:concrete","PositiveMismatch"
"1607","668aae0369dddae7e8e0b42f","control_MaxMatch_Positive_Concrete","0","MaxMatch","human","handmade","human-handmade","ConcreteMatch","PositiveMatch"
"1608","668aae0369dddae7e8e0b42f","test_ValenceMatch_Positive","0","ValenceMatchingOnly","human","divine","human-divine","ConcreteMismatch","PositiveMatch"
"1609","668aae0369dddae7e8e0b42f","control_Similar","99","SimilarControl","get","obtain","get-obtain","",""
"1610","668aae0369dddae7e8e0b42f","test_ValenceMatch_Negative","48","ValenceMatchingOnly","stupid","thorny","stupid-thorny","AbstractMismatch","NegativeMatch"
"1611","668aae0369dddae7e8e0b42f","control_MaxMatch_Positive_Abstract","64","MaxMatch","possible","sensible","possible-sensible","AbstractMatch","PositiveMatch"
"1612","668aae0369dddae7e8e0b42f","control_Dissimilar","0","DissimilarControl","enter","exit","enter-exit","",""
"1613","668aae0369dddae7e8e0b42f","control_Similar","99","SimilarControl","help","assist","help-assist","",""
"1614","668aae0369dddae7e8e0b42f","control_Dissimilar","0","DissimilarControl","push","pull","push-pull","",""
"1615","668aae0369dddae7e8e0b42f","control_MaxMatch_Negative_Abstract","69","MaxMatch","worthless","sexist","worthless-sexist","AbstractMatch","NegativeMatch"
"1616","668aae0369dddae7e8e0b42f","control_MaxMismatch","0","MaxMismatch","thankful","thorny","thankful-thorny","AbstractMismatch","PositiveMismatch"
"1617","668aae0369dddae7e8e0b42f","control_MaxMatch_Negative_Concrete","0","MaxMatch","headless","freezing","headless-freezing","ConcreteMatch","NegativeMatch"
"1618","668aae0369dddae7e8e0b42f","test_ConceptualMatch_Abstract","0","ConceptualMatchingOnly","awful","possible","awful-possible","ConceptualMatch:abstract","NegativeMismatch"
"1619","668aae0369dddae7e8e0b42f","test_ConceptualMatch_Concrete","0","ConceptualMatchingOnly","sunny","toothless","sunny-toothless","ConceptualMatch:concrete","PositiveMismatch"
"1620","668aae0369dddae7e8e0b42f","control_MaxMatch_Positive_Concrete","0","MaxMatch","newborn","handmade","newborn-handmade","ConcreteMatch","PositiveMatch"
"1621","668aae0369dddae7e8e0b42f","test_ValenceMatch_Positive","51","ValenceMatchingOnly","lilac","splendid","lilac-splendid","ConcreteMismatch","PositiveMatch"
"1622","668aae0369dddae7e8e0b42f","control_Similar","88","SimilarControl","use","employ","use-employ","",""
"1623","668aae0369dddae7e8e0b42f","test_ValenceMatch_Negative","73","ValenceMatchingOnly","stupid","dirty","stupid-dirty","AbstractMismatch","NegativeMatch"
"1624","668aae0369dddae7e8e0b42f","control_MaxMatch_Positive_Abstract","76","MaxMatch","thankful","pleasant","thankful-pleasant","AbstractMatch","PositiveMatch"
"1625","668aae0369dddae7e8e0b42f","control_Dissimilar","0","DissimilarControl","increase","decrease","increase-decrease","",""
"1626","5c65b61fad596e000179ece5","control_Dissimilar","0","DissimilarControl","rise","fall","rise-fall","",""
"1627","5c65b61fad596e000179ece5","control_Similar","99","SimilarControl","use","employ","use-employ","",""
"1628","5c65b61fad596e000179ece5","control_MaxMatch_Negative_Abstract","99","MaxMatch","evil","heartless","evil-heartless","AbstractMatch","NegativeMatch"
"1629","5c65b61fad596e000179ece5","control_MaxMatch_Positive_Abstract","85","MaxMatch","honest","thankful","honest-thankful","AbstractMatch","PositiveMatch"
"1630","5c65b61fad596e000179ece5","test_ConceptualMatch_Concrete","0","ConceptualMatchingOnly","lilac","dirty","lilac-dirty","ConceptualMatch:concrete","PositiveMismatch"
"1631","5c65b61fad596e000179ece5","control_Dissimilar","0","DissimilarControl","push","pull","push-pull","",""
"1632","5c65b61fad596e000179ece5","test_ValenceMatch_Positive","68","ValenceMatchingOnly","female","pleasant","female-pleasant","ConcreteMismatch","PositiveMatch"
"1633","5c65b61fad596e000179ece5","control_MaxMatch_Negative_Concrete","57","MaxMatch","bloodshot","rusted","bloodshot-rusted","ConcreteMatch","NegativeMatch"
"1634","5c65b61fad596e000179ece5","control_MaxMismatch","0","MaxMismatch","honest","freezing","honest-freezing","AbstractMismatch","PositiveMismatch"
"1635","5c65b61fad596e000179ece5","control_Similar","99","SimilarControl","help","assist","help-assist","",""
"1636","5c65b61fad596e000179ece5","test_ValenceMatch_Negative","67","ValenceMatchingOnly","crappy","bloody","crappy-bloody","AbstractMismatch","NegativeMatch"
"1637","5c65b61fad596e000179ece5","test_ConceptualMatch_Abstract","0","ConceptualMatchingOnly","crappy","thankful","crappy-thankful","ConceptualMatch:abstract","NegativeMismatch"
"1638","5c65b61fad596e000179ece5","control_MaxMatch_Positive_Concrete","0","MaxMatch","sunny","pregnant","sunny-pregnant","ConcreteMatch","PositiveMatch"
"1639","5c65b61fad596e000179ece5","control_Dissimilar","0","DissimilarControl","give","take","give-take","",""
"1640","5c65b61fad596e000179ece5","control_Similar","99","SimilarControl","show","display","show-display","",""
"1641","5c65b61fad596e000179ece5","control_MaxMatch_Negative_Abstract","69","MaxMatch","sexist","sinful","sexist-sinful","AbstractMatch","NegativeMatch"
"1642","5c65b61fad596e000179ece5","control_MaxMatch_Positive_Abstract","76","MaxMatch","possible","pleasant","possible-pleasant","AbstractMatch","PositiveMatch"
"1643","5c65b61fad596e000179ece5","test_ConceptualMatch_Concrete","0","ConceptualMatchingOnly","human","headless","human-headless","ConceptualMatch:concrete","PositiveMismatch"
"1644","5c65b61fad596e000179ece5","control_Dissimilar","0","DissimilarControl","arrive","leave","arrive-leave","",""
"1645","5c65b61fad596e000179ece5","test_ValenceMatch_Positive","89","ValenceMatchingOnly","blooming","pleasant","blooming-pleasant","ConcreteMismatch","PositiveMatch"
"1646","5c65b61fad596e000179ece5","control_MaxMatch_Negative_Concrete","69","MaxMatch","bloodshot","dirty","bloodshot-dirty","ConcreteMatch","NegativeMatch"
"1647","5c65b61fad596e000179ece5","control_MaxMismatch","0","MaxMismatch","honest","toothless","honest-toothless","AbstractMismatch","PositiveMismatch"
"1648","5c65b61fad596e000179ece5","control_Similar","91","SimilarControl","need","require","need-require","",""
"1649","5c65b61fad596e000179ece5","test_ValenceMatch_Negative","0","ValenceMatchingOnly","disloyal","hairy","disloyal-hairy","AbstractMismatch","NegativeMatch"
"1650","5c65b61fad596e000179ece5","test_ConceptualMatch_Abstract","0","ConceptualMatchingOnly","heartless","possible","heartless-possible","ConceptualMatch:abstract","NegativeMismatch"
"1651","5c65b61fad596e000179ece5","control_MaxMatch_Positive_Concrete","0","MaxMatch","lilac","newborn","lilac-newborn","ConcreteMatch","PositiveMatch"
"1652","5c65b61fad596e000179ece5","control_Dissimilar","0","DissimilarControl","add","remove","add-remove","",""
"1653","5c65b61fad596e000179ece5","control_Similar","99","SimilarControl","begin","start","begin-start","",""
"1654","5c65b61fad596e000179ece5","control_MaxMatch_Negative_Abstract","79","MaxMatch","worthless","stupid","worthless-stupid","AbstractMatch","NegativeMatch"
"1655","5c65b61fad596e000179ece5","control_MaxMatch_Positive_Abstract","82","MaxMatch","possible","helpful","possible-helpful","AbstractMatch","PositiveMatch"
"1656","5c65b61fad596e000179ece5","test_ConceptualMatch_Concrete","0","ConceptualMatchingOnly","blooming","headless","blooming-headless","ConceptualMatch:concrete","PositiveMismatch"
"1657","5c65b61fad596e000179ece5","control_Dissimilar","0","DissimilarControl","come","go","come-go","",""
"1658","5c65b61fad596e000179ece5","test_ValenceMatch_Positive","66","ValenceMatchingOnly","sunny","sensible","sunny-sensible","ConcreteMismatch","PositiveMatch"
"1659","5c65b61fad596e000179ece5","control_MaxMatch_Negative_Concrete","46","MaxMatch","rusted","bloody","rusted-bloody","ConcreteMatch","NegativeMatch"
"1660","5c65b61fad596e000179ece5","control_MaxMismatch","0","MaxMismatch","mindful","wrinkled","mindful-wrinkled","AbstractMismatch","PositiveMismatch"
"1661","5c65b61fad596e000179ece5","control_Similar","89","SimilarControl","end","finish","end-finish","",""
"1662","5c65b61fad596e000179ece5","test_ValenceMatch_Negative","72","ValenceMatchingOnly","worthless","rusted","worthless-rusted","AbstractMismatch","NegativeMatch"
"1663","5c65b61fad596e000179ece5","test_ConceptualMatch_Abstract","21","ConceptualMatchingOnly","sinful","possible","sinful-possible","ConceptualMatch:abstract","NegativeMismatch"
"1664","5c65b61fad596e000179ece5","control_MaxMatch_Positive_Concrete","55","MaxMatch","female","newborn","female-newborn","ConcreteMatch","PositiveMatch"
"1665","5c65b61fad596e000179ece5","control_Dissimilar","0","DissimilarControl","open","close","open-close","",""
"1666","5c65b61fad596e000179ece5","control_Similar","97","SimilarControl","speak","talk","speak-talk","",""
"1667","5c65b61fad596e000179ece5","control_MaxMatch_Negative_Abstract","84","MaxMatch","crappy","disloyal","crappy-disloyal","AbstractMatch","NegativeMatch"
"1668","5c65b61fad596e000179ece5","control_MaxMatch_Positive_Abstract","89","MaxMatch","lovable","thankful","lovable-thankful","AbstractMatch","PositiveMatch"
"1669","5c65b61fad596e000179ece5","test_ConceptualMatch_Concrete","22","ConceptualMatchingOnly","human","dirty","human-dirty","ConceptualMatch:concrete","PositiveMismatch"
"1670","5c65b61fad596e000179ece5","control_Dissimilar","0","DissimilarControl","begin","end","begin-end","",""
"1671","5c65b61fad596e000179ece5","test_ValenceMatch_Positive","0","ValenceMatchingOnly","newborn","helpful","newborn-helpful","ConcreteMismatch","PositiveMatch"
"1672","5c65b61fad596e000179ece5","control_MaxMatch_Negative_Concrete","80","MaxMatch","thorny","bloody","thorny-bloody","ConcreteMatch","NegativeMatch"
"1673","5c65b61fad596e000179ece5","control_MaxMismatch","19","MaxMismatch","divine","bloody","divine-bloody","AbstractMismatch","PositiveMismatch"
"1674","5c65b61fad596e000179ece5","control_Similar","94","SimilarControl","buy","purchase","buy-purchase","",""
"1675","5c65b61fad596e000179ece5","test_ValenceMatch_Negative","39","ValenceMatchingOnly","crappy","toothless","crappy-toothless","AbstractMismatch","NegativeMatch"
"1676","5c65b61fad596e000179ece5","test_ConceptualMatch_Abstract","0","ConceptualMatchingOnly","evil","pleasant","evil-pleasant","ConceptualMatch:abstract","NegativeMismatch"
"1677","5c65b61fad596e000179ece5","control_MaxMatch_Positive_Concrete","0","MaxMatch","orange","handmade","orange-handmade","ConcreteMatch","PositiveMatch"
"1678","5c65b61fad596e000179ece5","control_Dissimilar","0","DissimilarControl","enter","exit","enter-exit","",""
"1679","5c65b61fad596e000179ece5","control_Similar","93","SimilarControl","get","obtain","get-obtain","",""
"1680","5c65b61fad596e000179ece5","control_MaxMatch_Negative_Abstract","78","MaxMatch","crappy","stupid","crappy-stupid","AbstractMatch","NegativeMatch"
"1681","5c65b61fad596e000179ece5","control_MaxMatch_Positive_Abstract","89","MaxMatch","mindful","helpful","mindful-helpful","AbstractMatch","PositiveMatch"
"1682","5c65b61fad596e000179ece5","test_ConceptualMatch_Concrete","4","ConceptualMatchingOnly","pregnant","bloodshot","pregnant-bloodshot","ConceptualMatch:concrete","PositiveMismatch"
"1683","5c65b61fad596e000179ece5","control_Dissimilar","0","DissimilarControl","increase","decrease","increase-decrease","",""
"1684","5c65b61fad596e000179ece5","test_ValenceMatch_Positive","29","ValenceMatchingOnly","female","splendid","female-splendid","ConcreteMismatch","PositiveMatch"
"1685","5c65b61fad596e000179ece5","control_MaxMatch_Negative_Concrete","72","MaxMatch","rusted","thorny","rusted-thorny","ConcreteMatch","NegativeMatch"
"1686","5c65b61fad596e000179ece5","control_MaxMismatch","0","MaxMismatch","lovable","dirty","lovable-dirty","AbstractMismatch","PositiveMismatch"
"1687","5c65b61fad596e000179ece5","control_Similar","91","SimilarControl","ask","inquire","ask-inquire","",""
"1688","5c65b61fad596e000179ece5","test_ValenceMatch_Negative","78","ValenceMatchingOnly","awful","bloodshot","awful-bloodshot","AbstractMismatch","NegativeMatch"
"1689","5c65b61fad596e000179ece5","test_ConceptualMatch_Abstract","0","ConceptualMatchingOnly","worthless","thankful","worthless-thankful","ConceptualMatch:abstract","NegativeMismatch"
"1690","5c65b61fad596e000179ece5","control_MaxMatch_Positive_Concrete","77","MaxMatch","human","female","human-female","ConcreteMatch","PositiveMatch"
"1691","673a827a553d8c3fb90610a1","control_Dissimilar","0","DissimilarControl","increase","decrease","increase-decrease","",""
"1692","673a827a553d8c3fb90610a1","control_Similar","61","SimilarControl","use","employ","use-employ","",""
"1693","673a827a553d8c3fb90610a1","test_ConceptualMatch_Abstract","0","ConceptualMatchingOnly","soulless","sensible","soulless-sensible","ConceptualMatch:abstract","NegativeMismatch"
"1694","673a827a553d8c3fb90610a1","control_Dissimilar","0","DissimilarControl","begin","end","begin-end","",""
"1695","673a827a553d8c3fb90610a1","control_MaxMismatch","0","MaxMismatch","divine","hairy","divine-hairy","AbstractMismatch","PositiveMismatch"
"1696","673a827a553d8c3fb90610a1","control_MaxMatch_Positive_Concrete","0","MaxMatch","human","blooming","human-blooming","ConcreteMatch","PositiveMatch"
"1697","673a827a553d8c3fb90610a1","test_ConceptualMatch_Concrete","0","ConceptualMatchingOnly","pregnant","thorny","pregnant-thorny","ConceptualMatch:concrete","PositiveMismatch"
"1698","673a827a553d8c3fb90610a1","control_MaxMatch_Negative_Abstract","99","MaxMatch","soulless","sinful","soulless-sinful","AbstractMatch","NegativeMatch"
"1699","673a827a553d8c3fb90610a1","control_Similar","99","SimilarControl","get","obtain","get-obtain","",""
"1700","673a827a553d8c3fb90610a1","control_MaxMatch_Positive_Abstract","99","MaxMatch","lovable","pleasant","lovable-pleasant","AbstractMatch","PositiveMatch"
"1701","673a827a553d8c3fb90610a1","control_MaxMatch_Negative_Concrete","0","MaxMatch","toothless","thorny","toothless-thorny","ConcreteMatch","NegativeMatch"
"1702","673a827a553d8c3fb90610a1","test_ValenceMatch_Positive","0","ValenceMatchingOnly","starry","honest","starry-honest","ConcreteMismatch","PositiveMatch"
"1703","673a827a553d8c3fb90610a1","test_ValenceMatch_Negative","99","ValenceMatchingOnly","disloyal","dirty","disloyal-dirty","AbstractMismatch","NegativeMatch"
"1704","673a827a553d8c3fb90610a1","control_Dissimilar","0","DissimilarControl","arrive","leave","arrive-leave","",""
"1705","673a827a553d8c3fb90610a1","control_Similar","99","SimilarControl","begin","start","begin-start","",""
"1706","673a827a553d8c3fb90610a1","test_ConceptualMatch_Abstract","0","ConceptualMatchingOnly","sexist","mindful","sexist-mindful","ConceptualMatch:abstract","NegativeMismatch"
"1707","673a827a553d8c3fb90610a1","control_Dissimilar","0","DissimilarControl","enter","exit","enter-exit","",""
"1708","673a827a553d8c3fb90610a1","control_MaxMismatch","0","MaxMismatch","thankful","freezing","thankful-freezing","AbstractMismatch","PositiveMismatch"
"1709","673a827a553d8c3fb90610a1","control_MaxMatch_Positive_Concrete","73","MaxMatch","sunny","orange","sunny-orange","ConcreteMatch","PositiveMatch"
"1710","673a827a553d8c3fb90610a1","test_ConceptualMatch_Concrete","0","ConceptualMatchingOnly","sunny","toothless","sunny-toothless","ConceptualMatch:concrete","PositiveMismatch"
"1711","673a827a553d8c3fb90610a1","control_MaxMatch_Negative_Abstract","18","MaxMatch","stupid","disloyal","stupid-disloyal","AbstractMatch","NegativeMatch"
"1712","673a827a553d8c3fb90610a1","control_Similar","99","SimilarControl","speak","talk","speak-talk","",""
"1713","673a827a553d8c3fb90610a1","control_MaxMatch_Positive_Abstract","99","MaxMatch","pleasant","divine","pleasant-divine","AbstractMatch","PositiveMatch"
"1714","673a827a553d8c3fb90610a1","control_MaxMatch_Negative_Concrete","0","MaxMatch","hairy","bloody","hairy-bloody","ConcreteMatch","NegativeMatch"
"1715","673a827a553d8c3fb90610a1","test_ValenceMatch_Positive","0","ValenceMatchingOnly","orange","mindful","orange-mindful","ConcreteMismatch","PositiveMatch"
"1716","673a827a553d8c3fb90610a1","test_ValenceMatch_Negative","0","ValenceMatchingOnly","evil","thorny","evil-thorny","AbstractMismatch","NegativeMatch"
"1717","673a827a553d8c3fb90610a1","control_Dissimilar","0","DissimilarControl","rise","fall","rise-fall","",""
"1718","673a827a553d8c3fb90610a1","control_Similar","99","SimilarControl","help","assist","help-assist","",""
"1719","673a827a553d8c3fb90610a1","test_ConceptualMatch_Abstract","33","ConceptualMatchingOnly","disloyal","possible","disloyal-possible","ConceptualMatch:abstract","NegativeMismatch"
"1720","673a827a553d8c3fb90610a1","control_Dissimilar","0","DissimilarControl","come","go","come-go","",""
"1721","673a827a553d8c3fb90610a1","control_MaxMismatch","0","MaxMismatch","splendid","thorny","splendid-thorny","AbstractMismatch","PositiveMismatch"
"1722","673a827a553d8c3fb90610a1","control_MaxMatch_Positive_Concrete","0","MaxMatch","sunny","female","sunny-female","ConcreteMatch","PositiveMatch"
"1723","673a827a553d8c3fb90610a1","test_ConceptualMatch_Concrete","0","ConceptualMatchingOnly","female","toothless","female-toothless","ConceptualMatch:concrete","PositiveMismatch"
"1724","673a827a553d8c3fb90610a1","control_MaxMatch_Negative_Abstract","99","MaxMatch","soulless","heartless","soulless-heartless","AbstractMatch","NegativeMatch"
"1725","673a827a553d8c3fb90610a1","control_Similar","99","SimilarControl","ask","inquire","ask-inquire","",""
"1726","673a827a553d8c3fb90610a1","control_MaxMatch_Positive_Abstract","99","MaxMatch","sensible","pleasant","sensible-pleasant","AbstractMatch","PositiveMatch"
"1727","673a827a553d8c3fb90610a1","control_MaxMatch_Negative_Concrete","0","MaxMatch","toothless","headless","toothless-headless","ConcreteMatch","NegativeMatch"
"1728","673a827a553d8c3fb90610a1","test_ValenceMatch_Positive","0","ValenceMatchingOnly","blooming","mindful","blooming-mindful","ConcreteMismatch","PositiveMatch"
"1729","673a827a553d8c3fb90610a1","test_ValenceMatch_Negative","0","ValenceMatchingOnly","awful","hairy","awful-hairy","AbstractMismatch","NegativeMatch"
"1730","673a827a553d8c3fb90610a1","control_Dissimilar","0","DissimilarControl","give","take","give-take","",""
"1731","673a827a553d8c3fb90610a1","control_Similar","99","SimilarControl","buy","purchase","buy-purchase","",""
"1732","673a827a553d8c3fb90610a1","test_ConceptualMatch_Abstract","0","ConceptualMatchingOnly","crappy","lovable","crappy-lovable","ConceptualMatch:abstract","NegativeMismatch"
"1733","673a827a553d8c3fb90610a1","control_Dissimilar","0","DissimilarControl","open","close","open-close","",""
"1734","673a827a553d8c3fb90610a1","control_MaxMismatch","0","MaxMismatch","splendid","bloodshot","splendid-bloodshot","AbstractMismatch","PositiveMismatch"
"1735","673a827a553d8c3fb90610a1","control_MaxMatch_Positive_Concrete","0","MaxMatch","female","newborn","female-newborn","ConcreteMatch","PositiveMatch"
"1736","673a827a553d8c3fb90610a1","test_ConceptualMatch_Concrete","0","ConceptualMatchingOnly","handmade","rusted","handmade-rusted","ConceptualMatch:concrete","PositiveMismatch"
"1737","673a827a553d8c3fb90610a1","control_MaxMatch_Negative_Abstract","99","MaxMatch","soulless","crappy","soulless-crappy","AbstractMatch","NegativeMatch"
"1738","673a827a553d8c3fb90610a1","control_Similar","99","SimilarControl","need","require","need-require","",""
"1739","673a827a553d8c3fb90610a1","control_MaxMatch_Positive_Abstract","31","MaxMatch","thankful","divine","thankful-divine","AbstractMatch","PositiveMatch"
"1740","673a827a553d8c3fb90610a1","control_MaxMatch_Negative_Concrete","1","MaxMatch","bloodshot","thorny","bloodshot-thorny","ConcreteMatch","NegativeMatch"
"1741","673a827a553d8c3fb90610a1","test_ValenceMatch_Positive","0","ValenceMatchingOnly","female","thankful","female-thankful","ConcreteMismatch","PositiveMatch"
"1742","673a827a553d8c3fb90610a1","test_ValenceMatch_Negative","0","ValenceMatchingOnly","sexist","headless","sexist-headless","AbstractMismatch","NegativeMatch"
"1743","673a827a553d8c3fb90610a1","control_Dissimilar","0","DissimilarControl","add","remove","add-remove","",""
"1744","673a827a553d8c3fb90610a1","control_Similar","99","SimilarControl","end","finish","end-finish","",""
"1745","673a827a553d8c3fb90610a1","test_ConceptualMatch_Abstract","0","ConceptualMatchingOnly","evil","divine","evil-divine","ConceptualMatch:abstract","NegativeMismatch"
"1746","673a827a553d8c3fb90610a1","control_Dissimilar","0","DissimilarControl","push","pull","push-pull","",""
"1747","673a827a553d8c3fb90610a1","control_MaxMismatch","0","MaxMismatch","possible","bloody","possible-bloody","AbstractMismatch","PositiveMismatch"
"1748","673a827a553d8c3fb90610a1","control_MaxMatch_Positive_Concrete","2","MaxMatch","lilac","newborn","lilac-newborn","ConcreteMatch","PositiveMatch"
"1749","673a827a553d8c3fb90610a1","test_ConceptualMatch_Concrete","5","ConceptualMatchingOnly","starry","headless","starry-headless","ConceptualMatch:concrete","PositiveMismatch"
"1750","673a827a553d8c3fb90610a1","control_MaxMatch_Negative_Abstract","0","MaxMatch","awful","disloyal","awful-disloyal","AbstractMatch","NegativeMatch"
"1751","673a827a553d8c3fb90610a1","control_Similar","5","SimilarControl","show","display","show-display","",""
"1752","673a827a553d8c3fb90610a1","control_MaxMatch_Positive_Abstract","0","MaxMatch","honest","helpful","honest-helpful","AbstractMatch","PositiveMatch"
"1753","673a827a553d8c3fb90610a1","control_MaxMatch_Negative_Concrete","76","MaxMatch","dirty","wrinkled","dirty-wrinkled","ConcreteMatch","NegativeMatch"
"1754","673a827a553d8c3fb90610a1","test_ValenceMatch_Positive","0","ValenceMatchingOnly","human","splendid","human-splendid","ConcreteMismatch","PositiveMatch"
"1755","673a827a553d8c3fb90610a1","test_ValenceMatch_Negative","0","ValenceMatchingOnly","disloyal","bloody","disloyal-bloody","AbstractMismatch","NegativeMatch"
"1756","5e84bd7c34d5d9072128fac1","control_Dissimilar","0","DissimilarControl","add","remove","add-remove","",""
"1757","5e84bd7c34d5d9072128fac1","control_Similar","99","SimilarControl","get","obtain","get-obtain","",""
"1758","5e84bd7c34d5d9072128fac1","control_MaxMismatch","61","MaxMismatch","splendid","bloody","splendid-bloody","AbstractMismatch","PositiveMismatch"
"1759","5e84bd7c34d5d9072128fac1","test_ValenceMatch_Positive","28","ValenceMatchingOnly","blooming","thankful","blooming-thankful","ConcreteMismatch","PositiveMatch"
"1760","5e84bd7c34d5d9072128fac1","control_Dissimilar","22","DissimilarControl","push","pull","push-pull","",""
"1761","5e84bd7c34d5d9072128fac1","control_MaxMatch_Negative_Concrete","0","MaxMatch","thorny","freezing","thorny-freezing","ConcreteMatch","NegativeMatch"
"1762","5e84bd7c34d5d9072128fac1","control_MaxMatch_Positive_Concrete","0","MaxMatch","lilac","starry","lilac-starry","ConcreteMatch","PositiveMatch"
"1763","5e84bd7c34d5d9072128fac1","control_MaxMatch_Negative_Abstract","65","MaxMatch","awful","evil","awful-evil","AbstractMatch","NegativeMatch"
"1764","5e84bd7c34d5d9072128fac1","test_ConceptualMatch_Abstract","0","ConceptualMatchingOnly","stupid","mindful","stupid-mindful","ConceptualMatch:abstract","NegativeMismatch"
"1765","5e84bd7c34d5d9072128fac1","test_ValenceMatch_Negative","19","ValenceMatchingOnly","heartless","headless","heartless-headless","AbstractMismatch","NegativeMatch"
"1766","5e84bd7c34d5d9072128fac1","control_Similar","99","SimilarControl","help","assist","help-assist","",""
"1767","5e84bd7c34d5d9072128fac1","test_ConceptualMatch_Concrete","0","ConceptualMatchingOnly","newborn","dirty","newborn-dirty","ConceptualMatch:concrete","PositiveMismatch"
"1768","5e84bd7c34d5d9072128fac1","control_MaxMatch_Positive_Abstract","18","MaxMatch","honest","thankful","honest-thankful","AbstractMatch","PositiveMatch"
"1769","5e84bd7c34d5d9072128fac1","control_Dissimilar","15","DissimilarControl","begin","end","begin-end","",""
"1770","5e84bd7c34d5d9072128fac1","control_Similar","99","SimilarControl","buy","purchase","buy-purchase","",""
"1771","5e84bd7c34d5d9072128fac1","control_MaxMismatch","0","MaxMismatch","lovable","headless","lovable-headless","AbstractMismatch","PositiveMismatch"
"1772","5e84bd7c34d5d9072128fac1","test_ValenceMatch_Positive","17","ValenceMatchingOnly","female","helpful","female-helpful","ConcreteMismatch","PositiveMatch"
"1773","5e84bd7c34d5d9072128fac1","control_Dissimilar","18","DissimilarControl","increase","decrease","increase-decrease","",""
"1774","5e84bd7c34d5d9072128fac1","control_MaxMatch_Negative_Concrete","0","MaxMatch","bloodshot","hairy","bloodshot-hairy","ConcreteMatch","NegativeMatch"
"1775","5e84bd7c34d5d9072128fac1","control_MaxMatch_Positive_Concrete","0","MaxMatch","newborn","orange","newborn-orange","ConcreteMatch","PositiveMatch"
"1776","5e84bd7c34d5d9072128fac1","control_MaxMatch_Negative_Abstract","67","MaxMatch","awful","heartless","awful-heartless","AbstractMatch","NegativeMatch"
"1777","5e84bd7c34d5d9072128fac1","test_ConceptualMatch_Abstract","0","ConceptualMatchingOnly","stupid","thankful","stupid-thankful","ConceptualMatch:abstract","NegativeMismatch"
"1778","5e84bd7c34d5d9072128fac1","test_ValenceMatch_Negative","0","ValenceMatchingOnly","soulless","bloody","soulless-bloody","AbstractMismatch","NegativeMatch"
"1779","5e84bd7c34d5d9072128fac1","control_Similar","88","SimilarControl","need","require","need-require","",""
"1780","5e84bd7c34d5d9072128fac1","test_ConceptualMatch_Concrete","19","ConceptualMatchingOnly","lilac","thorny","lilac-thorny","ConceptualMatch:concrete","PositiveMismatch"
"1781","5e84bd7c34d5d9072128fac1","control_MaxMatch_Positive_Abstract","31","MaxMatch","splendid","helpful","splendid-helpful","AbstractMatch","PositiveMatch"
"1782","5e84bd7c34d5d9072128fac1","control_Dissimilar","14","DissimilarControl","enter","exit","enter-exit","",""
"1783","5e84bd7c34d5d9072128fac1","control_Similar","92","SimilarControl","speak","talk","speak-talk","",""
"1784","5e84bd7c34d5d9072128fac1","control_MaxMismatch","0","MaxMismatch","possible","wrinkled","possible-wrinkled","AbstractMismatch","PositiveMismatch"
"1785","5e84bd7c34d5d9072128fac1","test_ValenceMatch_Positive","0","ValenceMatchingOnly","orange","mindful","orange-mindful","ConcreteMismatch","PositiveMatch"
"1786","5e84bd7c34d5d9072128fac1","control_Dissimilar","15","DissimilarControl","come","go","come-go","",""
"1787","5e84bd7c34d5d9072128fac1","control_MaxMatch_Negative_Concrete","0","MaxMatch","hairy","freezing","hairy-freezing","ConcreteMatch","NegativeMatch"
"1788","5e84bd7c34d5d9072128fac1","control_MaxMatch_Positive_Concrete","0","MaxMatch","starry","handmade","starry-handmade","ConcreteMatch","PositiveMatch"
"1789","5e84bd7c34d5d9072128fac1","control_MaxMatch_Negative_Abstract","47","MaxMatch","awful","sexist","awful-sexist","AbstractMatch","NegativeMatch"
"1790","5e84bd7c34d5d9072128fac1","test_ConceptualMatch_Abstract","0","ConceptualMatchingOnly","disloyal","possible","disloyal-possible","ConceptualMatch:abstract","NegativeMismatch"
"1791","5e84bd7c34d5d9072128fac1","test_ValenceMatch_Negative","37","ValenceMatchingOnly","awful","toothless","awful-toothless","AbstractMismatch","NegativeMatch"
"1792","5e84bd7c34d5d9072128fac1","control_Similar","89","SimilarControl","use","employ","use-employ","",""
"1793","5e84bd7c34d5d9072128fac1","test_ConceptualMatch_Concrete","0","ConceptualMatchingOnly","handmade","rusted","handmade-rusted","ConceptualMatch:concrete","PositiveMismatch"
"1794","5e84bd7c34d5d9072128fac1","control_MaxMatch_Positive_Abstract","59","MaxMatch","lovable","divine","lovable-divine","AbstractMatch","PositiveMatch"
"1795","5e84bd7c34d5d9072128fac1","control_Dissimilar","15","DissimilarControl","give","take","give-take","",""
"1796","5e84bd7c34d5d9072128fac1","control_Similar","99","SimilarControl","begin","start","begin-start","",""
"1797","5e84bd7c34d5d9072128fac1","control_MaxMismatch","0","MaxMismatch","possible","dirty","possible-dirty","AbstractMismatch","PositiveMismatch"
"1798","5e84bd7c34d5d9072128fac1","test_ValenceMatch_Positive","9","ValenceMatchingOnly","female","thankful","female-thankful","ConcreteMismatch","PositiveMatch"
"1799","5e84bd7c34d5d9072128fac1","control_Dissimilar","14","DissimilarControl","arrive","leave","arrive-leave","",""
"1800","5e84bd7c34d5d9072128fac1","control_MaxMatch_Negative_Concrete","0","MaxMatch","bloodshot","rusted","bloodshot-rusted","ConcreteMatch","NegativeMatch"
"1801","5e84bd7c34d5d9072128fac1","control_MaxMatch_Positive_Concrete","41","MaxMatch","female","pregnant","female-pregnant","ConcreteMatch","PositiveMatch"
"1802","5e84bd7c34d5d9072128fac1","control_MaxMatch_Negative_Abstract","62","MaxMatch","sinful","disloyal","sinful-disloyal","AbstractMatch","NegativeMatch"
"1803","5e84bd7c34d5d9072128fac1","test_ConceptualMatch_Abstract","31","ConceptualMatchingOnly","sinful","pleasant","sinful-pleasant","ConceptualMatch:abstract","NegativeMismatch"
"1804","5e84bd7c34d5d9072128fac1","test_ValenceMatch_Negative","0","ValenceMatchingOnly","sinful","hairy","sinful-hairy","AbstractMismatch","NegativeMatch"
"1805","5e84bd7c34d5d9072128fac1","control_Similar","99","SimilarControl","show","display","show-display","",""
"1806","5e84bd7c34d5d9072128fac1","test_ConceptualMatch_Concrete","0","ConceptualMatchingOnly","starry","hairy","starry-hairy","ConceptualMatch:concrete","PositiveMismatch"
"1807","5e84bd7c34d5d9072128fac1","control_MaxMatch_Positive_Abstract","69","MaxMatch","mindful","pleasant","mindful-pleasant","AbstractMatch","PositiveMatch"
"1808","5e84bd7c34d5d9072128fac1","control_Dissimilar","14","DissimilarControl","rise","fall","rise-fall","",""
"1809","5e84bd7c34d5d9072128fac1","control_Similar","99","SimilarControl","end","finish","end-finish","",""
"1810","5e84bd7c34d5d9072128fac1","control_MaxMismatch","0","MaxMismatch","thankful","rusted","thankful-rusted","AbstractMismatch","PositiveMismatch"
"1811","5e84bd7c34d5d9072128fac1","test_ValenceMatch_Positive","0","ValenceMatchingOnly","starry","honest","starry-honest","ConcreteMismatch","PositiveMatch"
"1812","5e84bd7c34d5d9072128fac1","control_Dissimilar","17","DissimilarControl","open","close","open-close","",""
"1813","5e84bd7c34d5d9072128fac1","control_MaxMatch_Negative_Concrete","0","MaxMatch","rusted","bloody","rusted-bloody","ConcreteMatch","NegativeMatch"
"1814","5e84bd7c34d5d9072128fac1","control_MaxMatch_Positive_Concrete","36","MaxMatch","female","newborn","female-newborn","ConcreteMatch","PositiveMatch"
"1815","5e84bd7c34d5d9072128fac1","control_MaxMatch_Negative_Abstract","23","MaxMatch","sexist","stupid","sexist-stupid","AbstractMatch","NegativeMatch"
"1816","5e84bd7c34d5d9072128fac1","test_ConceptualMatch_Abstract","0","ConceptualMatchingOnly","disloyal","thankful","disloyal-thankful","ConceptualMatch:abstract","NegativeMismatch"
"1817","5e84bd7c34d5d9072128fac1","test_ValenceMatch_Negative","0","ValenceMatchingOnly","heartless","wrinkled","heartless-wrinkled","AbstractMismatch","NegativeMatch"
"1818","5e84bd7c34d5d9072128fac1","control_Similar","99","SimilarControl","ask","inquire","ask-inquire","",""
"1819","5e84bd7c34d5d9072128fac1","test_ConceptualMatch_Concrete","0","ConceptualMatchingOnly","lilac","bloody","lilac-bloody","ConceptualMatch:concrete","PositiveMismatch"
"1820","5e84bd7c34d5d9072128fac1","control_MaxMatch_Positive_Abstract","0","MaxMatch","lovable","possible","lovable-possible","AbstractMatch","PositiveMatch"
"1821","5e1c138a2bf9514062e4de6b","control_Similar","99","SimilarControl","buy","purchase","buy-purchase","",""
"1822","5e1c138a2bf9514062e4de6b","control_Dissimilar","0","DissimilarControl","add","remove","add-remove","",""
"1823","5e1c138a2bf9514062e4de6b","test_ValenceMatch_Positive","0","ValenceMatchingOnly","sunny","possible","sunny-possible","ConcreteMismatch","PositiveMatch"
"1824","5e1c138a2bf9514062e4de6b","control_MaxMatch_Negative_Concrete","0","MaxMatch","toothless","headless","toothless-headless","ConcreteMatch","NegativeMatch"
"1825","5e1c138a2bf9514062e4de6b","control_MaxMatch_Negative_Abstract","0","MaxMatch","worthless","disloyal","worthless-disloyal","AbstractMatch","NegativeMatch"
"1826","5e1c138a2bf9514062e4de6b","control_Similar","99","SimilarControl","need","require","need-require","",""
"1827","5e1c138a2bf9514062e4de6b","control_Dissimilar","0","DissimilarControl","open","close","open-close","",""
"1828","5e1c138a2bf9514062e4de6b","control_MaxMatch_Positive_Abstract","0","MaxMatch","thankful","mindful","thankful-mindful","AbstractMatch","PositiveMatch"
"1829","5e1c138a2bf9514062e4de6b","test_ConceptualMatch_Concrete","0","ConceptualMatchingOnly","newborn","rusted","newborn-rusted","ConceptualMatch:concrete","PositiveMismatch"
"1830","5e1c138a2bf9514062e4de6b","test_ConceptualMatch_Abstract","0","ConceptualMatchingOnly","sexist","possible","sexist-possible","ConceptualMatch:abstract","NegativeMismatch"
"1831","5e1c138a2bf9514062e4de6b","control_MaxMismatch","0","MaxMismatch","pleasant","headless","pleasant-headless","AbstractMismatch","PositiveMismatch"
"1832","5e1c138a2bf9514062e4de6b","control_MaxMatch_Positive_Concrete","0","MaxMatch","sunny","female","sunny-female","ConcreteMatch","PositiveMatch"
"1833","5e1c138a2bf9514062e4de6b","test_ValenceMatch_Negative","0","ValenceMatchingOnly","heartless","rusted","heartless-rusted","AbstractMismatch","NegativeMatch"
"1834","5e1c138a2bf9514062e4de6b","control_Similar","99","SimilarControl","help","assist","help-assist","",""
"1835","5e1c138a2bf9514062e4de6b","control_Dissimilar","0","DissimilarControl","enter","exit","enter-exit","",""
"1836","5e1c138a2bf9514062e4de6b","test_ValenceMatch_Positive","0","ValenceMatchingOnly","newborn","helpful","newborn-helpful","ConcreteMismatch","PositiveMatch"
"1837","5e1c138a2bf9514062e4de6b","control_MaxMatch_Negative_Concrete","0","MaxMatch","toothless","dirty","toothless-dirty","ConcreteMatch","NegativeMatch"
"1838","5e1c138a2bf9514062e4de6b","control_MaxMatch_Negative_Abstract","0","MaxMatch","evil","stupid","evil-stupid","AbstractMatch","NegativeMatch"
"1839","5e1c138a2bf9514062e4de6b","control_Similar","99","SimilarControl","end","finish","end-finish","",""
"1840","5e1c138a2bf9514062e4de6b","control_Dissimilar","0","DissimilarControl","begin","end","begin-end","",""
"1841","5e1c138a2bf9514062e4de6b","control_MaxMatch_Positive_Abstract","0","MaxMatch","honest","splendid","honest-splendid","AbstractMatch","PositiveMatch"
"1842","5e1c138a2bf9514062e4de6b","test_ConceptualMatch_Concrete","0","ConceptualMatchingOnly","human","hairy","human-hairy","ConceptualMatch:concrete","PositiveMismatch"
"1843","5e1c138a2bf9514062e4de6b","test_ConceptualMatch_Abstract","0","ConceptualMatchingOnly","heartless","splendid","heartless-splendid","ConceptualMatch:abstract","NegativeMismatch"
"1844","5e1c138a2bf9514062e4de6b","control_MaxMismatch","0","MaxMismatch","sensible","hairy","sensible-hairy","AbstractMismatch","PositiveMismatch"
"1845","5e1c138a2bf9514062e4de6b","control_MaxMatch_Positive_Concrete","0","MaxMatch","female","starry","female-starry","ConcreteMatch","PositiveMatch"
"1846","5e1c138a2bf9514062e4de6b","test_ValenceMatch_Negative","0","ValenceMatchingOnly","awful","bloodshot","awful-bloodshot","AbstractMismatch","NegativeMatch"
"1847","5e1c138a2bf9514062e4de6b","control_Similar","97","SimilarControl","get","obtain","get-obtain","",""
"1848","5e1c138a2bf9514062e4de6b","control_Dissimilar","0","DissimilarControl","give","take","give-take","",""
"1849","5e1c138a2bf9514062e4de6b","test_ValenceMatch_Positive","0","ValenceMatchingOnly","newborn","divine","newborn-divine","ConcreteMismatch","PositiveMatch"
"1850","5e1c138a2bf9514062e4de6b","control_MaxMatch_Negative_Concrete","0","MaxMatch","rusted","hairy","rusted-hairy","ConcreteMatch","NegativeMatch"
"1851","5e1c138a2bf9514062e4de6b","control_MaxMatch_Negative_Abstract","99","MaxMatch","evil","heartless","evil-heartless","AbstractMatch","NegativeMatch"
"1852","5e1c138a2bf9514062e4de6b","control_Similar","51","SimilarControl","use","employ","use-employ","",""
"1853","5e1c138a2bf9514062e4de6b","control_Dissimilar","0","DissimilarControl","arrive","leave","arrive-leave","",""
"1854","5e1c138a2bf9514062e4de6b","control_MaxMatch_Positive_Abstract","0","MaxMatch","possible","pleasant","possible-pleasant","AbstractMatch","PositiveMatch"
"1855","5e1c138a2bf9514062e4de6b","test_ConceptualMatch_Concrete","0","ConceptualMatchingOnly","starry","hairy","starry-hairy","ConceptualMatch:concrete","PositiveMismatch"
"1856","5e1c138a2bf9514062e4de6b","test_ConceptualMatch_Abstract","0","ConceptualMatchingOnly","crappy","honest","crappy-honest","ConceptualMatch:abstract","NegativeMismatch"
"1857","5e1c138a2bf9514062e4de6b","control_MaxMismatch","0","MaxMismatch","thankful","toothless","thankful-toothless","AbstractMismatch","PositiveMismatch"
"1858","5e1c138a2bf9514062e4de6b","control_MaxMatch_Positive_Concrete","0","MaxMatch","starry","handmade","starry-handmade","ConcreteMatch","PositiveMatch"
"1859","5e1c138a2bf9514062e4de6b","test_ValenceMatch_Negative","0","ValenceMatchingOnly","sexist","headless","sexist-headless","AbstractMismatch","NegativeMatch"
"1860","5e1c138a2bf9514062e4de6b","control_Similar","99","SimilarControl","begin","start","begin-start","",""
"1861","5e1c138a2bf9514062e4de6b","control_Dissimilar","0","DissimilarControl","increase","decrease","increase-decrease","",""
"1862","5e1c138a2bf9514062e4de6b","test_ValenceMatch_Positive","0","ValenceMatchingOnly","handmade","divine","handmade-divine","ConcreteMismatch","PositiveMatch"
"1863","5e1c138a2bf9514062e4de6b","control_MaxMatch_Negative_Concrete","0","MaxMatch","headless","rusted","headless-rusted","ConcreteMatch","NegativeMatch"
"1864","5e1c138a2bf9514062e4de6b","control_MaxMatch_Negative_Abstract","0","MaxMatch","worthless","sinful","worthless-sinful","AbstractMatch","NegativeMatch"
"1865","5e1c138a2bf9514062e4de6b","control_Similar","99","SimilarControl","show","display","show-display","",""
"1866","5e1c138a2bf9514062e4de6b","control_Dissimilar","0","DissimilarControl","come","go","come-go","",""
"1867","5e1c138a2bf9514062e4de6b","control_MaxMatch_Positive_Abstract","0","MaxMatch","splendid","helpful","splendid-helpful","AbstractMatch","PositiveMatch"
"1868","5e1c138a2bf9514062e4de6b","test_ConceptualMatch_Concrete","0","ConceptualMatchingOnly","lilac","thorny","lilac-thorny","ConceptualMatch:concrete","PositiveMismatch"
"1869","5e1c138a2bf9514062e4de6b","test_ConceptualMatch_Abstract","0","ConceptualMatchingOnly","crappy","pleasant","crappy-pleasant","ConceptualMatch:abstract","NegativeMismatch"
"1870","5e1c138a2bf9514062e4de6b","control_MaxMismatch","0","MaxMismatch","possible","headless","possible-headless","AbstractMismatch","PositiveMismatch"
"1871","5e1c138a2bf9514062e4de6b","control_MaxMatch_Positive_Concrete","0","MaxMatch","human","blooming","human-blooming","ConcreteMatch","PositiveMatch"
"1872","5e1c138a2bf9514062e4de6b","test_ValenceMatch_Negative","0","ValenceMatchingOnly","disloyal","bloody","disloyal-bloody","AbstractMismatch","NegativeMatch"
"1873","5e1c138a2bf9514062e4de6b","control_Similar","99","SimilarControl","speak","talk","speak-talk","",""
"1874","5e1c138a2bf9514062e4de6b","control_Dissimilar","0","DissimilarControl","push","pull","push-pull","",""
"1875","5e1c138a2bf9514062e4de6b","test_ValenceMatch_Positive","0","ValenceMatchingOnly","handmade","lovable","handmade-lovable","ConcreteMismatch","PositiveMatch"
"1876","5e1c138a2bf9514062e4de6b","control_MaxMatch_Negative_Concrete","0","MaxMatch","bloodshot","thorny","bloodshot-thorny","ConcreteMatch","NegativeMatch"
"1877","5e1c138a2bf9514062e4de6b","control_MaxMatch_Negative_Abstract","0","MaxMatch","awful","sinful","awful-sinful","AbstractMatch","NegativeMatch"
"1878","5e1c138a2bf9514062e4de6b","control_Similar","99","SimilarControl","ask","inquire","ask-inquire","",""
"1879","5e1c138a2bf9514062e4de6b","control_Dissimilar","0","DissimilarControl","rise","fall","rise-fall","",""
"1880","5e1c138a2bf9514062e4de6b","control_MaxMatch_Positive_Abstract","0","MaxMatch","honest","sensible","honest-sensible","AbstractMatch","PositiveMatch"
"1881","5e1c138a2bf9514062e4de6b","test_ConceptualMatch_Concrete","0","ConceptualMatchingOnly","newborn","bloodshot","newborn-bloodshot","ConceptualMatch:concrete","PositiveMismatch"
"1882","5e1c138a2bf9514062e4de6b","test_ConceptualMatch_Abstract","0","ConceptualMatchingOnly","evil","thankful","evil-thankful","ConceptualMatch:abstract","NegativeMismatch"
"1883","5e1c138a2bf9514062e4de6b","control_MaxMismatch","0","MaxMismatch","divine","thorny","divine-thorny","AbstractMismatch","PositiveMismatch"
"1884","5e1c138a2bf9514062e4de6b","control_MaxMatch_Positive_Concrete","0","MaxMatch","starry","pregnant","starry-pregnant","ConcreteMatch","PositiveMatch"
"1885","5e1c138a2bf9514062e4de6b","test_ValenceMatch_Negative","0","ValenceMatchingOnly","disloyal","headless","disloyal-headless","AbstractMismatch","NegativeMatch"
"1886","56b43607c54e3c000d3c9b0b","control_Dissimilar","34","DissimilarControl","push","pull","push-pull","",""
"1887","56b43607c54e3c000d3c9b0b","control_Similar","93","SimilarControl","end","finish","end-finish","",""
"1888","56b43607c54e3c000d3c9b0b","control_MaxMatch_Positive_Abstract","39","MaxMatch","honest","lovable","honest-lovable","AbstractMatch","PositiveMatch"
"1889","56b43607c54e3c000d3c9b0b","control_MaxMismatch","21","MaxMismatch","sensible","hairy","sensible-hairy","AbstractMismatch","PositiveMismatch"
"1890","56b43607c54e3c000d3c9b0b","test_ConceptualMatch_Concrete","21","ConceptualMatchingOnly","newborn","bloodshot","newborn-bloodshot","ConceptualMatch:concrete","PositiveMismatch"
"1891","56b43607c54e3c000d3c9b0b","test_ValenceMatch_Positive","60","ValenceMatchingOnly","blooming","divine","blooming-divine","ConcreteMismatch","PositiveMatch"
"1892","56b43607c54e3c000d3c9b0b","test_ConceptualMatch_Abstract","36","ConceptualMatchingOnly","disloyal","mindful","disloyal-mindful","ConceptualMatch:abstract","NegativeMismatch"
"1893","56b43607c54e3c000d3c9b0b","control_MaxMatch_Positive_Concrete","39","MaxMatch","lilac","orange","lilac-orange","ConcreteMatch","PositiveMatch"
"1894","56b43607c54e3c000d3c9b0b","control_MaxMatch_Negative_Concrete","36","MaxMatch","rusted","thorny","rusted-thorny","ConcreteMatch","NegativeMatch"
"1895","56b43607c54e3c000d3c9b0b","control_MaxMatch_Negative_Abstract","57","MaxMatch","heartless","disloyal","heartless-disloyal","AbstractMatch","NegativeMatch"
"1896","56b43607c54e3c000d3c9b0b","control_Dissimilar","22","DissimilarControl","give","take","give-take","",""
"1897","56b43607c54e3c000d3c9b0b","control_Similar","99","SimilarControl","help","assist","help-assist","",""
"1898","56b43607c54e3c000d3c9b0b","test_ValenceMatch_Negative","42","ValenceMatchingOnly","disloyal","toothless","disloyal-toothless","AbstractMismatch","NegativeMatch"
"1899","56b43607c54e3c000d3c9b0b","control_Dissimilar","39","DissimilarControl","come","go","come-go","",""
"1900","56b43607c54e3c000d3c9b0b","control_Similar","95","SimilarControl","speak","talk","speak-talk","",""
"1901","56b43607c54e3c000d3c9b0b","control_MaxMatch_Positive_Abstract","62","MaxMatch","mindful","helpful","mindful-helpful","AbstractMatch","PositiveMatch"
"1902","56b43607c54e3c000d3c9b0b","control_MaxMismatch","37","MaxMismatch","lovable","wrinkled","lovable-wrinkled","AbstractMismatch","PositiveMismatch"
"1903","56b43607c54e3c000d3c9b0b","test_ConceptualMatch_Concrete","37","ConceptualMatchingOnly","lilac","hairy","lilac-hairy","ConceptualMatch:concrete","PositiveMismatch"
"1904","56b43607c54e3c000d3c9b0b","test_ValenceMatch_Positive","42","ValenceMatchingOnly","newborn","divine","newborn-divine","ConcreteMismatch","PositiveMatch"
"1905","56b43607c54e3c000d3c9b0b","test_ConceptualMatch_Abstract","20","ConceptualMatchingOnly","sexist","thankful","sexist-thankful","ConceptualMatch:abstract","NegativeMismatch"
"1906","56b43607c54e3c000d3c9b0b","control_MaxMatch_Positive_Concrete","24","MaxMatch","human","pregnant","human-pregnant","ConcreteMatch","PositiveMatch"
"1907","56b43607c54e3c000d3c9b0b","control_MaxMatch_Negative_Concrete","39","MaxMatch","toothless","freezing","toothless-freezing","ConcreteMatch","NegativeMatch"
"1908","56b43607c54e3c000d3c9b0b","control_MaxMatch_Negative_Abstract","38","MaxMatch","stupid","disloyal","stupid-disloyal","AbstractMatch","NegativeMatch"
"1909","56b43607c54e3c000d3c9b0b","control_Dissimilar","19","DissimilarControl","increase","decrease","increase-decrease","",""
"1910","56b43607c54e3c000d3c9b0b","control_Similar","99","SimilarControl","begin","start","begin-start","",""
"1911","56b43607c54e3c000d3c9b0b","test_ValenceMatch_Negative","33","ValenceMatchingOnly","awful","bloodshot","awful-bloodshot","AbstractMismatch","NegativeMatch"
"1912","56b43607c54e3c000d3c9b0b","control_Dissimilar","10","DissimilarControl","arrive","leave","arrive-leave","",""
"1913","56b43607c54e3c000d3c9b0b","control_Similar","98","SimilarControl","ask","inquire","ask-inquire","",""
"1914","56b43607c54e3c000d3c9b0b","control_MaxMatch_Positive_Abstract","44","MaxMatch","mindful","divine","mindful-divine","AbstractMatch","PositiveMatch"
"1915","56b43607c54e3c000d3c9b0b","control_MaxMismatch","33","MaxMismatch","splendid","bloody","splendid-bloody","AbstractMismatch","PositiveMismatch"
"1916","56b43607c54e3c000d3c9b0b","test_ConceptualMatch_Concrete","36","ConceptualMatchingOnly","starry","bloody","starry-bloody","ConceptualMatch:concrete","PositiveMismatch"
"1917","56b43607c54e3c000d3c9b0b","test_ValenceMatch_Positive","38","ValenceMatchingOnly","handmade","pleasant","handmade-pleasant","ConcreteMismatch","PositiveMatch"
"1918","56b43607c54e3c000d3c9b0b","test_ConceptualMatch_Abstract","36","ConceptualMatchingOnly","stupid","mindful","stupid-mindful","ConceptualMatch:abstract","NegativeMismatch"
"1919","56b43607c54e3c000d3c9b0b","control_MaxMatch_Positive_Concrete","24","MaxMatch","newborn","starry","newborn-starry","ConcreteMatch","PositiveMatch"
"1920","56b43607c54e3c000d3c9b0b","control_MaxMatch_Negative_Concrete","60","MaxMatch","wrinkled","bloody","wrinkled-bloody","ConcreteMatch","NegativeMatch"
"1921","56b43607c54e3c000d3c9b0b","control_MaxMatch_Negative_Abstract","52","MaxMatch","sinful","disloyal","sinful-disloyal","AbstractMatch","NegativeMatch"
"1922","56b43607c54e3c000d3c9b0b","control_Dissimilar","22","DissimilarControl","open","close","open-close","",""
"1923","56b43607c54e3c000d3c9b0b","control_Similar","87","SimilarControl","use","employ","use-employ","",""
"1924","56b43607c54e3c000d3c9b0b","test_ValenceMatch_Negative","66","ValenceMatchingOnly","disloyal","dirty","disloyal-dirty","AbstractMismatch","NegativeMatch"
"1925","56b43607c54e3c000d3c9b0b","control_Dissimilar","10","DissimilarControl","begin","end","begin-end","",""
"1926","56b43607c54e3c000d3c9b0b","control_Similar","96","SimilarControl","get","obtain","get-obtain","",""
"1927","56b43607c54e3c000d3c9b0b","control_MaxMatch_Positive_Abstract","29","MaxMatch","lovable","possible","lovable-possible","AbstractMatch","PositiveMatch"
"1928","56b43607c54e3c000d3c9b0b","control_MaxMismatch","32","MaxMismatch","possible","headless","possible-headless","AbstractMismatch","PositiveMismatch"
"1929","56b43607c54e3c000d3c9b0b","test_ConceptualMatch_Concrete","29","ConceptualMatchingOnly","blooming","dirty","blooming-dirty","ConceptualMatch:concrete","PositiveMismatch"
"1930","56b43607c54e3c000d3c9b0b","test_ValenceMatch_Positive","38","ValenceMatchingOnly","blooming","possible","blooming-possible","ConcreteMismatch","PositiveMatch"
"1931","56b43607c54e3c000d3c9b0b","test_ConceptualMatch_Abstract","15","ConceptualMatchingOnly","sinful","possible","sinful-possible","ConceptualMatch:abstract","NegativeMismatch"
"1932","56b43607c54e3c000d3c9b0b","control_MaxMatch_Positive_Concrete","0","MaxMatch","orange","pregnant","orange-pregnant","ConcreteMatch","PositiveMatch"
"1933","56b43607c54e3c000d3c9b0b","control_MaxMatch_Negative_Concrete","59","MaxMatch","hairy","wrinkled","hairy-wrinkled","ConcreteMatch","NegativeMatch"
"1934","56b43607c54e3c000d3c9b0b","control_MaxMatch_Negative_Abstract","67","MaxMatch","awful","evil","awful-evil","AbstractMatch","NegativeMatch"
"1935","56b43607c54e3c000d3c9b0b","control_Dissimilar","14","DissimilarControl","add","remove","add-remove","",""
"1936","56b43607c54e3c000d3c9b0b","control_Similar","93","SimilarControl","show","display","show-display","",""
"1937","56b43607c54e3c000d3c9b0b","test_ValenceMatch_Negative","49","ValenceMatchingOnly","stupid","hairy","stupid-hairy","AbstractMismatch","NegativeMatch"
"1938","56b43607c54e3c000d3c9b0b","control_Dissimilar","13","DissimilarControl","enter","exit","enter-exit","",""
"1939","56b43607c54e3c000d3c9b0b","control_Similar","95","SimilarControl","need","require","need-require","",""
"1940","56b43607c54e3c000d3c9b0b","control_MaxMatch_Positive_Abstract","15","MaxMatch","honest","splendid","honest-splendid","AbstractMatch","PositiveMatch"
"1941","56b43607c54e3c000d3c9b0b","control_MaxMismatch","18","MaxMismatch","splendid","rusted","splendid-rusted","AbstractMismatch","PositiveMismatch"
"1942","56b43607c54e3c000d3c9b0b","test_ConceptualMatch_Concrete","23","ConceptualMatchingOnly","blooming","headless","blooming-headless","ConceptualMatch:concrete","PositiveMismatch"
"1943","56b43607c54e3c000d3c9b0b","test_ValenceMatch_Positive","33","ValenceMatchingOnly","blooming","mindful","blooming-mindful","ConcreteMismatch","PositiveMatch"
"1944","56b43607c54e3c000d3c9b0b","test_ConceptualMatch_Abstract","21","ConceptualMatchingOnly","evil","helpful","evil-helpful","ConceptualMatch:abstract","NegativeMismatch"
"1945","56b43607c54e3c000d3c9b0b","control_MaxMatch_Positive_Concrete","41","MaxMatch","lilac","blooming","lilac-blooming","ConcreteMatch","PositiveMatch"
"1946","56b43607c54e3c000d3c9b0b","control_MaxMatch_Negative_Concrete","43","MaxMatch","thorny","dirty","thorny-dirty","ConcreteMatch","NegativeMatch"
"1947","56b43607c54e3c000d3c9b0b","control_MaxMatch_Negative_Abstract","43","MaxMatch","soulless","stupid","soulless-stupid","AbstractMatch","NegativeMatch"
"1948","56b43607c54e3c000d3c9b0b","control_Dissimilar","10","DissimilarControl","rise","fall","rise-fall","",""
"1949","56b43607c54e3c000d3c9b0b","control_Similar","96","SimilarControl","buy","purchase","buy-purchase","",""
"1950","56b43607c54e3c000d3c9b0b","test_ValenceMatch_Negative","35","ValenceMatchingOnly","disloyal","bloody","disloyal-bloody","AbstractMismatch","NegativeMatch"
"1951","610d6c481ca4797b863fe3d1","control_Dissimilar","0","DissimilarControl","begin","end","begin-end","",""
"1952","610d6c481ca4797b863fe3d1","control_Similar","99","SimilarControl","buy","purchase","buy-purchase","",""
"1953","610d6c481ca4797b863fe3d1","control_MaxMatch_Positive_Concrete","49","MaxMatch","human","orange","human-orange","ConcreteMatch","PositiveMatch"
"1954","610d6c481ca4797b863fe3d1","test_ValenceMatch_Positive","48","ValenceMatchingOnly","sunny","mindful","sunny-mindful","ConcreteMismatch","PositiveMatch"
"1955","610d6c481ca4797b863fe3d1","test_ConceptualMatch_Concrete","0","ConceptualMatchingOnly","female","dirty","female-dirty","ConceptualMatch:concrete","PositiveMismatch"
"1956","610d6c481ca4797b863fe3d1","control_MaxMatch_Positive_Abstract","58","MaxMatch","honest","pleasant","honest-pleasant","AbstractMatch","PositiveMatch"
"1957","610d6c481ca4797b863fe3d1","control_Dissimilar","0","DissimilarControl","give","take","give-take","",""
"1958","610d6c481ca4797b863fe3d1","control_MaxMatch_Negative_Concrete","32","MaxMatch","headless","bloodshot","headless-bloodshot","ConcreteMatch","NegativeMatch"
"1959","610d6c481ca4797b863fe3d1","control_Similar","85","SimilarControl","use","employ","use-employ","",""
"1960","610d6c481ca4797b863fe3d1","test_ConceptualMatch_Abstract","29","ConceptualMatchingOnly","sexist","lovable","sexist-lovable","ConceptualMatch:abstract","NegativeMismatch"
"1961","610d6c481ca4797b863fe3d1","control_MaxMismatch","0","MaxMismatch","divine","toothless","divine-toothless","AbstractMismatch","PositiveMismatch"
"1962","610d6c481ca4797b863fe3d1","control_MaxMatch_Negative_Abstract","66","MaxMatch","sexist","stupid","sexist-stupid","AbstractMatch","NegativeMatch"
"1963","610d6c481ca4797b863fe3d1","test_ValenceMatch_Negative","23","ValenceMatchingOnly","crappy","wrinkled","crappy-wrinkled","AbstractMismatch","NegativeMatch"
"1964","610d6c481ca4797b863fe3d1","control_Dissimilar","0","DissimilarControl","push","pull","push-pull","",""
"1965","610d6c481ca4797b863fe3d1","control_Similar","99","SimilarControl","ask","inquire","ask-inquire","",""
"1966","610d6c481ca4797b863fe3d1","control_MaxMatch_Positive_Concrete","25","MaxMatch","lilac","human","lilac-human","ConcreteMatch","PositiveMatch"
"1967","610d6c481ca4797b863fe3d1","test_ValenceMatch_Positive","72","ValenceMatchingOnly","human","splendid","human-splendid","ConcreteMismatch","PositiveMatch"
"1968","610d6c481ca4797b863fe3d1","test_ConceptualMatch_Concrete","69","ConceptualMatchingOnly","starry","freezing","starry-freezing","ConceptualMatch:concrete","PositiveMismatch"
"1969","610d6c481ca4797b863fe3d1","control_MaxMatch_Positive_Abstract","74","MaxMatch","lovable","thankful","lovable-thankful","AbstractMatch","PositiveMatch"
"1970","610d6c481ca4797b863fe3d1","control_Dissimilar","0","DissimilarControl","arrive","leave","arrive-leave","",""
"1971","610d6c481ca4797b863fe3d1","control_MaxMatch_Negative_Concrete","27","MaxMatch","dirty","freezing","dirty-freezing","ConcreteMatch","NegativeMatch"
"1972","610d6c481ca4797b863fe3d1","control_Similar","83","SimilarControl","end","finish","end-finish","",""
"1973","610d6c481ca4797b863fe3d1","test_ConceptualMatch_Abstract","18","ConceptualMatchingOnly","soulless","pleasant","soulless-pleasant","ConceptualMatch:abstract","NegativeMismatch"
"1974","610d6c481ca4797b863fe3d1","control_MaxMismatch","19","MaxMismatch","lovable","freezing","lovable-freezing","AbstractMismatch","PositiveMismatch"
"1975","610d6c481ca4797b863fe3d1","control_MaxMatch_Negative_Abstract","74","MaxMatch","awful","sinful","awful-sinful","AbstractMatch","NegativeMatch"
"1976","610d6c481ca4797b863fe3d1","test_ValenceMatch_Negative","67","ValenceMatchingOnly","soulless","headless","soulless-headless","AbstractMismatch","NegativeMatch"
"1977","610d6c481ca4797b863fe3d1","control_Dissimilar","0","DissimilarControl","rise","fall","rise-fall","",""
"1978","610d6c481ca4797b863fe3d1","control_Similar","85","SimilarControl","need","require","need-require","",""
"1979","610d6c481ca4797b863fe3d1","control_MaxMatch_Positive_Concrete","30","MaxMatch","sunny","human","sunny-human","ConcreteMatch","PositiveMatch"
"1980","610d6c481ca4797b863fe3d1","test_ValenceMatch_Positive","23","ValenceMatchingOnly","lilac","lovable","lilac-lovable","ConcreteMismatch","PositiveMatch"
"1981","610d6c481ca4797b863fe3d1","test_ConceptualMatch_Concrete","0","ConceptualMatchingOnly","orange","toothless","orange-toothless","ConceptualMatch:concrete","PositiveMismatch"
"1982","610d6c481ca4797b863fe3d1","control_MaxMatch_Positive_Abstract","84","MaxMatch","honest","lovable","honest-lovable","AbstractMatch","PositiveMatch"
"1983","610d6c481ca4797b863fe3d1","control_Dissimilar","0","DissimilarControl","come","go","come-go","",""
"1984","610d6c481ca4797b863fe3d1","control_MaxMatch_Negative_Concrete","66","MaxMatch","thorny","bloody","thorny-bloody","ConcreteMatch","NegativeMatch"
"1985","610d6c481ca4797b863fe3d1","control_Similar","99","SimilarControl","help","assist","help-assist","",""
"1986","610d6c481ca4797b863fe3d1","test_ConceptualMatch_Abstract","0","ConceptualMatchingOnly","soulless","divine","soulless-divine","ConceptualMatch:abstract","NegativeMismatch"
"1987","610d6c481ca4797b863fe3d1","control_MaxMismatch","0","MaxMismatch","helpful","hairy","helpful-hairy","AbstractMismatch","PositiveMismatch"
"1988","610d6c481ca4797b863fe3d1","control_MaxMatch_Negative_Abstract","69","MaxMatch","worthless","stupid","worthless-stupid","AbstractMatch","NegativeMatch"
"1989","610d6c481ca4797b863fe3d1","test_ValenceMatch_Negative","23","ValenceMatchingOnly","disloyal","thorny","disloyal-thorny","AbstractMismatch","NegativeMatch"
"1990","610d6c481ca4797b863fe3d1","control_Dissimilar","0","DissimilarControl","add","remove","add-remove","",""
"1991","610d6c481ca4797b863fe3d1","control_Similar","99","SimilarControl","speak","talk","speak-talk","",""
"1992","610d6c481ca4797b863fe3d1","control_MaxMatch_Positive_Concrete","66","MaxMatch","female","pregnant","female-pregnant","ConcreteMatch","PositiveMatch"
"1993","610d6c481ca4797b863fe3d1","test_ValenceMatch_Positive","0","ValenceMatchingOnly","lilac","possible","lilac-possible","ConcreteMismatch","PositiveMatch"
"1994","610d6c481ca4797b863fe3d1","test_ConceptualMatch_Concrete","27","ConceptualMatchingOnly","human","headless","human-headless","ConceptualMatch:concrete","PositiveMismatch"
"1995","610d6c481ca4797b863fe3d1","control_MaxMatch_Positive_Abstract","80","MaxMatch","mindful","helpful","mindful-helpful","AbstractMatch","PositiveMatch"
"1996","610d6c481ca4797b863fe3d1","control_Dissimilar","0","DissimilarControl","increase","decrease","increase-decrease","",""
"1997","610d6c481ca4797b863fe3d1","control_MaxMatch_Negative_Concrete","68","MaxMatch","bloodshot","bloody","bloodshot-bloody","ConcreteMatch","NegativeMatch"
"1998","610d6c481ca4797b863fe3d1","control_Similar","99","SimilarControl","begin","start","begin-start","",""
"1999","610d6c481ca4797b863fe3d1","test_ConceptualMatch_Abstract","0","ConceptualMatchingOnly","sexist","mindful","sexist-mindful","ConceptualMatch:abstract","NegativeMismatch"
"2000","610d6c481ca4797b863fe3d1","control_MaxMismatch","0","MaxMismatch","sensible","freezing","sensible-freezing","AbstractMismatch","PositiveMismatch"
"2001","610d6c481ca4797b863fe3d1","control_MaxMatch_Negative_Abstract","82","MaxMatch","awful","crappy","awful-crappy","AbstractMatch","NegativeMatch"
"2002","610d6c481ca4797b863fe3d1","test_ValenceMatch_Negative","18","ValenceMatchingOnly","sexist","hairy","sexist-hairy","AbstractMismatch","NegativeMatch"
"2003","610d6c481ca4797b863fe3d1","control_Dissimilar","0","DissimilarControl","open","close","open-close","",""
"2004","610d6c481ca4797b863fe3d1","control_Similar","85","SimilarControl","show","display","show-display","",""
"2005","610d6c481ca4797b863fe3d1","control_MaxMatch_Positive_Concrete","0","MaxMatch","starry","handmade","starry-handmade","ConcreteMatch","PositiveMatch"
"2006","610d6c481ca4797b863fe3d1","test_ValenceMatch_Positive","0","ValenceMatchingOnly","orange","mindful","orange-mindful","ConcreteMismatch","PositiveMatch"
"2007","610d6c481ca4797b863fe3d1","test_ConceptualMatch_Concrete","14","ConceptualMatchingOnly","human","thorny","human-thorny","ConceptualMatch:concrete","PositiveMismatch"
"2008","610d6c481ca4797b863fe3d1","control_MaxMatch_Positive_Abstract","83","MaxMatch","thankful","divine","thankful-divine","AbstractMatch","PositiveMatch"
"2009","610d6c481ca4797b863fe3d1","control_Dissimilar","0","DissimilarControl","enter","exit","enter-exit","",""
"2010","610d6c481ca4797b863fe3d1","control_MaxMatch_Negative_Concrete","16","MaxMatch","bloodshot","dirty","bloodshot-dirty","ConcreteMatch","NegativeMatch"
"2011","610d6c481ca4797b863fe3d1","control_Similar","99","SimilarControl","get","obtain","get-obtain","",""
"2012","610d6c481ca4797b863fe3d1","test_ConceptualMatch_Abstract","0","ConceptualMatchingOnly","crappy","lovable","crappy-lovable","ConceptualMatch:abstract","NegativeMismatch"
"2013","610d6c481ca4797b863fe3d1","control_MaxMismatch","0","MaxMismatch","helpful","bloodshot","helpful-bloodshot","AbstractMismatch","PositiveMismatch"
"2014","610d6c481ca4797b863fe3d1","control_MaxMatch_Negative_Abstract","88","MaxMatch","worthless","evil","worthless-evil","AbstractMatch","NegativeMatch"
"2015","610d6c481ca4797b863fe3d1","test_ValenceMatch_Negative","31","ValenceMatchingOnly","heartless","thorny","heartless-thorny","AbstractMismatch","NegativeMatch"
"2016","6692de3d28a72d1606ce3331","control_Similar","99","SimilarControl","speak","talk","speak-talk","",""
"2017","6692de3d28a72d1606ce3331","control_Dissimilar","0","DissimilarControl","open","close","open-close","",""
"2018","6692de3d28a72d1606ce3331","control_MaxMismatch","0","MaxMismatch","pleasant","bloodshot","pleasant-bloodshot","AbstractMismatch","PositiveMismatch"
"2019","6692de3d28a72d1606ce3331","control_MaxMatch_Positive_Concrete","0","MaxMatch","lilac","female","lilac-female","ConcreteMatch","PositiveMatch"
"2020","6692de3d28a72d1606ce3331","control_Similar","99","SimilarControl","show","display","show-display","",""
"2021","6692de3d28a72d1606ce3331","control_MaxMatch_Positive_Abstract","0","MaxMatch","lovable","sensible","lovable-sensible","AbstractMatch","PositiveMatch"
"2022","6692de3d28a72d1606ce3331","test_ConceptualMatch_Concrete","0","ConceptualMatchingOnly","female","thorny","female-thorny","ConceptualMatch:concrete","PositiveMismatch"
"2023","6692de3d28a72d1606ce3331","test_ValenceMatch_Negative","63","ValenceMatchingOnly","awful","wrinkled","awful-wrinkled","AbstractMismatch","NegativeMatch"
"2024","6692de3d28a72d1606ce3331","control_MaxMatch_Negative_Abstract","48","MaxMatch","worthless","awful","worthless-awful","AbstractMatch","NegativeMatch"
"2025","6692de3d28a72d1606ce3331","test_ValenceMatch_Positive","83","ValenceMatchingOnly","starry","pleasant","starry-pleasant","ConcreteMismatch","PositiveMatch"
"2026","6692de3d28a72d1606ce3331","control_Dissimilar","0","DissimilarControl","push","pull","push-pull","",""
"2027","6692de3d28a72d1606ce3331","test_ConceptualMatch_Abstract","25","ConceptualMatchingOnly","crappy","sensible","crappy-sensible","ConceptualMatch:abstract","NegativeMismatch"
"2028","6692de3d28a72d1606ce3331","control_MaxMatch_Negative_Concrete","58","MaxMatch","rusted","wrinkled","rusted-wrinkled","ConcreteMatch","NegativeMatch"
"2029","6692de3d28a72d1606ce3331","control_Similar","99","SimilarControl","need","require","need-require","",""
"2030","6692de3d28a72d1606ce3331","control_Dissimilar","0","DissimilarControl","increase","decrease","increase-decrease","",""
"2031","6692de3d28a72d1606ce3331","control_MaxMismatch","37","MaxMismatch","sensible","hairy","sensible-hairy","AbstractMismatch","PositiveMismatch"
"2032","6692de3d28a72d1606ce3331","control_MaxMatch_Positive_Concrete","0","MaxMatch","sunny","female","sunny-female","ConcreteMatch","PositiveMatch"
"2033","6692de3d28a72d1606ce3331","control_Similar","99","SimilarControl","end","finish","end-finish","",""
"2034","6692de3d28a72d1606ce3331","control_MaxMatch_Positive_Abstract","12","MaxMatch","sensible","helpful","sensible-helpful","AbstractMatch","PositiveMatch"
"2035","6692de3d28a72d1606ce3331","test_ConceptualMatch_Concrete","0","ConceptualMatchingOnly","blooming","dirty","blooming-dirty","ConceptualMatch:concrete","PositiveMismatch"
"2036","6692de3d28a72d1606ce3331","test_ValenceMatch_Negative","58","ValenceMatchingOnly","sinful","wrinkled","sinful-wrinkled","AbstractMismatch","NegativeMatch"
"2037","6692de3d28a72d1606ce3331","control_MaxMatch_Negative_Abstract","0","MaxMatch","worthless","sexist","worthless-sexist","AbstractMatch","NegativeMatch"
"2038","6692de3d28a72d1606ce3331","test_ValenceMatch_Positive","0","ValenceMatchingOnly","female","honest","female-honest","ConcreteMismatch","PositiveMatch"
"2039","6692de3d28a72d1606ce3331","control_Dissimilar","0","DissimilarControl","enter","exit","enter-exit","",""
"2040","6692de3d28a72d1606ce3331","test_ConceptualMatch_Abstract","0","ConceptualMatchingOnly","worthless","pleasant","worthless-pleasant","ConceptualMatch:abstract","NegativeMismatch"
"2041","6692de3d28a72d1606ce3331","control_MaxMatch_Negative_Concrete","62","MaxMatch","wrinkled","freezing","wrinkled-freezing","ConcreteMatch","NegativeMatch"
"2042","6692de3d28a72d1606ce3331","control_Similar","99","SimilarControl","buy","purchase","buy-purchase","",""
"2043","6692de3d28a72d1606ce3331","control_Dissimilar","0","DissimilarControl","rise","fall","rise-fall","",""
"2044","6692de3d28a72d1606ce3331","control_MaxMismatch","0","MaxMismatch","divine","dirty","divine-dirty","AbstractMismatch","PositiveMismatch"
"2045","6692de3d28a72d1606ce3331","control_MaxMatch_Positive_Concrete","2","MaxMatch","human","orange","human-orange","ConcreteMatch","PositiveMatch"
"2046","6692de3d28a72d1606ce3331","control_Similar","41","SimilarControl","use","employ","use-employ","",""
"2047","6692de3d28a72d1606ce3331","control_MaxMatch_Positive_Abstract","0","MaxMatch","honest","lovable","honest-lovable","AbstractMatch","PositiveMatch"
"2048","6692de3d28a72d1606ce3331","test_ConceptualMatch_Concrete","0","ConceptualMatchingOnly","handmade","headless","handmade-headless","ConceptualMatch:concrete","PositiveMismatch"
"2049","6692de3d28a72d1606ce3331","test_ValenceMatch_Negative","0","ValenceMatchingOnly","stupid","hairy","stupid-hairy","AbstractMismatch","NegativeMatch"
"2050","6692de3d28a72d1606ce3331","control_MaxMatch_Negative_Abstract","52","MaxMatch","soulless","stupid","soulless-stupid","AbstractMatch","NegativeMatch"
"2051","6692de3d28a72d1606ce3331","test_ValenceMatch_Positive","20","ValenceMatchingOnly","starry","helpful","starry-helpful","ConcreteMismatch","PositiveMatch"
"2052","6692de3d28a72d1606ce3331","control_Dissimilar","0","DissimilarControl","arrive","leave","arrive-leave","",""
"2053","6692de3d28a72d1606ce3331","test_ConceptualMatch_Abstract","0","ConceptualMatchingOnly","crappy","splendid","crappy-splendid","ConceptualMatch:abstract","NegativeMismatch"
"2054","6692de3d28a72d1606ce3331","control_MaxMatch_Negative_Concrete","0","MaxMatch","headless","thorny","headless-thorny","ConcreteMatch","NegativeMatch"
"2055","6692de3d28a72d1606ce3331","control_Similar","99","SimilarControl","help","assist","help-assist","",""
"2056","6692de3d28a72d1606ce3331","control_Dissimilar","0","DissimilarControl","give","take","give-take","",""
"2057","6692de3d28a72d1606ce3331","control_MaxMismatch","0","MaxMismatch","mindful","rusted","mindful-rusted","AbstractMismatch","PositiveMismatch"
"2058","6692de3d28a72d1606ce3331","control_MaxMatch_Positive_Concrete","0","MaxMatch","sunny","starry","sunny-starry","ConcreteMatch","PositiveMatch"
"2059","6692de3d28a72d1606ce3331","control_Similar","99","SimilarControl","get","obtain","get-obtain","",""
"2060","6692de3d28a72d1606ce3331","control_MaxMatch_Positive_Abstract","0","MaxMatch","splendid","possible","splendid-possible","AbstractMatch","PositiveMatch"
"2061","6692de3d28a72d1606ce3331","test_ConceptualMatch_Concrete","0","ConceptualMatchingOnly","newborn","hairy","newborn-hairy","ConceptualMatch:concrete","PositiveMismatch"
"2062","6692de3d28a72d1606ce3331","test_ValenceMatch_Negative","52","ValenceMatchingOnly","awful","hairy","awful-hairy","AbstractMismatch","NegativeMatch"
"2063","6692de3d28a72d1606ce3331","control_MaxMatch_Negative_Abstract","55","MaxMatch","awful","evil","awful-evil","AbstractMatch","NegativeMatch"
"2064","6692de3d28a72d1606ce3331","test_ValenceMatch_Positive","43","ValenceMatchingOnly","lilac","splendid","lilac-splendid","ConcreteMismatch","PositiveMatch"
"2065","6692de3d28a72d1606ce3331","control_Dissimilar","0","DissimilarControl","add","remove","add-remove","",""
"2066","6692de3d28a72d1606ce3331","test_ConceptualMatch_Abstract","0","ConceptualMatchingOnly","awful","splendid","awful-splendid","ConceptualMatch:abstract","NegativeMismatch"
"2067","6692de3d28a72d1606ce3331","control_MaxMatch_Negative_Concrete","63","MaxMatch","thorny","hairy","thorny-hairy","ConcreteMatch","NegativeMatch"
"2068","6692de3d28a72d1606ce3331","control_Similar","99","SimilarControl","begin","start","begin-start","",""
"2069","6692de3d28a72d1606ce3331","control_Dissimilar","0","DissimilarControl","come","go","come-go","",""
"2070","6692de3d28a72d1606ce3331","control_MaxMismatch","0","MaxMismatch","honest","bloodshot","honest-bloodshot","AbstractMismatch","PositiveMismatch"
"2071","6692de3d28a72d1606ce3331","control_MaxMatch_Positive_Concrete","0","MaxMatch","lilac","handmade","lilac-handmade","ConcreteMatch","PositiveMatch"
"2072","6692de3d28a72d1606ce3331","control_Similar","99","SimilarControl","ask","inquire","ask-inquire","",""
"2073","6692de3d28a72d1606ce3331","control_MaxMatch_Positive_Abstract","0","MaxMatch","honest","thankful","honest-thankful","AbstractMatch","PositiveMatch"
"2074","6692de3d28a72d1606ce3331","test_ConceptualMatch_Concrete","0","ConceptualMatchingOnly","sunny","hairy","sunny-hairy","ConceptualMatch:concrete","PositiveMismatch"
"2075","6692de3d28a72d1606ce3331","test_ValenceMatch_Negative","2","ValenceMatchingOnly","disloyal","toothless","disloyal-toothless","AbstractMismatch","NegativeMatch"
"2076","6692de3d28a72d1606ce3331","control_MaxMatch_Negative_Abstract","57","MaxMatch","worthless","heartless","worthless-heartless","AbstractMatch","NegativeMatch"
"2077","6692de3d28a72d1606ce3331","test_ValenceMatch_Positive","0","ValenceMatchingOnly","orange","divine","orange-divine","ConcreteMismatch","PositiveMatch"
"2078","6692de3d28a72d1606ce3331","control_Dissimilar","0","DissimilarControl","begin","end","begin-end","",""
"2079","6692de3d28a72d1606ce3331","test_ConceptualMatch_Abstract","0","ConceptualMatchingOnly","awful","lovable","awful-lovable","ConceptualMatch:abstract","NegativeMismatch"
"2080","6692de3d28a72d1606ce3331","control_MaxMatch_Negative_Concrete","0","MaxMatch","toothless","bloody","toothless-bloody","ConcreteMatch","NegativeMatch"
"2081","5ce6f942fb171800194db7db","control_Similar","99","SimilarControl","need","require","need-require","",""
"2082","5ce6f942fb171800194db7db","control_Dissimilar","0","DissimilarControl","increase","decrease","increase-decrease","",""
"2083","5ce6f942fb171800194db7db","test_ValenceMatch_Negative","0","ValenceMatchingOnly","evil","toothless","evil-toothless","AbstractMismatch","NegativeMatch"
"2084","5ce6f942fb171800194db7db","control_MaxMatch_Positive_Abstract","68","MaxMatch","possible","helpful","possible-helpful","AbstractMatch","PositiveMatch"
"2085","5ce6f942fb171800194db7db","control_MaxMismatch","0","MaxMismatch","lovable","bloody","lovable-bloody","AbstractMismatch","PositiveMismatch"
"2086","5ce6f942fb171800194db7db","test_ValenceMatch_Positive","0","ValenceMatchingOnly","blooming","divine","blooming-divine","ConcreteMismatch","PositiveMatch"
"2087","5ce6f942fb171800194db7db","control_Similar","99","SimilarControl","end","finish","end-finish","",""
"2088","5ce6f942fb171800194db7db","control_Dissimilar","0","DissimilarControl","give","take","give-take","",""
"2089","5ce6f942fb171800194db7db","test_ConceptualMatch_Abstract","0","ConceptualMatchingOnly","heartless","lovable","heartless-lovable","ConceptualMatch:abstract","NegativeMismatch"
"2090","5ce6f942fb171800194db7db","test_ConceptualMatch_Concrete","0","ConceptualMatchingOnly","blooming","hairy","blooming-hairy","ConceptualMatch:concrete","PositiveMismatch"
"2091","5ce6f942fb171800194db7db","control_MaxMatch_Negative_Concrete","0","MaxMatch","toothless","rusted","toothless-rusted","ConcreteMatch","NegativeMatch"
"2092","5ce6f942fb171800194db7db","control_MaxMatch_Positive_Concrete","0","MaxMatch","lilac","orange","lilac-orange","ConcreteMatch","PositiveMatch"
"2093","5ce6f942fb171800194db7db","control_MaxMatch_Negative_Abstract","52","MaxMatch","evil","disloyal","evil-disloyal","AbstractMatch","NegativeMatch"
"2094","5ce6f942fb171800194db7db","control_Similar","99","SimilarControl","ask","inquire","ask-inquire","",""
"2095","5ce6f942fb171800194db7db","control_Dissimilar","0","DissimilarControl","rise","fall","rise-fall","",""
"2096","5ce6f942fb171800194db7db","test_ValenceMatch_Negative","51","ValenceMatchingOnly","evil","thorny","evil-thorny","AbstractMismatch","NegativeMatch"
"2097","5ce6f942fb171800194db7db","control_MaxMatch_Positive_Abstract","65","MaxMatch","honest","divine","honest-divine","AbstractMatch","PositiveMatch"
"2098","5ce6f942fb171800194db7db","control_MaxMismatch","0","MaxMismatch","sensible","hairy","sensible-hairy","AbstractMismatch","PositiveMismatch"
"2099","5ce6f942fb171800194db7db","test_ValenceMatch_Positive","0","ValenceMatchingOnly","lilac","helpful","lilac-helpful","ConcreteMismatch","PositiveMatch"
"2100","5ce6f942fb171800194db7db","control_Similar","99","SimilarControl","buy","purchase","buy-purchase","",""
"2101","5ce6f942fb171800194db7db","control_Dissimilar","0","DissimilarControl","add","remove","add-remove","",""
"2102","5ce6f942fb171800194db7db","test_ConceptualMatch_Abstract","0","ConceptualMatchingOnly","crappy","splendid","crappy-splendid","ConceptualMatch:abstract","NegativeMismatch"
"2103","5ce6f942fb171800194db7db","test_ConceptualMatch_Concrete","0","ConceptualMatchingOnly","pregnant","bloody","pregnant-bloody","ConceptualMatch:concrete","PositiveMismatch"
"2104","5ce6f942fb171800194db7db","control_MaxMatch_Negative_Concrete","64","MaxMatch","toothless","headless","toothless-headless","ConcreteMatch","NegativeMatch"
"2105","5ce6f942fb171800194db7db","control_MaxMatch_Positive_Concrete","0","MaxMatch","lilac","pregnant","lilac-pregnant","ConcreteMatch","PositiveMatch"
"2106","5ce6f942fb171800194db7db","control_MaxMatch_Negative_Abstract","0","MaxMatch","worthless","sinful","worthless-sinful","AbstractMatch","NegativeMatch"
"2107","5ce6f942fb171800194db7db","control_Similar","99","SimilarControl","begin","start","begin-start","",""
"2108","5ce6f942fb171800194db7db","control_Dissimilar","64","DissimilarControl","begin","end","begin-end","",""
"2109","5ce6f942fb171800194db7db","test_ValenceMatch_Negative","0","ValenceMatchingOnly","stupid","bloodshot","stupid-bloodshot","AbstractMismatch","NegativeMatch"
"2110","5ce6f942fb171800194db7db","control_MaxMatch_Positive_Abstract","83","MaxMatch","honest","mindful","honest-mindful","AbstractMatch","PositiveMatch"
"2111","5ce6f942fb171800194db7db","control_MaxMismatch","0","MaxMismatch","splendid","rusted","splendid-rusted","AbstractMismatch","PositiveMismatch"
"2112","5ce6f942fb171800194db7db","test_ValenceMatch_Positive","0","ValenceMatchingOnly","orange","sensible","orange-sensible","ConcreteMismatch","PositiveMatch"
"2113","5ce6f942fb171800194db7db","control_Similar","99","SimilarControl","get","obtain","get-obtain","",""
"2114","5ce6f942fb171800194db7db","control_Dissimilar","0","DissimilarControl","come","go","come-go","",""
"2115","5ce6f942fb171800194db7db","test_ConceptualMatch_Abstract","0","ConceptualMatchingOnly","heartless","honest","heartless-honest","ConceptualMatch:abstract","NegativeMismatch"
"2116","5ce6f942fb171800194db7db","test_ConceptualMatch_Concrete","0","ConceptualMatchingOnly","newborn","dirty","newborn-dirty","ConceptualMatch:concrete","PositiveMismatch"
"2117","5ce6f942fb171800194db7db","control_MaxMatch_Negative_Concrete","0","MaxMatch","thorny","freezing","thorny-freezing","ConcreteMatch","NegativeMatch"
"2118","5ce6f942fb171800194db7db","control_MaxMatch_Positive_Concrete","10","MaxMatch","female","blooming","female-blooming","ConcreteMatch","PositiveMatch"
"2119","5ce6f942fb171800194db7db","control_MaxMatch_Negative_Abstract","72","MaxMatch","heartless","disloyal","heartless-disloyal","AbstractMatch","NegativeMatch"
"2120","5ce6f942fb171800194db7db","control_Similar","99","SimilarControl","speak","talk","speak-talk","",""
"2121","5ce6f942fb171800194db7db","control_Dissimilar","0","DissimilarControl","enter","exit","enter-exit","",""
"2122","5ce6f942fb171800194db7db","test_ValenceMatch_Negative","0","ValenceMatchingOnly","sexist","thorny","sexist-thorny","AbstractMismatch","NegativeMatch"
"2123","5ce6f942fb171800194db7db","control_MaxMatch_Positive_Abstract","0","MaxMatch","lovable","possible","lovable-possible","AbstractMatch","PositiveMatch"
"2124","5ce6f942fb171800194db7db","control_MaxMismatch","0","MaxMismatch","sensible","bloody","sensible-bloody","AbstractMismatch","PositiveMismatch"
"2125","5ce6f942fb171800194db7db","test_ValenceMatch_Positive","0","ValenceMatchingOnly","pregnant","lovable","pregnant-lovable","ConcreteMismatch","PositiveMatch"
"2126","5ce6f942fb171800194db7db","control_Similar","67","SimilarControl","use","employ","use-employ","",""
"2127","5ce6f942fb171800194db7db","control_Dissimilar","76","DissimilarControl","push","pull","push-pull","",""
"2128","5ce6f942fb171800194db7db","test_ConceptualMatch_Abstract","0","ConceptualMatchingOnly","sinful","thankful","sinful-thankful","ConceptualMatch:abstract","NegativeMismatch"
"2129","5ce6f942fb171800194db7db","test_ConceptualMatch_Concrete","0","ConceptualMatchingOnly","handmade","wrinkled","handmade-wrinkled","ConceptualMatch:concrete","PositiveMismatch"
"2130","5ce6f942fb171800194db7db","control_MaxMatch_Negative_Concrete","76","MaxMatch","rusted","dirty","rusted-dirty","ConcreteMatch","NegativeMatch"
"2131","5ce6f942fb171800194db7db","control_MaxMatch_Positive_Concrete","0","MaxMatch","female","starry","female-starry","ConcreteMatch","PositiveMatch"
"2132","5ce6f942fb171800194db7db","control_MaxMatch_Negative_Abstract","0","MaxMatch","sexist","crappy","sexist-crappy","AbstractMatch","NegativeMatch"
"2133","5ce6f942fb171800194db7db","control_Similar","99","SimilarControl","help","assist","help-assist","",""
"2134","5ce6f942fb171800194db7db","control_Dissimilar","88","DissimilarControl","open","close","open-close","",""
"2135","5ce6f942fb171800194db7db","test_ValenceMatch_Negative","0","ValenceMatchingOnly","evil","dirty","evil-dirty","AbstractMismatch","NegativeMatch"
"2136","5ce6f942fb171800194db7db","control_MaxMatch_Positive_Abstract","0","MaxMatch","splendid","helpful","splendid-helpful","AbstractMatch","PositiveMatch"
"2137","5ce6f942fb171800194db7db","control_MaxMismatch","0","MaxMismatch","honest","freezing","honest-freezing","AbstractMismatch","PositiveMismatch"
"2138","5ce6f942fb171800194db7db","test_ValenceMatch_Positive","0","ValenceMatchingOnly","orange","pleasant","orange-pleasant","ConcreteMismatch","PositiveMatch"
"2139","5ce6f942fb171800194db7db","control_Similar","99","SimilarControl","show","display","show-display","",""
"2140","5ce6f942fb171800194db7db","control_Dissimilar","99","DissimilarControl","arrive","leave","arrive-leave","",""
"2141","5ce6f942fb171800194db7db","test_ConceptualMatch_Abstract","0","ConceptualMatchingOnly","evil","helpful","evil-helpful","ConceptualMatch:abstract","NegativeMismatch"
"2142","5ce6f942fb171800194db7db","test_ConceptualMatch_Concrete","0","ConceptualMatchingOnly","human","bloodshot","human-bloodshot","ConceptualMatch:concrete","PositiveMismatch"
"2143","5ce6f942fb171800194db7db","control_MaxMatch_Negative_Concrete","0","MaxMatch","thorny","wrinkled","thorny-wrinkled","ConcreteMatch","NegativeMatch"
"2144","5ce6f942fb171800194db7db","control_MaxMatch_Positive_Concrete","0","MaxMatch","starry","handmade","starry-handmade","ConcreteMatch","PositiveMatch"
"2145","5ce6f942fb171800194db7db","control_MaxMatch_Negative_Abstract","0","MaxMatch","evil","crappy","evil-crappy","AbstractMatch","NegativeMatch"
"2146","5da88a6037d42100144928bd","control_Dissimilar","0","DissimilarControl","add","remove","add-remove","",""
"2147","5da88a6037d42100144928bd","control_Similar","93","SimilarControl","begin","start","begin-start","",""
"2148","5da88a6037d42100144928bd","test_ConceptualMatch_Concrete","0","ConceptualMatchingOnly","human","thorny","human-thorny","ConceptualMatch:concrete","PositiveMismatch"
"2149","5da88a6037d42100144928bd","control_MaxMatch_Positive_Abstract","64","MaxMatch","honest","possible","honest-possible","AbstractMatch","PositiveMatch"
"2150","5da88a6037d42100144928bd","control_MaxMatch_Positive_Concrete","0","MaxMatch","lilac","pregnant","lilac-pregnant","ConcreteMatch","PositiveMatch"
"2151","5da88a6037d42100144928bd","test_ValenceMatch_Positive","12","ValenceMatchingOnly","female","pleasant","female-pleasant","ConcreteMismatch","PositiveMatch"
"2152","5da88a6037d42100144928bd","control_MaxMatch_Negative_Abstract","62","MaxMatch","worthless","evil","worthless-evil","AbstractMatch","NegativeMatch"
"2153","5da88a6037d42100144928bd","test_ConceptualMatch_Abstract","14","ConceptualMatchingOnly","heartless","pleasant","heartless-pleasant","ConceptualMatch:abstract","NegativeMismatch"
"2154","5da88a6037d42100144928bd","test_ValenceMatch_Negative","71","ValenceMatchingOnly","evil","thorny","evil-thorny","AbstractMismatch","NegativeMatch"
"2155","5da88a6037d42100144928bd","control_MaxMismatch","21","MaxMismatch","sensible","bloody","sensible-bloody","AbstractMismatch","PositiveMismatch"
"2156","5da88a6037d42100144928bd","control_Dissimilar","0","DissimilarControl","begin","end","begin-end","",""
"2157","5da88a6037d42100144928bd","control_MaxMatch_Negative_Concrete","58","MaxMatch","wrinkled","bloody","wrinkled-bloody","ConcreteMatch","NegativeMatch"
"2158","5da88a6037d42100144928bd","control_Similar","81","SimilarControl","need","require","need-require","",""
"2159","5da88a6037d42100144928bd","control_Dissimilar","0","DissimilarControl","give","take","give-take","",""
"2160","5da88a6037d42100144928bd","control_Similar","94","SimilarControl","help","assist","help-assist","",""
"2161","5da88a6037d42100144928bd","test_ConceptualMatch_Concrete","42","ConceptualMatchingOnly","newborn","bloodshot","newborn-bloodshot","ConceptualMatch:concrete","PositiveMismatch"
"2162","5da88a6037d42100144928bd","control_MaxMatch_Positive_Abstract","99","MaxMatch","lovable","pleasant","lovable-pleasant","AbstractMatch","PositiveMatch"
"2163","5da88a6037d42100144928bd","control_MaxMatch_Positive_Concrete","29","MaxMatch","newborn","handmade","newborn-handmade","ConcreteMatch","PositiveMatch"
"2164","5da88a6037d42100144928bd","test_ValenceMatch_Positive","33","ValenceMatchingOnly","orange","possible","orange-possible","ConcreteMismatch","PositiveMatch"
"2165","5da88a6037d42100144928bd","control_MaxMatch_Negative_Abstract","74","MaxMatch","heartless","sexist","heartless-sexist","AbstractMatch","NegativeMatch"
"2166","5da88a6037d42100144928bd","test_ConceptualMatch_Abstract","17","ConceptualMatchingOnly","crappy","sensible","crappy-sensible","ConceptualMatch:abstract","NegativeMismatch"
"2167","5da88a6037d42100144928bd","test_ValenceMatch_Negative","82","ValenceMatchingOnly","sexist","rusted","sexist-rusted","AbstractMismatch","NegativeMatch"
"2168","5da88a6037d42100144928bd","control_MaxMismatch","15","MaxMismatch","splendid","toothless","splendid-toothless","AbstractMismatch","PositiveMismatch"
"2169","5da88a6037d42100144928bd","control_Dissimilar","4","DissimilarControl","come","go","come-go","",""
"2170","5da88a6037d42100144928bd","control_MaxMatch_Negative_Concrete","63","MaxMatch","dirty","wrinkled","dirty-wrinkled","ConcreteMatch","NegativeMatch"
"2171","5da88a6037d42100144928bd","control_Similar","97","SimilarControl","end","finish","end-finish","",""
"2172","5da88a6037d42100144928bd","control_Dissimilar","0","DissimilarControl","push","pull","push-pull","",""
"2173","5da88a6037d42100144928bd","control_Similar","99","SimilarControl","speak","talk","speak-talk","",""
"2174","5da88a6037d42100144928bd","test_ConceptualMatch_Concrete","37","ConceptualMatchingOnly","starry","wrinkled","starry-wrinkled","ConceptualMatch:concrete","PositiveMismatch"
"2175","5da88a6037d42100144928bd","control_MaxMatch_Positive_Abstract","82","MaxMatch","lovable","splendid","lovable-splendid","AbstractMatch","PositiveMatch"
"2176","5da88a6037d42100144928bd","control_MaxMatch_Positive_Concrete","36","MaxMatch","human","blooming","human-blooming","ConcreteMatch","PositiveMatch"
"2177","5da88a6037d42100144928bd","test_ValenceMatch_Positive","75","ValenceMatchingOnly","handmade","sensible","handmade-sensible","ConcreteMismatch","PositiveMatch"
"2178","5da88a6037d42100144928bd","control_MaxMatch_Negative_Abstract","99","MaxMatch","awful","evil","awful-evil","AbstractMatch","NegativeMatch"
"2179","5da88a6037d42100144928bd","test_ConceptualMatch_Abstract","5","ConceptualMatchingOnly","heartless","divine","heartless-divine","ConceptualMatch:abstract","NegativeMismatch"
"2180","5da88a6037d42100144928bd","test_ValenceMatch_Negative","73","ValenceMatchingOnly","sinful","rusted","sinful-rusted","AbstractMismatch","NegativeMatch"
"2181","5da88a6037d42100144928bd","control_MaxMismatch","25","MaxMismatch","thankful","wrinkled","thankful-wrinkled","AbstractMismatch","PositiveMismatch"
"2182","5da88a6037d42100144928bd","control_Dissimilar","3","DissimilarControl","increase","decrease","increase-decrease","",""
"2183","5da88a6037d42100144928bd","control_MaxMatch_Negative_Concrete","66","MaxMatch","rusted","bloody","rusted-bloody","ConcreteMatch","NegativeMatch"
"2184","5da88a6037d42100144928bd","control_Similar","99","SimilarControl","get","obtain","get-obtain","",""
"2185","5da88a6037d42100144928bd","control_Dissimilar","1","DissimilarControl","open","close","open-close","",""
"2186","5da88a6037d42100144928bd","control_Similar","99","SimilarControl","show","display","show-display","",""
"2187","5da88a6037d42100144928bd","test_ConceptualMatch_Concrete","65","ConceptualMatchingOnly","orange","bloodshot","orange-bloodshot","ConceptualMatch:concrete","PositiveMismatch"
"2188","5da88a6037d42100144928bd","control_MaxMatch_Positive_Abstract","79","MaxMatch","mindful","pleasant","mindful-pleasant","AbstractMatch","PositiveMatch"
"2189","5da88a6037d42100144928bd","control_MaxMatch_Positive_Concrete","76","MaxMatch","sunny","orange","sunny-orange","ConcreteMatch","PositiveMatch"
"2190","5da88a6037d42100144928bd","test_ValenceMatch_Positive","73","ValenceMatchingOnly","blooming","pleasant","blooming-pleasant","ConcreteMismatch","PositiveMatch"
"2191","5da88a6037d42100144928bd","control_MaxMatch_Negative_Abstract","74","MaxMatch","crappy","disloyal","crappy-disloyal","AbstractMatch","NegativeMatch"
"2192","5da88a6037d42100144928bd","test_ConceptualMatch_Abstract","3","ConceptualMatchingOnly","evil","pleasant","evil-pleasant","ConceptualMatch:abstract","NegativeMismatch"
"2193","5da88a6037d42100144928bd","test_ValenceMatch_Negative","67","ValenceMatchingOnly","worthless","bloody","worthless-bloody","AbstractMismatch","NegativeMatch"
"2194","5da88a6037d42100144928bd","control_MaxMismatch","20","MaxMismatch","divine","rusted","divine-rusted","AbstractMismatch","PositiveMismatch"
"2195","5da88a6037d42100144928bd","control_Dissimilar","5","DissimilarControl","rise","fall","rise-fall","",""
"2196","5da88a6037d42100144928bd","control_MaxMatch_Negative_Concrete","61","MaxMatch","toothless","dirty","toothless-dirty","ConcreteMatch","NegativeMatch"
"2197","5da88a6037d42100144928bd","control_Similar","99","SimilarControl","buy","purchase","buy-purchase","",""
"2198","5da88a6037d42100144928bd","control_Dissimilar","3","DissimilarControl","enter","exit","enter-exit","",""
"2199","5da88a6037d42100144928bd","control_Similar","75","SimilarControl","use","employ","use-employ","",""
"2200","5da88a6037d42100144928bd","test_ConceptualMatch_Concrete","74","ConceptualMatchingOnly","orange","bloody","orange-bloody","ConceptualMatch:concrete","PositiveMismatch"
"2201","5da88a6037d42100144928bd","control_MaxMatch_Positive_Abstract","80","MaxMatch","lovable","mindful","lovable-mindful","AbstractMatch","PositiveMatch"
"2202","5da88a6037d42100144928bd","control_MaxMatch_Positive_Concrete","74","MaxMatch","lilac","blooming","lilac-blooming","ConcreteMatch","PositiveMatch"
"2203","5da88a6037d42100144928bd","test_ValenceMatch_Positive","70","ValenceMatchingOnly","newborn","possible","newborn-possible","ConcreteMismatch","PositiveMatch"
"2204","5da88a6037d42100144928bd","control_MaxMatch_Negative_Abstract","85","MaxMatch","worthless","soulless","worthless-soulless","AbstractMatch","NegativeMatch"
"2205","5da88a6037d42100144928bd","test_ConceptualMatch_Abstract","0","ConceptualMatchingOnly","evil","splendid","evil-splendid","ConceptualMatch:abstract","NegativeMismatch"
"2206","5da88a6037d42100144928bd","test_ValenceMatch_Negative","73","ValenceMatchingOnly","stupid","wrinkled","stupid-wrinkled","AbstractMismatch","NegativeMatch"
"2207","5da88a6037d42100144928bd","control_MaxMismatch","12","MaxMismatch","sensible","rusted","sensible-rusted","AbstractMismatch","PositiveMismatch"
"2208","5da88a6037d42100144928bd","control_Dissimilar","0","DissimilarControl","arrive","leave","arrive-leave","",""
"2209","5da88a6037d42100144928bd","control_MaxMatch_Negative_Concrete","69","MaxMatch","thorny","freezing","thorny-freezing","ConcreteMatch","NegativeMatch"
"2210","5da88a6037d42100144928bd","control_Similar","98","SimilarControl","ask","inquire","ask-inquire","",""
"2211","55900dcffdf99b3f7aada3f5","control_Dissimilar","0","DissimilarControl","increase","decrease","increase-decrease","",""
"2212","55900dcffdf99b3f7aada3f5","control_Similar","85","SimilarControl","show","display","show-display","",""
"2213","55900dcffdf99b3f7aada3f5","test_ConceptualMatch_Concrete","45","ConceptualMatchingOnly","pregnant","dirty","pregnant-dirty","ConceptualMatch:concrete","PositiveMismatch"
"2214","55900dcffdf99b3f7aada3f5","control_MaxMatch_Positive_Concrete","71","MaxMatch","sunny","orange","sunny-orange","ConcreteMatch","PositiveMatch"
"2215","55900dcffdf99b3f7aada3f5","control_MaxMatch_Negative_Concrete","39","MaxMatch","headless","thorny","headless-thorny","ConcreteMatch","NegativeMatch"
"2216","55900dcffdf99b3f7aada3f5","control_MaxMismatch","25","MaxMismatch","divine","toothless","divine-toothless","AbstractMismatch","PositiveMismatch"
"2217","55900dcffdf99b3f7aada3f5","control_Dissimilar","5","DissimilarControl","enter","exit","enter-exit","",""
"2218","55900dcffdf99b3f7aada3f5","control_Similar","92","SimilarControl","need","require","need-require","",""
"2219","55900dcffdf99b3f7aada3f5","test_ConceptualMatch_Abstract","41","ConceptualMatchingOnly","sexist","possible","sexist-possible","ConceptualMatch:abstract","NegativeMismatch"
"2220","55900dcffdf99b3f7aada3f5","control_MaxMatch_Negative_Abstract","66","MaxMatch","soulless","disloyal","soulless-disloyal","AbstractMatch","NegativeMatch"
"2221","55900dcffdf99b3f7aada3f5","control_MaxMatch_Positive_Abstract","57","MaxMatch","splendid","possible","splendid-possible","AbstractMatch","PositiveMatch"
"2222","55900dcffdf99b3f7aada3f5","test_ValenceMatch_Positive","60","ValenceMatchingOnly","starry","splendid","starry-splendid","ConcreteMismatch","PositiveMatch"
"2223","55900dcffdf99b3f7aada3f5","test_ValenceMatch_Negative","30","ValenceMatchingOnly","disloyal","headless","disloyal-headless","AbstractMismatch","NegativeMatch"
"2224","55900dcffdf99b3f7aada3f5","control_Dissimilar","9","DissimilarControl","give","take","give-take","",""
"2225","55900dcffdf99b3f7aada3f5","control_Similar","91","SimilarControl","end","finish","end-finish","",""
"2226","55900dcffdf99b3f7aada3f5","test_ConceptualMatch_Concrete","37","ConceptualMatchingOnly","pregnant","toothless","pregnant-toothless","ConceptualMatch:concrete","PositiveMismatch"
"2227","55900dcffdf99b3f7aada3f5","control_MaxMatch_Positive_Concrete","63","MaxMatch","sunny","pregnant","sunny-pregnant","ConcreteMatch","PositiveMatch"
"2228","55900dcffdf99b3f7aada3f5","control_MaxMatch_Negative_Concrete","37","MaxMatch","headless","bloodshot","headless-bloodshot","ConcreteMatch","NegativeMatch"
"2229","55900dcffdf99b3f7aada3f5","control_MaxMismatch","32","MaxMismatch","mindful","hairy","mindful-hairy","AbstractMismatch","PositiveMismatch"
"2230","55900dcffdf99b3f7aada3f5","control_Dissimilar","14","DissimilarControl","push","pull","push-pull","",""
"2231","55900dcffdf99b3f7aada3f5","control_Similar","93","SimilarControl","buy","purchase","buy-purchase","",""
"2232","55900dcffdf99b3f7aada3f5","test_ConceptualMatch_Abstract","29","ConceptualMatchingOnly","soulless","lovable","soulless-lovable","ConceptualMatch:abstract","NegativeMismatch"
"2233","55900dcffdf99b3f7aada3f5","control_MaxMatch_Negative_Abstract","33","MaxMatch","stupid","disloyal","stupid-disloyal","AbstractMatch","NegativeMatch"
"2234","55900dcffdf99b3f7aada3f5","control_MaxMatch_Positive_Abstract","60","MaxMatch","honest","possible","honest-possible","AbstractMatch","PositiveMatch"
"2235","55900dcffdf99b3f7aada3f5","test_ValenceMatch_Positive","61","ValenceMatchingOnly","handmade","lovable","handmade-lovable","ConcreteMismatch","PositiveMatch"
"2236","55900dcffdf99b3f7aada3f5","test_ValenceMatch_Negative","39","ValenceMatchingOnly","heartless","dirty","heartless-dirty","AbstractMismatch","NegativeMatch"
"2237","55900dcffdf99b3f7aada3f5","control_Dissimilar","6","DissimilarControl","begin","end","begin-end","",""
"2238","55900dcffdf99b3f7aada3f5","control_Similar","94","SimilarControl","speak","talk","speak-talk","",""
"2239","55900dcffdf99b3f7aada3f5","test_ConceptualMatch_Concrete","67","ConceptualMatchingOnly","blooming","hairy","blooming-hairy","ConceptualMatch:concrete","PositiveMismatch"
"2240","55900dcffdf99b3f7aada3f5","control_MaxMatch_Positive_Concrete","63","MaxMatch","female","starry","female-starry","ConcreteMatch","PositiveMatch"
"2241","55900dcffdf99b3f7aada3f5","control_MaxMatch_Negative_Concrete","60","MaxMatch","thorny","bloody","thorny-bloody","ConcreteMatch","NegativeMatch"
"2242","55900dcffdf99b3f7aada3f5","control_MaxMismatch","31","MaxMismatch","pleasant","dirty","pleasant-dirty","AbstractMismatch","PositiveMismatch"
"2243","55900dcffdf99b3f7aada3f5","control_Dissimilar","11","DissimilarControl","open","close","open-close","",""
"2244","55900dcffdf99b3f7aada3f5","control_Similar","87","SimilarControl","get","obtain","get-obtain","",""
"2245","55900dcffdf99b3f7aada3f5","test_ConceptualMatch_Abstract","14","ConceptualMatchingOnly","stupid","splendid","stupid-splendid","ConceptualMatch:abstract","NegativeMismatch"
"2246","55900dcffdf99b3f7aada3f5","control_MaxMatch_Negative_Abstract","59","MaxMatch","sexist","crappy","sexist-crappy","AbstractMatch","NegativeMatch"
"2247","55900dcffdf99b3f7aada3f5","control_MaxMatch_Positive_Abstract","66","MaxMatch","sensible","pleasant","sensible-pleasant","AbstractMatch","PositiveMatch"
"2248","55900dcffdf99b3f7aada3f5","test_ValenceMatch_Positive","62","ValenceMatchingOnly","lilac","pleasant","lilac-pleasant","ConcreteMismatch","PositiveMatch"
"2249","55900dcffdf99b3f7aada3f5","test_ValenceMatch_Negative","37","ValenceMatchingOnly","sinful","dirty","sinful-dirty","AbstractMismatch","NegativeMatch"
"2250","55900dcffdf99b3f7aada3f5","control_Dissimilar","12","DissimilarControl","add","remove","add-remove","",""
"2251","55900dcffdf99b3f7aada3f5","control_Similar","89","SimilarControl","ask","inquire","ask-inquire","",""
"2252","55900dcffdf99b3f7aada3f5","test_ConceptualMatch_Concrete","63","ConceptualMatchingOnly","handmade","wrinkled","handmade-wrinkled","ConceptualMatch:concrete","PositiveMismatch"
"2253","55900dcffdf99b3f7aada3f5","control_MaxMatch_Positive_Concrete","38","MaxMatch","orange","handmade","orange-handmade","ConcreteMatch","PositiveMatch"
"2254","55900dcffdf99b3f7aada3f5","control_MaxMatch_Negative_Concrete","38","MaxMatch","bloodshot","freezing","bloodshot-freezing","ConcreteMatch","NegativeMatch"
"2255","55900dcffdf99b3f7aada3f5","control_MaxMismatch","40","MaxMismatch","thankful","headless","thankful-headless","AbstractMismatch","PositiveMismatch"
"2256","55900dcffdf99b3f7aada3f5","control_Dissimilar","5","DissimilarControl","arrive","leave","arrive-leave","",""
"2257","55900dcffdf99b3f7aada3f5","control_Similar","93","SimilarControl","begin","start","begin-start","",""
"2258","55900dcffdf99b3f7aada3f5","test_ConceptualMatch_Abstract","29","ConceptualMatchingOnly","stupid","lovable","stupid-lovable","ConceptualMatch:abstract","NegativeMismatch"
"2259","55900dcffdf99b3f7aada3f5","control_MaxMatch_Negative_Abstract","68","MaxMatch","soulless","sinful","soulless-sinful","AbstractMatch","NegativeMatch"
"2260","55900dcffdf99b3f7aada3f5","control_MaxMatch_Positive_Abstract","66","MaxMatch","possible","mindful","possible-mindful","AbstractMatch","PositiveMatch"
"2261","55900dcffdf99b3f7aada3f5","test_ValenceMatch_Positive","66","ValenceMatchingOnly","handmade","mindful","handmade-mindful","ConcreteMismatch","PositiveMatch"
"2262","55900dcffdf99b3f7aada3f5","test_ValenceMatch_Negative","32","ValenceMatchingOnly","disloyal","wrinkled","disloyal-wrinkled","AbstractMismatch","NegativeMatch"
"2263","55900dcffdf99b3f7aada3f5","control_Dissimilar","11","DissimilarControl","rise","fall","rise-fall","",""
"2264","55900dcffdf99b3f7aada3f5","control_Similar","88","SimilarControl","use","employ","use-employ","",""
"2265","55900dcffdf99b3f7aada3f5","test_ConceptualMatch_Concrete","30","ConceptualMatchingOnly","newborn","dirty","newborn-dirty","ConceptualMatch:concrete","PositiveMismatch"
"2266","55900dcffdf99b3f7aada3f5","control_MaxMatch_Positive_Concrete","61","MaxMatch","sunny","newborn","sunny-newborn","ConcreteMatch","PositiveMatch"
"2267","55900dcffdf99b3f7aada3f5","control_MaxMatch_Negative_Concrete","36","MaxMatch","headless","wrinkled","headless-wrinkled","ConcreteMatch","NegativeMatch"
"2268","55900dcffdf99b3f7aada3f5","control_MaxMismatch","37","MaxMismatch","thankful","toothless","thankful-toothless","AbstractMismatch","PositiveMismatch"
"2269","55900dcffdf99b3f7aada3f5","control_Dissimilar","9","DissimilarControl","come","go","come-go","",""
"2270","55900dcffdf99b3f7aada3f5","control_Similar","86","SimilarControl","help","assist","help-assist","",""
"2271","55900dcffdf99b3f7aada3f5","test_ConceptualMatch_Abstract","12","ConceptualMatchingOnly","disloyal","thankful","disloyal-thankful","ConceptualMatch:abstract","NegativeMismatch"
"2272","55900dcffdf99b3f7aada3f5","control_MaxMatch_Negative_Abstract","40","MaxMatch","heartless","stupid","heartless-stupid","AbstractMatch","NegativeMatch"
"2273","55900dcffdf99b3f7aada3f5","control_MaxMatch_Positive_Abstract","67","MaxMatch","honest","helpful","honest-helpful","AbstractMatch","PositiveMatch"
"2274","55900dcffdf99b3f7aada3f5","test_ValenceMatch_Positive","63","ValenceMatchingOnly","orange","pleasant","orange-pleasant","ConcreteMismatch","PositiveMatch"
"2275","55900dcffdf99b3f7aada3f5","test_ValenceMatch_Negative","57","ValenceMatchingOnly","awful","dirty","awful-dirty","AbstractMismatch","NegativeMatch"
"2276","60fb26e75427cb8125f2e4a4","control_Dissimilar","21","DissimilarControl","push","pull","push-pull","",""
"2277","60fb26e75427cb8125f2e4a4","control_Similar","91","SimilarControl","help","assist","help-assist","",""
"2278","60fb26e75427cb8125f2e4a4","test_ValenceMatch_Positive","53","ValenceMatchingOnly","blooming","sensible","blooming-sensible","ConcreteMismatch","PositiveMatch"
"2279","60fb26e75427cb8125f2e4a4","test_ConceptualMatch_Concrete","52","ConceptualMatchingOnly","human","toothless","human-toothless","ConceptualMatch:concrete","PositiveMismatch"
"2280","60fb26e75427cb8125f2e4a4","control_MaxMismatch","22","MaxMismatch","pleasant","bloody","pleasant-bloody","AbstractMismatch","PositiveMismatch"
"2281","60fb26e75427cb8125f2e4a4","control_MaxMatch_Negative_Abstract","66","MaxMatch","heartless","crappy","heartless-crappy","AbstractMatch","NegativeMatch"
"2282","60fb26e75427cb8125f2e4a4","control_MaxMatch_Negative_Concrete","58","MaxMatch","rusted","thorny","rusted-thorny","ConcreteMatch","NegativeMatch"
"2283","60fb26e75427cb8125f2e4a4","control_MaxMatch_Positive_Abstract","68","MaxMatch","splendid","sensible","splendid-sensible","AbstractMatch","PositiveMatch"
"2284","60fb26e75427cb8125f2e4a4","control_Dissimilar","7","DissimilarControl","come","go","come-go","",""
"2285","60fb26e75427cb8125f2e4a4","control_MaxMatch_Positive_Concrete","66","MaxMatch","female","pregnant","female-pregnant","ConcreteMatch","PositiveMatch"
"2286","60fb26e75427cb8125f2e4a4","control_Similar","86","SimilarControl","need","require","need-require","",""
"2287","60fb26e75427cb8125f2e4a4","test_ValenceMatch_Negative","47","ValenceMatchingOnly","soulless","thorny","soulless-thorny","AbstractMismatch","NegativeMatch"
"2288","60fb26e75427cb8125f2e4a4","test_ConceptualMatch_Abstract","56","ConceptualMatchingOnly","worthless","sensible","worthless-sensible","ConceptualMatch:abstract","NegativeMismatch"
"2289","60fb26e75427cb8125f2e4a4","control_Dissimilar","11","DissimilarControl","enter","exit","enter-exit","",""
"2290","60fb26e75427cb8125f2e4a4","control_Similar","97","SimilarControl","get","obtain","get-obtain","",""
"2291","60fb26e75427cb8125f2e4a4","test_ValenceMatch_Positive","65","ValenceMatchingOnly","human","splendid","human-splendid","ConcreteMismatch","PositiveMatch"
"2292","60fb26e75427cb8125f2e4a4","test_ConceptualMatch_Concrete","32","ConceptualMatchingOnly","female","bloodshot","female-bloodshot","ConceptualMatch:concrete","PositiveMismatch"
"2293","60fb26e75427cb8125f2e4a4","control_MaxMismatch","28","MaxMismatch","lovable","hairy","lovable-hairy","AbstractMismatch","PositiveMismatch"
"2294","60fb26e75427cb8125f2e4a4","control_MaxMatch_Negative_Abstract","85","MaxMatch","soulless","heartless","soulless-heartless","AbstractMatch","NegativeMatch"
"2295","60fb26e75427cb8125f2e4a4","control_MaxMatch_Negative_Concrete","66","MaxMatch","headless","bloody","headless-bloody","ConcreteMatch","NegativeMatch"
"2296","60fb26e75427cb8125f2e4a4","control_MaxMatch_Positive_Abstract","57","MaxMatch","honest","helpful","honest-helpful","AbstractMatch","PositiveMatch"
"2297","60fb26e75427cb8125f2e4a4","control_Dissimilar","13","DissimilarControl","begin","end","begin-end","",""
"2298","60fb26e75427cb8125f2e4a4","control_MaxMatch_Positive_Concrete","45","MaxMatch","blooming","pregnant","blooming-pregnant","ConcreteMatch","PositiveMatch"
"2299","60fb26e75427cb8125f2e4a4","control_Similar","89","SimilarControl","ask","inquire","ask-inquire","",""
"2300","60fb26e75427cb8125f2e4a4","test_ValenceMatch_Negative","45","ValenceMatchingOnly","soulless","bloody","soulless-bloody","AbstractMismatch","NegativeMatch"
"2301","60fb26e75427cb8125f2e4a4","test_ConceptualMatch_Abstract","48","ConceptualMatchingOnly","sexist","possible","sexist-possible","ConceptualMatch:abstract","NegativeMismatch"
"2302","60fb26e75427cb8125f2e4a4","control_Dissimilar","7","DissimilarControl","arrive","leave","arrive-leave","",""
"2303","60fb26e75427cb8125f2e4a4","control_Similar","93","SimilarControl","buy","purchase","buy-purchase","",""
"2304","60fb26e75427cb8125f2e4a4","test_ValenceMatch_Positive","37","ValenceMatchingOnly","newborn","helpful","newborn-helpful","ConcreteMismatch","PositiveMatch"
"2305","60fb26e75427cb8125f2e4a4","test_ConceptualMatch_Concrete","47","ConceptualMatchingOnly","handmade","hairy","handmade-hairy","ConceptualMatch:concrete","PositiveMismatch"
"2306","60fb26e75427cb8125f2e4a4","control_MaxMismatch","38","MaxMismatch","splendid","rusted","splendid-rusted","AbstractMismatch","PositiveMismatch"
"2307","60fb26e75427cb8125f2e4a4","control_MaxMatch_Negative_Abstract","71","MaxMatch","stupid","sinful","stupid-sinful","AbstractMatch","NegativeMatch"
"2308","60fb26e75427cb8125f2e4a4","control_MaxMatch_Negative_Concrete","43","MaxMatch","bloodshot","wrinkled","bloodshot-wrinkled","ConcreteMatch","NegativeMatch"
"2309","60fb26e75427cb8125f2e4a4","control_MaxMatch_Positive_Abstract","57","MaxMatch","splendid","mindful","splendid-mindful","AbstractMatch","PositiveMatch"
"2310","60fb26e75427cb8125f2e4a4","control_Dissimilar","8","DissimilarControl","give","take","give-take","",""
"2311","60fb26e75427cb8125f2e4a4","control_MaxMatch_Positive_Concrete","46","MaxMatch","sunny","newborn","sunny-newborn","ConcreteMatch","PositiveMatch"
"2312","60fb26e75427cb8125f2e4a4","control_Similar","97","SimilarControl","begin","start","begin-start","",""
"2313","60fb26e75427cb8125f2e4a4","test_ValenceMatch_Negative","43","ValenceMatchingOnly","sexist","rusted","sexist-rusted","AbstractMismatch","NegativeMatch"
"2314","60fb26e75427cb8125f2e4a4","test_ConceptualMatch_Abstract","23","ConceptualMatchingOnly","sinful","honest","sinful-honest","ConceptualMatch:abstract","NegativeMismatch"
"2315","60fb26e75427cb8125f2e4a4","control_Dissimilar","3","DissimilarControl","increase","decrease","increase-decrease","",""
"2316","60fb26e75427cb8125f2e4a4","control_Similar","94","SimilarControl","speak","talk","speak-talk","",""
"2317","60fb26e75427cb8125f2e4a4","test_ValenceMatch_Positive","46","ValenceMatchingOnly","orange","sensible","orange-sensible","ConcreteMismatch","PositiveMatch"
"2318","60fb26e75427cb8125f2e4a4","test_ConceptualMatch_Concrete","44","ConceptualMatchingOnly","orange","dirty","orange-dirty","ConceptualMatch:concrete","PositiveMismatch"
"2319","60fb26e75427cb8125f2e4a4","control_MaxMismatch","46","MaxMismatch","thankful","thorny","thankful-thorny","AbstractMismatch","PositiveMismatch"
"2320","60fb26e75427cb8125f2e4a4","control_MaxMatch_Negative_Abstract","77","MaxMatch","heartless","stupid","heartless-stupid","AbstractMatch","NegativeMatch"
"2321","60fb26e75427cb8125f2e4a4","control_MaxMatch_Negative_Concrete","44","MaxMatch","hairy","freezing","hairy-freezing","ConcreteMatch","NegativeMatch"
"2322","60fb26e75427cb8125f2e4a4","control_MaxMatch_Positive_Abstract","67","MaxMatch","possible","sensible","possible-sensible","AbstractMatch","PositiveMatch"
"2323","60fb26e75427cb8125f2e4a4","control_Dissimilar","2","DissimilarControl","open","close","open-close","",""
"2324","60fb26e75427cb8125f2e4a4","control_MaxMatch_Positive_Concrete","58","MaxMatch","sunny","female","sunny-female","ConcreteMatch","PositiveMatch"
"2325","60fb26e75427cb8125f2e4a4","control_Similar","78","SimilarControl","use","employ","use-employ","",""
"2326","60fb26e75427cb8125f2e4a4","test_ValenceMatch_Negative","49","ValenceMatchingOnly","crappy","headless","crappy-headless","AbstractMismatch","NegativeMatch"
"2327","60fb26e75427cb8125f2e4a4","test_ConceptualMatch_Abstract","47","ConceptualMatchingOnly","soulless","pleasant","soulless-pleasant","ConceptualMatch:abstract","NegativeMismatch"
"2328","60fb26e75427cb8125f2e4a4","control_Dissimilar","5","DissimilarControl","rise","fall","rise-fall","",""
"2329","60fb26e75427cb8125f2e4a4","control_Similar","95","SimilarControl","end","finish","end-finish","",""
"2330","60fb26e75427cb8125f2e4a4","test_ValenceMatch_Positive","47","ValenceMatchingOnly","starry","honest","starry-honest","ConcreteMismatch","PositiveMatch"
"2331","60fb26e75427cb8125f2e4a4","test_ConceptualMatch_Concrete","43","ConceptualMatchingOnly","handmade","headless","handmade-headless","ConceptualMatch:concrete","PositiveMismatch"
"2332","60fb26e75427cb8125f2e4a4","control_MaxMismatch","42","MaxMismatch","sensible","toothless","sensible-toothless","AbstractMismatch","PositiveMismatch"
"2333","60fb26e75427cb8125f2e4a4","control_MaxMatch_Negative_Abstract","91","MaxMatch","awful","crappy","awful-crappy","AbstractMatch","NegativeMatch"
"2334","60fb26e75427cb8125f2e4a4","control_MaxMatch_Negative_Concrete","42","MaxMatch","bloodshot","hairy","bloodshot-hairy","ConcreteMatch","NegativeMatch"
"2335","60fb26e75427cb8125f2e4a4","control_MaxMatch_Positive_Abstract","85","MaxMatch","splendid","pleasant","splendid-pleasant","AbstractMatch","PositiveMatch"
"2336","60fb26e75427cb8125f2e4a4","control_Dissimilar","0","DissimilarControl","add","remove","add-remove","",""
"2337","60fb26e75427cb8125f2e4a4","control_MaxMatch_Positive_Concrete","44","MaxMatch","human","starry","human-starry","ConcreteMatch","PositiveMatch"
"2338","60fb26e75427cb8125f2e4a4","control_Similar","86","SimilarControl","show","display","show-display","",""
"2339","60fb26e75427cb8125f2e4a4","test_ValenceMatch_Negative","48","ValenceMatchingOnly","heartless","hairy","heartless-hairy","AbstractMismatch","NegativeMatch"
"2340","60fb26e75427cb8125f2e4a4","test_ConceptualMatch_Abstract","46","ConceptualMatchingOnly","sexist","honest","sexist-honest","ConceptualMatch:abstract","NegativeMismatch"
"2341","67d095bc257ecc840642912e","control_Dissimilar","79","DissimilarControl","push","pull","push-pull","",""
"2342","67d095bc257ecc840642912e","control_Similar","11","SimilarControl","end","finish","end-finish","",""
"2343","67d095bc257ecc840642912e","control_Dissimilar","87","DissimilarControl","give","take","give-take","",""
"2344","67d095bc257ecc840642912e","control_MaxMatch_Positive_Concrete","2","MaxMatch","lilac","human","lilac-human","ConcreteMatch","PositiveMatch"
"2345","67d095bc257ecc840642912e","control_Similar","69","SimilarControl","buy","purchase","buy-purchase","",""
"2346","67d095bc257ecc840642912e","test_ValenceMatch_Negative","12","ValenceMatchingOnly","awful","headless","awful-headless","AbstractMismatch","NegativeMatch"
"2347","67d095bc257ecc840642912e","test_ConceptualMatch_Concrete","87","ConceptualMatchingOnly","handmade","freezing","handmade-freezing","ConceptualMatch:concrete","PositiveMismatch"
"2348","67d095bc257ecc840642912e","control_MaxMatch_Negative_Concrete","15","MaxMatch","bloodshot","hairy","bloodshot-hairy","ConcreteMatch","NegativeMatch"
"2349","67d095bc257ecc840642912e","control_MaxMismatch","71","MaxMismatch","lovable","wrinkled","lovable-wrinkled","AbstractMismatch","PositiveMismatch"
"2350","67d095bc257ecc840642912e","test_ValenceMatch_Positive","86","ValenceMatchingOnly","human","divine","human-divine","ConcreteMismatch","PositiveMatch"
"2351","67d095bc257ecc840642912e","test_ConceptualMatch_Abstract","22","ConceptualMatchingOnly","evil","honest","evil-honest","ConceptualMatch:abstract","NegativeMismatch"
"2352","67d095bc257ecc840642912e","control_MaxMatch_Positive_Abstract","70","MaxMatch","sensible","divine","sensible-divine","AbstractMatch","PositiveMatch"
"2353","67d095bc257ecc840642912e","control_MaxMatch_Negative_Abstract","17","MaxMatch","sexist","disloyal","sexist-disloyal","AbstractMatch","NegativeMatch"
"2354","67d095bc257ecc840642912e","control_Dissimilar","77","DissimilarControl","open","close","open-close","",""
"2355","67d095bc257ecc840642912e","control_Similar","69","SimilarControl","begin","start","begin-start","",""
"2356","67d095bc257ecc840642912e","control_Dissimilar","86","DissimilarControl","increase","decrease","increase-decrease","",""
"2357","67d095bc257ecc840642912e","control_MaxMatch_Positive_Concrete","18","MaxMatch","sunny","female","sunny-female","ConcreteMatch","PositiveMatch"
"2358","67d095bc257ecc840642912e","control_Similar","29","SimilarControl","help","assist","help-assist","",""
"2359","67d095bc257ecc840642912e","test_ValenceMatch_Negative","79","ValenceMatchingOnly","worthless","wrinkled","worthless-wrinkled","AbstractMismatch","NegativeMatch"
"2360","67d095bc257ecc840642912e","test_ConceptualMatch_Concrete","35","ConceptualMatchingOnly","starry","headless","starry-headless","ConceptualMatch:concrete","PositiveMismatch"
"2361","67d095bc257ecc840642912e","control_MaxMatch_Negative_Concrete","76","MaxMatch","hairy","dirty","hairy-dirty","ConcreteMatch","NegativeMatch"
"2362","67d095bc257ecc840642912e","control_MaxMismatch","31","MaxMismatch","divine","wrinkled","divine-wrinkled","AbstractMismatch","PositiveMismatch"
"2363","67d095bc257ecc840642912e","test_ValenceMatch_Positive","68","ValenceMatchingOnly","female","lovable","female-lovable","ConcreteMismatch","PositiveMatch"
"2364","67d095bc257ecc840642912e","test_ConceptualMatch_Abstract","32","ConceptualMatchingOnly","sinful","helpful","sinful-helpful","ConceptualMatch:abstract","NegativeMismatch"
"2365","67d095bc257ecc840642912e","control_MaxMatch_Positive_Abstract","11","MaxMatch","thankful","divine","thankful-divine","AbstractMatch","PositiveMatch"
"2366","67d095bc257ecc840642912e","control_MaxMatch_Negative_Abstract","73","MaxMatch","crappy","sinful","crappy-sinful","AbstractMatch","NegativeMatch"
"2367","67d095bc257ecc840642912e","control_Dissimilar","26","DissimilarControl","come","go","come-go","",""
"2368","67d095bc257ecc840642912e","control_Similar","86","SimilarControl","show","display","show-display","",""
"2369","67d095bc257ecc840642912e","control_Dissimilar","20","DissimilarControl","add","remove","add-remove","",""
"2370","67d095bc257ecc840642912e","control_MaxMatch_Positive_Concrete","83","MaxMatch","pregnant","handmade","pregnant-handmade","ConcreteMatch","PositiveMatch"
"2371","67d095bc257ecc840642912e","control_Similar","27","SimilarControl","speak","talk","speak-talk","",""
"2372","67d095bc257ecc840642912e","test_ValenceMatch_Negative","86","ValenceMatchingOnly","evil","wrinkled","evil-wrinkled","AbstractMismatch","NegativeMatch"
"2373","67d095bc257ecc840642912e","test_ConceptualMatch_Concrete","28","ConceptualMatchingOnly","human","bloodshot","human-bloodshot","ConceptualMatch:concrete","PositiveMismatch"
"2374","67d095bc257ecc840642912e","control_MaxMatch_Negative_Concrete","77","MaxMatch","headless","dirty","headless-dirty","ConcreteMatch","NegativeMatch"
"2375","67d095bc257ecc840642912e","control_MaxMismatch","33","MaxMismatch","helpful","rusted","helpful-rusted","AbstractMismatch","PositiveMismatch"
"2376","67d095bc257ecc840642912e","test_ValenceMatch_Positive","81","ValenceMatchingOnly","lilac","divine","lilac-divine","ConcreteMismatch","PositiveMatch"
"2377","67d095bc257ecc840642912e","test_ConceptualMatch_Abstract","33","ConceptualMatchingOnly","awful","sensible","awful-sensible","ConceptualMatch:abstract","NegativeMismatch"
"2378","67d095bc257ecc840642912e","control_MaxMatch_Positive_Abstract","75","MaxMatch","honest","thankful","honest-thankful","AbstractMatch","PositiveMatch"
"2379","67d095bc257ecc840642912e","control_MaxMatch_Negative_Abstract","35","MaxMatch","heartless","disloyal","heartless-disloyal","AbstractMatch","NegativeMatch"
"2380","67d095bc257ecc840642912e","control_Dissimilar","77","DissimilarControl","begin","end","begin-end","",""
"2381","67d095bc257ecc840642912e","control_Similar","33","SimilarControl","use","employ","use-employ","",""
"2382","67d095bc257ecc840642912e","control_Dissimilar","76","DissimilarControl","rise","fall","rise-fall","",""
"2383","67d095bc257ecc840642912e","control_MaxMatch_Positive_Concrete","33","MaxMatch","orange","pregnant","orange-pregnant","ConcreteMatch","PositiveMatch"
"2384","67d095bc257ecc840642912e","control_Similar","73","SimilarControl","get","obtain","get-obtain","",""
"2385","67d095bc257ecc840642912e","test_ValenceMatch_Negative","37","ValenceMatchingOnly","soulless","thorny","soulless-thorny","AbstractMismatch","NegativeMatch"
"2386","67d095bc257ecc840642912e","test_ConceptualMatch_Concrete","68","ConceptualMatchingOnly","human","bloody","human-bloody","ConceptualMatch:concrete","PositiveMismatch"
"2387","67d095bc257ecc840642912e","control_MaxMatch_Negative_Concrete","39","MaxMatch","toothless","rusted","toothless-rusted","ConcreteMatch","NegativeMatch"
"2388","67d095bc257ecc840642912e","control_MaxMismatch","79","MaxMismatch","divine","freezing","divine-freezing","AbstractMismatch","PositiveMismatch"
"2389","67d095bc257ecc840642912e","test_ValenceMatch_Positive","29","ValenceMatchingOnly","handmade","pleasant","handmade-pleasant","ConcreteMismatch","PositiveMatch"
"2390","67d095bc257ecc840642912e","test_ConceptualMatch_Abstract","75","ConceptualMatchingOnly","evil","splendid","evil-splendid","ConceptualMatch:abstract","NegativeMismatch"
"2391","67d095bc257ecc840642912e","control_MaxMatch_Positive_Abstract","34","MaxMatch","honest","sensible","honest-sensible","AbstractMatch","PositiveMatch"
"2392","67d095bc257ecc840642912e","control_MaxMatch_Negative_Abstract","73","MaxMatch","soulless","disloyal","soulless-disloyal","AbstractMatch","NegativeMatch"
"2393","67d095bc257ecc840642912e","control_Dissimilar","30","DissimilarControl","arrive","leave","arrive-leave","",""
"2394","67d095bc257ecc840642912e","control_Similar","74","SimilarControl","ask","inquire","ask-inquire","",""
"2395","67d095bc257ecc840642912e","control_Dissimilar","34","DissimilarControl","enter","exit","enter-exit","",""
"2396","67d095bc257ecc840642912e","control_MaxMatch_Positive_Concrete","86","MaxMatch","newborn","orange","newborn-orange","ConcreteMatch","PositiveMatch"
"2397","67d095bc257ecc840642912e","control_Similar","38","SimilarControl","need","require","need-require","",""
"2398","67d095bc257ecc840642912e","test_ValenceMatch_Negative","87","ValenceMatchingOnly","sinful","hairy","sinful-hairy","AbstractMismatch","NegativeMatch"
"2399","67d095bc257ecc840642912e","test_ConceptualMatch_Concrete","41","ConceptualMatchingOnly","female","wrinkled","female-wrinkled","ConceptualMatch:concrete","PositiveMismatch"
"2400","67d095bc257ecc840642912e","control_MaxMatch_Negative_Concrete","82","MaxMatch","toothless","hairy","toothless-hairy","ConcreteMatch","NegativeMatch"
"2401","67d095bc257ecc840642912e","control_MaxMismatch","12","MaxMismatch","thankful","bloody","thankful-bloody","AbstractMismatch","PositiveMismatch"
"2402","67d095bc257ecc840642912e","test_ValenceMatch_Positive","17","ValenceMatchingOnly","lilac","pleasant","lilac-pleasant","ConcreteMismatch","PositiveMatch"
"2403","67d095bc257ecc840642912e","test_ConceptualMatch_Abstract","91","ConceptualMatchingOnly","stupid","possible","stupid-possible","ConceptualMatch:abstract","NegativeMismatch"
"2404","67d095bc257ecc840642912e","control_MaxMatch_Positive_Abstract","78","MaxMatch","possible","divine","possible-divine","AbstractMatch","PositiveMatch"
"2405","67d095bc257ecc840642912e","control_MaxMatch_Negative_Abstract","25","MaxMatch","awful","soulless","awful-soulless","AbstractMatch","NegativeMatch"
"2406","672feaa71ba8b290765e0c7a","control_Dissimilar","51","DissimilarControl","push","pull","push-pull","",""
"2407","672feaa71ba8b290765e0c7a","control_Similar","82","SimilarControl","need","require","need-require","",""
"2408","672feaa71ba8b290765e0c7a","control_MaxMatch_Positive_Abstract","0","MaxMatch","honest","splendid","honest-splendid","AbstractMatch","PositiveMatch"
"2409","672feaa71ba8b290765e0c7a","control_MaxMismatch","0","MaxMismatch","mindful","hairy","mindful-hairy","AbstractMismatch","PositiveMismatch"
"2410","672feaa71ba8b290765e0c7a","test_ConceptualMatch_Concrete","0","ConceptualMatchingOnly","pregnant","freezing","pregnant-freezing","ConceptualMatch:concrete","PositiveMismatch"
"2411","672feaa71ba8b290765e0c7a","test_ConceptualMatch_Abstract","31","ConceptualMatchingOnly","soulless","divine","soulless-divine","ConceptualMatch:abstract","NegativeMismatch"
"2412","672feaa71ba8b290765e0c7a","control_MaxMatch_Negative_Concrete","0","MaxMatch","toothless","thorny","toothless-thorny","ConcreteMatch","NegativeMatch"
"2413","672feaa71ba8b290765e0c7a","control_MaxMatch_Negative_Abstract","65","MaxMatch","evil","disloyal","evil-disloyal","AbstractMatch","NegativeMatch"
"2414","672feaa71ba8b290765e0c7a","control_MaxMatch_Positive_Concrete","0","MaxMatch","lilac","pregnant","lilac-pregnant","ConcreteMatch","PositiveMatch"
"2415","672feaa71ba8b290765e0c7a","test_ValenceMatch_Positive","0","ValenceMatchingOnly","starry","sensible","starry-sensible","ConcreteMismatch","PositiveMatch"
"2416","672feaa71ba8b290765e0c7a","control_Dissimilar","47","DissimilarControl","give","take","give-take","",""
"2417","672feaa71ba8b290765e0c7a","control_Similar","93","SimilarControl","help","assist","help-assist","",""
"2418","672feaa71ba8b290765e0c7a","test_ValenceMatch_Negative","5","ValenceMatchingOnly","awful","bloody","awful-bloody","AbstractMismatch","NegativeMatch"
"2419","672feaa71ba8b290765e0c7a","control_Dissimilar","51","DissimilarControl","begin","end","begin-end","",""
"2420","672feaa71ba8b290765e0c7a","control_Similar","99","SimilarControl","speak","talk","speak-talk","",""
"2421","672feaa71ba8b290765e0c7a","control_MaxMatch_Positive_Abstract","0","MaxMatch","pleasant","helpful","pleasant-helpful","AbstractMatch","PositiveMatch"
"2422","672feaa71ba8b290765e0c7a","control_MaxMismatch","30","MaxMismatch","splendid","rusted","splendid-rusted","AbstractMismatch","PositiveMismatch"
"2423","672feaa71ba8b290765e0c7a","test_ConceptualMatch_Concrete","7","ConceptualMatchingOnly","blooming","bloodshot","blooming-bloodshot","ConceptualMatch:concrete","PositiveMismatch"
"2424","672feaa71ba8b290765e0c7a","test_ConceptualMatch_Abstract","0","ConceptualMatchingOnly","sinful","possible","sinful-possible","ConceptualMatch:abstract","NegativeMismatch"
"2425","672feaa71ba8b290765e0c7a","control_MaxMatch_Negative_Concrete","0","MaxMatch","hairy","dirty","hairy-dirty","ConcreteMatch","NegativeMatch"
"2426","672feaa71ba8b290765e0c7a","control_MaxMatch_Negative_Abstract","85","MaxMatch","worthless","crappy","worthless-crappy","AbstractMatch","NegativeMatch"
"2427","672feaa71ba8b290765e0c7a","control_MaxMatch_Positive_Concrete","55","MaxMatch","human","female","human-female","ConcreteMatch","PositiveMatch"
"2428","672feaa71ba8b290765e0c7a","test_ValenceMatch_Positive","0","ValenceMatchingOnly","human","splendid","human-splendid","ConcreteMismatch","PositiveMatch"
"2429","672feaa71ba8b290765e0c7a","control_Dissimilar","46","DissimilarControl","increase","decrease","increase-decrease","",""
"2430","672feaa71ba8b290765e0c7a","control_Similar","99","SimilarControl","ask","inquire","ask-inquire","",""
"2431","672feaa71ba8b290765e0c7a","test_ValenceMatch_Negative","0","ValenceMatchingOnly","stupid","bloodshot","stupid-bloodshot","AbstractMismatch","NegativeMatch"
"2432","672feaa71ba8b290765e0c7a","control_Dissimilar","49","DissimilarControl","add","remove","add-remove","",""
"2433","672feaa71ba8b290765e0c7a","control_Similar","99","SimilarControl","show","display","show-display","",""
"2434","672feaa71ba8b290765e0c7a","control_MaxMatch_Positive_Abstract","11","MaxMatch","sensible","pleasant","sensible-pleasant","AbstractMatch","PositiveMatch"
"2435","672feaa71ba8b290765e0c7a","control_MaxMismatch","0","MaxMismatch","helpful","toothless","helpful-toothless","AbstractMismatch","PositiveMismatch"
"2436","672feaa71ba8b290765e0c7a","test_ConceptualMatch_Concrete","0","ConceptualMatchingOnly","blooming","hairy","blooming-hairy","ConceptualMatch:concrete","PositiveMismatch"
"2437","672feaa71ba8b290765e0c7a","test_ConceptualMatch_Abstract","11","ConceptualMatchingOnly","heartless","thankful","heartless-thankful","ConceptualMatch:abstract","NegativeMismatch"
"2438","672feaa71ba8b290765e0c7a","control_MaxMatch_Negative_Concrete","0","MaxMatch","headless","freezing","headless-freezing","ConcreteMatch","NegativeMatch"
"2439","672feaa71ba8b290765e0c7a","control_MaxMatch_Negative_Abstract","18","MaxMatch","awful","disloyal","awful-disloyal","AbstractMatch","NegativeMatch"
"2440","672feaa71ba8b290765e0c7a","control_MaxMatch_Positive_Concrete","0","MaxMatch","human","orange","human-orange","ConcreteMatch","PositiveMatch"
"2441","672feaa71ba8b290765e0c7a","test_ValenceMatch_Positive","48","ValenceMatchingOnly","female","pleasant","female-pleasant","ConcreteMismatch","PositiveMatch"
"2442","672feaa71ba8b290765e0c7a","control_Dissimilar","47","DissimilarControl","come","go","come-go","",""
"2443","672feaa71ba8b290765e0c7a","control_Similar","0","SimilarControl","use","employ","use-employ","",""
"2444","672feaa71ba8b290765e0c7a","test_ValenceMatch_Negative","0","ValenceMatchingOnly","sinful","wrinkled","sinful-wrinkled","AbstractMismatch","NegativeMatch"
"2445","672feaa71ba8b290765e0c7a","control_Dissimilar","49","DissimilarControl","enter","exit","enter-exit","",""
"2446","672feaa71ba8b290765e0c7a","control_Similar","99","SimilarControl","get","obtain","get-obtain","",""
"2447","672feaa71ba8b290765e0c7a","control_MaxMatch_Positive_Abstract","0","MaxMatch","lovable","sensible","lovable-sensible","AbstractMatch","PositiveMatch"
"2448","672feaa71ba8b290765e0c7a","control_MaxMismatch","0","MaxMismatch","possible","bloody","possible-bloody","AbstractMismatch","PositiveMismatch"
"2449","672feaa71ba8b290765e0c7a","test_ConceptualMatch_Concrete","0","ConceptualMatchingOnly","handmade","bloodshot","handmade-bloodshot","ConceptualMatch:concrete","PositiveMismatch"
"2450","672feaa71ba8b290765e0c7a","test_ConceptualMatch_Abstract","0","ConceptualMatchingOnly","stupid","divine","stupid-divine","ConceptualMatch:abstract","NegativeMismatch"
"2451","672feaa71ba8b290765e0c7a","control_MaxMatch_Negative_Concrete","0","MaxMatch","rusted","hairy","rusted-hairy","ConcreteMatch","NegativeMatch"
"2452","672feaa71ba8b290765e0c7a","control_MaxMatch_Negative_Abstract","64","MaxMatch","soulless","sinful","soulless-sinful","AbstractMatch","NegativeMatch"
"2453","672feaa71ba8b290765e0c7a","control_MaxMatch_Positive_Concrete","22","MaxMatch","human","handmade","human-handmade","ConcreteMatch","PositiveMatch"
"2454","672feaa71ba8b290765e0c7a","test_ValenceMatch_Positive","9","ValenceMatchingOnly","female","divine","female-divine","ConcreteMismatch","PositiveMatch"
"2455","672feaa71ba8b290765e0c7a","control_Dissimilar","47","DissimilarControl","open","close","open-close","",""
"2456","672feaa71ba8b290765e0c7a","control_Similar","97","SimilarControl","end","finish","end-finish","",""
"2457","672feaa71ba8b290765e0c7a","test_ValenceMatch_Negative","8","ValenceMatchingOnly","crappy","bloody","crappy-bloody","AbstractMismatch","NegativeMatch"
"2458","672feaa71ba8b290765e0c7a","control_Dissimilar","50","DissimilarControl","rise","fall","rise-fall","",""
"2459","672feaa71ba8b290765e0c7a","control_Similar","99","SimilarControl","buy","purchase","buy-purchase","",""
"2460","672feaa71ba8b290765e0c7a","control_MaxMatch_Positive_Abstract","0","MaxMatch","lovable","mindful","lovable-mindful","AbstractMatch","PositiveMatch"
"2461","672feaa71ba8b290765e0c7a","control_MaxMismatch","0","MaxMismatch","possible","thorny","possible-thorny","AbstractMismatch","PositiveMismatch"
"2462","672feaa71ba8b290765e0c7a","test_ConceptualMatch_Concrete","0","ConceptualMatchingOnly","female","rusted","female-rusted","ConceptualMatch:concrete","PositiveMismatch"
"2463","672feaa71ba8b290765e0c7a","test_ConceptualMatch_Abstract","46","ConceptualMatchingOnly","evil","honest","evil-honest","ConceptualMatch:abstract","NegativeMismatch"
"2464","672feaa71ba8b290765e0c7a","control_MaxMatch_Negative_Concrete","75","MaxMatch","thorny","bloody","thorny-bloody","ConcreteMatch","NegativeMatch"
"2465","672feaa71ba8b290765e0c7a","control_MaxMatch_Negative_Abstract","0","MaxMatch","worthless","sexist","worthless-sexist","AbstractMatch","NegativeMatch"
"2466","672feaa71ba8b290765e0c7a","control_MaxMatch_Positive_Concrete","48","MaxMatch","sunny","starry","sunny-starry","ConcreteMatch","PositiveMatch"
"2467","672feaa71ba8b290765e0c7a","test_ValenceMatch_Positive","0","ValenceMatchingOnly","human","thankful","human-thankful","ConcreteMismatch","PositiveMatch"
"2468","672feaa71ba8b290765e0c7a","control_Dissimilar","47","DissimilarControl","arrive","leave","arrive-leave","",""
"2469","672feaa71ba8b290765e0c7a","control_Similar","99","SimilarControl","begin","start","begin-start","",""
"2470","672feaa71ba8b290765e0c7a","test_ValenceMatch_Negative","0","ValenceMatchingOnly","stupid","hairy","stupid-hairy","AbstractMismatch","NegativeMatch"
"2471","59014a56baa70f0001ea4c3b","control_Dissimilar","5","DissimilarControl","begin","end","begin-end","",""
"2472","59014a56baa70f0001ea4c3b","control_Similar","89","SimilarControl","use","employ","use-employ","",""
"2473","59014a56baa70f0001ea4c3b","control_MaxMatch_Positive_Abstract","63","MaxMatch","mindful","helpful","mindful-helpful","AbstractMatch","PositiveMatch"
"2474","59014a56baa70f0001ea4c3b","control_MaxMatch_Positive_Concrete","54","MaxMatch","human","female","human-female","ConcreteMatch","PositiveMatch"
"2475","59014a56baa70f0001ea4c3b","control_Dissimilar","18","DissimilarControl","push","pull","push-pull","",""
"2476","59014a56baa70f0001ea4c3b","control_MaxMismatch","42","MaxMismatch","thankful","headless","thankful-headless","AbstractMismatch","PositiveMismatch"
"2477","59014a56baa70f0001ea4c3b","control_MaxMatch_Negative_Concrete","9","MaxMatch","toothless","thorny","toothless-thorny","ConcreteMatch","NegativeMatch"
"2478","59014a56baa70f0001ea4c3b","control_Similar","86","SimilarControl","need","require","need-require","",""
"2479","59014a56baa70f0001ea4c3b","control_MaxMatch_Negative_Abstract","70","MaxMatch","sexist","sinful","sexist-sinful","AbstractMatch","NegativeMatch"
"2480","59014a56baa70f0001ea4c3b","test_ValenceMatch_Positive","45","ValenceMatchingOnly","human","lovable","human-lovable","ConcreteMismatch","PositiveMatch"
"2481","59014a56baa70f0001ea4c3b","test_ValenceMatch_Negative","22","ValenceMatchingOnly","stupid","bloodshot","stupid-bloodshot","AbstractMismatch","NegativeMatch"
"2482","59014a56baa70f0001ea4c3b","test_ConceptualMatch_Abstract","9","ConceptualMatchingOnly","sexist","thankful","sexist-thankful","ConceptualMatch:abstract","NegativeMismatch"
"2483","59014a56baa70f0001ea4c3b","test_ConceptualMatch_Concrete","8","ConceptualMatchingOnly","sunny","toothless","sunny-toothless","ConceptualMatch:concrete","PositiveMismatch"
"2484","59014a56baa70f0001ea4c3b","control_Dissimilar","13","DissimilarControl","arrive","leave","arrive-leave","",""
"2485","59014a56baa70f0001ea4c3b","control_Similar","99","SimilarControl","show","display","show-display","",""
"2486","59014a56baa70f0001ea4c3b","control_MaxMatch_Positive_Abstract","76","MaxMatch","honest","sensible","honest-sensible","AbstractMatch","PositiveMatch"
"2487","59014a56baa70f0001ea4c3b","control_MaxMatch_Positive_Concrete","35","MaxMatch","newborn","pregnant","newborn-pregnant","ConcreteMatch","PositiveMatch"
"2488","59014a56baa70f0001ea4c3b","control_Dissimilar","7","DissimilarControl","add","remove","add-remove","",""
"2489","59014a56baa70f0001ea4c3b","control_MaxMismatch","19","MaxMismatch","sensible","toothless","sensible-toothless","AbstractMismatch","PositiveMismatch"
"2490","59014a56baa70f0001ea4c3b","control_MaxMatch_Negative_Concrete","11","MaxMatch","thorny","freezing","thorny-freezing","ConcreteMatch","NegativeMatch"
"2491","59014a56baa70f0001ea4c3b","control_Similar","98","SimilarControl","ask","inquire","ask-inquire","",""
"2492","59014a56baa70f0001ea4c3b","control_MaxMatch_Negative_Abstract","71","MaxMatch","worthless","evil","worthless-evil","AbstractMatch","NegativeMatch"
"2493","59014a56baa70f0001ea4c3b","test_ValenceMatch_Positive","29","ValenceMatchingOnly","starry","mindful","starry-mindful","ConcreteMismatch","PositiveMatch"
"2494","59014a56baa70f0001ea4c3b","test_ValenceMatch_Negative","57","ValenceMatchingOnly","stupid","dirty","stupid-dirty","AbstractMismatch","NegativeMatch"
"2495","59014a56baa70f0001ea4c3b","test_ConceptualMatch_Abstract","12","ConceptualMatchingOnly","sexist","lovable","sexist-lovable","ConceptualMatch:abstract","NegativeMismatch"
"2496","59014a56baa70f0001ea4c3b","test_ConceptualMatch_Concrete","9","ConceptualMatchingOnly","pregnant","thorny","pregnant-thorny","ConceptualMatch:concrete","PositiveMismatch"
"2497","59014a56baa70f0001ea4c3b","control_Dissimilar","6","DissimilarControl","give","take","give-take","",""
"2498","59014a56baa70f0001ea4c3b","control_Similar","91","SimilarControl","help","assist","help-assist","",""
"2499","59014a56baa70f0001ea4c3b","control_MaxMatch_Positive_Abstract","75","MaxMatch","pleasant","helpful","pleasant-helpful","AbstractMatch","PositiveMatch"
"2500","59014a56baa70f0001ea4c3b","control_MaxMatch_Positive_Concrete","48","MaxMatch","lilac","female","lilac-female","ConcreteMatch","PositiveMatch"
"2501","59014a56baa70f0001ea4c3b","control_Dissimilar","7","DissimilarControl","open","close","open-close","",""
"2502","59014a56baa70f0001ea4c3b","control_MaxMismatch","14","MaxMismatch","sensible","rusted","sensible-rusted","AbstractMismatch","PositiveMismatch"
"2503","59014a56baa70f0001ea4c3b","control_MaxMatch_Negative_Concrete","35","MaxMatch","toothless","hairy","toothless-hairy","ConcreteMatch","NegativeMatch"
"2504","59014a56baa70f0001ea4c3b","control_Similar","95","SimilarControl","end","finish","end-finish","",""
"2505","59014a56baa70f0001ea4c3b","control_MaxMatch_Negative_Abstract","67","MaxMatch","awful","sexist","awful-sexist","AbstractMatch","NegativeMatch"
"2506","59014a56baa70f0001ea4c3b","test_ValenceMatch_Positive","75","ValenceMatchingOnly","sunny","pleasant","sunny-pleasant","ConcreteMismatch","PositiveMatch"
"2507","59014a56baa70f0001ea4c3b","test_ValenceMatch_Negative","30","ValenceMatchingOnly","evil","headless","evil-headless","AbstractMismatch","NegativeMatch"
"2508","59014a56baa70f0001ea4c3b","test_ConceptualMatch_Abstract","24","ConceptualMatchingOnly","sinful","sensible","sinful-sensible","ConceptualMatch:abstract","NegativeMismatch"
"2509","59014a56baa70f0001ea4c3b","test_ConceptualMatch_Concrete","49","ConceptualMatchingOnly","human","bloody","human-bloody","ConceptualMatch:concrete","PositiveMismatch"
"2510","59014a56baa70f0001ea4c3b","control_Dissimilar","12","DissimilarControl","rise","fall","rise-fall","",""
"2511","59014a56baa70f0001ea4c3b","control_Similar","98","SimilarControl","buy","purchase","buy-purchase","",""
"2512","59014a56baa70f0001ea4c3b","control_MaxMatch_Positive_Abstract","69","MaxMatch","honest","divine","honest-divine","AbstractMatch","PositiveMatch"
"2513","59014a56baa70f0001ea4c3b","control_MaxMatch_Positive_Concrete","38","MaxMatch","blooming","orange","blooming-orange","ConcreteMatch","PositiveMatch"
"2514","59014a56baa70f0001ea4c3b","control_Dissimilar","94","DissimilarControl","come","go","come-go","",""
"2515","59014a56baa70f0001ea4c3b","control_MaxMismatch","23","MaxMismatch","thankful","wrinkled","thankful-wrinkled","AbstractMismatch","PositiveMismatch"
"2516","59014a56baa70f0001ea4c3b","control_MaxMatch_Negative_Concrete","59","MaxMatch","rusted","thorny","rusted-thorny","ConcreteMatch","NegativeMatch"
"2517","59014a56baa70f0001ea4c3b","control_Similar","94","SimilarControl","speak","talk","speak-talk","",""
"2518","59014a56baa70f0001ea4c3b","control_MaxMatch_Negative_Abstract","3","MaxMatch","heartless","crappy","heartless-crappy","AbstractMatch","NegativeMatch"
"2519","59014a56baa70f0001ea4c3b","test_ValenceMatch_Positive","58","ValenceMatchingOnly","female","helpful","female-helpful","ConcreteMismatch","PositiveMatch"
"2520","59014a56baa70f0001ea4c3b","test_ValenceMatch_Negative","39","ValenceMatchingOnly","crappy","headless","crappy-headless","AbstractMismatch","NegativeMatch"
"2521","59014a56baa70f0001ea4c3b","test_ConceptualMatch_Abstract","0","ConceptualMatchingOnly","sexist","pleasant","sexist-pleasant","ConceptualMatch:abstract","NegativeMismatch"
"2522","59014a56baa70f0001ea4c3b","test_ConceptualMatch_Concrete","4","ConceptualMatchingOnly","lilac","rusted","lilac-rusted","ConceptualMatch:concrete","PositiveMismatch"
"2523","59014a56baa70f0001ea4c3b","control_Dissimilar","9","DissimilarControl","enter","exit","enter-exit","",""
"2524","59014a56baa70f0001ea4c3b","control_Similar","95","SimilarControl","begin","start","begin-start","",""
"2525","59014a56baa70f0001ea4c3b","control_MaxMatch_Positive_Abstract","79","MaxMatch","splendid","divine","splendid-divine","AbstractMatch","PositiveMatch"
"2526","59014a56baa70f0001ea4c3b","control_MaxMatch_Positive_Concrete","53","MaxMatch","female","newborn","female-newborn","ConcreteMatch","PositiveMatch"
"2527","59014a56baa70f0001ea4c3b","control_Dissimilar","3","DissimilarControl","increase","decrease","increase-decrease","",""
"2528","59014a56baa70f0001ea4c3b","control_MaxMismatch","25","MaxMismatch","mindful","wrinkled","mindful-wrinkled","AbstractMismatch","PositiveMismatch"
"2529","59014a56baa70f0001ea4c3b","control_MaxMatch_Negative_Concrete","18","MaxMatch","headless","bloodshot","headless-bloodshot","ConcreteMatch","NegativeMatch"
"2530","59014a56baa70f0001ea4c3b","control_Similar","97","SimilarControl","get","obtain","get-obtain","",""
"2531","59014a56baa70f0001ea4c3b","control_MaxMatch_Negative_Abstract","89","MaxMatch","awful","disloyal","awful-disloyal","AbstractMatch","NegativeMatch"
"2532","59014a56baa70f0001ea4c3b","test_ValenceMatch_Positive","37","ValenceMatchingOnly","lilac","possible","lilac-possible","ConcreteMismatch","PositiveMatch"
"2533","59014a56baa70f0001ea4c3b","test_ValenceMatch_Negative","61","ValenceMatchingOnly","evil","wrinkled","evil-wrinkled","AbstractMismatch","NegativeMatch"
"2534","59014a56baa70f0001ea4c3b","test_ConceptualMatch_Abstract","18","ConceptualMatchingOnly","worthless","mindful","worthless-mindful","ConceptualMatch:abstract","NegativeMismatch"
"2535","59014a56baa70f0001ea4c3b","test_ConceptualMatch_Concrete","13","ConceptualMatchingOnly","female","headless","female-headless","ConceptualMatch:concrete","PositiveMismatch"
"2536","663ea705b761e95caebf67eb","control_Similar","89","SimilarControl","need","require","need-require","",""
"2537","663ea705b761e95caebf67eb","control_Dissimilar","10","DissimilarControl","add","remove","add-remove","",""
"2538","663ea705b761e95caebf67eb","test_ConceptualMatch_Concrete","5","ConceptualMatchingOnly","female","bloody","female-bloody","ConceptualMatch:concrete","PositiveMismatch"
"2539","663ea705b761e95caebf67eb","control_MaxMatch_Positive_Abstract","73","MaxMatch","possible","sensible","possible-sensible","AbstractMatch","PositiveMatch"
"2540","663ea705b761e95caebf67eb","control_Similar","99","SimilarControl","ask","inquire","ask-inquire","",""
"2541","663ea705b761e95caebf67eb","test_ConceptualMatch_Abstract","2","ConceptualMatchingOnly","sexist","honest","sexist-honest","ConceptualMatch:abstract","NegativeMismatch"
"2542","663ea705b761e95caebf67eb","test_ValenceMatch_Positive","36","ValenceMatchingOnly","newborn","pleasant","newborn-pleasant","ConcreteMismatch","PositiveMatch"
"2543","663ea705b761e95caebf67eb","control_MaxMismatch","0","MaxMismatch","thankful","bloodshot","thankful-bloodshot","AbstractMismatch","PositiveMismatch"
"2544","663ea705b761e95caebf67eb","test_ValenceMatch_Negative","0","ValenceMatchingOnly","sinful","hairy","sinful-hairy","AbstractMismatch","NegativeMatch"
"2545","663ea705b761e95caebf67eb","control_MaxMatch_Positive_Concrete","64","MaxMatch","newborn","handmade","newborn-handmade","ConcreteMatch","PositiveMatch"
"2546","663ea705b761e95caebf67eb","control_MaxMatch_Negative_Concrete","0","MaxMatch","headless","freezing","headless-freezing","ConcreteMatch","NegativeMatch"
"2547","663ea705b761e95caebf67eb","control_Dissimilar","13","DissimilarControl","rise","fall","rise-fall","",""
"2548","663ea705b761e95caebf67eb","control_MaxMatch_Negative_Abstract","17","MaxMatch","sinful","disloyal","sinful-disloyal","AbstractMatch","NegativeMatch"
"2549","663ea705b761e95caebf67eb","control_Similar","99","SimilarControl","begin","start","begin-start","",""
"2550","663ea705b761e95caebf67eb","control_Dissimilar","20","DissimilarControl","come","go","come-go","",""
"2551","663ea705b761e95caebf67eb","test_ConceptualMatch_Concrete","0","ConceptualMatchingOnly","blooming","dirty","blooming-dirty","ConceptualMatch:concrete","PositiveMismatch"
"2552","663ea705b761e95caebf67eb","control_MaxMatch_Positive_Abstract","84","MaxMatch","sensible","mindful","sensible-mindful","AbstractMatch","PositiveMatch"
"2553","663ea705b761e95caebf67eb","control_Similar","98","SimilarControl","help","assist","help-assist","",""
"2554","663ea705b761e95caebf67eb","test_ConceptualMatch_Abstract","0","ConceptualMatchingOnly","sinful","possible","sinful-possible","ConceptualMatch:abstract","NegativeMismatch"
"2555","663ea705b761e95caebf67eb","test_ValenceMatch_Positive","55","ValenceMatchingOnly","blooming","divine","blooming-divine","ConcreteMismatch","PositiveMatch"
"2556","663ea705b761e95caebf67eb","control_MaxMismatch","0","MaxMismatch","helpful","freezing","helpful-freezing","AbstractMismatch","PositiveMismatch"
"2557","663ea705b761e95caebf67eb","test_ValenceMatch_Negative","37","ValenceMatchingOnly","awful","freezing","awful-freezing","AbstractMismatch","NegativeMatch"
"2558","663ea705b761e95caebf67eb","control_MaxMatch_Positive_Concrete","35","MaxMatch","human","female","human-female","ConcreteMatch","PositiveMatch"
"2559","663ea705b761e95caebf67eb","control_MaxMatch_Negative_Concrete","0","MaxMatch","rusted","thorny","rusted-thorny","ConcreteMatch","NegativeMatch"
"2560","663ea705b761e95caebf67eb","control_Dissimilar","19","DissimilarControl","arrive","leave","arrive-leave","",""
"2561","663ea705b761e95caebf67eb","control_MaxMatch_Negative_Abstract","67","MaxMatch","awful","heartless","awful-heartless","AbstractMatch","NegativeMatch"
"2562","663ea705b761e95caebf67eb","control_Similar","92","SimilarControl","use","employ","use-employ","",""
"2563","663ea705b761e95caebf67eb","control_Dissimilar","19","DissimilarControl","begin","end","begin-end","",""
"2564","663ea705b761e95caebf67eb","test_ConceptualMatch_Concrete","0","ConceptualMatchingOnly","female","rusted","female-rusted","ConceptualMatch:concrete","PositiveMismatch"
"2565","663ea705b761e95caebf67eb","control_MaxMatch_Positive_Abstract","61","MaxMatch","lovable","helpful","lovable-helpful","AbstractMatch","PositiveMatch"
"2566","663ea705b761e95caebf67eb","control_Similar","86","SimilarControl","show","display","show-display","",""
"2567","663ea705b761e95caebf67eb","test_ConceptualMatch_Abstract","0","ConceptualMatchingOnly","disloyal","divine","disloyal-divine","ConceptualMatch:abstract","NegativeMismatch"
"2568","663ea705b761e95caebf67eb","test_ValenceMatch_Positive","53","ValenceMatchingOnly","starry","lovable","starry-lovable","ConcreteMismatch","PositiveMatch"
"2569","663ea705b761e95caebf67eb","control_MaxMismatch","0","MaxMismatch","mindful","toothless","mindful-toothless","AbstractMismatch","PositiveMismatch"
"2570","663ea705b761e95caebf67eb","test_ValenceMatch_Negative","3","ValenceMatchingOnly","worthless","toothless","worthless-toothless","AbstractMismatch","NegativeMatch"
"2571","663ea705b761e95caebf67eb","control_MaxMatch_Positive_Concrete","0","MaxMatch","female","newborn","female-newborn","ConcreteMatch","PositiveMatch"
"2572","663ea705b761e95caebf67eb","control_MaxMatch_Negative_Concrete","0","MaxMatch","wrinkled","bloody","wrinkled-bloody","ConcreteMatch","NegativeMatch"
"2573","663ea705b761e95caebf67eb","control_Dissimilar","18","DissimilarControl","give","take","give-take","",""
"2574","663ea705b761e95caebf67eb","control_MaxMatch_Negative_Abstract","60","MaxMatch","crappy","disloyal","crappy-disloyal","AbstractMatch","NegativeMatch"
"2575","663ea705b761e95caebf67eb","control_Similar","99","SimilarControl","buy","purchase","buy-purchase","",""
"2576","663ea705b761e95caebf67eb","control_Dissimilar","13","DissimilarControl","open","close","open-close","",""
"2577","663ea705b761e95caebf67eb","test_ConceptualMatch_Concrete","0","ConceptualMatchingOnly","female","bloodshot","female-bloodshot","ConceptualMatch:concrete","PositiveMismatch"
"2578","663ea705b761e95caebf67eb","control_MaxMatch_Positive_Abstract","72","MaxMatch","lovable","splendid","lovable-splendid","AbstractMatch","PositiveMatch"
"2579","663ea705b761e95caebf67eb","control_Similar","99","SimilarControl","end","finish","end-finish","",""
"2580","663ea705b761e95caebf67eb","test_ConceptualMatch_Abstract","0","ConceptualMatchingOnly","awful","possible","awful-possible","ConceptualMatch:abstract","NegativeMismatch"
"2581","663ea705b761e95caebf67eb","test_ValenceMatch_Positive","5","ValenceMatchingOnly","handmade","sensible","handmade-sensible","ConcreteMismatch","PositiveMatch"
"2582","663ea705b761e95caebf67eb","control_MaxMismatch","0","MaxMismatch","honest","toothless","honest-toothless","AbstractMismatch","PositiveMismatch"
"2583","663ea705b761e95caebf67eb","test_ValenceMatch_Negative","0","ValenceMatchingOnly","heartless","bloodshot","heartless-bloodshot","AbstractMismatch","NegativeMatch"
"2584","663ea705b761e95caebf67eb","control_MaxMatch_Positive_Concrete","70","MaxMatch","newborn","pregnant","newborn-pregnant","ConcreteMatch","PositiveMatch"
"2585","663ea705b761e95caebf67eb","control_MaxMatch_Negative_Concrete","96","MaxMatch","bloodshot","bloody","bloodshot-bloody","ConcreteMatch","NegativeMatch"
"2586","663ea705b761e95caebf67eb","control_Dissimilar","16","DissimilarControl","increase","decrease","increase-decrease","",""
"2587","663ea705b761e95caebf67eb","control_MaxMatch_Negative_Abstract","68","MaxMatch","awful","soulless","awful-soulless","AbstractMatch","NegativeMatch"
"2588","663ea705b761e95caebf67eb","control_Similar","97","SimilarControl","speak","talk","speak-talk","",""
"2589","663ea705b761e95caebf67eb","control_Dissimilar","58","DissimilarControl","push","pull","push-pull","",""
"2590","663ea705b761e95caebf67eb","test_ConceptualMatch_Concrete","0","ConceptualMatchingOnly","orange","wrinkled","orange-wrinkled","ConceptualMatch:concrete","PositiveMismatch"
"2591","663ea705b761e95caebf67eb","control_MaxMatch_Positive_Abstract","65","MaxMatch","lovable","mindful","lovable-mindful","AbstractMatch","PositiveMatch"
"2592","663ea705b761e95caebf67eb","control_Similar","99","SimilarControl","get","obtain","get-obtain","",""
"2593","663ea705b761e95caebf67eb","test_ConceptualMatch_Abstract","0","ConceptualMatchingOnly","heartless","lovable","heartless-lovable","ConceptualMatch:abstract","NegativeMismatch"
"2594","663ea705b761e95caebf67eb","test_ValenceMatch_Positive","18","ValenceMatchingOnly","newborn","splendid","newborn-splendid","ConcreteMismatch","PositiveMatch"
"2595","663ea705b761e95caebf67eb","control_MaxMismatch","0","MaxMismatch","sensible","headless","sensible-headless","AbstractMismatch","PositiveMismatch"
"2596","663ea705b761e95caebf67eb","test_ValenceMatch_Negative","0","ValenceMatchingOnly","disloyal","rusted","disloyal-rusted","AbstractMismatch","NegativeMatch"
"2597","663ea705b761e95caebf67eb","control_MaxMatch_Positive_Concrete","0","MaxMatch","newborn","blooming","newborn-blooming","ConcreteMatch","PositiveMatch"
"2598","663ea705b761e95caebf67eb","control_MaxMatch_Negative_Concrete","0","MaxMatch","toothless","dirty","toothless-dirty","ConcreteMatch","NegativeMatch"
"2599","663ea705b761e95caebf67eb","control_Dissimilar","16","DissimilarControl","enter","exit","enter-exit","",""
"2600","663ea705b761e95caebf67eb","control_MaxMatch_Negative_Abstract","65","MaxMatch","crappy","stupid","crappy-stupid","AbstractMatch","NegativeMatch"
"2601","67e9c73caada4a6aea341f5b","control_Dissimilar","0","DissimilarControl","push","pull","push-pull","",""
"2602","67e9c73caada4a6aea341f5b","control_Similar","98","SimilarControl","get","obtain","get-obtain","",""
"2603","67e9c73caada4a6aea341f5b","test_ValenceMatch_Negative","99","ValenceMatchingOnly","sinful","thorny","sinful-thorny","AbstractMismatch","NegativeMatch"
"2604","67e9c73caada4a6aea341f5b","control_MaxMismatch","0","MaxMismatch","lovable","hairy","lovable-hairy","AbstractMismatch","PositiveMismatch"
"2605","67e9c73caada4a6aea341f5b","test_ConceptualMatch_Abstract","28","ConceptualMatchingOnly","awful","lovable","awful-lovable","ConceptualMatch:abstract","NegativeMismatch"
"2606","67e9c73caada4a6aea341f5b","test_ValenceMatch_Positive","6","ValenceMatchingOnly","female","helpful","female-helpful","ConcreteMismatch","PositiveMatch"
"2607","67e9c73caada4a6aea341f5b","control_Dissimilar","8","DissimilarControl","arrive","leave","arrive-leave","",""
"2608","67e9c73caada4a6aea341f5b","control_MaxMatch_Negative_Concrete","6","MaxMatch","rusted","thorny","rusted-thorny","ConcreteMatch","NegativeMatch"
"2609","67e9c73caada4a6aea341f5b","control_MaxMatch_Negative_Abstract","5","MaxMatch","heartless","sinful","heartless-sinful","AbstractMatch","NegativeMatch"
"2610","67e9c73caada4a6aea341f5b","test_ConceptualMatch_Concrete","25","ConceptualMatchingOnly","orange","headless","orange-headless","ConceptualMatch:concrete","PositiveMismatch"
"2611","67e9c73caada4a6aea341f5b","control_Similar","88","SimilarControl","show","display","show-display","",""
"2612","67e9c73caada4a6aea341f5b","control_MaxMatch_Positive_Abstract","79","MaxMatch","honest","mindful","honest-mindful","AbstractMatch","PositiveMatch"
"2613","67e9c73caada4a6aea341f5b","control_MaxMatch_Positive_Concrete","0","MaxMatch","human","pregnant","human-pregnant","ConcreteMatch","PositiveMatch"
"2614","67e9c73caada4a6aea341f5b","control_Dissimilar","0","DissimilarControl","increase","decrease","increase-decrease","",""
"2615","67e9c73caada4a6aea341f5b","control_Similar","96","SimilarControl","end","finish","end-finish","",""
"2616","67e9c73caada4a6aea341f5b","test_ValenceMatch_Negative","5","ValenceMatchingOnly","heartless","dirty","heartless-dirty","AbstractMismatch","NegativeMatch"
"2617","67e9c73caada4a6aea341f5b","control_MaxMismatch","75","MaxMismatch","sensible","bloody","sensible-bloody","AbstractMismatch","PositiveMismatch"
"2618","67e9c73caada4a6aea341f5b","test_ConceptualMatch_Abstract","21","ConceptualMatchingOnly","soulless","thankful","soulless-thankful","ConceptualMatch:abstract","NegativeMismatch"
"2619","67e9c73caada4a6aea341f5b","test_ValenceMatch_Positive","84","ValenceMatchingOnly","newborn","divine","newborn-divine","ConcreteMismatch","PositiveMatch"
"2620","67e9c73caada4a6aea341f5b","control_Dissimilar","13","DissimilarControl","give","take","give-take","",""
"2621","67e9c73caada4a6aea341f5b","control_MaxMatch_Negative_Concrete","69","MaxMatch","dirty","bloody","dirty-bloody","ConcreteMatch","NegativeMatch"
"2622","67e9c73caada4a6aea341f5b","control_MaxMatch_Negative_Abstract","95","MaxMatch","heartless","disloyal","heartless-disloyal","AbstractMatch","NegativeMatch"
"2623","67e9c73caada4a6aea341f5b","test_ConceptualMatch_Concrete","0","ConceptualMatchingOnly","sunny","dirty","sunny-dirty","ConceptualMatch:concrete","PositiveMismatch"
"2624","67e9c73caada4a6aea341f5b","control_Similar","99","SimilarControl","buy","purchase","buy-purchase","",""
"2625","67e9c73caada4a6aea341f5b","control_MaxMatch_Positive_Abstract","85","MaxMatch","mindful","helpful","mindful-helpful","AbstractMatch","PositiveMatch"
"2626","67e9c73caada4a6aea341f5b","control_MaxMatch_Positive_Concrete","46","MaxMatch","blooming","starry","blooming-starry","ConcreteMatch","PositiveMatch"
"2627","67e9c73caada4a6aea341f5b","control_Dissimilar","4","DissimilarControl","come","go","come-go","",""
"2628","67e9c73caada4a6aea341f5b","control_Similar","96","SimilarControl","use","employ","use-employ","",""
"2629","67e9c73caada4a6aea341f5b","test_ValenceMatch_Negative","5","ValenceMatchingOnly","worthless","thorny","worthless-thorny","AbstractMismatch","NegativeMatch"
"2630","67e9c73caada4a6aea341f5b","control_MaxMismatch","0","MaxMismatch","mindful","headless","mindful-headless","AbstractMismatch","PositiveMismatch"
"2631","67e9c73caada4a6aea341f5b","test_ConceptualMatch_Abstract","0","ConceptualMatchingOnly","evil","splendid","evil-splendid","ConceptualMatch:abstract","NegativeMismatch"
"2632","67e9c73caada4a6aea341f5b","test_ValenceMatch_Positive","0","ValenceMatchingOnly","lilac","divine","lilac-divine","ConcreteMismatch","PositiveMatch"
"2633","67e9c73caada4a6aea341f5b","control_Dissimilar","0","DissimilarControl","begin","end","begin-end","",""
"2634","67e9c73caada4a6aea341f5b","control_MaxMatch_Negative_Concrete","0","MaxMatch","headless","freezing","headless-freezing","ConcreteMatch","NegativeMatch"
"2635","67e9c73caada4a6aea341f5b","control_MaxMatch_Negative_Abstract","42","MaxMatch","worthless","evil","worthless-evil","AbstractMatch","NegativeMatch"
"2636","67e9c73caada4a6aea341f5b","test_ConceptualMatch_Concrete","5","ConceptualMatchingOnly","sunny","rusted","sunny-rusted","ConceptualMatch:concrete","PositiveMismatch"
"2637","67e9c73caada4a6aea341f5b","control_Similar","99","SimilarControl","begin","start","begin-start","",""
"2638","67e9c73caada4a6aea341f5b","control_MaxMatch_Positive_Abstract","89","MaxMatch","honest","divine","honest-divine","AbstractMatch","PositiveMatch"
"2639","67e9c73caada4a6aea341f5b","control_MaxMatch_Positive_Concrete","0","MaxMatch","sunny","orange","sunny-orange","ConcreteMatch","PositiveMatch"
"2640","67e9c73caada4a6aea341f5b","control_Dissimilar","1","DissimilarControl","enter","exit","enter-exit","",""
"2641","67e9c73caada4a6aea341f5b","control_Similar","99","SimilarControl","need","require","need-require","",""
"2642","67e9c73caada4a6aea341f5b","test_ValenceMatch_Negative","26","ValenceMatchingOnly","sexist","toothless","sexist-toothless","AbstractMismatch","NegativeMatch"
"2643","67e9c73caada4a6aea341f5b","control_MaxMismatch","8","MaxMismatch","honest","bloodshot","honest-bloodshot","AbstractMismatch","PositiveMismatch"
"2644","67e9c73caada4a6aea341f5b","test_ConceptualMatch_Abstract","14","ConceptualMatchingOnly","sinful","sensible","sinful-sensible","ConceptualMatch:abstract","NegativeMismatch"
"2645","67e9c73caada4a6aea341f5b","test_ValenceMatch_Positive","84","ValenceMatchingOnly","starry","thankful","starry-thankful","ConcreteMismatch","PositiveMatch"
"2646","67e9c73caada4a6aea341f5b","control_Dissimilar","5","DissimilarControl","add","remove","add-remove","",""
"2647","67e9c73caada4a6aea341f5b","control_MaxMatch_Negative_Concrete","28","MaxMatch","wrinkled","bloody","wrinkled-bloody","ConcreteMatch","NegativeMatch"
"2648","67e9c73caada4a6aea341f5b","control_MaxMatch_Negative_Abstract","69","MaxMatch","awful","stupid","awful-stupid","AbstractMatch","NegativeMatch"
"2649","67e9c73caada4a6aea341f5b","test_ConceptualMatch_Concrete","18","ConceptualMatchingOnly","starry","hairy","starry-hairy","ConceptualMatch:concrete","PositiveMismatch"
"2650","67e9c73caada4a6aea341f5b","control_Similar","98","SimilarControl","help","assist","help-assist","",""
"2651","67e9c73caada4a6aea341f5b","control_MaxMatch_Positive_Abstract","74","MaxMatch","pleasant","helpful","pleasant-helpful","AbstractMatch","PositiveMatch"
"2652","67e9c73caada4a6aea341f5b","control_MaxMatch_Positive_Concrete","20","MaxMatch","human","starry","human-starry","ConcreteMatch","PositiveMatch"
"2653","67e9c73caada4a6aea341f5b","control_Dissimilar","7","DissimilarControl","rise","fall","rise-fall","",""
"2654","67e9c73caada4a6aea341f5b","control_Similar","99","SimilarControl","ask","inquire","ask-inquire","",""
"2655","67e9c73caada4a6aea341f5b","test_ValenceMatch_Negative","16","ValenceMatchingOnly","heartless","wrinkled","heartless-wrinkled","AbstractMismatch","NegativeMatch"
"2656","67e9c73caada4a6aea341f5b","control_MaxMismatch","3","MaxMismatch","helpful","rusted","helpful-rusted","AbstractMismatch","PositiveMismatch"
"2657","67e9c73caada4a6aea341f5b","test_ConceptualMatch_Abstract","14","ConceptualMatchingOnly","stupid","mindful","stupid-mindful","ConceptualMatch:abstract","NegativeMismatch"
"2658","67e9c73caada4a6aea341f5b","test_ValenceMatch_Positive","9","ValenceMatchingOnly","handmade","thankful","handmade-thankful","ConcreteMismatch","PositiveMatch"
"2659","67e9c73caada4a6aea341f5b","control_Dissimilar","0","DissimilarControl","open","close","open-close","",""
"2660","67e9c73caada4a6aea341f5b","control_MaxMatch_Negative_Concrete","16","MaxMatch","toothless","bloody","toothless-bloody","ConcreteMatch","NegativeMatch"
"2661","67e9c73caada4a6aea341f5b","control_MaxMatch_Negative_Abstract","3","MaxMatch","crappy","sinful","crappy-sinful","AbstractMatch","NegativeMatch"
"2662","67e9c73caada4a6aea341f5b","test_ConceptualMatch_Concrete","5","ConceptualMatchingOnly","lilac","headless","lilac-headless","ConceptualMatch:concrete","PositiveMismatch"
"2663","67e9c73caada4a6aea341f5b","control_Similar","96","SimilarControl","speak","talk","speak-talk","",""
"2664","67e9c73caada4a6aea341f5b","control_MaxMatch_Positive_Abstract","78","MaxMatch","thankful","pleasant","thankful-pleasant","AbstractMatch","PositiveMatch"
"2665","67e9c73caada4a6aea341f5b","control_MaxMatch_Positive_Concrete","38","MaxMatch","newborn","handmade","newborn-handmade","ConcreteMatch","PositiveMatch"
"2666","6105b1b285e91680458bd341","control_Similar","98","SimilarControl","begin","start","begin-start","",""
"2667","6105b1b285e91680458bd341","control_Dissimilar","6","DissimilarControl","begin","end","begin-end","",""
"2668","6105b1b285e91680458bd341","test_ConceptualMatch_Abstract","5","ConceptualMatchingOnly","heartless","lovable","heartless-lovable","ConceptualMatch:abstract","NegativeMismatch"
"2669","6105b1b285e91680458bd341","control_Similar","91","SimilarControl","use","employ","use-employ","",""
"2670","6105b1b285e91680458bd341","test_ValenceMatch_Negative","2","ValenceMatchingOnly","stupid","bloody","stupid-bloody","AbstractMismatch","NegativeMatch"
"2671","6105b1b285e91680458bd341","control_MaxMatch_Negative_Abstract","73","MaxMatch","awful","evil","awful-evil","AbstractMatch","NegativeMatch"
"2672","6105b1b285e91680458bd341","test_ValenceMatch_Positive","2","ValenceMatchingOnly","handmade","honest","handmade-honest","ConcreteMismatch","PositiveMatch"
"2673","6105b1b285e91680458bd341","control_MaxMatch_Negative_Concrete","10","MaxMatch","toothless","hairy","toothless-hairy","ConcreteMatch","NegativeMatch"
"2674","6105b1b285e91680458bd341","control_MaxMismatch","7","MaxMismatch","thankful","bloody","thankful-bloody","AbstractMismatch","PositiveMismatch"
"2675","6105b1b285e91680458bd341","test_ConceptualMatch_Concrete","17","ConceptualMatchingOnly","female","hairy","female-hairy","ConceptualMatch:concrete","PositiveMismatch"
"2676","6105b1b285e91680458bd341","control_MaxMatch_Positive_Concrete","2","MaxMatch","sunny","pregnant","sunny-pregnant","ConcreteMatch","PositiveMatch"
"2677","6105b1b285e91680458bd341","control_Dissimilar","5","DissimilarControl","give","take","give-take","",""
"2678","6105b1b285e91680458bd341","control_MaxMatch_Positive_Abstract","12","MaxMatch","possible","divine","possible-divine","AbstractMatch","PositiveMatch"
"2679","6105b1b285e91680458bd341","control_Similar","97","SimilarControl","end","finish","end-finish","",""
"2680","6105b1b285e91680458bd341","control_Dissimilar","7","DissimilarControl","arrive","leave","arrive-leave","",""
"2681","6105b1b285e91680458bd341","test_ConceptualMatch_Abstract","9","ConceptualMatchingOnly","crappy","lovable","crappy-lovable","ConceptualMatch:abstract","NegativeMismatch"
"2682","6105b1b285e91680458bd341","control_Similar","99","SimilarControl","help","assist","help-assist","",""
"2683","6105b1b285e91680458bd341","test_ValenceMatch_Negative","3","ValenceMatchingOnly","sexist","hairy","sexist-hairy","AbstractMismatch","NegativeMatch"
"2684","6105b1b285e91680458bd341","control_MaxMatch_Negative_Abstract","15","MaxMatch","evil","sexist","evil-sexist","AbstractMatch","NegativeMatch"
"2685","6105b1b285e91680458bd341","test_ValenceMatch_Positive","16","ValenceMatchingOnly","handmade","mindful","handmade-mindful","ConcreteMismatch","PositiveMatch"
"2686","6105b1b285e91680458bd341","control_MaxMatch_Negative_Concrete","16","MaxMatch","rusted","bloody","rusted-bloody","ConcreteMatch","NegativeMatch"
"2687","6105b1b285e91680458bd341","control_MaxMismatch","9","MaxMismatch","lovable","hairy","lovable-hairy","AbstractMismatch","PositiveMismatch"
"2688","6105b1b285e91680458bd341","test_ConceptualMatch_Concrete","3","ConceptualMatchingOnly","handmade","freezing","handmade-freezing","ConceptualMatch:concrete","PositiveMismatch"
"2689","6105b1b285e91680458bd341","control_MaxMatch_Positive_Concrete","28","MaxMatch","lilac","orange","lilac-orange","ConcreteMatch","PositiveMatch"
"2690","6105b1b285e91680458bd341","control_Dissimilar","9","DissimilarControl","rise","fall","rise-fall","",""
"2691","6105b1b285e91680458bd341","control_MaxMatch_Positive_Abstract","22","MaxMatch","lovable","helpful","lovable-helpful","AbstractMatch","PositiveMatch"
"2692","6105b1b285e91680458bd341","control_Similar","99","SimilarControl","show","display","show-display","",""
"2693","6105b1b285e91680458bd341","control_Dissimilar","2","DissimilarControl","come","go","come-go","",""
"2694","6105b1b285e91680458bd341","test_ConceptualMatch_Abstract","7","ConceptualMatchingOnly","awful","sensible","awful-sensible","ConceptualMatch:abstract","NegativeMismatch"
"2695","6105b1b285e91680458bd341","control_Similar","89","SimilarControl","need","require","need-require","",""
"2696","6105b1b285e91680458bd341","test_ValenceMatch_Negative","15","ValenceMatchingOnly","awful","headless","awful-headless","AbstractMismatch","NegativeMatch"
"2697","6105b1b285e91680458bd341","control_MaxMatch_Negative_Abstract","11","MaxMatch","stupid","sinful","stupid-sinful","AbstractMatch","NegativeMatch"
"2698","6105b1b285e91680458bd341","test_ValenceMatch_Positive","8","ValenceMatchingOnly","human","possible","human-possible","ConcreteMismatch","PositiveMatch"
"2699","6105b1b285e91680458bd341","control_MaxMatch_Negative_Concrete","14","MaxMatch","rusted","thorny","rusted-thorny","ConcreteMatch","NegativeMatch"
"2700","6105b1b285e91680458bd341","control_MaxMismatch","6","MaxMismatch","helpful","bloodshot","helpful-bloodshot","AbstractMismatch","PositiveMismatch"
"2701","6105b1b285e91680458bd341","test_ConceptualMatch_Concrete","4","ConceptualMatchingOnly","blooming","toothless","blooming-toothless","ConceptualMatch:concrete","PositiveMismatch"
"2702","6105b1b285e91680458bd341","control_MaxMatch_Positive_Concrete","6","MaxMatch","blooming","starry","blooming-starry","ConcreteMatch","PositiveMatch"
"2703","6105b1b285e91680458bd341","control_Dissimilar","6","DissimilarControl","open","close","open-close","",""
"2704","6105b1b285e91680458bd341","control_MaxMatch_Positive_Abstract","9","MaxMatch","honest","thankful","honest-thankful","AbstractMatch","PositiveMatch"
"2705","6105b1b285e91680458bd341","control_Similar","99","SimilarControl","get","obtain","get-obtain","",""
"2706","6105b1b285e91680458bd341","control_Dissimilar","2","DissimilarControl","push","pull","push-pull","",""
"2707","6105b1b285e91680458bd341","test_ConceptualMatch_Abstract","5","ConceptualMatchingOnly","disloyal","possible","disloyal-possible","ConceptualMatch:abstract","NegativeMismatch"
"2708","6105b1b285e91680458bd341","control_Similar","99","SimilarControl","speak","talk","speak-talk","",""
"2709","6105b1b285e91680458bd341","test_ValenceMatch_Negative","17","ValenceMatchingOnly","awful","thorny","awful-thorny","AbstractMismatch","NegativeMatch"
"2710","6105b1b285e91680458bd341","control_MaxMatch_Negative_Abstract","12","MaxMatch","sexist","crappy","sexist-crappy","AbstractMatch","NegativeMatch"
"2711","6105b1b285e91680458bd341","test_ValenceMatch_Positive","11","ValenceMatchingOnly","human","thankful","human-thankful","ConcreteMismatch","PositiveMatch"
"2712","6105b1b285e91680458bd341","control_MaxMatch_Negative_Concrete","2","MaxMatch","thorny","wrinkled","thorny-wrinkled","ConcreteMatch","NegativeMatch"
"2713","6105b1b285e91680458bd341","control_MaxMismatch","1","MaxMismatch","pleasant","rusted","pleasant-rusted","AbstractMismatch","PositiveMismatch"
"2714","6105b1b285e91680458bd341","test_ConceptualMatch_Concrete","5","ConceptualMatchingOnly","human","bloodshot","human-bloodshot","ConceptualMatch:concrete","PositiveMismatch"
"2715","6105b1b285e91680458bd341","control_MaxMatch_Positive_Concrete","1","MaxMatch","lilac","female","lilac-female","ConcreteMatch","PositiveMatch"
"2716","6105b1b285e91680458bd341","control_Dissimilar","1","DissimilarControl","increase","decrease","increase-decrease","",""
"2717","6105b1b285e91680458bd341","control_MaxMatch_Positive_Abstract","12","MaxMatch","lovable","splendid","lovable-splendid","AbstractMatch","PositiveMatch"
"2718","6105b1b285e91680458bd341","control_Similar","93","SimilarControl","ask","inquire","ask-inquire","",""
"2719","6105b1b285e91680458bd341","control_Dissimilar","4","DissimilarControl","enter","exit","enter-exit","",""
"2720","6105b1b285e91680458bd341","test_ConceptualMatch_Abstract","4","ConceptualMatchingOnly","disloyal","thankful","disloyal-thankful","ConceptualMatch:abstract","NegativeMismatch"
"2721","6105b1b285e91680458bd341","control_Similar","99","SimilarControl","buy","purchase","buy-purchase","",""
"2722","6105b1b285e91680458bd341","test_ValenceMatch_Negative","4","ValenceMatchingOnly","worthless","freezing","worthless-freezing","AbstractMismatch","NegativeMatch"
"2723","6105b1b285e91680458bd341","control_MaxMatch_Negative_Abstract","2","MaxMatch","sexist","stupid","sexist-stupid","AbstractMatch","NegativeMatch"
"2724","6105b1b285e91680458bd341","test_ValenceMatch_Positive","0","ValenceMatchingOnly","newborn","mindful","newborn-mindful","ConcreteMismatch","PositiveMatch"
"2725","6105b1b285e91680458bd341","control_MaxMatch_Negative_Concrete","0","MaxMatch","wrinkled","bloody","wrinkled-bloody","ConcreteMatch","NegativeMatch"
"2726","6105b1b285e91680458bd341","control_MaxMismatch","0","MaxMismatch","honest","freezing","honest-freezing","AbstractMismatch","PositiveMismatch"
"2727","6105b1b285e91680458bd341","test_ConceptualMatch_Concrete","0","ConceptualMatchingOnly","starry","freezing","starry-freezing","ConceptualMatch:concrete","PositiveMismatch"
"2728","6105b1b285e91680458bd341","control_MaxMatch_Positive_Concrete","1","MaxMatch","starry","handmade","starry-handmade","ConcreteMatch","PositiveMatch"
"2729","6105b1b285e91680458bd341","control_Dissimilar","0","DissimilarControl","add","remove","add-remove","",""
"2730","6105b1b285e91680458bd341","control_MaxMatch_Positive_Abstract","15","MaxMatch","pleasant","helpful","pleasant-helpful","AbstractMatch","PositiveMatch"
"2731","58a53fd327c3bb00014e74e2","control_Dissimilar","0","DissimilarControl","rise","fall","rise-fall","",""
"2732","58a53fd327c3bb00014e74e2","control_Similar","87","SimilarControl","need","require","need-require","",""
"2733","58a53fd327c3bb00014e74e2","control_MaxMismatch","0","MaxMismatch","pleasant","hairy","pleasant-hairy","AbstractMismatch","PositiveMismatch"
"2734","58a53fd327c3bb00014e74e2","control_MaxMatch_Positive_Concrete","18","MaxMatch","sunny","orange","sunny-orange","ConcreteMatch","PositiveMatch"
"2735","58a53fd327c3bb00014e74e2","control_Dissimilar","0","DissimilarControl","begin","end","begin-end","",""
"2736","58a53fd327c3bb00014e74e2","control_MaxMatch_Positive_Abstract","30","MaxMatch","honest","mindful","honest-mindful","AbstractMatch","PositiveMatch"
"2737","58a53fd327c3bb00014e74e2","test_ConceptualMatch_Abstract","0","ConceptualMatchingOnly","disloyal","honest","disloyal-honest","ConceptualMatch:abstract","NegativeMismatch"
"2738","58a53fd327c3bb00014e74e2","test_ConceptualMatch_Concrete","0","ConceptualMatchingOnly","sunny","hairy","sunny-hairy","ConceptualMatch:concrete","PositiveMismatch"
"2739","58a53fd327c3bb00014e74e2","control_Similar","99","SimilarControl","buy","purchase","buy-purchase","",""
"2740","58a53fd327c3bb00014e74e2","test_ValenceMatch_Positive","0","ValenceMatchingOnly","blooming","lovable","blooming-lovable","ConcreteMismatch","PositiveMatch"
"2741","58a53fd327c3bb00014e74e2","test_ValenceMatch_Negative","0","ValenceMatchingOnly","stupid","headless","stupid-headless","AbstractMismatch","NegativeMatch"
"2742","58a53fd327c3bb00014e74e2","control_MaxMatch_Negative_Concrete","0","MaxMatch","headless","freezing","headless-freezing","ConcreteMatch","NegativeMatch"
"2743","58a53fd327c3bb00014e74e2","control_MaxMatch_Negative_Abstract","18","MaxMatch","heartless","sinful","heartless-sinful","AbstractMatch","NegativeMatch"
"2744","58a53fd327c3bb00014e74e2","control_Dissimilar","0","DissimilarControl","give","take","give-take","",""
"2745","58a53fd327c3bb00014e74e2","control_Similar","99","SimilarControl","end","finish","end-finish","",""
"2746","58a53fd327c3bb00014e74e2","control_MaxMismatch","0","MaxMismatch","divine","bloodshot","divine-bloodshot","AbstractMismatch","PositiveMismatch"
"2747","58a53fd327c3bb00014e74e2","control_MaxMatch_Positive_Concrete","16","MaxMatch","newborn","blooming","newborn-blooming","ConcreteMatch","PositiveMatch"
"2748","58a53fd327c3bb00014e74e2","control_Dissimilar","0","DissimilarControl","open","close","open-close","",""
"2749","58a53fd327c3bb00014e74e2","control_MaxMatch_Positive_Abstract","5","MaxMatch","lovable","splendid","lovable-splendid","AbstractMatch","PositiveMatch"
"2750","58a53fd327c3bb00014e74e2","test_ConceptualMatch_Abstract","0","ConceptualMatchingOnly","evil","helpful","evil-helpful","ConceptualMatch:abstract","NegativeMismatch"
"2751","58a53fd327c3bb00014e74e2","test_ConceptualMatch_Concrete","0","ConceptualMatchingOnly","handmade","freezing","handmade-freezing","ConceptualMatch:concrete","PositiveMismatch"
"2752","58a53fd327c3bb00014e74e2","control_Similar","21","SimilarControl","use","employ","use-employ","",""
"2753","58a53fd327c3bb00014e74e2","test_ValenceMatch_Positive","0","ValenceMatchingOnly","orange","mindful","orange-mindful","ConcreteMismatch","PositiveMatch"
"2754","58a53fd327c3bb00014e74e2","test_ValenceMatch_Negative","20","ValenceMatchingOnly","crappy","wrinkled","crappy-wrinkled","AbstractMismatch","NegativeMatch"
"2755","58a53fd327c3bb00014e74e2","control_MaxMatch_Negative_Concrete","0","MaxMatch","bloodshot","wrinkled","bloodshot-wrinkled","ConcreteMatch","NegativeMatch"
"2756","58a53fd327c3bb00014e74e2","control_MaxMatch_Negative_Abstract","77","MaxMatch","worthless","crappy","worthless-crappy","AbstractMatch","NegativeMatch"
"2757","58a53fd327c3bb00014e74e2","control_Dissimilar","0","DissimilarControl","increase","decrease","increase-decrease","",""
"2758","58a53fd327c3bb00014e74e2","control_Similar","93","SimilarControl","get","obtain","get-obtain","",""
"2759","58a53fd327c3bb00014e74e2","control_MaxMismatch","0","MaxMismatch","splendid","bloodshot","splendid-bloodshot","AbstractMismatch","PositiveMismatch"
"2760","58a53fd327c3bb00014e74e2","control_MaxMatch_Positive_Concrete","0","MaxMatch","human","blooming","human-blooming","ConcreteMatch","PositiveMatch"
"2761","58a53fd327c3bb00014e74e2","control_Dissimilar","0","DissimilarControl","enter","exit","enter-exit","",""
"2762","58a53fd327c3bb00014e74e2","control_MaxMatch_Positive_Abstract","0","MaxMatch","thankful","possible","thankful-possible","AbstractMatch","PositiveMatch"
"2763","58a53fd327c3bb00014e74e2","test_ConceptualMatch_Abstract","0","ConceptualMatchingOnly","evil","mindful","evil-mindful","ConceptualMatch:abstract","NegativeMismatch"
"2764","58a53fd327c3bb00014e74e2","test_ConceptualMatch_Concrete","0","ConceptualMatchingOnly","pregnant","dirty","pregnant-dirty","ConceptualMatch:concrete","PositiveMismatch"
"2765","58a53fd327c3bb00014e74e2","control_Similar","99","SimilarControl","speak","talk","speak-talk","",""
"2766","58a53fd327c3bb00014e74e2","test_ValenceMatch_Positive","0","ValenceMatchingOnly","lilac","possible","lilac-possible","ConcreteMismatch","PositiveMatch"
"2767","58a53fd327c3bb00014e74e2","test_ValenceMatch_Negative","7","ValenceMatchingOnly","heartless","headless","heartless-headless","AbstractMismatch","NegativeMatch"
"2768","58a53fd327c3bb00014e74e2","control_MaxMatch_Negative_Concrete","0","MaxMatch","dirty","wrinkled","dirty-wrinkled","ConcreteMatch","NegativeMatch"
"2769","58a53fd327c3bb00014e74e2","control_MaxMatch_Negative_Abstract","0","MaxMatch","stupid","disloyal","stupid-disloyal","AbstractMatch","NegativeMatch"
"2770","58a53fd327c3bb00014e74e2","control_Dissimilar","0","DissimilarControl","add","remove","add-remove","",""
"2771","58a53fd327c3bb00014e74e2","control_Similar","99","SimilarControl","ask","inquire","ask-inquire","",""
"2772","58a53fd327c3bb00014e74e2","control_MaxMismatch","0","MaxMismatch","helpful","toothless","helpful-toothless","AbstractMismatch","PositiveMismatch"
"2773","58a53fd327c3bb00014e74e2","control_MaxMatch_Positive_Concrete","0","MaxMatch","sunny","lilac","sunny-lilac","ConcreteMatch","PositiveMatch"
"2774","58a53fd327c3bb00014e74e2","control_Dissimilar","0","DissimilarControl","come","go","come-go","",""
"2775","58a53fd327c3bb00014e74e2","control_MaxMatch_Positive_Abstract","58","MaxMatch","honest","sensible","honest-sensible","AbstractMatch","PositiveMatch"
"2776","58a53fd327c3bb00014e74e2","test_ConceptualMatch_Abstract","0","ConceptualMatchingOnly","soulless","sensible","soulless-sensible","ConceptualMatch:abstract","NegativeMismatch"
"2777","58a53fd327c3bb00014e74e2","test_ConceptualMatch_Concrete","0","ConceptualMatchingOnly","starry","thorny","starry-thorny","ConceptualMatch:concrete","PositiveMismatch"
"2778","58a53fd327c3bb00014e74e2","control_Similar","99","SimilarControl","begin","start","begin-start","",""
"2779","58a53fd327c3bb00014e74e2","test_ValenceMatch_Positive","0","ValenceMatchingOnly","lilac","helpful","lilac-helpful","ConcreteMismatch","PositiveMatch"
"2780","58a53fd327c3bb00014e74e2","test_ValenceMatch_Negative","0","ValenceMatchingOnly","stupid","wrinkled","stupid-wrinkled","AbstractMismatch","NegativeMatch"
"2781","58a53fd327c3bb00014e74e2","control_MaxMatch_Negative_Concrete","77","MaxMatch","bloodshot","bloody","bloodshot-bloody","ConcreteMatch","NegativeMatch"
"2782","58a53fd327c3bb00014e74e2","control_MaxMatch_Negative_Abstract","10","MaxMatch","soulless","crappy","soulless-crappy","AbstractMatch","NegativeMatch"
"2783","58a53fd327c3bb00014e74e2","control_Dissimilar","0","DissimilarControl","push","pull","push-pull","",""
"2784","58a53fd327c3bb00014e74e2","control_Similar","99","SimilarControl","show","display","show-display","",""
"2785","58a53fd327c3bb00014e74e2","control_MaxMismatch","0","MaxMismatch","splendid","hairy","splendid-hairy","AbstractMismatch","PositiveMismatch"
"2786","58a53fd327c3bb00014e74e2","control_MaxMatch_Positive_Concrete","0","MaxMatch","lilac","pregnant","lilac-pregnant","ConcreteMatch","PositiveMatch"
"2787","58a53fd327c3bb00014e74e2","control_Dissimilar","0","DissimilarControl","arrive","leave","arrive-leave","",""
"2788","58a53fd327c3bb00014e74e2","control_MaxMatch_Positive_Abstract","71","MaxMatch","thankful","sensible","thankful-sensible","AbstractMatch","PositiveMatch"
"2789","58a53fd327c3bb00014e74e2","test_ConceptualMatch_Abstract","0","ConceptualMatchingOnly","sexist","honest","sexist-honest","ConceptualMatch:abstract","NegativeMismatch"
"2790","58a53fd327c3bb00014e74e2","test_ConceptualMatch_Concrete","0","ConceptualMatchingOnly","lilac","wrinkled","lilac-wrinkled","ConceptualMatch:concrete","PositiveMismatch"
"2791","58a53fd327c3bb00014e74e2","control_Similar","99","SimilarControl","help","assist","help-assist","",""
"2792","58a53fd327c3bb00014e74e2","test_ValenceMatch_Positive","0","ValenceMatchingOnly","pregnant","honest","pregnant-honest","ConcreteMismatch","PositiveMatch"
"2793","58a53fd327c3bb00014e74e2","test_ValenceMatch_Negative","0","ValenceMatchingOnly","sinful","hairy","sinful-hairy","AbstractMismatch","NegativeMatch"
"2794","58a53fd327c3bb00014e74e2","control_MaxMatch_Negative_Concrete","0","MaxMatch","toothless","wrinkled","toothless-wrinkled","ConcreteMatch","NegativeMatch"
"2795","58a53fd327c3bb00014e74e2","control_MaxMatch_Negative_Abstract","68","MaxMatch","soulless","sexist","soulless-sexist","AbstractMatch","NegativeMatch"
"2796","653feb348f4df4e625de5909","control_Dissimilar","0","DissimilarControl","arrive","leave","arrive-leave","",""
"2797","653feb348f4df4e625de5909","control_Similar","99","SimilarControl","buy","purchase","buy-purchase","",""
"2798","653feb348f4df4e625de5909","control_MaxMismatch","0","MaxMismatch","sensible","dirty","sensible-dirty","AbstractMismatch","PositiveMismatch"
"2799","653feb348f4df4e625de5909","control_MaxMatch_Positive_Abstract","99","MaxMatch","pleasant","divine","pleasant-divine","AbstractMatch","PositiveMatch"
"2800","653feb348f4df4e625de5909","control_Dissimilar","0","DissimilarControl","give","take","give-take","",""
"2801","653feb348f4df4e625de5909","control_MaxMatch_Negative_Abstract","0","MaxMatch","evil","stupid","evil-stupid","AbstractMatch","NegativeMatch"
"2802","653feb348f4df4e625de5909","test_ConceptualMatch_Concrete","0","ConceptualMatchingOnly","orange","wrinkled","orange-wrinkled","ConceptualMatch:concrete","PositiveMismatch"
"2803","653feb348f4df4e625de5909","test_ConceptualMatch_Abstract","0","ConceptualMatchingOnly","worthless","pleasant","worthless-pleasant","ConceptualMatch:abstract","NegativeMismatch"
"2804","653feb348f4df4e625de5909","test_ValenceMatch_Positive","0","ValenceMatchingOnly","handmade","thankful","handmade-thankful","ConcreteMismatch","PositiveMatch"
"2805","653feb348f4df4e625de5909","control_MaxMatch_Positive_Concrete","0","MaxMatch","human","orange","human-orange","ConcreteMatch","PositiveMatch"
"2806","653feb348f4df4e625de5909","control_Similar","99","SimilarControl","ask","inquire","ask-inquire","",""
"2807","653feb348f4df4e625de5909","test_ValenceMatch_Negative","0","ValenceMatchingOnly","crappy","freezing","crappy-freezing","AbstractMismatch","NegativeMatch"
"2808","653feb348f4df4e625de5909","control_MaxMatch_Negative_Concrete","0","MaxMatch","toothless","bloody","toothless-bloody","ConcreteMatch","NegativeMatch"
"2809","653feb348f4df4e625de5909","control_Dissimilar","0","DissimilarControl","increase","decrease","increase-decrease","",""
"2810","653feb348f4df4e625de5909","control_Similar","48","SimilarControl","use","employ","use-employ","",""
"2811","653feb348f4df4e625de5909","control_MaxMismatch","0","MaxMismatch","lovable","freezing","lovable-freezing","AbstractMismatch","PositiveMismatch"
"2812","653feb348f4df4e625de5909","control_MaxMatch_Positive_Abstract","0","MaxMatch","possible","mindful","possible-mindful","AbstractMatch","PositiveMatch"
"2813","653feb348f4df4e625de5909","control_Dissimilar","0","DissimilarControl","rise","fall","rise-fall","",""
"2814","653feb348f4df4e625de5909","control_MaxMatch_Negative_Abstract","0","MaxMatch","worthless","soulless","worthless-soulless","AbstractMatch","NegativeMatch"
"2815","653feb348f4df4e625de5909","test_ConceptualMatch_Concrete","0","ConceptualMatchingOnly","human","bloodshot","human-bloodshot","ConceptualMatch:concrete","PositiveMismatch"
"2816","653feb348f4df4e625de5909","test_ConceptualMatch_Abstract","0","ConceptualMatchingOnly","disloyal","lovable","disloyal-lovable","ConceptualMatch:abstract","NegativeMismatch"
"2817","653feb348f4df4e625de5909","test_ValenceMatch_Positive","0","ValenceMatchingOnly","female","divine","female-divine","ConcreteMismatch","PositiveMatch"
"2818","653feb348f4df4e625de5909","control_MaxMatch_Positive_Concrete","0","MaxMatch","sunny","pregnant","sunny-pregnant","ConcreteMatch","PositiveMatch"
"2819","653feb348f4df4e625de5909","control_Similar","99","SimilarControl","help","assist","help-assist","",""
"2820","653feb348f4df4e625de5909","test_ValenceMatch_Negative","0","ValenceMatchingOnly","heartless","bloody","heartless-bloody","AbstractMismatch","NegativeMatch"
"2821","653feb348f4df4e625de5909","control_MaxMatch_Negative_Concrete","0","MaxMatch","hairy","bloody","hairy-bloody","ConcreteMatch","NegativeMatch"
"2822","653feb348f4df4e625de5909","control_Dissimilar","0","DissimilarControl","begin","end","begin-end","",""
"2823","653feb348f4df4e625de5909","control_Similar","99","SimilarControl","get","obtain","get-obtain","",""
"2824","653feb348f4df4e625de5909","control_MaxMismatch","0","MaxMismatch","splendid","headless","splendid-headless","AbstractMismatch","PositiveMismatch"
"2825","653feb348f4df4e625de5909","control_MaxMatch_Positive_Abstract","0","MaxMatch","possible","pleasant","possible-pleasant","AbstractMatch","PositiveMatch"
"2826","653feb348f4df4e625de5909","control_Dissimilar","0","DissimilarControl","push","pull","push-pull","",""
"2827","653feb348f4df4e625de5909","control_MaxMatch_Negative_Abstract","0","MaxMatch","soulless","crappy","soulless-crappy","AbstractMatch","NegativeMatch"
"2828","653feb348f4df4e625de5909","test_ConceptualMatch_Concrete","0","ConceptualMatchingOnly","orange","freezing","orange-freezing","ConceptualMatch:concrete","PositiveMismatch"
"2829","653feb348f4df4e625de5909","test_ConceptualMatch_Abstract","0","ConceptualMatchingOnly","sexist","thankful","sexist-thankful","ConceptualMatch:abstract","NegativeMismatch"
"2830","653feb348f4df4e625de5909","test_ValenceMatch_Positive","0","ValenceMatchingOnly","handmade","honest","handmade-honest","ConcreteMismatch","PositiveMatch"
"2831","653feb348f4df4e625de5909","control_MaxMatch_Positive_Concrete","0","MaxMatch","human","pregnant","human-pregnant","ConcreteMatch","PositiveMatch"
"2832","653feb348f4df4e625de5909","control_Similar","99","SimilarControl","show","display","show-display","",""
"2833","653feb348f4df4e625de5909","test_ValenceMatch_Negative","0","ValenceMatchingOnly","sexist","freezing","sexist-freezing","AbstractMismatch","NegativeMatch"
"2834","653feb348f4df4e625de5909","control_MaxMatch_Negative_Concrete","0","MaxMatch","toothless","freezing","toothless-freezing","ConcreteMatch","NegativeMatch"
"2835","653feb348f4df4e625de5909","control_Dissimilar","0","DissimilarControl","enter","exit","enter-exit","",""
"2836","653feb348f4df4e625de5909","control_Similar","99","SimilarControl","speak","talk","speak-talk","",""
"2837","653feb348f4df4e625de5909","control_MaxMismatch","0","MaxMismatch","divine","thorny","divine-thorny","AbstractMismatch","PositiveMismatch"
"2838","653feb348f4df4e625de5909","control_MaxMatch_Positive_Abstract","0","MaxMatch","thankful","divine","thankful-divine","AbstractMatch","PositiveMatch"
"2839","653feb348f4df4e625de5909","control_Dissimilar","0","DissimilarControl","add","remove","add-remove","",""
"2840","653feb348f4df4e625de5909","control_MaxMatch_Negative_Abstract","0","MaxMatch","heartless","sexist","heartless-sexist","AbstractMatch","NegativeMatch"
"2841","653feb348f4df4e625de5909","test_ConceptualMatch_Concrete","0","ConceptualMatchingOnly","pregnant","bloody","pregnant-bloody","ConceptualMatch:concrete","PositiveMismatch"
"2842","653feb348f4df4e625de5909","test_ConceptualMatch_Abstract","0","ConceptualMatchingOnly","sexist","mindful","sexist-mindful","ConceptualMatch:abstract","NegativeMismatch"
"2843","653feb348f4df4e625de5909","test_ValenceMatch_Positive","0","ValenceMatchingOnly","blooming","possible","blooming-possible","ConcreteMismatch","PositiveMatch"
"2844","653feb348f4df4e625de5909","control_MaxMatch_Positive_Concrete","0","MaxMatch","newborn","starry","newborn-starry","ConcreteMatch","PositiveMatch"
"2845","653feb348f4df4e625de5909","control_Similar","99","SimilarControl","begin","start","begin-start","",""
"2846","653feb348f4df4e625de5909","test_ValenceMatch_Negative","0","ValenceMatchingOnly","sinful","bloodshot","sinful-bloodshot","AbstractMismatch","NegativeMatch"
"2847","653feb348f4df4e625de5909","control_MaxMatch_Negative_Concrete","0","MaxMatch","rusted","wrinkled","rusted-wrinkled","ConcreteMatch","NegativeMatch"
"2848","653feb348f4df4e625de5909","control_Dissimilar","0","DissimilarControl","come","go","come-go","",""
"2849","653feb348f4df4e625de5909","control_Similar","99","SimilarControl","end","finish","end-finish","",""
"2850","653feb348f4df4e625de5909","control_MaxMismatch","0","MaxMismatch","splendid","dirty","splendid-dirty","AbstractMismatch","PositiveMismatch"
"2851","653feb348f4df4e625de5909","control_MaxMatch_Positive_Abstract","0","MaxMatch","honest","helpful","honest-helpful","AbstractMatch","PositiveMatch"
"2852","653feb348f4df4e625de5909","control_Dissimilar","0","DissimilarControl","open","close","open-close","",""
"2853","653feb348f4df4e625de5909","control_MaxMatch_Negative_Abstract","99","MaxMatch","evil","heartless","evil-heartless","AbstractMatch","NegativeMatch"
"2854","653feb348f4df4e625de5909","test_ConceptualMatch_Concrete","0","ConceptualMatchingOnly","orange","bloodshot","orange-bloodshot","ConceptualMatch:concrete","PositiveMismatch"
"2855","653feb348f4df4e625de5909","test_ConceptualMatch_Abstract","0","ConceptualMatchingOnly","disloyal","mindful","disloyal-mindful","ConceptualMatch:abstract","NegativeMismatch"
"2856","653feb348f4df4e625de5909","test_ValenceMatch_Positive","0","ValenceMatchingOnly","orange","thankful","orange-thankful","ConcreteMismatch","PositiveMatch"
"2857","653feb348f4df4e625de5909","control_MaxMatch_Positive_Concrete","99","MaxMatch","sunny","starry","sunny-starry","ConcreteMatch","PositiveMatch"
"2858","653feb348f4df4e625de5909","control_Similar","99","SimilarControl","need","require","need-require","",""
"2859","653feb348f4df4e625de5909","test_ValenceMatch_Negative","0","ValenceMatchingOnly","stupid","dirty","stupid-dirty","AbstractMismatch","NegativeMatch"
"2860","653feb348f4df4e625de5909","control_MaxMatch_Negative_Concrete","0","MaxMatch","wrinkled","bloody","wrinkled-bloody","ConcreteMatch","NegativeMatch"
"2861","65a3eab844b50c6810ea62f3","control_Dissimilar","21","DissimilarControl","push","pull","push-pull","",""
"2862","65a3eab844b50c6810ea62f3","control_Similar","97","SimilarControl","show","display","show-display","",""
"2863","65a3eab844b50c6810ea62f3","control_MaxMatch_Negative_Abstract","63","MaxMatch","heartless","stupid","heartless-stupid","AbstractMatch","NegativeMatch"
"2864","65a3eab844b50c6810ea62f3","control_MaxMatch_Positive_Concrete","0","MaxMatch","orange","handmade","orange-handmade","ConcreteMatch","PositiveMatch"
"2865","65a3eab844b50c6810ea62f3","test_ValenceMatch_Positive","19","ValenceMatchingOnly","starry","honest","starry-honest","ConcreteMismatch","PositiveMatch"
"2866","65a3eab844b50c6810ea62f3","control_MaxMatch_Positive_Abstract","82","MaxMatch","thankful","pleasant","thankful-pleasant","AbstractMatch","PositiveMatch"
"2867","65a3eab844b50c6810ea62f3","test_ConceptualMatch_Abstract","19","ConceptualMatchingOnly","sexist","possible","sexist-possible","ConceptualMatch:abstract","NegativeMismatch"
"2868","65a3eab844b50c6810ea62f3","control_Dissimilar","4","DissimilarControl","increase","decrease","increase-decrease","",""
"2869","65a3eab844b50c6810ea62f3","control_MaxMismatch","20","MaxMismatch","possible","bloodshot","possible-bloodshot","AbstractMismatch","PositiveMismatch"
"2870","65a3eab844b50c6810ea62f3","control_Similar","99","SimilarControl","begin","start","begin-start","",""
"2871","65a3eab844b50c6810ea62f3","control_MaxMatch_Negative_Concrete","71","MaxMatch","bloodshot","wrinkled","bloodshot-wrinkled","ConcreteMatch","NegativeMatch"
"2872","65a3eab844b50c6810ea62f3","test_ValenceMatch_Negative","61","ValenceMatchingOnly","crappy","headless","crappy-headless","AbstractMismatch","NegativeMatch"
"2873","65a3eab844b50c6810ea62f3","test_ConceptualMatch_Concrete","12","ConceptualMatchingOnly","female","hairy","female-hairy","ConceptualMatch:concrete","PositiveMismatch"
"2874","65a3eab844b50c6810ea62f3","control_Dissimilar","0","DissimilarControl","open","close","open-close","",""
"2875","65a3eab844b50c6810ea62f3","control_Similar","94","SimilarControl","end","finish","end-finish","",""
"2876","65a3eab844b50c6810ea62f3","control_MaxMatch_Negative_Abstract","4","MaxMatch","worthless","sexist","worthless-sexist","AbstractMatch","NegativeMatch"
"2877","65a3eab844b50c6810ea62f3","control_MaxMatch_Positive_Concrete","0","MaxMatch","lilac","human","lilac-human","ConcreteMatch","PositiveMatch"
"2878","65a3eab844b50c6810ea62f3","test_ValenceMatch_Positive","0","ValenceMatchingOnly","handmade","mindful","handmade-mindful","ConcreteMismatch","PositiveMatch"
"2879","65a3eab844b50c6810ea62f3","control_MaxMatch_Positive_Abstract","80","MaxMatch","thankful","divine","thankful-divine","AbstractMatch","PositiveMatch"
"2880","65a3eab844b50c6810ea62f3","test_ConceptualMatch_Abstract","21","ConceptualMatchingOnly","crappy","splendid","crappy-splendid","ConceptualMatch:abstract","NegativeMismatch"
"2881","65a3eab844b50c6810ea62f3","control_Dissimilar","0","DissimilarControl","arrive","leave","arrive-leave","",""
"2882","65a3eab844b50c6810ea62f3","control_MaxMismatch","15","MaxMismatch","splendid","wrinkled","splendid-wrinkled","AbstractMismatch","PositiveMismatch"
"2883","65a3eab844b50c6810ea62f3","control_Similar","99","SimilarControl","help","assist","help-assist","",""
"2884","65a3eab844b50c6810ea62f3","control_MaxMatch_Negative_Concrete","59","MaxMatch","toothless","headless","toothless-headless","ConcreteMatch","NegativeMatch"
"2885","65a3eab844b50c6810ea62f3","test_ValenceMatch_Negative","21","ValenceMatchingOnly","soulless","hairy","soulless-hairy","AbstractMismatch","NegativeMatch"
"2886","65a3eab844b50c6810ea62f3","test_ConceptualMatch_Concrete","2","ConceptualMatchingOnly","handmade","headless","handmade-headless","ConceptualMatch:concrete","PositiveMismatch"
"2887","65a3eab844b50c6810ea62f3","control_Dissimilar","0","DissimilarControl","add","remove","add-remove","",""
"2888","65a3eab844b50c6810ea62f3","control_Similar","99","SimilarControl","buy","purchase","buy-purchase","",""
"2889","65a3eab844b50c6810ea62f3","control_MaxMatch_Negative_Abstract","22","MaxMatch","worthless","sinful","worthless-sinful","AbstractMatch","NegativeMatch"
"2890","65a3eab844b50c6810ea62f3","control_MaxMatch_Positive_Concrete","73","MaxMatch","newborn","pregnant","newborn-pregnant","ConcreteMatch","PositiveMatch"
"2891","65a3eab844b50c6810ea62f3","test_ValenceMatch_Positive","60","ValenceMatchingOnly","newborn","possible","newborn-possible","ConcreteMismatch","PositiveMatch"
"2892","65a3eab844b50c6810ea62f3","control_MaxMatch_Positive_Abstract","26","MaxMatch","lovable","sensible","lovable-sensible","AbstractMatch","PositiveMatch"
"2893","65a3eab844b50c6810ea62f3","test_ConceptualMatch_Abstract","26","ConceptualMatchingOnly","sinful","splendid","sinful-splendid","ConceptualMatch:abstract","NegativeMismatch"
"2894","65a3eab844b50c6810ea62f3","control_Dissimilar","0","DissimilarControl","come","go","come-go","",""
"2895","65a3eab844b50c6810ea62f3","control_MaxMismatch","32","MaxMismatch","thankful","thorny","thankful-thorny","AbstractMismatch","PositiveMismatch"
"2896","65a3eab844b50c6810ea62f3","control_Similar","99","SimilarControl","ask","inquire","ask-inquire","",""
"2897","65a3eab844b50c6810ea62f3","control_MaxMatch_Negative_Concrete","65","MaxMatch","headless","thorny","headless-thorny","ConcreteMatch","NegativeMatch"
"2898","65a3eab844b50c6810ea62f3","test_ValenceMatch_Negative","64","ValenceMatchingOnly","soulless","headless","soulless-headless","AbstractMismatch","NegativeMatch"
"2899","65a3eab844b50c6810ea62f3","test_ConceptualMatch_Concrete","4","ConceptualMatchingOnly","female","wrinkled","female-wrinkled","ConceptualMatch:concrete","PositiveMismatch"
"2900","65a3eab844b50c6810ea62f3","control_Dissimilar","0","DissimilarControl","begin","end","begin-end","",""
"2901","65a3eab844b50c6810ea62f3","control_Similar","86","SimilarControl","use","employ","use-employ","",""
"2902","65a3eab844b50c6810ea62f3","control_MaxMatch_Negative_Abstract","17","MaxMatch","heartless","sexist","heartless-sexist","AbstractMatch","NegativeMatch"
"2903","65a3eab844b50c6810ea62f3","control_MaxMatch_Positive_Concrete","99","MaxMatch","blooming","starry","blooming-starry","ConcreteMatch","PositiveMatch"
"2904","65a3eab844b50c6810ea62f3","test_ValenceMatch_Positive","29","ValenceMatchingOnly","handmade","honest","handmade-honest","ConcreteMismatch","PositiveMatch"
"2905","65a3eab844b50c6810ea62f3","control_MaxMatch_Positive_Abstract","61","MaxMatch","honest","sensible","honest-sensible","AbstractMatch","PositiveMatch"
"2906","65a3eab844b50c6810ea62f3","test_ConceptualMatch_Abstract","0","ConceptualMatchingOnly","stupid","honest","stupid-honest","ConceptualMatch:abstract","NegativeMismatch"
"2907","65a3eab844b50c6810ea62f3","control_Dissimilar","0","DissimilarControl","give","take","give-take","",""
"2908","65a3eab844b50c6810ea62f3","control_MaxMismatch","9","MaxMismatch","possible","thorny","possible-thorny","AbstractMismatch","PositiveMismatch"
"2909","65a3eab844b50c6810ea62f3","control_Similar","78","SimilarControl","need","require","need-require","",""
"2910","65a3eab844b50c6810ea62f3","control_MaxMatch_Negative_Concrete","67","MaxMatch","thorny","dirty","thorny-dirty","ConcreteMatch","NegativeMatch"
"2911","65a3eab844b50c6810ea62f3","test_ValenceMatch_Negative","75","ValenceMatchingOnly","awful","dirty","awful-dirty","AbstractMismatch","NegativeMatch"
"2912","65a3eab844b50c6810ea62f3","test_ConceptualMatch_Concrete","0","ConceptualMatchingOnly","lilac","bloody","lilac-bloody","ConceptualMatch:concrete","PositiveMismatch"
"2913","65a3eab844b50c6810ea62f3","control_Dissimilar","0","DissimilarControl","rise","fall","rise-fall","",""
"2914","65a3eab844b50c6810ea62f3","control_Similar","99","SimilarControl","get","obtain","get-obtain","",""
"2915","65a3eab844b50c6810ea62f3","control_MaxMatch_Negative_Abstract","86","MaxMatch","awful","crappy","awful-crappy","AbstractMatch","NegativeMatch"
"2916","65a3eab844b50c6810ea62f3","control_MaxMatch_Positive_Concrete","80","MaxMatch","human","handmade","human-handmade","ConcreteMatch","PositiveMatch"
"2917","65a3eab844b50c6810ea62f3","test_ValenceMatch_Positive","0","ValenceMatchingOnly","lilac","lovable","lilac-lovable","ConcreteMismatch","PositiveMatch"
"2918","65a3eab844b50c6810ea62f3","control_MaxMatch_Positive_Abstract","88","MaxMatch","lovable","divine","lovable-divine","AbstractMatch","PositiveMatch"
"2919","65a3eab844b50c6810ea62f3","test_ConceptualMatch_Abstract","9","ConceptualMatchingOnly","worthless","lovable","worthless-lovable","ConceptualMatch:abstract","NegativeMismatch"
"2920","65a3eab844b50c6810ea62f3","control_Dissimilar","17","DissimilarControl","enter","exit","enter-exit","",""
"2921","65a3eab844b50c6810ea62f3","control_MaxMismatch","69","MaxMismatch","sensible","headless","sensible-headless","AbstractMismatch","PositiveMismatch"
"2922","65a3eab844b50c6810ea62f3","control_Similar","99","SimilarControl","speak","talk","speak-talk","",""
"2923","65a3eab844b50c6810ea62f3","control_MaxMatch_Negative_Concrete","60","MaxMatch","toothless","thorny","toothless-thorny","ConcreteMatch","NegativeMatch"
"2924","65a3eab844b50c6810ea62f3","test_ValenceMatch_Negative","86","ValenceMatchingOnly","heartless","hairy","heartless-hairy","AbstractMismatch","NegativeMatch"
"2925","65a3eab844b50c6810ea62f3","test_ConceptualMatch_Concrete","11","ConceptualMatchingOnly","orange","toothless","orange-toothless","ConceptualMatch:concrete","PositiveMismatch"
"2926","5e064785e297d502d4f2b15f","control_Similar","99","SimilarControl","begin","start","begin-start","",""
"2927","5e064785e297d502d4f2b15f","control_Dissimilar","0","DissimilarControl","add","remove","add-remove","",""
"2928","5e064785e297d502d4f2b15f","test_ConceptualMatch_Abstract","28","ConceptualMatchingOnly","soulless","divine","soulless-divine","ConceptualMatch:abstract","NegativeMismatch"
"2929","5e064785e297d502d4f2b15f","control_MaxMatch_Positive_Concrete","52","MaxMatch","human","handmade","human-handmade","ConcreteMatch","PositiveMatch"
"2930","5e064785e297d502d4f2b15f","control_MaxMatch_Negative_Abstract","74","MaxMatch","worthless","crappy","worthless-crappy","AbstractMatch","NegativeMatch"
"2931","5e064785e297d502d4f2b15f","control_Similar","99","SimilarControl","speak","talk","speak-talk","",""
"2932","5e064785e297d502d4f2b15f","control_MaxMatch_Positive_Abstract","52","MaxMatch","sensible","divine","sensible-divine","AbstractMatch","PositiveMatch"
"2933","5e064785e297d502d4f2b15f","test_ConceptualMatch_Concrete","51","ConceptualMatchingOnly","pregnant","thorny","pregnant-thorny","ConceptualMatch:concrete","PositiveMismatch"
"2934","5e064785e297d502d4f2b15f","test_ValenceMatch_Negative","51","ValenceMatchingOnly","sexist","dirty","sexist-dirty","AbstractMismatch","NegativeMatch"
"2935","5e064785e297d502d4f2b15f","test_ValenceMatch_Positive","55","ValenceMatchingOnly","newborn","divine","newborn-divine","ConcreteMismatch","PositiveMatch"
"2936","5e064785e297d502d4f2b15f","control_MaxMismatch","53","MaxMismatch","possible","bloody","possible-bloody","AbstractMismatch","PositiveMismatch"
"2937","5e064785e297d502d4f2b15f","control_MaxMatch_Negative_Concrete","51","MaxMatch","thorny","freezing","thorny-freezing","ConcreteMatch","NegativeMatch"
"2938","5e064785e297d502d4f2b15f","control_Dissimilar","0","DissimilarControl","give","take","give-take","",""
"2939","5e064785e297d502d4f2b15f","control_Similar","84","SimilarControl","need","require","need-require","",""
"2940","5e064785e297d502d4f2b15f","control_Dissimilar","0","DissimilarControl","come","go","come-go","",""
"2941","5e064785e297d502d4f2b15f","test_ConceptualMatch_Abstract","18","ConceptualMatchingOnly","evil","divine","evil-divine","ConceptualMatch:abstract","NegativeMismatch"
"2942","5e064785e297d502d4f2b15f","control_MaxMatch_Positive_Concrete","53","MaxMatch","human","blooming","human-blooming","ConcreteMatch","PositiveMatch"
"2943","5e064785e297d502d4f2b15f","control_MaxMatch_Negative_Abstract","46","MaxMatch","worthless","sexist","worthless-sexist","AbstractMatch","NegativeMatch"
"2944","5e064785e297d502d4f2b15f","control_Similar","92","SimilarControl","ask","inquire","ask-inquire","",""
"2945","5e064785e297d502d4f2b15f","control_MaxMatch_Positive_Abstract","49","MaxMatch","lovable","possible","lovable-possible","AbstractMatch","PositiveMatch"
"2946","5e064785e297d502d4f2b15f","test_ConceptualMatch_Concrete","55","ConceptualMatchingOnly","human","thorny","human-thorny","ConceptualMatch:concrete","PositiveMismatch"
"2947","5e064785e297d502d4f2b15f","test_ValenceMatch_Negative","51","ValenceMatchingOnly","heartless","bloodshot","heartless-bloodshot","AbstractMismatch","NegativeMatch"
"2948","5e064785e297d502d4f2b15f","test_ValenceMatch_Positive","50","ValenceMatchingOnly","newborn","possible","newborn-possible","ConcreteMismatch","PositiveMatch"
"2949","5e064785e297d502d4f2b15f","control_MaxMismatch","53","MaxMismatch","helpful","freezing","helpful-freezing","AbstractMismatch","PositiveMismatch"
"2950","5e064785e297d502d4f2b15f","control_MaxMatch_Negative_Concrete","50","MaxMatch","toothless","thorny","toothless-thorny","ConcreteMatch","NegativeMatch"
"2951","5e064785e297d502d4f2b15f","control_Dissimilar","9","DissimilarControl","arrive","leave","arrive-leave","",""
"2952","5e064785e297d502d4f2b15f","control_Similar","99","SimilarControl","end","finish","end-finish","",""
"2953","5e064785e297d502d4f2b15f","control_Dissimilar","0","DissimilarControl","rise","fall","rise-fall","",""
"2954","5e064785e297d502d4f2b15f","test_ConceptualMatch_Abstract","38","ConceptualMatchingOnly","evil","splendid","evil-splendid","ConceptualMatch:abstract","NegativeMismatch"
"2955","5e064785e297d502d4f2b15f","control_MaxMatch_Positive_Concrete","50","MaxMatch","female","orange","female-orange","ConcreteMatch","PositiveMatch"
"2956","5e064785e297d502d4f2b15f","control_MaxMatch_Negative_Abstract","53","MaxMatch","awful","sexist","awful-sexist","AbstractMatch","NegativeMatch"
"2957","5e064785e297d502d4f2b15f","control_Similar","81","SimilarControl","show","display","show-display","",""
"2958","5e064785e297d502d4f2b15f","control_MaxMatch_Positive_Abstract","54","MaxMatch","honest","divine","honest-divine","AbstractMatch","PositiveMatch"
"2959","5e064785e297d502d4f2b15f","test_ConceptualMatch_Concrete","50","ConceptualMatchingOnly","newborn","dirty","newborn-dirty","ConceptualMatch:concrete","PositiveMismatch"
"2960","5e064785e297d502d4f2b15f","test_ValenceMatch_Negative","52","ValenceMatchingOnly","disloyal","wrinkled","disloyal-wrinkled","AbstractMismatch","NegativeMatch"
"2961","5e064785e297d502d4f2b15f","test_ValenceMatch_Positive","53","ValenceMatchingOnly","human","mindful","human-mindful","ConcreteMismatch","PositiveMatch"
"2962","5e064785e297d502d4f2b15f","control_MaxMismatch","50","MaxMismatch","sensible","freezing","sensible-freezing","AbstractMismatch","PositiveMismatch"
"2963","5e064785e297d502d4f2b15f","control_MaxMatch_Negative_Concrete","50","MaxMatch","thorny","hairy","thorny-hairy","ConcreteMatch","NegativeMatch"
"2964","5e064785e297d502d4f2b15f","control_Dissimilar","0","DissimilarControl","enter","exit","enter-exit","",""
"2965","5e064785e297d502d4f2b15f","control_Similar","86","SimilarControl","use","employ","use-employ","",""
"2966","5e064785e297d502d4f2b15f","control_Dissimilar","0","DissimilarControl","increase","decrease","increase-decrease","",""
"2967","5e064785e297d502d4f2b15f","test_ConceptualMatch_Abstract","54","ConceptualMatchingOnly","heartless","honest","heartless-honest","ConceptualMatch:abstract","NegativeMismatch"
"2968","5e064785e297d502d4f2b15f","control_MaxMatch_Positive_Concrete","52","MaxMatch","human","starry","human-starry","ConcreteMatch","PositiveMatch"
"2969","5e064785e297d502d4f2b15f","control_MaxMatch_Negative_Abstract","54","MaxMatch","heartless","disloyal","heartless-disloyal","AbstractMatch","NegativeMatch"
"2970","5e064785e297d502d4f2b15f","control_Similar","97","SimilarControl","buy","purchase","buy-purchase","",""
"2971","5e064785e297d502d4f2b15f","control_MaxMatch_Positive_Abstract","57","MaxMatch","mindful","helpful","mindful-helpful","AbstractMatch","PositiveMatch"
"2972","5e064785e297d502d4f2b15f","test_ConceptualMatch_Concrete","49","ConceptualMatchingOnly","pregnant","toothless","pregnant-toothless","ConceptualMatch:concrete","PositiveMismatch"
"2973","5e064785e297d502d4f2b15f","test_ValenceMatch_Negative","58","ValenceMatchingOnly","soulless","freezing","soulless-freezing","AbstractMismatch","NegativeMatch"
"2974","5e064785e297d502d4f2b15f","test_ValenceMatch_Positive","22","ValenceMatchingOnly","handmade","divine","handmade-divine","ConcreteMismatch","PositiveMatch"
"2975","5e064785e297d502d4f2b15f","control_MaxMismatch","50","MaxMismatch","honest","thorny","honest-thorny","AbstractMismatch","PositiveMismatch"
"2976","5e064785e297d502d4f2b15f","control_MaxMatch_Negative_Concrete","52","MaxMatch","toothless","dirty","toothless-dirty","ConcreteMatch","NegativeMatch"
"2977","5e064785e297d502d4f2b15f","control_Dissimilar","0","DissimilarControl","open","close","open-close","",""
"2978","5e064785e297d502d4f2b15f","control_Similar","93","SimilarControl","help","assist","help-assist","",""
"2979","5e064785e297d502d4f2b15f","control_Dissimilar","0","DissimilarControl","begin","end","begin-end","",""
"2980","5e064785e297d502d4f2b15f","test_ConceptualMatch_Abstract","51","ConceptualMatchingOnly","soulless","lovable","soulless-lovable","ConceptualMatch:abstract","NegativeMismatch"
"2981","5e064785e297d502d4f2b15f","control_MaxMatch_Positive_Concrete","48","MaxMatch","female","starry","female-starry","ConcreteMatch","PositiveMatch"
"2982","5e064785e297d502d4f2b15f","control_MaxMatch_Negative_Abstract","76","MaxMatch","evil","heartless","evil-heartless","AbstractMatch","NegativeMatch"
"2983","5e064785e297d502d4f2b15f","control_Similar","93","SimilarControl","get","obtain","get-obtain","",""
"2984","5e064785e297d502d4f2b15f","control_MaxMatch_Positive_Abstract","74","MaxMatch","sensible","mindful","sensible-mindful","AbstractMatch","PositiveMatch"
"2985","5e064785e297d502d4f2b15f","test_ConceptualMatch_Concrete","48","ConceptualMatchingOnly","sunny","bloody","sunny-bloody","ConceptualMatch:concrete","PositiveMismatch"
"2986","5e064785e297d502d4f2b15f","test_ValenceMatch_Negative","51","ValenceMatchingOnly","awful","hairy","awful-hairy","AbstractMismatch","NegativeMatch"
"2987","5e064785e297d502d4f2b15f","test_ValenceMatch_Positive","23","ValenceMatchingOnly","human","divine","human-divine","ConcreteMismatch","PositiveMatch"
"2988","5e064785e297d502d4f2b15f","control_MaxMismatch","52","MaxMismatch","sensible","toothless","sensible-toothless","AbstractMismatch","PositiveMismatch"
"2989","5e064785e297d502d4f2b15f","control_MaxMatch_Negative_Concrete","47","MaxMatch","headless","rusted","headless-rusted","ConcreteMatch","NegativeMatch"
"2990","5e064785e297d502d4f2b15f","control_Dissimilar","0","DissimilarControl","push","pull","push-pull","",""
"2991","63caa01beb22afd1f8a42b54","control_Dissimilar","0","DissimilarControl","add","remove","add-remove","",""
"2992","63caa01beb22afd1f8a42b54","control_Similar","99","SimilarControl","use","employ","use-employ","",""
"2993","63caa01beb22afd1f8a42b54","control_MaxMatch_Negative_Abstract","45","MaxMatch","sexist","disloyal","sexist-disloyal","AbstractMatch","NegativeMatch"
"2994","63caa01beb22afd1f8a42b54","control_Dissimilar","0","DissimilarControl","rise","fall","rise-fall","",""
"2995","63caa01beb22afd1f8a42b54","control_MaxMatch_Negative_Concrete","50","MaxMatch","bloodshot","hairy","bloodshot-hairy","ConcreteMatch","NegativeMatch"
"2996","63caa01beb22afd1f8a42b54","control_MaxMatch_Positive_Abstract","52","MaxMatch","thankful","divine","thankful-divine","AbstractMatch","PositiveMatch"
"2997","63caa01beb22afd1f8a42b54","control_MaxMismatch","0","MaxMismatch","mindful","headless","mindful-headless","AbstractMismatch","PositiveMismatch"
"2998","63caa01beb22afd1f8a42b54","control_MaxMatch_Positive_Concrete","99","MaxMatch","blooming","pregnant","blooming-pregnant","ConcreteMatch","PositiveMatch"
"2999","63caa01beb22afd1f8a42b54","test_ValenceMatch_Positive","52","ValenceMatchingOnly","female","splendid","female-splendid","ConcreteMismatch","PositiveMatch"
"3000","63caa01beb22afd1f8a42b54","control_Similar","99","SimilarControl","end","finish","end-finish","",""
"3001","63caa01beb22afd1f8a42b54","test_ConceptualMatch_Concrete","0","ConceptualMatchingOnly","orange","bloody","orange-bloody","ConceptualMatch:concrete","PositiveMismatch"
"3002","63caa01beb22afd1f8a42b54","test_ValenceMatch_Negative","99","ValenceMatchingOnly","disloyal","thorny","disloyal-thorny","AbstractMismatch","NegativeMatch"
"3003","63caa01beb22afd1f8a42b54","test_ConceptualMatch_Abstract","0","ConceptualMatchingOnly","stupid","helpful","stupid-helpful","ConceptualMatch:abstract","NegativeMismatch"
"3004","63caa01beb22afd1f8a42b54","control_Dissimilar","0","DissimilarControl","come","go","come-go","",""
"3005","63caa01beb22afd1f8a42b54","control_Similar","99","SimilarControl","speak","talk","speak-talk","",""
"3006","63caa01beb22afd1f8a42b54","control_MaxMatch_Negative_Abstract","51","MaxMatch","sexist","stupid","sexist-stupid","AbstractMatch","NegativeMatch"
"3007","63caa01beb22afd1f8a42b54","control_Dissimilar","0","DissimilarControl","begin","end","begin-end","",""
"3008","63caa01beb22afd1f8a42b54","control_MaxMatch_Negative_Concrete","0","MaxMatch","thorny","wrinkled","thorny-wrinkled","ConcreteMatch","NegativeMatch"
"3009","63caa01beb22afd1f8a42b54","control_MaxMatch_Positive_Abstract","73","MaxMatch","honest","divine","honest-divine","AbstractMatch","PositiveMatch"
"3010","63caa01beb22afd1f8a42b54","control_MaxMismatch","0","MaxMismatch","helpful","bloodshot","helpful-bloodshot","AbstractMismatch","PositiveMismatch"
"3011","63caa01beb22afd1f8a42b54","control_MaxMatch_Positive_Concrete","1","MaxMatch","lilac","female","lilac-female","ConcreteMatch","PositiveMatch"
"3012","63caa01beb22afd1f8a42b54","test_ValenceMatch_Positive","0","ValenceMatchingOnly","pregnant","pleasant","pregnant-pleasant","ConcreteMismatch","PositiveMatch"
"3013","63caa01beb22afd1f8a42b54","control_Similar","99","SimilarControl","buy","purchase","buy-purchase","",""
"3014","63caa01beb22afd1f8a42b54","test_ConceptualMatch_Concrete","44","ConceptualMatchingOnly","starry","bloody","starry-bloody","ConceptualMatch:concrete","PositiveMismatch"
"3015","63caa01beb22afd1f8a42b54","test_ValenceMatch_Negative","1","ValenceMatchingOnly","sinful","toothless","sinful-toothless","AbstractMismatch","NegativeMatch"
"3016","63caa01beb22afd1f8a42b54","test_ConceptualMatch_Abstract","44","ConceptualMatchingOnly","disloyal","sensible","disloyal-sensible","ConceptualMatch:abstract","NegativeMismatch"
"3017","63caa01beb22afd1f8a42b54","control_Dissimilar","0","DissimilarControl","give","take","give-take","",""
"3018","63caa01beb22afd1f8a42b54","control_Similar","99","SimilarControl","help","assist","help-assist","",""
"3019","63caa01beb22afd1f8a42b54","control_MaxMatch_Negative_Abstract","99","MaxMatch","evil","heartless","evil-heartless","AbstractMatch","NegativeMatch"
"3020","63caa01beb22afd1f8a42b54","control_Dissimilar","0","DissimilarControl","open","close","open-close","",""
"3021","63caa01beb22afd1f8a42b54","control_MaxMatch_Negative_Concrete","0","MaxMatch","hairy","wrinkled","hairy-wrinkled","ConcreteMatch","NegativeMatch"
"3022","63caa01beb22afd1f8a42b54","control_MaxMatch_Positive_Abstract","99","MaxMatch","splendid","sensible","splendid-sensible","AbstractMatch","PositiveMatch"
"3023","63caa01beb22afd1f8a42b54","control_MaxMismatch","0","MaxMismatch","helpful","rusted","helpful-rusted","AbstractMismatch","PositiveMismatch"
"3024","63caa01beb22afd1f8a42b54","control_MaxMatch_Positive_Concrete","47","MaxMatch","lilac","starry","lilac-starry","ConcreteMatch","PositiveMatch"
"3025","63caa01beb22afd1f8a42b54","test_ValenceMatch_Positive","51","ValenceMatchingOnly","female","possible","female-possible","ConcreteMismatch","PositiveMatch"
"3026","63caa01beb22afd1f8a42b54","control_Similar","99","SimilarControl","get","obtain","get-obtain","",""
"3027","63caa01beb22afd1f8a42b54","test_ConceptualMatch_Concrete","44","ConceptualMatchingOnly","female","rusted","female-rusted","ConceptualMatch:concrete","PositiveMismatch"
"3028","63caa01beb22afd1f8a42b54","test_ValenceMatch_Negative","49","ValenceMatchingOnly","evil","rusted","evil-rusted","AbstractMismatch","NegativeMatch"
"3029","63caa01beb22afd1f8a42b54","test_ConceptualMatch_Abstract","46","ConceptualMatchingOnly","sinful","possible","sinful-possible","ConceptualMatch:abstract","NegativeMismatch"
"3030","63caa01beb22afd1f8a42b54","control_Dissimilar","0","DissimilarControl","enter","exit","enter-exit","",""
"3031","63caa01beb22afd1f8a42b54","control_Similar","99","SimilarControl","need","require","need-require","",""
"3032","63caa01beb22afd1f8a42b54","control_MaxMatch_Negative_Abstract","44","MaxMatch","worthless","sinful","worthless-sinful","AbstractMatch","NegativeMatch"
"3033","63caa01beb22afd1f8a42b54","control_Dissimilar","0","DissimilarControl","push","pull","push-pull","",""
"3034","63caa01beb22afd1f8a42b54","control_MaxMatch_Negative_Concrete","49","MaxMatch","rusted","bloody","rusted-bloody","ConcreteMatch","NegativeMatch"
"3035","63caa01beb22afd1f8a42b54","control_MaxMatch_Positive_Abstract","47","MaxMatch","pleasant","divine","pleasant-divine","AbstractMatch","PositiveMatch"
"3036","63caa01beb22afd1f8a42b54","control_MaxMismatch","49","MaxMismatch","thankful","headless","thankful-headless","AbstractMismatch","PositiveMismatch"
"3037","63caa01beb22afd1f8a42b54","control_MaxMatch_Positive_Concrete","50","MaxMatch","newborn","handmade","newborn-handmade","ConcreteMatch","PositiveMatch"
"3038","63caa01beb22afd1f8a42b54","test_ValenceMatch_Positive","46","ValenceMatchingOnly","female","honest","female-honest","ConcreteMismatch","PositiveMatch"
"3039","63caa01beb22afd1f8a42b54","control_Similar","99","SimilarControl","ask","inquire","ask-inquire","",""
"3040","63caa01beb22afd1f8a42b54","test_ConceptualMatch_Concrete","0","ConceptualMatchingOnly","blooming","toothless","blooming-toothless","ConceptualMatch:concrete","PositiveMismatch"
"3041","63caa01beb22afd1f8a42b54","test_ValenceMatch_Negative","52","ValenceMatchingOnly","crappy","bloodshot","crappy-bloodshot","AbstractMismatch","NegativeMatch"
"3042","63caa01beb22afd1f8a42b54","test_ConceptualMatch_Abstract","0","ConceptualMatchingOnly","evil","mindful","evil-mindful","ConceptualMatch:abstract","NegativeMismatch"
"3043","63caa01beb22afd1f8a42b54","control_Dissimilar","0","DissimilarControl","increase","decrease","increase-decrease","",""
"3044","63caa01beb22afd1f8a42b54","control_Similar","99","SimilarControl","show","display","show-display","",""
"3045","63caa01beb22afd1f8a42b54","control_MaxMatch_Negative_Abstract","99","MaxMatch","evil","sinful","evil-sinful","AbstractMatch","NegativeMatch"
"3046","63caa01beb22afd1f8a42b54","control_Dissimilar","0","DissimilarControl","arrive","leave","arrive-leave","",""
"3047","63caa01beb22afd1f8a42b54","control_MaxMatch_Negative_Concrete","43","MaxMatch","freezing","bloody","freezing-bloody","ConcreteMatch","NegativeMatch"
"3048","63caa01beb22afd1f8a42b54","control_MaxMatch_Positive_Abstract","99","MaxMatch","thankful","splendid","thankful-splendid","AbstractMatch","PositiveMatch"
"3049","63caa01beb22afd1f8a42b54","control_MaxMismatch","0","MaxMismatch","helpful","hairy","helpful-hairy","AbstractMismatch","PositiveMismatch"
"3050","63caa01beb22afd1f8a42b54","control_MaxMatch_Positive_Concrete","45","MaxMatch","lilac","blooming","lilac-blooming","ConcreteMatch","PositiveMatch"
"3051","63caa01beb22afd1f8a42b54","test_ValenceMatch_Positive","47","ValenceMatchingOnly","orange","lovable","orange-lovable","ConcreteMismatch","PositiveMatch"
"3052","63caa01beb22afd1f8a42b54","control_Similar","99","SimilarControl","begin","start","begin-start","",""
"3053","63caa01beb22afd1f8a42b54","test_ConceptualMatch_Concrete","0","ConceptualMatchingOnly","sunny","hairy","sunny-hairy","ConceptualMatch:concrete","PositiveMismatch"
"3054","63caa01beb22afd1f8a42b54","test_ValenceMatch_Negative","98","ValenceMatchingOnly","disloyal","headless","disloyal-headless","AbstractMismatch","NegativeMatch"
"3055","63caa01beb22afd1f8a42b54","test_ConceptualMatch_Abstract","0","ConceptualMatchingOnly","crappy","sensible","crappy-sensible","ConceptualMatch:abstract","NegativeMismatch"
"3056","626976d0dfd20d6832fc92aa","control_Similar","99","SimilarControl","ask","inquire","ask-inquire","",""
"3057","626976d0dfd20d6832fc92aa","control_Dissimilar","0","DissimilarControl","rise","fall","rise-fall","",""
"3058","626976d0dfd20d6832fc92aa","control_MaxMatch_Positive_Concrete","0","MaxMatch","female","handmade","female-handmade","ConcreteMatch","PositiveMatch"
"3059","626976d0dfd20d6832fc92aa","control_MaxMatch_Negative_Concrete","0","MaxMatch","toothless","freezing","toothless-freezing","ConcreteMatch","NegativeMatch"
"3060","626976d0dfd20d6832fc92aa","control_MaxMatch_Positive_Abstract","0","MaxMatch","mindful","helpful","mindful-helpful","AbstractMatch","PositiveMatch"
"3061","626976d0dfd20d6832fc92aa","test_ValenceMatch_Positive","0","ValenceMatchingOnly","handmade","splendid","handmade-splendid","ConcreteMismatch","PositiveMatch"
"3062","626976d0dfd20d6832fc92aa","test_ConceptualMatch_Abstract","0","ConceptualMatchingOnly","heartless","splendid","heartless-splendid","ConceptualMatch:abstract","NegativeMismatch"
"3063","626976d0dfd20d6832fc92aa","test_ConceptualMatch_Concrete","8","ConceptualMatchingOnly","blooming","thorny","blooming-thorny","ConceptualMatch:concrete","PositiveMismatch"
"3064","626976d0dfd20d6832fc92aa","control_Similar","99","SimilarControl","speak","talk","speak-talk","",""
"3065","626976d0dfd20d6832fc92aa","control_Dissimilar","0","DissimilarControl","give","take","give-take","",""
"3066","626976d0dfd20d6832fc92aa","control_MaxMatch_Negative_Abstract","99","MaxMatch","worthless","crappy","worthless-crappy","AbstractMatch","NegativeMatch"
"3067","626976d0dfd20d6832fc92aa","test_ValenceMatch_Negative","77","ValenceMatchingOnly","sexist","dirty","sexist-dirty","AbstractMismatch","NegativeMatch"
"3068","626976d0dfd20d6832fc92aa","control_MaxMismatch","0","MaxMismatch","pleasant","bloody","pleasant-bloody","AbstractMismatch","PositiveMismatch"
"3069","626976d0dfd20d6832fc92aa","control_Similar","99","SimilarControl","use","employ","use-employ","",""
"3070","626976d0dfd20d6832fc92aa","control_Dissimilar","0","DissimilarControl","enter","exit","enter-exit","",""
"3071","626976d0dfd20d6832fc92aa","control_MaxMatch_Positive_Concrete","0","MaxMatch","newborn","starry","newborn-starry","ConcreteMatch","PositiveMatch"
"3072","626976d0dfd20d6832fc92aa","control_MaxMatch_Negative_Concrete","0","MaxMatch","thorny","hairy","thorny-hairy","ConcreteMatch","NegativeMatch"
"3073","626976d0dfd20d6832fc92aa","control_MaxMatch_Positive_Abstract","0","MaxMatch","lovable","thankful","lovable-thankful","AbstractMatch","PositiveMatch"
"3074","626976d0dfd20d6832fc92aa","test_ValenceMatch_Positive","0","ValenceMatchingOnly","newborn","mindful","newborn-mindful","ConcreteMismatch","PositiveMatch"
"3075","626976d0dfd20d6832fc92aa","test_ConceptualMatch_Abstract","0","ConceptualMatchingOnly","stupid","splendid","stupid-splendid","ConceptualMatch:abstract","NegativeMismatch"
"3076","626976d0dfd20d6832fc92aa","test_ConceptualMatch_Concrete","0","ConceptualMatchingOnly","human","bloodshot","human-bloodshot","ConceptualMatch:concrete","PositiveMismatch"
"3077","626976d0dfd20d6832fc92aa","control_Similar","99","SimilarControl","buy","purchase","buy-purchase","",""
"3078","626976d0dfd20d6832fc92aa","control_Dissimilar","0","DissimilarControl","come","go","come-go","",""
"3079","626976d0dfd20d6832fc92aa","control_MaxMatch_Negative_Abstract","99","MaxMatch","evil","sinful","evil-sinful","AbstractMatch","NegativeMatch"
"3080","626976d0dfd20d6832fc92aa","test_ValenceMatch_Negative","74","ValenceMatchingOnly","crappy","wrinkled","crappy-wrinkled","AbstractMismatch","NegativeMatch"
"3081","626976d0dfd20d6832fc92aa","control_MaxMismatch","0","MaxMismatch","sensible","dirty","sensible-dirty","AbstractMismatch","PositiveMismatch"
"3082","626976d0dfd20d6832fc92aa","control_Similar","99","SimilarControl","need","require","need-require","",""
"3083","626976d0dfd20d6832fc92aa","control_Dissimilar","0","DissimilarControl","push","pull","push-pull","",""
"3084","626976d0dfd20d6832fc92aa","control_MaxMatch_Positive_Concrete","0","MaxMatch","human","orange","human-orange","ConcreteMatch","PositiveMatch"
"3085","626976d0dfd20d6832fc92aa","control_MaxMatch_Negative_Concrete","0","MaxMatch","headless","thorny","headless-thorny","ConcreteMatch","NegativeMatch"
"3086","626976d0dfd20d6832fc92aa","control_MaxMatch_Positive_Abstract","0","MaxMatch","honest","splendid","honest-splendid","AbstractMatch","PositiveMatch"
"3087","626976d0dfd20d6832fc92aa","test_ValenceMatch_Positive","0","ValenceMatchingOnly","lilac","possible","lilac-possible","ConcreteMismatch","PositiveMatch"
"3088","626976d0dfd20d6832fc92aa","test_ConceptualMatch_Abstract","0","ConceptualMatchingOnly","awful","honest","awful-honest","ConceptualMatch:abstract","NegativeMismatch"
"3089","626976d0dfd20d6832fc92aa","test_ConceptualMatch_Concrete","0","ConceptualMatchingOnly","starry","bloody","starry-bloody","ConceptualMatch:concrete","PositiveMismatch"
"3090","626976d0dfd20d6832fc92aa","control_Similar","99","SimilarControl","show","display","show-display","",""
"3091","626976d0dfd20d6832fc92aa","control_Dissimilar","0","DissimilarControl","begin","end","begin-end","",""
"3092","626976d0dfd20d6832fc92aa","control_MaxMatch_Negative_Abstract","0","MaxMatch","worthless","evil","worthless-evil","AbstractMatch","NegativeMatch"
"3093","626976d0dfd20d6832fc92aa","test_ValenceMatch_Negative","0","ValenceMatchingOnly","crappy","freezing","crappy-freezing","AbstractMismatch","NegativeMatch"
"3094","626976d0dfd20d6832fc92aa","control_MaxMismatch","0","MaxMismatch","divine","hairy","divine-hairy","AbstractMismatch","PositiveMismatch"
"3095","626976d0dfd20d6832fc92aa","control_Similar","99","SimilarControl","help","assist","help-assist","",""
"3096","626976d0dfd20d6832fc92aa","control_Dissimilar","0","DissimilarControl","open","close","open-close","",""
"3097","626976d0dfd20d6832fc92aa","control_MaxMatch_Positive_Concrete","0","MaxMatch","blooming","orange","blooming-orange","ConcreteMatch","PositiveMatch"
"3098","626976d0dfd20d6832fc92aa","control_MaxMatch_Negative_Concrete","0","MaxMatch","rusted","wrinkled","rusted-wrinkled","ConcreteMatch","NegativeMatch"
"3099","626976d0dfd20d6832fc92aa","control_MaxMatch_Positive_Abstract","12","MaxMatch","honest","sensible","honest-sensible","AbstractMatch","PositiveMatch"
"3100","626976d0dfd20d6832fc92aa","test_ValenceMatch_Positive","0","ValenceMatchingOnly","sunny","honest","sunny-honest","ConcreteMismatch","PositiveMatch"
"3101","626976d0dfd20d6832fc92aa","test_ConceptualMatch_Abstract","0","ConceptualMatchingOnly","worthless","divine","worthless-divine","ConceptualMatch:abstract","NegativeMismatch"
"3102","626976d0dfd20d6832fc92aa","test_ConceptualMatch_Concrete","0","ConceptualMatchingOnly","female","freezing","female-freezing","ConceptualMatch:concrete","PositiveMismatch"
"3103","626976d0dfd20d6832fc92aa","control_Similar","99","SimilarControl","end","finish","end-finish","",""
"3104","626976d0dfd20d6832fc92aa","control_Dissimilar","0","DissimilarControl","increase","decrease","increase-decrease","",""
"3105","626976d0dfd20d6832fc92aa","control_MaxMatch_Negative_Abstract","26","MaxMatch","stupid","sinful","stupid-sinful","AbstractMatch","NegativeMatch"
"3106","626976d0dfd20d6832fc92aa","test_ValenceMatch_Negative","0","ValenceMatchingOnly","stupid","thorny","stupid-thorny","AbstractMismatch","NegativeMatch"
"3107","626976d0dfd20d6832fc92aa","control_MaxMismatch","0","MaxMismatch","sensible","headless","sensible-headless","AbstractMismatch","PositiveMismatch"
"3108","626976d0dfd20d6832fc92aa","control_Similar","99","SimilarControl","begin","start","begin-start","",""
"3109","626976d0dfd20d6832fc92aa","control_Dissimilar","0","DissimilarControl","arrive","leave","arrive-leave","",""
"3110","626976d0dfd20d6832fc92aa","control_MaxMatch_Positive_Concrete","0","MaxMatch","lilac","human","lilac-human","ConcreteMatch","PositiveMatch"
"3111","626976d0dfd20d6832fc92aa","control_MaxMatch_Negative_Concrete","0","MaxMatch","hairy","wrinkled","hairy-wrinkled","ConcreteMatch","NegativeMatch"
"3112","626976d0dfd20d6832fc92aa","control_MaxMatch_Positive_Abstract","0","MaxMatch","honest","thankful","honest-thankful","AbstractMatch","PositiveMatch"
"3113","626976d0dfd20d6832fc92aa","test_ValenceMatch_Positive","13","ValenceMatchingOnly","newborn","possible","newborn-possible","ConcreteMismatch","PositiveMatch"
"3114","626976d0dfd20d6832fc92aa","test_ConceptualMatch_Abstract","0","ConceptualMatchingOnly","heartless","sensible","heartless-sensible","ConceptualMatch:abstract","NegativeMismatch"
"3115","626976d0dfd20d6832fc92aa","test_ConceptualMatch_Concrete","0","ConceptualMatchingOnly","female","bloodshot","female-bloodshot","ConceptualMatch:concrete","PositiveMismatch"
"3116","626976d0dfd20d6832fc92aa","control_Similar","99","SimilarControl","get","obtain","get-obtain","",""
"3117","626976d0dfd20d6832fc92aa","control_Dissimilar","0","DissimilarControl","add","remove","add-remove","",""
"3118","626976d0dfd20d6832fc92aa","control_MaxMatch_Negative_Abstract","4","MaxMatch","soulless","stupid","soulless-stupid","AbstractMatch","NegativeMatch"
"3119","626976d0dfd20d6832fc92aa","test_ValenceMatch_Negative","16","ValenceMatchingOnly","worthless","rusted","worthless-rusted","AbstractMismatch","NegativeMatch"
"3120","626976d0dfd20d6832fc92aa","control_MaxMismatch","0","MaxMismatch","mindful","rusted","mindful-rusted","AbstractMismatch","PositiveMismatch"
"3121","5b6515e83662a8000158b2aa","control_Similar","99","SimilarControl","get","obtain","get-obtain","",""
"3122","5b6515e83662a8000158b2aa","control_Dissimilar","9","DissimilarControl","come","go","come-go","",""
"3123","5b6515e83662a8000158b2aa","control_MaxMatch_Negative_Concrete","0","MaxMatch","headless","bloodshot","headless-bloodshot","ConcreteMatch","NegativeMatch"
"3124","5b6515e83662a8000158b2aa","control_Similar","99","SimilarControl","ask","inquire","ask-inquire","",""
"3125","5b6515e83662a8000158b2aa","control_MaxMatch_Positive_Abstract","77","MaxMatch","lovable","divine","lovable-divine","AbstractMatch","PositiveMatch"
"3126","5b6515e83662a8000158b2aa","test_ValenceMatch_Negative","83","ValenceMatchingOnly","disloyal","thorny","disloyal-thorny","AbstractMismatch","NegativeMatch"
"3127","5b6515e83662a8000158b2aa","control_MaxMatch_Negative_Abstract","15","MaxMatch","evil","stupid","evil-stupid","AbstractMatch","NegativeMatch"
"3128","5b6515e83662a8000158b2aa","control_MaxMatch_Positive_Concrete","84","MaxMatch","sunny","blooming","sunny-blooming","ConcreteMatch","PositiveMatch"
"3129","5b6515e83662a8000158b2aa","test_ConceptualMatch_Concrete","0","ConceptualMatchingOnly","newborn","rusted","newborn-rusted","ConceptualMatch:concrete","PositiveMismatch"
"3130","5b6515e83662a8000158b2aa","test_ConceptualMatch_Abstract","7","ConceptualMatchingOnly","sexist","lovable","sexist-lovable","ConceptualMatch:abstract","NegativeMismatch"
"3131","5b6515e83662a8000158b2aa","control_MaxMismatch","0","MaxMismatch","sensible","hairy","sensible-hairy","AbstractMismatch","PositiveMismatch"
"3132","5b6515e83662a8000158b2aa","control_Dissimilar","16","DissimilarControl","enter","exit","enter-exit","",""
"3133","5b6515e83662a8000158b2aa","test_ValenceMatch_Positive","61","ValenceMatchingOnly","sunny","honest","sunny-honest","ConcreteMismatch","PositiveMatch"
"3134","5b6515e83662a8000158b2aa","control_Similar","99","SimilarControl","use","employ","use-employ","",""
"3135","5b6515e83662a8000158b2aa","control_Dissimilar","15","DissimilarControl","increase","decrease","increase-decrease","",""
"3136","5b6515e83662a8000158b2aa","control_MaxMatch_Negative_Concrete","16","MaxMatch","headless","thorny","headless-thorny","ConcreteMatch","NegativeMatch"
"3137","5b6515e83662a8000158b2aa","control_Similar","99","SimilarControl","help","assist","help-assist","",""
"3138","5b6515e83662a8000158b2aa","control_MaxMatch_Positive_Abstract","82","MaxMatch","lovable","mindful","lovable-mindful","AbstractMatch","PositiveMatch"
"3139","5b6515e83662a8000158b2aa","test_ValenceMatch_Negative","99","ValenceMatchingOnly","soulless","dirty","soulless-dirty","AbstractMismatch","NegativeMatch"
"3140","5b6515e83662a8000158b2aa","control_MaxMatch_Negative_Abstract","99","MaxMatch","heartless","disloyal","heartless-disloyal","AbstractMatch","NegativeMatch"
"3141","5b6515e83662a8000158b2aa","control_MaxMatch_Positive_Concrete","0","MaxMatch","lilac","orange","lilac-orange","ConcreteMatch","PositiveMatch"
"3142","5b6515e83662a8000158b2aa","test_ConceptualMatch_Concrete","13","ConceptualMatchingOnly","orange","dirty","orange-dirty","ConceptualMatch:concrete","PositiveMismatch"
"3143","5b6515e83662a8000158b2aa","test_ConceptualMatch_Abstract","0","ConceptualMatchingOnly","sexist","helpful","sexist-helpful","ConceptualMatch:abstract","NegativeMismatch"
"3144","5b6515e83662a8000158b2aa","control_MaxMismatch","0","MaxMismatch","divine","rusted","divine-rusted","AbstractMismatch","PositiveMismatch"
"3145","5b6515e83662a8000158b2aa","control_Dissimilar","6","DissimilarControl","arrive","leave","arrive-leave","",""
"3146","5b6515e83662a8000158b2aa","test_ValenceMatch_Positive","0","ValenceMatchingOnly","pregnant","pleasant","pregnant-pleasant","ConcreteMismatch","PositiveMatch"
"3147","5b6515e83662a8000158b2aa","control_Similar","99","SimilarControl","begin","start","begin-start","",""
"3148","5b6515e83662a8000158b2aa","control_Dissimilar","0","DissimilarControl","rise","fall","rise-fall","",""
"3149","5b6515e83662a8000158b2aa","control_MaxMatch_Negative_Concrete","0","MaxMatch","toothless","freezing","toothless-freezing","ConcreteMatch","NegativeMatch"
"3150","5b6515e83662a8000158b2aa","control_Similar","99","SimilarControl","end","finish","end-finish","",""
"3151","5b6515e83662a8000158b2aa","control_MaxMatch_Positive_Abstract","70","MaxMatch","honest","splendid","honest-splendid","AbstractMatch","PositiveMatch"
"3152","5b6515e83662a8000158b2aa","test_ValenceMatch_Negative","0","ValenceMatchingOnly","stupid","rusted","stupid-rusted","AbstractMismatch","NegativeMatch"
"3153","5b6515e83662a8000158b2aa","control_MaxMatch_Negative_Abstract","70","MaxMatch","worthless","crappy","worthless-crappy","AbstractMatch","NegativeMatch"
"3154","5b6515e83662a8000158b2aa","control_MaxMatch_Positive_Concrete","19","MaxMatch","blooming","handmade","blooming-handmade","ConcreteMatch","PositiveMatch"
"3155","5b6515e83662a8000158b2aa","test_ConceptualMatch_Concrete","0","ConceptualMatchingOnly","human","headless","human-headless","ConceptualMatch:concrete","PositiveMismatch"
"3156","5b6515e83662a8000158b2aa","test_ConceptualMatch_Abstract","0","ConceptualMatchingOnly","evil","sensible","evil-sensible","ConceptualMatch:abstract","NegativeMismatch"
"3157","5b6515e83662a8000158b2aa","control_MaxMismatch","0","MaxMismatch","pleasant","dirty","pleasant-dirty","AbstractMismatch","PositiveMismatch"
"3158","5b6515e83662a8000158b2aa","control_Dissimilar","0","DissimilarControl","push","pull","push-pull","",""
"3159","5b6515e83662a8000158b2aa","test_ValenceMatch_Positive","0","ValenceMatchingOnly","newborn","helpful","newborn-helpful","ConcreteMismatch","PositiveMatch"
"3160","5b6515e83662a8000158b2aa","control_Similar","99","SimilarControl","need","require","need-require","",""
"3161","5b6515e83662a8000158b2aa","control_Dissimilar","0","DissimilarControl","begin","end","begin-end","",""
"3162","5b6515e83662a8000158b2aa","control_MaxMatch_Negative_Concrete","0","MaxMatch","toothless","rusted","toothless-rusted","ConcreteMatch","NegativeMatch"
"3163","5b6515e83662a8000158b2aa","control_Similar","99","SimilarControl","show","display","show-display","",""
"3164","5b6515e83662a8000158b2aa","control_MaxMatch_Positive_Abstract","7","MaxMatch","mindful","divine","mindful-divine","AbstractMatch","PositiveMatch"
"3165","5b6515e83662a8000158b2aa","test_ValenceMatch_Negative","0","ValenceMatchingOnly","soulless","wrinkled","soulless-wrinkled","AbstractMismatch","NegativeMatch"
"3166","5b6515e83662a8000158b2aa","control_MaxMatch_Negative_Abstract","72","MaxMatch","heartless","sexist","heartless-sexist","AbstractMatch","NegativeMatch"
"3167","5b6515e83662a8000158b2aa","control_MaxMatch_Positive_Concrete","0","MaxMatch","sunny","human","sunny-human","ConcreteMatch","PositiveMatch"
"3168","5b6515e83662a8000158b2aa","test_ConceptualMatch_Concrete","11","ConceptualMatchingOnly","pregnant","bloody","pregnant-bloody","ConceptualMatch:concrete","PositiveMismatch"
"3169","5b6515e83662a8000158b2aa","test_ConceptualMatch_Abstract","0","ConceptualMatchingOnly","awful","pleasant","awful-pleasant","ConceptualMatch:abstract","NegativeMismatch"
"3170","5b6515e83662a8000158b2aa","control_MaxMismatch","0","MaxMismatch","thankful","headless","thankful-headless","AbstractMismatch","PositiveMismatch"
"3171","5b6515e83662a8000158b2aa","control_Dissimilar","0","DissimilarControl","add","remove","add-remove","",""
"3172","5b6515e83662a8000158b2aa","test_ValenceMatch_Positive","29","ValenceMatchingOnly","sunny","mindful","sunny-mindful","ConcreteMismatch","PositiveMatch"
"3173","5b6515e83662a8000158b2aa","control_Similar","99","SimilarControl","buy","purchase","buy-purchase","",""
"3174","5b6515e83662a8000158b2aa","control_Dissimilar","0","DissimilarControl","give","take","give-take","",""
"3175","5b6515e83662a8000158b2aa","control_MaxMatch_Negative_Concrete","0","MaxMatch","toothless","wrinkled","toothless-wrinkled","ConcreteMatch","NegativeMatch"
"3176","5b6515e83662a8000158b2aa","control_Similar","99","SimilarControl","speak","talk","speak-talk","",""
"3177","5b6515e83662a8000158b2aa","control_MaxMatch_Positive_Abstract","19","MaxMatch","honest","possible","honest-possible","AbstractMatch","PositiveMatch"
"3178","5b6515e83662a8000158b2aa","test_ValenceMatch_Negative","0","ValenceMatchingOnly","soulless","bloody","soulless-bloody","AbstractMismatch","NegativeMatch"
"3179","5b6515e83662a8000158b2aa","control_MaxMatch_Negative_Abstract","76","MaxMatch","worthless","awful","worthless-awful","AbstractMatch","NegativeMatch"
"3180","5b6515e83662a8000158b2aa","control_MaxMatch_Positive_Concrete","0","MaxMatch","blooming","orange","blooming-orange","ConcreteMatch","PositiveMatch"
"3181","5b6515e83662a8000158b2aa","test_ConceptualMatch_Concrete","0","ConceptualMatchingOnly","blooming","toothless","blooming-toothless","ConceptualMatch:concrete","PositiveMismatch"
"3182","5b6515e83662a8000158b2aa","test_ConceptualMatch_Abstract","0","ConceptualMatchingOnly","crappy","mindful","crappy-mindful","ConceptualMatch:abstract","NegativeMismatch"
"3183","5b6515e83662a8000158b2aa","control_MaxMismatch","0","MaxMismatch","divine","freezing","divine-freezing","AbstractMismatch","PositiveMismatch"
"3184","5b6515e83662a8000158b2aa","control_Dissimilar","0","DissimilarControl","open","close","open-close","",""
"3185","5b6515e83662a8000158b2aa","test_ValenceMatch_Positive","0","ValenceMatchingOnly","lilac","sensible","lilac-sensible","ConcreteMismatch","PositiveMatch"
"3186","66c5118758e462c3fe742d2a","control_Dissimilar","2","DissimilarControl","begin","end","begin-end","",""
"3187","66c5118758e462c3fe742d2a","control_Similar","99","SimilarControl","end","finish","end-finish","",""
"3188","66c5118758e462c3fe742d2a","control_MaxMatch_Positive_Abstract","47","MaxMatch","thankful","divine","thankful-divine","AbstractMatch","PositiveMatch"
"3189","66c5118758e462c3fe742d2a","control_MaxMatch_Negative_Concrete","47","MaxMatch","rusted","dirty","rusted-dirty","ConcreteMatch","NegativeMatch"
"3190","66c5118758e462c3fe742d2a","test_ConceptualMatch_Concrete","8","ConceptualMatchingOnly","human","bloodshot","human-bloodshot","ConceptualMatch:concrete","PositiveMismatch"
"3191","66c5118758e462c3fe742d2a","control_Dissimilar","0","DissimilarControl","increase","decrease","increase-decrease","",""
"3192","66c5118758e462c3fe742d2a","test_ValenceMatch_Positive","65","ValenceMatchingOnly","starry","divine","starry-divine","ConcreteMismatch","PositiveMatch"
"3193","66c5118758e462c3fe742d2a","control_MaxMatch_Positive_Concrete","96","MaxMatch","human","newborn","human-newborn","ConcreteMatch","PositiveMatch"
"3194","66c5118758e462c3fe742d2a","test_ValenceMatch_Negative","20","ValenceMatchingOnly","heartless","dirty","heartless-dirty","AbstractMismatch","NegativeMatch"
"3195","66c5118758e462c3fe742d2a","control_MaxMatch_Negative_Abstract","34","MaxMatch","awful","stupid","awful-stupid","AbstractMatch","NegativeMatch"
"3196","66c5118758e462c3fe742d2a","test_ConceptualMatch_Abstract","0","ConceptualMatchingOnly","evil","mindful","evil-mindful","ConceptualMatch:abstract","NegativeMismatch"
"3197","66c5118758e462c3fe742d2a","control_MaxMismatch","77","MaxMismatch","possible","thorny","possible-thorny","AbstractMismatch","PositiveMismatch"
"3198","66c5118758e462c3fe742d2a","control_Similar","79","SimilarControl","use","employ","use-employ","",""
"3199","66c5118758e462c3fe742d2a","control_Dissimilar","0","DissimilarControl","give","take","give-take","",""
"3200","66c5118758e462c3fe742d2a","control_Similar","97","SimilarControl","show","display","show-display","",""
"3201","66c5118758e462c3fe742d2a","control_MaxMatch_Positive_Abstract","96","MaxMatch","splendid","sensible","splendid-sensible","AbstractMatch","PositiveMatch"
"3202","66c5118758e462c3fe742d2a","control_MaxMatch_Negative_Concrete","4","MaxMatch","toothless","freezing","toothless-freezing","ConcreteMatch","NegativeMatch"
"3203","66c5118758e462c3fe742d2a","test_ConceptualMatch_Concrete","0","ConceptualMatchingOnly","orange","headless","orange-headless","ConceptualMatch:concrete","PositiveMismatch"
"3204","66c5118758e462c3fe742d2a","control_Dissimilar","0","DissimilarControl","push","pull","push-pull","",""
"3205","66c5118758e462c3fe742d2a","test_ValenceMatch_Positive","11","ValenceMatchingOnly","handmade","splendid","handmade-splendid","ConcreteMismatch","PositiveMatch"
"3206","66c5118758e462c3fe742d2a","control_MaxMatch_Positive_Concrete","0","MaxMatch","sunny","orange","sunny-orange","ConcreteMatch","PositiveMatch"
"3207","66c5118758e462c3fe742d2a","test_ValenceMatch_Negative","4","ValenceMatchingOnly","sinful","freezing","sinful-freezing","AbstractMismatch","NegativeMatch"
"3208","66c5118758e462c3fe742d2a","control_MaxMatch_Negative_Abstract","75","MaxMatch","worthless","sinful","worthless-sinful","AbstractMatch","NegativeMatch"
"3209","66c5118758e462c3fe742d2a","test_ConceptualMatch_Abstract","48","ConceptualMatchingOnly","sexist","lovable","sexist-lovable","ConceptualMatch:abstract","NegativeMismatch"
"3210","66c5118758e462c3fe742d2a","control_MaxMismatch","0","MaxMismatch","sensible","headless","sensible-headless","AbstractMismatch","PositiveMismatch"
"3211","66c5118758e462c3fe742d2a","control_Similar","99","SimilarControl","begin","start","begin-start","",""
"3212","66c5118758e462c3fe742d2a","control_Dissimilar","1","DissimilarControl","open","close","open-close","",""
"3213","66c5118758e462c3fe742d2a","control_Similar","99","SimilarControl","need","require","need-require","",""
"3214","66c5118758e462c3fe742d2a","control_MaxMatch_Positive_Abstract","70","MaxMatch","sensible","divine","sensible-divine","AbstractMatch","PositiveMatch"
"3215","66c5118758e462c3fe742d2a","control_MaxMatch_Negative_Concrete","0","MaxMatch","dirty","freezing","dirty-freezing","ConcreteMatch","NegativeMatch"
"3216","66c5118758e462c3fe742d2a","test_ConceptualMatch_Concrete","0","ConceptualMatchingOnly","female","freezing","female-freezing","ConceptualMatch:concrete","PositiveMismatch"
"3217","66c5118758e462c3fe742d2a","control_Dissimilar","2","DissimilarControl","come","go","come-go","",""
"3218","66c5118758e462c3fe742d2a","test_ValenceMatch_Positive","15","ValenceMatchingOnly","sunny","divine","sunny-divine","ConcreteMismatch","PositiveMatch"
"3219","66c5118758e462c3fe742d2a","control_MaxMatch_Positive_Concrete","8","MaxMatch","sunny","newborn","sunny-newborn","ConcreteMatch","PositiveMatch"
"3220","66c5118758e462c3fe742d2a","test_ValenceMatch_Negative","13","ValenceMatchingOnly","awful","freezing","awful-freezing","AbstractMismatch","NegativeMatch"
"3221","66c5118758e462c3fe742d2a","control_MaxMatch_Negative_Abstract","44","MaxMatch","worthless","heartless","worthless-heartless","AbstractMatch","NegativeMatch"
"3222","66c5118758e462c3fe742d2a","test_ConceptualMatch_Abstract","0","ConceptualMatchingOnly","disloyal","helpful","disloyal-helpful","ConceptualMatch:abstract","NegativeMismatch"
"3223","66c5118758e462c3fe742d2a","control_MaxMismatch","10","MaxMismatch","divine","toothless","divine-toothless","AbstractMismatch","PositiveMismatch"
"3224","66c5118758e462c3fe742d2a","control_Similar","99","SimilarControl","ask","inquire","ask-inquire","",""
"3225","66c5118758e462c3fe742d2a","control_Dissimilar","0","DissimilarControl","add","remove","add-remove","",""
"3226","66c5118758e462c3fe742d2a","control_Similar","99","SimilarControl","buy","purchase","buy-purchase","",""
"3227","66c5118758e462c3fe742d2a","control_MaxMatch_Positive_Abstract","63","MaxMatch","thankful","mindful","thankful-mindful","AbstractMatch","PositiveMatch"
"3228","66c5118758e462c3fe742d2a","control_MaxMatch_Negative_Concrete","4","MaxMatch","headless","wrinkled","headless-wrinkled","ConcreteMatch","NegativeMatch"
"3229","66c5118758e462c3fe742d2a","test_ConceptualMatch_Concrete","0","ConceptualMatchingOnly","sunny","rusted","sunny-rusted","ConceptualMatch:concrete","PositiveMismatch"
"3230","66c5118758e462c3fe742d2a","control_Dissimilar","0","DissimilarControl","rise","fall","rise-fall","",""
"3231","66c5118758e462c3fe742d2a","test_ValenceMatch_Positive","0","ValenceMatchingOnly","orange","sensible","orange-sensible","ConcreteMismatch","PositiveMatch"
"3232","66c5118758e462c3fe742d2a","control_MaxMatch_Positive_Concrete","29","MaxMatch","sunny","starry","sunny-starry","ConcreteMatch","PositiveMatch"
"3233","66c5118758e462c3fe742d2a","test_ValenceMatch_Negative","65","ValenceMatchingOnly","crappy","wrinkled","crappy-wrinkled","AbstractMismatch","NegativeMatch"
"3234","66c5118758e462c3fe742d2a","control_MaxMatch_Negative_Abstract","49","MaxMatch","worthless","crappy","worthless-crappy","AbstractMatch","NegativeMatch"
"3235","66c5118758e462c3fe742d2a","test_ConceptualMatch_Abstract","2","ConceptualMatchingOnly","crappy","possible","crappy-possible","ConceptualMatch:abstract","NegativeMismatch"
"3236","66c5118758e462c3fe742d2a","control_MaxMismatch","81","MaxMismatch","divine","thorny","divine-thorny","AbstractMismatch","PositiveMismatch"
"3237","66c5118758e462c3fe742d2a","control_Similar","97","SimilarControl","speak","talk","speak-talk","",""
"3238","66c5118758e462c3fe742d2a","control_Dissimilar","6","DissimilarControl","arrive","leave","arrive-leave","",""
"3239","66c5118758e462c3fe742d2a","control_Similar","99","SimilarControl","get","obtain","get-obtain","",""
"3240","66c5118758e462c3fe742d2a","control_MaxMatch_Positive_Abstract","86","MaxMatch","lovable","pleasant","lovable-pleasant","AbstractMatch","PositiveMatch"
"3241","66c5118758e462c3fe742d2a","control_MaxMatch_Negative_Concrete","8","MaxMatch","toothless","thorny","toothless-thorny","ConcreteMatch","NegativeMatch"
"3242","66c5118758e462c3fe742d2a","test_ConceptualMatch_Concrete","48","ConceptualMatchingOnly","human","toothless","human-toothless","ConceptualMatch:concrete","PositiveMismatch"
"3243","66c5118758e462c3fe742d2a","control_Dissimilar","4","DissimilarControl","enter","exit","enter-exit","",""
"3244","66c5118758e462c3fe742d2a","test_ValenceMatch_Positive","0","ValenceMatchingOnly","pregnant","mindful","pregnant-mindful","ConcreteMismatch","PositiveMatch"
"3245","66c5118758e462c3fe742d2a","control_MaxMatch_Positive_Concrete","30","MaxMatch","human","handmade","human-handmade","ConcreteMatch","PositiveMatch"
"3246","66c5118758e462c3fe742d2a","test_ValenceMatch_Negative","81","ValenceMatchingOnly","worthless","toothless","worthless-toothless","AbstractMismatch","NegativeMatch"
"3247","66c5118758e462c3fe742d2a","control_MaxMatch_Negative_Abstract","16","MaxMatch","sexist","stupid","sexist-stupid","AbstractMatch","NegativeMatch"
"3248","66c5118758e462c3fe742d2a","test_ConceptualMatch_Abstract","10","ConceptualMatchingOnly","soulless","mindful","soulless-mindful","ConceptualMatch:abstract","NegativeMismatch"
"3249","66c5118758e462c3fe742d2a","control_MaxMismatch","13","MaxMismatch","mindful","toothless","mindful-toothless","AbstractMismatch","PositiveMismatch"
"3250","66c5118758e462c3fe742d2a","control_Similar","92","SimilarControl","help","assist","help-assist","",""
"3251","5de90f54a48441037ac21f43","control_Similar","97","SimilarControl","speak","talk","speak-talk","",""
"3252","5de90f54a48441037ac21f43","control_Dissimilar","0","DissimilarControl","add","remove","add-remove","",""
"3253","5de90f54a48441037ac21f43","control_MaxMismatch","0","MaxMismatch","pleasant","thorny","pleasant-thorny","AbstractMismatch","PositiveMismatch"
"3254","5de90f54a48441037ac21f43","test_ValenceMatch_Positive","66","ValenceMatchingOnly","human","divine","human-divine","ConcreteMismatch","PositiveMatch"
"3255","5de90f54a48441037ac21f43","control_MaxMatch_Negative_Abstract","90","MaxMatch","stupid","sinful","stupid-sinful","AbstractMatch","NegativeMatch"
"3256","5de90f54a48441037ac21f43","test_ValenceMatch_Negative","54","ValenceMatchingOnly","heartless","thorny","heartless-thorny","AbstractMismatch","NegativeMatch"
"3257","5de90f54a48441037ac21f43","test_ConceptualMatch_Abstract","0","ConceptualMatchingOnly","disloyal","thankful","disloyal-thankful","ConceptualMatch:abstract","NegativeMismatch"
"3258","5de90f54a48441037ac21f43","test_ConceptualMatch_Concrete","69","ConceptualMatchingOnly","blooming","thorny","blooming-thorny","ConceptualMatch:concrete","PositiveMismatch"
"3259","5de90f54a48441037ac21f43","control_Similar","99","SimilarControl","use","employ","use-employ","",""
"3260","5de90f54a48441037ac21f43","control_MaxMatch_Negative_Concrete","36","MaxMatch","toothless","bloody","toothless-bloody","ConcreteMatch","NegativeMatch"
"3261","5de90f54a48441037ac21f43","control_Dissimilar","0","DissimilarControl","increase","decrease","increase-decrease","",""
"3262","5de90f54a48441037ac21f43","control_MaxMatch_Positive_Abstract","74","MaxMatch","helpful","divine","helpful-divine","AbstractMatch","PositiveMatch"
"3263","5de90f54a48441037ac21f43","control_MaxMatch_Positive_Concrete","87","MaxMatch","blooming","pregnant","blooming-pregnant","ConcreteMatch","PositiveMatch"
"3264","5de90f54a48441037ac21f43","control_Similar","99","SimilarControl","end","finish","end-finish","",""
"3265","5de90f54a48441037ac21f43","control_Dissimilar","0","DissimilarControl","enter","exit","enter-exit","",""
"3266","5de90f54a48441037ac21f43","control_MaxMismatch","37","MaxMismatch","mindful","bloodshot","mindful-bloodshot","AbstractMismatch","PositiveMismatch"
"3267","5de90f54a48441037ac21f43","test_ValenceMatch_Positive","36","ValenceMatchingOnly","pregnant","helpful","pregnant-helpful","ConcreteMismatch","PositiveMatch"
"3268","5de90f54a48441037ac21f43","control_MaxMatch_Negative_Abstract","99","MaxMatch","crappy","stupid","crappy-stupid","AbstractMatch","NegativeMatch"
"3269","5de90f54a48441037ac21f43","test_ValenceMatch_Negative","27","ValenceMatchingOnly","disloyal","dirty","disloyal-dirty","AbstractMismatch","NegativeMatch"
"3270","5de90f54a48441037ac21f43","test_ConceptualMatch_Abstract","16","ConceptualMatchingOnly","sexist","lovable","sexist-lovable","ConceptualMatch:abstract","NegativeMismatch"
"3271","5de90f54a48441037ac21f43","test_ConceptualMatch_Concrete","69","ConceptualMatchingOnly","human","bloody","human-bloody","ConceptualMatch:concrete","PositiveMismatch"
"3272","5de90f54a48441037ac21f43","control_Similar","97","SimilarControl","need","require","need-require","",""
"3273","5de90f54a48441037ac21f43","control_MaxMatch_Negative_Concrete","63","MaxMatch","hairy","dirty","hairy-dirty","ConcreteMatch","NegativeMatch"
"3274","5de90f54a48441037ac21f43","control_Dissimilar","3","DissimilarControl","arrive","leave","arrive-leave","",""
"3275","5de90f54a48441037ac21f43","control_MaxMatch_Positive_Abstract","78","MaxMatch","thankful","pleasant","thankful-pleasant","AbstractMatch","PositiveMatch"
"3276","5de90f54a48441037ac21f43","control_MaxMatch_Positive_Concrete","39","MaxMatch","orange","pregnant","orange-pregnant","ConcreteMatch","PositiveMatch"
"3277","5de90f54a48441037ac21f43","control_Similar","93","SimilarControl","get","obtain","get-obtain","",""
"3278","5de90f54a48441037ac21f43","control_Dissimilar","0","DissimilarControl","give","take","give-take","",""
"3279","5de90f54a48441037ac21f43","control_MaxMismatch","35","MaxMismatch","thankful","bloodshot","thankful-bloodshot","AbstractMismatch","PositiveMismatch"
"3280","5de90f54a48441037ac21f43","test_ValenceMatch_Positive","82","ValenceMatchingOnly","handmade","mindful","handmade-mindful","ConcreteMismatch","PositiveMatch"
"3281","5de90f54a48441037ac21f43","control_MaxMatch_Negative_Abstract","83","MaxMatch","soulless","sinful","soulless-sinful","AbstractMatch","NegativeMatch"
"3282","5de90f54a48441037ac21f43","test_ValenceMatch_Negative","38","ValenceMatchingOnly","sexist","freezing","sexist-freezing","AbstractMismatch","NegativeMatch"
"3283","5de90f54a48441037ac21f43","test_ConceptualMatch_Abstract","0","ConceptualMatchingOnly","awful","honest","awful-honest","ConceptualMatch:abstract","NegativeMismatch"
"3284","5de90f54a48441037ac21f43","test_ConceptualMatch_Concrete","33","ConceptualMatchingOnly","pregnant","hairy","pregnant-hairy","ConceptualMatch:concrete","PositiveMismatch"
"3285","5de90f54a48441037ac21f43","control_Similar","99","SimilarControl","begin","start","begin-start","",""
"3286","5de90f54a48441037ac21f43","control_MaxMatch_Negative_Concrete","67","MaxMatch","dirty","wrinkled","dirty-wrinkled","ConcreteMatch","NegativeMatch"
"3287","5de90f54a48441037ac21f43","control_Dissimilar","4","DissimilarControl","push","pull","push-pull","",""
"3288","5de90f54a48441037ac21f43","control_MaxMatch_Positive_Abstract","61","MaxMatch","possible","divine","possible-divine","AbstractMatch","PositiveMatch"
"3289","5de90f54a48441037ac21f43","control_MaxMatch_Positive_Concrete","83","MaxMatch","human","female","human-female","ConcreteMatch","PositiveMatch"
"3290","5de90f54a48441037ac21f43","control_Similar","99","SimilarControl","help","assist","help-assist","",""
"3291","5de90f54a48441037ac21f43","control_Dissimilar","0","DissimilarControl","begin","end","begin-end","",""
"3292","5de90f54a48441037ac21f43","control_MaxMismatch","0","MaxMismatch","honest","dirty","honest-dirty","AbstractMismatch","PositiveMismatch"
"3293","5de90f54a48441037ac21f43","test_ValenceMatch_Positive","81","ValenceMatchingOnly","blooming","divine","blooming-divine","ConcreteMismatch","PositiveMatch"
"3294","5de90f54a48441037ac21f43","control_MaxMatch_Negative_Abstract","99","MaxMatch","awful","heartless","awful-heartless","AbstractMatch","NegativeMatch"
"3295","5de90f54a48441037ac21f43","test_ValenceMatch_Negative","14","ValenceMatchingOnly","disloyal","toothless","disloyal-toothless","AbstractMismatch","NegativeMatch"
"3296","5de90f54a48441037ac21f43","test_ConceptualMatch_Abstract","0","ConceptualMatchingOnly","sinful","honest","sinful-honest","ConceptualMatch:abstract","NegativeMismatch"
"3297","5de90f54a48441037ac21f43","test_ConceptualMatch_Concrete","34","ConceptualMatchingOnly","lilac","headless","lilac-headless","ConceptualMatch:concrete","PositiveMismatch"
"3298","5de90f54a48441037ac21f43","control_Similar","99","SimilarControl","buy","purchase","buy-purchase","",""
"3299","5de90f54a48441037ac21f43","control_MaxMatch_Negative_Concrete","22","MaxMatch","headless","rusted","headless-rusted","ConcreteMatch","NegativeMatch"
"3300","5de90f54a48441037ac21f43","control_Dissimilar","0","DissimilarControl","come","go","come-go","",""
"3301","5de90f54a48441037ac21f43","control_MaxMatch_Positive_Abstract","77","MaxMatch","possible","helpful","possible-helpful","AbstractMatch","PositiveMatch"
"3302","5de90f54a48441037ac21f43","control_MaxMatch_Positive_Concrete","52","MaxMatch","lilac","female","lilac-female","ConcreteMatch","PositiveMatch"
"3303","5de90f54a48441037ac21f43","control_Similar","99","SimilarControl","show","display","show-display","",""
"3304","5de90f54a48441037ac21f43","control_Dissimilar","0","DissimilarControl","rise","fall","rise-fall","",""
"3305","5de90f54a48441037ac21f43","control_MaxMismatch","34","MaxMismatch","possible","freezing","possible-freezing","AbstractMismatch","PositiveMismatch"
"3306","5de90f54a48441037ac21f43","test_ValenceMatch_Positive","61","ValenceMatchingOnly","female","mindful","female-mindful","ConcreteMismatch","PositiveMatch"
"3307","5de90f54a48441037ac21f43","control_MaxMatch_Negative_Abstract","71","MaxMatch","heartless","disloyal","heartless-disloyal","AbstractMatch","NegativeMatch"
"3308","5de90f54a48441037ac21f43","test_ValenceMatch_Negative","25","ValenceMatchingOnly","stupid","bloodshot","stupid-bloodshot","AbstractMismatch","NegativeMatch"
"3309","5de90f54a48441037ac21f43","test_ConceptualMatch_Abstract","3","ConceptualMatchingOnly","evil","divine","evil-divine","ConceptualMatch:abstract","NegativeMismatch"
"3310","5de90f54a48441037ac21f43","test_ConceptualMatch_Concrete","17","ConceptualMatchingOnly","newborn","rusted","newborn-rusted","ConceptualMatch:concrete","PositiveMismatch"
"3311","5de90f54a48441037ac21f43","control_Similar","99","SimilarControl","ask","inquire","ask-inquire","",""
"3312","5de90f54a48441037ac21f43","control_MaxMatch_Negative_Concrete","17","MaxMatch","toothless","rusted","toothless-rusted","ConcreteMatch","NegativeMatch"
"3313","5de90f54a48441037ac21f43","control_Dissimilar","0","DissimilarControl","open","close","open-close","",""
"3314","5de90f54a48441037ac21f43","control_MaxMatch_Positive_Abstract","85","MaxMatch","honest","pleasant","honest-pleasant","AbstractMatch","PositiveMatch"
"3315","5de90f54a48441037ac21f43","control_MaxMatch_Positive_Concrete","58","MaxMatch","blooming","handmade","blooming-handmade","ConcreteMatch","PositiveMatch"
"3316","67828531904d10ab2b783fd6","control_Similar","99","SimilarControl","need","require","need-require","",""
"3317","67828531904d10ab2b783fd6","control_Dissimilar","0","DissimilarControl","arrive","leave","arrive-leave","",""
"3318","67828531904d10ab2b783fd6","control_Similar","99","SimilarControl","end","finish","end-finish","",""
"3319","67828531904d10ab2b783fd6","test_ConceptualMatch_Concrete","0","ConceptualMatchingOnly","blooming","dirty","blooming-dirty","ConceptualMatch:concrete","PositiveMismatch"
"3320","67828531904d10ab2b783fd6","control_MaxMatch_Positive_Concrete","0","MaxMatch","human","handmade","human-handmade","ConcreteMatch","PositiveMatch"
"3321","67828531904d10ab2b783fd6","control_Dissimilar","0","DissimilarControl","add","remove","add-remove","",""
"3322","67828531904d10ab2b783fd6","control_MaxMatch_Negative_Abstract","65","MaxMatch","awful","sinful","awful-sinful","AbstractMatch","NegativeMatch"
"3323","67828531904d10ab2b783fd6","control_MaxMatch_Positive_Abstract","0","MaxMatch","honest","sensible","honest-sensible","AbstractMatch","PositiveMatch"
"3324","67828531904d10ab2b783fd6","test_ValenceMatch_Positive","99","ValenceMatchingOnly","starry","splendid","starry-splendid","ConcreteMismatch","PositiveMatch"
"3325","67828531904d10ab2b783fd6","test_ConceptualMatch_Abstract","0","ConceptualMatchingOnly","crappy","sensible","crappy-sensible","ConceptualMatch:abstract","NegativeMismatch"
"3326","67828531904d10ab2b783fd6","control_MaxMismatch","9","MaxMismatch","divine","bloodshot","divine-bloodshot","AbstractMismatch","PositiveMismatch"
"3327","67828531904d10ab2b783fd6","test_ValenceMatch_Negative","11","ValenceMatchingOnly","soulless","dirty","soulless-dirty","AbstractMismatch","NegativeMatch"
"3328","67828531904d10ab2b783fd6","control_MaxMatch_Negative_Concrete","0","MaxMatch","headless","rusted","headless-rusted","ConcreteMatch","NegativeMatch"
"3329","67828531904d10ab2b783fd6","control_Similar","99","SimilarControl","ask","inquire","ask-inquire","",""
"3330","67828531904d10ab2b783fd6","control_Dissimilar","10","DissimilarControl","push","pull","push-pull","",""
"3331","67828531904d10ab2b783fd6","control_Similar","79","SimilarControl","show","display","show-display","",""
"3332","67828531904d10ab2b783fd6","test_ConceptualMatch_Concrete","0","ConceptualMatchingOnly","starry","wrinkled","starry-wrinkled","ConceptualMatch:concrete","PositiveMismatch"
"3333","67828531904d10ab2b783fd6","control_MaxMatch_Positive_Concrete","0","MaxMatch","lilac","newborn","lilac-newborn","ConcreteMatch","PositiveMatch"
"3334","67828531904d10ab2b783fd6","control_Dissimilar","0","DissimilarControl","enter","exit","enter-exit","",""
"3335","67828531904d10ab2b783fd6","control_MaxMatch_Negative_Abstract","91","MaxMatch","worthless","crappy","worthless-crappy","AbstractMatch","NegativeMatch"
"3336","67828531904d10ab2b783fd6","control_MaxMatch_Positive_Abstract","7","MaxMatch","thankful","pleasant","thankful-pleasant","AbstractMatch","PositiveMatch"
"3337","67828531904d10ab2b783fd6","test_ValenceMatch_Positive","0","ValenceMatchingOnly","female","honest","female-honest","ConcreteMismatch","PositiveMatch"
"3338","67828531904d10ab2b783fd6","test_ConceptualMatch_Abstract","1","ConceptualMatchingOnly","heartless","divine","heartless-divine","ConceptualMatch:abstract","NegativeMismatch"
"3339","67828531904d10ab2b783fd6","control_MaxMismatch","4","MaxMismatch","mindful","hairy","mindful-hairy","AbstractMismatch","PositiveMismatch"
"3340","67828531904d10ab2b783fd6","test_ValenceMatch_Negative","0","ValenceMatchingOnly","worthless","wrinkled","worthless-wrinkled","AbstractMismatch","NegativeMatch"
"3341","67828531904d10ab2b783fd6","control_MaxMatch_Negative_Concrete","0","MaxMatch","freezing","bloody","freezing-bloody","ConcreteMatch","NegativeMatch"
"3342","67828531904d10ab2b783fd6","control_Similar","76","SimilarControl","speak","talk","speak-talk","",""
"3343","67828531904d10ab2b783fd6","control_Dissimilar","0","DissimilarControl","open","close","open-close","",""
"3344","67828531904d10ab2b783fd6","control_Similar","0","SimilarControl","buy","purchase","buy-purchase","",""
"3345","67828531904d10ab2b783fd6","test_ConceptualMatch_Concrete","0","ConceptualMatchingOnly","starry","dirty","starry-dirty","ConceptualMatch:concrete","PositiveMismatch"
"3346","67828531904d10ab2b783fd6","control_MaxMatch_Positive_Concrete","10","MaxMatch","human","pregnant","human-pregnant","ConcreteMatch","PositiveMatch"
"3347","67828531904d10ab2b783fd6","control_Dissimilar","0","DissimilarControl","begin","end","begin-end","",""
"3348","67828531904d10ab2b783fd6","control_MaxMatch_Negative_Abstract","0","MaxMatch","awful","soulless","awful-soulless","AbstractMatch","NegativeMatch"
"3349","67828531904d10ab2b783fd6","control_MaxMatch_Positive_Abstract","0","MaxMatch","splendid","mindful","splendid-mindful","AbstractMatch","PositiveMatch"
"3350","67828531904d10ab2b783fd6","test_ValenceMatch_Positive","0","ValenceMatchingOnly","handmade","sensible","handmade-sensible","ConcreteMismatch","PositiveMatch"
"3351","67828531904d10ab2b783fd6","test_ConceptualMatch_Abstract","5","ConceptualMatchingOnly","disloyal","honest","disloyal-honest","ConceptualMatch:abstract","NegativeMismatch"
"3352","67828531904d10ab2b783fd6","control_MaxMismatch","12","MaxMismatch","sensible","thorny","sensible-thorny","AbstractMismatch","PositiveMismatch"
"3353","67828531904d10ab2b783fd6","test_ValenceMatch_Negative","0","ValenceMatchingOnly","stupid","rusted","stupid-rusted","AbstractMismatch","NegativeMatch"
"3354","67828531904d10ab2b783fd6","control_MaxMatch_Negative_Concrete","0","MaxMatch","rusted","wrinkled","rusted-wrinkled","ConcreteMatch","NegativeMatch"
"3355","67828531904d10ab2b783fd6","control_Similar","0","SimilarControl","use","employ","use-employ","",""
"3356","67828531904d10ab2b783fd6","control_Dissimilar","0","DissimilarControl","rise","fall","rise-fall","",""
"3357","67828531904d10ab2b783fd6","control_Similar","0","SimilarControl","begin","start","begin-start","",""
"3358","67828531904d10ab2b783fd6","test_ConceptualMatch_Concrete","0","ConceptualMatchingOnly","blooming","thorny","blooming-thorny","ConceptualMatch:concrete","PositiveMismatch"
"3359","67828531904d10ab2b783fd6","control_MaxMatch_Positive_Concrete","0","MaxMatch","female","blooming","female-blooming","ConcreteMatch","PositiveMatch"
"3360","67828531904d10ab2b783fd6","control_Dissimilar","0","DissimilarControl","come","go","come-go","",""
"3361","67828531904d10ab2b783fd6","control_MaxMatch_Negative_Abstract","0","MaxMatch","soulless","crappy","soulless-crappy","AbstractMatch","NegativeMatch"
"3362","67828531904d10ab2b783fd6","control_MaxMatch_Positive_Abstract","5","MaxMatch","sensible","pleasant","sensible-pleasant","AbstractMatch","PositiveMatch"
"3363","67828531904d10ab2b783fd6","test_ValenceMatch_Positive","0","ValenceMatchingOnly","handmade","lovable","handmade-lovable","ConcreteMismatch","PositiveMatch"
"3364","67828531904d10ab2b783fd6","test_ConceptualMatch_Abstract","0","ConceptualMatchingOnly","awful","divine","awful-divine","ConceptualMatch:abstract","NegativeMismatch"
"3365","67828531904d10ab2b783fd6","control_MaxMismatch","3","MaxMismatch","possible","wrinkled","possible-wrinkled","AbstractMismatch","PositiveMismatch"
"3366","67828531904d10ab2b783fd6","test_ValenceMatch_Negative","0","ValenceMatchingOnly","worthless","thorny","worthless-thorny","AbstractMismatch","NegativeMatch"
"3367","67828531904d10ab2b783fd6","control_MaxMatch_Negative_Concrete","0","MaxMatch","toothless","dirty","toothless-dirty","ConcreteMatch","NegativeMatch"
"3368","67828531904d10ab2b783fd6","control_Similar","84","SimilarControl","get","obtain","get-obtain","",""
"3369","67828531904d10ab2b783fd6","control_Dissimilar","0","DissimilarControl","give","take","give-take","",""
"3370","67828531904d10ab2b783fd6","control_Similar","99","SimilarControl","help","assist","help-assist","",""
"3371","67828531904d10ab2b783fd6","test_ConceptualMatch_Concrete","0","ConceptualMatchingOnly","human","dirty","human-dirty","ConceptualMatch:concrete","PositiveMismatch"
"3372","67828531904d10ab2b783fd6","control_MaxMatch_Positive_Concrete","0","MaxMatch","sunny","handmade","sunny-handmade","ConcreteMatch","PositiveMatch"
"3373","67828531904d10ab2b783fd6","control_Dissimilar","0","DissimilarControl","increase","decrease","increase-decrease","",""
"3374","67828531904d10ab2b783fd6","control_MaxMatch_Negative_Abstract","0","MaxMatch","worthless","soulless","worthless-soulless","AbstractMatch","NegativeMatch"
"3375","67828531904d10ab2b783fd6","control_MaxMatch_Positive_Abstract","84","MaxMatch","lovable","pleasant","lovable-pleasant","AbstractMatch","PositiveMatch"
"3376","67828531904d10ab2b783fd6","test_ValenceMatch_Positive","57","ValenceMatchingOnly","blooming","splendid","blooming-splendid","ConcreteMismatch","PositiveMatch"
"3377","67828531904d10ab2b783fd6","test_ConceptualMatch_Abstract","0","ConceptualMatchingOnly","worthless","thankful","worthless-thankful","ConceptualMatch:abstract","NegativeMismatch"
"3378","67828531904d10ab2b783fd6","control_MaxMismatch","0","MaxMismatch","helpful","toothless","helpful-toothless","AbstractMismatch","PositiveMismatch"
"3379","67828531904d10ab2b783fd6","test_ValenceMatch_Negative","0","ValenceMatchingOnly","soulless","rusted","soulless-rusted","AbstractMismatch","NegativeMatch"
"3380","67828531904d10ab2b783fd6","control_MaxMatch_Negative_Concrete","66","MaxMatch","dirty","bloody","dirty-bloody","ConcreteMatch","NegativeMatch"
