"","ID.Ibex","Label","Response","FeatureMatch","Word1","Word2","WordPair","Conceptual","Valence"
"1","675aaec58dfc729c338a52eb","control_Similar","99","SimilarControl","ask","inquire","ask-inquire","",""
"2","675aaec58dfc729c338a52eb","control_Dissimilar","0","DissimilarControl","give","take","give-take","",""
"3","675aaec58dfc729c338a52eb","test_ConceptualMatch_Psychological","12","ConceptualMatchingOnly","adore","embarrass","adore-embarrass","ConceptualMatch:psychological","PositiveMismatch"
"4","675aaec58dfc729c338a52eb","test_ConceptualMatch_Physical","17","ConceptualMatchingOnly","twinkle","burn","twinkle-burn","ConceptualMatch:physical","PositiveMismatch"
"5","675aaec58dfc729c338a52eb","control_Similar","99","SimilarControl","show","display","show-display","",""
"6","675aaec58dfc729c338a52eb","control_MaxMatch_Negative_Physical","82","MaxMatch","slash","hit","slash-hit","ConceptualMatch:physical","NegativeMatch"
"7","675aaec58dfc729c338a52eb","test_ValenceMatch_Positive","16","ValenceMatchingOnly","cuddle","impress","cuddle-impress","ConceptualMismatch:physical","PositiveMatch"
"8","675aaec58dfc729c338a52eb","control_Dissimilar","30","DissimilarControl","come","go","come-go","",""
"9","675aaec58dfc729c338a52eb","test_ValenceMatch_Negative","23","ValenceMatchingOnly","slash","dishonor","slash-dishonor","ConceptualMismatch:physical","NegativeMatch"
"10","675aaec58dfc729c338a52eb","control_MaxMatch_Positive_Physical","14","MaxMatch","hug","produce","hug-produce","ConceptualMatch:physical","PositiveMatch"
"11","675aaec58dfc729c338a52eb","control_MaxMatch_Positive_Psychological","85","MaxMatch","appreciate","admire","appreciate-admire","ConceptualMatch:psychological","PositiveMatch"
"12","675aaec58dfc729c338a52eb","control_MaxMatch_Negative_Psychological","77","MaxMatch","dishonor","discourage","dishonor-discourage","ConceptualMatch:psychological","NegativeMatch"
"13","675aaec58dfc729c338a52eb","control_MaxMismatch","13","MaxMismatch","impress","rust","impress-rust","ConceptualMismatch:psychological","PositiveMismatch"
"14","675aaec58dfc729c338a52eb","control_Similar","60","SimilarControl","use","employ","use-employ","",""
"15","675aaec58dfc729c338a52eb","control_Dissimilar","6","DissimilarControl","begin","end","begin-end","",""
"16","675aaec58dfc729c338a52eb","test_ConceptualMatch_Psychological","12","ConceptualMatchingOnly","reassure","dishonor","reassure-dishonor","ConceptualMatch:psychological","PositiveMismatch"
"17","675aaec58dfc729c338a52eb","test_ConceptualMatch_Physical","4","ConceptualMatchingOnly","cuddle","stain","cuddle-stain","ConceptualMatch:physical","PositiveMismatch"
"18","675aaec58dfc729c338a52eb","control_Similar","99","SimilarControl","buy","purchase","buy-purchase","",""
"19","675aaec58dfc729c338a52eb","control_MaxMatch_Negative_Physical","62","MaxMatch","slash","burn","slash-burn","ConceptualMatch:physical","NegativeMatch"
"20","675aaec58dfc729c338a52eb","test_ValenceMatch_Positive","59","ValenceMatchingOnly","sculpt","admire","sculpt-admire","ConceptualMismatch:physical","PositiveMatch"
"21","675aaec58dfc729c338a52eb","control_Dissimilar","0","DissimilarControl","rise","fall","rise-fall","",""
"22","675aaec58dfc729c338a52eb","test_ValenceMatch_Negative","0","ValenceMatchingOnly","rust","embarrass","rust-embarrass","ConceptualMismatch:physical","NegativeMatch"
"23","675aaec58dfc729c338a52eb","control_MaxMatch_Positive_Physical","0","MaxMatch","sculpt","twinkle","sculpt-twinkle","ConceptualMatch:physical","PositiveMatch"
"24","675aaec58dfc729c338a52eb","control_MaxMatch_Positive_Psychological","62","MaxMatch","impress","reassure","impress-reassure","ConceptualMatch:psychological","PositiveMatch"
"25","675aaec58dfc729c338a52eb","control_MaxMatch_Negative_Psychological","60","MaxMatch","irritate","dishonor","irritate-dishonor","ConceptualMatch:psychological","NegativeMatch"
"26","675aaec58dfc729c338a52eb","control_MaxMismatch","0","MaxMismatch","adore","corrode","adore-corrode","ConceptualMismatch:psychological","PositiveMismatch"
"27","675aaec58dfc729c338a52eb","control_Similar","99","SimilarControl","speak","talk","speak-talk","",""
"28","675aaec58dfc729c338a52eb","control_Dissimilar","0","DissimilarControl","arrive","leave","arrive-leave","",""
"29","675aaec58dfc729c338a52eb","test_ConceptualMatch_Psychological","12","ConceptualMatchingOnly","reassure","embarrass","reassure-embarrass","ConceptualMatch:psychological","PositiveMismatch"
"30","675aaec58dfc729c338a52eb","test_ConceptualMatch_Physical","0","ConceptualMatchingOnly","cuddle","slaughter","cuddle-slaughter","ConceptualMatch:physical","PositiveMismatch"
"31","675aaec58dfc729c338a52eb","control_Similar","44","SimilarControl","begin","start","begin-start","",""
"32","675aaec58dfc729c338a52eb","control_MaxMatch_Negative_Physical","79","MaxMatch","slaughter","slash","slaughter-slash","ConceptualMatch:physical","NegativeMatch"
"33","675aaec58dfc729c338a52eb","test_ValenceMatch_Positive","23","ValenceMatchingOnly","repair","adore","repair-adore","ConceptualMismatch:physical","PositiveMatch"
"34","675aaec58dfc729c338a52eb","control_Dissimilar","45","DissimilarControl","increase","decrease","increase-decrease","",""
"35","675aaec58dfc729c338a52eb","test_ValenceMatch_Negative","17","ValenceMatchingOnly","slash","despair","slash-despair","ConceptualMismatch:physical","NegativeMatch"
"36","675aaec58dfc729c338a52eb","control_MaxMatch_Positive_Physical","15","MaxMatch","repair","caress","repair-caress","ConceptualMatch:physical","PositiveMatch"
"37","675aaec58dfc729c338a52eb","control_MaxMatch_Positive_Psychological","54","MaxMatch","encourage","cherish","encourage-cherish","ConceptualMatch:psychological","PositiveMatch"
"38","675aaec58dfc729c338a52eb","control_MaxMatch_Negative_Psychological","69","MaxMatch","offend","displease","offend-displease","ConceptualMatch:psychological","NegativeMatch"
"39","675aaec58dfc729c338a52eb","control_MaxMismatch","7","MaxMismatch","adore","stain","adore-stain","ConceptualMismatch:psychological","PositiveMismatch"
"40","675aaec58dfc729c338a52eb","control_Similar","99","SimilarControl","end","finish","end-finish","",""
"41","675aaec58dfc729c338a52eb","control_Dissimilar","49","DissimilarControl","enter","exit","enter-exit","",""
"42","675aaec58dfc729c338a52eb","test_ConceptualMatch_Psychological","8","ConceptualMatchingOnly","impress","irritate","impress-irritate","ConceptualMatch:psychological","PositiveMismatch"
"43","675aaec58dfc729c338a52eb","test_ConceptualMatch_Physical","0","ConceptualMatchingOnly","caress","slash","caress-slash","ConceptualMatch:physical","PositiveMismatch"
"44","675aaec58dfc729c338a52eb","control_Similar","99","SimilarControl","help","assist","help-assist","",""
"45","675aaec58dfc729c338a52eb","control_MaxMatch_Negative_Physical","75","MaxMatch","crash","burn","crash-burn","ConceptualMatch:physical","NegativeMatch"
"46","675aaec58dfc729c338a52eb","test_ValenceMatch_Positive","60","ValenceMatchingOnly","build","impress","build-impress","ConceptualMismatch:physical","PositiveMatch"
"47","675aaec58dfc729c338a52eb","control_Dissimilar","0","DissimilarControl","add","remove","add-remove","",""
"48","675aaec58dfc729c338a52eb","test_ValenceMatch_Negative","6","ValenceMatchingOnly","corrode","dread","corrode-dread","ConceptualMismatch:physical","NegativeMatch"
"49","675aaec58dfc729c338a52eb","control_MaxMatch_Positive_Physical","80","MaxMatch","build","produce","build-produce","ConceptualMatch:physical","PositiveMatch"
"50","675aaec58dfc729c338a52eb","control_MaxMatch_Positive_Psychological","71","MaxMatch","impress","cherish","impress-cherish","ConceptualMatch:psychological","PositiveMatch"
"51","675aaec58dfc729c338a52eb","control_MaxMatch_Negative_Psychological","68","MaxMatch","displease","dread","displease-dread","ConceptualMatch:psychological","NegativeMatch"
"52","675aaec58dfc729c338a52eb","control_MaxMismatch","62","MaxMismatch","impress","slash","impress-slash","ConceptualMismatch:psychological","PositiveMismatch"
"53","675aaec58dfc729c338a52eb","control_Similar","99","SimilarControl","get","obtain","get-obtain","",""
"54","675aaec58dfc729c338a52eb","control_Dissimilar","47","DissimilarControl","push","pull","push-pull","",""
"55","675aaec58dfc729c338a52eb","test_ConceptualMatch_Psychological","10","ConceptualMatchingOnly","content","dismay","content-dismay","ConceptualMatch:psychological","PositiveMismatch"
"56","675aaec58dfc729c338a52eb","test_ConceptualMatch_Physical","13","ConceptualMatchingOnly","produce","delete","produce-delete","ConceptualMatch:physical","PositiveMismatch"
"57","675aaec58dfc729c338a52eb","control_Similar","99","SimilarControl","need","require","need-require","",""
"58","675aaec58dfc729c338a52eb","control_MaxMatch_Negative_Physical","66","MaxMatch","hit","stain","hit-stain","ConceptualMatch:physical","NegativeMatch"
"59","675aaec58dfc729c338a52eb","test_ValenceMatch_Positive","37","ValenceMatchingOnly","hug","impress","hug-impress","ConceptualMismatch:physical","PositiveMatch"
"60","675aaec58dfc729c338a52eb","control_Dissimilar","49","DissimilarControl","open","close","open-close","",""
"61","675aaec58dfc729c338a52eb","test_ValenceMatch_Negative","19","ValenceMatchingOnly","burn","criticize","burn-criticize","ConceptualMismatch:physical","NegativeMatch"
"62","675aaec58dfc729c338a52eb","control_MaxMatch_Positive_Physical","10","MaxMatch","cuddle","build","cuddle-build","ConceptualMatch:physical","PositiveMatch"
"63","675aaec58dfc729c338a52eb","control_MaxMatch_Positive_Psychological","64","MaxMatch","content","cherish","content-cherish","ConceptualMatch:psychological","PositiveMatch"
"64","675aaec58dfc729c338a52eb","control_MaxMatch_Negative_Psychological","69","MaxMatch","offend","discourage","offend-discourage","ConceptualMatch:psychological","NegativeMatch"
"65","675aaec58dfc729c338a52eb","control_MaxMismatch","4","MaxMismatch","cherish","hit","cherish-hit","ConceptualMismatch:psychological","PositiveMismatch"
"66","664e7baa0d6008036181a712","control_Dissimilar","0","DissimilarControl","rise","fall","rise-fall","",""
"67","664e7baa0d6008036181a712","control_Similar","99","SimilarControl","help","assist","help-assist","",""
"68","664e7baa0d6008036181a712","control_MaxMatch_Positive_Physical","0","MaxMatch","build","twinkle","build-twinkle","ConceptualMatch:physical","PositiveMatch"
"69","664e7baa0d6008036181a712","control_Dissimilar","0","DissimilarControl","push","pull","push-pull","",""
"70","664e7baa0d6008036181a712","test_ValenceMatch_Positive","0","ValenceMatchingOnly","caress","impress","caress-impress","ConceptualMismatch:physical","PositiveMatch"
"71","664e7baa0d6008036181a712","test_ConceptualMatch_Psychological","0","ConceptualMatchingOnly","cherish","embarrass","cherish-embarrass","ConceptualMatch:psychological","PositiveMismatch"
"72","664e7baa0d6008036181a712","control_MaxMatch_Negative_Psychological","0","MaxMatch","displease","embarrass","displease-embarrass","ConceptualMatch:psychological","NegativeMatch"
"73","664e7baa0d6008036181a712","control_MaxMismatch","0","MaxMismatch","reassure","stain","reassure-stain","ConceptualMismatch:psychological","PositiveMismatch"
"74","664e7baa0d6008036181a712","test_ConceptualMatch_Physical","0","ConceptualMatchingOnly","twinkle","slash","twinkle-slash","ConceptualMatch:physical","PositiveMismatch"
"75","664e7baa0d6008036181a712","control_Similar","99","SimilarControl","speak","talk","speak-talk","",""
"76","664e7baa0d6008036181a712","test_ValenceMatch_Negative","0","ValenceMatchingOnly","hit","irritate","hit-irritate","ConceptualMismatch:physical","NegativeMatch"
"77","664e7baa0d6008036181a712","control_MaxMatch_Positive_Psychological","99","MaxMatch","appreciate","reassure","appreciate-reassure","ConceptualMatch:psychological","PositiveMatch"
"78","664e7baa0d6008036181a712","control_MaxMatch_Negative_Physical","0","MaxMatch","slash","crash","slash-crash","ConceptualMatch:physical","NegativeMatch"
"79","664e7baa0d6008036181a712","control_Dissimilar","0","DissimilarControl","increase","decrease","increase-decrease","",""
"80","664e7baa0d6008036181a712","control_Similar","99","SimilarControl","buy","purchase","buy-purchase","",""
"81","664e7baa0d6008036181a712","control_MaxMatch_Positive_Physical","6","MaxMatch","sculpt","clean","sculpt-clean","ConceptualMatch:physical","PositiveMatch"
"82","664e7baa0d6008036181a712","control_Dissimilar","0","DissimilarControl","give","take","give-take","",""
"83","664e7baa0d6008036181a712","test_ValenceMatch_Positive","99","ValenceMatchingOnly","cuddle","adore","cuddle-adore","ConceptualMismatch:physical","PositiveMatch"
"84","664e7baa0d6008036181a712","test_ConceptualMatch_Psychological","13","ConceptualMatchingOnly","admire","criticize","admire-criticize","ConceptualMatch:psychological","PositiveMismatch"
"85","664e7baa0d6008036181a712","control_MaxMatch_Negative_Psychological","99","MaxMatch","discourage","dismay","discourage-dismay","ConceptualMatch:psychological","NegativeMatch"
"86","664e7baa0d6008036181a712","control_MaxMismatch","99","MaxMismatch","respect","rust","respect-rust","ConceptualMismatch:psychological","PositiveMismatch"
"87","664e7baa0d6008036181a712","test_ConceptualMatch_Physical","0","ConceptualMatchingOnly","build","corrode","build-corrode","ConceptualMatch:physical","PositiveMismatch"
"88","664e7baa0d6008036181a712","control_Similar","99","SimilarControl","get","obtain","get-obtain","",""
"89","664e7baa0d6008036181a712","test_ValenceMatch_Negative","0","ValenceMatchingOnly","burn","dread","burn-dread","ConceptualMismatch:physical","NegativeMatch"
"90","664e7baa0d6008036181a712","control_MaxMatch_Positive_Psychological","99","MaxMatch","content","reassure","content-reassure","ConceptualMatch:psychological","PositiveMatch"
"91","664e7baa0d6008036181a712","control_MaxMatch_Negative_Physical","0","MaxMatch","crash","corrode","crash-corrode","ConceptualMatch:physical","NegativeMatch"
"92","664e7baa0d6008036181a712","control_Dissimilar","0","DissimilarControl","add","remove","add-remove","",""
"93","664e7baa0d6008036181a712","control_Similar","3","SimilarControl","use","employ","use-employ","",""
"94","664e7baa0d6008036181a712","control_MaxMatch_Positive_Physical","0","MaxMatch","hug","clean","hug-clean","ConceptualMatch:physical","PositiveMatch"
"95","664e7baa0d6008036181a712","control_Dissimilar","0","DissimilarControl","begin","end","begin-end","",""
"96","664e7baa0d6008036181a712","test_ValenceMatch_Positive","0","ValenceMatchingOnly","decorate","admire","decorate-admire","ConceptualMismatch:physical","PositiveMatch"
"97","664e7baa0d6008036181a712","test_ConceptualMatch_Psychological","0","ConceptualMatchingOnly","content","despair","content-despair","ConceptualMatch:psychological","PositiveMismatch"
"98","664e7baa0d6008036181a712","control_MaxMatch_Negative_Psychological","99","MaxMatch","displease","dread","displease-dread","ConceptualMatch:psychological","NegativeMatch"
"99","664e7baa0d6008036181a712","control_MaxMismatch","0","MaxMismatch","appreciate","burn","appreciate-burn","ConceptualMismatch:psychological","PositiveMismatch"
"100","664e7baa0d6008036181a712","test_ConceptualMatch_Physical","0","ConceptualMatchingOnly","sculpt","stain","sculpt-stain","ConceptualMatch:physical","PositiveMismatch"
"101","664e7baa0d6008036181a712","control_Similar","99","SimilarControl","begin","start","begin-start","",""
"102","664e7baa0d6008036181a712","test_ValenceMatch_Negative","99","ValenceMatchingOnly","delete","discourage","delete-discourage","ConceptualMismatch:physical","NegativeMatch"
"103","664e7baa0d6008036181a712","control_MaxMatch_Positive_Psychological","99","MaxMatch","respect","cherish","respect-cherish","ConceptualMatch:psychological","PositiveMatch"
"104","664e7baa0d6008036181a712","control_MaxMatch_Negative_Physical","0","MaxMatch","crash","delete","crash-delete","ConceptualMatch:physical","NegativeMatch"
"105","664e7baa0d6008036181a712","control_Dissimilar","0","DissimilarControl","arrive","leave","arrive-leave","",""
"106","664e7baa0d6008036181a712","control_Similar","99","SimilarControl","need","require","need-require","",""
"107","664e7baa0d6008036181a712","control_MaxMatch_Positive_Physical","0","MaxMatch","cuddle","clean","cuddle-clean","ConceptualMatch:physical","PositiveMatch"
"108","664e7baa0d6008036181a712","control_Dissimilar","0","DissimilarControl","come","go","come-go","",""
"109","664e7baa0d6008036181a712","test_ValenceMatch_Positive","0","ValenceMatchingOnly","decorate","impress","decorate-impress","ConceptualMismatch:physical","PositiveMatch"
"110","664e7baa0d6008036181a712","test_ConceptualMatch_Psychological","0","ConceptualMatchingOnly","cherish","dishonor","cherish-dishonor","ConceptualMatch:psychological","PositiveMismatch"
"111","664e7baa0d6008036181a712","control_MaxMatch_Negative_Psychological","99","MaxMatch","irritate","dismay","irritate-dismay","ConceptualMatch:psychological","NegativeMatch"
"112","664e7baa0d6008036181a712","control_MaxMismatch","0","MaxMismatch","appreciate","tear","appreciate-tear","ConceptualMismatch:psychological","PositiveMismatch"
"113","664e7baa0d6008036181a712","test_ConceptualMatch_Physical","7","ConceptualMatchingOnly","clean","slaughter","clean-slaughter","ConceptualMatch:physical","PositiveMismatch"
"114","664e7baa0d6008036181a712","control_Similar","99","SimilarControl","show","display","show-display","",""
"115","664e7baa0d6008036181a712","test_ValenceMatch_Negative","0","ValenceMatchingOnly","stain","dread","stain-dread","ConceptualMismatch:physical","NegativeMatch"
"116","664e7baa0d6008036181a712","control_MaxMatch_Positive_Psychological","0","MaxMatch","adore","cherish","adore-cherish","ConceptualMatch:psychological","PositiveMatch"
"117","664e7baa0d6008036181a712","control_MaxMatch_Negative_Physical","0","MaxMatch","slash","delete","slash-delete","ConceptualMatch:physical","NegativeMatch"
"118","664e7baa0d6008036181a712","control_Dissimilar","1","DissimilarControl","enter","exit","enter-exit","",""
"119","664e7baa0d6008036181a712","control_Similar","0","SimilarControl","end","finish","end-finish","",""
"120","664e7baa0d6008036181a712","control_MaxMatch_Positive_Physical","22","MaxMatch","build","caress","build-caress","ConceptualMatch:physical","PositiveMatch"
"121","664e7baa0d6008036181a712","control_Dissimilar","0","DissimilarControl","open","close","open-close","",""
"122","664e7baa0d6008036181a712","test_ValenceMatch_Positive","0","ValenceMatchingOnly","twinkle","content","twinkle-content","ConceptualMismatch:physical","PositiveMatch"
"123","664e7baa0d6008036181a712","test_ConceptualMatch_Psychological","0","ConceptualMatchingOnly","reassure","criticize","reassure-criticize","ConceptualMatch:psychological","PositiveMismatch"
"124","664e7baa0d6008036181a712","control_MaxMatch_Negative_Psychological","99","MaxMatch","despair","dismay","despair-dismay","ConceptualMatch:psychological","NegativeMatch"
"125","664e7baa0d6008036181a712","control_MaxMismatch","0","MaxMismatch","appreciate","crash","appreciate-crash","ConceptualMismatch:psychological","PositiveMismatch"
"126","664e7baa0d6008036181a712","test_ConceptualMatch_Physical","0","ConceptualMatchingOnly","hug","stain","hug-stain","ConceptualMatch:physical","PositiveMismatch"
"127","664e7baa0d6008036181a712","control_Similar","99","SimilarControl","ask","inquire","ask-inquire","",""
"128","664e7baa0d6008036181a712","test_ValenceMatch_Negative","0","ValenceMatchingOnly","tear","irritate","tear-irritate","ConceptualMismatch:physical","NegativeMatch"
"129","664e7baa0d6008036181a712","control_MaxMatch_Positive_Psychological","99","MaxMatch","appreciate","admire","appreciate-admire","ConceptualMatch:psychological","PositiveMatch"
"130","664e7baa0d6008036181a712","control_MaxMatch_Negative_Physical","99","MaxMatch","slaughter","hit","slaughter-hit","ConceptualMatch:physical","NegativeMatch"
"131","66b7d8f1b8226e65dab2d674","control_Similar","99","SimilarControl","begin","start","begin-start","",""
"132","66b7d8f1b8226e65dab2d674","control_Dissimilar","23","DissimilarControl","come","go","come-go","",""
"133","66b7d8f1b8226e65dab2d674","test_ValenceMatch_Positive","15","ValenceMatchingOnly","caress","appreciate","caress-appreciate","ConceptualMismatch:physical","PositiveMatch"
"134","66b7d8f1b8226e65dab2d674","control_Similar","74","SimilarControl","use","employ","use-employ","",""
"135","66b7d8f1b8226e65dab2d674","control_MaxMatch_Positive_Psychological","85","MaxMatch","encourage","respect","encourage-respect","ConceptualMatch:psychological","PositiveMatch"
"136","66b7d8f1b8226e65dab2d674","test_ConceptualMatch_Physical","0","ConceptualMatchingOnly","sculpt","crash","sculpt-crash","ConceptualMatch:physical","PositiveMismatch"
"137","66b7d8f1b8226e65dab2d674","control_MaxMatch_Negative_Physical","62","MaxMatch","slaughter","hit","slaughter-hit","ConceptualMatch:physical","NegativeMatch"
"138","66b7d8f1b8226e65dab2d674","control_MaxMatch_Negative_Psychological","66","MaxMatch","displease","dismay","displease-dismay","ConceptualMatch:psychological","NegativeMatch"
"139","66b7d8f1b8226e65dab2d674","control_MaxMatch_Positive_Physical","24","MaxMatch","repair","decorate","repair-decorate","ConceptualMatch:physical","PositiveMatch"
"140","66b7d8f1b8226e65dab2d674","test_ValenceMatch_Negative","21","ValenceMatchingOnly","burn","offend","burn-offend","ConceptualMismatch:physical","NegativeMatch"
"141","66b7d8f1b8226e65dab2d674","test_ConceptualMatch_Psychological","0","ConceptualMatchingOnly","like","despair","like-despair","ConceptualMatch:psychological","PositiveMismatch"
"142","66b7d8f1b8226e65dab2d674","control_MaxMismatch","0","MaxMismatch","appreciate","burn","appreciate-burn","ConceptualMismatch:psychological","PositiveMismatch"
"143","66b7d8f1b8226e65dab2d674","control_Dissimilar","0","DissimilarControl","add","remove","add-remove","",""
"144","66b7d8f1b8226e65dab2d674","control_Similar","99","SimilarControl","help","assist","help-assist","",""
"145","66b7d8f1b8226e65dab2d674","control_Dissimilar","13","DissimilarControl","begin","end","begin-end","",""
"146","66b7d8f1b8226e65dab2d674","test_ValenceMatch_Positive","0","ValenceMatchingOnly","produce","respect","produce-respect","ConceptualMismatch:physical","PositiveMatch"
"147","66b7d8f1b8226e65dab2d674","control_Similar","99","SimilarControl","end","finish","end-finish","",""
"148","66b7d8f1b8226e65dab2d674","control_MaxMatch_Positive_Psychological","30","MaxMatch","reassure","adore","reassure-adore","ConceptualMatch:psychological","PositiveMatch"
"149","66b7d8f1b8226e65dab2d674","test_ConceptualMatch_Physical","16","ConceptualMatchingOnly","repair","stain","repair-stain","ConceptualMatch:physical","PositiveMismatch"
"150","66b7d8f1b8226e65dab2d674","control_MaxMatch_Negative_Physical","58","MaxMatch","slaughter","crash","slaughter-crash","ConceptualMatch:physical","NegativeMatch"
"151","66b7d8f1b8226e65dab2d674","control_MaxMatch_Negative_Psychological","69","MaxMatch","displease","dread","displease-dread","ConceptualMatch:psychological","NegativeMatch"
"152","66b7d8f1b8226e65dab2d674","control_MaxMatch_Positive_Physical","0","MaxMatch","cuddle","twinkle","cuddle-twinkle","ConceptualMatch:physical","PositiveMatch"
"153","66b7d8f1b8226e65dab2d674","test_ValenceMatch_Negative","0","ValenceMatchingOnly","slaughter","discourage","slaughter-discourage","ConceptualMismatch:physical","NegativeMatch"
"154","66b7d8f1b8226e65dab2d674","test_ConceptualMatch_Psychological","0","ConceptualMatchingOnly","cherish","dismay","cherish-dismay","ConceptualMatch:psychological","PositiveMismatch"
"155","66b7d8f1b8226e65dab2d674","control_MaxMismatch","0","MaxMismatch","content","slaughter","content-slaughter","ConceptualMismatch:psychological","PositiveMismatch"
"156","66b7d8f1b8226e65dab2d674","control_Dissimilar","0","DissimilarControl","open","close","open-close","",""
"157","66b7d8f1b8226e65dab2d674","control_Similar","88","SimilarControl","need","require","need-require","",""
"158","66b7d8f1b8226e65dab2d674","control_Dissimilar","0","DissimilarControl","enter","exit","enter-exit","",""
"159","66b7d8f1b8226e65dab2d674","test_ValenceMatch_Positive","8","ValenceMatchingOnly","sculpt","reassure","sculpt-reassure","ConceptualMismatch:physical","PositiveMatch"
"160","66b7d8f1b8226e65dab2d674","control_Similar","66","SimilarControl","ask","inquire","ask-inquire","",""
"161","66b7d8f1b8226e65dab2d674","control_MaxMatch_Positive_Psychological","82","MaxMatch","adore","cherish","adore-cherish","ConceptualMatch:psychological","PositiveMatch"
"162","66b7d8f1b8226e65dab2d674","test_ConceptualMatch_Physical","27","ConceptualMatchingOnly","build","stain","build-stain","ConceptualMatch:physical","PositiveMismatch"
"163","66b7d8f1b8226e65dab2d674","control_MaxMatch_Negative_Physical","64","MaxMatch","slash","corrode","slash-corrode","ConceptualMatch:physical","NegativeMatch"
"164","66b7d8f1b8226e65dab2d674","control_MaxMatch_Negative_Psychological","77","MaxMatch","dishonor","criticize","dishonor-criticize","ConceptualMatch:psychological","NegativeMatch"
"165","66b7d8f1b8226e65dab2d674","control_MaxMatch_Positive_Physical","79","MaxMatch","sculpt","decorate","sculpt-decorate","ConceptualMatch:physical","PositiveMatch"
"166","66b7d8f1b8226e65dab2d674","test_ValenceMatch_Negative","25","ValenceMatchingOnly","rust","criticize","rust-criticize","ConceptualMismatch:physical","NegativeMatch"
"167","66b7d8f1b8226e65dab2d674","test_ConceptualMatch_Psychological","0","ConceptualMatchingOnly","appreciate","despair","appreciate-despair","ConceptualMatch:psychological","PositiveMismatch"
"168","66b7d8f1b8226e65dab2d674","control_MaxMismatch","0","MaxMismatch","cherish","hit","cherish-hit","ConceptualMismatch:psychological","PositiveMismatch"
"169","66b7d8f1b8226e65dab2d674","control_Dissimilar","38","DissimilarControl","give","take","give-take","",""
"170","66b7d8f1b8226e65dab2d674","control_Similar","99","SimilarControl","buy","purchase","buy-purchase","",""
"171","66b7d8f1b8226e65dab2d674","control_Dissimilar","18","DissimilarControl","increase","decrease","increase-decrease","",""
"172","66b7d8f1b8226e65dab2d674","test_ValenceMatch_Positive","0","ValenceMatchingOnly","twinkle","reassure","twinkle-reassure","ConceptualMismatch:physical","PositiveMatch"
"173","66b7d8f1b8226e65dab2d674","control_Similar","87","SimilarControl","speak","talk","speak-talk","",""
"174","66b7d8f1b8226e65dab2d674","control_MaxMatch_Positive_Psychological","98","MaxMatch","appreciate","cherish","appreciate-cherish","ConceptualMatch:psychological","PositiveMatch"
"175","66b7d8f1b8226e65dab2d674","test_ConceptualMatch_Physical","9","ConceptualMatchingOnly","hug","hit","hug-hit","ConceptualMatch:physical","PositiveMismatch"
"176","66b7d8f1b8226e65dab2d674","control_MaxMatch_Negative_Physical","26","MaxMatch","slaughter","tear","slaughter-tear","ConceptualMatch:physical","NegativeMatch"
"177","66b7d8f1b8226e65dab2d674","control_MaxMatch_Negative_Psychological","57","MaxMatch","despair","displease","despair-displease","ConceptualMatch:psychological","NegativeMatch"
"178","66b7d8f1b8226e65dab2d674","control_MaxMatch_Positive_Physical","29","MaxMatch","repair","clean","repair-clean","ConceptualMatch:physical","PositiveMatch"
"179","66b7d8f1b8226e65dab2d674","test_ValenceMatch_Negative","19","ValenceMatchingOnly","hit","criticize","hit-criticize","ConceptualMismatch:physical","NegativeMatch"
"180","66b7d8f1b8226e65dab2d674","test_ConceptualMatch_Psychological","4","ConceptualMatchingOnly","reassure","displease","reassure-displease","ConceptualMatch:psychological","PositiveMismatch"
"181","66b7d8f1b8226e65dab2d674","control_MaxMismatch","0","MaxMismatch","respect","slash","respect-slash","ConceptualMismatch:psychological","PositiveMismatch"
"182","66b7d8f1b8226e65dab2d674","control_Dissimilar","15","DissimilarControl","arrive","leave","arrive-leave","",""
"183","66b7d8f1b8226e65dab2d674","control_Similar","96","SimilarControl","get","obtain","get-obtain","",""
"184","66b7d8f1b8226e65dab2d674","control_Dissimilar","15","DissimilarControl","rise","fall","rise-fall","",""
"185","66b7d8f1b8226e65dab2d674","test_ValenceMatch_Positive","28","ValenceMatchingOnly","hug","impress","hug-impress","ConceptualMismatch:physical","PositiveMatch"
"186","66b7d8f1b8226e65dab2d674","control_Similar","93","SimilarControl","show","display","show-display","",""
"187","66b7d8f1b8226e65dab2d674","control_MaxMatch_Positive_Psychological","99","MaxMatch","appreciate","like","appreciate-like","ConceptualMatch:psychological","PositiveMatch"
"188","66b7d8f1b8226e65dab2d674","test_ConceptualMatch_Physical","12","ConceptualMatchingOnly","sculpt","tear","sculpt-tear","ConceptualMatch:physical","PositiveMismatch"
"189","66b7d8f1b8226e65dab2d674","control_MaxMatch_Negative_Physical","17","MaxMatch","rust","burn","rust-burn","ConceptualMatch:physical","NegativeMatch"
"190","66b7d8f1b8226e65dab2d674","control_MaxMatch_Negative_Psychological","72","MaxMatch","offend","embarrass","offend-embarrass","ConceptualMatch:psychological","NegativeMatch"
"191","66b7d8f1b8226e65dab2d674","control_MaxMatch_Positive_Physical","20","MaxMatch","hug","produce","hug-produce","ConceptualMatch:physical","PositiveMatch"
"192","66b7d8f1b8226e65dab2d674","test_ValenceMatch_Negative","21","ValenceMatchingOnly","stain","displease","stain-displease","ConceptualMismatch:physical","NegativeMatch"
"193","66b7d8f1b8226e65dab2d674","test_ConceptualMatch_Psychological","9","ConceptualMatchingOnly","appreciate","criticize","appreciate-criticize","ConceptualMatch:psychological","PositiveMismatch"
"194","66b7d8f1b8226e65dab2d674","control_MaxMismatch","19","MaxMismatch","admire","delete","admire-delete","ConceptualMismatch:psychological","PositiveMismatch"
"195","66b7d8f1b8226e65dab2d674","control_Dissimilar","33","DissimilarControl","push","pull","push-pull","",""
"196","60dbf6f5a1694ed71ee0fd7f","control_Dissimilar","23","DissimilarControl","begin","end","begin-end","",""
"197","60dbf6f5a1694ed71ee0fd7f","control_Similar","77","SimilarControl","show","display","show-display","",""
"198","60dbf6f5a1694ed71ee0fd7f","test_ValenceMatch_Positive","3","ValenceMatchingOnly","decorate","content","decorate-content","ConceptualMismatch:physical","PositiveMatch"
"199","60dbf6f5a1694ed71ee0fd7f","control_MaxMatch_Negative_Physical","63","MaxMatch","slash","delete","slash-delete","ConceptualMatch:physical","NegativeMatch"
"200","60dbf6f5a1694ed71ee0fd7f","test_ValenceMatch_Negative","29","ValenceMatchingOnly","stain","criticize","stain-criticize","ConceptualMismatch:physical","NegativeMatch"
"201","60dbf6f5a1694ed71ee0fd7f","control_MaxMatch_Positive_Physical","2","MaxMatch","build","twinkle","build-twinkle","ConceptualMatch:physical","PositiveMatch"
"202","60dbf6f5a1694ed71ee0fd7f","control_MaxMatch_Negative_Psychological","56","MaxMatch","offend","dread","offend-dread","ConceptualMatch:psychological","NegativeMatch"
"203","60dbf6f5a1694ed71ee0fd7f","control_MaxMatch_Positive_Psychological","68","MaxMatch","reassure","cherish","reassure-cherish","ConceptualMatch:psychological","PositiveMatch"
"204","60dbf6f5a1694ed71ee0fd7f","test_ConceptualMatch_Psychological","13","ConceptualMatchingOnly","encourage","irritate","encourage-irritate","ConceptualMatch:psychological","PositiveMismatch"
"205","60dbf6f5a1694ed71ee0fd7f","control_Dissimilar","22","DissimilarControl","arrive","leave","arrive-leave","",""
"206","60dbf6f5a1694ed71ee0fd7f","test_ConceptualMatch_Physical","10","ConceptualMatchingOnly","produce","burn","produce-burn","ConceptualMatch:physical","PositiveMismatch"
"207","60dbf6f5a1694ed71ee0fd7f","control_MaxMismatch","0","MaxMismatch","content","tear","content-tear","ConceptualMismatch:psychological","PositiveMismatch"
"208","60dbf6f5a1694ed71ee0fd7f","control_Similar","32","SimilarControl","begin","start","begin-start","",""
"209","60dbf6f5a1694ed71ee0fd7f","control_Dissimilar","26","DissimilarControl","increase","decrease","increase-decrease","",""
"210","60dbf6f5a1694ed71ee0fd7f","control_Similar","98","SimilarControl","speak","talk","speak-talk","",""
"211","60dbf6f5a1694ed71ee0fd7f","test_ValenceMatch_Positive","19","ValenceMatchingOnly","hug","impress","hug-impress","ConceptualMismatch:physical","PositiveMatch"
"212","60dbf6f5a1694ed71ee0fd7f","control_MaxMatch_Negative_Physical","9","MaxMatch","rust","delete","rust-delete","ConceptualMatch:physical","NegativeMatch"
"213","60dbf6f5a1694ed71ee0fd7f","test_ValenceMatch_Negative","21","ValenceMatchingOnly","burn","dismay","burn-dismay","ConceptualMismatch:physical","NegativeMatch"
"214","60dbf6f5a1694ed71ee0fd7f","control_MaxMatch_Positive_Physical","7","MaxMatch","hug","clean","hug-clean","ConceptualMatch:physical","PositiveMatch"
"215","60dbf6f5a1694ed71ee0fd7f","control_MaxMatch_Negative_Psychological","62","MaxMatch","displease","criticize","displease-criticize","ConceptualMatch:psychological","NegativeMatch"
"216","60dbf6f5a1694ed71ee0fd7f","control_MaxMatch_Positive_Psychological","32","MaxMatch","reassure","admire","reassure-admire","ConceptualMatch:psychological","PositiveMatch"
"217","60dbf6f5a1694ed71ee0fd7f","test_ConceptualMatch_Psychological","11","ConceptualMatchingOnly","adore","displease","adore-displease","ConceptualMatch:psychological","PositiveMismatch"
"218","60dbf6f5a1694ed71ee0fd7f","control_Dissimilar","23","DissimilarControl","add","remove","add-remove","",""
"219","60dbf6f5a1694ed71ee0fd7f","test_ConceptualMatch_Physical","29","ConceptualMatchingOnly","caress","tear","caress-tear","ConceptualMatch:physical","PositiveMismatch"
"220","60dbf6f5a1694ed71ee0fd7f","control_MaxMismatch","8","MaxMismatch","impress","crash","impress-crash","ConceptualMismatch:psychological","PositiveMismatch"
"221","60dbf6f5a1694ed71ee0fd7f","control_Similar","92","SimilarControl","need","require","need-require","",""
"222","60dbf6f5a1694ed71ee0fd7f","control_Dissimilar","32","DissimilarControl","come","go","come-go","",""
"223","60dbf6f5a1694ed71ee0fd7f","control_Similar","96","SimilarControl","help","assist","help-assist","",""
"224","60dbf6f5a1694ed71ee0fd7f","test_ValenceMatch_Positive","65","ValenceMatchingOnly","caress","adore","caress-adore","ConceptualMismatch:physical","PositiveMatch"
"225","60dbf6f5a1694ed71ee0fd7f","control_MaxMatch_Negative_Physical","55","MaxMatch","crash","tear","crash-tear","ConceptualMatch:physical","NegativeMatch"
"226","60dbf6f5a1694ed71ee0fd7f","test_ValenceMatch_Negative","34","ValenceMatchingOnly","corrode","irritate","corrode-irritate","ConceptualMismatch:physical","NegativeMatch"
"227","60dbf6f5a1694ed71ee0fd7f","control_MaxMatch_Positive_Physical","16","MaxMatch","repair","hug","repair-hug","ConceptualMatch:physical","PositiveMatch"
"228","60dbf6f5a1694ed71ee0fd7f","control_MaxMatch_Negative_Psychological","52","MaxMatch","irritate","dismay","irritate-dismay","ConceptualMatch:psychological","NegativeMatch"
"229","60dbf6f5a1694ed71ee0fd7f","control_MaxMatch_Positive_Psychological","63","MaxMatch","appreciate","impress","appreciate-impress","ConceptualMatch:psychological","PositiveMatch"
"230","60dbf6f5a1694ed71ee0fd7f","test_ConceptualMatch_Psychological","20","ConceptualMatchingOnly","respect","offend","respect-offend","ConceptualMatch:psychological","PositiveMismatch"
"231","60dbf6f5a1694ed71ee0fd7f","control_Dissimilar","26","DissimilarControl","rise","fall","rise-fall","",""
"232","60dbf6f5a1694ed71ee0fd7f","test_ConceptualMatch_Physical","25","ConceptualMatchingOnly","cuddle","slaughter","cuddle-slaughter","ConceptualMatch:physical","PositiveMismatch"
"233","60dbf6f5a1694ed71ee0fd7f","control_MaxMismatch","13","MaxMismatch","like","slaughter","like-slaughter","ConceptualMismatch:psychological","PositiveMismatch"
"234","60dbf6f5a1694ed71ee0fd7f","control_Similar","86","SimilarControl","get","obtain","get-obtain","",""
"235","60dbf6f5a1694ed71ee0fd7f","control_Dissimilar","28","DissimilarControl","give","take","give-take","",""
"236","60dbf6f5a1694ed71ee0fd7f","control_Similar","69","SimilarControl","use","employ","use-employ","",""
"237","60dbf6f5a1694ed71ee0fd7f","test_ValenceMatch_Positive","71","ValenceMatchingOnly","hug","cherish","hug-cherish","ConceptualMismatch:physical","PositiveMatch"
"238","60dbf6f5a1694ed71ee0fd7f","control_MaxMatch_Negative_Physical","52","MaxMatch","slash","crash","slash-crash","ConceptualMatch:physical","NegativeMatch"
"239","60dbf6f5a1694ed71ee0fd7f","test_ValenceMatch_Negative","31","ValenceMatchingOnly","corrode","discourage","corrode-discourage","ConceptualMismatch:physical","NegativeMatch"
"240","60dbf6f5a1694ed71ee0fd7f","control_MaxMatch_Positive_Physical","5","MaxMatch","sculpt","twinkle","sculpt-twinkle","ConceptualMatch:physical","PositiveMatch"
"241","60dbf6f5a1694ed71ee0fd7f","control_MaxMatch_Negative_Psychological","71","MaxMatch","irritate","displease","irritate-displease","ConceptualMatch:psychological","NegativeMatch"
"242","60dbf6f5a1694ed71ee0fd7f","control_MaxMatch_Positive_Psychological","64","MaxMatch","encourage","impress","encourage-impress","ConceptualMatch:psychological","PositiveMatch"
"243","60dbf6f5a1694ed71ee0fd7f","test_ConceptualMatch_Psychological","26","ConceptualMatchingOnly","adore","offend","adore-offend","ConceptualMatch:psychological","PositiveMismatch"
"244","60dbf6f5a1694ed71ee0fd7f","control_Dissimilar","25","DissimilarControl","open","close","open-close","",""
"245","60dbf6f5a1694ed71ee0fd7f","test_ConceptualMatch_Physical","0","ConceptualMatchingOnly","twinkle","stain","twinkle-stain","ConceptualMatch:physical","PositiveMismatch"
"246","60dbf6f5a1694ed71ee0fd7f","control_MaxMismatch","5","MaxMismatch","like","tear","like-tear","ConceptualMismatch:psychological","PositiveMismatch"
"247","60dbf6f5a1694ed71ee0fd7f","control_Similar","99","SimilarControl","buy","purchase","buy-purchase","",""
"248","60dbf6f5a1694ed71ee0fd7f","control_Dissimilar","21","DissimilarControl","enter","exit","enter-exit","",""
"249","60dbf6f5a1694ed71ee0fd7f","control_Similar","99","SimilarControl","end","finish","end-finish","",""
"250","60dbf6f5a1694ed71ee0fd7f","test_ValenceMatch_Positive","27","ValenceMatchingOnly","repair","content","repair-content","ConceptualMismatch:physical","PositiveMatch"
"251","60dbf6f5a1694ed71ee0fd7f","control_MaxMatch_Negative_Physical","8","MaxMatch","stain","delete","stain-delete","ConceptualMatch:physical","NegativeMatch"
"252","60dbf6f5a1694ed71ee0fd7f","test_ValenceMatch_Negative","11","ValenceMatchingOnly","delete","dismay","delete-dismay","ConceptualMismatch:physical","NegativeMatch"
"253","60dbf6f5a1694ed71ee0fd7f","control_MaxMatch_Positive_Physical","33","MaxMatch","cuddle","decorate","cuddle-decorate","ConceptualMatch:physical","PositiveMatch"
"254","60dbf6f5a1694ed71ee0fd7f","control_MaxMatch_Negative_Psychological","37","MaxMatch","criticize","dread","criticize-dread","ConceptualMatch:psychological","NegativeMatch"
"255","60dbf6f5a1694ed71ee0fd7f","control_MaxMatch_Positive_Psychological","61","MaxMatch","impress","cherish","impress-cherish","ConceptualMatch:psychological","PositiveMatch"
"256","60dbf6f5a1694ed71ee0fd7f","test_ConceptualMatch_Psychological","18","ConceptualMatchingOnly","encourage","dishonor","encourage-dishonor","ConceptualMatch:psychological","PositiveMismatch"
"257","60dbf6f5a1694ed71ee0fd7f","control_Dissimilar","28","DissimilarControl","push","pull","push-pull","",""
"258","60dbf6f5a1694ed71ee0fd7f","test_ConceptualMatch_Physical","11","ConceptualMatchingOnly","hug","delete","hug-delete","ConceptualMatch:physical","PositiveMismatch"
"259","60dbf6f5a1694ed71ee0fd7f","control_MaxMismatch","24","MaxMismatch","adore","tear","adore-tear","ConceptualMismatch:psychological","PositiveMismatch"
"260","60dbf6f5a1694ed71ee0fd7f","control_Similar","99","SimilarControl","ask","inquire","ask-inquire","",""
"261","67f2cc226edbc1557a94e6ca","control_Similar","99","SimilarControl","help","assist","help-assist","",""
"262","67f2cc226edbc1557a94e6ca","control_Dissimilar","17","DissimilarControl","begin","end","begin-end","",""
"263","67f2cc226edbc1557a94e6ca","control_MaxMatch_Negative_Physical","12","MaxMatch","crash","stain","crash-stain","ConceptualMatch:physical","NegativeMatch"
"264","67f2cc226edbc1557a94e6ca","test_ConceptualMatch_Physical","29","ConceptualMatchingOnly","build","hit","build-hit","ConceptualMatch:physical","PositiveMismatch"
"265","67f2cc226edbc1557a94e6ca","test_ValenceMatch_Positive","34","ValenceMatchingOnly","sculpt","like","sculpt-like","ConceptualMismatch:physical","PositiveMatch"
"266","67f2cc226edbc1557a94e6ca","test_ConceptualMatch_Psychological","26","ConceptualMatchingOnly","appreciate","irritate","appreciate-irritate","ConceptualMatch:psychological","PositiveMismatch"
"267","67f2cc226edbc1557a94e6ca","test_ValenceMatch_Negative","92","ValenceMatchingOnly","burn","despair","burn-despair","ConceptualMismatch:physical","NegativeMatch"
"268","67f2cc226edbc1557a94e6ca","control_Similar","99","SimilarControl","use","employ","use-employ","",""
"269","67f2cc226edbc1557a94e6ca","control_Dissimilar","0","DissimilarControl","give","take","give-take","",""
"270","67f2cc226edbc1557a94e6ca","control_MaxMatch_Positive_Psychological","80","MaxMatch","appreciate","admire","appreciate-admire","ConceptualMatch:psychological","PositiveMatch"
"271","67f2cc226edbc1557a94e6ca","control_MaxMatch_Positive_Physical","16","MaxMatch","build","twinkle","build-twinkle","ConceptualMatch:physical","PositiveMatch"
"272","67f2cc226edbc1557a94e6ca","control_MaxMismatch","13","MaxMismatch","admire","rust","admire-rust","ConceptualMismatch:psychological","PositiveMismatch"
"273","67f2cc226edbc1557a94e6ca","control_MaxMatch_Negative_Psychological","94","MaxMatch","displease","dismay","displease-dismay","ConceptualMatch:psychological","NegativeMatch"
"274","67f2cc226edbc1557a94e6ca","control_Similar","99","SimilarControl","show","display","show-display","",""
"275","67f2cc226edbc1557a94e6ca","control_Dissimilar","0","DissimilarControl","add","remove","add-remove","",""
"276","67f2cc226edbc1557a94e6ca","control_MaxMatch_Negative_Physical","78","MaxMatch","rust","burn","rust-burn","ConceptualMatch:physical","NegativeMatch"
"277","67f2cc226edbc1557a94e6ca","test_ConceptualMatch_Physical","8","ConceptualMatchingOnly","decorate","delete","decorate-delete","ConceptualMatch:physical","PositiveMismatch"
"278","67f2cc226edbc1557a94e6ca","test_ValenceMatch_Positive","83","ValenceMatchingOnly","clean","cherish","clean-cherish","ConceptualMismatch:physical","PositiveMatch"
"279","67f2cc226edbc1557a94e6ca","test_ConceptualMatch_Psychological","0","ConceptualMatchingOnly","respect","embarrass","respect-embarrass","ConceptualMatch:psychological","PositiveMismatch"
"280","67f2cc226edbc1557a94e6ca","test_ValenceMatch_Negative","78","ValenceMatchingOnly","corrode","dread","corrode-dread","ConceptualMismatch:physical","NegativeMatch"
"281","67f2cc226edbc1557a94e6ca","control_Similar","99","SimilarControl","end","finish","end-finish","",""
"282","67f2cc226edbc1557a94e6ca","control_Dissimilar","0","DissimilarControl","increase","decrease","increase-decrease","",""
"283","67f2cc226edbc1557a94e6ca","control_MaxMatch_Positive_Psychological","99","MaxMatch","appreciate","impress","appreciate-impress","ConceptualMatch:psychological","PositiveMatch"
"284","67f2cc226edbc1557a94e6ca","control_MaxMatch_Positive_Physical","70","MaxMatch","sculpt","decorate","sculpt-decorate","ConceptualMatch:physical","PositiveMatch"
"285","67f2cc226edbc1557a94e6ca","control_MaxMismatch","0","MaxMismatch","appreciate","stain","appreciate-stain","ConceptualMismatch:psychological","PositiveMismatch"
"286","67f2cc226edbc1557a94e6ca","control_MaxMatch_Negative_Psychological","93","MaxMatch","criticize","dread","criticize-dread","ConceptualMatch:psychological","NegativeMatch"
"287","67f2cc226edbc1557a94e6ca","control_Similar","99","SimilarControl","need","require","need-require","",""
"288","67f2cc226edbc1557a94e6ca","control_Dissimilar","8","DissimilarControl","push","pull","push-pull","",""
"289","67f2cc226edbc1557a94e6ca","control_MaxMatch_Negative_Physical","93","MaxMatch","tear","burn","tear-burn","ConceptualMatch:physical","NegativeMatch"
"290","67f2cc226edbc1557a94e6ca","test_ConceptualMatch_Physical","13","ConceptualMatchingOnly","twinkle","crash","twinkle-crash","ConceptualMatch:physical","PositiveMismatch"
"291","67f2cc226edbc1557a94e6ca","test_ValenceMatch_Positive","11","ValenceMatchingOnly","hug","content","hug-content","ConceptualMismatch:physical","PositiveMatch"
"292","67f2cc226edbc1557a94e6ca","test_ConceptualMatch_Psychological","6","ConceptualMatchingOnly","reassure","dismay","reassure-dismay","ConceptualMatch:psychological","PositiveMismatch"
"293","67f2cc226edbc1557a94e6ca","test_ValenceMatch_Negative","82","ValenceMatchingOnly","rust","despair","rust-despair","ConceptualMismatch:physical","NegativeMatch"
"294","67f2cc226edbc1557a94e6ca","control_Similar","97","SimilarControl","ask","inquire","ask-inquire","",""
"295","67f2cc226edbc1557a94e6ca","control_Dissimilar","0","DissimilarControl","arrive","leave","arrive-leave","",""
"296","67f2cc226edbc1557a94e6ca","control_MaxMatch_Positive_Psychological","99","MaxMatch","encourage","appreciate","encourage-appreciate","ConceptualMatch:psychological","PositiveMatch"
"297","67f2cc226edbc1557a94e6ca","control_MaxMatch_Positive_Physical","23","MaxMatch","cuddle","sculpt","cuddle-sculpt","ConceptualMatch:physical","PositiveMatch"
"298","67f2cc226edbc1557a94e6ca","control_MaxMismatch","0","MaxMismatch","impress","rust","impress-rust","ConceptualMismatch:psychological","PositiveMismatch"
"299","67f2cc226edbc1557a94e6ca","control_MaxMatch_Negative_Psychological","99","MaxMatch","dishonor","discourage","dishonor-discourage","ConceptualMatch:psychological","NegativeMatch"
"300","67f2cc226edbc1557a94e6ca","control_Similar","99","SimilarControl","begin","start","begin-start","",""
"301","67f2cc226edbc1557a94e6ca","control_Dissimilar","4","DissimilarControl","rise","fall","rise-fall","",""
"302","67f2cc226edbc1557a94e6ca","control_MaxMatch_Negative_Physical","45","MaxMatch","slaughter","corrode","slaughter-corrode","ConceptualMatch:physical","NegativeMatch"
"303","67f2cc226edbc1557a94e6ca","test_ConceptualMatch_Physical","35","ConceptualMatchingOnly","cuddle","tear","cuddle-tear","ConceptualMatch:physical","PositiveMismatch"
"304","67f2cc226edbc1557a94e6ca","test_ValenceMatch_Positive","96","ValenceMatchingOnly","build","cherish","build-cherish","ConceptualMismatch:physical","PositiveMatch"
"305","67f2cc226edbc1557a94e6ca","test_ConceptualMatch_Psychological","12","ConceptualMatchingOnly","adore","dread","adore-dread","ConceptualMatch:psychological","PositiveMismatch"
"306","67f2cc226edbc1557a94e6ca","test_ValenceMatch_Negative","86","ValenceMatchingOnly","slaughter","criticize","slaughter-criticize","ConceptualMismatch:physical","NegativeMatch"
"307","67f2cc226edbc1557a94e6ca","control_Similar","99","SimilarControl","buy","purchase","buy-purchase","",""
"308","67f2cc226edbc1557a94e6ca","control_Dissimilar","0","DissimilarControl","enter","exit","enter-exit","",""
"309","67f2cc226edbc1557a94e6ca","control_MaxMatch_Positive_Psychological","75","MaxMatch","content","encourage","content-encourage","ConceptualMatch:psychological","PositiveMatch"
"310","67f2cc226edbc1557a94e6ca","control_MaxMatch_Positive_Physical","31","MaxMatch","caress","sculpt","caress-sculpt","ConceptualMatch:physical","PositiveMatch"
"311","67f2cc226edbc1557a94e6ca","control_MaxMismatch","48","MaxMismatch","cherish","crash","cherish-crash","ConceptualMismatch:psychological","PositiveMismatch"
"312","67f2cc226edbc1557a94e6ca","control_MaxMatch_Negative_Psychological","90","MaxMatch","irritate","criticize","irritate-criticize","ConceptualMatch:psychological","NegativeMatch"
"313","67f2cc226edbc1557a94e6ca","control_Similar","99","SimilarControl","get","obtain","get-obtain","",""
"314","67f2cc226edbc1557a94e6ca","control_Dissimilar","0","DissimilarControl","open","close","open-close","",""
"315","67f2cc226edbc1557a94e6ca","control_MaxMatch_Negative_Physical","53","MaxMatch","slaughter","hit","slaughter-hit","ConceptualMatch:physical","NegativeMatch"
"316","67f2cc226edbc1557a94e6ca","test_ConceptualMatch_Physical","66","ConceptualMatchingOnly","sculpt","burn","sculpt-burn","ConceptualMatch:physical","PositiveMismatch"
"317","67f2cc226edbc1557a94e6ca","test_ValenceMatch_Positive","77","ValenceMatchingOnly","decorate","respect","decorate-respect","ConceptualMismatch:physical","PositiveMatch"
"318","67f2cc226edbc1557a94e6ca","test_ConceptualMatch_Psychological","47","ConceptualMatchingOnly","admire","despair","admire-despair","ConceptualMatch:psychological","PositiveMismatch"
"319","67f2cc226edbc1557a94e6ca","test_ValenceMatch_Negative","81","ValenceMatchingOnly","corrode","offend","corrode-offend","ConceptualMismatch:physical","NegativeMatch"
"320","67f2cc226edbc1557a94e6ca","control_Similar","99","SimilarControl","speak","talk","speak-talk","",""
"321","67f2cc226edbc1557a94e6ca","control_Dissimilar","0","DissimilarControl","come","go","come-go","",""
"322","67f2cc226edbc1557a94e6ca","control_MaxMatch_Positive_Psychological","91","MaxMatch","appreciate","respect","appreciate-respect","ConceptualMatch:psychological","PositiveMatch"
"323","67f2cc226edbc1557a94e6ca","control_MaxMatch_Positive_Physical","99","MaxMatch","build","repair","build-repair","ConceptualMatch:physical","PositiveMatch"
"324","67f2cc226edbc1557a94e6ca","control_MaxMismatch","82","MaxMismatch","appreciate","slaughter","appreciate-slaughter","ConceptualMismatch:psychological","PositiveMismatch"
"325","67f2cc226edbc1557a94e6ca","control_MaxMatch_Negative_Psychological","87","MaxMatch","irritate","dread","irritate-dread","ConceptualMatch:psychological","NegativeMatch"
"326","5fcaa3f3d991a9748f8b9e1c","control_Similar","99","SimilarControl","ask","inquire","ask-inquire","",""
"327","5fcaa3f3d991a9748f8b9e1c","control_Dissimilar","0","DissimilarControl","open","close","open-close","",""
"328","5fcaa3f3d991a9748f8b9e1c","control_Similar","99","SimilarControl","show","display","show-display","",""
"329","5fcaa3f3d991a9748f8b9e1c","control_MaxMatch_Positive_Psychological","79","MaxMatch","impress","respect","impress-respect","ConceptualMatch:psychological","PositiveMatch"
"330","5fcaa3f3d991a9748f8b9e1c","control_MaxMatch_Negative_Psychological","67","MaxMatch","displease","discourage","displease-discourage","ConceptualMatch:psychological","NegativeMatch"
"331","5fcaa3f3d991a9748f8b9e1c","control_Dissimilar","0","DissimilarControl","give","take","give-take","",""
"332","5fcaa3f3d991a9748f8b9e1c","test_ValenceMatch_Negative","99","ValenceMatchingOnly","tear","despair","tear-despair","ConceptualMismatch:physical","NegativeMatch"
"333","5fcaa3f3d991a9748f8b9e1c","test_ConceptualMatch_Psychological","0","ConceptualMatchingOnly","admire","dismay","admire-dismay","ConceptualMatch:psychological","PositiveMismatch"
"334","5fcaa3f3d991a9748f8b9e1c","control_MaxMatch_Positive_Physical","3","MaxMatch","sculpt","clean","sculpt-clean","ConceptualMatch:physical","PositiveMatch"
"335","5fcaa3f3d991a9748f8b9e1c","control_MaxMismatch","0","MaxMismatch","like","slash","like-slash","ConceptualMismatch:psychological","PositiveMismatch"
"336","5fcaa3f3d991a9748f8b9e1c","control_MaxMatch_Negative_Physical","16","MaxMatch","burn","hit","burn-hit","ConceptualMatch:physical","NegativeMatch"
"337","5fcaa3f3d991a9748f8b9e1c","test_ConceptualMatch_Physical","0","ConceptualMatchingOnly","hug","burn","hug-burn","ConceptualMatch:physical","PositiveMismatch"
"338","5fcaa3f3d991a9748f8b9e1c","test_ValenceMatch_Positive","0","ValenceMatchingOnly","sculpt","respect","sculpt-respect","ConceptualMismatch:physical","PositiveMatch"
"339","5fcaa3f3d991a9748f8b9e1c","control_Similar","99","SimilarControl","buy","purchase","buy-purchase","",""
"340","5fcaa3f3d991a9748f8b9e1c","control_Dissimilar","0","DissimilarControl","enter","exit","enter-exit","",""
"341","5fcaa3f3d991a9748f8b9e1c","control_Similar","99","SimilarControl","need","require","need-require","",""
"342","5fcaa3f3d991a9748f8b9e1c","control_MaxMatch_Positive_Psychological","99","MaxMatch","admire","adore","admire-adore","ConceptualMatch:psychological","PositiveMatch"
"343","5fcaa3f3d991a9748f8b9e1c","control_MaxMatch_Negative_Psychological","77","MaxMatch","despair","irritate","despair-irritate","ConceptualMatch:psychological","NegativeMatch"
"344","5fcaa3f3d991a9748f8b9e1c","control_Dissimilar","0","DissimilarControl","rise","fall","rise-fall","",""
"345","5fcaa3f3d991a9748f8b9e1c","test_ValenceMatch_Negative","28","ValenceMatchingOnly","slash","discourage","slash-discourage","ConceptualMismatch:physical","NegativeMatch"
"346","5fcaa3f3d991a9748f8b9e1c","test_ConceptualMatch_Psychological","0","ConceptualMatchingOnly","reassure","despair","reassure-despair","ConceptualMatch:psychological","PositiveMismatch"
"347","5fcaa3f3d991a9748f8b9e1c","control_MaxMatch_Positive_Physical","0","MaxMatch","caress","produce","caress-produce","ConceptualMatch:physical","PositiveMatch"
"348","5fcaa3f3d991a9748f8b9e1c","control_MaxMismatch","0","MaxMismatch","like","corrode","like-corrode","ConceptualMismatch:psychological","PositiveMismatch"
"349","5fcaa3f3d991a9748f8b9e1c","control_MaxMatch_Negative_Physical","16","MaxMatch","crash","tear","crash-tear","ConceptualMatch:physical","NegativeMatch"
"350","5fcaa3f3d991a9748f8b9e1c","test_ConceptualMatch_Physical","0","ConceptualMatchingOnly","build","crash","build-crash","ConceptualMatch:physical","PositiveMismatch"
"351","5fcaa3f3d991a9748f8b9e1c","test_ValenceMatch_Positive","59","ValenceMatchingOnly","twinkle","appreciate","twinkle-appreciate","ConceptualMismatch:physical","PositiveMatch"
"352","5fcaa3f3d991a9748f8b9e1c","control_Similar","99","SimilarControl","get","obtain","get-obtain","",""
"353","5fcaa3f3d991a9748f8b9e1c","control_Dissimilar","0","DissimilarControl","come","go","come-go","",""
"354","5fcaa3f3d991a9748f8b9e1c","control_Similar","99","SimilarControl","help","assist","help-assist","",""
"355","5fcaa3f3d991a9748f8b9e1c","control_MaxMatch_Positive_Psychological","60","MaxMatch","reassure","admire","reassure-admire","ConceptualMatch:psychological","PositiveMatch"
"356","5fcaa3f3d991a9748f8b9e1c","control_MaxMatch_Negative_Psychological","59","MaxMatch","irritate","dishonor","irritate-dishonor","ConceptualMatch:psychological","NegativeMatch"
"357","5fcaa3f3d991a9748f8b9e1c","control_Dissimilar","0","DissimilarControl","increase","decrease","increase-decrease","",""
"358","5fcaa3f3d991a9748f8b9e1c","test_ValenceMatch_Negative","37","ValenceMatchingOnly","stain","offend","stain-offend","ConceptualMismatch:physical","NegativeMatch"
"359","5fcaa3f3d991a9748f8b9e1c","test_ConceptualMatch_Psychological","0","ConceptualMatchingOnly","reassure","displease","reassure-displease","ConceptualMatch:psychological","PositiveMismatch"
"360","5fcaa3f3d991a9748f8b9e1c","control_MaxMatch_Positive_Physical","0","MaxMatch","build","hug","build-hug","ConceptualMatch:physical","PositiveMatch"
"361","5fcaa3f3d991a9748f8b9e1c","control_MaxMismatch","0","MaxMismatch","cherish","rust","cherish-rust","ConceptualMismatch:psychological","PositiveMismatch"
"362","5fcaa3f3d991a9748f8b9e1c","control_MaxMatch_Negative_Physical","94","MaxMatch","slaughter","slash","slaughter-slash","ConceptualMatch:physical","NegativeMatch"
"363","5fcaa3f3d991a9748f8b9e1c","test_ConceptualMatch_Physical","0","ConceptualMatchingOnly","cuddle","crash","cuddle-crash","ConceptualMatch:physical","PositiveMismatch"
"364","5fcaa3f3d991a9748f8b9e1c","test_ValenceMatch_Positive","28","ValenceMatchingOnly","produce","appreciate","produce-appreciate","ConceptualMismatch:physical","PositiveMatch"
"365","5fcaa3f3d991a9748f8b9e1c","control_Similar","99","SimilarControl","speak","talk","speak-talk","",""
"366","5fcaa3f3d991a9748f8b9e1c","control_Dissimilar","0","DissimilarControl","push","pull","push-pull","",""
"367","5fcaa3f3d991a9748f8b9e1c","control_Similar","99","SimilarControl","end","finish","end-finish","",""
"368","5fcaa3f3d991a9748f8b9e1c","control_MaxMatch_Positive_Psychological","59","MaxMatch","impress","reassure","impress-reassure","ConceptualMatch:psychological","PositiveMatch"
"369","5fcaa3f3d991a9748f8b9e1c","control_MaxMatch_Negative_Psychological","62","MaxMatch","displease","embarrass","displease-embarrass","ConceptualMatch:psychological","NegativeMatch"
"370","5fcaa3f3d991a9748f8b9e1c","control_Dissimilar","0","DissimilarControl","arrive","leave","arrive-leave","",""
"371","5fcaa3f3d991a9748f8b9e1c","test_ValenceMatch_Negative","19","ValenceMatchingOnly","delete","despair","delete-despair","ConceptualMismatch:physical","NegativeMatch"
"372","5fcaa3f3d991a9748f8b9e1c","test_ConceptualMatch_Psychological","0","ConceptualMatchingOnly","respect","dishonor","respect-dishonor","ConceptualMatch:psychological","PositiveMismatch"
"373","5fcaa3f3d991a9748f8b9e1c","control_MaxMatch_Positive_Physical","57","MaxMatch","repair","caress","repair-caress","ConceptualMatch:physical","PositiveMatch"
"374","5fcaa3f3d991a9748f8b9e1c","control_MaxMismatch","0","MaxMismatch","like","stain","like-stain","ConceptualMismatch:psychological","PositiveMismatch"
"375","5fcaa3f3d991a9748f8b9e1c","control_MaxMatch_Negative_Physical","44","MaxMatch","slaughter","delete","slaughter-delete","ConceptualMatch:physical","NegativeMatch"
"376","5fcaa3f3d991a9748f8b9e1c","test_ConceptualMatch_Physical","0","ConceptualMatchingOnly","hug","stain","hug-stain","ConceptualMatch:physical","PositiveMismatch"
"377","5fcaa3f3d991a9748f8b9e1c","test_ValenceMatch_Positive","99","ValenceMatchingOnly","cuddle","appreciate","cuddle-appreciate","ConceptualMismatch:physical","PositiveMatch"
"378","5fcaa3f3d991a9748f8b9e1c","control_Similar","99","SimilarControl","begin","start","begin-start","",""
"379","5fcaa3f3d991a9748f8b9e1c","control_Dissimilar","0","DissimilarControl","begin","end","begin-end","",""
"380","5fcaa3f3d991a9748f8b9e1c","control_Similar","99","SimilarControl","use","employ","use-employ","",""
"381","5fcaa3f3d991a9748f8b9e1c","control_MaxMatch_Positive_Psychological","73","MaxMatch","content","cherish","content-cherish","ConceptualMatch:psychological","PositiveMatch"
"382","5fcaa3f3d991a9748f8b9e1c","control_MaxMatch_Negative_Psychological","80","MaxMatch","despair","dishonor","despair-dishonor","ConceptualMatch:psychological","NegativeMatch"
"383","5fcaa3f3d991a9748f8b9e1c","control_Dissimilar","0","DissimilarControl","add","remove","add-remove","",""
"384","5fcaa3f3d991a9748f8b9e1c","test_ValenceMatch_Negative","74","ValenceMatchingOnly","hit","dishonor","hit-dishonor","ConceptualMismatch:physical","NegativeMatch"
"385","5fcaa3f3d991a9748f8b9e1c","test_ConceptualMatch_Psychological","0","ConceptualMatchingOnly","admire","despair","admire-despair","ConceptualMatch:psychological","PositiveMismatch"
"386","5fcaa3f3d991a9748f8b9e1c","control_MaxMatch_Positive_Physical","99","MaxMatch","build","sculpt","build-sculpt","ConceptualMatch:physical","PositiveMatch"
"387","5fcaa3f3d991a9748f8b9e1c","control_MaxMismatch","0","MaxMismatch","impress","slaughter","impress-slaughter","ConceptualMismatch:psychological","PositiveMismatch"
"388","5fcaa3f3d991a9748f8b9e1c","control_MaxMatch_Negative_Physical","88","MaxMatch","delete","corrode","delete-corrode","ConceptualMatch:physical","NegativeMatch"
"389","5fcaa3f3d991a9748f8b9e1c","test_ConceptualMatch_Physical","0","ConceptualMatchingOnly","twinkle","corrode","twinkle-corrode","ConceptualMatch:physical","PositiveMismatch"
"390","5fcaa3f3d991a9748f8b9e1c","test_ValenceMatch_Positive","65","ValenceMatchingOnly","produce","like","produce-like","ConceptualMismatch:physical","PositiveMatch"
"391","yv","control_Similar","99","SimilarControl","use","employ","use-employ","",""
"392","yv","control_Dissimilar","6","DissimilarControl","give","take","give-take","",""
"393","yv","test_ConceptualMatch_Psychological","83","ConceptualMatchingOnly","content","despair","content-despair","ConceptualMatch:psychological","PositiveMismatch"
"394","yv","control_MaxMismatch","91","MaxMismatch","adore","hit","adore-hit","ConceptualMismatch:psychological","PositiveMismatch"
"395","yv","control_MaxMatch_Positive_Psychological","93","MaxMatch","impress","cherish","impress-cherish","ConceptualMatch:psychological","PositiveMatch"
"396","yv","control_MaxMatch_Negative_Physical","3","MaxMatch","rust","hit","rust-hit","ConceptualMatch:physical","NegativeMatch"
"397","yv","test_ConceptualMatch_Physical","0","ConceptualMatchingOnly","repair","delete","repair-delete","ConceptualMatch:physical","PositiveMismatch"
"398","yv","test_ValenceMatch_Positive","91","ValenceMatchingOnly","build","content","build-content","ConceptualMismatch:physical","PositiveMatch"
"399","yv","control_Similar","6","SimilarControl","get","obtain","get-obtain","",""
"400","yv","test_ValenceMatch_Negative","99","ValenceMatchingOnly","slash","dishonor","slash-dishonor","ConceptualMismatch:physical","NegativeMatch"
"401","yv","control_Dissimilar","90","DissimilarControl","push","pull","push-pull","",""
"402","yv","control_MaxMatch_Negative_Psychological","97","MaxMatch","offend","discourage","offend-discourage","ConceptualMatch:psychological","NegativeMatch"
"403","yv","control_MaxMatch_Positive_Physical","12","MaxMatch","sculpt","clean","sculpt-clean","ConceptualMatch:physical","PositiveMatch"
"404","yv","control_Similar","94","SimilarControl","begin","start","begin-start","",""
"405","yv","control_Dissimilar","6","DissimilarControl","open","close","open-close","",""
"406","yv","test_ConceptualMatch_Psychological","13","ConceptualMatchingOnly","content","criticize","content-criticize","ConceptualMatch:psychological","PositiveMismatch"
"407","yv","control_MaxMismatch","7","MaxMismatch","like","slash","like-slash","ConceptualMismatch:psychological","PositiveMismatch"
"408","yv","control_MaxMatch_Positive_Psychological","93","MaxMatch","encourage","reassure","encourage-reassure","ConceptualMatch:psychological","PositiveMatch"
"409","yv","control_MaxMatch_Negative_Physical","8","MaxMatch","slash","hit","slash-hit","ConceptualMatch:physical","NegativeMatch"
"410","yv","test_ConceptualMatch_Physical","17","ConceptualMatchingOnly","repair","burn","repair-burn","ConceptualMatch:physical","PositiveMismatch"
"411","yv","test_ValenceMatch_Positive","94","ValenceMatchingOnly","sculpt","admire","sculpt-admire","ConceptualMismatch:physical","PositiveMatch"
"412","yv","control_Similar","99","SimilarControl","buy","purchase","buy-purchase","",""
"413","yv","test_ValenceMatch_Negative","12","ValenceMatchingOnly","tear","despair","tear-despair","ConceptualMismatch:physical","NegativeMatch"
"414","yv","control_Dissimilar","96","DissimilarControl","increase","decrease","increase-decrease","",""
"415","yv","control_MaxMatch_Negative_Psychological","0","MaxMatch","embarrass","discourage","embarrass-discourage","ConceptualMatch:psychological","NegativeMatch"
"416","yv","control_MaxMatch_Positive_Physical","94","MaxMatch","decorate","clean","decorate-clean","ConceptualMatch:physical","PositiveMatch"
"417","yv","control_Similar","0","SimilarControl","show","display","show-display","",""
"418","yv","control_Dissimilar","99","DissimilarControl","come","go","come-go","",""
"419","yv","test_ConceptualMatch_Psychological","0","ConceptualMatchingOnly","respect","offend","respect-offend","ConceptualMatch:psychological","PositiveMismatch"
"420","yv","control_MaxMismatch","2","MaxMismatch","encourage","tear","encourage-tear","ConceptualMismatch:psychological","PositiveMismatch"
"421","yv","control_MaxMatch_Positive_Psychological","99","MaxMatch","like","admire","like-admire","ConceptualMatch:psychological","PositiveMatch"
"422","yv","control_MaxMatch_Negative_Physical","95","MaxMatch","rust","crash","rust-crash","ConceptualMatch:physical","NegativeMatch"
"423","yv","test_ConceptualMatch_Physical","0","ConceptualMatchingOnly","caress","burn","caress-burn","ConceptualMatch:physical","PositiveMismatch"
"424","yv","test_ValenceMatch_Positive","21","ValenceMatchingOnly","twinkle","respect","twinkle-respect","ConceptualMismatch:physical","PositiveMatch"
"425","yv","control_Similar","87","SimilarControl","speak","talk","speak-talk","",""
"426","yv","test_ValenceMatch_Negative","18","ValenceMatchingOnly","slaughter","criticize","slaughter-criticize","ConceptualMismatch:physical","NegativeMatch"
"427","yv","control_Dissimilar","83","DissimilarControl","arrive","leave","arrive-leave","",""
"428","yv","control_MaxMatch_Negative_Psychological","13","MaxMatch","irritate","dishonor","irritate-dishonor","ConceptualMatch:psychological","NegativeMatch"
"429","yv","control_MaxMatch_Positive_Physical","15","MaxMatch","repair","hug","repair-hug","ConceptualMatch:physical","PositiveMatch"
"430","yv","control_Similar","4","SimilarControl","end","finish","end-finish","",""
"431","yv","control_Dissimilar","5","DissimilarControl","enter","exit","enter-exit","",""
"432","yv","test_ConceptualMatch_Psychological","0","ConceptualMatchingOnly","cherish","dismay","cherish-dismay","ConceptualMatch:psychological","PositiveMismatch"
"433","yv","control_MaxMismatch","11","MaxMismatch","respect","slaughter","respect-slaughter","ConceptualMismatch:psychological","PositiveMismatch"
"434","yv","control_MaxMatch_Positive_Psychological","23","MaxMatch","impress","respect","impress-respect","ConceptualMatch:psychological","PositiveMatch"
"435","yv","control_MaxMatch_Negative_Physical","5","MaxMatch","tear","hit","tear-hit","ConceptualMatch:physical","NegativeMatch"
"436","yv","test_ConceptualMatch_Physical","13","ConceptualMatchingOnly","produce","tear","produce-tear","ConceptualMatch:physical","PositiveMismatch"
"437","yv","test_ValenceMatch_Positive","0","ValenceMatchingOnly","build","adore","build-adore","ConceptualMismatch:physical","PositiveMatch"
"438","yv","control_Similar","14","SimilarControl","need","require","need-require","",""
"439","yv","test_ValenceMatch_Negative","14","ValenceMatchingOnly","rust","discourage","rust-discourage","ConceptualMismatch:physical","NegativeMatch"
"440","yv","control_Dissimilar","81","DissimilarControl","begin","end","begin-end","",""
"441","yv","control_MaxMatch_Negative_Psychological","96","MaxMatch","embarrass","criticize","embarrass-criticize","ConceptualMatch:psychological","NegativeMatch"
"442","yv","control_MaxMatch_Positive_Physical","17","MaxMatch","repair","sculpt","repair-sculpt","ConceptualMatch:physical","PositiveMatch"
"443","yv","control_Similar","25","SimilarControl","help","assist","help-assist","",""
"444","yv","control_Dissimilar","12","DissimilarControl","rise","fall","rise-fall","",""
"445","yv","test_ConceptualMatch_Psychological","26","ConceptualMatchingOnly","admire","criticize","admire-criticize","ConceptualMatch:psychological","PositiveMismatch"
"446","yv","control_MaxMismatch","14","MaxMismatch","like","slaughter","like-slaughter","ConceptualMismatch:psychological","PositiveMismatch"
"447","yv","control_MaxMatch_Positive_Psychological","12","MaxMatch","encourage","cherish","encourage-cherish","ConceptualMatch:psychological","PositiveMatch"
"448","yv","control_MaxMatch_Negative_Physical","74","MaxMatch","tear","burn","tear-burn","ConceptualMatch:physical","NegativeMatch"
"449","yv","test_ConceptualMatch_Physical","21","ConceptualMatchingOnly","cuddle","slaughter","cuddle-slaughter","ConceptualMatch:physical","PositiveMismatch"
"450","yv","test_ValenceMatch_Positive","13","ValenceMatchingOnly","decorate","appreciate","decorate-appreciate","ConceptualMismatch:physical","PositiveMatch"
"451","yv","control_Similar","13","SimilarControl","ask","inquire","ask-inquire","",""
"452","yv","test_ValenceMatch_Negative","96","ValenceMatchingOnly","burn","irritate","burn-irritate","ConceptualMismatch:physical","NegativeMatch"
"453","yv","control_Dissimilar","11","DissimilarControl","add","remove","add-remove","",""
"454","yv","control_MaxMatch_Negative_Psychological","15","MaxMatch","irritate","criticize","irritate-criticize","ConceptualMatch:psychological","NegativeMatch"
"455","yv","control_MaxMatch_Positive_Physical","12","MaxMatch","twinkle","decorate","twinkle-decorate","ConceptualMatch:physical","PositiveMatch"
"456","67100ebfdff024af85baf3ad","control_Similar","99","SimilarControl","get","obtain","get-obtain","",""
"457","67100ebfdff024af85baf3ad","control_Dissimilar","0","DissimilarControl","open","close","open-close","",""
"458","67100ebfdff024af85baf3ad","test_ConceptualMatch_Physical","0","ConceptualMatchingOnly","produce","burn","produce-burn","ConceptualMatch:physical","PositiveMismatch"
"459","67100ebfdff024af85baf3ad","control_Similar","99","SimilarControl","end","finish","end-finish","",""
"460","67100ebfdff024af85baf3ad","control_MaxMatch_Positive_Physical","11","MaxMatch","produce","clean","produce-clean","ConceptualMatch:physical","PositiveMatch"
"461","67100ebfdff024af85baf3ad","test_ConceptualMatch_Psychological","0","ConceptualMatchingOnly","appreciate","embarrass","appreciate-embarrass","ConceptualMatch:psychological","PositiveMismatch"
"462","67100ebfdff024af85baf3ad","control_MaxMismatch","0","MaxMismatch","reassure","slash","reassure-slash","ConceptualMismatch:psychological","PositiveMismatch"
"463","67100ebfdff024af85baf3ad","control_MaxMatch_Negative_Psychological","66","MaxMatch","despair","irritate","despair-irritate","ConceptualMatch:psychological","NegativeMatch"
"464","67100ebfdff024af85baf3ad","control_MaxMatch_Positive_Psychological","99","MaxMatch","adore","cherish","adore-cherish","ConceptualMatch:psychological","PositiveMatch"
"465","67100ebfdff024af85baf3ad","test_ValenceMatch_Negative","69","ValenceMatchingOnly","slash","displease","slash-displease","ConceptualMismatch:physical","NegativeMatch"
"466","67100ebfdff024af85baf3ad","control_MaxMatch_Negative_Physical","56","MaxMatch","hit","stain","hit-stain","ConceptualMatch:physical","NegativeMatch"
"467","67100ebfdff024af85baf3ad","test_ValenceMatch_Positive","33","ValenceMatchingOnly","produce","impress","produce-impress","ConceptualMismatch:physical","PositiveMatch"
"468","67100ebfdff024af85baf3ad","control_Dissimilar","0","DissimilarControl","give","take","give-take","",""
"469","67100ebfdff024af85baf3ad","control_Similar","84","SimilarControl","show","display","show-display","",""
"470","67100ebfdff024af85baf3ad","control_Dissimilar","17","DissimilarControl","come","go","come-go","",""
"471","67100ebfdff024af85baf3ad","test_ConceptualMatch_Physical","0","ConceptualMatchingOnly","repair","slash","repair-slash","ConceptualMatch:physical","PositiveMismatch"
"472","67100ebfdff024af85baf3ad","control_Similar","99","SimilarControl","use","employ","use-employ","",""
"473","67100ebfdff024af85baf3ad","control_MaxMatch_Positive_Physical","66","MaxMatch","produce","decorate","produce-decorate","ConceptualMatch:physical","PositiveMatch"
"474","67100ebfdff024af85baf3ad","test_ConceptualMatch_Psychological","0","ConceptualMatchingOnly","reassure","despair","reassure-despair","ConceptualMatch:psychological","PositiveMismatch"
"475","67100ebfdff024af85baf3ad","control_MaxMismatch","0","MaxMismatch","cherish","slash","cherish-slash","ConceptualMismatch:psychological","PositiveMismatch"
"476","67100ebfdff024af85baf3ad","control_MaxMatch_Negative_Psychological","58","MaxMatch","despair","embarrass","despair-embarrass","ConceptualMatch:psychological","NegativeMatch"
"477","67100ebfdff024af85baf3ad","control_MaxMatch_Positive_Psychological","81","MaxMatch","content","encourage","content-encourage","ConceptualMatch:psychological","PositiveMatch"
"478","67100ebfdff024af85baf3ad","test_ValenceMatch_Negative","44","ValenceMatchingOnly","rust","displease","rust-displease","ConceptualMismatch:physical","NegativeMatch"
"479","67100ebfdff024af85baf3ad","control_MaxMatch_Negative_Physical","30","MaxMatch","burn","corrode","burn-corrode","ConceptualMatch:physical","NegativeMatch"
"480","67100ebfdff024af85baf3ad","test_ValenceMatch_Positive","33","ValenceMatchingOnly","hug","impress","hug-impress","ConceptualMismatch:physical","PositiveMatch"
"481","67100ebfdff024af85baf3ad","control_Dissimilar","0","DissimilarControl","begin","end","begin-end","",""
"482","67100ebfdff024af85baf3ad","control_Similar","99","SimilarControl","begin","start","begin-start","",""
"483","67100ebfdff024af85baf3ad","control_Dissimilar","0","DissimilarControl","arrive","leave","arrive-leave","",""
"484","67100ebfdff024af85baf3ad","test_ConceptualMatch_Physical","0","ConceptualMatchingOnly","cuddle","rust","cuddle-rust","ConceptualMatch:physical","PositiveMismatch"
"485","67100ebfdff024af85baf3ad","control_Similar","99","SimilarControl","ask","inquire","ask-inquire","",""
"486","67100ebfdff024af85baf3ad","control_MaxMatch_Positive_Physical","16","MaxMatch","build","clean","build-clean","ConceptualMatch:physical","PositiveMatch"
"487","67100ebfdff024af85baf3ad","test_ConceptualMatch_Psychological","0","ConceptualMatchingOnly","adore","discourage","adore-discourage","ConceptualMatch:psychological","PositiveMismatch"
"488","67100ebfdff024af85baf3ad","control_MaxMismatch","0","MaxMismatch","encourage","tear","encourage-tear","ConceptualMismatch:psychological","PositiveMismatch"
"489","67100ebfdff024af85baf3ad","control_MaxMatch_Negative_Psychological","81","MaxMatch","despair","dread","despair-dread","ConceptualMatch:psychological","NegativeMatch"
"490","67100ebfdff024af85baf3ad","control_MaxMatch_Positive_Psychological","99","MaxMatch","like","adore","like-adore","ConceptualMatch:psychological","PositiveMatch"
"491","67100ebfdff024af85baf3ad","test_ValenceMatch_Negative","36","ValenceMatchingOnly","hit","despair","hit-despair","ConceptualMismatch:physical","NegativeMatch"
"492","67100ebfdff024af85baf3ad","control_MaxMatch_Negative_Physical","53","MaxMatch","slaughter","hit","slaughter-hit","ConceptualMatch:physical","NegativeMatch"
"493","67100ebfdff024af85baf3ad","test_ValenceMatch_Positive","24","ValenceMatchingOnly","sculpt","reassure","sculpt-reassure","ConceptualMismatch:physical","PositiveMatch"
"494","67100ebfdff024af85baf3ad","control_Dissimilar","0","DissimilarControl","enter","exit","enter-exit","",""
"495","67100ebfdff024af85baf3ad","control_Similar","99","SimilarControl","buy","purchase","buy-purchase","",""
"496","67100ebfdff024af85baf3ad","control_Dissimilar","0","DissimilarControl","increase","decrease","increase-decrease","",""
"497","67100ebfdff024af85baf3ad","test_ConceptualMatch_Physical","0","ConceptualMatchingOnly","hug","burn","hug-burn","ConceptualMatch:physical","PositiveMismatch"
"498","67100ebfdff024af85baf3ad","control_Similar","99","SimilarControl","need","require","need-require","",""
"499","67100ebfdff024af85baf3ad","control_MaxMatch_Positive_Physical","23","MaxMatch","caress","produce","caress-produce","ConceptualMatch:physical","PositiveMatch"
"500","67100ebfdff024af85baf3ad","test_ConceptualMatch_Psychological","0","ConceptualMatchingOnly","appreciate","despair","appreciate-despair","ConceptualMatch:psychological","PositiveMismatch"
"501","67100ebfdff024af85baf3ad","control_MaxMismatch","0","MaxMismatch","reassure","delete","reassure-delete","ConceptualMismatch:psychological","PositiveMismatch"
"502","67100ebfdff024af85baf3ad","control_MaxMatch_Negative_Psychological","71","MaxMatch","dishonor","discourage","dishonor-discourage","ConceptualMatch:psychological","NegativeMatch"
"503","67100ebfdff024af85baf3ad","control_MaxMatch_Positive_Psychological","81","MaxMatch","content","admire","content-admire","ConceptualMatch:psychological","PositiveMatch"
"504","67100ebfdff024af85baf3ad","test_ValenceMatch_Negative","17","ValenceMatchingOnly","slash","embarrass","slash-embarrass","ConceptualMismatch:physical","NegativeMatch"
"505","67100ebfdff024af85baf3ad","control_MaxMatch_Negative_Physical","55","MaxMatch","tear","hit","tear-hit","ConceptualMatch:physical","NegativeMatch"
"506","67100ebfdff024af85baf3ad","test_ValenceMatch_Positive","68","ValenceMatchingOnly","build","encourage","build-encourage","ConceptualMismatch:physical","PositiveMatch"
"507","67100ebfdff024af85baf3ad","control_Dissimilar","0","DissimilarControl","rise","fall","rise-fall","",""
"508","67100ebfdff024af85baf3ad","control_Similar","99","SimilarControl","help","assist","help-assist","",""
"509","67100ebfdff024af85baf3ad","control_Dissimilar","26","DissimilarControl","push","pull","push-pull","",""
"510","67100ebfdff024af85baf3ad","test_ConceptualMatch_Physical","0","ConceptualMatchingOnly","decorate","delete","decorate-delete","ConceptualMatch:physical","PositiveMismatch"
"511","67100ebfdff024af85baf3ad","control_Similar","99","SimilarControl","speak","talk","speak-talk","",""
"512","67100ebfdff024af85baf3ad","control_MaxMatch_Positive_Physical","66","MaxMatch","produce","sculpt","produce-sculpt","ConceptualMatch:physical","PositiveMatch"
"513","67100ebfdff024af85baf3ad","test_ConceptualMatch_Psychological","0","ConceptualMatchingOnly","impress","irritate","impress-irritate","ConceptualMatch:psychological","PositiveMismatch"
"514","67100ebfdff024af85baf3ad","control_MaxMismatch","0","MaxMismatch","reassure","corrode","reassure-corrode","ConceptualMismatch:psychological","PositiveMismatch"
"515","67100ebfdff024af85baf3ad","control_MaxMatch_Negative_Psychological","55","MaxMatch","dishonor","dread","dishonor-dread","ConceptualMatch:psychological","NegativeMatch"
"516","67100ebfdff024af85baf3ad","control_MaxMatch_Positive_Psychological","66","MaxMatch","reassure","admire","reassure-admire","ConceptualMatch:psychological","PositiveMatch"
"517","67100ebfdff024af85baf3ad","test_ValenceMatch_Negative","86","ValenceMatchingOnly","slash","criticize","slash-criticize","ConceptualMismatch:physical","NegativeMatch"
"518","67100ebfdff024af85baf3ad","control_MaxMatch_Negative_Physical","66","MaxMatch","slash","delete","slash-delete","ConceptualMatch:physical","NegativeMatch"
"519","67100ebfdff024af85baf3ad","test_ValenceMatch_Positive","27","ValenceMatchingOnly","caress","like","caress-like","ConceptualMismatch:physical","PositiveMatch"
"520","67100ebfdff024af85baf3ad","control_Dissimilar","0","DissimilarControl","add","remove","add-remove","",""
"521","680dcb74ab0a3a21ef2d6d89","control_Dissimilar","0","DissimilarControl","enter","exit","enter-exit","",""
"522","680dcb74ab0a3a21ef2d6d89","control_Similar","98","SimilarControl","buy","purchase","buy-purchase","",""
"523","680dcb74ab0a3a21ef2d6d89","test_ValenceMatch_Negative","0","ValenceMatchingOnly","hit","embarrass","hit-embarrass","ConceptualMismatch:physical","NegativeMatch"
"524","680dcb74ab0a3a21ef2d6d89","control_MaxMatch_Positive_Psychological","85","MaxMatch","appreciate","impress","appreciate-impress","ConceptualMatch:psychological","PositiveMatch"
"525","680dcb74ab0a3a21ef2d6d89","control_MaxMatch_Negative_Physical","75","MaxMatch","burn","corrode","burn-corrode","ConceptualMatch:physical","NegativeMatch"
"526","680dcb74ab0a3a21ef2d6d89","test_ConceptualMatch_Physical","0","ConceptualMatchingOnly","build","tear","build-tear","ConceptualMatch:physical","PositiveMismatch"
"527","680dcb74ab0a3a21ef2d6d89","test_ConceptualMatch_Psychological","0","ConceptualMatchingOnly","like","criticize","like-criticize","ConceptualMatch:psychological","PositiveMismatch"
"528","680dcb74ab0a3a21ef2d6d89","control_Dissimilar","0","DissimilarControl","begin","end","begin-end","",""
"529","680dcb74ab0a3a21ef2d6d89","control_MaxMismatch","0","MaxMismatch","cherish","tear","cherish-tear","ConceptualMismatch:psychological","PositiveMismatch"
"530","680dcb74ab0a3a21ef2d6d89","control_Similar","99","SimilarControl","begin","start","begin-start","",""
"531","680dcb74ab0a3a21ef2d6d89","control_MaxMatch_Negative_Psychological","62","MaxMatch","discourage","criticize","discourage-criticize","ConceptualMatch:psychological","NegativeMatch"
"532","680dcb74ab0a3a21ef2d6d89","test_ValenceMatch_Positive","21","ValenceMatchingOnly","sculpt","like","sculpt-like","ConceptualMismatch:physical","PositiveMatch"
"533","680dcb74ab0a3a21ef2d6d89","control_MaxMatch_Positive_Physical","74","MaxMatch","build","repair","build-repair","ConceptualMatch:physical","PositiveMatch"
"534","680dcb74ab0a3a21ef2d6d89","control_Dissimilar","0","DissimilarControl","give","take","give-take","",""
"535","680dcb74ab0a3a21ef2d6d89","control_Similar","72","SimilarControl","need","require","need-require","",""
"536","680dcb74ab0a3a21ef2d6d89","test_ValenceMatch_Negative","0","ValenceMatchingOnly","slaughter","displease","slaughter-displease","ConceptualMismatch:physical","NegativeMatch"
"537","680dcb74ab0a3a21ef2d6d89","control_MaxMatch_Positive_Psychological","71","MaxMatch","like","reassure","like-reassure","ConceptualMatch:psychological","PositiveMatch"
"538","680dcb74ab0a3a21ef2d6d89","control_MaxMatch_Negative_Physical","20","MaxMatch","slash","delete","slash-delete","ConceptualMatch:physical","NegativeMatch"
"539","680dcb74ab0a3a21ef2d6d89","test_ConceptualMatch_Physical","0","ConceptualMatchingOnly","build","burn","build-burn","ConceptualMatch:physical","PositiveMismatch"
"540","680dcb74ab0a3a21ef2d6d89","test_ConceptualMatch_Psychological","0","ConceptualMatchingOnly","admire","displease","admire-displease","ConceptualMatch:psychological","PositiveMismatch"
"541","680dcb74ab0a3a21ef2d6d89","control_Dissimilar","22","DissimilarControl","push","pull","push-pull","",""
"542","680dcb74ab0a3a21ef2d6d89","control_MaxMismatch","0","MaxMismatch","appreciate","corrode","appreciate-corrode","ConceptualMismatch:psychological","PositiveMismatch"
"543","680dcb74ab0a3a21ef2d6d89","control_Similar","99","SimilarControl","end","finish","end-finish","",""
"544","680dcb74ab0a3a21ef2d6d89","control_MaxMatch_Negative_Psychological","79","MaxMatch","offend","displease","offend-displease","ConceptualMatch:psychological","NegativeMatch"
"545","680dcb74ab0a3a21ef2d6d89","test_ValenceMatch_Positive","0","ValenceMatchingOnly","produce","adore","produce-adore","ConceptualMismatch:physical","PositiveMatch"
"546","680dcb74ab0a3a21ef2d6d89","control_MaxMatch_Positive_Physical","14","MaxMatch","caress","sculpt","caress-sculpt","ConceptualMatch:physical","PositiveMatch"
"547","680dcb74ab0a3a21ef2d6d89","control_Dissimilar","0","DissimilarControl","increase","decrease","increase-decrease","",""
"548","680dcb74ab0a3a21ef2d6d89","control_Similar","99","SimilarControl","speak","talk","speak-talk","",""
"549","680dcb74ab0a3a21ef2d6d89","test_ValenceMatch_Negative","34","ValenceMatchingOnly","burn","dismay","burn-dismay","ConceptualMismatch:physical","NegativeMatch"
"550","680dcb74ab0a3a21ef2d6d89","control_MaxMatch_Positive_Psychological","82","MaxMatch","impress","admire","impress-admire","ConceptualMatch:psychological","PositiveMatch"
"551","680dcb74ab0a3a21ef2d6d89","control_MaxMatch_Negative_Physical","16","MaxMatch","slaughter","burn","slaughter-burn","ConceptualMatch:physical","NegativeMatch"
"552","680dcb74ab0a3a21ef2d6d89","test_ConceptualMatch_Physical","8","ConceptualMatchingOnly","cuddle","tear","cuddle-tear","ConceptualMatch:physical","PositiveMismatch"
"553","680dcb74ab0a3a21ef2d6d89","test_ConceptualMatch_Psychological","0","ConceptualMatchingOnly","appreciate","discourage","appreciate-discourage","ConceptualMatch:psychological","PositiveMismatch"
"554","680dcb74ab0a3a21ef2d6d89","control_Dissimilar","0","DissimilarControl","open","close","open-close","",""
"555","680dcb74ab0a3a21ef2d6d89","control_MaxMismatch","0","MaxMismatch","impress","corrode","impress-corrode","ConceptualMismatch:psychological","PositiveMismatch"
"556","680dcb74ab0a3a21ef2d6d89","control_Similar","99","SimilarControl","help","assist","help-assist","",""
"557","680dcb74ab0a3a21ef2d6d89","control_MaxMatch_Negative_Psychological","92","MaxMatch","displease","dismay","displease-dismay","ConceptualMatch:psychological","NegativeMatch"
"558","680dcb74ab0a3a21ef2d6d89","test_ValenceMatch_Positive","74","ValenceMatchingOnly","twinkle","appreciate","twinkle-appreciate","ConceptualMismatch:physical","PositiveMatch"
"559","680dcb74ab0a3a21ef2d6d89","control_MaxMatch_Positive_Physical","8","MaxMatch","cuddle","twinkle","cuddle-twinkle","ConceptualMatch:physical","PositiveMatch"
"560","680dcb74ab0a3a21ef2d6d89","control_Dissimilar","20","DissimilarControl","come","go","come-go","",""
"561","680dcb74ab0a3a21ef2d6d89","control_Similar","74","SimilarControl","use","employ","use-employ","",""
"562","680dcb74ab0a3a21ef2d6d89","test_ValenceMatch_Negative","22","ValenceMatchingOnly","tear","offend","tear-offend","ConceptualMismatch:physical","NegativeMatch"
"563","680dcb74ab0a3a21ef2d6d89","control_MaxMatch_Positive_Psychological","75","MaxMatch","content","adore","content-adore","ConceptualMatch:psychological","PositiveMatch"
"564","680dcb74ab0a3a21ef2d6d89","control_MaxMatch_Negative_Physical","12","MaxMatch","rust","tear","rust-tear","ConceptualMatch:physical","NegativeMatch"
"565","680dcb74ab0a3a21ef2d6d89","test_ConceptualMatch_Physical","0","ConceptualMatchingOnly","clean","stain","clean-stain","ConceptualMatch:physical","PositiveMismatch"
"566","680dcb74ab0a3a21ef2d6d89","test_ConceptualMatch_Psychological","0","ConceptualMatchingOnly","admire","dismay","admire-dismay","ConceptualMatch:psychological","PositiveMismatch"
"567","680dcb74ab0a3a21ef2d6d89","control_Dissimilar","11","DissimilarControl","arrive","leave","arrive-leave","",""
"568","680dcb74ab0a3a21ef2d6d89","control_MaxMismatch","17","MaxMismatch","respect","slaughter","respect-slaughter","ConceptualMismatch:psychological","PositiveMismatch"
"569","680dcb74ab0a3a21ef2d6d89","control_Similar","98","SimilarControl","show","display","show-display","",""
"570","680dcb74ab0a3a21ef2d6d89","control_MaxMatch_Negative_Psychological","73","MaxMatch","displease","criticize","displease-criticize","ConceptualMatch:psychological","NegativeMatch"
"571","680dcb74ab0a3a21ef2d6d89","test_ValenceMatch_Positive","33","ValenceMatchingOnly","twinkle","adore","twinkle-adore","ConceptualMismatch:physical","PositiveMatch"
"572","680dcb74ab0a3a21ef2d6d89","control_MaxMatch_Positive_Physical","4","MaxMatch","repair","clean","repair-clean","ConceptualMatch:physical","PositiveMatch"
"573","680dcb74ab0a3a21ef2d6d89","control_Dissimilar","17","DissimilarControl","rise","fall","rise-fall","",""
"574","680dcb74ab0a3a21ef2d6d89","control_Similar","96","SimilarControl","ask","inquire","ask-inquire","",""
"575","680dcb74ab0a3a21ef2d6d89","test_ValenceMatch_Negative","70","ValenceMatchingOnly","delete","discourage","delete-discourage","ConceptualMismatch:physical","NegativeMatch"
"576","680dcb74ab0a3a21ef2d6d89","control_MaxMatch_Positive_Psychological","99","MaxMatch","admire","cherish","admire-cherish","ConceptualMatch:psychological","PositiveMatch"
"577","680dcb74ab0a3a21ef2d6d89","control_MaxMatch_Negative_Physical","99","MaxMatch","rust","corrode","rust-corrode","ConceptualMatch:physical","NegativeMatch"
"578","680dcb74ab0a3a21ef2d6d89","test_ConceptualMatch_Physical","2","ConceptualMatchingOnly","build","hit","build-hit","ConceptualMatch:physical","PositiveMismatch"
"579","680dcb74ab0a3a21ef2d6d89","test_ConceptualMatch_Psychological","1","ConceptualMatchingOnly","respect","dismay","respect-dismay","ConceptualMatch:psychological","PositiveMismatch"
"580","680dcb74ab0a3a21ef2d6d89","control_Dissimilar","0","DissimilarControl","add","remove","add-remove","",""
"581","680dcb74ab0a3a21ef2d6d89","control_MaxMismatch","0","MaxMismatch","adore","burn","adore-burn","ConceptualMismatch:psychological","PositiveMismatch"
"582","680dcb74ab0a3a21ef2d6d89","control_Similar","99","SimilarControl","get","obtain","get-obtain","",""
"583","680dcb74ab0a3a21ef2d6d89","control_MaxMatch_Negative_Psychological","73","MaxMatch","dishonor","dread","dishonor-dread","ConceptualMatch:psychological","NegativeMatch"
"584","680dcb74ab0a3a21ef2d6d89","test_ValenceMatch_Positive","74","ValenceMatchingOnly","build","content","build-content","ConceptualMismatch:physical","PositiveMatch"
"585","680dcb74ab0a3a21ef2d6d89","control_MaxMatch_Positive_Physical","14","MaxMatch","twinkle","decorate","twinkle-decorate","ConceptualMatch:physical","PositiveMatch"
"586","664783f1b5de4a3b523d090f","control_Similar","97","SimilarControl","end","finish","end-finish","",""
"587","664783f1b5de4a3b523d090f","control_Dissimilar","52","DissimilarControl","add","remove","add-remove","",""
"588","664783f1b5de4a3b523d090f","control_MaxMatch_Negative_Psychological","65","MaxMatch","despair","displease","despair-displease","ConceptualMatch:psychological","NegativeMatch"
"589","664783f1b5de4a3b523d090f","control_MaxMatch_Positive_Psychological","60","MaxMatch","respect","cherish","respect-cherish","ConceptualMatch:psychological","PositiveMatch"
"590","664783f1b5de4a3b523d090f","test_ValenceMatch_Negative","43","ValenceMatchingOnly","delete","discourage","delete-discourage","ConceptualMismatch:physical","NegativeMatch"
"591","664783f1b5de4a3b523d090f","test_ConceptualMatch_Psychological","41","ConceptualMatchingOnly","like","displease","like-displease","ConceptualMatch:psychological","PositiveMismatch"
"592","664783f1b5de4a3b523d090f","control_MaxMismatch","2","MaxMismatch","encourage","stain","encourage-stain","ConceptualMismatch:psychological","PositiveMismatch"
"593","664783f1b5de4a3b523d090f","control_MaxMatch_Negative_Physical","4","MaxMatch","rust","stain","rust-stain","ConceptualMatch:physical","NegativeMatch"
"594","664783f1b5de4a3b523d090f","test_ValenceMatch_Positive","63","ValenceMatchingOnly","build","encourage","build-encourage","ConceptualMismatch:physical","PositiveMatch"
"595","664783f1b5de4a3b523d090f","control_Similar","93","SimilarControl","ask","inquire","ask-inquire","",""
"596","664783f1b5de4a3b523d090f","test_ConceptualMatch_Physical","3","ConceptualMatchingOnly","build","slaughter","build-slaughter","ConceptualMatch:physical","PositiveMismatch"
"597","664783f1b5de4a3b523d090f","control_Dissimilar","42","DissimilarControl","push","pull","push-pull","",""
"598","664783f1b5de4a3b523d090f","control_MaxMatch_Positive_Physical","13","MaxMatch","repair","hug","repair-hug","ConceptualMatch:physical","PositiveMatch"
"599","664783f1b5de4a3b523d090f","control_Similar","94","SimilarControl","speak","talk","speak-talk","",""
"600","664783f1b5de4a3b523d090f","control_Dissimilar","45","DissimilarControl","begin","end","begin-end","",""
"601","664783f1b5de4a3b523d090f","control_MaxMatch_Negative_Psychological","20","MaxMatch","embarrass","dread","embarrass-dread","ConceptualMatch:psychological","NegativeMatch"
"602","664783f1b5de4a3b523d090f","control_MaxMatch_Positive_Psychological","8","MaxMatch","reassure","cherish","reassure-cherish","ConceptualMatch:psychological","PositiveMatch"
"603","664783f1b5de4a3b523d090f","test_ValenceMatch_Negative","35","ValenceMatchingOnly","slash","embarrass","slash-embarrass","ConceptualMismatch:physical","NegativeMatch"
"604","664783f1b5de4a3b523d090f","test_ConceptualMatch_Psychological","15","ConceptualMatchingOnly","impress","despair","impress-despair","ConceptualMatch:psychological","PositiveMismatch"
"605","664783f1b5de4a3b523d090f","control_MaxMismatch","1","MaxMismatch","like","burn","like-burn","ConceptualMismatch:psychological","PositiveMismatch"
"606","664783f1b5de4a3b523d090f","control_MaxMatch_Negative_Physical","58","MaxMatch","crash","corrode","crash-corrode","ConceptualMatch:physical","NegativeMatch"
"607","664783f1b5de4a3b523d090f","test_ValenceMatch_Positive","22","ValenceMatchingOnly","clean","encourage","clean-encourage","ConceptualMismatch:physical","PositiveMatch"
"608","664783f1b5de4a3b523d090f","control_Similar","99","SimilarControl","show","display","show-display","",""
"609","664783f1b5de4a3b523d090f","test_ConceptualMatch_Physical","72","ConceptualMatchingOnly","clean","delete","clean-delete","ConceptualMatch:physical","PositiveMismatch"
"610","664783f1b5de4a3b523d090f","control_Dissimilar","59","DissimilarControl","enter","exit","enter-exit","",""
"611","664783f1b5de4a3b523d090f","control_MaxMatch_Positive_Physical","20","MaxMatch","hug","clean","hug-clean","ConceptualMatch:physical","PositiveMatch"
"612","664783f1b5de4a3b523d090f","control_Similar","99","SimilarControl","begin","start","begin-start","",""
"613","664783f1b5de4a3b523d090f","control_Dissimilar","60","DissimilarControl","come","go","come-go","",""
"614","664783f1b5de4a3b523d090f","control_MaxMatch_Negative_Psychological","74","MaxMatch","displease","dismay","displease-dismay","ConceptualMatch:psychological","NegativeMatch"
"615","664783f1b5de4a3b523d090f","control_MaxMatch_Positive_Psychological","70","MaxMatch","encourage","admire","encourage-admire","ConceptualMatch:psychological","PositiveMatch"
"616","664783f1b5de4a3b523d090f","test_ValenceMatch_Negative","19","ValenceMatchingOnly","slaughter","dismay","slaughter-dismay","ConceptualMismatch:physical","NegativeMatch"
"617","664783f1b5de4a3b523d090f","test_ConceptualMatch_Psychological","34","ConceptualMatchingOnly","like","irritate","like-irritate","ConceptualMatch:psychological","PositiveMismatch"
"618","664783f1b5de4a3b523d090f","control_MaxMismatch","3","MaxMismatch","content","rust","content-rust","ConceptualMismatch:psychological","PositiveMismatch"
"619","664783f1b5de4a3b523d090f","control_MaxMatch_Negative_Physical","57","MaxMatch","slaughter","delete","slaughter-delete","ConceptualMatch:physical","NegativeMatch"
"620","664783f1b5de4a3b523d090f","test_ValenceMatch_Positive","0","ValenceMatchingOnly","twinkle","appreciate","twinkle-appreciate","ConceptualMismatch:physical","PositiveMatch"
"621","664783f1b5de4a3b523d090f","control_Similar","99","SimilarControl","help","assist","help-assist","",""
"622","664783f1b5de4a3b523d090f","test_ConceptualMatch_Physical","56","ConceptualMatchingOnly","caress","hit","caress-hit","ConceptualMatch:physical","PositiveMismatch"
"623","664783f1b5de4a3b523d090f","control_Dissimilar","56","DissimilarControl","arrive","leave","arrive-leave","",""
"624","664783f1b5de4a3b523d090f","control_MaxMatch_Positive_Physical","32","MaxMatch","sculpt","clean","sculpt-clean","ConceptualMatch:physical","PositiveMatch"
"625","664783f1b5de4a3b523d090f","control_Similar","60","SimilarControl","use","employ","use-employ","",""
"626","664783f1b5de4a3b523d090f","control_Dissimilar","58","DissimilarControl","rise","fall","rise-fall","",""
"627","664783f1b5de4a3b523d090f","control_MaxMatch_Negative_Psychological","83","MaxMatch","displease","discourage","displease-discourage","ConceptualMatch:psychological","NegativeMatch"
"628","664783f1b5de4a3b523d090f","control_MaxMatch_Positive_Psychological","66","MaxMatch","encourage","appreciate","encourage-appreciate","ConceptualMatch:psychological","PositiveMatch"
"629","664783f1b5de4a3b523d090f","test_ValenceMatch_Negative","20","ValenceMatchingOnly","slash","dread","slash-dread","ConceptualMismatch:physical","NegativeMatch"
"630","664783f1b5de4a3b523d090f","test_ConceptualMatch_Psychological","27","ConceptualMatchingOnly","impress","irritate","impress-irritate","ConceptualMatch:psychological","PositiveMismatch"
"631","664783f1b5de4a3b523d090f","control_MaxMismatch","2","MaxMismatch","like","hit","like-hit","ConceptualMismatch:psychological","PositiveMismatch"
"632","664783f1b5de4a3b523d090f","control_MaxMatch_Negative_Physical","57","MaxMatch","crash","burn","crash-burn","ConceptualMatch:physical","NegativeMatch"
"633","664783f1b5de4a3b523d090f","test_ValenceMatch_Positive","17","ValenceMatchingOnly","produce","impress","produce-impress","ConceptualMismatch:physical","PositiveMatch"
"634","664783f1b5de4a3b523d090f","control_Similar","99","SimilarControl","buy","purchase","buy-purchase","",""
"635","664783f1b5de4a3b523d090f","test_ConceptualMatch_Physical","44","ConceptualMatchingOnly","decorate","rust","decorate-rust","ConceptualMatch:physical","PositiveMismatch"
"636","664783f1b5de4a3b523d090f","control_Dissimilar","63","DissimilarControl","open","close","open-close","",""
"637","664783f1b5de4a3b523d090f","control_MaxMatch_Positive_Physical","3","MaxMatch","hug","twinkle","hug-twinkle","ConceptualMatch:physical","PositiveMatch"
"638","664783f1b5de4a3b523d090f","control_Similar","88","SimilarControl","need","require","need-require","",""
"639","664783f1b5de4a3b523d090f","control_Dissimilar","65","DissimilarControl","increase","decrease","increase-decrease","",""
"640","664783f1b5de4a3b523d090f","control_MaxMatch_Negative_Psychological","59","MaxMatch","offend","embarrass","offend-embarrass","ConceptualMatch:psychological","NegativeMatch"
"641","664783f1b5de4a3b523d090f","control_MaxMatch_Positive_Psychological","33","MaxMatch","encourage","respect","encourage-respect","ConceptualMatch:psychological","PositiveMatch"
"642","664783f1b5de4a3b523d090f","test_ValenceMatch_Negative","16","ValenceMatchingOnly","delete","offend","delete-offend","ConceptualMismatch:physical","NegativeMatch"
"643","664783f1b5de4a3b523d090f","test_ConceptualMatch_Psychological","56","ConceptualMatchingOnly","impress","displease","impress-displease","ConceptualMatch:psychological","PositiveMismatch"
"644","664783f1b5de4a3b523d090f","control_MaxMismatch","0","MaxMismatch","cherish","hit","cherish-hit","ConceptualMismatch:psychological","PositiveMismatch"
"645","664783f1b5de4a3b523d090f","control_MaxMatch_Negative_Physical","61","MaxMatch","delete","corrode","delete-corrode","ConceptualMatch:physical","NegativeMatch"
"646","664783f1b5de4a3b523d090f","test_ValenceMatch_Positive","62","ValenceMatchingOnly","decorate","like","decorate-like","ConceptualMismatch:physical","PositiveMatch"
"647","664783f1b5de4a3b523d090f","control_Similar","93","SimilarControl","get","obtain","get-obtain","",""
"648","664783f1b5de4a3b523d090f","test_ConceptualMatch_Physical","19","ConceptualMatchingOnly","repair","hit","repair-hit","ConceptualMatch:physical","PositiveMismatch"
"649","664783f1b5de4a3b523d090f","control_Dissimilar","60","DissimilarControl","give","take","give-take","",""
"650","664783f1b5de4a3b523d090f","control_MaxMatch_Positive_Physical","2","MaxMatch","build","twinkle","build-twinkle","ConceptualMatch:physical","PositiveMatch"
"651","6441c37f5666c66e67eba833","control_Similar","99","SimilarControl","begin","start","begin-start","",""
"652","6441c37f5666c66e67eba833","control_Dissimilar","9","DissimilarControl","enter","exit","enter-exit","",""
"653","6441c37f5666c66e67eba833","control_MaxMatch_Positive_Psychological","98","MaxMatch","content","appreciate","content-appreciate","ConceptualMatch:psychological","PositiveMatch"
"654","6441c37f5666c66e67eba833","control_Similar","99","SimilarControl","end","finish","end-finish","",""
"655","6441c37f5666c66e67eba833","control_MaxMatch_Positive_Physical","60","MaxMatch","cuddle","caress","cuddle-caress","ConceptualMatch:physical","PositiveMatch"
"656","6441c37f5666c66e67eba833","test_ConceptualMatch_Physical","2","ConceptualMatchingOnly","produce","corrode","produce-corrode","ConceptualMatch:physical","PositiveMismatch"
"657","6441c37f5666c66e67eba833","control_Dissimilar","5","DissimilarControl","begin","end","begin-end","",""
"658","6441c37f5666c66e67eba833","control_MaxMatch_Negative_Psychological","88","MaxMatch","embarrass","criticize","embarrass-criticize","ConceptualMatch:psychological","NegativeMatch"
"659","6441c37f5666c66e67eba833","test_ValenceMatch_Negative","52","ValenceMatchingOnly","hit","dishonor","hit-dishonor","ConceptualMismatch:physical","NegativeMatch"
"660","6441c37f5666c66e67eba833","test_ConceptualMatch_Psychological","5","ConceptualMatchingOnly","appreciate","dismay","appreciate-dismay","ConceptualMatch:psychological","PositiveMismatch"
"661","6441c37f5666c66e67eba833","control_MaxMismatch","13","MaxMismatch","respect","corrode","respect-corrode","ConceptualMismatch:psychological","PositiveMismatch"
"662","6441c37f5666c66e67eba833","test_ValenceMatch_Positive","67","ValenceMatchingOnly","clean","encourage","clean-encourage","ConceptualMismatch:physical","PositiveMatch"
"663","6441c37f5666c66e67eba833","control_MaxMatch_Negative_Physical","65","MaxMatch","rust","slash","rust-slash","ConceptualMatch:physical","NegativeMatch"
"664","6441c37f5666c66e67eba833","control_Similar","87","SimilarControl","show","display","show-display","",""
"665","6441c37f5666c66e67eba833","control_Dissimilar","12","DissimilarControl","give","take","give-take","",""
"666","6441c37f5666c66e67eba833","control_MaxMatch_Positive_Psychological","95","MaxMatch","like","adore","like-adore","ConceptualMatch:psychological","PositiveMatch"
"667","6441c37f5666c66e67eba833","control_Similar","93","SimilarControl","get","obtain","get-obtain","",""
"668","6441c37f5666c66e67eba833","control_MaxMatch_Positive_Physical","74","MaxMatch","build","clean","build-clean","ConceptualMatch:physical","PositiveMatch"
"669","6441c37f5666c66e67eba833","test_ConceptualMatch_Physical","16","ConceptualMatchingOnly","hug","slash","hug-slash","ConceptualMatch:physical","PositiveMismatch"
"670","6441c37f5666c66e67eba833","control_Dissimilar","3","DissimilarControl","increase","decrease","increase-decrease","",""
"671","6441c37f5666c66e67eba833","control_MaxMatch_Negative_Psychological","75","MaxMatch","offend","despair","offend-despair","ConceptualMatch:psychological","NegativeMatch"
"672","6441c37f5666c66e67eba833","test_ValenceMatch_Negative","81","ValenceMatchingOnly","corrode","dread","corrode-dread","ConceptualMismatch:physical","NegativeMatch"
"673","6441c37f5666c66e67eba833","test_ConceptualMatch_Psychological","22","ConceptualMatchingOnly","impress","offend","impress-offend","ConceptualMatch:psychological","PositiveMismatch"
"674","6441c37f5666c66e67eba833","control_MaxMismatch","16","MaxMismatch","like","slaughter","like-slaughter","ConceptualMismatch:psychological","PositiveMismatch"
"675","6441c37f5666c66e67eba833","test_ValenceMatch_Positive","41","ValenceMatchingOnly","decorate","adore","decorate-adore","ConceptualMismatch:physical","PositiveMatch"
"676","6441c37f5666c66e67eba833","control_MaxMatch_Negative_Physical","76","MaxMatch","slaughter","crash","slaughter-crash","ConceptualMatch:physical","NegativeMatch"
"677","6441c37f5666c66e67eba833","control_Similar","69","SimilarControl","use","employ","use-employ","",""
"678","6441c37f5666c66e67eba833","control_Dissimilar","0","DissimilarControl","open","close","open-close","",""
"679","6441c37f5666c66e67eba833","control_MaxMatch_Positive_Psychological","91","MaxMatch","impress","adore","impress-adore","ConceptualMatch:psychological","PositiveMatch"
"680","6441c37f5666c66e67eba833","control_Similar","95","SimilarControl","help","assist","help-assist","",""
"681","6441c37f5666c66e67eba833","control_MaxMatch_Positive_Physical","42","MaxMatch","cuddle","twinkle","cuddle-twinkle","ConceptualMatch:physical","PositiveMatch"
"682","6441c37f5666c66e67eba833","test_ConceptualMatch_Physical","5","ConceptualMatchingOnly","clean","burn","clean-burn","ConceptualMatch:physical","PositiveMismatch"
"683","6441c37f5666c66e67eba833","control_Dissimilar","65","DissimilarControl","come","go","come-go","",""
"684","6441c37f5666c66e67eba833","control_MaxMatch_Negative_Psychological","29","MaxMatch","discourage","dismay","discourage-dismay","ConceptualMatch:psychological","NegativeMatch"
"685","6441c37f5666c66e67eba833","test_ValenceMatch_Negative","4","ValenceMatchingOnly","slaughter","discourage","slaughter-discourage","ConceptualMismatch:physical","NegativeMatch"
"686","6441c37f5666c66e67eba833","test_ConceptualMatch_Psychological","33","ConceptualMatchingOnly","cherish","irritate","cherish-irritate","ConceptualMatch:psychological","PositiveMismatch"
"687","6441c37f5666c66e67eba833","control_MaxMismatch","40","MaxMismatch","admire","corrode","admire-corrode","ConceptualMismatch:psychological","PositiveMismatch"
"688","6441c37f5666c66e67eba833","test_ValenceMatch_Positive","74","ValenceMatchingOnly","produce","appreciate","produce-appreciate","ConceptualMismatch:physical","PositiveMatch"
"689","6441c37f5666c66e67eba833","control_MaxMatch_Negative_Physical","83","MaxMatch","rust","corrode","rust-corrode","ConceptualMatch:physical","NegativeMatch"
"690","6441c37f5666c66e67eba833","control_Similar","90","SimilarControl","speak","talk","speak-talk","",""
"691","6441c37f5666c66e67eba833","control_Dissimilar","0","DissimilarControl","push","pull","push-pull","",""
"692","6441c37f5666c66e67eba833","control_MaxMatch_Positive_Psychological","78","MaxMatch","content","respect","content-respect","ConceptualMatch:psychological","PositiveMatch"
"693","6441c37f5666c66e67eba833","control_Similar","71","SimilarControl","ask","inquire","ask-inquire","",""
"694","6441c37f5666c66e67eba833","control_MaxMatch_Positive_Physical","65","MaxMatch","sculpt","clean","sculpt-clean","ConceptualMatch:physical","PositiveMatch"
"695","6441c37f5666c66e67eba833","test_ConceptualMatch_Physical","12","ConceptualMatchingOnly","build","rust","build-rust","ConceptualMatch:physical","PositiveMismatch"
"696","6441c37f5666c66e67eba833","control_Dissimilar","9","DissimilarControl","rise","fall","rise-fall","",""
"697","6441c37f5666c66e67eba833","control_MaxMatch_Negative_Psychological","83","MaxMatch","discourage","dread","discourage-dread","ConceptualMatch:psychological","NegativeMatch"
"698","6441c37f5666c66e67eba833","test_ValenceMatch_Negative","26","ValenceMatchingOnly","slaughter","offend","slaughter-offend","ConceptualMismatch:physical","NegativeMatch"
"699","6441c37f5666c66e67eba833","test_ConceptualMatch_Psychological","26","ConceptualMatchingOnly","like","criticize","like-criticize","ConceptualMatch:psychological","PositiveMismatch"
"700","6441c37f5666c66e67eba833","control_MaxMismatch","8","MaxMismatch","like","hit","like-hit","ConceptualMismatch:psychological","PositiveMismatch"
"701","6441c37f5666c66e67eba833","test_ValenceMatch_Positive","96","ValenceMatchingOnly","hug","admire","hug-admire","ConceptualMismatch:physical","PositiveMatch"
"702","6441c37f5666c66e67eba833","control_MaxMatch_Negative_Physical","83","MaxMatch","slaughter","hit","slaughter-hit","ConceptualMatch:physical","NegativeMatch"
"703","6441c37f5666c66e67eba833","control_Similar","99","SimilarControl","buy","purchase","buy-purchase","",""
"704","6441c37f5666c66e67eba833","control_Dissimilar","3","DissimilarControl","add","remove","add-remove","",""
"705","6441c37f5666c66e67eba833","control_MaxMatch_Positive_Psychological","99","MaxMatch","respect","admire","respect-admire","ConceptualMatch:psychological","PositiveMatch"
"706","6441c37f5666c66e67eba833","control_Similar","83","SimilarControl","need","require","need-require","",""
"707","6441c37f5666c66e67eba833","control_MaxMatch_Positive_Physical","58","MaxMatch","build","caress","build-caress","ConceptualMatch:physical","PositiveMatch"
"708","6441c37f5666c66e67eba833","test_ConceptualMatch_Physical","34","ConceptualMatchingOnly","build","slaughter","build-slaughter","ConceptualMatch:physical","PositiveMismatch"
"709","6441c37f5666c66e67eba833","control_Dissimilar","5","DissimilarControl","arrive","leave","arrive-leave","",""
"710","6441c37f5666c66e67eba833","control_MaxMatch_Negative_Psychological","76","MaxMatch","dishonor","dread","dishonor-dread","ConceptualMatch:psychological","NegativeMatch"
"711","6441c37f5666c66e67eba833","test_ValenceMatch_Negative","66","ValenceMatchingOnly","burn","despair","burn-despair","ConceptualMismatch:physical","NegativeMatch"
"712","6441c37f5666c66e67eba833","test_ConceptualMatch_Psychological","34","ConceptualMatchingOnly","reassure","offend","reassure-offend","ConceptualMatch:psychological","PositiveMismatch"
"713","6441c37f5666c66e67eba833","control_MaxMismatch","16","MaxMismatch","encourage","burn","encourage-burn","ConceptualMismatch:psychological","PositiveMismatch"
"714","6441c37f5666c66e67eba833","test_ValenceMatch_Positive","34","ValenceMatchingOnly","twinkle","like","twinkle-like","ConceptualMismatch:physical","PositiveMatch"
"715","6441c37f5666c66e67eba833","control_MaxMatch_Negative_Physical","34","MaxMatch","tear","hit","tear-hit","ConceptualMatch:physical","NegativeMatch"
"716","682b76cd7d1dde59f69b3b71","control_Dissimilar","0","DissimilarControl","give","take","give-take","",""
"717","682b76cd7d1dde59f69b3b71","control_Similar","99","SimilarControl","need","require","need-require","",""
"718","682b76cd7d1dde59f69b3b71","control_MaxMatch_Positive_Physical","0","MaxMatch","build","twinkle","build-twinkle","ConceptualMatch:physical","PositiveMatch"
"719","682b76cd7d1dde59f69b3b71","control_MaxMatch_Positive_Psychological","61","MaxMatch","like","respect","like-respect","ConceptualMatch:psychological","PositiveMatch"
"720","682b76cd7d1dde59f69b3b71","test_ConceptualMatch_Psychological","5","ConceptualMatchingOnly","content","discourage","content-discourage","ConceptualMatch:psychological","PositiveMismatch"
"721","682b76cd7d1dde59f69b3b71","test_ValenceMatch_Positive","99","ValenceMatchingOnly","cuddle","adore","cuddle-adore","ConceptualMismatch:physical","PositiveMatch"
"722","682b76cd7d1dde59f69b3b71","control_MaxMismatch","29","MaxMismatch","content","stain","content-stain","ConceptualMismatch:psychological","PositiveMismatch"
"723","682b76cd7d1dde59f69b3b71","control_MaxMatch_Negative_Psychological","99","MaxMatch","displease","dishonor","displease-dishonor","ConceptualMatch:psychological","NegativeMatch"
"724","682b76cd7d1dde59f69b3b71","test_ValenceMatch_Negative","57","ValenceMatchingOnly","rust","offend","rust-offend","ConceptualMismatch:physical","NegativeMatch"
"725","682b76cd7d1dde59f69b3b71","control_MaxMatch_Negative_Physical","71","MaxMatch","slash","tear","slash-tear","ConceptualMatch:physical","NegativeMatch"
"726","682b76cd7d1dde59f69b3b71","test_ConceptualMatch_Physical","19","ConceptualMatchingOnly","clean","hit","clean-hit","ConceptualMatch:physical","PositiveMismatch"
"727","682b76cd7d1dde59f69b3b71","control_Dissimilar","0","DissimilarControl","arrive","leave","arrive-leave","",""
"728","682b76cd7d1dde59f69b3b71","control_Similar","95","SimilarControl","use","employ","use-employ","",""
"729","682b76cd7d1dde59f69b3b71","control_Dissimilar","0","DissimilarControl","add","remove","add-remove","",""
"730","682b76cd7d1dde59f69b3b71","control_Similar","99","SimilarControl","begin","start","begin-start","",""
"731","682b76cd7d1dde59f69b3b71","control_MaxMatch_Positive_Physical","23","MaxMatch","repair","twinkle","repair-twinkle","ConceptualMatch:physical","PositiveMatch"
"732","682b76cd7d1dde59f69b3b71","control_MaxMatch_Positive_Psychological","99","MaxMatch","content","appreciate","content-appreciate","ConceptualMatch:psychological","PositiveMatch"
"733","682b76cd7d1dde59f69b3b71","test_ConceptualMatch_Psychological","0","ConceptualMatchingOnly","appreciate","offend","appreciate-offend","ConceptualMatch:psychological","PositiveMismatch"
"734","682b76cd7d1dde59f69b3b71","test_ValenceMatch_Positive","0","ValenceMatchingOnly","twinkle","appreciate","twinkle-appreciate","ConceptualMismatch:physical","PositiveMatch"
"735","682b76cd7d1dde59f69b3b71","control_MaxMismatch","0","MaxMismatch","encourage","stain","encourage-stain","ConceptualMismatch:psychological","PositiveMismatch"
"736","682b76cd7d1dde59f69b3b71","control_MaxMatch_Negative_Psychological","99","MaxMatch","irritate","criticize","irritate-criticize","ConceptualMatch:psychological","NegativeMatch"
"737","682b76cd7d1dde59f69b3b71","test_ValenceMatch_Negative","99","ValenceMatchingOnly","hit","dismay","hit-dismay","ConceptualMismatch:physical","NegativeMatch"
"738","682b76cd7d1dde59f69b3b71","control_MaxMatch_Negative_Physical","99","MaxMatch","slaughter","tear","slaughter-tear","ConceptualMatch:physical","NegativeMatch"
"739","682b76cd7d1dde59f69b3b71","test_ConceptualMatch_Physical","0","ConceptualMatchingOnly","clean","slaughter","clean-slaughter","ConceptualMatch:physical","PositiveMismatch"
"740","682b76cd7d1dde59f69b3b71","control_Dissimilar","0","DissimilarControl","come","go","come-go","",""
"741","682b76cd7d1dde59f69b3b71","control_Similar","99","SimilarControl","speak","talk","speak-talk","",""
"742","682b76cd7d1dde59f69b3b71","control_Dissimilar","0","DissimilarControl","rise","fall","rise-fall","",""
"743","682b76cd7d1dde59f69b3b71","control_Similar","99","SimilarControl","end","finish","end-finish","",""
"744","682b76cd7d1dde59f69b3b71","control_MaxMatch_Positive_Physical","99","MaxMatch","caress","hug","caress-hug","ConceptualMatch:physical","PositiveMatch"
"745","682b76cd7d1dde59f69b3b71","control_MaxMatch_Positive_Psychological","99","MaxMatch","respect","admire","respect-admire","ConceptualMatch:psychological","PositiveMatch"
"746","682b76cd7d1dde59f69b3b71","test_ConceptualMatch_Psychological","0","ConceptualMatchingOnly","respect","dishonor","respect-dishonor","ConceptualMatch:psychological","PositiveMismatch"
"747","682b76cd7d1dde59f69b3b71","test_ValenceMatch_Positive","0","ValenceMatchingOnly","twinkle","admire","twinkle-admire","ConceptualMismatch:physical","PositiveMatch"
"748","682b76cd7d1dde59f69b3b71","control_MaxMismatch","0","MaxMismatch","admire","corrode","admire-corrode","ConceptualMismatch:psychological","PositiveMismatch"
"749","682b76cd7d1dde59f69b3b71","control_MaxMatch_Negative_Psychological","99","MaxMatch","offend","displease","offend-displease","ConceptualMatch:psychological","NegativeMatch"
"750","682b76cd7d1dde59f69b3b71","test_ValenceMatch_Negative","0","ValenceMatchingOnly","rust","discourage","rust-discourage","ConceptualMismatch:physical","NegativeMatch"
"751","682b76cd7d1dde59f69b3b71","control_MaxMatch_Negative_Physical","10","MaxMatch","delete","corrode","delete-corrode","ConceptualMatch:physical","NegativeMatch"
"752","682b76cd7d1dde59f69b3b71","test_ConceptualMatch_Physical","0","ConceptualMatchingOnly","produce","crash","produce-crash","ConceptualMatch:physical","PositiveMismatch"
"753","682b76cd7d1dde59f69b3b71","control_Dissimilar","0","DissimilarControl","enter","exit","enter-exit","",""
"754","682b76cd7d1dde59f69b3b71","control_Similar","99","SimilarControl","buy","purchase","buy-purchase","",""
"755","682b76cd7d1dde59f69b3b71","control_Dissimilar","0","DissimilarControl","push","pull","push-pull","",""
"756","682b76cd7d1dde59f69b3b71","control_Similar","99","SimilarControl","show","display","show-display","",""
"757","682b76cd7d1dde59f69b3b71","control_MaxMatch_Positive_Physical","0","MaxMatch","caress","sculpt","caress-sculpt","ConceptualMatch:physical","PositiveMatch"
"758","682b76cd7d1dde59f69b3b71","control_MaxMatch_Positive_Psychological","99","MaxMatch","appreciate","reassure","appreciate-reassure","ConceptualMatch:psychological","PositiveMatch"
"759","682b76cd7d1dde59f69b3b71","test_ConceptualMatch_Psychological","99","ConceptualMatchingOnly","adore","despair","adore-despair","ConceptualMatch:psychological","PositiveMismatch"
"760","682b76cd7d1dde59f69b3b71","test_ValenceMatch_Positive","0","ValenceMatchingOnly","cuddle","like","cuddle-like","ConceptualMismatch:physical","PositiveMatch"
"761","682b76cd7d1dde59f69b3b71","control_MaxMismatch","0","MaxMismatch","respect","slash","respect-slash","ConceptualMismatch:psychological","PositiveMismatch"
"762","682b76cd7d1dde59f69b3b71","control_MaxMatch_Negative_Psychological","99","MaxMatch","offend","despair","offend-despair","ConceptualMatch:psychological","NegativeMatch"
"763","682b76cd7d1dde59f69b3b71","test_ValenceMatch_Negative","99","ValenceMatchingOnly","hit","offend","hit-offend","ConceptualMismatch:physical","NegativeMatch"
"764","682b76cd7d1dde59f69b3b71","control_MaxMatch_Negative_Physical","5","MaxMatch","tear","burn","tear-burn","ConceptualMatch:physical","NegativeMatch"
"765","682b76cd7d1dde59f69b3b71","test_ConceptualMatch_Physical","0","ConceptualMatchingOnly","caress","hit","caress-hit","ConceptualMatch:physical","PositiveMismatch"
"766","682b76cd7d1dde59f69b3b71","control_Dissimilar","0","DissimilarControl","increase","decrease","increase-decrease","",""
"767","682b76cd7d1dde59f69b3b71","control_Similar","99","SimilarControl","help","assist","help-assist","",""
"768","682b76cd7d1dde59f69b3b71","control_Dissimilar","0","DissimilarControl","open","close","open-close","",""
"769","682b76cd7d1dde59f69b3b71","control_Similar","99","SimilarControl","get","obtain","get-obtain","",""
"770","682b76cd7d1dde59f69b3b71","control_MaxMatch_Positive_Physical","99","MaxMatch","cuddle","caress","cuddle-caress","ConceptualMatch:physical","PositiveMatch"
"771","682b76cd7d1dde59f69b3b71","control_MaxMatch_Positive_Psychological","99","MaxMatch","impress","respect","impress-respect","ConceptualMatch:psychological","PositiveMatch"
"772","682b76cd7d1dde59f69b3b71","test_ConceptualMatch_Psychological","13","ConceptualMatchingOnly","adore","dismay","adore-dismay","ConceptualMatch:psychological","PositiveMismatch"
"773","682b76cd7d1dde59f69b3b71","test_ValenceMatch_Positive","99","ValenceMatchingOnly","caress","encourage","caress-encourage","ConceptualMismatch:physical","PositiveMatch"
"774","682b76cd7d1dde59f69b3b71","control_MaxMismatch","0","MaxMismatch","cherish","tear","cherish-tear","ConceptualMismatch:psychological","PositiveMismatch"
"775","682b76cd7d1dde59f69b3b71","control_MaxMatch_Negative_Psychological","99","MaxMatch","offend","embarrass","offend-embarrass","ConceptualMatch:psychological","NegativeMatch"
"776","682b76cd7d1dde59f69b3b71","test_ValenceMatch_Negative","80","ValenceMatchingOnly","crash","criticize","crash-criticize","ConceptualMismatch:physical","NegativeMatch"
"777","682b76cd7d1dde59f69b3b71","control_MaxMatch_Negative_Physical","94","MaxMatch","hit","corrode","hit-corrode","ConceptualMatch:physical","NegativeMatch"
"778","682b76cd7d1dde59f69b3b71","test_ConceptualMatch_Physical","0","ConceptualMatchingOnly","twinkle","tear","twinkle-tear","ConceptualMatch:physical","PositiveMismatch"
"779","682b76cd7d1dde59f69b3b71","control_Dissimilar","0","DissimilarControl","begin","end","begin-end","",""
"780","682b76cd7d1dde59f69b3b71","control_Similar","99","SimilarControl","ask","inquire","ask-inquire","",""
"781","5ec17a2e02be030625eaff6e","control_Similar","99","SimilarControl","help","assist","help-assist","",""
"782","5ec17a2e02be030625eaff6e","control_Dissimilar","0","DissimilarControl","give","take","give-take","",""
"783","5ec17a2e02be030625eaff6e","test_ValenceMatch_Negative","0","ValenceMatchingOnly","delete","offend","delete-offend","ConceptualMismatch:physical","NegativeMatch"
"784","5ec17a2e02be030625eaff6e","control_MaxMatch_Negative_Physical","58","MaxMatch","slash","corrode","slash-corrode","ConceptualMatch:physical","NegativeMatch"
"785","5ec17a2e02be030625eaff6e","control_MaxMatch_Positive_Psychological","87","MaxMatch","like","cherish","like-cherish","ConceptualMatch:psychological","PositiveMatch"
"786","5ec17a2e02be030625eaff6e","test_ConceptualMatch_Physical","37","ConceptualMatchingOnly","cuddle","slaughter","cuddle-slaughter","ConceptualMatch:physical","PositiveMismatch"
"787","5ec17a2e02be030625eaff6e","control_Similar","99","SimilarControl","use","employ","use-employ","",""
"788","5ec17a2e02be030625eaff6e","control_MaxMismatch","52","MaxMismatch","content","hit","content-hit","ConceptualMismatch:psychological","PositiveMismatch"
"789","5ec17a2e02be030625eaff6e","control_MaxMatch_Negative_Psychological","49","MaxMatch","despair","dishonor","despair-dishonor","ConceptualMatch:psychological","NegativeMatch"
"790","5ec17a2e02be030625eaff6e","test_ValenceMatch_Positive","53","ValenceMatchingOnly","decorate","admire","decorate-admire","ConceptualMismatch:physical","PositiveMatch"
"791","5ec17a2e02be030625eaff6e","test_ConceptualMatch_Psychological","47","ConceptualMatchingOnly","respect","dismay","respect-dismay","ConceptualMatch:psychological","PositiveMismatch"
"792","5ec17a2e02be030625eaff6e","control_MaxMatch_Positive_Physical","49","MaxMatch","produce","decorate","produce-decorate","ConceptualMatch:physical","PositiveMatch"
"793","5ec17a2e02be030625eaff6e","control_Dissimilar","0","DissimilarControl","begin","end","begin-end","",""
"794","5ec17a2e02be030625eaff6e","control_Similar","95","SimilarControl","show","display","show-display","",""
"795","5ec17a2e02be030625eaff6e","control_Dissimilar","0","DissimilarControl","arrive","leave","arrive-leave","",""
"796","5ec17a2e02be030625eaff6e","test_ValenceMatch_Negative","48","ValenceMatchingOnly","crash","irritate","crash-irritate","ConceptualMismatch:physical","NegativeMatch"
"797","5ec17a2e02be030625eaff6e","control_MaxMatch_Negative_Physical","63","MaxMatch","delete","corrode","delete-corrode","ConceptualMatch:physical","NegativeMatch"
"798","5ec17a2e02be030625eaff6e","control_MaxMatch_Positive_Psychological","70","MaxMatch","respect","adore","respect-adore","ConceptualMatch:psychological","PositiveMatch"
"799","5ec17a2e02be030625eaff6e","test_ConceptualMatch_Physical","20","ConceptualMatchingOnly","repair","tear","repair-tear","ConceptualMatch:physical","PositiveMismatch"
"800","5ec17a2e02be030625eaff6e","control_Similar","99","SimilarControl","end","finish","end-finish","",""
"801","5ec17a2e02be030625eaff6e","control_MaxMismatch","46","MaxMismatch","respect","stain","respect-stain","ConceptualMismatch:psychological","PositiveMismatch"
"802","5ec17a2e02be030625eaff6e","control_MaxMatch_Negative_Psychological","48","MaxMatch","despair","criticize","despair-criticize","ConceptualMatch:psychological","NegativeMatch"
"803","5ec17a2e02be030625eaff6e","test_ValenceMatch_Positive","55","ValenceMatchingOnly","cuddle","adore","cuddle-adore","ConceptualMismatch:physical","PositiveMatch"
"804","5ec17a2e02be030625eaff6e","test_ConceptualMatch_Psychological","38","ConceptualMatchingOnly","content","displease","content-displease","ConceptualMatch:psychological","PositiveMismatch"
"805","5ec17a2e02be030625eaff6e","control_MaxMatch_Positive_Physical","58","MaxMatch","repair","caress","repair-caress","ConceptualMatch:physical","PositiveMatch"
"806","5ec17a2e02be030625eaff6e","control_Dissimilar","0","DissimilarControl","come","go","come-go","",""
"807","5ec17a2e02be030625eaff6e","control_Similar","99","SimilarControl","need","require","need-require","",""
"808","5ec17a2e02be030625eaff6e","control_Dissimilar","0","DissimilarControl","push","pull","push-pull","",""
"809","5ec17a2e02be030625eaff6e","test_ValenceMatch_Negative","49","ValenceMatchingOnly","slaughter","criticize","slaughter-criticize","ConceptualMismatch:physical","NegativeMatch"
"810","5ec17a2e02be030625eaff6e","control_MaxMatch_Negative_Physical","57","MaxMatch","crash","hit","crash-hit","ConceptualMatch:physical","NegativeMatch"
"811","5ec17a2e02be030625eaff6e","control_MaxMatch_Positive_Psychological","50","MaxMatch","reassure","cherish","reassure-cherish","ConceptualMatch:psychological","PositiveMatch"
"812","5ec17a2e02be030625eaff6e","test_ConceptualMatch_Physical","52","ConceptualMatchingOnly","sculpt","delete","sculpt-delete","ConceptualMatch:physical","PositiveMismatch"
"813","5ec17a2e02be030625eaff6e","control_Similar","99","SimilarControl","begin","start","begin-start","",""
"814","5ec17a2e02be030625eaff6e","control_MaxMismatch","50","MaxMismatch","reassure","stain","reassure-stain","ConceptualMismatch:psychological","PositiveMismatch"
"815","5ec17a2e02be030625eaff6e","control_MaxMatch_Negative_Psychological","50","MaxMatch","irritate","criticize","irritate-criticize","ConceptualMatch:psychological","NegativeMatch"
"816","5ec17a2e02be030625eaff6e","test_ValenceMatch_Positive","50","ValenceMatchingOnly","produce","reassure","produce-reassure","ConceptualMismatch:physical","PositiveMatch"
"817","5ec17a2e02be030625eaff6e","test_ConceptualMatch_Psychological","40","ConceptualMatchingOnly","like","discourage","like-discourage","ConceptualMatch:psychological","PositiveMismatch"
"818","5ec17a2e02be030625eaff6e","control_MaxMatch_Positive_Physical","50","MaxMatch","hug","produce","hug-produce","ConceptualMatch:physical","PositiveMatch"
"819","5ec17a2e02be030625eaff6e","control_Dissimilar","0","DissimilarControl","rise","fall","rise-fall","",""
"820","5ec17a2e02be030625eaff6e","control_Similar","96","SimilarControl","speak","talk","speak-talk","",""
"821","5ec17a2e02be030625eaff6e","control_Dissimilar","0","DissimilarControl","add","remove","add-remove","",""
"822","5ec17a2e02be030625eaff6e","test_ValenceMatch_Negative","50","ValenceMatchingOnly","slaughter","irritate","slaughter-irritate","ConceptualMismatch:physical","NegativeMatch"
"823","5ec17a2e02be030625eaff6e","control_MaxMatch_Negative_Physical","50","MaxMatch","hit","delete","hit-delete","ConceptualMatch:physical","NegativeMatch"
"824","5ec17a2e02be030625eaff6e","control_MaxMatch_Positive_Psychological","82","MaxMatch","admire","adore","admire-adore","ConceptualMatch:psychological","PositiveMatch"
"825","5ec17a2e02be030625eaff6e","test_ConceptualMatch_Physical","50","ConceptualMatchingOnly","build","tear","build-tear","ConceptualMatch:physical","PositiveMismatch"
"826","5ec17a2e02be030625eaff6e","control_Similar","92","SimilarControl","get","obtain","get-obtain","",""
"827","5ec17a2e02be030625eaff6e","control_MaxMismatch","50","MaxMismatch","impress","crash","impress-crash","ConceptualMismatch:psychological","PositiveMismatch"
"828","5ec17a2e02be030625eaff6e","control_MaxMatch_Negative_Psychological","57","MaxMatch","displease","dread","displease-dread","ConceptualMatch:psychological","NegativeMatch"
"829","5ec17a2e02be030625eaff6e","test_ValenceMatch_Positive","50","ValenceMatchingOnly","repair","impress","repair-impress","ConceptualMismatch:physical","PositiveMatch"
"830","5ec17a2e02be030625eaff6e","test_ConceptualMatch_Psychological","29","ConceptualMatchingOnly","adore","discourage","adore-discourage","ConceptualMatch:psychological","PositiveMismatch"
"831","5ec17a2e02be030625eaff6e","control_MaxMatch_Positive_Physical","50","MaxMatch","build","clean","build-clean","ConceptualMatch:physical","PositiveMatch"
"832","5ec17a2e02be030625eaff6e","control_Dissimilar","0","DissimilarControl","open","close","open-close","",""
"833","5ec17a2e02be030625eaff6e","control_Similar","93","SimilarControl","buy","purchase","buy-purchase","",""
"834","5ec17a2e02be030625eaff6e","control_Dissimilar","0","DissimilarControl","increase","decrease","increase-decrease","",""
"835","5ec17a2e02be030625eaff6e","test_ValenceMatch_Negative","50","ValenceMatchingOnly","hit","dismay","hit-dismay","ConceptualMismatch:physical","NegativeMatch"
"836","5ec17a2e02be030625eaff6e","control_MaxMatch_Negative_Physical","60","MaxMatch","burn","corrode","burn-corrode","ConceptualMatch:physical","NegativeMatch"
"837","5ec17a2e02be030625eaff6e","control_MaxMatch_Positive_Psychological","70","MaxMatch","like","admire","like-admire","ConceptualMatch:psychological","PositiveMatch"
"838","5ec17a2e02be030625eaff6e","test_ConceptualMatch_Physical","50","ConceptualMatchingOnly","produce","slash","produce-slash","ConceptualMatch:physical","PositiveMismatch"
"839","5ec17a2e02be030625eaff6e","control_Similar","96","SimilarControl","ask","inquire","ask-inquire","",""
"840","5ec17a2e02be030625eaff6e","control_MaxMismatch","50","MaxMismatch","cherish","hit","cherish-hit","ConceptualMismatch:psychological","PositiveMismatch"
"841","5ec17a2e02be030625eaff6e","control_MaxMatch_Negative_Psychological","94","MaxMatch","despair","dread","despair-dread","ConceptualMatch:psychological","NegativeMatch"
"842","5ec17a2e02be030625eaff6e","test_ValenceMatch_Positive","51","ValenceMatchingOnly","caress","admire","caress-admire","ConceptualMismatch:physical","PositiveMatch"
"843","5ec17a2e02be030625eaff6e","test_ConceptualMatch_Psychological","31","ConceptualMatchingOnly","reassure","embarrass","reassure-embarrass","ConceptualMatch:psychological","PositiveMismatch"
"844","5ec17a2e02be030625eaff6e","control_MaxMatch_Positive_Physical","50","MaxMatch","sculpt","twinkle","sculpt-twinkle","ConceptualMatch:physical","PositiveMatch"
"845","5ec17a2e02be030625eaff6e","control_Dissimilar","0","DissimilarControl","enter","exit","enter-exit","",""
"846","65c0ed76e2e195876cfd9b74","control_Similar","99","SimilarControl","ask","inquire","ask-inquire","",""
"847","65c0ed76e2e195876cfd9b74","control_Dissimilar","0","DissimilarControl","increase","decrease","increase-decrease","",""
"848","65c0ed76e2e195876cfd9b74","test_ValenceMatch_Negative","0","ValenceMatchingOnly","crash","embarrass","crash-embarrass","ConceptualMismatch:physical","NegativeMatch"
"849","65c0ed76e2e195876cfd9b74","control_MaxMatch_Positive_Physical","13","MaxMatch","sculpt","decorate","sculpt-decorate","ConceptualMatch:physical","PositiveMatch"
"850","65c0ed76e2e195876cfd9b74","control_MaxMismatch","0","MaxMismatch","adore","crash","adore-crash","ConceptualMismatch:psychological","PositiveMismatch"
"851","65c0ed76e2e195876cfd9b74","control_Similar","99","SimilarControl","buy","purchase","buy-purchase","",""
"852","65c0ed76e2e195876cfd9b74","control_MaxMatch_Positive_Psychological","63","MaxMatch","like","cherish","like-cherish","ConceptualMatch:psychological","PositiveMatch"
"853","65c0ed76e2e195876cfd9b74","test_ValenceMatch_Positive","71","ValenceMatchingOnly","cuddle","appreciate","cuddle-appreciate","ConceptualMismatch:physical","PositiveMatch"
"854","65c0ed76e2e195876cfd9b74","test_ConceptualMatch_Physical","0","ConceptualMatchingOnly","caress","burn","caress-burn","ConceptualMatch:physical","PositiveMismatch"
"855","65c0ed76e2e195876cfd9b74","control_Dissimilar","0","DissimilarControl","give","take","give-take","",""
"856","65c0ed76e2e195876cfd9b74","test_ConceptualMatch_Psychological","0","ConceptualMatchingOnly","respect","irritate","respect-irritate","ConceptualMatch:psychological","PositiveMismatch"
"857","65c0ed76e2e195876cfd9b74","control_MaxMatch_Negative_Psychological","0","MaxMatch","dishonor","dread","dishonor-dread","ConceptualMatch:psychological","NegativeMatch"
"858","65c0ed76e2e195876cfd9b74","control_MaxMatch_Negative_Physical","0","MaxMatch","tear","burn","tear-burn","ConceptualMatch:physical","NegativeMatch"
"859","65c0ed76e2e195876cfd9b74","control_Similar","99","SimilarControl","begin","start","begin-start","",""
"860","65c0ed76e2e195876cfd9b74","control_Dissimilar","0","DissimilarControl","add","remove","add-remove","",""
"861","65c0ed76e2e195876cfd9b74","test_ValenceMatch_Negative","1","ValenceMatchingOnly","stain","despair","stain-despair","ConceptualMismatch:physical","NegativeMatch"
"862","65c0ed76e2e195876cfd9b74","control_MaxMatch_Positive_Physical","0","MaxMatch","produce","twinkle","produce-twinkle","ConceptualMatch:physical","PositiveMatch"
"863","65c0ed76e2e195876cfd9b74","control_MaxMismatch","0","MaxMismatch","like","corrode","like-corrode","ConceptualMismatch:psychological","PositiveMismatch"
"864","65c0ed76e2e195876cfd9b74","control_Similar","99","SimilarControl","get","obtain","get-obtain","",""
"865","65c0ed76e2e195876cfd9b74","control_MaxMatch_Positive_Psychological","0","MaxMatch","reassure","cherish","reassure-cherish","ConceptualMatch:psychological","PositiveMatch"
"866","65c0ed76e2e195876cfd9b74","test_ValenceMatch_Positive","0","ValenceMatchingOnly","twinkle","respect","twinkle-respect","ConceptualMismatch:physical","PositiveMatch"
"867","65c0ed76e2e195876cfd9b74","test_ConceptualMatch_Physical","0","ConceptualMatchingOnly","repair","corrode","repair-corrode","ConceptualMatch:physical","PositiveMismatch"
"868","65c0ed76e2e195876cfd9b74","control_Dissimilar","0","DissimilarControl","begin","end","begin-end","",""
"869","65c0ed76e2e195876cfd9b74","test_ConceptualMatch_Psychological","0","ConceptualMatchingOnly","like","displease","like-displease","ConceptualMatch:psychological","PositiveMismatch"
"870","65c0ed76e2e195876cfd9b74","control_MaxMatch_Negative_Psychological","0","MaxMatch","criticize","dread","criticize-dread","ConceptualMatch:psychological","NegativeMatch"
"871","65c0ed76e2e195876cfd9b74","control_MaxMatch_Negative_Physical","0","MaxMatch","burn","stain","burn-stain","ConceptualMatch:physical","NegativeMatch"
"872","65c0ed76e2e195876cfd9b74","control_Similar","99","SimilarControl","help","assist","help-assist","",""
"873","65c0ed76e2e195876cfd9b74","control_Dissimilar","0","DissimilarControl","open","close","open-close","",""
"874","65c0ed76e2e195876cfd9b74","test_ValenceMatch_Negative","0","ValenceMatchingOnly","burn","displease","burn-displease","ConceptualMismatch:physical","NegativeMatch"
"875","65c0ed76e2e195876cfd9b74","control_MaxMatch_Positive_Physical","60","MaxMatch","build","sculpt","build-sculpt","ConceptualMatch:physical","PositiveMatch"
"876","65c0ed76e2e195876cfd9b74","control_MaxMismatch","0","MaxMismatch","impress","hit","impress-hit","ConceptualMismatch:psychological","PositiveMismatch"
"877","65c0ed76e2e195876cfd9b74","control_Similar","99","SimilarControl","end","finish","end-finish","",""
"878","65c0ed76e2e195876cfd9b74","control_MaxMatch_Positive_Psychological","72","MaxMatch","respect","cherish","respect-cherish","ConceptualMatch:psychological","PositiveMatch"
"879","65c0ed76e2e195876cfd9b74","test_ValenceMatch_Positive","0","ValenceMatchingOnly","produce","adore","produce-adore","ConceptualMismatch:physical","PositiveMatch"
"880","65c0ed76e2e195876cfd9b74","test_ConceptualMatch_Physical","0","ConceptualMatchingOnly","caress","slaughter","caress-slaughter","ConceptualMatch:physical","PositiveMismatch"
"881","65c0ed76e2e195876cfd9b74","control_Dissimilar","0","DissimilarControl","enter","exit","enter-exit","",""
"882","65c0ed76e2e195876cfd9b74","test_ConceptualMatch_Psychological","0","ConceptualMatchingOnly","cherish","dismay","cherish-dismay","ConceptualMatch:psychological","PositiveMismatch"
"883","65c0ed76e2e195876cfd9b74","control_MaxMatch_Negative_Psychological","0","MaxMatch","displease","dismay","displease-dismay","ConceptualMatch:psychological","NegativeMatch"
"884","65c0ed76e2e195876cfd9b74","control_MaxMatch_Negative_Physical","0","MaxMatch","hit","delete","hit-delete","ConceptualMatch:physical","NegativeMatch"
"885","65c0ed76e2e195876cfd9b74","control_Similar","99","SimilarControl","speak","talk","speak-talk","",""
"886","65c0ed76e2e195876cfd9b74","control_Dissimilar","0","DissimilarControl","push","pull","push-pull","",""
"887","65c0ed76e2e195876cfd9b74","test_ValenceMatch_Negative","0","ValenceMatchingOnly","crash","offend","crash-offend","ConceptualMismatch:physical","NegativeMatch"
"888","65c0ed76e2e195876cfd9b74","control_MaxMatch_Positive_Physical","0","MaxMatch","hug","clean","hug-clean","ConceptualMatch:physical","PositiveMatch"
"889","65c0ed76e2e195876cfd9b74","control_MaxMismatch","0","MaxMismatch","appreciate","delete","appreciate-delete","ConceptualMismatch:psychological","PositiveMismatch"
"890","65c0ed76e2e195876cfd9b74","control_Similar","0","SimilarControl","need","require","need-require","",""
"891","65c0ed76e2e195876cfd9b74","control_MaxMatch_Positive_Psychological","0","MaxMatch","reassure","respect","reassure-respect","ConceptualMatch:psychological","PositiveMatch"
"892","65c0ed76e2e195876cfd9b74","test_ValenceMatch_Positive","0","ValenceMatchingOnly","decorate","reassure","decorate-reassure","ConceptualMismatch:physical","PositiveMatch"
"893","65c0ed76e2e195876cfd9b74","test_ConceptualMatch_Physical","0","ConceptualMatchingOnly","hug","slaughter","hug-slaughter","ConceptualMatch:physical","PositiveMismatch"
"894","65c0ed76e2e195876cfd9b74","control_Dissimilar","0","DissimilarControl","come","go","come-go","",""
"895","65c0ed76e2e195876cfd9b74","test_ConceptualMatch_Psychological","0","ConceptualMatchingOnly","reassure","irritate","reassure-irritate","ConceptualMatch:psychological","PositiveMismatch"
"896","65c0ed76e2e195876cfd9b74","control_MaxMatch_Negative_Psychological","0","MaxMatch","dismay","criticize","dismay-criticize","ConceptualMatch:psychological","NegativeMatch"
"897","65c0ed76e2e195876cfd9b74","control_MaxMatch_Negative_Physical","47","MaxMatch","crash","burn","crash-burn","ConceptualMatch:physical","NegativeMatch"
"898","65c0ed76e2e195876cfd9b74","control_Similar","87","SimilarControl","show","display","show-display","",""
"899","65c0ed76e2e195876cfd9b74","control_Dissimilar","0","DissimilarControl","arrive","leave","arrive-leave","",""
"900","65c0ed76e2e195876cfd9b74","test_ValenceMatch_Negative","0","ValenceMatchingOnly","corrode","displease","corrode-displease","ConceptualMismatch:physical","NegativeMatch"
"901","65c0ed76e2e195876cfd9b74","control_MaxMatch_Positive_Physical","0","MaxMatch","hug","sculpt","hug-sculpt","ConceptualMatch:physical","PositiveMatch"
"902","65c0ed76e2e195876cfd9b74","control_MaxMismatch","0","MaxMismatch","like","crash","like-crash","ConceptualMismatch:psychological","PositiveMismatch"
"903","65c0ed76e2e195876cfd9b74","control_Similar","80","SimilarControl","use","employ","use-employ","",""
"904","65c0ed76e2e195876cfd9b74","control_MaxMatch_Positive_Psychological","0","MaxMatch","impress","reassure","impress-reassure","ConceptualMatch:psychological","PositiveMatch"
"905","65c0ed76e2e195876cfd9b74","test_ValenceMatch_Positive","2","ValenceMatchingOnly","sculpt","respect","sculpt-respect","ConceptualMismatch:physical","PositiveMatch"
"906","65c0ed76e2e195876cfd9b74","test_ConceptualMatch_Physical","0","ConceptualMatchingOnly","decorate","rust","decorate-rust","ConceptualMatch:physical","PositiveMismatch"
"907","65c0ed76e2e195876cfd9b74","control_Dissimilar","0","DissimilarControl","rise","fall","rise-fall","",""
"908","65c0ed76e2e195876cfd9b74","test_ConceptualMatch_Psychological","0","ConceptualMatchingOnly","impress","discourage","impress-discourage","ConceptualMatch:psychological","PositiveMismatch"
"909","65c0ed76e2e195876cfd9b74","control_MaxMatch_Negative_Psychological","0","MaxMatch","discourage","criticize","discourage-criticize","ConceptualMatch:psychological","NegativeMatch"
"910","65c0ed76e2e195876cfd9b74","control_MaxMatch_Negative_Physical","0","MaxMatch","hit","corrode","hit-corrode","ConceptualMatch:physical","NegativeMatch"
"911","67e42a7bdae7875a883eead0","control_Similar","99","SimilarControl","get","obtain","get-obtain","",""
"912","67e42a7bdae7875a883eead0","control_Dissimilar","0","DissimilarControl","arrive","leave","arrive-leave","",""
"913","67e42a7bdae7875a883eead0","control_Similar","99","SimilarControl","help","assist","help-assist","",""
"914","67e42a7bdae7875a883eead0","control_MaxMismatch","0","MaxMismatch","adore","corrode","adore-corrode","ConceptualMismatch:psychological","PositiveMismatch"
"915","67e42a7bdae7875a883eead0","control_MaxMatch_Negative_Psychological","88","MaxMatch","offend","embarrass","offend-embarrass","ConceptualMatch:psychological","NegativeMatch"
"916","67e42a7bdae7875a883eead0","control_Dissimilar","0","DissimilarControl","add","remove","add-remove","",""
"917","67e42a7bdae7875a883eead0","test_ConceptualMatch_Psychological","0","ConceptualMatchingOnly","respect","dread","respect-dread","ConceptualMatch:psychological","PositiveMismatch"
"918","67e42a7bdae7875a883eead0","control_MaxMatch_Positive_Psychological","63","MaxMatch","impress","admire","impress-admire","ConceptualMatch:psychological","PositiveMatch"
"919","67e42a7bdae7875a883eead0","test_ValenceMatch_Negative","75","ValenceMatchingOnly","crash","embarrass","crash-embarrass","ConceptualMismatch:physical","NegativeMatch"
"920","67e42a7bdae7875a883eead0","control_MaxMatch_Negative_Physical","55","MaxMatch","hit","stain","hit-stain","ConceptualMatch:physical","NegativeMatch"
"921","67e42a7bdae7875a883eead0","test_ConceptualMatch_Physical","11","ConceptualMatchingOnly","cuddle","hit","cuddle-hit","ConceptualMatch:physical","PositiveMismatch"
"922","67e42a7bdae7875a883eead0","control_MaxMatch_Positive_Physical","9","MaxMatch","cuddle","sculpt","cuddle-sculpt","ConceptualMatch:physical","PositiveMatch"
"923","67e42a7bdae7875a883eead0","test_ValenceMatch_Positive","58","ValenceMatchingOnly","cuddle","encourage","cuddle-encourage","ConceptualMismatch:physical","PositiveMatch"
"924","67e42a7bdae7875a883eead0","control_Similar","99","SimilarControl","ask","inquire","ask-inquire","",""
"925","67e42a7bdae7875a883eead0","control_Dissimilar","0","DissimilarControl","increase","decrease","increase-decrease","",""
"926","67e42a7bdae7875a883eead0","control_Similar","99","SimilarControl","speak","talk","speak-talk","",""
"927","67e42a7bdae7875a883eead0","control_MaxMismatch","0","MaxMismatch","impress","corrode","impress-corrode","ConceptualMismatch:psychological","PositiveMismatch"
"928","67e42a7bdae7875a883eead0","control_MaxMatch_Negative_Psychological","95","MaxMatch","displease","dismay","displease-dismay","ConceptualMatch:psychological","NegativeMatch"
"929","67e42a7bdae7875a883eead0","control_Dissimilar","0","DissimilarControl","come","go","come-go","",""
"930","67e42a7bdae7875a883eead0","test_ConceptualMatch_Psychological","0","ConceptualMatchingOnly","appreciate","dishonor","appreciate-dishonor","ConceptualMatch:psychological","PositiveMismatch"
"931","67e42a7bdae7875a883eead0","control_MaxMatch_Positive_Psychological","96","MaxMatch","respect","cherish","respect-cherish","ConceptualMatch:psychological","PositiveMatch"
"932","67e42a7bdae7875a883eead0","test_ValenceMatch_Negative","77","ValenceMatchingOnly","stain","displease","stain-displease","ConceptualMismatch:physical","NegativeMatch"
"933","67e42a7bdae7875a883eead0","control_MaxMatch_Negative_Physical","92","MaxMatch","stain","corrode","stain-corrode","ConceptualMatch:physical","NegativeMatch"
"934","67e42a7bdae7875a883eead0","test_ConceptualMatch_Physical","39","ConceptualMatchingOnly","build","rust","build-rust","ConceptualMatch:physical","PositiveMismatch"
"935","67e42a7bdae7875a883eead0","control_MaxMatch_Positive_Physical","70","MaxMatch","cuddle","twinkle","cuddle-twinkle","ConceptualMatch:physical","PositiveMatch"
"936","67e42a7bdae7875a883eead0","test_ValenceMatch_Positive","51","ValenceMatchingOnly","produce","cherish","produce-cherish","ConceptualMismatch:physical","PositiveMatch"
"937","67e42a7bdae7875a883eead0","control_Similar","99","SimilarControl","buy","purchase","buy-purchase","",""
"938","67e42a7bdae7875a883eead0","control_Dissimilar","0","DissimilarControl","open","close","open-close","",""
"939","67e42a7bdae7875a883eead0","control_Similar","99","SimilarControl","begin","start","begin-start","",""
"940","67e42a7bdae7875a883eead0","control_MaxMismatch","70","MaxMismatch","respect","crash","respect-crash","ConceptualMismatch:psychological","PositiveMismatch"
"941","67e42a7bdae7875a883eead0","control_MaxMatch_Negative_Psychological","49","MaxMatch","offend","despair","offend-despair","ConceptualMatch:psychological","NegativeMatch"
"942","67e42a7bdae7875a883eead0","control_Dissimilar","0","DissimilarControl","begin","end","begin-end","",""
"943","67e42a7bdae7875a883eead0","test_ConceptualMatch_Psychological","0","ConceptualMatchingOnly","adore","embarrass","adore-embarrass","ConceptualMatch:psychological","PositiveMismatch"
"944","67e42a7bdae7875a883eead0","control_MaxMatch_Positive_Psychological","99","MaxMatch","appreciate","admire","appreciate-admire","ConceptualMatch:psychological","PositiveMatch"
"945","67e42a7bdae7875a883eead0","test_ValenceMatch_Negative","84","ValenceMatchingOnly","stain","embarrass","stain-embarrass","ConceptualMismatch:physical","NegativeMatch"
"946","67e42a7bdae7875a883eead0","control_MaxMatch_Negative_Physical","80","MaxMatch","crash","burn","crash-burn","ConceptualMatch:physical","NegativeMatch"
"947","67e42a7bdae7875a883eead0","test_ConceptualMatch_Physical","24","ConceptualMatchingOnly","twinkle","slaughter","twinkle-slaughter","ConceptualMatch:physical","PositiveMismatch"
"948","67e42a7bdae7875a883eead0","control_MaxMatch_Positive_Physical","31","MaxMatch","caress","produce","caress-produce","ConceptualMatch:physical","PositiveMatch"
"949","67e42a7bdae7875a883eead0","test_ValenceMatch_Positive","45","ValenceMatchingOnly","repair","cherish","repair-cherish","ConceptualMismatch:physical","PositiveMatch"
"950","67e42a7bdae7875a883eead0","control_Similar","89","SimilarControl","use","employ","use-employ","",""
"951","67e42a7bdae7875a883eead0","control_Dissimilar","0","DissimilarControl","rise","fall","rise-fall","",""
"952","67e42a7bdae7875a883eead0","control_Similar","99","SimilarControl","end","finish","end-finish","",""
"953","67e42a7bdae7875a883eead0","control_MaxMismatch","16","MaxMismatch","adore","slaughter","adore-slaughter","ConceptualMismatch:psychological","PositiveMismatch"
"954","67e42a7bdae7875a883eead0","control_MaxMatch_Negative_Psychological","83","MaxMatch","irritate","embarrass","irritate-embarrass","ConceptualMatch:psychological","NegativeMatch"
"955","67e42a7bdae7875a883eead0","control_Dissimilar","0","DissimilarControl","push","pull","push-pull","",""
"956","67e42a7bdae7875a883eead0","test_ConceptualMatch_Psychological","0","ConceptualMatchingOnly","impress","offend","impress-offend","ConceptualMatch:psychological","PositiveMismatch"
"957","67e42a7bdae7875a883eead0","control_MaxMatch_Positive_Psychological","57","MaxMatch","appreciate","impress","appreciate-impress","ConceptualMatch:psychological","PositiveMatch"
"958","67e42a7bdae7875a883eead0","test_ValenceMatch_Negative","64","ValenceMatchingOnly","burn","dismay","burn-dismay","ConceptualMismatch:physical","NegativeMatch"
"959","67e42a7bdae7875a883eead0","control_MaxMatch_Negative_Physical","50","MaxMatch","tear","burn","tear-burn","ConceptualMatch:physical","NegativeMatch"
"960","67e42a7bdae7875a883eead0","test_ConceptualMatch_Physical","0","ConceptualMatchingOnly","twinkle","rust","twinkle-rust","ConceptualMatch:physical","PositiveMismatch"
"961","67e42a7bdae7875a883eead0","control_MaxMatch_Positive_Physical","0","MaxMatch","build","hug","build-hug","ConceptualMatch:physical","PositiveMatch"
"962","67e42a7bdae7875a883eead0","test_ValenceMatch_Positive","36","ValenceMatchingOnly","produce","reassure","produce-reassure","ConceptualMismatch:physical","PositiveMatch"
"963","67e42a7bdae7875a883eead0","control_Similar","93","SimilarControl","show","display","show-display","",""
"964","67e42a7bdae7875a883eead0","control_Dissimilar","0","DissimilarControl","enter","exit","enter-exit","",""
"965","67e42a7bdae7875a883eead0","control_Similar","99","SimilarControl","need","require","need-require","",""
"966","67e42a7bdae7875a883eead0","control_MaxMismatch","2","MaxMismatch","respect","hit","respect-hit","ConceptualMismatch:psychological","PositiveMismatch"
"967","67e42a7bdae7875a883eead0","control_MaxMatch_Negative_Psychological","99","MaxMatch","offend","displease","offend-displease","ConceptualMatch:psychological","NegativeMatch"
"968","67e42a7bdae7875a883eead0","control_Dissimilar","0","DissimilarControl","give","take","give-take","",""
"969","67e42a7bdae7875a883eead0","test_ConceptualMatch_Psychological","0","ConceptualMatchingOnly","encourage","offend","encourage-offend","ConceptualMatch:psychological","PositiveMismatch"
"970","67e42a7bdae7875a883eead0","control_MaxMatch_Positive_Psychological","97","MaxMatch","respect","adore","respect-adore","ConceptualMatch:psychological","PositiveMatch"
"971","67e42a7bdae7875a883eead0","test_ValenceMatch_Negative","38","ValenceMatchingOnly","slaughter","despair","slaughter-despair","ConceptualMismatch:physical","NegativeMatch"
"972","67e42a7bdae7875a883eead0","control_MaxMatch_Negative_Physical","70","MaxMatch","crash","hit","crash-hit","ConceptualMatch:physical","NegativeMatch"
"973","67e42a7bdae7875a883eead0","test_ConceptualMatch_Physical","0","ConceptualMatchingOnly","caress","corrode","caress-corrode","ConceptualMatch:physical","PositiveMismatch"
"974","67e42a7bdae7875a883eead0","control_MaxMatch_Positive_Physical","44","MaxMatch","caress","decorate","caress-decorate","ConceptualMatch:physical","PositiveMatch"
"975","67e42a7bdae7875a883eead0","test_ValenceMatch_Positive","32","ValenceMatchingOnly","repair","content","repair-content","ConceptualMismatch:physical","PositiveMatch"
"976","67837959a1ccc1627479fb36","control_Dissimilar","0","DissimilarControl","arrive","leave","arrive-leave","",""
"977","67837959a1ccc1627479fb36","control_Similar","99","SimilarControl","begin","start","begin-start","",""
"978","67837959a1ccc1627479fb36","test_ConceptualMatch_Physical","0","ConceptualMatchingOnly","produce","hit","produce-hit","ConceptualMatch:physical","PositiveMismatch"
"979","67837959a1ccc1627479fb36","control_MaxMatch_Negative_Physical","0","MaxMatch","rust","tear","rust-tear","ConceptualMatch:physical","NegativeMatch"
"980","67837959a1ccc1627479fb36","control_MaxMatch_Positive_Physical","99","MaxMatch","build","repair","build-repair","ConceptualMatch:physical","PositiveMatch"
"981","67837959a1ccc1627479fb36","control_MaxMismatch","0","MaxMismatch","impress","stain","impress-stain","ConceptualMismatch:psychological","PositiveMismatch"
"982","67837959a1ccc1627479fb36","control_MaxMatch_Positive_Psychological","22","MaxMatch","appreciate","impress","appreciate-impress","ConceptualMatch:psychological","PositiveMatch"
"983","67837959a1ccc1627479fb36","control_MaxMatch_Negative_Psychological","90","MaxMatch","dishonor","dismay","dishonor-dismay","ConceptualMatch:psychological","NegativeMatch"
"984","67837959a1ccc1627479fb36","test_ValenceMatch_Negative","22","ValenceMatchingOnly","hit","despair","hit-despair","ConceptualMismatch:physical","NegativeMatch"
"985","67837959a1ccc1627479fb36","test_ConceptualMatch_Psychological","0","ConceptualMatchingOnly","impress","irritate","impress-irritate","ConceptualMatch:psychological","PositiveMismatch"
"986","67837959a1ccc1627479fb36","control_Dissimilar","0","DissimilarControl","increase","decrease","increase-decrease","",""
"987","67837959a1ccc1627479fb36","test_ValenceMatch_Positive","0","ValenceMatchingOnly","twinkle","cherish","twinkle-cherish","ConceptualMismatch:physical","PositiveMatch"
"988","67837959a1ccc1627479fb36","control_Similar","99","SimilarControl","buy","purchase","buy-purchase","",""
"989","67837959a1ccc1627479fb36","control_Dissimilar","0","DissimilarControl","push","pull","push-pull","",""
"990","67837959a1ccc1627479fb36","control_Similar","99","SimilarControl","help","assist","help-assist","",""
"991","67837959a1ccc1627479fb36","test_ConceptualMatch_Physical","0","ConceptualMatchingOnly","caress","stain","caress-stain","ConceptualMatch:physical","PositiveMismatch"
"992","67837959a1ccc1627479fb36","control_MaxMatch_Negative_Physical","38","MaxMatch","burn","hit","burn-hit","ConceptualMatch:physical","NegativeMatch"
"993","67837959a1ccc1627479fb36","control_MaxMatch_Positive_Physical","0","MaxMatch","build","hug","build-hug","ConceptualMatch:physical","PositiveMatch"
"994","67837959a1ccc1627479fb36","control_MaxMismatch","0","MaxMismatch","encourage","rust","encourage-rust","ConceptualMismatch:psychological","PositiveMismatch"
"995","67837959a1ccc1627479fb36","control_MaxMatch_Positive_Psychological","99","MaxMatch","appreciate","admire","appreciate-admire","ConceptualMatch:psychological","PositiveMatch"
"996","67837959a1ccc1627479fb36","control_MaxMatch_Negative_Psychological","17","MaxMatch","displease","criticize","displease-criticize","ConceptualMatch:psychological","NegativeMatch"
"997","67837959a1ccc1627479fb36","test_ValenceMatch_Negative","0","ValenceMatchingOnly","tear","discourage","tear-discourage","ConceptualMismatch:physical","NegativeMatch"
"998","67837959a1ccc1627479fb36","test_ConceptualMatch_Psychological","3","ConceptualMatchingOnly","impress","criticize","impress-criticize","ConceptualMatch:psychological","PositiveMismatch"
"999","67837959a1ccc1627479fb36","control_Dissimilar","0","DissimilarControl","come","go","come-go","",""
"1000","67837959a1ccc1627479fb36","test_ValenceMatch_Positive","0","ValenceMatchingOnly","repair","appreciate","repair-appreciate","ConceptualMismatch:physical","PositiveMatch"
"1001","67837959a1ccc1627479fb36","control_Similar","99","SimilarControl","use","employ","use-employ","",""
"1002","67837959a1ccc1627479fb36","control_Dissimilar","0","DissimilarControl","open","close","open-close","",""
"1003","67837959a1ccc1627479fb36","control_Similar","99","SimilarControl","need","require","need-require","",""
"1004","67837959a1ccc1627479fb36","test_ConceptualMatch_Physical","0","ConceptualMatchingOnly","caress","hit","caress-hit","ConceptualMatch:physical","PositiveMismatch"
"1005","67837959a1ccc1627479fb36","control_MaxMatch_Negative_Physical","0","MaxMatch","slaughter","stain","slaughter-stain","ConceptualMatch:physical","NegativeMatch"
"1006","67837959a1ccc1627479fb36","control_MaxMatch_Positive_Physical","41","MaxMatch","decorate","clean","decorate-clean","ConceptualMatch:physical","PositiveMatch"
"1007","67837959a1ccc1627479fb36","control_MaxMismatch","0","MaxMismatch","admire","slash","admire-slash","ConceptualMismatch:psychological","PositiveMismatch"
"1008","67837959a1ccc1627479fb36","control_MaxMatch_Positive_Psychological","0","MaxMatch","content","reassure","content-reassure","ConceptualMatch:psychological","PositiveMatch"
"1009","67837959a1ccc1627479fb36","control_MaxMatch_Negative_Psychological","99","MaxMatch","despair","dread","despair-dread","ConceptualMatch:psychological","NegativeMatch"
"1010","67837959a1ccc1627479fb36","test_ValenceMatch_Negative","0","ValenceMatchingOnly","tear","offend","tear-offend","ConceptualMismatch:physical","NegativeMatch"
"1011","67837959a1ccc1627479fb36","test_ConceptualMatch_Psychological","0","ConceptualMatchingOnly","encourage","criticize","encourage-criticize","ConceptualMatch:psychological","PositiveMismatch"
"1012","67837959a1ccc1627479fb36","control_Dissimilar","0","DissimilarControl","give","take","give-take","",""
"1013","67837959a1ccc1627479fb36","test_ValenceMatch_Positive","30","ValenceMatchingOnly","build","respect","build-respect","ConceptualMismatch:physical","PositiveMatch"
"1014","67837959a1ccc1627479fb36","control_Similar","99","SimilarControl","speak","talk","speak-talk","",""
"1015","67837959a1ccc1627479fb36","control_Dissimilar","0","DissimilarControl","add","remove","add-remove","",""
"1016","67837959a1ccc1627479fb36","control_Similar","99","SimilarControl","get","obtain","get-obtain","",""
"1017","67837959a1ccc1627479fb36","test_ConceptualMatch_Physical","0","ConceptualMatchingOnly","produce","delete","produce-delete","ConceptualMatch:physical","PositiveMismatch"
"1018","67837959a1ccc1627479fb36","control_MaxMatch_Negative_Physical","0","MaxMatch","rust","crash","rust-crash","ConceptualMatch:physical","NegativeMatch"
"1019","67837959a1ccc1627479fb36","control_MaxMatch_Positive_Physical","0","MaxMatch","build","clean","build-clean","ConceptualMatch:physical","PositiveMatch"
"1020","67837959a1ccc1627479fb36","control_MaxMismatch","0","MaxMismatch","encourage","burn","encourage-burn","ConceptualMismatch:psychological","PositiveMismatch"
"1021","67837959a1ccc1627479fb36","control_MaxMatch_Positive_Psychological","63","MaxMatch","appreciate","reassure","appreciate-reassure","ConceptualMatch:psychological","PositiveMatch"
"1022","67837959a1ccc1627479fb36","control_MaxMatch_Negative_Psychological","0","MaxMatch","irritate","embarrass","irritate-embarrass","ConceptualMatch:psychological","NegativeMatch"
"1023","67837959a1ccc1627479fb36","test_ValenceMatch_Negative","0","ValenceMatchingOnly","corrode","embarrass","corrode-embarrass","ConceptualMismatch:physical","NegativeMatch"
"1024","67837959a1ccc1627479fb36","test_ConceptualMatch_Psychological","0","ConceptualMatchingOnly","appreciate","discourage","appreciate-discourage","ConceptualMatch:psychological","PositiveMismatch"
"1025","67837959a1ccc1627479fb36","control_Dissimilar","0","DissimilarControl","begin","end","begin-end","",""
"1026","67837959a1ccc1627479fb36","test_ValenceMatch_Positive","1","ValenceMatchingOnly","clean","reassure","clean-reassure","ConceptualMismatch:physical","PositiveMatch"
"1027","67837959a1ccc1627479fb36","control_Similar","0","SimilarControl","end","finish","end-finish","",""
"1028","67837959a1ccc1627479fb36","control_Dissimilar","0","DissimilarControl","enter","exit","enter-exit","",""
"1029","67837959a1ccc1627479fb36","control_Similar","99","SimilarControl","show","display","show-display","",""
"1030","67837959a1ccc1627479fb36","test_ConceptualMatch_Physical","0","ConceptualMatchingOnly","decorate","stain","decorate-stain","ConceptualMatch:physical","PositiveMismatch"
"1031","67837959a1ccc1627479fb36","control_MaxMatch_Negative_Physical","99","MaxMatch","slaughter","hit","slaughter-hit","ConceptualMatch:physical","NegativeMatch"
"1032","67837959a1ccc1627479fb36","control_MaxMatch_Positive_Physical","0","MaxMatch","build","twinkle","build-twinkle","ConceptualMatch:physical","PositiveMatch"
"1033","67837959a1ccc1627479fb36","control_MaxMismatch","0","MaxMismatch","cherish","rust","cherish-rust","ConceptualMismatch:psychological","PositiveMismatch"
"1034","67837959a1ccc1627479fb36","control_MaxMatch_Positive_Psychological","99","MaxMatch","encourage","reassure","encourage-reassure","ConceptualMatch:psychological","PositiveMatch"
"1035","67837959a1ccc1627479fb36","control_MaxMatch_Negative_Psychological","0","MaxMatch","irritate","discourage","irritate-discourage","ConceptualMatch:psychological","NegativeMatch"
"1036","67837959a1ccc1627479fb36","test_ValenceMatch_Negative","0","ValenceMatchingOnly","stain","criticize","stain-criticize","ConceptualMismatch:physical","NegativeMatch"
"1037","67837959a1ccc1627479fb36","test_ConceptualMatch_Psychological","0","ConceptualMatchingOnly","impress","displease","impress-displease","ConceptualMatch:psychological","PositiveMismatch"
"1038","67837959a1ccc1627479fb36","control_Dissimilar","0","DissimilarControl","rise","fall","rise-fall","",""
"1039","67837959a1ccc1627479fb36","test_ValenceMatch_Positive","0","ValenceMatchingOnly","produce","content","produce-content","ConceptualMismatch:physical","PositiveMatch"
"1040","67837959a1ccc1627479fb36","control_Similar","99","SimilarControl","ask","inquire","ask-inquire","",""
"1041","67325c4378284747ceca9bef","control_Dissimilar","0","DissimilarControl","enter","exit","enter-exit","",""
"1042","67325c4378284747ceca9bef","control_Similar","99","SimilarControl","buy","purchase","buy-purchase","",""
"1043","67325c4378284747ceca9bef","control_Dissimilar","0","DissimilarControl","come","go","come-go","",""
"1044","67325c4378284747ceca9bef","control_MaxMismatch","0","MaxMismatch","admire","crash","admire-crash","ConceptualMismatch:psychological","PositiveMismatch"
"1045","67325c4378284747ceca9bef","test_ValenceMatch_Positive","16","ValenceMatchingOnly","repair","appreciate","repair-appreciate","ConceptualMismatch:physical","PositiveMatch"
"1046","67325c4378284747ceca9bef","test_ConceptualMatch_Physical","0","ConceptualMatchingOnly","decorate","rust","decorate-rust","ConceptualMatch:physical","PositiveMismatch"
"1047","67325c4378284747ceca9bef","control_MaxMatch_Positive_Physical","0","MaxMatch","repair","twinkle","repair-twinkle","ConceptualMatch:physical","PositiveMatch"
"1048","67325c4378284747ceca9bef","control_MaxMatch_Negative_Psychological","73","MaxMatch","embarrass","discourage","embarrass-discourage","ConceptualMatch:psychological","NegativeMatch"
"1049","67325c4378284747ceca9bef","control_MaxMatch_Positive_Psychological","22","MaxMatch","reassure","respect","reassure-respect","ConceptualMatch:psychological","PositiveMatch"
"1050","67325c4378284747ceca9bef","control_MaxMatch_Negative_Physical","99","MaxMatch","rust","corrode","rust-corrode","ConceptualMatch:physical","NegativeMatch"
"1051","67325c4378284747ceca9bef","test_ValenceMatch_Negative","0","ValenceMatchingOnly","slash","dishonor","slash-dishonor","ConceptualMismatch:physical","NegativeMatch"
"1052","67325c4378284747ceca9bef","control_Similar","99","SimilarControl","begin","start","begin-start","",""
"1053","67325c4378284747ceca9bef","test_ConceptualMatch_Psychological","0","ConceptualMatchingOnly","adore","criticize","adore-criticize","ConceptualMatch:psychological","PositiveMismatch"
"1054","67325c4378284747ceca9bef","control_Dissimilar","0","DissimilarControl","rise","fall","rise-fall","",""
"1055","67325c4378284747ceca9bef","control_Similar","64","SimilarControl","ask","inquire","ask-inquire","",""
"1056","67325c4378284747ceca9bef","control_Dissimilar","0","DissimilarControl","begin","end","begin-end","",""
"1057","67325c4378284747ceca9bef","control_MaxMismatch","0","MaxMismatch","cherish","delete","cherish-delete","ConceptualMismatch:psychological","PositiveMismatch"
"1058","67325c4378284747ceca9bef","test_ValenceMatch_Positive","91","ValenceMatchingOnly","hug","adore","hug-adore","ConceptualMismatch:physical","PositiveMatch"
"1059","67325c4378284747ceca9bef","test_ConceptualMatch_Physical","16","ConceptualMatchingOnly","decorate","hit","decorate-hit","ConceptualMatch:physical","PositiveMismatch"
"1060","67325c4378284747ceca9bef","control_MaxMatch_Positive_Physical","0","MaxMatch","caress","produce","caress-produce","ConceptualMatch:physical","PositiveMatch"
"1061","67325c4378284747ceca9bef","control_MaxMatch_Negative_Psychological","76","MaxMatch","irritate","embarrass","irritate-embarrass","ConceptualMatch:psychological","NegativeMatch"
"1062","67325c4378284747ceca9bef","control_MaxMatch_Positive_Psychological","66","MaxMatch","impress","admire","impress-admire","ConceptualMatch:psychological","PositiveMatch"
"1063","67325c4378284747ceca9bef","control_MaxMatch_Negative_Physical","67","MaxMatch","tear","corrode","tear-corrode","ConceptualMatch:physical","NegativeMatch"
"1064","67325c4378284747ceca9bef","test_ValenceMatch_Negative","70","ValenceMatchingOnly","delete","displease","delete-displease","ConceptualMismatch:physical","NegativeMatch"
"1065","67325c4378284747ceca9bef","control_Similar","70","SimilarControl","show","display","show-display","",""
"1066","67325c4378284747ceca9bef","test_ConceptualMatch_Psychological","23","ConceptualMatchingOnly","encourage","displease","encourage-displease","ConceptualMatch:psychological","PositiveMismatch"
"1067","67325c4378284747ceca9bef","control_Dissimilar","0","DissimilarControl","push","pull","push-pull","",""
"1068","67325c4378284747ceca9bef","control_Similar","72","SimilarControl","need","require","need-require","",""
"1069","67325c4378284747ceca9bef","control_Dissimilar","0","DissimilarControl","add","remove","add-remove","",""
"1070","67325c4378284747ceca9bef","control_MaxMismatch","26","MaxMismatch","encourage","corrode","encourage-corrode","ConceptualMismatch:psychological","PositiveMismatch"
"1071","67325c4378284747ceca9bef","test_ValenceMatch_Positive","13","ValenceMatchingOnly","repair","respect","repair-respect","ConceptualMismatch:physical","PositiveMatch"
"1072","67325c4378284747ceca9bef","test_ConceptualMatch_Physical","0","ConceptualMatchingOnly","clean","rust","clean-rust","ConceptualMatch:physical","PositiveMismatch"
"1073","67325c4378284747ceca9bef","control_MaxMatch_Positive_Physical","0","MaxMatch","sculpt","clean","sculpt-clean","ConceptualMatch:physical","PositiveMatch"
"1074","67325c4378284747ceca9bef","control_MaxMatch_Negative_Psychological","12","MaxMatch","despair","criticize","despair-criticize","ConceptualMatch:psychological","NegativeMatch"
"1075","67325c4378284747ceca9bef","control_MaxMatch_Positive_Psychological","76","MaxMatch","respect","cherish","respect-cherish","ConceptualMatch:psychological","PositiveMatch"
"1076","67325c4378284747ceca9bef","control_MaxMatch_Negative_Physical","0","MaxMatch","burn","delete","burn-delete","ConceptualMatch:physical","NegativeMatch"
"1077","67325c4378284747ceca9bef","test_ValenceMatch_Negative","0","ValenceMatchingOnly","delete","offend","delete-offend","ConceptualMismatch:physical","NegativeMatch"
"1078","67325c4378284747ceca9bef","control_Similar","99","SimilarControl","speak","talk","speak-talk","",""
"1079","67325c4378284747ceca9bef","test_ConceptualMatch_Psychological","20","ConceptualMatchingOnly","impress","despair","impress-despair","ConceptualMatch:psychological","PositiveMismatch"
"1080","67325c4378284747ceca9bef","control_Dissimilar","0","DissimilarControl","open","close","open-close","",""
"1081","67325c4378284747ceca9bef","control_Similar","55","SimilarControl","get","obtain","get-obtain","",""
"1082","67325c4378284747ceca9bef","control_Dissimilar","0","DissimilarControl","increase","decrease","increase-decrease","",""
"1083","67325c4378284747ceca9bef","control_MaxMismatch","20","MaxMismatch","admire","rust","admire-rust","ConceptualMismatch:psychological","PositiveMismatch"
"1084","67325c4378284747ceca9bef","test_ValenceMatch_Positive","65","ValenceMatchingOnly","repair","admire","repair-admire","ConceptualMismatch:physical","PositiveMatch"
"1085","67325c4378284747ceca9bef","test_ConceptualMatch_Physical","19","ConceptualMatchingOnly","decorate","slaughter","decorate-slaughter","ConceptualMatch:physical","PositiveMismatch"
"1086","67325c4378284747ceca9bef","control_MaxMatch_Positive_Physical","5","MaxMatch","hug","clean","hug-clean","ConceptualMatch:physical","PositiveMatch"
"1087","67325c4378284747ceca9bef","control_MaxMatch_Negative_Psychological","61","MaxMatch","offend","irritate","offend-irritate","ConceptualMatch:psychological","NegativeMatch"
"1088","67325c4378284747ceca9bef","control_MaxMatch_Positive_Psychological","62","MaxMatch","appreciate","impress","appreciate-impress","ConceptualMatch:psychological","PositiveMatch"
"1089","67325c4378284747ceca9bef","control_MaxMatch_Negative_Physical","58","MaxMatch","tear","hit","tear-hit","ConceptualMatch:physical","NegativeMatch"
"1090","67325c4378284747ceca9bef","test_ValenceMatch_Negative","4","ValenceMatchingOnly","slaughter","discourage","slaughter-discourage","ConceptualMismatch:physical","NegativeMatch"
"1091","67325c4378284747ceca9bef","control_Similar","85","SimilarControl","help","assist","help-assist","",""
"1092","67325c4378284747ceca9bef","test_ConceptualMatch_Psychological","10","ConceptualMatchingOnly","encourage","embarrass","encourage-embarrass","ConceptualMatch:psychological","PositiveMismatch"
"1093","67325c4378284747ceca9bef","control_Dissimilar","0","DissimilarControl","give","take","give-take","",""
"1094","67325c4378284747ceca9bef","control_Similar","29","SimilarControl","use","employ","use-employ","",""
"1095","67325c4378284747ceca9bef","control_Dissimilar","0","DissimilarControl","arrive","leave","arrive-leave","",""
"1096","67325c4378284747ceca9bef","control_MaxMismatch","7","MaxMismatch","reassure","slaughter","reassure-slaughter","ConceptualMismatch:psychological","PositiveMismatch"
"1097","67325c4378284747ceca9bef","test_ValenceMatch_Positive","2","ValenceMatchingOnly","repair","reassure","repair-reassure","ConceptualMismatch:physical","PositiveMatch"
"1098","67325c4378284747ceca9bef","test_ConceptualMatch_Physical","27","ConceptualMatchingOnly","decorate","stain","decorate-stain","ConceptualMatch:physical","PositiveMismatch"
"1099","67325c4378284747ceca9bef","control_MaxMatch_Positive_Physical","16","MaxMatch","caress","sculpt","caress-sculpt","ConceptualMatch:physical","PositiveMatch"
"1100","67325c4378284747ceca9bef","control_MaxMatch_Negative_Psychological","75","MaxMatch","offend","discourage","offend-discourage","ConceptualMatch:psychological","NegativeMatch"
"1101","67325c4378284747ceca9bef","control_MaxMatch_Positive_Psychological","68","MaxMatch","reassure","admire","reassure-admire","ConceptualMatch:psychological","PositiveMatch"
"1102","67325c4378284747ceca9bef","control_MaxMatch_Negative_Physical","0","MaxMatch","delete","corrode","delete-corrode","ConceptualMatch:physical","NegativeMatch"
"1103","67325c4378284747ceca9bef","test_ValenceMatch_Negative","32","ValenceMatchingOnly","slash","dismay","slash-dismay","ConceptualMismatch:physical","NegativeMatch"
"1104","67325c4378284747ceca9bef","control_Similar","99","SimilarControl","end","finish","end-finish","",""
"1105","67325c4378284747ceca9bef","test_ConceptualMatch_Psychological","0","ConceptualMatchingOnly","respect","embarrass","respect-embarrass","ConceptualMatch:psychological","PositiveMismatch"
"1106","6764cce7a10cc8e279651a57","control_Similar","69","SimilarControl","buy","purchase","buy-purchase","",""
"1107","6764cce7a10cc8e279651a57","control_Dissimilar","30","DissimilarControl","enter","exit","enter-exit","",""
"1108","6764cce7a10cc8e279651a57","test_ConceptualMatch_Psychological","28","ConceptualMatchingOnly","adore","discourage","adore-discourage","ConceptualMatch:psychological","PositiveMismatch"
"1109","6764cce7a10cc8e279651a57","control_MaxMatch_Negative_Physical","28","MaxMatch","rust","slaughter","rust-slaughter","ConceptualMatch:physical","NegativeMatch"
"1110","6764cce7a10cc8e279651a57","control_MaxMatch_Positive_Physical","28","MaxMatch","hug","clean","hug-clean","ConceptualMatch:physical","PositiveMatch"
"1111","6764cce7a10cc8e279651a57","control_MaxMismatch","31","MaxMismatch","respect","slaughter","respect-slaughter","ConceptualMismatch:psychological","PositiveMismatch"
"1112","6764cce7a10cc8e279651a57","control_MaxMatch_Positive_Psychological","69","MaxMatch","impress","cherish","impress-cherish","ConceptualMatch:psychological","PositiveMatch"
"1113","6764cce7a10cc8e279651a57","control_Similar","76","SimilarControl","ask","inquire","ask-inquire","",""
"1114","6764cce7a10cc8e279651a57","test_ValenceMatch_Negative","23","ValenceMatchingOnly","tear","offend","tear-offend","ConceptualMismatch:physical","NegativeMatch"
"1115","6764cce7a10cc8e279651a57","control_Dissimilar","26","DissimilarControl","arrive","leave","arrive-leave","",""
"1116","6764cce7a10cc8e279651a57","test_ConceptualMatch_Physical","22","ConceptualMatchingOnly","repair","hit","repair-hit","ConceptualMatch:physical","PositiveMismatch"
"1117","6764cce7a10cc8e279651a57","control_MaxMatch_Negative_Psychological","68","MaxMatch","embarrass","discourage","embarrass-discourage","ConceptualMatch:psychological","NegativeMatch"
"1118","6764cce7a10cc8e279651a57","test_ValenceMatch_Positive","24","ValenceMatchingOnly","build","like","build-like","ConceptualMismatch:physical","PositiveMatch"
"1119","6764cce7a10cc8e279651a57","control_Similar","72","SimilarControl","show","display","show-display","",""
"1120","6764cce7a10cc8e279651a57","control_Dissimilar","30","DissimilarControl","increase","decrease","increase-decrease","",""
"1121","6764cce7a10cc8e279651a57","test_ConceptualMatch_Psychological","26","ConceptualMatchingOnly","reassure","dismay","reassure-dismay","ConceptualMatch:psychological","PositiveMismatch"
"1122","6764cce7a10cc8e279651a57","control_MaxMatch_Negative_Physical","31","MaxMatch","slaughter","corrode","slaughter-corrode","ConceptualMatch:physical","NegativeMatch"
"1123","6764cce7a10cc8e279651a57","control_MaxMatch_Positive_Physical","70","MaxMatch","repair","decorate","repair-decorate","ConceptualMatch:physical","PositiveMatch"
"1124","6764cce7a10cc8e279651a57","control_MaxMismatch","26","MaxMismatch","encourage","rust","encourage-rust","ConceptualMismatch:psychological","PositiveMismatch"
"1125","6764cce7a10cc8e279651a57","control_MaxMatch_Positive_Psychological","25","MaxMatch","appreciate","reassure","appreciate-reassure","ConceptualMatch:psychological","PositiveMatch"
"1126","6764cce7a10cc8e279651a57","control_Similar","69","SimilarControl","speak","talk","speak-talk","",""
"1127","6764cce7a10cc8e279651a57","test_ValenceMatch_Negative","74","ValenceMatchingOnly","hit","despair","hit-despair","ConceptualMismatch:physical","NegativeMatch"
"1128","6764cce7a10cc8e279651a57","control_Dissimilar","27","DissimilarControl","add","remove","add-remove","",""
"1129","6764cce7a10cc8e279651a57","test_ConceptualMatch_Physical","29","ConceptualMatchingOnly","cuddle","tear","cuddle-tear","ConceptualMatch:physical","PositiveMismatch"
"1130","6764cce7a10cc8e279651a57","control_MaxMatch_Negative_Psychological","73","MaxMatch","dishonor","discourage","dishonor-discourage","ConceptualMatch:psychological","NegativeMatch"
"1131","6764cce7a10cc8e279651a57","test_ValenceMatch_Positive","27","ValenceMatchingOnly","decorate","encourage","decorate-encourage","ConceptualMismatch:physical","PositiveMatch"
"1132","6764cce7a10cc8e279651a57","control_Similar","71","SimilarControl","need","require","need-require","",""
"1133","6764cce7a10cc8e279651a57","control_Dissimilar","25","DissimilarControl","begin","end","begin-end","",""
"1134","6764cce7a10cc8e279651a57","test_ConceptualMatch_Psychological","32","ConceptualMatchingOnly","impress","dread","impress-dread","ConceptualMatch:psychological","PositiveMismatch"
"1135","6764cce7a10cc8e279651a57","control_MaxMatch_Negative_Physical","29","MaxMatch","tear","delete","tear-delete","ConceptualMatch:physical","NegativeMatch"
"1136","6764cce7a10cc8e279651a57","control_MaxMatch_Positive_Physical","29","MaxMatch","hug","decorate","hug-decorate","ConceptualMatch:physical","PositiveMatch"
"1137","6764cce7a10cc8e279651a57","control_MaxMismatch","24","MaxMismatch","encourage","burn","encourage-burn","ConceptualMismatch:psychological","PositiveMismatch"
"1138","6764cce7a10cc8e279651a57","control_MaxMatch_Positive_Psychological","28","MaxMatch","respect","admire","respect-admire","ConceptualMatch:psychological","PositiveMatch"
"1139","6764cce7a10cc8e279651a57","control_Similar","26","SimilarControl","use","employ","use-employ","",""
"1140","6764cce7a10cc8e279651a57","test_ValenceMatch_Negative","28","ValenceMatchingOnly","delete","displease","delete-displease","ConceptualMismatch:physical","NegativeMatch"
"1141","6764cce7a10cc8e279651a57","control_Dissimilar","25","DissimilarControl","come","go","come-go","",""
"1142","6764cce7a10cc8e279651a57","test_ConceptualMatch_Physical","32","ConceptualMatchingOnly","produce","crash","produce-crash","ConceptualMatch:physical","PositiveMismatch"
"1143","6764cce7a10cc8e279651a57","control_MaxMatch_Negative_Psychological","71","MaxMatch","offend","embarrass","offend-embarrass","ConceptualMatch:psychological","NegativeMatch"
"1144","6764cce7a10cc8e279651a57","test_ValenceMatch_Positive","28","ValenceMatchingOnly","produce","impress","produce-impress","ConceptualMismatch:physical","PositiveMatch"
"1145","6764cce7a10cc8e279651a57","control_Similar","74","SimilarControl","begin","start","begin-start","",""
"1146","6764cce7a10cc8e279651a57","control_Dissimilar","26","DissimilarControl","give","take","give-take","",""
"1147","6764cce7a10cc8e279651a57","test_ConceptualMatch_Psychological","21","ConceptualMatchingOnly","impress","criticize","impress-criticize","ConceptualMatch:psychological","PositiveMismatch"
"1148","6764cce7a10cc8e279651a57","control_MaxMatch_Negative_Physical","74","MaxMatch","crash","hit","crash-hit","ConceptualMatch:physical","NegativeMatch"
"1149","6764cce7a10cc8e279651a57","control_MaxMatch_Positive_Physical","22","MaxMatch","build","caress","build-caress","ConceptualMatch:physical","PositiveMatch"
"1150","6764cce7a10cc8e279651a57","control_MaxMismatch","25","MaxMismatch","reassure","burn","reassure-burn","ConceptualMismatch:psychological","PositiveMismatch"
"1151","6764cce7a10cc8e279651a57","control_MaxMatch_Positive_Psychological","69","MaxMatch","admire","cherish","admire-cherish","ConceptualMatch:psychological","PositiveMatch"
"1152","6764cce7a10cc8e279651a57","control_Similar","71","SimilarControl","get","obtain","get-obtain","",""
"1153","6764cce7a10cc8e279651a57","test_ValenceMatch_Negative","19","ValenceMatchingOnly","slaughter","offend","slaughter-offend","ConceptualMismatch:physical","NegativeMatch"
"1154","6764cce7a10cc8e279651a57","control_Dissimilar","26","DissimilarControl","push","pull","push-pull","",""
"1155","6764cce7a10cc8e279651a57","test_ConceptualMatch_Physical","30","ConceptualMatchingOnly","sculpt","corrode","sculpt-corrode","ConceptualMatch:physical","PositiveMismatch"
"1156","6764cce7a10cc8e279651a57","control_MaxMatch_Negative_Psychological","25","MaxMatch","despair","dismay","despair-dismay","ConceptualMatch:psychological","NegativeMatch"
"1157","6764cce7a10cc8e279651a57","test_ValenceMatch_Positive","28","ValenceMatchingOnly","decorate","appreciate","decorate-appreciate","ConceptualMismatch:physical","PositiveMatch"
"1158","6764cce7a10cc8e279651a57","control_Similar","73","SimilarControl","help","assist","help-assist","",""
"1159","6764cce7a10cc8e279651a57","control_Dissimilar","26","DissimilarControl","open","close","open-close","",""
"1160","6764cce7a10cc8e279651a57","test_ConceptualMatch_Psychological","24","ConceptualMatchingOnly","cherish","embarrass","cherish-embarrass","ConceptualMatch:psychological","PositiveMismatch"
"1161","6764cce7a10cc8e279651a57","control_MaxMatch_Negative_Physical","24","MaxMatch","hit","delete","hit-delete","ConceptualMatch:physical","NegativeMatch"
"1162","6764cce7a10cc8e279651a57","control_MaxMatch_Positive_Physical","24","MaxMatch","hug","twinkle","hug-twinkle","ConceptualMatch:physical","PositiveMatch"
"1163","6764cce7a10cc8e279651a57","control_MaxMismatch","26","MaxMismatch","respect","corrode","respect-corrode","ConceptualMismatch:psychological","PositiveMismatch"
"1164","6764cce7a10cc8e279651a57","control_MaxMatch_Positive_Psychological","30","MaxMatch","like","adore","like-adore","ConceptualMatch:psychological","PositiveMatch"
"1165","6764cce7a10cc8e279651a57","control_Similar","75","SimilarControl","end","finish","end-finish","",""
"1166","6764cce7a10cc8e279651a57","test_ValenceMatch_Negative","22","ValenceMatchingOnly","stain","dread","stain-dread","ConceptualMismatch:physical","NegativeMatch"
"1167","6764cce7a10cc8e279651a57","control_Dissimilar","25","DissimilarControl","rise","fall","rise-fall","",""
"1168","6764cce7a10cc8e279651a57","test_ConceptualMatch_Physical","29","ConceptualMatchingOnly","caress","slash","caress-slash","ConceptualMatch:physical","PositiveMismatch"
"1169","6764cce7a10cc8e279651a57","control_MaxMatch_Negative_Psychological","21","MaxMatch","offend","dread","offend-dread","ConceptualMatch:psychological","NegativeMatch"
"1170","6764cce7a10cc8e279651a57","test_ValenceMatch_Positive","29","ValenceMatchingOnly","decorate","like","decorate-like","ConceptualMismatch:physical","PositiveMatch"
"1171","601e13b872774f263d64acac","control_Similar","79","SimilarControl","help","assist","help-assist","",""
"1172","601e13b872774f263d64acac","control_Dissimilar","7","DissimilarControl","increase","decrease","increase-decrease","",""
"1173","601e13b872774f263d64acac","control_MaxMatch_Negative_Physical","16","MaxMatch","stain","delete","stain-delete","ConceptualMatch:physical","NegativeMatch"
"1174","601e13b872774f263d64acac","control_MaxMatch_Positive_Physical","12","MaxMatch","hug","sculpt","hug-sculpt","ConceptualMatch:physical","PositiveMatch"
"1175","601e13b872774f263d64acac","control_Similar","85","SimilarControl","begin","start","begin-start","",""
"1176","601e13b872774f263d64acac","test_ConceptualMatch_Physical","22","ConceptualMatchingOnly","caress","corrode","caress-corrode","ConceptualMatch:physical","PositiveMismatch"
"1177","601e13b872774f263d64acac","test_ValenceMatch_Positive","31","ValenceMatchingOnly","twinkle","like","twinkle-like","ConceptualMismatch:physical","PositiveMatch"
"1178","601e13b872774f263d64acac","test_ConceptualMatch_Psychological","64","ConceptualMatchingOnly","reassure","criticize","reassure-criticize","ConceptualMatch:psychological","PositiveMismatch"
"1179","601e13b872774f263d64acac","control_MaxMatch_Positive_Psychological","53","MaxMatch","encourage","adore","encourage-adore","ConceptualMatch:psychological","PositiveMatch"
"1180","601e13b872774f263d64acac","control_MaxMismatch","21","MaxMismatch","adore","hit","adore-hit","ConceptualMismatch:psychological","PositiveMismatch"
"1181","601e13b872774f263d64acac","control_Dissimilar","18","DissimilarControl","rise","fall","rise-fall","",""
"1182","601e13b872774f263d64acac","test_ValenceMatch_Negative","14","ValenceMatchingOnly","delete","offend","delete-offend","ConceptualMismatch:physical","NegativeMatch"
"1183","601e13b872774f263d64acac","control_MaxMatch_Negative_Psychological","67","MaxMatch","dishonor","embarrass","dishonor-embarrass","ConceptualMatch:psychological","NegativeMatch"
"1184","601e13b872774f263d64acac","control_Similar","79","SimilarControl","need","require","need-require","",""
"1185","601e13b872774f263d64acac","control_Dissimilar","26","DissimilarControl","enter","exit","enter-exit","",""
"1186","601e13b872774f263d64acac","control_MaxMatch_Negative_Physical","14","MaxMatch","burn","hit","burn-hit","ConceptualMatch:physical","NegativeMatch"
"1187","601e13b872774f263d64acac","control_MaxMatch_Positive_Physical","18","MaxMatch","repair","clean","repair-clean","ConceptualMatch:physical","PositiveMatch"
"1188","601e13b872774f263d64acac","control_Similar","80","SimilarControl","end","finish","end-finish","",""
"1189","601e13b872774f263d64acac","test_ConceptualMatch_Physical","23","ConceptualMatchingOnly","build","hit","build-hit","ConceptualMatch:physical","PositiveMismatch"
"1190","601e13b872774f263d64acac","test_ValenceMatch_Positive","15","ValenceMatchingOnly","cuddle","impress","cuddle-impress","ConceptualMismatch:physical","PositiveMatch"
"1191","601e13b872774f263d64acac","test_ConceptualMatch_Psychological","22","ConceptualMatchingOnly","respect","irritate","respect-irritate","ConceptualMatch:psychological","PositiveMismatch"
"1192","601e13b872774f263d64acac","control_MaxMatch_Positive_Psychological","24","MaxMatch","appreciate","reassure","appreciate-reassure","ConceptualMatch:psychological","PositiveMatch"
"1193","601e13b872774f263d64acac","control_MaxMismatch","20","MaxMismatch","cherish","burn","cherish-burn","ConceptualMismatch:psychological","PositiveMismatch"
"1194","601e13b872774f263d64acac","control_Dissimilar","13","DissimilarControl","begin","end","begin-end","",""
"1195","601e13b872774f263d64acac","test_ValenceMatch_Negative","33","ValenceMatchingOnly","hit","dread","hit-dread","ConceptualMismatch:physical","NegativeMatch"
"1196","601e13b872774f263d64acac","control_MaxMatch_Negative_Psychological","40","MaxMatch","despair","discourage","despair-discourage","ConceptualMatch:psychological","NegativeMatch"
"1197","601e13b872774f263d64acac","control_Similar","78","SimilarControl","show","display","show-display","",""
"1198","601e13b872774f263d64acac","control_Dissimilar","21","DissimilarControl","arrive","leave","arrive-leave","",""
"1199","601e13b872774f263d64acac","control_MaxMatch_Negative_Physical","23","MaxMatch","burn","corrode","burn-corrode","ConceptualMatch:physical","NegativeMatch"
"1200","601e13b872774f263d64acac","control_MaxMatch_Positive_Physical","29","MaxMatch","repair","decorate","repair-decorate","ConceptualMatch:physical","PositiveMatch"
"1201","601e13b872774f263d64acac","control_Similar","71","SimilarControl","use","employ","use-employ","",""
"1202","601e13b872774f263d64acac","test_ConceptualMatch_Physical","27","ConceptualMatchingOnly","produce","hit","produce-hit","ConceptualMatch:physical","PositiveMismatch"
"1203","601e13b872774f263d64acac","test_ValenceMatch_Positive","20","ValenceMatchingOnly","produce","adore","produce-adore","ConceptualMismatch:physical","PositiveMatch"
"1204","601e13b872774f263d64acac","test_ConceptualMatch_Psychological","5","ConceptualMatchingOnly","impress","criticize","impress-criticize","ConceptualMatch:psychological","PositiveMismatch"
"1205","601e13b872774f263d64acac","control_MaxMatch_Positive_Psychological","76","MaxMatch","encourage","admire","encourage-admire","ConceptualMatch:psychological","PositiveMatch"
"1206","601e13b872774f263d64acac","control_MaxMismatch","11","MaxMismatch","admire","slaughter","admire-slaughter","ConceptualMismatch:psychological","PositiveMismatch"
"1207","601e13b872774f263d64acac","control_Dissimilar","6","DissimilarControl","give","take","give-take","",""
"1208","601e13b872774f263d64acac","test_ValenceMatch_Negative","18","ValenceMatchingOnly","slash","dread","slash-dread","ConceptualMismatch:physical","NegativeMatch"
"1209","601e13b872774f263d64acac","control_MaxMatch_Negative_Psychological","82","MaxMatch","displease","dishonor","displease-dishonor","ConceptualMatch:psychological","NegativeMatch"
"1210","601e13b872774f263d64acac","control_Similar","76","SimilarControl","ask","inquire","ask-inquire","",""
"1211","601e13b872774f263d64acac","control_Dissimilar","16","DissimilarControl","add","remove","add-remove","",""
"1212","601e13b872774f263d64acac","control_MaxMatch_Negative_Physical","19","MaxMatch","tear","burn","tear-burn","ConceptualMatch:physical","NegativeMatch"
"1213","601e13b872774f263d64acac","control_MaxMatch_Positive_Physical","65","MaxMatch","build","produce","build-produce","ConceptualMatch:physical","PositiveMatch"
"1214","601e13b872774f263d64acac","control_Similar","76","SimilarControl","get","obtain","get-obtain","",""
"1215","601e13b872774f263d64acac","test_ConceptualMatch_Physical","21","ConceptualMatchingOnly","cuddle","stain","cuddle-stain","ConceptualMatch:physical","PositiveMismatch"
"1216","601e13b872774f263d64acac","test_ValenceMatch_Positive","16","ValenceMatchingOnly","decorate","reassure","decorate-reassure","ConceptualMismatch:physical","PositiveMatch"
"1217","601e13b872774f263d64acac","test_ConceptualMatch_Psychological","15","ConceptualMatchingOnly","like","dread","like-dread","ConceptualMatch:psychological","PositiveMismatch"
"1218","601e13b872774f263d64acac","control_MaxMatch_Positive_Psychological","16","MaxMatch","appreciate","impress","appreciate-impress","ConceptualMatch:psychological","PositiveMatch"
"1219","601e13b872774f263d64acac","control_MaxMismatch","12","MaxMismatch","reassure","slash","reassure-slash","ConceptualMismatch:psychological","PositiveMismatch"
"1220","601e13b872774f263d64acac","control_Dissimilar","22","DissimilarControl","open","close","open-close","",""
"1221","601e13b872774f263d64acac","test_ValenceMatch_Negative","19","ValenceMatchingOnly","corrode","irritate","corrode-irritate","ConceptualMismatch:physical","NegativeMatch"
"1222","601e13b872774f263d64acac","control_MaxMatch_Negative_Psychological","68","MaxMatch","despair","dread","despair-dread","ConceptualMatch:psychological","NegativeMatch"
"1223","601e13b872774f263d64acac","control_Similar","72","SimilarControl","speak","talk","speak-talk","",""
"1224","601e13b872774f263d64acac","control_Dissimilar","14","DissimilarControl","push","pull","push-pull","",""
"1225","601e13b872774f263d64acac","control_MaxMatch_Negative_Physical","17","MaxMatch","rust","burn","rust-burn","ConceptualMatch:physical","NegativeMatch"
"1226","601e13b872774f263d64acac","control_MaxMatch_Positive_Physical","18","MaxMatch","hug","produce","hug-produce","ConceptualMatch:physical","PositiveMatch"
"1227","601e13b872774f263d64acac","control_Similar","77","SimilarControl","buy","purchase","buy-purchase","",""
"1228","601e13b872774f263d64acac","test_ConceptualMatch_Physical","18","ConceptualMatchingOnly","caress","slash","caress-slash","ConceptualMatch:physical","PositiveMismatch"
"1229","601e13b872774f263d64acac","test_ValenceMatch_Positive","31","ValenceMatchingOnly","build","reassure","build-reassure","ConceptualMismatch:physical","PositiveMatch"
"1230","601e13b872774f263d64acac","test_ConceptualMatch_Psychological","21","ConceptualMatchingOnly","cherish","displease","cherish-displease","ConceptualMatch:psychological","PositiveMismatch"
"1231","601e13b872774f263d64acac","control_MaxMatch_Positive_Psychological","72","MaxMatch","like","adore","like-adore","ConceptualMatch:psychological","PositiveMatch"
"1232","601e13b872774f263d64acac","control_MaxMismatch","4","MaxMismatch","encourage","rust","encourage-rust","ConceptualMismatch:psychological","PositiveMismatch"
"1233","601e13b872774f263d64acac","control_Dissimilar","21","DissimilarControl","come","go","come-go","",""
"1234","601e13b872774f263d64acac","test_ValenceMatch_Negative","36","ValenceMatchingOnly","slaughter","despair","slaughter-despair","ConceptualMismatch:physical","NegativeMatch"
"1235","601e13b872774f263d64acac","control_MaxMatch_Negative_Psychological","44","MaxMatch","embarrass","criticize","embarrass-criticize","ConceptualMatch:psychological","NegativeMatch"
"1236","5dec8925be656d35d4005320","control_Similar","99","SimilarControl","help","assist","help-assist","",""
"1237","5dec8925be656d35d4005320","control_Dissimilar","0","DissimilarControl","add","remove","add-remove","",""
"1238","5dec8925be656d35d4005320","control_MaxMatch_Positive_Physical","15","MaxMatch","build","clean","build-clean","ConceptualMatch:physical","PositiveMatch"
"1239","5dec8925be656d35d4005320","control_MaxMatch_Negative_Physical","3","MaxMatch","rust","hit","rust-hit","ConceptualMatch:physical","NegativeMatch"
"1240","5dec8925be656d35d4005320","test_ValenceMatch_Negative","59","ValenceMatchingOnly","hit","dread","hit-dread","ConceptualMismatch:physical","NegativeMatch"
"1241","5dec8925be656d35d4005320","test_ConceptualMatch_Physical","0","ConceptualMatchingOnly","decorate","hit","decorate-hit","ConceptualMatch:physical","PositiveMismatch"
"1242","5dec8925be656d35d4005320","test_ConceptualMatch_Psychological","8","ConceptualMatchingOnly","like","irritate","like-irritate","ConceptualMatch:psychological","PositiveMismatch"
"1243","5dec8925be656d35d4005320","control_Similar","96","SimilarControl","buy","purchase","buy-purchase","",""
"1244","5dec8925be656d35d4005320","control_MaxMatch_Positive_Psychological","99","MaxMatch","adore","cherish","adore-cherish","ConceptualMatch:psychological","PositiveMatch"
"1245","5dec8925be656d35d4005320","control_Dissimilar","0","DissimilarControl","begin","end","begin-end","",""
"1246","5dec8925be656d35d4005320","test_ValenceMatch_Positive","17","ValenceMatchingOnly","twinkle","reassure","twinkle-reassure","ConceptualMismatch:physical","PositiveMatch"
"1247","5dec8925be656d35d4005320","control_MaxMismatch","6","MaxMismatch","admire","slash","admire-slash","ConceptualMismatch:psychological","PositiveMismatch"
"1248","5dec8925be656d35d4005320","control_MaxMatch_Negative_Psychological","67","MaxMatch","displease","embarrass","displease-embarrass","ConceptualMatch:psychological","NegativeMatch"
"1249","5dec8925be656d35d4005320","control_Similar","97","SimilarControl","ask","inquire","ask-inquire","",""
"1250","5dec8925be656d35d4005320","control_Dissimilar","0","DissimilarControl","open","close","open-close","",""
"1251","5dec8925be656d35d4005320","control_MaxMatch_Positive_Physical","61","MaxMatch","repair","clean","repair-clean","ConceptualMatch:physical","PositiveMatch"
"1252","5dec8925be656d35d4005320","control_MaxMatch_Negative_Physical","58","MaxMatch","slaughter","burn","slaughter-burn","ConceptualMatch:physical","NegativeMatch"
"1253","5dec8925be656d35d4005320","test_ValenceMatch_Negative","11","ValenceMatchingOnly","rust","offend","rust-offend","ConceptualMismatch:physical","NegativeMatch"
"1254","5dec8925be656d35d4005320","test_ConceptualMatch_Physical","9","ConceptualMatchingOnly","hug","stain","hug-stain","ConceptualMatch:physical","PositiveMismatch"
"1255","5dec8925be656d35d4005320","test_ConceptualMatch_Psychological","0","ConceptualMatchingOnly","cherish","dread","cherish-dread","ConceptualMatch:psychological","PositiveMismatch"
"1256","5dec8925be656d35d4005320","control_Similar","97","SimilarControl","need","require","need-require","",""
"1257","5dec8925be656d35d4005320","control_MaxMatch_Positive_Psychological","93","MaxMatch","like","adore","like-adore","ConceptualMatch:psychological","PositiveMatch"
"1258","5dec8925be656d35d4005320","control_Dissimilar","0","DissimilarControl","rise","fall","rise-fall","",""
"1259","5dec8925be656d35d4005320","test_ValenceMatch_Positive","83","ValenceMatchingOnly","caress","adore","caress-adore","ConceptualMismatch:physical","PositiveMatch"
"1260","5dec8925be656d35d4005320","control_MaxMismatch","7","MaxMismatch","appreciate","hit","appreciate-hit","ConceptualMismatch:psychological","PositiveMismatch"
"1261","5dec8925be656d35d4005320","control_MaxMatch_Negative_Psychological","88","MaxMatch","despair","dread","despair-dread","ConceptualMatch:psychological","NegativeMatch"
"1262","5dec8925be656d35d4005320","control_Similar","93","SimilarControl","get","obtain","get-obtain","",""
"1263","5dec8925be656d35d4005320","control_Dissimilar","0","DissimilarControl","enter","exit","enter-exit","",""
"1264","5dec8925be656d35d4005320","control_MaxMatch_Positive_Physical","7","MaxMatch","sculpt","twinkle","sculpt-twinkle","ConceptualMatch:physical","PositiveMatch"
"1265","5dec8925be656d35d4005320","control_MaxMatch_Negative_Physical","30","MaxMatch","tear","burn","tear-burn","ConceptualMatch:physical","NegativeMatch"
"1266","5dec8925be656d35d4005320","test_ValenceMatch_Negative","61","ValenceMatchingOnly","burn","criticize","burn-criticize","ConceptualMismatch:physical","NegativeMatch"
"1267","5dec8925be656d35d4005320","test_ConceptualMatch_Physical","3","ConceptualMatchingOnly","clean","tear","clean-tear","ConceptualMatch:physical","PositiveMismatch"
"1268","5dec8925be656d35d4005320","test_ConceptualMatch_Psychological","0","ConceptualMatchingOnly","cherish","dishonor","cherish-dishonor","ConceptualMatch:psychological","PositiveMismatch"
"1269","5dec8925be656d35d4005320","control_Similar","99","SimilarControl","begin","start","begin-start","",""
"1270","5dec8925be656d35d4005320","control_MaxMatch_Positive_Psychological","68","MaxMatch","respect","adore","respect-adore","ConceptualMatch:psychological","PositiveMatch"
"1271","5dec8925be656d35d4005320","control_Dissimilar","3","DissimilarControl","give","take","give-take","",""
"1272","5dec8925be656d35d4005320","test_ValenceMatch_Positive","28","ValenceMatchingOnly","hug","impress","hug-impress","ConceptualMismatch:physical","PositiveMatch"
"1273","5dec8925be656d35d4005320","control_MaxMismatch","0","MaxMismatch","respect","tear","respect-tear","ConceptualMismatch:psychological","PositiveMismatch"
"1274","5dec8925be656d35d4005320","control_MaxMatch_Negative_Psychological","71","MaxMatch","offend","criticize","offend-criticize","ConceptualMatch:psychological","NegativeMatch"
"1275","5dec8925be656d35d4005320","control_Similar","84","SimilarControl","use","employ","use-employ","",""
"1276","5dec8925be656d35d4005320","control_Dissimilar","0","DissimilarControl","push","pull","push-pull","",""
"1277","5dec8925be656d35d4005320","control_MaxMatch_Positive_Physical","11","MaxMatch","build","twinkle","build-twinkle","ConceptualMatch:physical","PositiveMatch"
"1278","5dec8925be656d35d4005320","control_MaxMatch_Negative_Physical","28","MaxMatch","slash","crash","slash-crash","ConceptualMatch:physical","NegativeMatch"
"1279","5dec8925be656d35d4005320","test_ValenceMatch_Negative","25","ValenceMatchingOnly","delete","discourage","delete-discourage","ConceptualMismatch:physical","NegativeMatch"
"1280","5dec8925be656d35d4005320","test_ConceptualMatch_Physical","9","ConceptualMatchingOnly","cuddle","burn","cuddle-burn","ConceptualMatch:physical","PositiveMismatch"
"1281","5dec8925be656d35d4005320","test_ConceptualMatch_Psychological","55","ConceptualMatchingOnly","respect","dread","respect-dread","ConceptualMatch:psychological","PositiveMismatch"
"1282","5dec8925be656d35d4005320","control_Similar","90","SimilarControl","speak","talk","speak-talk","",""
"1283","5dec8925be656d35d4005320","control_MaxMatch_Positive_Psychological","61","MaxMatch","like","reassure","like-reassure","ConceptualMatch:psychological","PositiveMatch"
"1284","5dec8925be656d35d4005320","control_Dissimilar","0","DissimilarControl","come","go","come-go","",""
"1285","5dec8925be656d35d4005320","test_ValenceMatch_Positive","73","ValenceMatchingOnly","caress","like","caress-like","ConceptualMismatch:physical","PositiveMatch"
"1286","5dec8925be656d35d4005320","control_MaxMismatch","2","MaxMismatch","adore","slash","adore-slash","ConceptualMismatch:psychological","PositiveMismatch"
"1287","5dec8925be656d35d4005320","control_MaxMatch_Negative_Psychological","36","MaxMatch","despair","dishonor","despair-dishonor","ConceptualMatch:psychological","NegativeMatch"
"1288","5dec8925be656d35d4005320","control_Similar","99","SimilarControl","end","finish","end-finish","",""
"1289","5dec8925be656d35d4005320","control_Dissimilar","0","DissimilarControl","arrive","leave","arrive-leave","",""
"1290","5dec8925be656d35d4005320","control_MaxMatch_Positive_Physical","0","MaxMatch","hug","sculpt","hug-sculpt","ConceptualMatch:physical","PositiveMatch"
"1291","5dec8925be656d35d4005320","control_MaxMatch_Negative_Physical","44","MaxMatch","crash","corrode","crash-corrode","ConceptualMatch:physical","NegativeMatch"
"1292","5dec8925be656d35d4005320","test_ValenceMatch_Negative","44","ValenceMatchingOnly","hit","offend","hit-offend","ConceptualMismatch:physical","NegativeMatch"
"1293","5dec8925be656d35d4005320","test_ConceptualMatch_Physical","35","ConceptualMatchingOnly","produce","hit","produce-hit","ConceptualMatch:physical","PositiveMismatch"
"1294","5dec8925be656d35d4005320","test_ConceptualMatch_Psychological","42","ConceptualMatchingOnly","admire","embarrass","admire-embarrass","ConceptualMatch:psychological","PositiveMismatch"
"1295","5dec8925be656d35d4005320","control_Similar","92","SimilarControl","show","display","show-display","",""
"1296","5dec8925be656d35d4005320","control_MaxMatch_Positive_Psychological","93","MaxMatch","appreciate","adore","appreciate-adore","ConceptualMatch:psychological","PositiveMatch"
"1297","5dec8925be656d35d4005320","control_Dissimilar","0","DissimilarControl","increase","decrease","increase-decrease","",""
"1298","5dec8925be656d35d4005320","test_ValenceMatch_Positive","72","ValenceMatchingOnly","caress","cherish","caress-cherish","ConceptualMismatch:physical","PositiveMatch"
"1299","5dec8925be656d35d4005320","control_MaxMismatch","0","MaxMismatch","content","stain","content-stain","ConceptualMismatch:psychological","PositiveMismatch"
"1300","5dec8925be656d35d4005320","control_MaxMatch_Negative_Psychological","93","MaxMatch","despair","dismay","despair-dismay","ConceptualMatch:psychological","NegativeMatch"
"1301","67d44f07e586aab3ec8596f3","control_Dissimilar","36","DissimilarControl","come","go","come-go","",""
"1302","67d44f07e586aab3ec8596f3","control_Similar","99","SimilarControl","get","obtain","get-obtain","",""
"1303","67d44f07e586aab3ec8596f3","control_Dissimilar","38","DissimilarControl","arrive","leave","arrive-leave","",""
"1304","67d44f07e586aab3ec8596f3","control_MaxMatch_Positive_Physical","33","MaxMatch","twinkle","decorate","twinkle-decorate","ConceptualMatch:physical","PositiveMatch"
"1305","67d44f07e586aab3ec8596f3","control_MaxMismatch","0","MaxMismatch","adore","burn","adore-burn","ConceptualMismatch:psychological","PositiveMismatch"
"1306","67d44f07e586aab3ec8596f3","test_ConceptualMatch_Psychological","31","ConceptualMatchingOnly","like","criticize","like-criticize","ConceptualMatch:psychological","PositiveMismatch"
"1307","67d44f07e586aab3ec8596f3","test_ValenceMatch_Negative","0","ValenceMatchingOnly","rust","dread","rust-dread","ConceptualMismatch:physical","NegativeMatch"
"1308","67d44f07e586aab3ec8596f3","test_ConceptualMatch_Physical","0","ConceptualMatchingOnly","clean","tear","clean-tear","ConceptualMatch:physical","PositiveMismatch"
"1309","67d44f07e586aab3ec8596f3","control_Similar","99","SimilarControl","begin","start","begin-start","",""
"1310","67d44f07e586aab3ec8596f3","test_ValenceMatch_Positive","0","ValenceMatchingOnly","caress","appreciate","caress-appreciate","ConceptualMismatch:physical","PositiveMatch"
"1311","67d44f07e586aab3ec8596f3","control_MaxMatch_Negative_Physical","21","MaxMatch","tear","stain","tear-stain","ConceptualMatch:physical","NegativeMatch"
"1312","67d44f07e586aab3ec8596f3","control_MaxMatch_Negative_Psychological","99","MaxMatch","offend","dismay","offend-dismay","ConceptualMatch:psychological","NegativeMatch"
"1313","67d44f07e586aab3ec8596f3","control_MaxMatch_Positive_Psychological","99","MaxMatch","like","cherish","like-cherish","ConceptualMatch:psychological","PositiveMatch"
"1314","67d44f07e586aab3ec8596f3","control_Dissimilar","31","DissimilarControl","add","remove","add-remove","",""
"1315","67d44f07e586aab3ec8596f3","control_Similar","99","SimilarControl","ask","inquire","ask-inquire","",""
"1316","67d44f07e586aab3ec8596f3","control_Dissimilar","34","DissimilarControl","increase","decrease","increase-decrease","",""
"1317","67d44f07e586aab3ec8596f3","control_MaxMatch_Positive_Physical","0","MaxMatch","cuddle","clean","cuddle-clean","ConceptualMatch:physical","PositiveMatch"
"1318","67d44f07e586aab3ec8596f3","control_MaxMismatch","0","MaxMismatch","appreciate","slash","appreciate-slash","ConceptualMismatch:psychological","PositiveMismatch"
"1319","67d44f07e586aab3ec8596f3","test_ConceptualMatch_Psychological","41","ConceptualMatchingOnly","impress","displease","impress-displease","ConceptualMatch:psychological","PositiveMismatch"
"1320","67d44f07e586aab3ec8596f3","test_ValenceMatch_Negative","42","ValenceMatchingOnly","stain","dismay","stain-dismay","ConceptualMismatch:physical","NegativeMatch"
"1321","67d44f07e586aab3ec8596f3","test_ConceptualMatch_Physical","39","ConceptualMatchingOnly","clean","corrode","clean-corrode","ConceptualMatch:physical","PositiveMismatch"
"1322","67d44f07e586aab3ec8596f3","control_Similar","99","SimilarControl","use","employ","use-employ","",""
"1323","67d44f07e586aab3ec8596f3","test_ValenceMatch_Positive","99","ValenceMatchingOnly","decorate","admire","decorate-admire","ConceptualMismatch:physical","PositiveMatch"
"1324","67d44f07e586aab3ec8596f3","control_MaxMatch_Negative_Physical","99","MaxMatch","burn","corrode","burn-corrode","ConceptualMatch:physical","NegativeMatch"
"1325","67d44f07e586aab3ec8596f3","control_MaxMatch_Negative_Psychological","39","MaxMatch","irritate","dismay","irritate-dismay","ConceptualMatch:psychological","NegativeMatch"
"1326","67d44f07e586aab3ec8596f3","control_MaxMatch_Positive_Psychological","38","MaxMatch","encourage","respect","encourage-respect","ConceptualMatch:psychological","PositiveMatch"
"1327","67d44f07e586aab3ec8596f3","control_Dissimilar","39","DissimilarControl","push","pull","push-pull","",""
"1328","67d44f07e586aab3ec8596f3","control_Similar","99","SimilarControl","speak","talk","speak-talk","",""
"1329","67d44f07e586aab3ec8596f3","control_Dissimilar","40","DissimilarControl","open","close","open-close","",""
"1330","67d44f07e586aab3ec8596f3","control_MaxMatch_Positive_Physical","63","MaxMatch","build","produce","build-produce","ConceptualMatch:physical","PositiveMatch"
"1331","67d44f07e586aab3ec8596f3","control_MaxMismatch","40","MaxMismatch","adore","tear","adore-tear","ConceptualMismatch:psychological","PositiveMismatch"
"1332","67d44f07e586aab3ec8596f3","test_ConceptualMatch_Psychological","35","ConceptualMatchingOnly","adore","criticize","adore-criticize","ConceptualMatch:psychological","PositiveMismatch"
"1333","67d44f07e586aab3ec8596f3","test_ValenceMatch_Negative","9","ValenceMatchingOnly","slaughter","irritate","slaughter-irritate","ConceptualMismatch:physical","NegativeMatch"
"1334","67d44f07e586aab3ec8596f3","test_ConceptualMatch_Physical","21","ConceptualMatchingOnly","cuddle","rust","cuddle-rust","ConceptualMatch:physical","PositiveMismatch"
"1335","67d44f07e586aab3ec8596f3","control_Similar","99","SimilarControl","need","require","need-require","",""
"1336","67d44f07e586aab3ec8596f3","test_ValenceMatch_Positive","30","ValenceMatchingOnly","cuddle","respect","cuddle-respect","ConceptualMismatch:physical","PositiveMatch"
"1337","67d44f07e586aab3ec8596f3","control_MaxMatch_Negative_Physical","30","MaxMatch","slaughter","crash","slaughter-crash","ConceptualMatch:physical","NegativeMatch"
"1338","67d44f07e586aab3ec8596f3","control_MaxMatch_Negative_Psychological","99","MaxMatch","displease","criticize","displease-criticize","ConceptualMatch:psychological","NegativeMatch"
"1339","67d44f07e586aab3ec8596f3","control_MaxMatch_Positive_Psychological","99","MaxMatch","encourage","cherish","encourage-cherish","ConceptualMatch:psychological","PositiveMatch"
"1340","67d44f07e586aab3ec8596f3","control_Dissimilar","53","DissimilarControl","begin","end","begin-end","",""
"1341","67d44f07e586aab3ec8596f3","control_Similar","99","SimilarControl","show","display","show-display","",""
"1342","67d44f07e586aab3ec8596f3","control_Dissimilar","35","DissimilarControl","give","take","give-take","",""
"1343","67d44f07e586aab3ec8596f3","control_MaxMatch_Positive_Physical","99","MaxMatch","cuddle","caress","cuddle-caress","ConceptualMatch:physical","PositiveMatch"
"1344","67d44f07e586aab3ec8596f3","control_MaxMismatch","0","MaxMismatch","encourage","slaughter","encourage-slaughter","ConceptualMismatch:psychological","PositiveMismatch"
"1345","67d44f07e586aab3ec8596f3","test_ConceptualMatch_Psychological","18","ConceptualMatchingOnly","respect","dismay","respect-dismay","ConceptualMatch:psychological","PositiveMismatch"
"1346","67d44f07e586aab3ec8596f3","test_ValenceMatch_Negative","99","ValenceMatchingOnly","crash","dismay","crash-dismay","ConceptualMismatch:physical","NegativeMatch"
"1347","67d44f07e586aab3ec8596f3","test_ConceptualMatch_Physical","99","ConceptualMatchingOnly","clean","delete","clean-delete","ConceptualMatch:physical","PositiveMismatch"
"1348","67d44f07e586aab3ec8596f3","control_Similar","51","SimilarControl","end","finish","end-finish","",""
"1349","67d44f07e586aab3ec8596f3","test_ValenceMatch_Positive","99","ValenceMatchingOnly","caress","impress","caress-impress","ConceptualMismatch:physical","PositiveMatch"
"1350","67d44f07e586aab3ec8596f3","control_MaxMatch_Negative_Physical","99","MaxMatch","slaughter","tear","slaughter-tear","ConceptualMatch:physical","NegativeMatch"
"1351","67d44f07e586aab3ec8596f3","control_MaxMatch_Negative_Psychological","39","MaxMatch","dishonor","criticize","dishonor-criticize","ConceptualMatch:psychological","NegativeMatch"
"1352","67d44f07e586aab3ec8596f3","control_MaxMatch_Positive_Psychological","99","MaxMatch","reassure","cherish","reassure-cherish","ConceptualMatch:psychological","PositiveMatch"
"1353","67d44f07e586aab3ec8596f3","control_Dissimilar","41","DissimilarControl","rise","fall","rise-fall","",""
"1354","67d44f07e586aab3ec8596f3","control_Similar","99","SimilarControl","help","assist","help-assist","",""
"1355","67d44f07e586aab3ec8596f3","control_Dissimilar","37","DissimilarControl","enter","exit","enter-exit","",""
"1356","67d44f07e586aab3ec8596f3","control_MaxMatch_Positive_Physical","0","MaxMatch","caress","produce","caress-produce","ConceptualMatch:physical","PositiveMatch"
"1357","67d44f07e586aab3ec8596f3","control_MaxMismatch","0","MaxMismatch","reassure","slash","reassure-slash","ConceptualMismatch:psychological","PositiveMismatch"
"1358","67d44f07e586aab3ec8596f3","test_ConceptualMatch_Psychological","31","ConceptualMatchingOnly","impress","discourage","impress-discourage","ConceptualMatch:psychological","PositiveMismatch"
"1359","67d44f07e586aab3ec8596f3","test_ValenceMatch_Negative","23","ValenceMatchingOnly","tear","embarrass","tear-embarrass","ConceptualMismatch:physical","NegativeMatch"
"1360","67d44f07e586aab3ec8596f3","test_ConceptualMatch_Physical","0","ConceptualMatchingOnly","hug","stain","hug-stain","ConceptualMatch:physical","PositiveMismatch"
"1361","67d44f07e586aab3ec8596f3","control_Similar","99","SimilarControl","buy","purchase","buy-purchase","",""
"1362","67d44f07e586aab3ec8596f3","test_ValenceMatch_Positive","99","ValenceMatchingOnly","build","content","build-content","ConceptualMismatch:physical","PositiveMatch"
"1363","67d44f07e586aab3ec8596f3","control_MaxMatch_Negative_Physical","28","MaxMatch","slaughter","stain","slaughter-stain","ConceptualMatch:physical","NegativeMatch"
"1364","67d44f07e586aab3ec8596f3","control_MaxMatch_Negative_Psychological","99","MaxMatch","offend","displease","offend-displease","ConceptualMatch:psychological","NegativeMatch"
"1365","67d44f07e586aab3ec8596f3","control_MaxMatch_Positive_Psychological","99","MaxMatch","appreciate","cherish","appreciate-cherish","ConceptualMatch:psychological","PositiveMatch"
"1366","67d9c297979ef61807be10fd","control_Dissimilar","0","DissimilarControl","begin","end","begin-end","",""
"1367","67d9c297979ef61807be10fd","control_Similar","99","SimilarControl","buy","purchase","buy-purchase","",""
"1368","67d9c297979ef61807be10fd","control_MaxMatch_Positive_Physical","0","MaxMatch","repair","twinkle","repair-twinkle","ConceptualMatch:physical","PositiveMatch"
"1369","67d9c297979ef61807be10fd","control_MaxMismatch","0","MaxMismatch","cherish","slaughter","cherish-slaughter","ConceptualMismatch:psychological","PositiveMismatch"
"1370","67d9c297979ef61807be10fd","control_Dissimilar","0","DissimilarControl","push","pull","push-pull","",""
"1371","67d9c297979ef61807be10fd","test_ConceptualMatch_Physical","0","ConceptualMatchingOnly","produce","tear","produce-tear","ConceptualMatch:physical","PositiveMismatch"
"1372","67d9c297979ef61807be10fd","test_ConceptualMatch_Psychological","0","ConceptualMatchingOnly","encourage","dread","encourage-dread","ConceptualMatch:psychological","PositiveMismatch"
"1373","67d9c297979ef61807be10fd","control_Similar","99","SimilarControl","speak","talk","speak-talk","",""
"1374","67d9c297979ef61807be10fd","control_MaxMatch_Negative_Psychological","99","MaxMatch","irritate","displease","irritate-displease","ConceptualMatch:psychological","NegativeMatch"
"1375","67d9c297979ef61807be10fd","control_MaxMatch_Negative_Physical","0","MaxMatch","tear","hit","tear-hit","ConceptualMatch:physical","NegativeMatch"
"1376","67d9c297979ef61807be10fd","control_MaxMatch_Positive_Psychological","99","MaxMatch","like","admire","like-admire","ConceptualMatch:psychological","PositiveMatch"
"1377","67d9c297979ef61807be10fd","test_ValenceMatch_Positive","99","ValenceMatchingOnly","hug","appreciate","hug-appreciate","ConceptualMismatch:physical","PositiveMatch"
"1378","67d9c297979ef61807be10fd","test_ValenceMatch_Negative","0","ValenceMatchingOnly","burn","offend","burn-offend","ConceptualMismatch:physical","NegativeMatch"
"1379","67d9c297979ef61807be10fd","control_Dissimilar","0","DissimilarControl","rise","fall","rise-fall","",""
"1380","67d9c297979ef61807be10fd","control_Similar","99","SimilarControl","begin","start","begin-start","",""
"1381","67d9c297979ef61807be10fd","control_MaxMatch_Positive_Physical","99","MaxMatch","cuddle","caress","cuddle-caress","ConceptualMatch:physical","PositiveMatch"
"1382","67d9c297979ef61807be10fd","control_MaxMismatch","0","MaxMismatch","cherish","crash","cherish-crash","ConceptualMismatch:psychological","PositiveMismatch"
"1383","67d9c297979ef61807be10fd","control_Dissimilar","0","DissimilarControl","arrive","leave","arrive-leave","",""
"1384","67d9c297979ef61807be10fd","test_ConceptualMatch_Physical","0","ConceptualMatchingOnly","sculpt","corrode","sculpt-corrode","ConceptualMatch:physical","PositiveMismatch"
"1385","67d9c297979ef61807be10fd","test_ConceptualMatch_Psychological","0","ConceptualMatchingOnly","appreciate","discourage","appreciate-discourage","ConceptualMatch:psychological","PositiveMismatch"
"1386","67d9c297979ef61807be10fd","control_Similar","99","SimilarControl","use","employ","use-employ","",""
"1387","67d9c297979ef61807be10fd","control_MaxMatch_Negative_Psychological","0","MaxMatch","offend","dismay","offend-dismay","ConceptualMatch:psychological","NegativeMatch"
"1388","67d9c297979ef61807be10fd","control_MaxMatch_Negative_Physical","99","MaxMatch","crash","hit","crash-hit","ConceptualMatch:physical","NegativeMatch"
"1389","67d9c297979ef61807be10fd","control_MaxMatch_Positive_Psychological","99","MaxMatch","adore","cherish","adore-cherish","ConceptualMatch:psychological","PositiveMatch"
"1390","67d9c297979ef61807be10fd","test_ValenceMatch_Positive","0","ValenceMatchingOnly","build","content","build-content","ConceptualMismatch:physical","PositiveMatch"
"1391","67d9c297979ef61807be10fd","test_ValenceMatch_Negative","0","ValenceMatchingOnly","crash","displease","crash-displease","ConceptualMismatch:physical","NegativeMatch"
"1392","67d9c297979ef61807be10fd","control_Dissimilar","0","DissimilarControl","add","remove","add-remove","",""
"1393","67d9c297979ef61807be10fd","control_Similar","99","SimilarControl","help","assist","help-assist","",""
"1394","67d9c297979ef61807be10fd","control_MaxMatch_Positive_Physical","0","MaxMatch","repair","hug","repair-hug","ConceptualMatch:physical","PositiveMatch"
"1395","67d9c297979ef61807be10fd","control_MaxMismatch","0","MaxMismatch","content","tear","content-tear","ConceptualMismatch:psychological","PositiveMismatch"
"1396","67d9c297979ef61807be10fd","control_Dissimilar","0","DissimilarControl","increase","decrease","increase-decrease","",""
"1397","67d9c297979ef61807be10fd","test_ConceptualMatch_Physical","0","ConceptualMatchingOnly","cuddle","tear","cuddle-tear","ConceptualMatch:physical","PositiveMismatch"
"1398","67d9c297979ef61807be10fd","test_ConceptualMatch_Psychological","0","ConceptualMatchingOnly","appreciate","displease","appreciate-displease","ConceptualMatch:psychological","PositiveMismatch"
"1399","67d9c297979ef61807be10fd","control_Similar","99","SimilarControl","show","display","show-display","",""
"1400","67d9c297979ef61807be10fd","control_MaxMatch_Negative_Psychological","0","MaxMatch","dishonor","dismay","dishonor-dismay","ConceptualMatch:psychological","NegativeMatch"
"1401","67d9c297979ef61807be10fd","control_MaxMatch_Negative_Physical","0","MaxMatch","crash","corrode","crash-corrode","ConceptualMatch:physical","NegativeMatch"
"1402","67d9c297979ef61807be10fd","control_MaxMatch_Positive_Psychological","0","MaxMatch","impress","cherish","impress-cherish","ConceptualMatch:psychological","PositiveMatch"
"1403","67d9c297979ef61807be10fd","test_ValenceMatch_Positive","0","ValenceMatchingOnly","twinkle","content","twinkle-content","ConceptualMismatch:physical","PositiveMatch"
"1404","67d9c297979ef61807be10fd","test_ValenceMatch_Negative","0","ValenceMatchingOnly","delete","offend","delete-offend","ConceptualMismatch:physical","NegativeMatch"
"1405","67d9c297979ef61807be10fd","control_Dissimilar","0","DissimilarControl","come","go","come-go","",""
"1406","67d9c297979ef61807be10fd","control_Similar","99","SimilarControl","end","finish","end-finish","",""
"1407","67d9c297979ef61807be10fd","control_MaxMatch_Positive_Physical","99","MaxMatch","build","produce","build-produce","ConceptualMatch:physical","PositiveMatch"
"1408","67d9c297979ef61807be10fd","control_MaxMismatch","0","MaxMismatch","cherish","tear","cherish-tear","ConceptualMismatch:psychological","PositiveMismatch"
"1409","67d9c297979ef61807be10fd","control_Dissimilar","0","DissimilarControl","enter","exit","enter-exit","",""
"1410","67d9c297979ef61807be10fd","test_ConceptualMatch_Physical","0","ConceptualMatchingOnly","hug","delete","hug-delete","ConceptualMatch:physical","PositiveMismatch"
"1411","67d9c297979ef61807be10fd","test_ConceptualMatch_Psychological","0","ConceptualMatchingOnly","respect","irritate","respect-irritate","ConceptualMatch:psychological","PositiveMismatch"
"1412","67d9c297979ef61807be10fd","control_Similar","99","SimilarControl","need","require","need-require","",""
"1413","67d9c297979ef61807be10fd","control_MaxMatch_Negative_Psychological","0","MaxMatch","despair","dishonor","despair-dishonor","ConceptualMatch:psychological","NegativeMatch"
"1414","67d9c297979ef61807be10fd","control_MaxMatch_Negative_Physical","99","MaxMatch","slash","delete","slash-delete","ConceptualMatch:physical","NegativeMatch"
"1415","67d9c297979ef61807be10fd","control_MaxMatch_Positive_Psychological","99","MaxMatch","respect","admire","respect-admire","ConceptualMatch:psychological","PositiveMatch"
"1416","67d9c297979ef61807be10fd","test_ValenceMatch_Positive","0","ValenceMatchingOnly","decorate","respect","decorate-respect","ConceptualMismatch:physical","PositiveMatch"
"1417","67d9c297979ef61807be10fd","test_ValenceMatch_Negative","0","ValenceMatchingOnly","corrode","embarrass","corrode-embarrass","ConceptualMismatch:physical","NegativeMatch"
"1418","67d9c297979ef61807be10fd","control_Dissimilar","0","DissimilarControl","open","close","open-close","",""
"1419","67d9c297979ef61807be10fd","control_Similar","99","SimilarControl","ask","inquire","ask-inquire","",""
"1420","67d9c297979ef61807be10fd","control_MaxMatch_Positive_Physical","0","MaxMatch","cuddle","build","cuddle-build","ConceptualMatch:physical","PositiveMatch"
"1421","67d9c297979ef61807be10fd","control_MaxMismatch","0","MaxMismatch","content","crash","content-crash","ConceptualMismatch:psychological","PositiveMismatch"
"1422","67d9c297979ef61807be10fd","control_Dissimilar","0","DissimilarControl","give","take","give-take","",""
"1423","67d9c297979ef61807be10fd","test_ConceptualMatch_Physical","0","ConceptualMatchingOnly","twinkle","tear","twinkle-tear","ConceptualMatch:physical","PositiveMismatch"
"1424","67d9c297979ef61807be10fd","test_ConceptualMatch_Psychological","0","ConceptualMatchingOnly","encourage","despair","encourage-despair","ConceptualMatch:psychological","PositiveMismatch"
"1425","67d9c297979ef61807be10fd","control_Similar","99","SimilarControl","get","obtain","get-obtain","",""
"1426","67d9c297979ef61807be10fd","control_MaxMatch_Negative_Psychological","99","MaxMatch","offend","dishonor","offend-dishonor","ConceptualMatch:psychological","NegativeMatch"
"1427","67d9c297979ef61807be10fd","control_MaxMatch_Negative_Physical","0","MaxMatch","tear","delete","tear-delete","ConceptualMatch:physical","NegativeMatch"
"1428","67d9c297979ef61807be10fd","control_MaxMatch_Positive_Psychological","0","MaxMatch","encourage","adore","encourage-adore","ConceptualMatch:psychological","PositiveMatch"
"1429","67d9c297979ef61807be10fd","test_ValenceMatch_Positive","0","ValenceMatchingOnly","clean","appreciate","clean-appreciate","ConceptualMismatch:physical","PositiveMatch"
"1430","67d9c297979ef61807be10fd","test_ValenceMatch_Negative","0","ValenceMatchingOnly","burn","dismay","burn-dismay","ConceptualMismatch:physical","NegativeMatch"
"1431","64d63b117d0fcfc1cd8d6934","control_Similar","77","SimilarControl","need","require","need-require","",""
"1432","64d63b117d0fcfc1cd8d6934","control_Dissimilar","21","DissimilarControl","rise","fall","rise-fall","",""
"1433","64d63b117d0fcfc1cd8d6934","control_MaxMatch_Negative_Physical","68","MaxMatch","tear","stain","tear-stain","ConceptualMatch:physical","NegativeMatch"
"1434","64d63b117d0fcfc1cd8d6934","test_ValenceMatch_Negative","21","ValenceMatchingOnly","corrode","discourage","corrode-discourage","ConceptualMismatch:physical","NegativeMatch"
"1435","64d63b117d0fcfc1cd8d6934","test_ConceptualMatch_Physical","8","ConceptualMatchingOnly","produce","delete","produce-delete","ConceptualMatch:physical","PositiveMismatch"
"1436","64d63b117d0fcfc1cd8d6934","control_Similar","88","SimilarControl","speak","talk","speak-talk","",""
"1437","64d63b117d0fcfc1cd8d6934","control_Dissimilar","13","DissimilarControl","come","go","come-go","",""
"1438","64d63b117d0fcfc1cd8d6934","control_MaxMatch_Negative_Psychological","80","MaxMatch","despair","dread","despair-dread","ConceptualMatch:psychological","NegativeMatch"
"1439","64d63b117d0fcfc1cd8d6934","test_ValenceMatch_Positive","40","ValenceMatchingOnly","build","appreciate","build-appreciate","ConceptualMismatch:physical","PositiveMatch"
"1440","64d63b117d0fcfc1cd8d6934","control_MaxMismatch","0","MaxMismatch","impress","stain","impress-stain","ConceptualMismatch:psychological","PositiveMismatch"
"1441","64d63b117d0fcfc1cd8d6934","control_MaxMatch_Positive_Physical","26","MaxMatch","repair","hug","repair-hug","ConceptualMatch:physical","PositiveMatch"
"1442","64d63b117d0fcfc1cd8d6934","control_MaxMatch_Positive_Psychological","70","MaxMatch","respect","cherish","respect-cherish","ConceptualMatch:psychological","PositiveMatch"
"1443","64d63b117d0fcfc1cd8d6934","test_ConceptualMatch_Psychological","30","ConceptualMatchingOnly","content","criticize","content-criticize","ConceptualMatch:psychological","PositiveMismatch"
"1444","64d63b117d0fcfc1cd8d6934","control_Similar","78","SimilarControl","use","employ","use-employ","",""
"1445","64d63b117d0fcfc1cd8d6934","control_Dissimilar","13","DissimilarControl","open","close","open-close","",""
"1446","64d63b117d0fcfc1cd8d6934","control_MaxMatch_Negative_Physical","0","MaxMatch","rust","crash","rust-crash","ConceptualMatch:physical","NegativeMatch"
"1447","64d63b117d0fcfc1cd8d6934","test_ValenceMatch_Negative","68","ValenceMatchingOnly","corrode","despair","corrode-despair","ConceptualMismatch:physical","NegativeMatch"
"1448","64d63b117d0fcfc1cd8d6934","test_ConceptualMatch_Physical","26","ConceptualMatchingOnly","cuddle","slash","cuddle-slash","ConceptualMatch:physical","PositiveMismatch"
"1449","64d63b117d0fcfc1cd8d6934","control_Similar","81","SimilarControl","get","obtain","get-obtain","",""
"1450","64d63b117d0fcfc1cd8d6934","control_Dissimilar","79","DissimilarControl","give","take","give-take","",""
"1451","64d63b117d0fcfc1cd8d6934","control_MaxMatch_Negative_Psychological","63","MaxMatch","displease","discourage","displease-discourage","ConceptualMatch:psychological","NegativeMatch"
"1452","64d63b117d0fcfc1cd8d6934","test_ValenceMatch_Positive","45","ValenceMatchingOnly","sculpt","content","sculpt-content","ConceptualMismatch:physical","PositiveMatch"
"1453","64d63b117d0fcfc1cd8d6934","control_MaxMismatch","14","MaxMismatch","appreciate","crash","appreciate-crash","ConceptualMismatch:psychological","PositiveMismatch"
"1454","64d63b117d0fcfc1cd8d6934","control_MaxMatch_Positive_Physical","64","MaxMatch","caress","hug","caress-hug","ConceptualMatch:physical","PositiveMatch"
"1455","64d63b117d0fcfc1cd8d6934","control_MaxMatch_Positive_Psychological","76","MaxMatch","content","like","content-like","ConceptualMatch:psychological","PositiveMatch"
"1456","64d63b117d0fcfc1cd8d6934","test_ConceptualMatch_Psychological","18","ConceptualMatchingOnly","admire","embarrass","admire-embarrass","ConceptualMatch:psychological","PositiveMismatch"
"1457","64d63b117d0fcfc1cd8d6934","control_Similar","80","SimilarControl","ask","inquire","ask-inquire","",""
"1458","64d63b117d0fcfc1cd8d6934","control_Dissimilar","25","DissimilarControl","add","remove","add-remove","",""
"1459","64d63b117d0fcfc1cd8d6934","control_MaxMatch_Negative_Physical","74","MaxMatch","burn","delete","burn-delete","ConceptualMatch:physical","NegativeMatch"
"1460","64d63b117d0fcfc1cd8d6934","test_ValenceMatch_Negative","62","ValenceMatchingOnly","delete","dishonor","delete-dishonor","ConceptualMismatch:physical","NegativeMatch"
"1461","64d63b117d0fcfc1cd8d6934","test_ConceptualMatch_Physical","17","ConceptualMatchingOnly","build","rust","build-rust","ConceptualMatch:physical","PositiveMismatch"
"1462","64d63b117d0fcfc1cd8d6934","control_Similar","83","SimilarControl","help","assist","help-assist","",""
"1463","64d63b117d0fcfc1cd8d6934","control_Dissimilar","20","DissimilarControl","enter","exit","enter-exit","",""
"1464","64d63b117d0fcfc1cd8d6934","control_MaxMatch_Negative_Psychological","27","MaxMatch","irritate","embarrass","irritate-embarrass","ConceptualMatch:psychological","NegativeMatch"
"1465","64d63b117d0fcfc1cd8d6934","test_ValenceMatch_Positive","67","ValenceMatchingOnly","build","encourage","build-encourage","ConceptualMismatch:physical","PositiveMatch"
"1466","64d63b117d0fcfc1cd8d6934","control_MaxMismatch","8","MaxMismatch","reassure","corrode","reassure-corrode","ConceptualMismatch:psychological","PositiveMismatch"
"1467","64d63b117d0fcfc1cd8d6934","control_MaxMatch_Positive_Physical","27","MaxMatch","hug","produce","hug-produce","ConceptualMatch:physical","PositiveMatch"
"1468","64d63b117d0fcfc1cd8d6934","control_MaxMatch_Positive_Psychological","79","MaxMatch","impress","like","impress-like","ConceptualMatch:psychological","PositiveMatch"
"1469","64d63b117d0fcfc1cd8d6934","test_ConceptualMatch_Psychological","26","ConceptualMatchingOnly","cherish","embarrass","cherish-embarrass","ConceptualMatch:psychological","PositiveMismatch"
"1470","64d63b117d0fcfc1cd8d6934","control_Similar","87","SimilarControl","end","finish","end-finish","",""
"1471","64d63b117d0fcfc1cd8d6934","control_Dissimilar","22","DissimilarControl","push","pull","push-pull","",""
"1472","64d63b117d0fcfc1cd8d6934","control_MaxMatch_Negative_Physical","68","MaxMatch","burn","hit","burn-hit","ConceptualMatch:physical","NegativeMatch"
"1473","64d63b117d0fcfc1cd8d6934","test_ValenceMatch_Negative","58","ValenceMatchingOnly","stain","displease","stain-displease","ConceptualMismatch:physical","NegativeMatch"
"1474","64d63b117d0fcfc1cd8d6934","test_ConceptualMatch_Physical","22","ConceptualMatchingOnly","repair","slash","repair-slash","ConceptualMatch:physical","PositiveMismatch"
"1475","64d63b117d0fcfc1cd8d6934","control_Similar","90","SimilarControl","buy","purchase","buy-purchase","",""
"1476","64d63b117d0fcfc1cd8d6934","control_Dissimilar","23","DissimilarControl","begin","end","begin-end","",""
"1477","64d63b117d0fcfc1cd8d6934","control_MaxMatch_Negative_Psychological","74","MaxMatch","irritate","dishonor","irritate-dishonor","ConceptualMatch:psychological","NegativeMatch"
"1478","64d63b117d0fcfc1cd8d6934","test_ValenceMatch_Positive","73","ValenceMatchingOnly","sculpt","appreciate","sculpt-appreciate","ConceptualMismatch:physical","PositiveMatch"
"1479","64d63b117d0fcfc1cd8d6934","control_MaxMismatch","18","MaxMismatch","impress","tear","impress-tear","ConceptualMismatch:psychological","PositiveMismatch"
"1480","64d63b117d0fcfc1cd8d6934","control_MaxMatch_Positive_Physical","76","MaxMatch","cuddle","sculpt","cuddle-sculpt","ConceptualMatch:physical","PositiveMatch"
"1481","64d63b117d0fcfc1cd8d6934","control_MaxMatch_Positive_Psychological","81","MaxMatch","like","respect","like-respect","ConceptualMatch:psychological","PositiveMatch"
"1482","64d63b117d0fcfc1cd8d6934","test_ConceptualMatch_Psychological","23","ConceptualMatchingOnly","admire","offend","admire-offend","ConceptualMatch:psychological","PositiveMismatch"
"1483","64d63b117d0fcfc1cd8d6934","control_Similar","83","SimilarControl","begin","start","begin-start","",""
"1484","64d63b117d0fcfc1cd8d6934","control_Dissimilar","25","DissimilarControl","arrive","leave","arrive-leave","",""
"1485","64d63b117d0fcfc1cd8d6934","control_MaxMatch_Negative_Physical","72","MaxMatch","crash","corrode","crash-corrode","ConceptualMatch:physical","NegativeMatch"
"1486","64d63b117d0fcfc1cd8d6934","test_ValenceMatch_Negative","70","ValenceMatchingOnly","slaughter","despair","slaughter-despair","ConceptualMismatch:physical","NegativeMatch"
"1487","64d63b117d0fcfc1cd8d6934","test_ConceptualMatch_Physical","16","ConceptualMatchingOnly","twinkle","rust","twinkle-rust","ConceptualMatch:physical","PositiveMismatch"
"1488","64d63b117d0fcfc1cd8d6934","control_Similar","82","SimilarControl","show","display","show-display","",""
"1489","64d63b117d0fcfc1cd8d6934","control_Dissimilar","27","DissimilarControl","increase","decrease","increase-decrease","",""
"1490","64d63b117d0fcfc1cd8d6934","control_MaxMatch_Negative_Psychological","71","MaxMatch","displease","dismay","displease-dismay","ConceptualMatch:psychological","NegativeMatch"
"1491","64d63b117d0fcfc1cd8d6934","test_ValenceMatch_Positive","68","ValenceMatchingOnly","sculpt","impress","sculpt-impress","ConceptualMismatch:physical","PositiveMatch"
"1492","64d63b117d0fcfc1cd8d6934","control_MaxMismatch","16","MaxMismatch","content","hit","content-hit","ConceptualMismatch:psychological","PositiveMismatch"
"1493","64d63b117d0fcfc1cd8d6934","control_MaxMatch_Positive_Physical","70","MaxMatch","twinkle","decorate","twinkle-decorate","ConceptualMatch:physical","PositiveMatch"
"1494","64d63b117d0fcfc1cd8d6934","control_MaxMatch_Positive_Psychological","85","MaxMatch","appreciate","cherish","appreciate-cherish","ConceptualMatch:psychological","PositiveMatch"
"1495","64d63b117d0fcfc1cd8d6934","test_ConceptualMatch_Psychological","17","ConceptualMatchingOnly","like","dread","like-dread","ConceptualMatch:psychological","PositiveMismatch"
"1496","67a95d468d14bd6324b4bbba","control_Similar","99","SimilarControl","show","display","show-display","",""
"1497","67a95d468d14bd6324b4bbba","control_Dissimilar","99","DissimilarControl","come","go","come-go","",""
"1498","67a95d468d14bd6324b4bbba","test_ValenceMatch_Positive","3","ValenceMatchingOnly","produce","encourage","produce-encourage","ConceptualMismatch:physical","PositiveMatch"
"1499","67a95d468d14bd6324b4bbba","control_MaxMatch_Negative_Physical","0","MaxMatch","rust","slaughter","rust-slaughter","ConceptualMatch:physical","NegativeMatch"
"1500","67a95d468d14bd6324b4bbba","control_Similar","99","SimilarControl","get","obtain","get-obtain","",""
"1501","67a95d468d14bd6324b4bbba","control_MaxMismatch","0","MaxMismatch","respect","tear","respect-tear","ConceptualMismatch:psychological","PositiveMismatch"
"1502","67a95d468d14bd6324b4bbba","test_ValenceMatch_Negative","0","ValenceMatchingOnly","tear","dismay","tear-dismay","ConceptualMismatch:physical","NegativeMatch"
"1503","67a95d468d14bd6324b4bbba","test_ConceptualMatch_Psychological","12","ConceptualMatchingOnly","impress","displease","impress-displease","ConceptualMatch:psychological","PositiveMismatch"
"1504","67a95d468d14bd6324b4bbba","control_MaxMatch_Positive_Psychological","99","MaxMatch","impress","cherish","impress-cherish","ConceptualMatch:psychological","PositiveMatch"
"1505","67a95d468d14bd6324b4bbba","test_ConceptualMatch_Physical","93","ConceptualMatchingOnly","clean","slash","clean-slash","ConceptualMatch:physical","PositiveMismatch"
"1506","67a95d468d14bd6324b4bbba","control_MaxMatch_Negative_Psychological","9","MaxMatch","offend","dishonor","offend-dishonor","ConceptualMatch:psychological","NegativeMatch"
"1507","67a95d468d14bd6324b4bbba","control_Dissimilar","99","DissimilarControl","begin","end","begin-end","",""
"1508","67a95d468d14bd6324b4bbba","control_MaxMatch_Positive_Physical","0","MaxMatch","cuddle","repair","cuddle-repair","ConceptualMatch:physical","PositiveMatch"
"1509","67a95d468d14bd6324b4bbba","control_Similar","99","SimilarControl","buy","purchase","buy-purchase","",""
"1510","67a95d468d14bd6324b4bbba","control_Dissimilar","99","DissimilarControl","enter","exit","enter-exit","",""
"1511","67a95d468d14bd6324b4bbba","test_ValenceMatch_Positive","0","ValenceMatchingOnly","repair","respect","repair-respect","ConceptualMismatch:physical","PositiveMatch"
"1512","67a95d468d14bd6324b4bbba","control_MaxMatch_Negative_Physical","0","MaxMatch","slash","delete","slash-delete","ConceptualMatch:physical","NegativeMatch"
"1513","67a95d468d14bd6324b4bbba","control_Similar","0","SimilarControl","use","employ","use-employ","",""
"1514","67a95d468d14bd6324b4bbba","control_MaxMismatch","0","MaxMismatch","content","hit","content-hit","ConceptualMismatch:psychological","PositiveMismatch"
"1515","67a95d468d14bd6324b4bbba","test_ValenceMatch_Negative","0","ValenceMatchingOnly","tear","dread","tear-dread","ConceptualMismatch:physical","NegativeMatch"
"1516","67a95d468d14bd6324b4bbba","test_ConceptualMatch_Psychological","0","ConceptualMatchingOnly","appreciate","irritate","appreciate-irritate","ConceptualMatch:psychological","PositiveMismatch"
"1517","67a95d468d14bd6324b4bbba","control_MaxMatch_Positive_Psychological","65","MaxMatch","content","respect","content-respect","ConceptualMatch:psychological","PositiveMatch"
"1518","67a95d468d14bd6324b4bbba","test_ConceptualMatch_Physical","17","ConceptualMatchingOnly","repair","hit","repair-hit","ConceptualMatch:physical","PositiveMismatch"
"1519","67a95d468d14bd6324b4bbba","control_MaxMatch_Negative_Psychological","9","MaxMatch","displease","dread","displease-dread","ConceptualMatch:psychological","NegativeMatch"
"1520","67a95d468d14bd6324b4bbba","control_Dissimilar","99","DissimilarControl","push","pull","push-pull","",""
"1521","67a95d468d14bd6324b4bbba","control_MaxMatch_Positive_Physical","0","MaxMatch","sculpt","twinkle","sculpt-twinkle","ConceptualMatch:physical","PositiveMatch"
"1522","67a95d468d14bd6324b4bbba","control_Similar","99","SimilarControl","ask","inquire","ask-inquire","",""
"1523","67a95d468d14bd6324b4bbba","control_Dissimilar","99","DissimilarControl","add","remove","add-remove","",""
"1524","67a95d468d14bd6324b4bbba","test_ValenceMatch_Positive","0","ValenceMatchingOnly","hug","reassure","hug-reassure","ConceptualMismatch:physical","PositiveMatch"
"1525","67a95d468d14bd6324b4bbba","control_MaxMatch_Negative_Physical","0","MaxMatch","crash","corrode","crash-corrode","ConceptualMatch:physical","NegativeMatch"
"1526","67a95d468d14bd6324b4bbba","control_Similar","0","SimilarControl","end","finish","end-finish","",""
"1527","67a95d468d14bd6324b4bbba","control_MaxMismatch","0","MaxMismatch","appreciate","hit","appreciate-hit","ConceptualMismatch:psychological","PositiveMismatch"
"1528","67a95d468d14bd6324b4bbba","test_ValenceMatch_Negative","0","ValenceMatchingOnly","burn","irritate","burn-irritate","ConceptualMismatch:physical","NegativeMatch"
"1529","67a95d468d14bd6324b4bbba","test_ConceptualMatch_Psychological","59","ConceptualMatchingOnly","adore","dread","adore-dread","ConceptualMatch:psychological","PositiveMismatch"
"1530","67a95d468d14bd6324b4bbba","control_MaxMatch_Positive_Psychological","0","MaxMatch","reassure","admire","reassure-admire","ConceptualMatch:psychological","PositiveMatch"
"1531","67a95d468d14bd6324b4bbba","test_ConceptualMatch_Physical","3","ConceptualMatchingOnly","produce","delete","produce-delete","ConceptualMatch:physical","PositiveMismatch"
"1532","67a95d468d14bd6324b4bbba","control_MaxMatch_Negative_Psychological","0","MaxMatch","embarrass","dread","embarrass-dread","ConceptualMatch:psychological","NegativeMatch"
"1533","67a95d468d14bd6324b4bbba","control_Dissimilar","99","DissimilarControl","arrive","leave","arrive-leave","",""
"1534","67a95d468d14bd6324b4bbba","control_MaxMatch_Positive_Physical","0","MaxMatch","repair","hug","repair-hug","ConceptualMatch:physical","PositiveMatch"
"1535","67a95d468d14bd6324b4bbba","control_Similar","99","SimilarControl","need","require","need-require","",""
"1536","67a95d468d14bd6324b4bbba","control_Dissimilar","99","DissimilarControl","rise","fall","rise-fall","",""
"1537","67a95d468d14bd6324b4bbba","test_ValenceMatch_Positive","0","ValenceMatchingOnly","build","admire","build-admire","ConceptualMismatch:physical","PositiveMatch"
"1538","67a95d468d14bd6324b4bbba","control_MaxMatch_Negative_Physical","0","MaxMatch","slaughter","corrode","slaughter-corrode","ConceptualMatch:physical","NegativeMatch"
"1539","67a95d468d14bd6324b4bbba","control_Similar","99","SimilarControl","begin","start","begin-start","",""
"1540","67a95d468d14bd6324b4bbba","control_MaxMismatch","0","MaxMismatch","cherish","slaughter","cherish-slaughter","ConceptualMismatch:psychological","PositiveMismatch"
"1541","67a95d468d14bd6324b4bbba","test_ValenceMatch_Negative","0","ValenceMatchingOnly","burn","dread","burn-dread","ConceptualMismatch:physical","NegativeMatch"
"1542","67a95d468d14bd6324b4bbba","test_ConceptualMatch_Psychological","0","ConceptualMatchingOnly","admire","dread","admire-dread","ConceptualMatch:psychological","PositiveMismatch"
"1543","67a95d468d14bd6324b4bbba","control_MaxMatch_Positive_Psychological","99","MaxMatch","encourage","admire","encourage-admire","ConceptualMatch:psychological","PositiveMatch"
"1544","67a95d468d14bd6324b4bbba","test_ConceptualMatch_Physical","0","ConceptualMatchingOnly","repair","crash","repair-crash","ConceptualMatch:physical","PositiveMismatch"
"1545","67a95d468d14bd6324b4bbba","control_MaxMatch_Negative_Psychological","90","MaxMatch","displease","dismay","displease-dismay","ConceptualMatch:psychological","NegativeMatch"
"1546","67a95d468d14bd6324b4bbba","control_Dissimilar","85","DissimilarControl","give","take","give-take","",""
"1547","67a95d468d14bd6324b4bbba","control_MaxMatch_Positive_Physical","0","MaxMatch","cuddle","sculpt","cuddle-sculpt","ConceptualMatch:physical","PositiveMatch"
"1548","67a95d468d14bd6324b4bbba","control_Similar","99","SimilarControl","speak","talk","speak-talk","",""
"1549","67a95d468d14bd6324b4bbba","control_Dissimilar","99","DissimilarControl","increase","decrease","increase-decrease","",""
"1550","67a95d468d14bd6324b4bbba","test_ValenceMatch_Positive","0","ValenceMatchingOnly","repair","impress","repair-impress","ConceptualMismatch:physical","PositiveMatch"
"1551","67a95d468d14bd6324b4bbba","control_MaxMatch_Negative_Physical","0","MaxMatch","slaughter","delete","slaughter-delete","ConceptualMatch:physical","NegativeMatch"
"1552","67a95d468d14bd6324b4bbba","control_Similar","99","SimilarControl","help","assist","help-assist","",""
"1553","67a95d468d14bd6324b4bbba","control_MaxMismatch","0","MaxMismatch","encourage","slaughter","encourage-slaughter","ConceptualMismatch:psychological","PositiveMismatch"
"1554","67a95d468d14bd6324b4bbba","test_ValenceMatch_Negative","0","ValenceMatchingOnly","hit","dismay","hit-dismay","ConceptualMismatch:physical","NegativeMatch"
"1555","67a95d468d14bd6324b4bbba","test_ConceptualMatch_Psychological","0","ConceptualMatchingOnly","reassure","offend","reassure-offend","ConceptualMatch:psychological","PositiveMismatch"
"1556","67a95d468d14bd6324b4bbba","control_MaxMatch_Positive_Psychological","78","MaxMatch","content","admire","content-admire","ConceptualMatch:psychological","PositiveMatch"
"1557","67a95d468d14bd6324b4bbba","test_ConceptualMatch_Physical","8","ConceptualMatchingOnly","twinkle","rust","twinkle-rust","ConceptualMatch:physical","PositiveMismatch"
"1558","67a95d468d14bd6324b4bbba","control_MaxMatch_Negative_Psychological","78","MaxMatch","dishonor","embarrass","dishonor-embarrass","ConceptualMatch:psychological","NegativeMatch"
"1559","67a95d468d14bd6324b4bbba","control_Dissimilar","99","DissimilarControl","open","close","open-close","",""
"1560","67a95d468d14bd6324b4bbba","control_MaxMatch_Positive_Physical","80","MaxMatch","repair","caress","repair-caress","ConceptualMatch:physical","PositiveMatch"
"1561","5c7cf8b58ca9000001b52f6e","control_Dissimilar","0","DissimilarControl","open","close","open-close","",""
"1562","5c7cf8b58ca9000001b52f6e","control_Similar","99","SimilarControl","buy","purchase","buy-purchase","",""
"1563","5c7cf8b58ca9000001b52f6e","test_ValenceMatch_Positive","0","ValenceMatchingOnly","decorate","respect","decorate-respect","ConceptualMismatch:physical","PositiveMatch"
"1564","5c7cf8b58ca9000001b52f6e","control_MaxMatch_Positive_Physical","93","MaxMatch","cuddle","hug","cuddle-hug","ConceptualMatch:physical","PositiveMatch"
"1565","5c7cf8b58ca9000001b52f6e","test_ValenceMatch_Negative","1","ValenceMatchingOnly","rust","despair","rust-despair","ConceptualMismatch:physical","NegativeMatch"
"1566","5c7cf8b58ca9000001b52f6e","control_MaxMismatch","1","MaxMismatch","content","crash","content-crash","ConceptualMismatch:psychological","PositiveMismatch"
"1567","5c7cf8b58ca9000001b52f6e","test_ConceptualMatch_Physical","3","ConceptualMatchingOnly","twinkle","crash","twinkle-crash","ConceptualMatch:physical","PositiveMismatch"
"1568","5c7cf8b58ca9000001b52f6e","test_ConceptualMatch_Psychological","0","ConceptualMatchingOnly","cherish","criticize","cherish-criticize","ConceptualMatch:psychological","PositiveMismatch"
"1569","5c7cf8b58ca9000001b52f6e","control_MaxMatch_Positive_Psychological","0","MaxMatch","reassure","cherish","reassure-cherish","ConceptualMatch:psychological","PositiveMatch"
"1570","5c7cf8b58ca9000001b52f6e","control_MaxMatch_Negative_Physical","31","MaxMatch","rust","stain","rust-stain","ConceptualMatch:physical","NegativeMatch"
"1571","5c7cf8b58ca9000001b52f6e","control_Dissimilar","0","DissimilarControl","add","remove","add-remove","",""
"1572","5c7cf8b58ca9000001b52f6e","control_MaxMatch_Negative_Psychological","80","MaxMatch","offend","displease","offend-displease","ConceptualMatch:psychological","NegativeMatch"
"1573","5c7cf8b58ca9000001b52f6e","control_Similar","80","SimilarControl","use","employ","use-employ","",""
"1574","5c7cf8b58ca9000001b52f6e","control_Dissimilar","0","DissimilarControl","rise","fall","rise-fall","",""
"1575","5c7cf8b58ca9000001b52f6e","control_Similar","99","SimilarControl","help","assist","help-assist","",""
"1576","5c7cf8b58ca9000001b52f6e","test_ValenceMatch_Positive","0","ValenceMatchingOnly","twinkle","encourage","twinkle-encourage","ConceptualMismatch:physical","PositiveMatch"
"1577","5c7cf8b58ca9000001b52f6e","control_MaxMatch_Positive_Physical","0","MaxMatch","hug","produce","hug-produce","ConceptualMatch:physical","PositiveMatch"
"1578","5c7cf8b58ca9000001b52f6e","test_ValenceMatch_Negative","0","ValenceMatchingOnly","hit","irritate","hit-irritate","ConceptualMismatch:physical","NegativeMatch"
"1579","5c7cf8b58ca9000001b52f6e","control_MaxMismatch","0","MaxMismatch","respect","delete","respect-delete","ConceptualMismatch:psychological","PositiveMismatch"
"1580","5c7cf8b58ca9000001b52f6e","test_ConceptualMatch_Physical","7","ConceptualMatchingOnly","sculpt","burn","sculpt-burn","ConceptualMatch:physical","PositiveMismatch"
"1581","5c7cf8b58ca9000001b52f6e","test_ConceptualMatch_Psychological","3","ConceptualMatchingOnly","reassure","embarrass","reassure-embarrass","ConceptualMatch:psychological","PositiveMismatch"
"1582","5c7cf8b58ca9000001b52f6e","control_MaxMatch_Positive_Psychological","33","MaxMatch","encourage","admire","encourage-admire","ConceptualMatch:psychological","PositiveMatch"
"1583","5c7cf8b58ca9000001b52f6e","control_MaxMatch_Negative_Physical","16","MaxMatch","hit","corrode","hit-corrode","ConceptualMatch:physical","NegativeMatch"
"1584","5c7cf8b58ca9000001b52f6e","control_Dissimilar","0","DissimilarControl","begin","end","begin-end","",""
"1585","5c7cf8b58ca9000001b52f6e","control_MaxMatch_Negative_Psychological","88","MaxMatch","discourage","dismay","discourage-dismay","ConceptualMatch:psychological","NegativeMatch"
"1586","5c7cf8b58ca9000001b52f6e","control_Similar","99","SimilarControl","need","require","need-require","",""
"1587","5c7cf8b58ca9000001b52f6e","control_Dissimilar","0","DissimilarControl","give","take","give-take","",""
"1588","5c7cf8b58ca9000001b52f6e","control_Similar","99","SimilarControl","end","finish","end-finish","",""
"1589","5c7cf8b58ca9000001b52f6e","test_ValenceMatch_Positive","9","ValenceMatchingOnly","produce","cherish","produce-cherish","ConceptualMismatch:physical","PositiveMatch"
"1590","5c7cf8b58ca9000001b52f6e","control_MaxMatch_Positive_Physical","78","MaxMatch","produce","sculpt","produce-sculpt","ConceptualMatch:physical","PositiveMatch"
"1591","5c7cf8b58ca9000001b52f6e","test_ValenceMatch_Negative","0","ValenceMatchingOnly","hit","criticize","hit-criticize","ConceptualMismatch:physical","NegativeMatch"
"1592","5c7cf8b58ca9000001b52f6e","control_MaxMismatch","0","MaxMismatch","reassure","crash","reassure-crash","ConceptualMismatch:psychological","PositiveMismatch"
"1593","5c7cf8b58ca9000001b52f6e","test_ConceptualMatch_Physical","5","ConceptualMatchingOnly","clean","slaughter","clean-slaughter","ConceptualMatch:physical","PositiveMismatch"
"1594","5c7cf8b58ca9000001b52f6e","test_ConceptualMatch_Psychological","0","ConceptualMatchingOnly","admire","dismay","admire-dismay","ConceptualMatch:psychological","PositiveMismatch"
"1595","5c7cf8b58ca9000001b52f6e","control_MaxMatch_Positive_Psychological","99","MaxMatch","like","cherish","like-cherish","ConceptualMatch:psychological","PositiveMatch"
"1596","5c7cf8b58ca9000001b52f6e","control_MaxMatch_Negative_Physical","21","MaxMatch","slaughter","burn","slaughter-burn","ConceptualMatch:physical","NegativeMatch"
"1597","5c7cf8b58ca9000001b52f6e","control_Dissimilar","1","DissimilarControl","come","go","come-go","",""
"1598","5c7cf8b58ca9000001b52f6e","control_MaxMatch_Negative_Psychological","4","MaxMatch","irritate","dishonor","irritate-dishonor","ConceptualMatch:psychological","NegativeMatch"
"1599","5c7cf8b58ca9000001b52f6e","control_Similar","99","SimilarControl","get","obtain","get-obtain","",""
"1600","5c7cf8b58ca9000001b52f6e","control_Dissimilar","0","DissimilarControl","arrive","leave","arrive-leave","",""
"1601","5c7cf8b58ca9000001b52f6e","control_Similar","99","SimilarControl","speak","talk","speak-talk","",""
"1602","5c7cf8b58ca9000001b52f6e","test_ValenceMatch_Positive","0","ValenceMatchingOnly","sculpt","like","sculpt-like","ConceptualMismatch:physical","PositiveMatch"
"1603","5c7cf8b58ca9000001b52f6e","control_MaxMatch_Positive_Physical","89","MaxMatch","build","produce","build-produce","ConceptualMatch:physical","PositiveMatch"
"1604","5c7cf8b58ca9000001b52f6e","test_ValenceMatch_Negative","0","ValenceMatchingOnly","hit","embarrass","hit-embarrass","ConceptualMismatch:physical","NegativeMatch"
"1605","5c7cf8b58ca9000001b52f6e","control_MaxMismatch","0","MaxMismatch","encourage","delete","encourage-delete","ConceptualMismatch:psychological","PositiveMismatch"
"1606","5c7cf8b58ca9000001b52f6e","test_ConceptualMatch_Physical","0","ConceptualMatchingOnly","clean","slash","clean-slash","ConceptualMatch:physical","PositiveMismatch"
"1607","5c7cf8b58ca9000001b52f6e","test_ConceptualMatch_Psychological","3","ConceptualMatchingOnly","reassure","criticize","reassure-criticize","ConceptualMatch:psychological","PositiveMismatch"
"1608","5c7cf8b58ca9000001b52f6e","control_MaxMatch_Positive_Psychological","96","MaxMatch","impress","like","impress-like","ConceptualMatch:psychological","PositiveMatch"
"1609","5c7cf8b58ca9000001b52f6e","control_MaxMatch_Negative_Physical","0","MaxMatch","hit","delete","hit-delete","ConceptualMatch:physical","NegativeMatch"
"1610","5c7cf8b58ca9000001b52f6e","control_Dissimilar","0","DissimilarControl","increase","decrease","increase-decrease","",""
"1611","5c7cf8b58ca9000001b52f6e","control_MaxMatch_Negative_Psychological","33","MaxMatch","irritate","criticize","irritate-criticize","ConceptualMatch:psychological","NegativeMatch"
"1612","5c7cf8b58ca9000001b52f6e","control_Similar","99","SimilarControl","ask","inquire","ask-inquire","",""
"1613","5c7cf8b58ca9000001b52f6e","control_Dissimilar","0","DissimilarControl","enter","exit","enter-exit","",""
"1614","5c7cf8b58ca9000001b52f6e","control_Similar","99","SimilarControl","show","display","show-display","",""
"1615","5c7cf8b58ca9000001b52f6e","test_ValenceMatch_Positive","1","ValenceMatchingOnly","cuddle","content","cuddle-content","ConceptualMismatch:physical","PositiveMatch"
"1616","5c7cf8b58ca9000001b52f6e","control_MaxMatch_Positive_Physical","1","MaxMatch","repair","decorate","repair-decorate","ConceptualMatch:physical","PositiveMatch"
"1617","5c7cf8b58ca9000001b52f6e","test_ValenceMatch_Negative","0","ValenceMatchingOnly","slash","displease","slash-displease","ConceptualMismatch:physical","NegativeMatch"
"1618","5c7cf8b58ca9000001b52f6e","control_MaxMismatch","1","MaxMismatch","cherish","rust","cherish-rust","ConceptualMismatch:psychological","PositiveMismatch"
"1619","5c7cf8b58ca9000001b52f6e","test_ConceptualMatch_Physical","0","ConceptualMatchingOnly","sculpt","crash","sculpt-crash","ConceptualMatch:physical","PositiveMismatch"
"1620","5c7cf8b58ca9000001b52f6e","test_ConceptualMatch_Psychological","1","ConceptualMatchingOnly","reassure","offend","reassure-offend","ConceptualMatch:psychological","PositiveMismatch"
"1621","5c7cf8b58ca9000001b52f6e","control_MaxMatch_Positive_Psychological","0","MaxMatch","reassure","respect","reassure-respect","ConceptualMatch:psychological","PositiveMatch"
"1622","5c7cf8b58ca9000001b52f6e","control_MaxMatch_Negative_Physical","25","MaxMatch","crash","burn","crash-burn","ConceptualMatch:physical","NegativeMatch"
"1623","5c7cf8b58ca9000001b52f6e","control_Dissimilar","0","DissimilarControl","push","pull","push-pull","",""
"1624","5c7cf8b58ca9000001b52f6e","control_MaxMatch_Negative_Psychological","3","MaxMatch","embarrass","dismay","embarrass-dismay","ConceptualMatch:psychological","NegativeMatch"
"1625","5c7cf8b58ca9000001b52f6e","control_Similar","99","SimilarControl","begin","start","begin-start","",""
"1626","67ed8799d312ce968a00692b","control_Similar","99","SimilarControl","use","employ","use-employ","",""
"1627","67ed8799d312ce968a00692b","control_Dissimilar","0","DissimilarControl","arrive","leave","arrive-leave","",""
"1628","67ed8799d312ce968a00692b","test_ValenceMatch_Negative","0","ValenceMatchingOnly","burn","dread","burn-dread","ConceptualMismatch:physical","NegativeMatch"
"1629","67ed8799d312ce968a00692b","control_MaxMatch_Positive_Physical","0","MaxMatch","cuddle","clean","cuddle-clean","ConceptualMatch:physical","PositiveMatch"
"1630","67ed8799d312ce968a00692b","control_MaxMismatch","0","MaxMismatch","like","slash","like-slash","ConceptualMismatch:psychological","PositiveMismatch"
"1631","67ed8799d312ce968a00692b","control_MaxMatch_Positive_Psychological","99","MaxMatch","encourage","reassure","encourage-reassure","ConceptualMatch:psychological","PositiveMatch"
"1632","67ed8799d312ce968a00692b","test_ConceptualMatch_Physical","0","ConceptualMatchingOnly","produce","tear","produce-tear","ConceptualMatch:physical","PositiveMismatch"
"1633","67ed8799d312ce968a00692b","test_ConceptualMatch_Psychological","0","ConceptualMatchingOnly","cherish","irritate","cherish-irritate","ConceptualMatch:psychological","PositiveMismatch"
"1634","67ed8799d312ce968a00692b","control_MaxMatch_Negative_Physical","0","MaxMatch","tear","hit","tear-hit","ConceptualMatch:physical","NegativeMatch"
"1635","67ed8799d312ce968a00692b","control_Similar","99","SimilarControl","help","assist","help-assist","",""
"1636","67ed8799d312ce968a00692b","control_Dissimilar","0","DissimilarControl","increase","decrease","increase-decrease","",""
"1637","67ed8799d312ce968a00692b","test_ValenceMatch_Positive","81","ValenceMatchingOnly","cuddle","impress","cuddle-impress","ConceptualMismatch:physical","PositiveMatch"
"1638","67ed8799d312ce968a00692b","control_MaxMatch_Negative_Psychological","8","MaxMatch","offend","criticize","offend-criticize","ConceptualMatch:psychological","NegativeMatch"
"1639","67ed8799d312ce968a00692b","control_Similar","99","SimilarControl","need","require","need-require","",""
"1640","67ed8799d312ce968a00692b","control_Dissimilar","0","DissimilarControl","come","go","come-go","",""
"1641","67ed8799d312ce968a00692b","test_ValenceMatch_Negative","13","ValenceMatchingOnly","crash","dishonor","crash-dishonor","ConceptualMismatch:physical","NegativeMatch"
"1642","67ed8799d312ce968a00692b","control_MaxMatch_Positive_Physical","0","MaxMatch","sculpt","clean","sculpt-clean","ConceptualMatch:physical","PositiveMatch"
"1643","67ed8799d312ce968a00692b","control_MaxMismatch","0","MaxMismatch","respect","corrode","respect-corrode","ConceptualMismatch:psychological","PositiveMismatch"
"1644","67ed8799d312ce968a00692b","control_MaxMatch_Positive_Psychological","99","MaxMatch","admire","cherish","admire-cherish","ConceptualMatch:psychological","PositiveMatch"
"1645","67ed8799d312ce968a00692b","test_ConceptualMatch_Physical","0","ConceptualMatchingOnly","produce","rust","produce-rust","ConceptualMatch:physical","PositiveMismatch"
"1646","67ed8799d312ce968a00692b","test_ConceptualMatch_Psychological","0","ConceptualMatchingOnly","cherish","despair","cherish-despair","ConceptualMatch:psychological","PositiveMismatch"
"1647","67ed8799d312ce968a00692b","control_MaxMatch_Negative_Physical","0","MaxMatch","slash","burn","slash-burn","ConceptualMatch:physical","NegativeMatch"
"1648","67ed8799d312ce968a00692b","control_Similar","99","SimilarControl","ask","inquire","ask-inquire","",""
"1649","67ed8799d312ce968a00692b","control_Dissimilar","0","DissimilarControl","enter","exit","enter-exit","",""
"1650","67ed8799d312ce968a00692b","test_ValenceMatch_Positive","80","ValenceMatchingOnly","hug","cherish","hug-cherish","ConceptualMismatch:physical","PositiveMatch"
"1651","67ed8799d312ce968a00692b","control_MaxMatch_Negative_Psychological","15","MaxMatch","displease","criticize","displease-criticize","ConceptualMatch:psychological","NegativeMatch"
"1652","67ed8799d312ce968a00692b","control_Similar","99","SimilarControl","get","obtain","get-obtain","",""
"1653","67ed8799d312ce968a00692b","control_Dissimilar","0","DissimilarControl","begin","end","begin-end","",""
"1654","67ed8799d312ce968a00692b","test_ValenceMatch_Negative","0","ValenceMatchingOnly","burn","dismay","burn-dismay","ConceptualMismatch:physical","NegativeMatch"
"1655","67ed8799d312ce968a00692b","control_MaxMatch_Positive_Physical","0","MaxMatch","produce","twinkle","produce-twinkle","ConceptualMatch:physical","PositiveMatch"
"1656","67ed8799d312ce968a00692b","control_MaxMismatch","0","MaxMismatch","reassure","slaughter","reassure-slaughter","ConceptualMismatch:psychological","PositiveMismatch"
"1657","67ed8799d312ce968a00692b","control_MaxMatch_Positive_Psychological","0","MaxMatch","like","reassure","like-reassure","ConceptualMatch:psychological","PositiveMatch"
"1658","67ed8799d312ce968a00692b","test_ConceptualMatch_Physical","0","ConceptualMatchingOnly","hug","rust","hug-rust","ConceptualMatch:physical","PositiveMismatch"
"1659","67ed8799d312ce968a00692b","test_ConceptualMatch_Psychological","0","ConceptualMatchingOnly","respect","dismay","respect-dismay","ConceptualMatch:psychological","PositiveMismatch"
"1660","67ed8799d312ce968a00692b","control_MaxMatch_Negative_Physical","0","MaxMatch","slaughter","stain","slaughter-stain","ConceptualMatch:physical","NegativeMatch"
"1661","67ed8799d312ce968a00692b","control_Similar","99","SimilarControl","buy","purchase","buy-purchase","",""
"1662","67ed8799d312ce968a00692b","control_Dissimilar","0","DissimilarControl","push","pull","push-pull","",""
"1663","67ed8799d312ce968a00692b","test_ValenceMatch_Positive","0","ValenceMatchingOnly","decorate","encourage","decorate-encourage","ConceptualMismatch:physical","PositiveMatch"
"1664","67ed8799d312ce968a00692b","control_MaxMatch_Negative_Psychological","56","MaxMatch","displease","dismay","displease-dismay","ConceptualMatch:psychological","NegativeMatch"
"1665","67ed8799d312ce968a00692b","control_Similar","99","SimilarControl","speak","talk","speak-talk","",""
"1666","67ed8799d312ce968a00692b","control_Dissimilar","0","DissimilarControl","open","close","open-close","",""
"1667","67ed8799d312ce968a00692b","test_ValenceMatch_Negative","0","ValenceMatchingOnly","delete","dishonor","delete-dishonor","ConceptualMismatch:physical","NegativeMatch"
"1668","67ed8799d312ce968a00692b","control_MaxMatch_Positive_Physical","0","MaxMatch","cuddle","build","cuddle-build","ConceptualMatch:physical","PositiveMatch"
"1669","67ed8799d312ce968a00692b","control_MaxMismatch","0","MaxMismatch","appreciate","rust","appreciate-rust","ConceptualMismatch:psychological","PositiveMismatch"
"1670","67ed8799d312ce968a00692b","control_MaxMatch_Positive_Psychological","90","MaxMatch","impress","like","impress-like","ConceptualMatch:psychological","PositiveMatch"
"1671","67ed8799d312ce968a00692b","test_ConceptualMatch_Physical","0","ConceptualMatchingOnly","caress","delete","caress-delete","ConceptualMatch:physical","PositiveMismatch"
"1672","67ed8799d312ce968a00692b","test_ConceptualMatch_Psychological","0","ConceptualMatchingOnly","adore","dread","adore-dread","ConceptualMatch:psychological","PositiveMismatch"
"1673","67ed8799d312ce968a00692b","control_MaxMatch_Negative_Physical","0","MaxMatch","slash","crash","slash-crash","ConceptualMatch:physical","NegativeMatch"
"1674","67ed8799d312ce968a00692b","control_Similar","99","SimilarControl","end","finish","end-finish","",""
"1675","67ed8799d312ce968a00692b","control_Dissimilar","0","DissimilarControl","rise","fall","rise-fall","",""
"1676","67ed8799d312ce968a00692b","test_ValenceMatch_Positive","0","ValenceMatchingOnly","twinkle","appreciate","twinkle-appreciate","ConceptualMismatch:physical","PositiveMatch"
"1677","67ed8799d312ce968a00692b","control_MaxMatch_Negative_Psychological","99","MaxMatch","despair","dishonor","despair-dishonor","ConceptualMatch:psychological","NegativeMatch"
"1678","67ed8799d312ce968a00692b","control_Similar","99","SimilarControl","show","display","show-display","",""
"1679","67ed8799d312ce968a00692b","control_Dissimilar","0","DissimilarControl","add","remove","add-remove","",""
"1680","67ed8799d312ce968a00692b","test_ValenceMatch_Negative","0","ValenceMatchingOnly","slaughter","dismay","slaughter-dismay","ConceptualMismatch:physical","NegativeMatch"
"1681","67ed8799d312ce968a00692b","control_MaxMatch_Positive_Physical","0","MaxMatch","sculpt","twinkle","sculpt-twinkle","ConceptualMatch:physical","PositiveMatch"
"1682","67ed8799d312ce968a00692b","control_MaxMismatch","0","MaxMismatch","appreciate","crash","appreciate-crash","ConceptualMismatch:psychological","PositiveMismatch"
"1683","67ed8799d312ce968a00692b","control_MaxMatch_Positive_Psychological","72","MaxMatch","encourage","impress","encourage-impress","ConceptualMatch:psychological","PositiveMatch"
"1684","67ed8799d312ce968a00692b","test_ConceptualMatch_Physical","0","ConceptualMatchingOnly","repair","burn","repair-burn","ConceptualMatch:physical","PositiveMismatch"
"1685","67ed8799d312ce968a00692b","test_ConceptualMatch_Psychological","0","ConceptualMatchingOnly","admire","despair","admire-despair","ConceptualMatch:psychological","PositiveMismatch"
"1686","67ed8799d312ce968a00692b","control_MaxMatch_Negative_Physical","0","MaxMatch","hit","corrode","hit-corrode","ConceptualMatch:physical","NegativeMatch"
"1687","67ed8799d312ce968a00692b","control_Similar","99","SimilarControl","begin","start","begin-start","",""
"1688","67ed8799d312ce968a00692b","control_Dissimilar","0","DissimilarControl","give","take","give-take","",""
"1689","67ed8799d312ce968a00692b","test_ValenceMatch_Positive","0","ValenceMatchingOnly","sculpt","encourage","sculpt-encourage","ConceptualMismatch:physical","PositiveMatch"
"1690","67ed8799d312ce968a00692b","control_MaxMatch_Negative_Psychological","90","MaxMatch","irritate","discourage","irritate-discourage","ConceptualMatch:psychological","NegativeMatch"
"1691","680c0636408121caf12fe0d1","control_Dissimilar","0","DissimilarControl","rise","fall","rise-fall","",""
"1692","680c0636408121caf12fe0d1","control_Similar","0","SimilarControl","use","employ","use-employ","",""
"1693","680c0636408121caf12fe0d1","test_ValenceMatch_Positive","99","ValenceMatchingOnly","caress","reassure","caress-reassure","ConceptualMismatch:physical","PositiveMatch"
"1694","680c0636408121caf12fe0d1","test_ValenceMatch_Negative","1","ValenceMatchingOnly","hit","discourage","hit-discourage","ConceptualMismatch:physical","NegativeMatch"
"1695","680c0636408121caf12fe0d1","test_ConceptualMatch_Psychological","0","ConceptualMatchingOnly","adore","offend","adore-offend","ConceptualMatch:psychological","PositiveMismatch"
"1696","680c0636408121caf12fe0d1","control_MaxMatch_Negative_Physical","99","MaxMatch","tear","burn","tear-burn","ConceptualMatch:physical","NegativeMatch"
"1697","680c0636408121caf12fe0d1","test_ConceptualMatch_Physical","0","ConceptualMatchingOnly","build","hit","build-hit","ConceptualMatch:physical","PositiveMismatch"
"1698","680c0636408121caf12fe0d1","control_Dissimilar","0","DissimilarControl","give","take","give-take","",""
"1699","680c0636408121caf12fe0d1","control_MaxMismatch","0","MaxMismatch","reassure","slaughter","reassure-slaughter","ConceptualMismatch:psychological","PositiveMismatch"
"1700","680c0636408121caf12fe0d1","control_Similar","99","SimilarControl","buy","purchase","buy-purchase","",""
"1701","680c0636408121caf12fe0d1","control_MaxMatch_Positive_Physical","46","MaxMatch","repair","hug","repair-hug","ConceptualMatch:physical","PositiveMatch"
"1702","680c0636408121caf12fe0d1","control_MaxMatch_Positive_Psychological","99","MaxMatch","like","adore","like-adore","ConceptualMatch:psychological","PositiveMatch"
"1703","680c0636408121caf12fe0d1","control_MaxMatch_Negative_Psychological","0","MaxMatch","displease","dread","displease-dread","ConceptualMatch:psychological","NegativeMatch"
"1704","680c0636408121caf12fe0d1","control_Dissimilar","0","DissimilarControl","open","close","open-close","",""
"1705","680c0636408121caf12fe0d1","control_Similar","99","SimilarControl","end","finish","end-finish","",""
"1706","680c0636408121caf12fe0d1","test_ValenceMatch_Positive","89","ValenceMatchingOnly","cuddle","cherish","cuddle-cherish","ConceptualMismatch:physical","PositiveMatch"
"1707","680c0636408121caf12fe0d1","test_ValenceMatch_Negative","0","ValenceMatchingOnly","delete","dishonor","delete-dishonor","ConceptualMismatch:physical","NegativeMatch"
"1708","680c0636408121caf12fe0d1","test_ConceptualMatch_Psychological","0","ConceptualMatchingOnly","reassure","displease","reassure-displease","ConceptualMatch:psychological","PositiveMismatch"
"1709","680c0636408121caf12fe0d1","control_MaxMatch_Negative_Physical","2","MaxMatch","slaughter","corrode","slaughter-corrode","ConceptualMatch:physical","NegativeMatch"
"1710","680c0636408121caf12fe0d1","test_ConceptualMatch_Physical","0","ConceptualMatchingOnly","cuddle","burn","cuddle-burn","ConceptualMatch:physical","PositiveMismatch"
"1711","680c0636408121caf12fe0d1","control_Dissimilar","0","DissimilarControl","come","go","come-go","",""
"1712","680c0636408121caf12fe0d1","control_MaxMismatch","0","MaxMismatch","like","corrode","like-corrode","ConceptualMismatch:psychological","PositiveMismatch"
"1713","680c0636408121caf12fe0d1","control_Similar","99","SimilarControl","get","obtain","get-obtain","",""
"1714","680c0636408121caf12fe0d1","control_MaxMatch_Positive_Physical","0","MaxMatch","produce","sculpt","produce-sculpt","ConceptualMatch:physical","PositiveMatch"
"1715","680c0636408121caf12fe0d1","control_MaxMatch_Positive_Psychological","96","MaxMatch","content","cherish","content-cherish","ConceptualMatch:psychological","PositiveMatch"
"1716","680c0636408121caf12fe0d1","control_MaxMatch_Negative_Psychological","99","MaxMatch","dishonor","embarrass","dishonor-embarrass","ConceptualMatch:psychological","NegativeMatch"
"1717","680c0636408121caf12fe0d1","control_Dissimilar","0","DissimilarControl","increase","decrease","increase-decrease","",""
"1718","680c0636408121caf12fe0d1","control_Similar","97","SimilarControl","ask","inquire","ask-inquire","",""
"1719","680c0636408121caf12fe0d1","test_ValenceMatch_Positive","41","ValenceMatchingOnly","repair","content","repair-content","ConceptualMismatch:physical","PositiveMatch"
"1720","680c0636408121caf12fe0d1","test_ValenceMatch_Negative","0","ValenceMatchingOnly","delete","irritate","delete-irritate","ConceptualMismatch:physical","NegativeMatch"
"1721","680c0636408121caf12fe0d1","test_ConceptualMatch_Psychological","0","ConceptualMatchingOnly","respect","embarrass","respect-embarrass","ConceptualMatch:psychological","PositiveMismatch"
"1722","680c0636408121caf12fe0d1","control_MaxMatch_Negative_Physical","99","MaxMatch","crash","hit","crash-hit","ConceptualMatch:physical","NegativeMatch"
"1723","680c0636408121caf12fe0d1","test_ConceptualMatch_Physical","0","ConceptualMatchingOnly","hug","hit","hug-hit","ConceptualMatch:physical","PositiveMismatch"
"1724","680c0636408121caf12fe0d1","control_Dissimilar","95","DissimilarControl","push","pull","push-pull","",""
"1725","680c0636408121caf12fe0d1","control_MaxMismatch","1","MaxMismatch","adore","slaughter","adore-slaughter","ConceptualMismatch:psychological","PositiveMismatch"
"1726","680c0636408121caf12fe0d1","control_Similar","99","SimilarControl","help","assist","help-assist","",""
"1727","680c0636408121caf12fe0d1","control_MaxMatch_Positive_Physical","59","MaxMatch","build","clean","build-clean","ConceptualMatch:physical","PositiveMatch"
"1728","680c0636408121caf12fe0d1","control_MaxMatch_Positive_Psychological","98","MaxMatch","like","cherish","like-cherish","ConceptualMatch:psychological","PositiveMatch"
"1729","680c0636408121caf12fe0d1","control_MaxMatch_Negative_Psychological","97","MaxMatch","dishonor","criticize","dishonor-criticize","ConceptualMatch:psychological","NegativeMatch"
"1730","680c0636408121caf12fe0d1","control_Dissimilar","0","DissimilarControl","enter","exit","enter-exit","",""
"1731","680c0636408121caf12fe0d1","control_Similar","99","SimilarControl","begin","start","begin-start","",""
"1732","680c0636408121caf12fe0d1","test_ValenceMatch_Positive","2","ValenceMatchingOnly","produce","impress","produce-impress","ConceptualMismatch:physical","PositiveMatch"
"1733","680c0636408121caf12fe0d1","test_ValenceMatch_Negative","97","ValenceMatchingOnly","corrode","dismay","corrode-dismay","ConceptualMismatch:physical","NegativeMatch"
"1734","680c0636408121caf12fe0d1","test_ConceptualMatch_Psychological","2","ConceptualMatchingOnly","appreciate","offend","appreciate-offend","ConceptualMatch:psychological","PositiveMismatch"
"1735","680c0636408121caf12fe0d1","control_MaxMatch_Negative_Physical","99","MaxMatch","slash","corrode","slash-corrode","ConceptualMatch:physical","NegativeMatch"
"1736","680c0636408121caf12fe0d1","test_ConceptualMatch_Physical","0","ConceptualMatchingOnly","caress","stain","caress-stain","ConceptualMatch:physical","PositiveMismatch"
"1737","680c0636408121caf12fe0d1","control_Dissimilar","0","DissimilarControl","add","remove","add-remove","",""
"1738","680c0636408121caf12fe0d1","control_MaxMismatch","0","MaxMismatch","admire","slash","admire-slash","ConceptualMismatch:psychological","PositiveMismatch"
"1739","680c0636408121caf12fe0d1","control_Similar","99","SimilarControl","show","display","show-display","",""
"1740","680c0636408121caf12fe0d1","control_MaxMatch_Positive_Physical","99","MaxMatch","sculpt","twinkle","sculpt-twinkle","ConceptualMatch:physical","PositiveMatch"
"1741","680c0636408121caf12fe0d1","control_MaxMatch_Positive_Psychological","0","MaxMatch","encourage","like","encourage-like","ConceptualMatch:psychological","PositiveMatch"
"1742","680c0636408121caf12fe0d1","control_MaxMatch_Negative_Psychological","0","MaxMatch","despair","embarrass","despair-embarrass","ConceptualMatch:psychological","NegativeMatch"
"1743","680c0636408121caf12fe0d1","control_Dissimilar","0","DissimilarControl","arrive","leave","arrive-leave","",""
"1744","680c0636408121caf12fe0d1","control_Similar","99","SimilarControl","need","require","need-require","",""
"1745","680c0636408121caf12fe0d1","test_ValenceMatch_Positive","0","ValenceMatchingOnly","twinkle","respect","twinkle-respect","ConceptualMismatch:physical","PositiveMatch"
"1746","680c0636408121caf12fe0d1","test_ValenceMatch_Negative","99","ValenceMatchingOnly","slash","criticize","slash-criticize","ConceptualMismatch:physical","NegativeMatch"
"1747","680c0636408121caf12fe0d1","test_ConceptualMatch_Psychological","0","ConceptualMatchingOnly","appreciate","irritate","appreciate-irritate","ConceptualMatch:psychological","PositiveMismatch"
"1748","680c0636408121caf12fe0d1","control_MaxMatch_Negative_Physical","99","MaxMatch","slash","hit","slash-hit","ConceptualMatch:physical","NegativeMatch"
"1749","680c0636408121caf12fe0d1","test_ConceptualMatch_Physical","99","ConceptualMatchingOnly","sculpt","stain","sculpt-stain","ConceptualMatch:physical","PositiveMismatch"
"1750","680c0636408121caf12fe0d1","control_Dissimilar","0","DissimilarControl","begin","end","begin-end","",""
"1751","680c0636408121caf12fe0d1","control_MaxMismatch","1","MaxMismatch","content","delete","content-delete","ConceptualMismatch:psychological","PositiveMismatch"
"1752","680c0636408121caf12fe0d1","control_Similar","98","SimilarControl","speak","talk","speak-talk","",""
"1753","680c0636408121caf12fe0d1","control_MaxMatch_Positive_Physical","97","MaxMatch","build","decorate","build-decorate","ConceptualMatch:physical","PositiveMatch"
"1754","680c0636408121caf12fe0d1","control_MaxMatch_Positive_Psychological","99","MaxMatch","reassure","cherish","reassure-cherish","ConceptualMatch:psychological","PositiveMatch"
"1755","680c0636408121caf12fe0d1","control_MaxMatch_Negative_Psychological","96","MaxMatch","dismay","criticize","dismay-criticize","ConceptualMatch:psychological","NegativeMatch"
"1756","6054e5f7c1931593649b158f","control_Dissimilar","8","DissimilarControl","give","take","give-take","",""
"1757","6054e5f7c1931593649b158f","control_Similar","99","SimilarControl","help","assist","help-assist","",""
"1758","6054e5f7c1931593649b158f","test_ValenceMatch_Positive","69","ValenceMatchingOnly","clean","cherish","clean-cherish","ConceptualMismatch:physical","PositiveMatch"
"1759","6054e5f7c1931593649b158f","control_MaxMatch_Positive_Psychological","80","MaxMatch","adore","cherish","adore-cherish","ConceptualMatch:psychological","PositiveMatch"
"1760","6054e5f7c1931593649b158f","test_ConceptualMatch_Physical","2","ConceptualMatchingOnly","hug","crash","hug-crash","ConceptualMatch:physical","PositiveMismatch"
"1761","6054e5f7c1931593649b158f","control_Dissimilar","0","DissimilarControl","add","remove","add-remove","",""
"1762","6054e5f7c1931593649b158f","control_MaxMismatch","0","MaxMismatch","adore","slaughter","adore-slaughter","ConceptualMismatch:psychological","PositiveMismatch"
"1763","6054e5f7c1931593649b158f","control_MaxMatch_Negative_Physical","38","MaxMatch","burn","stain","burn-stain","ConceptualMatch:physical","NegativeMatch"
"1764","6054e5f7c1931593649b158f","test_ConceptualMatch_Psychological","0","ConceptualMatchingOnly","reassure","despair","reassure-despair","ConceptualMatch:psychological","PositiveMismatch"
"1765","6054e5f7c1931593649b158f","control_MaxMatch_Positive_Physical","90","MaxMatch","build","sculpt","build-sculpt","ConceptualMatch:physical","PositiveMatch"
"1766","6054e5f7c1931593649b158f","control_MaxMatch_Negative_Psychological","34","MaxMatch","despair","displease","despair-displease","ConceptualMatch:psychological","NegativeMatch"
"1767","6054e5f7c1931593649b158f","control_Similar","99","SimilarControl","get","obtain","get-obtain","",""
"1768","6054e5f7c1931593649b158f","test_ValenceMatch_Negative","10","ValenceMatchingOnly","slaughter","irritate","slaughter-irritate","ConceptualMismatch:physical","NegativeMatch"
"1769","6054e5f7c1931593649b158f","control_Dissimilar","0","DissimilarControl","push","pull","push-pull","",""
"1770","6054e5f7c1931593649b158f","control_Similar","99","SimilarControl","buy","purchase","buy-purchase","",""
"1771","6054e5f7c1931593649b158f","test_ValenceMatch_Positive","25","ValenceMatchingOnly","cuddle","content","cuddle-content","ConceptualMismatch:physical","PositiveMatch"
"1772","6054e5f7c1931593649b158f","control_MaxMatch_Positive_Psychological","83","MaxMatch","like","respect","like-respect","ConceptualMatch:psychological","PositiveMatch"
"1773","6054e5f7c1931593649b158f","test_ConceptualMatch_Physical","0","ConceptualMatchingOnly","hug","delete","hug-delete","ConceptualMatch:physical","PositiveMismatch"
"1774","6054e5f7c1931593649b158f","control_Dissimilar","0","DissimilarControl","begin","end","begin-end","",""
"1775","6054e5f7c1931593649b158f","control_MaxMismatch","0","MaxMismatch","admire","delete","admire-delete","ConceptualMismatch:psychological","PositiveMismatch"
"1776","6054e5f7c1931593649b158f","control_MaxMatch_Negative_Physical","33","MaxMatch","tear","burn","tear-burn","ConceptualMatch:physical","NegativeMatch"
"1777","6054e5f7c1931593649b158f","test_ConceptualMatch_Psychological","0","ConceptualMatchingOnly","impress","discourage","impress-discourage","ConceptualMatch:psychological","PositiveMismatch"
"1778","6054e5f7c1931593649b158f","control_MaxMatch_Positive_Physical","90","MaxMatch","cuddle","hug","cuddle-hug","ConceptualMatch:physical","PositiveMatch"
"1779","6054e5f7c1931593649b158f","control_MaxMatch_Negative_Psychological","9","MaxMatch","dismay","criticize","dismay-criticize","ConceptualMatch:psychological","NegativeMatch"
"1780","6054e5f7c1931593649b158f","control_Similar","95","SimilarControl","ask","inquire","ask-inquire","",""
"1781","6054e5f7c1931593649b158f","test_ValenceMatch_Negative","9","ValenceMatchingOnly","corrode","dishonor","corrode-dishonor","ConceptualMismatch:physical","NegativeMatch"
"1782","6054e5f7c1931593649b158f","control_Dissimilar","7","DissimilarControl","come","go","come-go","",""
"1783","6054e5f7c1931593649b158f","control_Similar","99","SimilarControl","begin","start","begin-start","",""
"1784","6054e5f7c1931593649b158f","test_ValenceMatch_Positive","7","ValenceMatchingOnly","twinkle","cherish","twinkle-cherish","ConceptualMismatch:physical","PositiveMatch"
"1785","6054e5f7c1931593649b158f","control_MaxMatch_Positive_Psychological","69","MaxMatch","admire","cherish","admire-cherish","ConceptualMatch:psychological","PositiveMatch"
"1786","6054e5f7c1931593649b158f","test_ConceptualMatch_Physical","0","ConceptualMatchingOnly","twinkle","slash","twinkle-slash","ConceptualMatch:physical","PositiveMismatch"
"1787","6054e5f7c1931593649b158f","control_Dissimilar","0","DissimilarControl","enter","exit","enter-exit","",""
"1788","6054e5f7c1931593649b158f","control_MaxMismatch","0","MaxMismatch","cherish","corrode","cherish-corrode","ConceptualMismatch:psychological","PositiveMismatch"
"1789","6054e5f7c1931593649b158f","control_MaxMatch_Negative_Physical","79","MaxMatch","slash","hit","slash-hit","ConceptualMatch:physical","NegativeMatch"
"1790","6054e5f7c1931593649b158f","test_ConceptualMatch_Psychological","10","ConceptualMatchingOnly","impress","offend","impress-offend","ConceptualMatch:psychological","PositiveMismatch"
"1791","6054e5f7c1931593649b158f","control_MaxMatch_Positive_Physical","3","MaxMatch","sculpt","twinkle","sculpt-twinkle","ConceptualMatch:physical","PositiveMatch"
"1792","6054e5f7c1931593649b158f","control_MaxMatch_Negative_Psychological","19","MaxMatch","dishonor","dismay","dishonor-dismay","ConceptualMatch:psychological","NegativeMatch"
"1793","6054e5f7c1931593649b158f","control_Similar","61","SimilarControl","use","employ","use-employ","",""
"1794","6054e5f7c1931593649b158f","test_ValenceMatch_Negative","15","ValenceMatchingOnly","tear","despair","tear-despair","ConceptualMismatch:physical","NegativeMatch"
"1795","6054e5f7c1931593649b158f","control_Dissimilar","0","DissimilarControl","rise","fall","rise-fall","",""
"1796","6054e5f7c1931593649b158f","control_Similar","99","SimilarControl","speak","talk","speak-talk","",""
"1797","6054e5f7c1931593649b158f","test_ValenceMatch_Positive","10","ValenceMatchingOnly","repair","like","repair-like","ConceptualMismatch:physical","PositiveMatch"
"1798","6054e5f7c1931593649b158f","control_MaxMatch_Positive_Psychological","95","MaxMatch","appreciate","respect","appreciate-respect","ConceptualMatch:psychological","PositiveMatch"
"1799","6054e5f7c1931593649b158f","test_ConceptualMatch_Physical","0","ConceptualMatchingOnly","build","slash","build-slash","ConceptualMatch:physical","PositiveMismatch"
"1800","6054e5f7c1931593649b158f","control_Dissimilar","0","DissimilarControl","arrive","leave","arrive-leave","",""
"1801","6054e5f7c1931593649b158f","control_MaxMismatch","0","MaxMismatch","respect","corrode","respect-corrode","ConceptualMismatch:psychological","PositiveMismatch"
"1802","6054e5f7c1931593649b158f","control_MaxMatch_Negative_Physical","99","MaxMatch","rust","corrode","rust-corrode","ConceptualMatch:physical","NegativeMatch"
"1803","6054e5f7c1931593649b158f","test_ConceptualMatch_Psychological","0","ConceptualMatchingOnly","content","despair","content-despair","ConceptualMatch:psychological","PositiveMismatch"
"1804","6054e5f7c1931593649b158f","control_MaxMatch_Positive_Physical","23","MaxMatch","build","clean","build-clean","ConceptualMatch:physical","PositiveMatch"
"1805","6054e5f7c1931593649b158f","control_MaxMatch_Negative_Psychological","61","MaxMatch","offend","embarrass","offend-embarrass","ConceptualMatch:psychological","NegativeMatch"
"1806","6054e5f7c1931593649b158f","control_Similar","97","SimilarControl","show","display","show-display","",""
"1807","6054e5f7c1931593649b158f","test_ValenceMatch_Negative","19","ValenceMatchingOnly","slaughter","dishonor","slaughter-dishonor","ConceptualMismatch:physical","NegativeMatch"
"1808","6054e5f7c1931593649b158f","control_Dissimilar","0","DissimilarControl","open","close","open-close","",""
"1809","6054e5f7c1931593649b158f","control_Similar","97","SimilarControl","need","require","need-require","",""
"1810","6054e5f7c1931593649b158f","test_ValenceMatch_Positive","4","ValenceMatchingOnly","produce","admire","produce-admire","ConceptualMismatch:physical","PositiveMatch"
"1811","6054e5f7c1931593649b158f","control_MaxMatch_Positive_Psychological","74","MaxMatch","content","appreciate","content-appreciate","ConceptualMatch:psychological","PositiveMatch"
"1812","6054e5f7c1931593649b158f","test_ConceptualMatch_Physical","0","ConceptualMatchingOnly","clean","crash","clean-crash","ConceptualMatch:physical","PositiveMismatch"
"1813","6054e5f7c1931593649b158f","control_Dissimilar","0","DissimilarControl","increase","decrease","increase-decrease","",""
"1814","6054e5f7c1931593649b158f","control_MaxMismatch","0","MaxMismatch","appreciate","slaughter","appreciate-slaughter","ConceptualMismatch:psychological","PositiveMismatch"
"1815","6054e5f7c1931593649b158f","control_MaxMatch_Negative_Physical","22","MaxMatch","burn","corrode","burn-corrode","ConceptualMatch:physical","NegativeMatch"
"1816","6054e5f7c1931593649b158f","test_ConceptualMatch_Psychological","0","ConceptualMatchingOnly","encourage","dread","encourage-dread","ConceptualMatch:psychological","PositiveMismatch"
"1817","6054e5f7c1931593649b158f","control_MaxMatch_Positive_Physical","11","MaxMatch","hug","twinkle","hug-twinkle","ConceptualMatch:physical","PositiveMatch"
"1818","6054e5f7c1931593649b158f","control_MaxMatch_Negative_Psychological","15","MaxMatch","criticize","dread","criticize-dread","ConceptualMatch:psychological","NegativeMatch"
"1819","6054e5f7c1931593649b158f","control_Similar","99","SimilarControl","end","finish","end-finish","",""
"1820","6054e5f7c1931593649b158f","test_ValenceMatch_Negative","31","ValenceMatchingOnly","burn","irritate","burn-irritate","ConceptualMismatch:physical","NegativeMatch"
"1821","67d5d7068c0132f8de37783d","control_Similar","99","SimilarControl","get","obtain","get-obtain","",""
"1822","67d5d7068c0132f8de37783d","control_Dissimilar","0","DissimilarControl","enter","exit","enter-exit","",""
"1823","67d5d7068c0132f8de37783d","control_MaxMatch_Positive_Psychological","0","MaxMatch","content","adore","content-adore","ConceptualMatch:psychological","PositiveMatch"
"1824","67d5d7068c0132f8de37783d","control_Similar","99","SimilarControl","speak","talk","speak-talk","",""
"1825","67d5d7068c0132f8de37783d","test_ConceptualMatch_Physical","0","ConceptualMatchingOnly","cuddle","slaughter","cuddle-slaughter","ConceptualMatch:physical","PositiveMismatch"
"1826","67d5d7068c0132f8de37783d","test_ValenceMatch_Negative","0","ValenceMatchingOnly","crash","dishonor","crash-dishonor","ConceptualMismatch:physical","NegativeMatch"
"1827","67d5d7068c0132f8de37783d","test_ConceptualMatch_Psychological","0","ConceptualMatchingOnly","impress","discourage","impress-discourage","ConceptualMatch:psychological","PositiveMismatch"
"1828","67d5d7068c0132f8de37783d","control_MaxMismatch","0","MaxMismatch","adore","burn","adore-burn","ConceptualMismatch:psychological","PositiveMismatch"
"1829","67d5d7068c0132f8de37783d","control_MaxMatch_Positive_Physical","0","MaxMatch","repair","caress","repair-caress","ConceptualMatch:physical","PositiveMatch"
"1830","67d5d7068c0132f8de37783d","control_MaxMatch_Negative_Physical","0","MaxMatch","slaughter","corrode","slaughter-corrode","ConceptualMatch:physical","NegativeMatch"
"1831","67d5d7068c0132f8de37783d","control_Dissimilar","0","DissimilarControl","give","take","give-take","",""
"1832","67d5d7068c0132f8de37783d","control_MaxMatch_Negative_Psychological","0","MaxMatch","irritate","criticize","irritate-criticize","ConceptualMatch:psychological","NegativeMatch"
"1833","67d5d7068c0132f8de37783d","test_ValenceMatch_Positive","0","ValenceMatchingOnly","build","admire","build-admire","ConceptualMismatch:physical","PositiveMatch"
"1834","67d5d7068c0132f8de37783d","control_Similar","99","SimilarControl","need","require","need-require","",""
"1835","67d5d7068c0132f8de37783d","control_Dissimilar","0","DissimilarControl","begin","end","begin-end","",""
"1836","67d5d7068c0132f8de37783d","control_MaxMatch_Positive_Psychological","0","MaxMatch","impress","reassure","impress-reassure","ConceptualMatch:psychological","PositiveMatch"
"1837","67d5d7068c0132f8de37783d","control_Similar","99","SimilarControl","ask","inquire","ask-inquire","",""
"1838","67d5d7068c0132f8de37783d","test_ConceptualMatch_Physical","0","ConceptualMatchingOnly","repair","burn","repair-burn","ConceptualMatch:physical","PositiveMismatch"
"1839","67d5d7068c0132f8de37783d","test_ValenceMatch_Negative","0","ValenceMatchingOnly","slaughter","displease","slaughter-displease","ConceptualMismatch:physical","NegativeMatch"
"1840","67d5d7068c0132f8de37783d","test_ConceptualMatch_Psychological","0","ConceptualMatchingOnly","admire","displease","admire-displease","ConceptualMatch:psychological","PositiveMismatch"
"1841","67d5d7068c0132f8de37783d","control_MaxMismatch","0","MaxMismatch","impress","slaughter","impress-slaughter","ConceptualMismatch:psychological","PositiveMismatch"
"1842","67d5d7068c0132f8de37783d","control_MaxMatch_Positive_Physical","0","MaxMatch","cuddle","repair","cuddle-repair","ConceptualMatch:physical","PositiveMatch"
"1843","67d5d7068c0132f8de37783d","control_MaxMatch_Negative_Physical","0","MaxMatch","tear","corrode","tear-corrode","ConceptualMatch:physical","NegativeMatch"
"1844","67d5d7068c0132f8de37783d","control_Dissimilar","0","DissimilarControl","come","go","come-go","",""
"1845","67d5d7068c0132f8de37783d","control_MaxMatch_Negative_Psychological","99","MaxMatch","dishonor","embarrass","dishonor-embarrass","ConceptualMatch:psychological","NegativeMatch"
"1846","67d5d7068c0132f8de37783d","test_ValenceMatch_Positive","0","ValenceMatchingOnly","hug","admire","hug-admire","ConceptualMismatch:physical","PositiveMatch"
"1847","67d5d7068c0132f8de37783d","control_Similar","99","SimilarControl","begin","start","begin-start","",""
"1848","67d5d7068c0132f8de37783d","control_Dissimilar","0","DissimilarControl","add","remove","add-remove","",""
"1849","67d5d7068c0132f8de37783d","control_MaxMatch_Positive_Psychological","0","MaxMatch","appreciate","reassure","appreciate-reassure","ConceptualMatch:psychological","PositiveMatch"
"1850","67d5d7068c0132f8de37783d","control_Similar","99","SimilarControl","show","display","show-display","",""
"1851","67d5d7068c0132f8de37783d","test_ConceptualMatch_Physical","0","ConceptualMatchingOnly","twinkle","rust","twinkle-rust","ConceptualMatch:physical","PositiveMismatch"
"1852","67d5d7068c0132f8de37783d","test_ValenceMatch_Negative","0","ValenceMatchingOnly","tear","discourage","tear-discourage","ConceptualMismatch:physical","NegativeMatch"
"1853","67d5d7068c0132f8de37783d","test_ConceptualMatch_Psychological","0","ConceptualMatchingOnly","appreciate","dread","appreciate-dread","ConceptualMatch:psychological","PositiveMismatch"
"1854","67d5d7068c0132f8de37783d","control_MaxMismatch","0","MaxMismatch","reassure","hit","reassure-hit","ConceptualMismatch:psychological","PositiveMismatch"
"1855","67d5d7068c0132f8de37783d","control_MaxMatch_Positive_Physical","0","MaxMatch","build","clean","build-clean","ConceptualMatch:physical","PositiveMatch"
"1856","67d5d7068c0132f8de37783d","control_MaxMatch_Negative_Physical","0","MaxMatch","slaughter","stain","slaughter-stain","ConceptualMatch:physical","NegativeMatch"
"1857","67d5d7068c0132f8de37783d","control_Dissimilar","0","DissimilarControl","arrive","leave","arrive-leave","",""
"1858","67d5d7068c0132f8de37783d","control_MaxMatch_Negative_Psychological","0","MaxMatch","dishonor","discourage","dishonor-discourage","ConceptualMatch:psychological","NegativeMatch"
"1859","67d5d7068c0132f8de37783d","test_ValenceMatch_Positive","0","ValenceMatchingOnly","repair","impress","repair-impress","ConceptualMismatch:physical","PositiveMatch"
"1860","67d5d7068c0132f8de37783d","control_Similar","99","SimilarControl","end","finish","end-finish","",""
"1861","67d5d7068c0132f8de37783d","control_Dissimilar","0","DissimilarControl","increase","decrease","increase-decrease","",""
"1862","67d5d7068c0132f8de37783d","control_MaxMatch_Positive_Psychological","83","MaxMatch","impress","admire","impress-admire","ConceptualMatch:psychological","PositiveMatch"
"1863","67d5d7068c0132f8de37783d","control_Similar","99","SimilarControl","help","assist","help-assist","",""
"1864","67d5d7068c0132f8de37783d","test_ConceptualMatch_Physical","0","ConceptualMatchingOnly","produce","burn","produce-burn","ConceptualMatch:physical","PositiveMismatch"
"1865","67d5d7068c0132f8de37783d","test_ValenceMatch_Negative","0","ValenceMatchingOnly","stain","discourage","stain-discourage","ConceptualMismatch:physical","NegativeMatch"
"1866","67d5d7068c0132f8de37783d","test_ConceptualMatch_Psychological","0","ConceptualMatchingOnly","appreciate","dishonor","appreciate-dishonor","ConceptualMatch:psychological","PositiveMismatch"
"1867","67d5d7068c0132f8de37783d","control_MaxMismatch","0","MaxMismatch","like","hit","like-hit","ConceptualMismatch:psychological","PositiveMismatch"
"1868","67d5d7068c0132f8de37783d","control_MaxMatch_Positive_Physical","0","MaxMatch","produce","clean","produce-clean","ConceptualMatch:physical","PositiveMatch"
"1869","67d5d7068c0132f8de37783d","control_MaxMatch_Negative_Physical","18","MaxMatch","slash","delete","slash-delete","ConceptualMatch:physical","NegativeMatch"
"1870","67d5d7068c0132f8de37783d","control_Dissimilar","0","DissimilarControl","open","close","open-close","",""
"1871","67d5d7068c0132f8de37783d","control_MaxMatch_Negative_Psychological","0","MaxMatch","dismay","dread","dismay-dread","ConceptualMatch:psychological","NegativeMatch"
"1872","67d5d7068c0132f8de37783d","test_ValenceMatch_Positive","0","ValenceMatchingOnly","sculpt","content","sculpt-content","ConceptualMismatch:physical","PositiveMatch"
"1873","67d5d7068c0132f8de37783d","control_Similar","99","SimilarControl","use","employ","use-employ","",""
"1874","67d5d7068c0132f8de37783d","control_Dissimilar","0","DissimilarControl","rise","fall","rise-fall","",""
"1875","67d5d7068c0132f8de37783d","control_MaxMatch_Positive_Psychological","0","MaxMatch","encourage","like","encourage-like","ConceptualMatch:psychological","PositiveMatch"
"1876","67d5d7068c0132f8de37783d","control_Similar","99","SimilarControl","buy","purchase","buy-purchase","",""
"1877","67d5d7068c0132f8de37783d","test_ConceptualMatch_Physical","0","ConceptualMatchingOnly","build","crash","build-crash","ConceptualMatch:physical","PositiveMismatch"
"1878","67d5d7068c0132f8de37783d","test_ValenceMatch_Negative","0","ValenceMatchingOnly","crash","irritate","crash-irritate","ConceptualMismatch:physical","NegativeMatch"
"1879","67d5d7068c0132f8de37783d","test_ConceptualMatch_Psychological","0","ConceptualMatchingOnly","reassure","criticize","reassure-criticize","ConceptualMatch:psychological","PositiveMismatch"
"1880","67d5d7068c0132f8de37783d","control_MaxMismatch","0","MaxMismatch","respect","corrode","respect-corrode","ConceptualMismatch:psychological","PositiveMismatch"
"1881","67d5d7068c0132f8de37783d","control_MaxMatch_Positive_Physical","0","MaxMatch","build","hug","build-hug","ConceptualMatch:physical","PositiveMatch"
"1882","67d5d7068c0132f8de37783d","control_MaxMatch_Negative_Physical","0","MaxMatch","burn","delete","burn-delete","ConceptualMatch:physical","NegativeMatch"
"1883","67d5d7068c0132f8de37783d","control_Dissimilar","0","DissimilarControl","push","pull","push-pull","",""
"1884","67d5d7068c0132f8de37783d","control_MaxMatch_Negative_Psychological","0","MaxMatch","dishonor","dread","dishonor-dread","ConceptualMatch:psychological","NegativeMatch"
"1885","67d5d7068c0132f8de37783d","test_ValenceMatch_Positive","86","ValenceMatchingOnly","cuddle","cherish","cuddle-cherish","ConceptualMismatch:physical","PositiveMatch"
"1886","65639bc09216e3f40fcd1d4b","control_Dissimilar","54","DissimilarControl","come","go","come-go","",""
"1887","65639bc09216e3f40fcd1d4b","control_Similar","99","SimilarControl","help","assist","help-assist","",""
"1888","65639bc09216e3f40fcd1d4b","control_MaxMatch_Positive_Psychological","99","MaxMatch","content","cherish","content-cherish","ConceptualMatch:psychological","PositiveMatch"
"1889","65639bc09216e3f40fcd1d4b","test_ValenceMatch_Negative","53","ValenceMatchingOnly","burn","dread","burn-dread","ConceptualMismatch:physical","NegativeMatch"
"1890","65639bc09216e3f40fcd1d4b","control_MaxMatch_Positive_Physical","99","MaxMatch","cuddle","hug","cuddle-hug","ConceptualMatch:physical","PositiveMatch"
"1891","65639bc09216e3f40fcd1d4b","test_ConceptualMatch_Physical","0","ConceptualMatchingOnly","caress","slaughter","caress-slaughter","ConceptualMatch:physical","PositiveMismatch"
"1892","65639bc09216e3f40fcd1d4b","control_Dissimilar","55","DissimilarControl","rise","fall","rise-fall","",""
"1893","65639bc09216e3f40fcd1d4b","control_MaxMatch_Negative_Physical","0","MaxMatch","rust","crash","rust-crash","ConceptualMatch:physical","NegativeMatch"
"1894","65639bc09216e3f40fcd1d4b","control_MaxMismatch","0","MaxMismatch","adore","crash","adore-crash","ConceptualMismatch:psychological","PositiveMismatch"
"1895","65639bc09216e3f40fcd1d4b","test_ValenceMatch_Positive","0","ValenceMatchingOnly","produce","cherish","produce-cherish","ConceptualMismatch:physical","PositiveMatch"
"1896","65639bc09216e3f40fcd1d4b","test_ConceptualMatch_Psychological","51","ConceptualMatchingOnly","impress","embarrass","impress-embarrass","ConceptualMatch:psychological","PositiveMismatch"
"1897","65639bc09216e3f40fcd1d4b","control_MaxMatch_Negative_Psychological","49","MaxMatch","displease","criticize","displease-criticize","ConceptualMatch:psychological","NegativeMatch"
"1898","65639bc09216e3f40fcd1d4b","control_Similar","99","SimilarControl","end","finish","end-finish","",""
"1899","65639bc09216e3f40fcd1d4b","control_Dissimilar","47","DissimilarControl","open","close","open-close","",""
"1900","65639bc09216e3f40fcd1d4b","control_Similar","99","SimilarControl","use","employ","use-employ","",""
"1901","65639bc09216e3f40fcd1d4b","control_MaxMatch_Positive_Psychological","45","MaxMatch","appreciate","admire","appreciate-admire","ConceptualMatch:psychological","PositiveMatch"
"1902","65639bc09216e3f40fcd1d4b","test_ValenceMatch_Negative","0","ValenceMatchingOnly","crash","dishonor","crash-dishonor","ConceptualMismatch:physical","NegativeMatch"
"1903","65639bc09216e3f40fcd1d4b","control_MaxMatch_Positive_Physical","0","MaxMatch","cuddle","produce","cuddle-produce","ConceptualMatch:physical","PositiveMatch"
"1904","65639bc09216e3f40fcd1d4b","test_ConceptualMatch_Physical","13","ConceptualMatchingOnly","clean","burn","clean-burn","ConceptualMatch:physical","PositiveMismatch"
"1905","65639bc09216e3f40fcd1d4b","control_Dissimilar","44","DissimilarControl","give","take","give-take","",""
"1906","65639bc09216e3f40fcd1d4b","control_MaxMatch_Negative_Physical","98","MaxMatch","slaughter","slash","slaughter-slash","ConceptualMatch:physical","NegativeMatch"
"1907","65639bc09216e3f40fcd1d4b","control_MaxMismatch","0","MaxMismatch","reassure","slash","reassure-slash","ConceptualMismatch:psychological","PositiveMismatch"
"1908","65639bc09216e3f40fcd1d4b","test_ValenceMatch_Positive","0","ValenceMatchingOnly","repair","adore","repair-adore","ConceptualMismatch:physical","PositiveMatch"
"1909","65639bc09216e3f40fcd1d4b","test_ConceptualMatch_Psychological","0","ConceptualMatchingOnly","appreciate","dread","appreciate-dread","ConceptualMatch:psychological","PositiveMismatch"
"1910","65639bc09216e3f40fcd1d4b","control_MaxMatch_Negative_Psychological","99","MaxMatch","dishonor","embarrass","dishonor-embarrass","ConceptualMatch:psychological","NegativeMatch"
"1911","65639bc09216e3f40fcd1d4b","control_Similar","99","SimilarControl","need","require","need-require","",""
"1912","65639bc09216e3f40fcd1d4b","control_Dissimilar","66","DissimilarControl","add","remove","add-remove","",""
"1913","65639bc09216e3f40fcd1d4b","control_Similar","97","SimilarControl","get","obtain","get-obtain","",""
"1914","65639bc09216e3f40fcd1d4b","control_MaxMatch_Positive_Psychological","55","MaxMatch","appreciate","reassure","appreciate-reassure","ConceptualMatch:psychological","PositiveMatch"
"1915","65639bc09216e3f40fcd1d4b","test_ValenceMatch_Negative","16","ValenceMatchingOnly","crash","despair","crash-despair","ConceptualMismatch:physical","NegativeMatch"
"1916","65639bc09216e3f40fcd1d4b","control_MaxMatch_Positive_Physical","0","MaxMatch","sculpt","twinkle","sculpt-twinkle","ConceptualMatch:physical","PositiveMatch"
"1917","65639bc09216e3f40fcd1d4b","test_ConceptualMatch_Physical","15","ConceptualMatchingOnly","repair","slaughter","repair-slaughter","ConceptualMatch:physical","PositiveMismatch"
"1918","65639bc09216e3f40fcd1d4b","control_Dissimilar","48","DissimilarControl","arrive","leave","arrive-leave","",""
"1919","65639bc09216e3f40fcd1d4b","control_MaxMatch_Negative_Physical","71","MaxMatch","slaughter","corrode","slaughter-corrode","ConceptualMatch:physical","NegativeMatch"
"1920","65639bc09216e3f40fcd1d4b","control_MaxMismatch","0","MaxMismatch","encourage","hit","encourage-hit","ConceptualMismatch:psychological","PositiveMismatch"
"1921","65639bc09216e3f40fcd1d4b","test_ValenceMatch_Positive","21","ValenceMatchingOnly","twinkle","admire","twinkle-admire","ConceptualMismatch:physical","PositiveMatch"
"1922","65639bc09216e3f40fcd1d4b","test_ConceptualMatch_Psychological","0","ConceptualMatchingOnly","reassure","dread","reassure-dread","ConceptualMatch:psychological","PositiveMismatch"
"1923","65639bc09216e3f40fcd1d4b","control_MaxMatch_Negative_Psychological","79","MaxMatch","despair","displease","despair-displease","ConceptualMatch:psychological","NegativeMatch"
"1924","65639bc09216e3f40fcd1d4b","control_Similar","99","SimilarControl","begin","start","begin-start","",""
"1925","65639bc09216e3f40fcd1d4b","control_Dissimilar","55","DissimilarControl","begin","end","begin-end","",""
"1926","65639bc09216e3f40fcd1d4b","control_Similar","99","SimilarControl","speak","talk","speak-talk","",""
"1927","65639bc09216e3f40fcd1d4b","control_MaxMatch_Positive_Psychological","68","MaxMatch","encourage","admire","encourage-admire","ConceptualMatch:psychological","PositiveMatch"
"1928","65639bc09216e3f40fcd1d4b","test_ValenceMatch_Negative","13","ValenceMatchingOnly","slash","despair","slash-despair","ConceptualMismatch:physical","NegativeMatch"
"1929","65639bc09216e3f40fcd1d4b","control_MaxMatch_Positive_Physical","44","MaxMatch","caress","sculpt","caress-sculpt","ConceptualMatch:physical","PositiveMatch"
"1930","65639bc09216e3f40fcd1d4b","test_ConceptualMatch_Physical","0","ConceptualMatchingOnly","caress","corrode","caress-corrode","ConceptualMatch:physical","PositiveMismatch"
"1931","65639bc09216e3f40fcd1d4b","control_Dissimilar","44","DissimilarControl","push","pull","push-pull","",""
"1932","65639bc09216e3f40fcd1d4b","control_MaxMatch_Negative_Physical","71","MaxMatch","slash","burn","slash-burn","ConceptualMatch:physical","NegativeMatch"
"1933","65639bc09216e3f40fcd1d4b","control_MaxMismatch","0","MaxMismatch","encourage","crash","encourage-crash","ConceptualMismatch:psychological","PositiveMismatch"
"1934","65639bc09216e3f40fcd1d4b","test_ValenceMatch_Positive","15","ValenceMatchingOnly","build","content","build-content","ConceptualMismatch:physical","PositiveMatch"
"1935","65639bc09216e3f40fcd1d4b","test_ConceptualMatch_Psychological","45","ConceptualMatchingOnly","respect","offend","respect-offend","ConceptualMatch:psychological","PositiveMismatch"
"1936","65639bc09216e3f40fcd1d4b","control_MaxMatch_Negative_Psychological","71","MaxMatch","irritate","embarrass","irritate-embarrass","ConceptualMatch:psychological","NegativeMatch"
"1937","65639bc09216e3f40fcd1d4b","control_Similar","99","SimilarControl","ask","inquire","ask-inquire","",""
"1938","65639bc09216e3f40fcd1d4b","control_Dissimilar","53","DissimilarControl","increase","decrease","increase-decrease","",""
"1939","65639bc09216e3f40fcd1d4b","control_Similar","99","SimilarControl","show","display","show-display","",""
"1940","65639bc09216e3f40fcd1d4b","control_MaxMatch_Positive_Psychological","99","MaxMatch","encourage","reassure","encourage-reassure","ConceptualMatch:psychological","PositiveMatch"
"1941","65639bc09216e3f40fcd1d4b","test_ValenceMatch_Negative","78","ValenceMatchingOnly","burn","irritate","burn-irritate","ConceptualMismatch:physical","NegativeMatch"
"1942","65639bc09216e3f40fcd1d4b","control_MaxMatch_Positive_Physical","79","MaxMatch","repair","produce","repair-produce","ConceptualMatch:physical","PositiveMatch"
"1943","65639bc09216e3f40fcd1d4b","test_ConceptualMatch_Physical","55","ConceptualMatchingOnly","clean","rust","clean-rust","ConceptualMatch:physical","PositiveMismatch"
"1944","65639bc09216e3f40fcd1d4b","control_Dissimilar","49","DissimilarControl","enter","exit","enter-exit","",""
"1945","65639bc09216e3f40fcd1d4b","control_MaxMatch_Negative_Physical","80","MaxMatch","slaughter","delete","slaughter-delete","ConceptualMatch:physical","NegativeMatch"
"1946","65639bc09216e3f40fcd1d4b","control_MaxMismatch","0","MaxMismatch","respect","rust","respect-rust","ConceptualMismatch:psychological","PositiveMismatch"
"1947","65639bc09216e3f40fcd1d4b","test_ValenceMatch_Positive","69","ValenceMatchingOnly","clean","like","clean-like","ConceptualMismatch:physical","PositiveMatch"
"1948","65639bc09216e3f40fcd1d4b","test_ConceptualMatch_Psychological","0","ConceptualMatchingOnly","impress","dread","impress-dread","ConceptualMatch:psychological","PositiveMismatch"
"1949","65639bc09216e3f40fcd1d4b","control_MaxMatch_Negative_Psychological","20","MaxMatch","criticize","dread","criticize-dread","ConceptualMatch:psychological","NegativeMatch"
"1950","65639bc09216e3f40fcd1d4b","control_Similar","99","SimilarControl","buy","purchase","buy-purchase","",""
"1951","66e346d2f1c8095bcd67eec9","control_Similar","98","SimilarControl","need","require","need-require","",""
"1952","66e346d2f1c8095bcd67eec9","control_Dissimilar","99","DissimilarControl","open","close","open-close","",""
"1953","66e346d2f1c8095bcd67eec9","control_MaxMatch_Negative_Physical","97","MaxMatch","slash","burn","slash-burn","ConceptualMatch:physical","NegativeMatch"
"1954","66e346d2f1c8095bcd67eec9","control_Similar","99","SimilarControl","begin","start","begin-start","",""
"1955","66e346d2f1c8095bcd67eec9","test_ValenceMatch_Positive","99","ValenceMatchingOnly","caress","reassure","caress-reassure","ConceptualMismatch:physical","PositiveMatch"
"1956","66e346d2f1c8095bcd67eec9","control_MaxMatch_Positive_Physical","99","MaxMatch","produce","clean","produce-clean","ConceptualMatch:physical","PositiveMatch"
"1957","66e346d2f1c8095bcd67eec9","control_Dissimilar","99","DissimilarControl","push","pull","push-pull","",""
"1958","66e346d2f1c8095bcd67eec9","control_MaxMatch_Negative_Psychological","99","MaxMatch","dishonor","embarrass","dishonor-embarrass","ConceptualMatch:psychological","NegativeMatch"
"1959","66e346d2f1c8095bcd67eec9","test_ValenceMatch_Negative","91","ValenceMatchingOnly","hit","despair","hit-despair","ConceptualMismatch:physical","NegativeMatch"
"1960","66e346d2f1c8095bcd67eec9","control_MaxMismatch","0","MaxMismatch","like","stain","like-stain","ConceptualMismatch:psychological","PositiveMismatch"
"1961","66e346d2f1c8095bcd67eec9","test_ConceptualMatch_Psychological","0","ConceptualMatchingOnly","impress","embarrass","impress-embarrass","ConceptualMatch:psychological","PositiveMismatch"
"1962","66e346d2f1c8095bcd67eec9","test_ConceptualMatch_Physical","0","ConceptualMatchingOnly","clean","tear","clean-tear","ConceptualMatch:physical","PositiveMismatch"
"1963","66e346d2f1c8095bcd67eec9","control_MaxMatch_Positive_Psychological","66","MaxMatch","reassure","cherish","reassure-cherish","ConceptualMatch:psychological","PositiveMatch"
"1964","66e346d2f1c8095bcd67eec9","control_Similar","97","SimilarControl","help","assist","help-assist","",""
"1965","66e346d2f1c8095bcd67eec9","control_Dissimilar","99","DissimilarControl","arrive","leave","arrive-leave","",""
"1966","66e346d2f1c8095bcd67eec9","control_MaxMatch_Negative_Physical","0","MaxMatch","slaughter","burn","slaughter-burn","ConceptualMatch:physical","NegativeMatch"
"1967","66e346d2f1c8095bcd67eec9","control_Similar","0","SimilarControl","use","employ","use-employ","",""
"1968","66e346d2f1c8095bcd67eec9","test_ValenceMatch_Positive","1","ValenceMatchingOnly","twinkle","adore","twinkle-adore","ConceptualMismatch:physical","PositiveMatch"
"1969","66e346d2f1c8095bcd67eec9","control_MaxMatch_Positive_Physical","0","MaxMatch","decorate","clean","decorate-clean","ConceptualMatch:physical","PositiveMatch"
"1970","66e346d2f1c8095bcd67eec9","control_Dissimilar","99","DissimilarControl","add","remove","add-remove","",""
"1971","66e346d2f1c8095bcd67eec9","control_MaxMatch_Negative_Psychological","99","MaxMatch","offend","dishonor","offend-dishonor","ConceptualMatch:psychological","NegativeMatch"
"1972","66e346d2f1c8095bcd67eec9","test_ValenceMatch_Negative","99","ValenceMatchingOnly","rust","displease","rust-displease","ConceptualMismatch:physical","NegativeMatch"
"1973","66e346d2f1c8095bcd67eec9","control_MaxMismatch","0","MaxMismatch","cherish","rust","cherish-rust","ConceptualMismatch:psychological","PositiveMismatch"
"1974","66e346d2f1c8095bcd67eec9","test_ConceptualMatch_Psychological","0","ConceptualMatchingOnly","admire","discourage","admire-discourage","ConceptualMatch:psychological","PositiveMismatch"
"1975","66e346d2f1c8095bcd67eec9","test_ConceptualMatch_Physical","0","ConceptualMatchingOnly","twinkle","hit","twinkle-hit","ConceptualMatch:physical","PositiveMismatch"
"1976","66e346d2f1c8095bcd67eec9","control_MaxMatch_Positive_Psychological","99","MaxMatch","content","appreciate","content-appreciate","ConceptualMatch:psychological","PositiveMatch"
"1977","66e346d2f1c8095bcd67eec9","control_Similar","99","SimilarControl","speak","talk","speak-talk","",""
"1978","66e346d2f1c8095bcd67eec9","control_Dissimilar","99","DissimilarControl","increase","decrease","increase-decrease","",""
"1979","66e346d2f1c8095bcd67eec9","control_MaxMatch_Negative_Physical","93","MaxMatch","hit","corrode","hit-corrode","ConceptualMatch:physical","NegativeMatch"
"1980","66e346d2f1c8095bcd67eec9","control_Similar","99","SimilarControl","end","finish","end-finish","",""
"1981","66e346d2f1c8095bcd67eec9","test_ValenceMatch_Positive","0","ValenceMatchingOnly","produce","cherish","produce-cherish","ConceptualMismatch:physical","PositiveMatch"
"1982","66e346d2f1c8095bcd67eec9","control_MaxMatch_Positive_Physical","0","MaxMatch","build","twinkle","build-twinkle","ConceptualMatch:physical","PositiveMatch"
"1983","66e346d2f1c8095bcd67eec9","control_Dissimilar","99","DissimilarControl","begin","end","begin-end","",""
"1984","66e346d2f1c8095bcd67eec9","control_MaxMatch_Negative_Psychological","0","MaxMatch","offend","despair","offend-despair","ConceptualMatch:psychological","NegativeMatch"
"1985","66e346d2f1c8095bcd67eec9","test_ValenceMatch_Negative","0","ValenceMatchingOnly","rust","dishonor","rust-dishonor","ConceptualMismatch:physical","NegativeMatch"
"1986","66e346d2f1c8095bcd67eec9","control_MaxMismatch","0","MaxMismatch","like","slash","like-slash","ConceptualMismatch:psychological","PositiveMismatch"
"1987","66e346d2f1c8095bcd67eec9","test_ConceptualMatch_Psychological","0","ConceptualMatchingOnly","adore","displease","adore-displease","ConceptualMatch:psychological","PositiveMismatch"
"1988","66e346d2f1c8095bcd67eec9","test_ConceptualMatch_Physical","0","ConceptualMatchingOnly","cuddle","rust","cuddle-rust","ConceptualMatch:physical","PositiveMismatch"
"1989","66e346d2f1c8095bcd67eec9","control_MaxMatch_Positive_Psychological","99","MaxMatch","adore","cherish","adore-cherish","ConceptualMatch:psychological","PositiveMatch"
"1990","66e346d2f1c8095bcd67eec9","control_Similar","99","SimilarControl","get","obtain","get-obtain","",""
"1991","66e346d2f1c8095bcd67eec9","control_Dissimilar","98","DissimilarControl","come","go","come-go","",""
"1992","66e346d2f1c8095bcd67eec9","control_MaxMatch_Negative_Physical","99","MaxMatch","tear","burn","tear-burn","ConceptualMatch:physical","NegativeMatch"
"1993","66e346d2f1c8095bcd67eec9","control_Similar","99","SimilarControl","show","display","show-display","",""
"1994","66e346d2f1c8095bcd67eec9","test_ValenceMatch_Positive","95","ValenceMatchingOnly","caress","like","caress-like","ConceptualMismatch:physical","PositiveMatch"
"1995","66e346d2f1c8095bcd67eec9","control_MaxMatch_Positive_Physical","0","MaxMatch","sculpt","clean","sculpt-clean","ConceptualMatch:physical","PositiveMatch"
"1996","66e346d2f1c8095bcd67eec9","control_Dissimilar","99","DissimilarControl","enter","exit","enter-exit","",""
"1997","66e346d2f1c8095bcd67eec9","control_MaxMatch_Negative_Psychological","99","MaxMatch","irritate","discourage","irritate-discourage","ConceptualMatch:psychological","NegativeMatch"
"1998","66e346d2f1c8095bcd67eec9","test_ValenceMatch_Negative","1","ValenceMatchingOnly","crash","dishonor","crash-dishonor","ConceptualMismatch:physical","NegativeMatch"
"1999","66e346d2f1c8095bcd67eec9","control_MaxMismatch","0","MaxMismatch","admire","slash","admire-slash","ConceptualMismatch:psychological","PositiveMismatch"
"2000","66e346d2f1c8095bcd67eec9","test_ConceptualMatch_Psychological","0","ConceptualMatchingOnly","adore","dread","adore-dread","ConceptualMatch:psychological","PositiveMismatch"
"2001","66e346d2f1c8095bcd67eec9","test_ConceptualMatch_Physical","99","ConceptualMatchingOnly","sculpt","delete","sculpt-delete","ConceptualMatch:physical","PositiveMismatch"
"2002","66e346d2f1c8095bcd67eec9","control_MaxMatch_Positive_Psychological","95","MaxMatch","impress","adore","impress-adore","ConceptualMatch:psychological","PositiveMatch"
"2003","66e346d2f1c8095bcd67eec9","control_Similar","99","SimilarControl","buy","purchase","buy-purchase","",""
"2004","66e346d2f1c8095bcd67eec9","control_Dissimilar","99","DissimilarControl","rise","fall","rise-fall","",""
"2005","66e346d2f1c8095bcd67eec9","control_MaxMatch_Negative_Physical","0","MaxMatch","rust","slaughter","rust-slaughter","ConceptualMatch:physical","NegativeMatch"
"2006","66e346d2f1c8095bcd67eec9","control_Similar","99","SimilarControl","ask","inquire","ask-inquire","",""
"2007","66e346d2f1c8095bcd67eec9","test_ValenceMatch_Positive","0","ValenceMatchingOnly","clean","admire","clean-admire","ConceptualMismatch:physical","PositiveMatch"
"2008","66e346d2f1c8095bcd67eec9","control_MaxMatch_Positive_Physical","1","MaxMatch","caress","produce","caress-produce","ConceptualMatch:physical","PositiveMatch"
"2009","66e346d2f1c8095bcd67eec9","control_Dissimilar","1","DissimilarControl","give","take","give-take","",""
"2010","66e346d2f1c8095bcd67eec9","control_MaxMatch_Negative_Psychological","49","MaxMatch","offend","criticize","offend-criticize","ConceptualMatch:psychological","NegativeMatch"
"2011","66e346d2f1c8095bcd67eec9","test_ValenceMatch_Negative","0","ValenceMatchingOnly","corrode","discourage","corrode-discourage","ConceptualMismatch:physical","NegativeMatch"
"2012","66e346d2f1c8095bcd67eec9","control_MaxMismatch","0","MaxMismatch","reassure","rust","reassure-rust","ConceptualMismatch:psychological","PositiveMismatch"
"2013","66e346d2f1c8095bcd67eec9","test_ConceptualMatch_Psychological","0","ConceptualMatchingOnly","respect","discourage","respect-discourage","ConceptualMatch:psychological","PositiveMismatch"
"2014","66e346d2f1c8095bcd67eec9","test_ConceptualMatch_Physical","0","ConceptualMatchingOnly","cuddle","corrode","cuddle-corrode","ConceptualMatch:physical","PositiveMismatch"
"2015","66e346d2f1c8095bcd67eec9","control_MaxMatch_Positive_Psychological","0","MaxMatch","reassure","admire","reassure-admire","ConceptualMatch:psychological","PositiveMatch"
"2016","67cb5baef51d73572cb490ae","control_Similar","87","SimilarControl","show","display","show-display","",""
"2017","67cb5baef51d73572cb490ae","control_Dissimilar","0","DissimilarControl","begin","end","begin-end","",""
"2018","67cb5baef51d73572cb490ae","control_MaxMatch_Negative_Physical","90","MaxMatch","slash","tear","slash-tear","ConceptualMatch:physical","NegativeMatch"
"2019","67cb5baef51d73572cb490ae","test_ConceptualMatch_Psychological","99","ConceptualMatchingOnly","respect","dishonor","respect-dishonor","ConceptualMatch:psychological","PositiveMismatch"
"2020","67cb5baef51d73572cb490ae","control_Similar","99","SimilarControl","speak","talk","speak-talk","",""
"2021","67cb5baef51d73572cb490ae","control_MaxMatch_Negative_Psychological","89","MaxMatch","displease","embarrass","displease-embarrass","ConceptualMatch:psychological","NegativeMatch"
"2022","67cb5baef51d73572cb490ae","control_MaxMismatch","0","MaxMismatch","like","slaughter","like-slaughter","ConceptualMismatch:psychological","PositiveMismatch"
"2023","67cb5baef51d73572cb490ae","control_MaxMatch_Positive_Physical","68","MaxMatch","caress","clean","caress-clean","ConceptualMatch:physical","PositiveMatch"
"2024","67cb5baef51d73572cb490ae","test_ValenceMatch_Positive","70","ValenceMatchingOnly","twinkle","cherish","twinkle-cherish","ConceptualMismatch:physical","PositiveMatch"
"2025","67cb5baef51d73572cb490ae","control_Dissimilar","0","DissimilarControl","enter","exit","enter-exit","",""
"2026","67cb5baef51d73572cb490ae","control_MaxMatch_Positive_Psychological","99","MaxMatch","admire","cherish","admire-cherish","ConceptualMatch:psychological","PositiveMatch"
"2027","67cb5baef51d73572cb490ae","test_ConceptualMatch_Physical","0","ConceptualMatchingOnly","build","crash","build-crash","ConceptualMatch:physical","PositiveMismatch"
"2028","67cb5baef51d73572cb490ae","test_ValenceMatch_Negative","0","ValenceMatchingOnly","hit","irritate","hit-irritate","ConceptualMismatch:physical","NegativeMatch"
"2029","67cb5baef51d73572cb490ae","control_Similar","93","SimilarControl","need","require","need-require","",""
"2030","67cb5baef51d73572cb490ae","control_Dissimilar","0","DissimilarControl","give","take","give-take","",""
"2031","67cb5baef51d73572cb490ae","control_MaxMatch_Negative_Physical","68","MaxMatch","crash","stain","crash-stain","ConceptualMatch:physical","NegativeMatch"
"2032","67cb5baef51d73572cb490ae","test_ConceptualMatch_Psychological","0","ConceptualMatchingOnly","like","embarrass","like-embarrass","ConceptualMatch:psychological","PositiveMismatch"
"2033","67cb5baef51d73572cb490ae","control_Similar","99","SimilarControl","help","assist","help-assist","",""
"2034","67cb5baef51d73572cb490ae","control_MaxMatch_Negative_Psychological","84","MaxMatch","despair","embarrass","despair-embarrass","ConceptualMatch:psychological","NegativeMatch"
"2035","67cb5baef51d73572cb490ae","control_MaxMismatch","0","MaxMismatch","like","crash","like-crash","ConceptualMismatch:psychological","PositiveMismatch"
"2036","67cb5baef51d73572cb490ae","control_MaxMatch_Positive_Physical","0","MaxMatch","repair","twinkle","repair-twinkle","ConceptualMatch:physical","PositiveMatch"
"2037","67cb5baef51d73572cb490ae","test_ValenceMatch_Positive","63","ValenceMatchingOnly","clean","adore","clean-adore","ConceptualMismatch:physical","PositiveMatch"
"2038","67cb5baef51d73572cb490ae","control_Dissimilar","0","DissimilarControl","come","go","come-go","",""
"2039","67cb5baef51d73572cb490ae","control_MaxMatch_Positive_Psychological","82","MaxMatch","impress","admire","impress-admire","ConceptualMatch:psychological","PositiveMatch"
"2040","67cb5baef51d73572cb490ae","test_ConceptualMatch_Physical","0","ConceptualMatchingOnly","hug","rust","hug-rust","ConceptualMatch:physical","PositiveMismatch"
"2041","67cb5baef51d73572cb490ae","test_ValenceMatch_Negative","0","ValenceMatchingOnly","rust","criticize","rust-criticize","ConceptualMismatch:physical","NegativeMatch"
"2042","67cb5baef51d73572cb490ae","control_Similar","99","SimilarControl","buy","purchase","buy-purchase","",""
"2043","67cb5baef51d73572cb490ae","control_Dissimilar","0","DissimilarControl","open","close","open-close","",""
"2044","67cb5baef51d73572cb490ae","control_MaxMatch_Negative_Physical","17","MaxMatch","rust","burn","rust-burn","ConceptualMatch:physical","NegativeMatch"
"2045","67cb5baef51d73572cb490ae","test_ConceptualMatch_Psychological","0","ConceptualMatchingOnly","content","irritate","content-irritate","ConceptualMatch:psychological","PositiveMismatch"
"2046","67cb5baef51d73572cb490ae","control_Similar","0","SimilarControl","use","employ","use-employ","",""
"2047","67cb5baef51d73572cb490ae","control_MaxMatch_Negative_Psychological","77","MaxMatch","displease","criticize","displease-criticize","ConceptualMatch:psychological","NegativeMatch"
"2048","67cb5baef51d73572cb490ae","control_MaxMismatch","0","MaxMismatch","admire","stain","admire-stain","ConceptualMismatch:psychological","PositiveMismatch"
"2049","67cb5baef51d73572cb490ae","control_MaxMatch_Positive_Physical","8","MaxMatch","repair","caress","repair-caress","ConceptualMatch:physical","PositiveMatch"
"2050","67cb5baef51d73572cb490ae","test_ValenceMatch_Positive","77","ValenceMatchingOnly","hug","reassure","hug-reassure","ConceptualMismatch:physical","PositiveMatch"
"2051","67cb5baef51d73572cb490ae","control_Dissimilar","0","DissimilarControl","arrive","leave","arrive-leave","",""
"2052","67cb5baef51d73572cb490ae","control_MaxMatch_Positive_Psychological","97","MaxMatch","admire","adore","admire-adore","ConceptualMatch:psychological","PositiveMatch"
"2053","67cb5baef51d73572cb490ae","test_ConceptualMatch_Physical","0","ConceptualMatchingOnly","produce","tear","produce-tear","ConceptualMatch:physical","PositiveMismatch"
"2054","67cb5baef51d73572cb490ae","test_ValenceMatch_Negative","0","ValenceMatchingOnly","hit","dread","hit-dread","ConceptualMismatch:physical","NegativeMatch"
"2055","67cb5baef51d73572cb490ae","control_Similar","99","SimilarControl","begin","start","begin-start","",""
"2056","67cb5baef51d73572cb490ae","control_Dissimilar","0","DissimilarControl","add","remove","add-remove","",""
"2057","67cb5baef51d73572cb490ae","control_MaxMatch_Negative_Physical","78","MaxMatch","slaughter","burn","slaughter-burn","ConceptualMatch:physical","NegativeMatch"
"2058","67cb5baef51d73572cb490ae","test_ConceptualMatch_Psychological","0","ConceptualMatchingOnly","like","irritate","like-irritate","ConceptualMatch:psychological","PositiveMismatch"
"2059","67cb5baef51d73572cb490ae","control_Similar","99","SimilarControl","end","finish","end-finish","",""
"2060","67cb5baef51d73572cb490ae","control_MaxMatch_Negative_Psychological","99","MaxMatch","despair","dismay","despair-dismay","ConceptualMatch:psychological","NegativeMatch"
"2061","67cb5baef51d73572cb490ae","control_MaxMismatch","0","MaxMismatch","admire","crash","admire-crash","ConceptualMismatch:psychological","PositiveMismatch"
"2062","67cb5baef51d73572cb490ae","control_MaxMatch_Positive_Physical","86","MaxMatch","build","repair","build-repair","ConceptualMatch:physical","PositiveMatch"
"2063","67cb5baef51d73572cb490ae","test_ValenceMatch_Positive","77","ValenceMatchingOnly","decorate","reassure","decorate-reassure","ConceptualMismatch:physical","PositiveMatch"
"2064","67cb5baef51d73572cb490ae","control_Dissimilar","0","DissimilarControl","rise","fall","rise-fall","",""
"2065","67cb5baef51d73572cb490ae","control_MaxMatch_Positive_Psychological","85","MaxMatch","impress","cherish","impress-cherish","ConceptualMatch:psychological","PositiveMatch"
"2066","67cb5baef51d73572cb490ae","test_ConceptualMatch_Physical","0","ConceptualMatchingOnly","caress","tear","caress-tear","ConceptualMatch:physical","PositiveMismatch"
"2067","67cb5baef51d73572cb490ae","test_ValenceMatch_Negative","14","ValenceMatchingOnly","delete","dread","delete-dread","ConceptualMismatch:physical","NegativeMatch"
"2068","67cb5baef51d73572cb490ae","control_Similar","99","SimilarControl","ask","inquire","ask-inquire","",""
"2069","67cb5baef51d73572cb490ae","control_Dissimilar","0","DissimilarControl","push","pull","push-pull","",""
"2070","67cb5baef51d73572cb490ae","control_MaxMatch_Negative_Physical","15","MaxMatch","slash","delete","slash-delete","ConceptualMatch:physical","NegativeMatch"
"2071","67cb5baef51d73572cb490ae","test_ConceptualMatch_Psychological","0","ConceptualMatchingOnly","reassure","offend","reassure-offend","ConceptualMatch:psychological","PositiveMismatch"
"2072","67cb5baef51d73572cb490ae","control_Similar","99","SimilarControl","get","obtain","get-obtain","",""
"2073","67cb5baef51d73572cb490ae","control_MaxMatch_Negative_Psychological","81","MaxMatch","discourage","criticize","discourage-criticize","ConceptualMatch:psychological","NegativeMatch"
"2074","67cb5baef51d73572cb490ae","control_MaxMismatch","0","MaxMismatch","admire","delete","admire-delete","ConceptualMismatch:psychological","PositiveMismatch"
"2075","67cb5baef51d73572cb490ae","control_MaxMatch_Positive_Physical","90","MaxMatch","sculpt","decorate","sculpt-decorate","ConceptualMatch:physical","PositiveMatch"
"2076","67cb5baef51d73572cb490ae","test_ValenceMatch_Positive","74","ValenceMatchingOnly","cuddle","impress","cuddle-impress","ConceptualMismatch:physical","PositiveMatch"
"2077","67cb5baef51d73572cb490ae","control_Dissimilar","0","DissimilarControl","increase","decrease","increase-decrease","",""
"2078","67cb5baef51d73572cb490ae","control_MaxMatch_Positive_Psychological","90","MaxMatch","like","reassure","like-reassure","ConceptualMatch:psychological","PositiveMatch"
"2079","67cb5baef51d73572cb490ae","test_ConceptualMatch_Physical","0","ConceptualMatchingOnly","repair","crash","repair-crash","ConceptualMatch:physical","PositiveMismatch"
"2080","67cb5baef51d73572cb490ae","test_ValenceMatch_Negative","99","ValenceMatchingOnly","stain","offend","stain-offend","ConceptualMismatch:physical","NegativeMatch"
"2081","6701206a49833a2065d10763","control_Similar","99","SimilarControl","need","require","need-require","",""
"2082","6701206a49833a2065d10763","control_Dissimilar","0","DissimilarControl","increase","decrease","increase-decrease","",""
"2083","6701206a49833a2065d10763","control_Similar","99","SimilarControl","ask","inquire","ask-inquire","",""
"2084","6701206a49833a2065d10763","control_MaxMatch_Negative_Physical","61","MaxMatch","crash","tear","crash-tear","ConceptualMatch:physical","NegativeMatch"
"2085","6701206a49833a2065d10763","control_MaxMatch_Negative_Psychological","99","MaxMatch","dismay","criticize","dismay-criticize","ConceptualMatch:psychological","NegativeMatch"
"2086","6701206a49833a2065d10763","test_ValenceMatch_Negative","0","ValenceMatchingOnly","crash","embarrass","crash-embarrass","ConceptualMismatch:physical","NegativeMatch"
"2087","6701206a49833a2065d10763","control_MaxMismatch","0","MaxMismatch","reassure","burn","reassure-burn","ConceptualMismatch:psychological","PositiveMismatch"
"2088","6701206a49833a2065d10763","test_ConceptualMatch_Psychological","0","ConceptualMatchingOnly","respect","discourage","respect-discourage","ConceptualMatch:psychological","PositiveMismatch"
"2089","6701206a49833a2065d10763","test_ValenceMatch_Positive","0","ValenceMatchingOnly","repair","content","repair-content","ConceptualMismatch:physical","PositiveMatch"
"2090","6701206a49833a2065d10763","control_MaxMatch_Positive_Physical","99","MaxMatch","build","repair","build-repair","ConceptualMatch:physical","PositiveMatch"
"2091","6701206a49833a2065d10763","control_Dissimilar","0","DissimilarControl","begin","end","begin-end","",""
"2092","6701206a49833a2065d10763","test_ConceptualMatch_Physical","0","ConceptualMatchingOnly","build","crash","build-crash","ConceptualMatch:physical","PositiveMismatch"
"2093","6701206a49833a2065d10763","control_MaxMatch_Positive_Psychological","99","MaxMatch","like","cherish","like-cherish","ConceptualMatch:psychological","PositiveMatch"
"2094","6701206a49833a2065d10763","control_Similar","99","SimilarControl","end","finish","end-finish","",""
"2095","6701206a49833a2065d10763","control_Dissimilar","0","DissimilarControl","rise","fall","rise-fall","",""
"2096","6701206a49833a2065d10763","control_Similar","99","SimilarControl","buy","purchase","buy-purchase","",""
"2097","6701206a49833a2065d10763","control_MaxMatch_Negative_Physical","55","MaxMatch","slaughter","delete","slaughter-delete","ConceptualMatch:physical","NegativeMatch"
"2098","6701206a49833a2065d10763","control_MaxMatch_Negative_Psychological","92","MaxMatch","displease","discourage","displease-discourage","ConceptualMatch:psychological","NegativeMatch"
"2099","6701206a49833a2065d10763","test_ValenceMatch_Negative","0","ValenceMatchingOnly","hit","dismay","hit-dismay","ConceptualMismatch:physical","NegativeMatch"
"2100","6701206a49833a2065d10763","control_MaxMismatch","0","MaxMismatch","adore","corrode","adore-corrode","ConceptualMismatch:psychological","PositiveMismatch"
"2101","6701206a49833a2065d10763","test_ConceptualMatch_Psychological","0","ConceptualMatchingOnly","cherish","offend","cherish-offend","ConceptualMatch:psychological","PositiveMismatch"
"2102","6701206a49833a2065d10763","test_ValenceMatch_Positive","77","ValenceMatchingOnly","caress","encourage","caress-encourage","ConceptualMismatch:physical","PositiveMatch"
"2103","6701206a49833a2065d10763","control_MaxMatch_Positive_Physical","10","MaxMatch","hug","decorate","hug-decorate","ConceptualMatch:physical","PositiveMatch"
"2104","6701206a49833a2065d10763","control_Dissimilar","0","DissimilarControl","come","go","come-go","",""
"2105","6701206a49833a2065d10763","test_ConceptualMatch_Physical","0","ConceptualMatchingOnly","clean","crash","clean-crash","ConceptualMatch:physical","PositiveMismatch"
"2106","6701206a49833a2065d10763","control_MaxMatch_Positive_Psychological","99","MaxMatch","content","cherish","content-cherish","ConceptualMatch:psychological","PositiveMatch"
"2107","6701206a49833a2065d10763","control_Similar","99","SimilarControl","speak","talk","speak-talk","",""
"2108","6701206a49833a2065d10763","control_Dissimilar","0","DissimilarControl","push","pull","push-pull","",""
"2109","6701206a49833a2065d10763","control_Similar","99","SimilarControl","help","assist","help-assist","",""
"2110","6701206a49833a2065d10763","control_MaxMatch_Negative_Physical","0","MaxMatch","slaughter","burn","slaughter-burn","ConceptualMatch:physical","NegativeMatch"
"2111","6701206a49833a2065d10763","control_MaxMatch_Negative_Psychological","99","MaxMatch","dishonor","embarrass","dishonor-embarrass","ConceptualMatch:psychological","NegativeMatch"
"2112","6701206a49833a2065d10763","test_ValenceMatch_Negative","52","ValenceMatchingOnly","corrode","discourage","corrode-discourage","ConceptualMismatch:physical","NegativeMatch"
"2113","6701206a49833a2065d10763","control_MaxMismatch","2","MaxMismatch","encourage","rust","encourage-rust","ConceptualMismatch:psychological","PositiveMismatch"
"2114","6701206a49833a2065d10763","test_ConceptualMatch_Psychological","0","ConceptualMatchingOnly","like","dismay","like-dismay","ConceptualMatch:psychological","PositiveMismatch"
"2115","6701206a49833a2065d10763","test_ValenceMatch_Positive","99","ValenceMatchingOnly","cuddle","encourage","cuddle-encourage","ConceptualMismatch:physical","PositiveMatch"
"2116","6701206a49833a2065d10763","control_MaxMatch_Positive_Physical","0","MaxMatch","cuddle","produce","cuddle-produce","ConceptualMatch:physical","PositiveMatch"
"2117","6701206a49833a2065d10763","control_Dissimilar","0","DissimilarControl","add","remove","add-remove","",""
"2118","6701206a49833a2065d10763","test_ConceptualMatch_Physical","0","ConceptualMatchingOnly","clean","stain","clean-stain","ConceptualMatch:physical","PositiveMismatch"
"2119","6701206a49833a2065d10763","control_MaxMatch_Positive_Psychological","5","MaxMatch","content","respect","content-respect","ConceptualMatch:psychological","PositiveMatch"
"2120","6701206a49833a2065d10763","control_Similar","99","SimilarControl","use","employ","use-employ","",""
"2121","6701206a49833a2065d10763","control_Dissimilar","0","DissimilarControl","give","take","give-take","",""
"2122","6701206a49833a2065d10763","control_Similar","99","SimilarControl","begin","start","begin-start","",""
"2123","6701206a49833a2065d10763","control_MaxMatch_Negative_Physical","46","MaxMatch","rust","slash","rust-slash","ConceptualMatch:physical","NegativeMatch"
"2124","6701206a49833a2065d10763","control_MaxMatch_Negative_Psychological","59","MaxMatch","offend","embarrass","offend-embarrass","ConceptualMatch:psychological","NegativeMatch"
"2125","6701206a49833a2065d10763","test_ValenceMatch_Negative","62","ValenceMatchingOnly","rust","irritate","rust-irritate","ConceptualMismatch:physical","NegativeMatch"
"2126","6701206a49833a2065d10763","control_MaxMismatch","0","MaxMismatch","reassure","crash","reassure-crash","ConceptualMismatch:psychological","PositiveMismatch"
"2127","6701206a49833a2065d10763","test_ConceptualMatch_Psychological","0","ConceptualMatchingOnly","encourage","dishonor","encourage-dishonor","ConceptualMatch:psychological","PositiveMismatch"
"2128","6701206a49833a2065d10763","test_ValenceMatch_Positive","54","ValenceMatchingOnly","twinkle","adore","twinkle-adore","ConceptualMismatch:physical","PositiveMatch"
"2129","6701206a49833a2065d10763","control_MaxMatch_Positive_Physical","99","MaxMatch","caress","hug","caress-hug","ConceptualMatch:physical","PositiveMatch"
"2130","6701206a49833a2065d10763","control_Dissimilar","0","DissimilarControl","open","close","open-close","",""
"2131","6701206a49833a2065d10763","test_ConceptualMatch_Physical","0","ConceptualMatchingOnly","produce","tear","produce-tear","ConceptualMatch:physical","PositiveMismatch"
"2132","6701206a49833a2065d10763","control_MaxMatch_Positive_Psychological","50","MaxMatch","reassure","cherish","reassure-cherish","ConceptualMatch:psychological","PositiveMatch"
"2133","6701206a49833a2065d10763","control_Similar","99","SimilarControl","show","display","show-display","",""
"2134","6701206a49833a2065d10763","control_Dissimilar","0","DissimilarControl","arrive","leave","arrive-leave","",""
"2135","6701206a49833a2065d10763","control_Similar","99","SimilarControl","get","obtain","get-obtain","",""
"2136","6701206a49833a2065d10763","control_MaxMatch_Negative_Physical","99","MaxMatch","slash","tear","slash-tear","ConceptualMatch:physical","NegativeMatch"
"2137","6701206a49833a2065d10763","control_MaxMatch_Negative_Psychological","99","MaxMatch","despair","dismay","despair-dismay","ConceptualMatch:psychological","NegativeMatch"
"2138","6701206a49833a2065d10763","test_ValenceMatch_Negative","0","ValenceMatchingOnly","tear","irritate","tear-irritate","ConceptualMismatch:physical","NegativeMatch"
"2139","6701206a49833a2065d10763","control_MaxMismatch","0","MaxMismatch","adore","slaughter","adore-slaughter","ConceptualMismatch:psychological","PositiveMismatch"
"2140","6701206a49833a2065d10763","test_ConceptualMatch_Psychological","0","ConceptualMatchingOnly","encourage","displease","encourage-displease","ConceptualMatch:psychological","PositiveMismatch"
"2141","6701206a49833a2065d10763","test_ValenceMatch_Positive","9","ValenceMatchingOnly","sculpt","adore","sculpt-adore","ConceptualMismatch:physical","PositiveMatch"
"2142","6701206a49833a2065d10763","control_MaxMatch_Positive_Physical","0","MaxMatch","build","hug","build-hug","ConceptualMatch:physical","PositiveMatch"
"2143","6701206a49833a2065d10763","control_Dissimilar","0","DissimilarControl","enter","exit","enter-exit","",""
"2144","6701206a49833a2065d10763","test_ConceptualMatch_Physical","0","ConceptualMatchingOnly","produce","crash","produce-crash","ConceptualMatch:physical","PositiveMismatch"
"2145","6701206a49833a2065d10763","control_MaxMatch_Positive_Psychological","99","MaxMatch","appreciate","like","appreciate-like","ConceptualMatch:psychological","PositiveMatch"
"2146","6697be0e52341e4b560bcf57","control_Similar","99","SimilarControl","speak","talk","speak-talk","",""
"2147","6697be0e52341e4b560bcf57","control_Dissimilar","75","DissimilarControl","open","close","open-close","",""
"2148","6697be0e52341e4b560bcf57","control_MaxMatch_Negative_Psychological","22","MaxMatch","embarrass","dread","embarrass-dread","ConceptualMatch:psychological","NegativeMatch"
"2149","6697be0e52341e4b560bcf57","test_ConceptualMatch_Physical","41","ConceptualMatchingOnly","sculpt","corrode","sculpt-corrode","ConceptualMatch:physical","PositiveMismatch"
"2150","6697be0e52341e4b560bcf57","test_ValenceMatch_Positive","71","ValenceMatchingOnly","caress","admire","caress-admire","ConceptualMismatch:physical","PositiveMatch"
"2151","6697be0e52341e4b560bcf57","test_ValenceMatch_Negative","13","ValenceMatchingOnly","stain","criticize","stain-criticize","ConceptualMismatch:physical","NegativeMatch"
"2152","6697be0e52341e4b560bcf57","test_ConceptualMatch_Psychological","3","ConceptualMatchingOnly","admire","discourage","admire-discourage","ConceptualMatch:psychological","PositiveMismatch"
"2153","6697be0e52341e4b560bcf57","control_MaxMismatch","11","MaxMismatch","respect","hit","respect-hit","ConceptualMismatch:psychological","PositiveMismatch"
"2154","6697be0e52341e4b560bcf57","control_MaxMatch_Positive_Physical","17","MaxMatch","cuddle","decorate","cuddle-decorate","ConceptualMatch:physical","PositiveMatch"
"2155","6697be0e52341e4b560bcf57","control_Similar","96","SimilarControl","buy","purchase","buy-purchase","",""
"2156","6697be0e52341e4b560bcf57","control_Dissimilar","84","DissimilarControl","rise","fall","rise-fall","",""
"2157","6697be0e52341e4b560bcf57","control_MaxMatch_Negative_Physical","66","MaxMatch","burn","corrode","burn-corrode","ConceptualMatch:physical","NegativeMatch"
"2158","6697be0e52341e4b560bcf57","control_MaxMatch_Positive_Psychological","77","MaxMatch","impress","respect","impress-respect","ConceptualMatch:psychological","PositiveMatch"
"2159","6697be0e52341e4b560bcf57","control_Similar","83","SimilarControl","begin","start","begin-start","",""
"2160","6697be0e52341e4b560bcf57","control_Dissimilar","92","DissimilarControl","enter","exit","enter-exit","",""
"2161","6697be0e52341e4b560bcf57","control_MaxMatch_Negative_Psychological","70","MaxMatch","criticize","dread","criticize-dread","ConceptualMatch:psychological","NegativeMatch"
"2162","6697be0e52341e4b560bcf57","test_ConceptualMatch_Physical","90","ConceptualMatchingOnly","produce","slaughter","produce-slaughter","ConceptualMatch:physical","PositiveMismatch"
"2163","6697be0e52341e4b560bcf57","test_ValenceMatch_Positive","15","ValenceMatchingOnly","clean","impress","clean-impress","ConceptualMismatch:physical","PositiveMatch"
"2164","6697be0e52341e4b560bcf57","test_ValenceMatch_Negative","11","ValenceMatchingOnly","tear","discourage","tear-discourage","ConceptualMismatch:physical","NegativeMatch"
"2165","6697be0e52341e4b560bcf57","test_ConceptualMatch_Psychological","14","ConceptualMatchingOnly","respect","irritate","respect-irritate","ConceptualMatch:psychological","PositiveMismatch"
"2166","6697be0e52341e4b560bcf57","control_MaxMismatch","15","MaxMismatch","respect","slaughter","respect-slaughter","ConceptualMismatch:psychological","PositiveMismatch"
"2167","6697be0e52341e4b560bcf57","control_MaxMatch_Positive_Physical","33","MaxMatch","sculpt","clean","sculpt-clean","ConceptualMatch:physical","PositiveMatch"
"2168","6697be0e52341e4b560bcf57","control_Similar","93","SimilarControl","show","display","show-display","",""
"2169","6697be0e52341e4b560bcf57","control_Dissimilar","63","DissimilarControl","increase","decrease","increase-decrease","",""
"2170","6697be0e52341e4b560bcf57","control_MaxMatch_Negative_Physical","25","MaxMatch","tear","corrode","tear-corrode","ConceptualMatch:physical","NegativeMatch"
"2171","6697be0e52341e4b560bcf57","control_MaxMatch_Positive_Psychological","80","MaxMatch","respect","admire","respect-admire","ConceptualMatch:psychological","PositiveMatch"
"2172","6697be0e52341e4b560bcf57","control_Similar","71","SimilarControl","need","require","need-require","",""
"2173","6697be0e52341e4b560bcf57","control_Dissimilar","75","DissimilarControl","push","pull","push-pull","",""
"2174","6697be0e52341e4b560bcf57","control_MaxMatch_Negative_Psychological","99","MaxMatch","displease","embarrass","displease-embarrass","ConceptualMatch:psychological","NegativeMatch"
"2175","6697be0e52341e4b560bcf57","test_ConceptualMatch_Physical","19","ConceptualMatchingOnly","twinkle","delete","twinkle-delete","ConceptualMatch:physical","PositiveMismatch"
"2176","6697be0e52341e4b560bcf57","test_ValenceMatch_Positive","79","ValenceMatchingOnly","cuddle","impress","cuddle-impress","ConceptualMismatch:physical","PositiveMatch"
"2177","6697be0e52341e4b560bcf57","test_ValenceMatch_Negative","19","ValenceMatchingOnly","burn","criticize","burn-criticize","ConceptualMismatch:physical","NegativeMatch"
"2178","6697be0e52341e4b560bcf57","test_ConceptualMatch_Psychological","12","ConceptualMatchingOnly","admire","offend","admire-offend","ConceptualMatch:psychological","PositiveMismatch"
"2179","6697be0e52341e4b560bcf57","control_MaxMismatch","0","MaxMismatch","adore","rust","adore-rust","ConceptualMismatch:psychological","PositiveMismatch"
"2180","6697be0e52341e4b560bcf57","control_MaxMatch_Positive_Physical","19","MaxMatch","twinkle","clean","twinkle-clean","ConceptualMatch:physical","PositiveMatch"
"2181","6697be0e52341e4b560bcf57","control_Similar","66","SimilarControl","use","employ","use-employ","",""
"2182","6697be0e52341e4b560bcf57","control_Dissimilar","63","DissimilarControl","arrive","leave","arrive-leave","",""
"2183","6697be0e52341e4b560bcf57","control_MaxMatch_Negative_Physical","65","MaxMatch","hit","delete","hit-delete","ConceptualMatch:physical","NegativeMatch"
"2184","6697be0e52341e4b560bcf57","control_MaxMatch_Positive_Psychological","91","MaxMatch","impress","cherish","impress-cherish","ConceptualMatch:psychological","PositiveMatch"
"2185","6697be0e52341e4b560bcf57","control_Similar","99","SimilarControl","end","finish","end-finish","",""
"2186","6697be0e52341e4b560bcf57","control_Dissimilar","24","DissimilarControl","add","remove","add-remove","",""
"2187","6697be0e52341e4b560bcf57","control_MaxMatch_Negative_Psychological","99","MaxMatch","offend","displease","offend-displease","ConceptualMatch:psychological","NegativeMatch"
"2188","6697be0e52341e4b560bcf57","test_ConceptualMatch_Physical","24","ConceptualMatchingOnly","caress","burn","caress-burn","ConceptualMatch:physical","PositiveMismatch"
"2189","6697be0e52341e4b560bcf57","test_ValenceMatch_Positive","85","ValenceMatchingOnly","caress","adore","caress-adore","ConceptualMismatch:physical","PositiveMatch"
"2190","6697be0e52341e4b560bcf57","test_ValenceMatch_Negative","35","ValenceMatchingOnly","slash","dread","slash-dread","ConceptualMismatch:physical","NegativeMatch"
"2191","6697be0e52341e4b560bcf57","test_ConceptualMatch_Psychological","14","ConceptualMatchingOnly","like","dread","like-dread","ConceptualMatch:psychological","PositiveMismatch"
"2192","6697be0e52341e4b560bcf57","control_MaxMismatch","13","MaxMismatch","respect","corrode","respect-corrode","ConceptualMismatch:psychological","PositiveMismatch"
"2193","6697be0e52341e4b560bcf57","control_MaxMatch_Positive_Physical","86","MaxMatch","caress","hug","caress-hug","ConceptualMatch:physical","PositiveMatch"
"2194","6697be0e52341e4b560bcf57","control_Similar","93","SimilarControl","ask","inquire","ask-inquire","",""
"2195","6697be0e52341e4b560bcf57","control_Dissimilar","87","DissimilarControl","begin","end","begin-end","",""
"2196","6697be0e52341e4b560bcf57","control_MaxMatch_Negative_Physical","30","MaxMatch","rust","slash","rust-slash","ConceptualMatch:physical","NegativeMatch"
"2197","6697be0e52341e4b560bcf57","control_MaxMatch_Positive_Psychological","89","MaxMatch","encourage","like","encourage-like","ConceptualMatch:psychological","PositiveMatch"
"2198","6697be0e52341e4b560bcf57","control_Similar","72","SimilarControl","get","obtain","get-obtain","",""
"2199","6697be0e52341e4b560bcf57","control_Dissimilar","83","DissimilarControl","come","go","come-go","",""
"2200","6697be0e52341e4b560bcf57","control_MaxMatch_Negative_Psychological","99","MaxMatch","offend","irritate","offend-irritate","ConceptualMatch:psychological","NegativeMatch"
"2201","6697be0e52341e4b560bcf57","test_ConceptualMatch_Physical","41","ConceptualMatchingOnly","clean","hit","clean-hit","ConceptualMatch:physical","PositiveMismatch"
"2202","6697be0e52341e4b560bcf57","test_ValenceMatch_Positive","38","ValenceMatchingOnly","twinkle","admire","twinkle-admire","ConceptualMismatch:physical","PositiveMatch"
"2203","6697be0e52341e4b560bcf57","test_ValenceMatch_Negative","33","ValenceMatchingOnly","hit","dishonor","hit-dishonor","ConceptualMismatch:physical","NegativeMatch"
"2204","6697be0e52341e4b560bcf57","test_ConceptualMatch_Psychological","20","ConceptualMatchingOnly","reassure","offend","reassure-offend","ConceptualMatch:psychological","PositiveMismatch"
"2205","6697be0e52341e4b560bcf57","control_MaxMismatch","24","MaxMismatch","admire","rust","admire-rust","ConceptualMismatch:psychological","PositiveMismatch"
"2206","6697be0e52341e4b560bcf57","control_MaxMatch_Positive_Physical","67","MaxMatch","produce","decorate","produce-decorate","ConceptualMatch:physical","PositiveMatch"
"2207","6697be0e52341e4b560bcf57","control_Similar","99","SimilarControl","help","assist","help-assist","",""
"2208","6697be0e52341e4b560bcf57","control_Dissimilar","80","DissimilarControl","give","take","give-take","",""
"2209","6697be0e52341e4b560bcf57","control_MaxMatch_Negative_Physical","74","MaxMatch","rust","corrode","rust-corrode","ConceptualMatch:physical","NegativeMatch"
"2210","6697be0e52341e4b560bcf57","control_MaxMatch_Positive_Psychological","95","MaxMatch","content","cherish","content-cherish","ConceptualMatch:psychological","PositiveMatch"
"2211","67e4c4b8c49f4b9a84e4c155","control_Similar","99","SimilarControl","end","finish","end-finish","",""
"2212","67e4c4b8c49f4b9a84e4c155","control_Dissimilar","0","DissimilarControl","rise","fall","rise-fall","",""
"2213","67e4c4b8c49f4b9a84e4c155","control_MaxMatch_Negative_Physical","90","MaxMatch","slaughter","tear","slaughter-tear","ConceptualMatch:physical","NegativeMatch"
"2214","67e4c4b8c49f4b9a84e4c155","control_MaxMatch_Negative_Psychological","64","MaxMatch","offend","irritate","offend-irritate","ConceptualMatch:psychological","NegativeMatch"
"2215","67e4c4b8c49f4b9a84e4c155","control_MaxMatch_Positive_Physical","0","MaxMatch","repair","caress","repair-caress","ConceptualMatch:physical","PositiveMatch"
"2216","67e4c4b8c49f4b9a84e4c155","test_ConceptualMatch_Psychological","0","ConceptualMatchingOnly","adore","irritate","adore-irritate","ConceptualMatch:psychological","PositiveMismatch"
"2217","67e4c4b8c49f4b9a84e4c155","test_ConceptualMatch_Physical","0","ConceptualMatchingOnly","produce","slash","produce-slash","ConceptualMatch:physical","PositiveMismatch"
"2218","67e4c4b8c49f4b9a84e4c155","control_Similar","99","SimilarControl","show","display","show-display","",""
"2219","67e4c4b8c49f4b9a84e4c155","control_MaxMatch_Positive_Psychological","99","MaxMatch","admire","cherish","admire-cherish","ConceptualMatch:psychological","PositiveMatch"
"2220","67e4c4b8c49f4b9a84e4c155","test_ValenceMatch_Negative","28","ValenceMatchingOnly","burn","displease","burn-displease","ConceptualMismatch:physical","NegativeMatch"
"2221","67e4c4b8c49f4b9a84e4c155","control_Dissimilar","0","DissimilarControl","increase","decrease","increase-decrease","",""
"2222","67e4c4b8c49f4b9a84e4c155","control_MaxMismatch","0","MaxMismatch","like","tear","like-tear","ConceptualMismatch:psychological","PositiveMismatch"
"2223","67e4c4b8c49f4b9a84e4c155","test_ValenceMatch_Positive","5","ValenceMatchingOnly","twinkle","respect","twinkle-respect","ConceptualMismatch:physical","PositiveMatch"
"2224","67e4c4b8c49f4b9a84e4c155","control_Similar","96","SimilarControl","get","obtain","get-obtain","",""
"2225","67e4c4b8c49f4b9a84e4c155","control_Dissimilar","0","DissimilarControl","push","pull","push-pull","",""
"2226","67e4c4b8c49f4b9a84e4c155","control_MaxMatch_Negative_Physical","0","MaxMatch","rust","slaughter","rust-slaughter","ConceptualMatch:physical","NegativeMatch"
"2227","67e4c4b8c49f4b9a84e4c155","control_MaxMatch_Negative_Psychological","7","MaxMatch","dismay","criticize","dismay-criticize","ConceptualMatch:psychological","NegativeMatch"
"2228","67e4c4b8c49f4b9a84e4c155","control_MaxMatch_Positive_Physical","0","MaxMatch","hug","produce","hug-produce","ConceptualMatch:physical","PositiveMatch"
"2229","67e4c4b8c49f4b9a84e4c155","test_ConceptualMatch_Psychological","0","ConceptualMatchingOnly","encourage","offend","encourage-offend","ConceptualMatch:psychological","PositiveMismatch"
"2230","67e4c4b8c49f4b9a84e4c155","test_ConceptualMatch_Physical","0","ConceptualMatchingOnly","build","tear","build-tear","ConceptualMatch:physical","PositiveMismatch"
"2231","67e4c4b8c49f4b9a84e4c155","control_Similar","45","SimilarControl","use","employ","use-employ","",""
"2232","67e4c4b8c49f4b9a84e4c155","control_MaxMatch_Positive_Psychological","0","MaxMatch","content","respect","content-respect","ConceptualMatch:psychological","PositiveMatch"
"2233","67e4c4b8c49f4b9a84e4c155","test_ValenceMatch_Negative","0","ValenceMatchingOnly","slash","criticize","slash-criticize","ConceptualMismatch:physical","NegativeMatch"
"2234","67e4c4b8c49f4b9a84e4c155","control_Dissimilar","3","DissimilarControl","begin","end","begin-end","",""
"2235","67e4c4b8c49f4b9a84e4c155","control_MaxMismatch","0","MaxMismatch","adore","burn","adore-burn","ConceptualMismatch:psychological","PositiveMismatch"
"2236","67e4c4b8c49f4b9a84e4c155","test_ValenceMatch_Positive","0","ValenceMatchingOnly","repair","respect","repair-respect","ConceptualMismatch:physical","PositiveMatch"
"2237","67e4c4b8c49f4b9a84e4c155","control_Similar","99","SimilarControl","need","require","need-require","",""
"2238","67e4c4b8c49f4b9a84e4c155","control_Dissimilar","0","DissimilarControl","add","remove","add-remove","",""
"2239","67e4c4b8c49f4b9a84e4c155","control_MaxMatch_Negative_Physical","0","MaxMatch","slash","burn","slash-burn","ConceptualMatch:physical","NegativeMatch"
"2240","67e4c4b8c49f4b9a84e4c155","control_MaxMatch_Negative_Psychological","99","MaxMatch","offend","dishonor","offend-dishonor","ConceptualMatch:psychological","NegativeMatch"
"2241","67e4c4b8c49f4b9a84e4c155","control_MaxMatch_Positive_Physical","0","MaxMatch","hug","twinkle","hug-twinkle","ConceptualMatch:physical","PositiveMatch"
"2242","67e4c4b8c49f4b9a84e4c155","test_ConceptualMatch_Psychological","0","ConceptualMatchingOnly","appreciate","dismay","appreciate-dismay","ConceptualMatch:psychological","PositiveMismatch"
"2243","67e4c4b8c49f4b9a84e4c155","test_ConceptualMatch_Physical","0","ConceptualMatchingOnly","clean","slaughter","clean-slaughter","ConceptualMatch:physical","PositiveMismatch"
"2244","67e4c4b8c49f4b9a84e4c155","control_Similar","99","SimilarControl","speak","talk","speak-talk","",""
"2245","67e4c4b8c49f4b9a84e4c155","control_MaxMatch_Positive_Psychological","8","MaxMatch","respect","adore","respect-adore","ConceptualMatch:psychological","PositiveMatch"
"2246","67e4c4b8c49f4b9a84e4c155","test_ValenceMatch_Negative","18","ValenceMatchingOnly","corrode","embarrass","corrode-embarrass","ConceptualMismatch:physical","NegativeMatch"
"2247","67e4c4b8c49f4b9a84e4c155","control_Dissimilar","0","DissimilarControl","give","take","give-take","",""
"2248","67e4c4b8c49f4b9a84e4c155","control_MaxMismatch","0","MaxMismatch","encourage","delete","encourage-delete","ConceptualMismatch:psychological","PositiveMismatch"
"2249","67e4c4b8c49f4b9a84e4c155","test_ValenceMatch_Positive","5","ValenceMatchingOnly","hug","reassure","hug-reassure","ConceptualMismatch:physical","PositiveMatch"
"2250","67e4c4b8c49f4b9a84e4c155","control_Similar","99","SimilarControl","help","assist","help-assist","",""
"2251","67e4c4b8c49f4b9a84e4c155","control_Dissimilar","0","DissimilarControl","come","go","come-go","",""
"2252","67e4c4b8c49f4b9a84e4c155","control_MaxMatch_Negative_Physical","4","MaxMatch","burn","corrode","burn-corrode","ConceptualMatch:physical","NegativeMatch"
"2253","67e4c4b8c49f4b9a84e4c155","control_MaxMatch_Negative_Psychological","4","MaxMatch","offend","criticize","offend-criticize","ConceptualMatch:psychological","NegativeMatch"
"2254","67e4c4b8c49f4b9a84e4c155","control_MaxMatch_Positive_Physical","16","MaxMatch","caress","hug","caress-hug","ConceptualMatch:physical","PositiveMatch"
"2255","67e4c4b8c49f4b9a84e4c155","test_ConceptualMatch_Psychological","0","ConceptualMatchingOnly","reassure","dismay","reassure-dismay","ConceptualMatch:psychological","PositiveMismatch"
"2256","67e4c4b8c49f4b9a84e4c155","test_ConceptualMatch_Physical","0","ConceptualMatchingOnly","hug","slaughter","hug-slaughter","ConceptualMatch:physical","PositiveMismatch"
"2257","67e4c4b8c49f4b9a84e4c155","control_Similar","99","SimilarControl","buy","purchase","buy-purchase","",""
"2258","67e4c4b8c49f4b9a84e4c155","control_MaxMatch_Positive_Psychological","0","MaxMatch","content","like","content-like","ConceptualMatch:psychological","PositiveMatch"
"2259","67e4c4b8c49f4b9a84e4c155","test_ValenceMatch_Negative","0","ValenceMatchingOnly","slash","dishonor","slash-dishonor","ConceptualMismatch:physical","NegativeMatch"
"2260","67e4c4b8c49f4b9a84e4c155","control_Dissimilar","0","DissimilarControl","open","close","open-close","",""
"2261","67e4c4b8c49f4b9a84e4c155","control_MaxMismatch","1","MaxMismatch","reassure","tear","reassure-tear","ConceptualMismatch:psychological","PositiveMismatch"
"2262","67e4c4b8c49f4b9a84e4c155","test_ValenceMatch_Positive","0","ValenceMatchingOnly","repair","admire","repair-admire","ConceptualMismatch:physical","PositiveMatch"
"2263","67e4c4b8c49f4b9a84e4c155","control_Similar","0","SimilarControl","begin","start","begin-start","",""
"2264","67e4c4b8c49f4b9a84e4c155","control_Dissimilar","0","DissimilarControl","enter","exit","enter-exit","",""
"2265","67e4c4b8c49f4b9a84e4c155","control_MaxMatch_Negative_Physical","0","MaxMatch","crash","delete","crash-delete","ConceptualMatch:physical","NegativeMatch"
"2266","67e4c4b8c49f4b9a84e4c155","control_MaxMatch_Negative_Psychological","15","MaxMatch","discourage","dread","discourage-dread","ConceptualMatch:psychological","NegativeMatch"
"2267","67e4c4b8c49f4b9a84e4c155","control_MaxMatch_Positive_Physical","0","MaxMatch","build","clean","build-clean","ConceptualMatch:physical","PositiveMatch"
"2268","67e4c4b8c49f4b9a84e4c155","test_ConceptualMatch_Psychological","0","ConceptualMatchingOnly","cherish","irritate","cherish-irritate","ConceptualMatch:psychological","PositiveMismatch"
"2269","67e4c4b8c49f4b9a84e4c155","test_ConceptualMatch_Physical","0","ConceptualMatchingOnly","clean","rust","clean-rust","ConceptualMatch:physical","PositiveMismatch"
"2270","67e4c4b8c49f4b9a84e4c155","control_Similar","99","SimilarControl","ask","inquire","ask-inquire","",""
"2271","67e4c4b8c49f4b9a84e4c155","control_MaxMatch_Positive_Psychological","50","MaxMatch","appreciate","adore","appreciate-adore","ConceptualMatch:psychological","PositiveMatch"
"2272","67e4c4b8c49f4b9a84e4c155","test_ValenceMatch_Negative","0","ValenceMatchingOnly","crash","irritate","crash-irritate","ConceptualMismatch:physical","NegativeMatch"
"2273","67e4c4b8c49f4b9a84e4c155","control_Dissimilar","0","DissimilarControl","arrive","leave","arrive-leave","",""
"2274","67e4c4b8c49f4b9a84e4c155","control_MaxMismatch","0","MaxMismatch","encourage","tear","encourage-tear","ConceptualMismatch:psychological","PositiveMismatch"
"2275","67e4c4b8c49f4b9a84e4c155","test_ValenceMatch_Positive","0","ValenceMatchingOnly","hug","admire","hug-admire","ConceptualMismatch:physical","PositiveMatch"
"2276","669d753a74776ad79e3cdff4","control_Similar","93","SimilarControl","need","require","need-require","",""
"2277","669d753a74776ad79e3cdff4","control_Dissimilar","27","DissimilarControl","push","pull","push-pull","",""
"2278","669d753a74776ad79e3cdff4","test_ValenceMatch_Positive","69","ValenceMatchingOnly","sculpt","admire","sculpt-admire","ConceptualMismatch:physical","PositiveMatch"
"2279","669d753a74776ad79e3cdff4","test_ConceptualMatch_Physical","26","ConceptualMatchingOnly","twinkle","slash","twinkle-slash","ConceptualMatch:physical","PositiveMismatch"
"2280","669d753a74776ad79e3cdff4","control_MaxMatch_Negative_Physical","72","MaxMatch","rust","burn","rust-burn","ConceptualMatch:physical","NegativeMatch"
"2281","669d753a74776ad79e3cdff4","control_Similar","99","SimilarControl","buy","purchase","buy-purchase","",""
"2282","669d753a74776ad79e3cdff4","test_ValenceMatch_Negative","22","ValenceMatchingOnly","delete","embarrass","delete-embarrass","ConceptualMismatch:physical","NegativeMatch"
"2283","669d753a74776ad79e3cdff4","test_ConceptualMatch_Psychological","8","ConceptualMatchingOnly","adore","criticize","adore-criticize","ConceptualMatch:psychological","PositiveMismatch"
"2284","669d753a74776ad79e3cdff4","control_MaxMatch_Positive_Physical","69","MaxMatch","twinkle","decorate","twinkle-decorate","ConceptualMatch:physical","PositiveMatch"
"2285","669d753a74776ad79e3cdff4","control_MaxMatch_Negative_Psychological","77","MaxMatch","displease","discourage","displease-discourage","ConceptualMatch:psychological","NegativeMatch"
"2286","669d753a74776ad79e3cdff4","control_MaxMatch_Positive_Psychological","71","MaxMatch","reassure","cherish","reassure-cherish","ConceptualMatch:psychological","PositiveMatch"
"2287","669d753a74776ad79e3cdff4","control_MaxMismatch","18","MaxMismatch","content","slaughter","content-slaughter","ConceptualMismatch:psychological","PositiveMismatch"
"2288","669d753a74776ad79e3cdff4","control_Dissimilar","0","DissimilarControl","add","remove","add-remove","",""
"2289","669d753a74776ad79e3cdff4","control_Similar","99","SimilarControl","end","finish","end-finish","",""
"2290","669d753a74776ad79e3cdff4","control_Dissimilar","28","DissimilarControl","arrive","leave","arrive-leave","",""
"2291","669d753a74776ad79e3cdff4","test_ValenceMatch_Positive","62","ValenceMatchingOnly","caress","encourage","caress-encourage","ConceptualMismatch:physical","PositiveMatch"
"2292","669d753a74776ad79e3cdff4","test_ConceptualMatch_Physical","27","ConceptualMatchingOnly","twinkle","delete","twinkle-delete","ConceptualMatch:physical","PositiveMismatch"
"2293","669d753a74776ad79e3cdff4","control_MaxMatch_Negative_Physical","67","MaxMatch","hit","delete","hit-delete","ConceptualMatch:physical","NegativeMatch"
"2294","669d753a74776ad79e3cdff4","control_Similar","96","SimilarControl","ask","inquire","ask-inquire","",""
"2295","669d753a74776ad79e3cdff4","test_ValenceMatch_Negative","62","ValenceMatchingOnly","slash","embarrass","slash-embarrass","ConceptualMismatch:physical","NegativeMatch"
"2296","669d753a74776ad79e3cdff4","test_ConceptualMatch_Psychological","67","ConceptualMatchingOnly","like","irritate","like-irritate","ConceptualMatch:psychological","PositiveMismatch"
"2297","669d753a74776ad79e3cdff4","control_MaxMatch_Positive_Physical","72","MaxMatch","cuddle","twinkle","cuddle-twinkle","ConceptualMatch:physical","PositiveMatch"
"2298","669d753a74776ad79e3cdff4","control_MaxMatch_Negative_Psychological","67","MaxMatch","irritate","dishonor","irritate-dishonor","ConceptualMatch:psychological","NegativeMatch"
"2299","669d753a74776ad79e3cdff4","control_MaxMatch_Positive_Psychological","76","MaxMatch","content","cherish","content-cherish","ConceptualMatch:psychological","PositiveMatch"
"2300","669d753a74776ad79e3cdff4","control_MaxMismatch","20","MaxMismatch","like","rust","like-rust","ConceptualMismatch:psychological","PositiveMismatch"
"2301","669d753a74776ad79e3cdff4","control_Dissimilar","0","DissimilarControl","enter","exit","enter-exit","",""
"2302","669d753a74776ad79e3cdff4","control_Similar","86","SimilarControl","get","obtain","get-obtain","",""
"2303","669d753a74776ad79e3cdff4","control_Dissimilar","22","DissimilarControl","increase","decrease","increase-decrease","",""
"2304","669d753a74776ad79e3cdff4","test_ValenceMatch_Positive","88","ValenceMatchingOnly","produce","encourage","produce-encourage","ConceptualMismatch:physical","PositiveMatch"
"2305","669d753a74776ad79e3cdff4","test_ConceptualMatch_Physical","27","ConceptualMatchingOnly","hug","slash","hug-slash","ConceptualMatch:physical","PositiveMismatch"
"2306","669d753a74776ad79e3cdff4","control_MaxMatch_Negative_Physical","93","MaxMatch","burn","corrode","burn-corrode","ConceptualMatch:physical","NegativeMatch"
"2307","669d753a74776ad79e3cdff4","control_Similar","99","SimilarControl","speak","talk","speak-talk","",""
"2308","669d753a74776ad79e3cdff4","test_ValenceMatch_Negative","20","ValenceMatchingOnly","stain","dismay","stain-dismay","ConceptualMismatch:physical","NegativeMatch"
"2309","669d753a74776ad79e3cdff4","test_ConceptualMatch_Psychological","15","ConceptualMatchingOnly","like","dishonor","like-dishonor","ConceptualMatch:psychological","PositiveMismatch"
"2310","669d753a74776ad79e3cdff4","control_MaxMatch_Positive_Physical","62","MaxMatch","cuddle","produce","cuddle-produce","ConceptualMatch:physical","PositiveMatch"
"2311","669d753a74776ad79e3cdff4","control_MaxMatch_Negative_Psychological","74","MaxMatch","offend","displease","offend-displease","ConceptualMatch:psychological","NegativeMatch"
"2312","669d753a74776ad79e3cdff4","control_MaxMatch_Positive_Psychological","72","MaxMatch","content","adore","content-adore","ConceptualMatch:psychological","PositiveMatch"
"2313","669d753a74776ad79e3cdff4","control_MaxMismatch","47","MaxMismatch","reassure","hit","reassure-hit","ConceptualMismatch:psychological","PositiveMismatch"
"2314","669d753a74776ad79e3cdff4","control_Dissimilar","0","DissimilarControl","begin","end","begin-end","",""
"2315","669d753a74776ad79e3cdff4","control_Similar","99","SimilarControl","show","display","show-display","",""
"2316","669d753a74776ad79e3cdff4","control_Dissimilar","28","DissimilarControl","give","take","give-take","",""
"2317","669d753a74776ad79e3cdff4","test_ValenceMatch_Positive","72","ValenceMatchingOnly","hug","appreciate","hug-appreciate","ConceptualMismatch:physical","PositiveMatch"
"2318","669d753a74776ad79e3cdff4","test_ConceptualMatch_Physical","6","ConceptualMatchingOnly","clean","stain","clean-stain","ConceptualMatch:physical","PositiveMismatch"
"2319","669d753a74776ad79e3cdff4","control_MaxMatch_Negative_Physical","20","MaxMatch","rust","hit","rust-hit","ConceptualMatch:physical","NegativeMatch"
"2320","669d753a74776ad79e3cdff4","control_Similar","99","SimilarControl","help","assist","help-assist","",""
"2321","669d753a74776ad79e3cdff4","test_ValenceMatch_Negative","66","ValenceMatchingOnly","crash","criticize","crash-criticize","ConceptualMismatch:physical","NegativeMatch"
"2322","669d753a74776ad79e3cdff4","test_ConceptualMatch_Psychological","14","ConceptualMatchingOnly","appreciate","dishonor","appreciate-dishonor","ConceptualMatch:psychological","PositiveMismatch"
"2323","669d753a74776ad79e3cdff4","control_MaxMatch_Positive_Physical","98","MaxMatch","build","decorate","build-decorate","ConceptualMatch:physical","PositiveMatch"
"2324","669d753a74776ad79e3cdff4","control_MaxMatch_Negative_Psychological","88","MaxMatch","discourage","criticize","discourage-criticize","ConceptualMatch:psychological","NegativeMatch"
"2325","669d753a74776ad79e3cdff4","control_MaxMatch_Positive_Psychological","61","MaxMatch","content","reassure","content-reassure","ConceptualMatch:psychological","PositiveMatch"
"2326","669d753a74776ad79e3cdff4","control_MaxMismatch","5","MaxMismatch","admire","tear","admire-tear","ConceptualMismatch:psychological","PositiveMismatch"
"2327","669d753a74776ad79e3cdff4","control_Dissimilar","31","DissimilarControl","open","close","open-close","",""
"2328","669d753a74776ad79e3cdff4","control_Similar","77","SimilarControl","begin","start","begin-start","",""
"2329","669d753a74776ad79e3cdff4","control_Dissimilar","16","DissimilarControl","rise","fall","rise-fall","",""
"2330","669d753a74776ad79e3cdff4","test_ValenceMatch_Positive","55","ValenceMatchingOnly","caress","content","caress-content","ConceptualMismatch:physical","PositiveMatch"
"2331","669d753a74776ad79e3cdff4","test_ConceptualMatch_Physical","15","ConceptualMatchingOnly","build","delete","build-delete","ConceptualMatch:physical","PositiveMismatch"
"2332","669d753a74776ad79e3cdff4","control_MaxMatch_Negative_Physical","60","MaxMatch","slash","stain","slash-stain","ConceptualMatch:physical","NegativeMatch"
"2333","669d753a74776ad79e3cdff4","control_Similar","70","SimilarControl","use","employ","use-employ","",""
"2334","669d753a74776ad79e3cdff4","test_ValenceMatch_Negative","15","ValenceMatchingOnly","rust","dismay","rust-dismay","ConceptualMismatch:physical","NegativeMatch"
"2335","669d753a74776ad79e3cdff4","test_ConceptualMatch_Psychological","28","ConceptualMatchingOnly","content","dread","content-dread","ConceptualMatch:psychological","PositiveMismatch"
"2336","669d753a74776ad79e3cdff4","control_MaxMatch_Positive_Physical","67","MaxMatch","cuddle","decorate","cuddle-decorate","ConceptualMatch:physical","PositiveMatch"
"2337","669d753a74776ad79e3cdff4","control_MaxMatch_Negative_Psychological","76","MaxMatch","embarrass","dismay","embarrass-dismay","ConceptualMatch:psychological","NegativeMatch"
"2338","669d753a74776ad79e3cdff4","control_MaxMatch_Positive_Psychological","88","MaxMatch","respect","adore","respect-adore","ConceptualMatch:psychological","PositiveMatch"
"2339","669d753a74776ad79e3cdff4","control_MaxMismatch","17","MaxMismatch","impress","hit","impress-hit","ConceptualMismatch:psychological","PositiveMismatch"
"2340","669d753a74776ad79e3cdff4","control_Dissimilar","73","DissimilarControl","come","go","come-go","",""
"2341","59ed2107ae9f950001d848f6","control_Dissimilar","0","DissimilarControl","begin","end","begin-end","",""
"2342","59ed2107ae9f950001d848f6","control_Similar","84","SimilarControl","use","employ","use-employ","",""
"2343","59ed2107ae9f950001d848f6","test_ConceptualMatch_Psychological","0","ConceptualMatchingOnly","impress","displease","impress-displease","ConceptualMatch:psychological","PositiveMismatch"
"2344","59ed2107ae9f950001d848f6","test_ValenceMatch_Positive","0","ValenceMatchingOnly","repair","respect","repair-respect","ConceptualMismatch:physical","PositiveMatch"
"2345","59ed2107ae9f950001d848f6","test_ValenceMatch_Negative","24","ValenceMatchingOnly","delete","dishonor","delete-dishonor","ConceptualMismatch:physical","NegativeMatch"
"2346","59ed2107ae9f950001d848f6","control_MaxMatch_Positive_Physical","0","MaxMatch","cuddle","repair","cuddle-repair","ConceptualMatch:physical","PositiveMatch"
"2347","59ed2107ae9f950001d848f6","control_MaxMatch_Positive_Psychological","44","MaxMatch","content","cherish","content-cherish","ConceptualMatch:psychological","PositiveMatch"
"2348","59ed2107ae9f950001d848f6","control_MaxMatch_Negative_Physical","24","MaxMatch","slaughter","delete","slaughter-delete","ConceptualMatch:physical","NegativeMatch"
"2349","59ed2107ae9f950001d848f6","test_ConceptualMatch_Physical","0","ConceptualMatchingOnly","cuddle","rust","cuddle-rust","ConceptualMatch:physical","PositiveMismatch"
"2350","59ed2107ae9f950001d848f6","control_MaxMatch_Negative_Psychological","94","MaxMatch","irritate","displease","irritate-displease","ConceptualMatch:psychological","NegativeMatch"
"2351","59ed2107ae9f950001d848f6","control_Dissimilar","0","DissimilarControl","open","close","open-close","",""
"2352","59ed2107ae9f950001d848f6","control_MaxMismatch","0","MaxMismatch","appreciate","tear","appreciate-tear","ConceptualMismatch:psychological","PositiveMismatch"
"2353","59ed2107ae9f950001d848f6","control_Similar","99","SimilarControl","get","obtain","get-obtain","",""
"2354","59ed2107ae9f950001d848f6","control_Dissimilar","45","DissimilarControl","enter","exit","enter-exit","",""
"2355","59ed2107ae9f950001d848f6","control_Similar","99","SimilarControl","buy","purchase","buy-purchase","",""
"2356","59ed2107ae9f950001d848f6","test_ConceptualMatch_Psychological","0","ConceptualMatchingOnly","like","irritate","like-irritate","ConceptualMatch:psychological","PositiveMismatch"
"2357","59ed2107ae9f950001d848f6","test_ValenceMatch_Positive","51","ValenceMatchingOnly","build","encourage","build-encourage","ConceptualMismatch:physical","PositiveMatch"
"2358","59ed2107ae9f950001d848f6","test_ValenceMatch_Negative","0","ValenceMatchingOnly","stain","dread","stain-dread","ConceptualMismatch:physical","NegativeMatch"
"2359","59ed2107ae9f950001d848f6","control_MaxMatch_Positive_Physical","0","MaxMatch","build","clean","build-clean","ConceptualMatch:physical","PositiveMatch"
"2360","59ed2107ae9f950001d848f6","control_MaxMatch_Positive_Psychological","52","MaxMatch","content","appreciate","content-appreciate","ConceptualMatch:psychological","PositiveMatch"
"2361","59ed2107ae9f950001d848f6","control_MaxMatch_Negative_Physical","0","MaxMatch","tear","hit","tear-hit","ConceptualMatch:physical","NegativeMatch"
"2362","59ed2107ae9f950001d848f6","test_ConceptualMatch_Physical","0","ConceptualMatchingOnly","clean","hit","clean-hit","ConceptualMatch:physical","PositiveMismatch"
"2363","59ed2107ae9f950001d848f6","control_MaxMatch_Negative_Psychological","83","MaxMatch","embarrass","dismay","embarrass-dismay","ConceptualMatch:psychological","NegativeMatch"
"2364","59ed2107ae9f950001d848f6","control_Dissimilar","0","DissimilarControl","increase","decrease","increase-decrease","",""
"2365","59ed2107ae9f950001d848f6","control_MaxMismatch","0","MaxMismatch","content","slaughter","content-slaughter","ConceptualMismatch:psychological","PositiveMismatch"
"2366","59ed2107ae9f950001d848f6","control_Similar","99","SimilarControl","speak","talk","speak-talk","",""
"2367","59ed2107ae9f950001d848f6","control_Dissimilar","13","DissimilarControl","arrive","leave","arrive-leave","",""
"2368","59ed2107ae9f950001d848f6","control_Similar","99","SimilarControl","show","display","show-display","",""
"2369","59ed2107ae9f950001d848f6","test_ConceptualMatch_Psychological","0","ConceptualMatchingOnly","encourage","criticize","encourage-criticize","ConceptualMatch:psychological","PositiveMismatch"
"2370","59ed2107ae9f950001d848f6","test_ValenceMatch_Positive","0","ValenceMatchingOnly","sculpt","like","sculpt-like","ConceptualMismatch:physical","PositiveMatch"
"2371","59ed2107ae9f950001d848f6","test_ValenceMatch_Negative","7","ValenceMatchingOnly","tear","displease","tear-displease","ConceptualMismatch:physical","NegativeMatch"
"2372","59ed2107ae9f950001d848f6","control_MaxMatch_Positive_Physical","9","MaxMatch","build","hug","build-hug","ConceptualMatch:physical","PositiveMatch"
"2373","59ed2107ae9f950001d848f6","control_MaxMatch_Positive_Psychological","15","MaxMatch","impress","reassure","impress-reassure","ConceptualMatch:psychological","PositiveMatch"
"2374","59ed2107ae9f950001d848f6","control_MaxMatch_Negative_Physical","0","MaxMatch","tear","delete","tear-delete","ConceptualMatch:physical","NegativeMatch"
"2375","59ed2107ae9f950001d848f6","test_ConceptualMatch_Physical","0","ConceptualMatchingOnly","produce","delete","produce-delete","ConceptualMatch:physical","PositiveMismatch"
"2376","59ed2107ae9f950001d848f6","control_MaxMatch_Negative_Psychological","16","MaxMatch","criticize","dread","criticize-dread","ConceptualMatch:psychological","NegativeMatch"
"2377","59ed2107ae9f950001d848f6","control_Dissimilar","0","DissimilarControl","give","take","give-take","",""
"2378","59ed2107ae9f950001d848f6","control_MaxMismatch","0","MaxMismatch","admire","slash","admire-slash","ConceptualMismatch:psychological","PositiveMismatch"
"2379","59ed2107ae9f950001d848f6","control_Similar","99","SimilarControl","help","assist","help-assist","",""
"2380","59ed2107ae9f950001d848f6","control_Dissimilar","13","DissimilarControl","push","pull","push-pull","",""
"2381","59ed2107ae9f950001d848f6","control_Similar","86","SimilarControl","need","require","need-require","",""
"2382","59ed2107ae9f950001d848f6","test_ConceptualMatch_Psychological","0","ConceptualMatchingOnly","admire","discourage","admire-discourage","ConceptualMatch:psychological","PositiveMismatch"
"2383","59ed2107ae9f950001d848f6","test_ValenceMatch_Positive","2","ValenceMatchingOnly","twinkle","reassure","twinkle-reassure","ConceptualMismatch:physical","PositiveMatch"
"2384","59ed2107ae9f950001d848f6","test_ValenceMatch_Negative","12","ValenceMatchingOnly","tear","irritate","tear-irritate","ConceptualMismatch:physical","NegativeMatch"
"2385","59ed2107ae9f950001d848f6","control_MaxMatch_Positive_Physical","81","MaxMatch","cuddle","hug","cuddle-hug","ConceptualMatch:physical","PositiveMatch"
"2386","59ed2107ae9f950001d848f6","control_MaxMatch_Positive_Psychological","52","MaxMatch","impress","respect","impress-respect","ConceptualMatch:psychological","PositiveMatch"
"2387","59ed2107ae9f950001d848f6","control_MaxMatch_Negative_Physical","47","MaxMatch","slash","tear","slash-tear","ConceptualMatch:physical","NegativeMatch"
"2388","59ed2107ae9f950001d848f6","test_ConceptualMatch_Physical","0","ConceptualMatchingOnly","hug","delete","hug-delete","ConceptualMatch:physical","PositiveMismatch"
"2389","59ed2107ae9f950001d848f6","control_MaxMatch_Negative_Psychological","38","MaxMatch","irritate","dishonor","irritate-dishonor","ConceptualMatch:psychological","NegativeMatch"
"2390","59ed2107ae9f950001d848f6","control_Dissimilar","0","DissimilarControl","rise","fall","rise-fall","",""
"2391","59ed2107ae9f950001d848f6","control_MaxMismatch","0","MaxMismatch","appreciate","slaughter","appreciate-slaughter","ConceptualMismatch:psychological","PositiveMismatch"
"2392","59ed2107ae9f950001d848f6","control_Similar","99","SimilarControl","end","finish","end-finish","",""
"2393","59ed2107ae9f950001d848f6","control_Dissimilar","0","DissimilarControl","come","go","come-go","",""
"2394","59ed2107ae9f950001d848f6","control_Similar","99","SimilarControl","begin","start","begin-start","",""
"2395","59ed2107ae9f950001d848f6","test_ConceptualMatch_Psychological","0","ConceptualMatchingOnly","impress","despair","impress-despair","ConceptualMatch:psychological","PositiveMismatch"
"2396","59ed2107ae9f950001d848f6","test_ValenceMatch_Positive","0","ValenceMatchingOnly","clean","adore","clean-adore","ConceptualMismatch:physical","PositiveMatch"
"2397","59ed2107ae9f950001d848f6","test_ValenceMatch_Negative","0","ValenceMatchingOnly","tear","offend","tear-offend","ConceptualMismatch:physical","NegativeMatch"
"2398","59ed2107ae9f950001d848f6","control_MaxMatch_Positive_Physical","0","MaxMatch","cuddle","twinkle","cuddle-twinkle","ConceptualMatch:physical","PositiveMatch"
"2399","59ed2107ae9f950001d848f6","control_MaxMatch_Positive_Psychological","91","MaxMatch","admire","adore","admire-adore","ConceptualMatch:psychological","PositiveMatch"
"2400","59ed2107ae9f950001d848f6","control_MaxMatch_Negative_Physical","25","MaxMatch","slaughter","corrode","slaughter-corrode","ConceptualMatch:physical","NegativeMatch"
"2401","59ed2107ae9f950001d848f6","test_ConceptualMatch_Physical","9","ConceptualMatchingOnly","decorate","stain","decorate-stain","ConceptualMatch:physical","PositiveMismatch"
"2402","59ed2107ae9f950001d848f6","control_MaxMatch_Negative_Psychological","67","MaxMatch","irritate","discourage","irritate-discourage","ConceptualMatch:psychological","NegativeMatch"
"2403","59ed2107ae9f950001d848f6","control_Dissimilar","3","DissimilarControl","add","remove","add-remove","",""
"2404","59ed2107ae9f950001d848f6","control_MaxMismatch","0","MaxMismatch","adore","burn","adore-burn","ConceptualMismatch:psychological","PositiveMismatch"
"2405","59ed2107ae9f950001d848f6","control_Similar","99","SimilarControl","ask","inquire","ask-inquire","",""
"2406","5c7cc4d59f29bd0018349603","control_Dissimilar","0","DissimilarControl","open","close","open-close","",""
"2407","5c7cc4d59f29bd0018349603","control_Similar","99","SimilarControl","begin","start","begin-start","",""
"2408","5c7cc4d59f29bd0018349603","test_ConceptualMatch_Psychological","44","ConceptualMatchingOnly","content","discourage","content-discourage","ConceptualMatch:psychological","PositiveMismatch"
"2409","5c7cc4d59f29bd0018349603","control_Dissimilar","0","DissimilarControl","begin","end","begin-end","",""
"2410","5c7cc4d59f29bd0018349603","control_Similar","99","SimilarControl","need","require","need-require","",""
"2411","5c7cc4d59f29bd0018349603","control_MaxMatch_Positive_Psychological","79","MaxMatch","appreciate","cherish","appreciate-cherish","ConceptualMatch:psychological","PositiveMatch"
"2412","5c7cc4d59f29bd0018349603","control_MaxMismatch","48","MaxMismatch","reassure","delete","reassure-delete","ConceptualMismatch:psychological","PositiveMismatch"
"2413","5c7cc4d59f29bd0018349603","control_MaxMatch_Negative_Physical","75","MaxMatch","delete","corrode","delete-corrode","ConceptualMatch:physical","NegativeMatch"
"2414","5c7cc4d59f29bd0018349603","test_ConceptualMatch_Physical","48","ConceptualMatchingOnly","sculpt","crash","sculpt-crash","ConceptualMatch:physical","PositiveMismatch"
"2415","5c7cc4d59f29bd0018349603","test_ValenceMatch_Negative","52","ValenceMatchingOnly","rust","dismay","rust-dismay","ConceptualMismatch:physical","NegativeMatch"
"2416","5c7cc4d59f29bd0018349603","control_MaxMatch_Positive_Physical","77","MaxMatch","build","produce","build-produce","ConceptualMatch:physical","PositiveMatch"
"2417","5c7cc4d59f29bd0018349603","test_ValenceMatch_Positive","59","ValenceMatchingOnly","cuddle","respect","cuddle-respect","ConceptualMismatch:physical","PositiveMatch"
"2418","5c7cc4d59f29bd0018349603","control_MaxMatch_Negative_Psychological","61","MaxMatch","displease","dishonor","displease-dishonor","ConceptualMatch:psychological","NegativeMatch"
"2419","5c7cc4d59f29bd0018349603","control_Dissimilar","0","DissimilarControl","push","pull","push-pull","",""
"2420","5c7cc4d59f29bd0018349603","control_Similar","99","SimilarControl","buy","purchase","buy-purchase","",""
"2421","5c7cc4d59f29bd0018349603","test_ConceptualMatch_Psychological","25","ConceptualMatchingOnly","admire","discourage","admire-discourage","ConceptualMatch:psychological","PositiveMismatch"
"2422","5c7cc4d59f29bd0018349603","control_Dissimilar","0","DissimilarControl","arrive","leave","arrive-leave","",""
"2423","5c7cc4d59f29bd0018349603","control_Similar","80","SimilarControl","use","employ","use-employ","",""
"2424","5c7cc4d59f29bd0018349603","control_MaxMatch_Positive_Psychological","66","MaxMatch","content","admire","content-admire","ConceptualMatch:psychological","PositiveMatch"
"2425","5c7cc4d59f29bd0018349603","control_MaxMismatch","28","MaxMismatch","impress","burn","impress-burn","ConceptualMismatch:psychological","PositiveMismatch"
"2426","5c7cc4d59f29bd0018349603","control_MaxMatch_Negative_Physical","52","MaxMatch","tear","hit","tear-hit","ConceptualMatch:physical","NegativeMatch"
"2427","5c7cc4d59f29bd0018349603","test_ConceptualMatch_Physical","44","ConceptualMatchingOnly","clean","crash","clean-crash","ConceptualMatch:physical","PositiveMismatch"
"2428","5c7cc4d59f29bd0018349603","test_ValenceMatch_Negative","61","ValenceMatchingOnly","hit","despair","hit-despair","ConceptualMismatch:physical","NegativeMatch"
"2429","5c7cc4d59f29bd0018349603","control_MaxMatch_Positive_Physical","14","MaxMatch","repair","produce","repair-produce","ConceptualMatch:physical","PositiveMatch"
"2430","5c7cc4d59f29bd0018349603","test_ValenceMatch_Positive","60","ValenceMatchingOnly","twinkle","encourage","twinkle-encourage","ConceptualMismatch:physical","PositiveMatch"
"2431","5c7cc4d59f29bd0018349603","control_MaxMatch_Negative_Psychological","61","MaxMatch","offend","despair","offend-despair","ConceptualMatch:psychological","NegativeMatch"
"2432","5c7cc4d59f29bd0018349603","control_Dissimilar","0","DissimilarControl","increase","decrease","increase-decrease","",""
"2433","5c7cc4d59f29bd0018349603","control_Similar","99","SimilarControl","help","assist","help-assist","",""
"2434","5c7cc4d59f29bd0018349603","test_ConceptualMatch_Psychological","29","ConceptualMatchingOnly","encourage","dishonor","encourage-dishonor","ConceptualMatch:psychological","PositiveMismatch"
"2435","5c7cc4d59f29bd0018349603","control_Dissimilar","0","DissimilarControl","enter","exit","enter-exit","",""
"2436","5c7cc4d59f29bd0018349603","control_Similar","99","SimilarControl","speak","talk","speak-talk","",""
"2437","5c7cc4d59f29bd0018349603","control_MaxMatch_Positive_Psychological","62","MaxMatch","encourage","impress","encourage-impress","ConceptualMatch:psychological","PositiveMatch"
"2438","5c7cc4d59f29bd0018349603","control_MaxMismatch","6","MaxMismatch","respect","stain","respect-stain","ConceptualMismatch:psychological","PositiveMismatch"
"2439","5c7cc4d59f29bd0018349603","control_MaxMatch_Negative_Physical","39","MaxMatch","rust","crash","rust-crash","ConceptualMatch:physical","NegativeMatch"
"2440","5c7cc4d59f29bd0018349603","test_ConceptualMatch_Physical","13","ConceptualMatchingOnly","cuddle","tear","cuddle-tear","ConceptualMatch:physical","PositiveMismatch"
"2441","5c7cc4d59f29bd0018349603","test_ValenceMatch_Negative","54","ValenceMatchingOnly","rust","despair","rust-despair","ConceptualMismatch:physical","NegativeMatch"
"2442","5c7cc4d59f29bd0018349603","control_MaxMatch_Positive_Physical","24","MaxMatch","caress","clean","caress-clean","ConceptualMatch:physical","PositiveMatch"
"2443","5c7cc4d59f29bd0018349603","test_ValenceMatch_Positive","66","ValenceMatchingOnly","caress","appreciate","caress-appreciate","ConceptualMismatch:physical","PositiveMatch"
"2444","5c7cc4d59f29bd0018349603","control_MaxMatch_Negative_Psychological","39","MaxMatch","criticize","dread","criticize-dread","ConceptualMatch:psychological","NegativeMatch"
"2445","5c7cc4d59f29bd0018349603","control_Dissimilar","0","DissimilarControl","give","take","give-take","",""
"2446","5c7cc4d59f29bd0018349603","control_Similar","99","SimilarControl","end","finish","end-finish","",""
"2447","5c7cc4d59f29bd0018349603","test_ConceptualMatch_Psychological","11","ConceptualMatchingOnly","impress","offend","impress-offend","ConceptualMatch:psychological","PositiveMismatch"
"2448","5c7cc4d59f29bd0018349603","control_Dissimilar","0","DissimilarControl","rise","fall","rise-fall","",""
"2449","5c7cc4d59f29bd0018349603","control_Similar","99","SimilarControl","get","obtain","get-obtain","",""
"2450","5c7cc4d59f29bd0018349603","control_MaxMatch_Positive_Psychological","71","MaxMatch","reassure","cherish","reassure-cherish","ConceptualMatch:psychological","PositiveMatch"
"2451","5c7cc4d59f29bd0018349603","control_MaxMismatch","16","MaxMismatch","encourage","slaughter","encourage-slaughter","ConceptualMismatch:psychological","PositiveMismatch"
"2452","5c7cc4d59f29bd0018349603","control_MaxMatch_Negative_Physical","62","MaxMatch","crash","corrode","crash-corrode","ConceptualMatch:physical","NegativeMatch"
"2453","5c7cc4d59f29bd0018349603","test_ConceptualMatch_Physical","9","ConceptualMatchingOnly","build","burn","build-burn","ConceptualMatch:physical","PositiveMismatch"
"2454","5c7cc4d59f29bd0018349603","test_ValenceMatch_Negative","61","ValenceMatchingOnly","slash","displease","slash-displease","ConceptualMismatch:physical","NegativeMatch"
"2455","5c7cc4d59f29bd0018349603","control_MaxMatch_Positive_Physical","20","MaxMatch","sculpt","twinkle","sculpt-twinkle","ConceptualMatch:physical","PositiveMatch"
"2456","5c7cc4d59f29bd0018349603","test_ValenceMatch_Positive","59","ValenceMatchingOnly","cuddle","impress","cuddle-impress","ConceptualMismatch:physical","PositiveMatch"
"2457","5c7cc4d59f29bd0018349603","control_MaxMatch_Negative_Psychological","73","MaxMatch","displease","criticize","displease-criticize","ConceptualMatch:psychological","NegativeMatch"
"2458","5c7cc4d59f29bd0018349603","control_Dissimilar","0","DissimilarControl","come","go","come-go","",""
"2459","5c7cc4d59f29bd0018349603","control_Similar","99","SimilarControl","ask","inquire","ask-inquire","",""
"2460","5c7cc4d59f29bd0018349603","test_ConceptualMatch_Psychological","20","ConceptualMatchingOnly","reassure","irritate","reassure-irritate","ConceptualMatch:psychological","PositiveMismatch"
"2461","5c7cc4d59f29bd0018349603","control_Dissimilar","0","DissimilarControl","add","remove","add-remove","",""
"2462","5c7cc4d59f29bd0018349603","control_Similar","99","SimilarControl","show","display","show-display","",""
"2463","5c7cc4d59f29bd0018349603","control_MaxMatch_Positive_Psychological","65","MaxMatch","impress","cherish","impress-cherish","ConceptualMatch:psychological","PositiveMatch"
"2464","5c7cc4d59f29bd0018349603","control_MaxMismatch","27","MaxMismatch","respect","slash","respect-slash","ConceptualMismatch:psychological","PositiveMismatch"
"2465","5c7cc4d59f29bd0018349603","control_MaxMatch_Negative_Physical","77","MaxMatch","slash","burn","slash-burn","ConceptualMatch:physical","NegativeMatch"
"2466","5c7cc4d59f29bd0018349603","test_ConceptualMatch_Physical","21","ConceptualMatchingOnly","cuddle","burn","cuddle-burn","ConceptualMatch:physical","PositiveMismatch"
"2467","5c7cc4d59f29bd0018349603","test_ValenceMatch_Negative","59","ValenceMatchingOnly","slaughter","discourage","slaughter-discourage","ConceptualMismatch:physical","NegativeMatch"
"2468","5c7cc4d59f29bd0018349603","control_MaxMatch_Positive_Physical","33","MaxMatch","build","twinkle","build-twinkle","ConceptualMatch:physical","PositiveMatch"
"2469","5c7cc4d59f29bd0018349603","test_ValenceMatch_Positive","67","ValenceMatchingOnly","hug","impress","hug-impress","ConceptualMismatch:physical","PositiveMatch"
"2470","5c7cc4d59f29bd0018349603","control_MaxMatch_Negative_Psychological","83","MaxMatch","despair","dread","despair-dread","ConceptualMatch:psychological","NegativeMatch"
"2471","67722f8e3a4f08a288a1f640","control_Similar","99","SimilarControl","buy","purchase","buy-purchase","",""
"2472","67722f8e3a4f08a288a1f640","control_Dissimilar","0","DissimilarControl","give","take","give-take","",""
"2473","67722f8e3a4f08a288a1f640","test_ValenceMatch_Negative","0","ValenceMatchingOnly","burn","embarrass","burn-embarrass","ConceptualMismatch:physical","NegativeMatch"
"2474","67722f8e3a4f08a288a1f640","control_MaxMismatch","0","MaxMismatch","impress","tear","impress-tear","ConceptualMismatch:psychological","PositiveMismatch"
"2475","67722f8e3a4f08a288a1f640","test_ValenceMatch_Positive","0","ValenceMatchingOnly","sculpt","encourage","sculpt-encourage","ConceptualMismatch:physical","PositiveMatch"
"2476","67722f8e3a4f08a288a1f640","control_MaxMatch_Positive_Physical","0","MaxMatch","hug","sculpt","hug-sculpt","ConceptualMatch:physical","PositiveMatch"
"2477","67722f8e3a4f08a288a1f640","test_ConceptualMatch_Physical","0","ConceptualMatchingOnly","decorate","tear","decorate-tear","ConceptualMatch:physical","PositiveMismatch"
"2478","67722f8e3a4f08a288a1f640","control_MaxMatch_Negative_Psychological","0","MaxMatch","irritate","dismay","irritate-dismay","ConceptualMatch:psychological","NegativeMatch"
"2479","67722f8e3a4f08a288a1f640","control_MaxMatch_Negative_Physical","57","MaxMatch","slaughter","slash","slaughter-slash","ConceptualMatch:physical","NegativeMatch"
"2480","67722f8e3a4f08a288a1f640","control_MaxMatch_Positive_Psychological","74","MaxMatch","encourage","reassure","encourage-reassure","ConceptualMatch:psychological","PositiveMatch"
"2481","67722f8e3a4f08a288a1f640","test_ConceptualMatch_Psychological","0","ConceptualMatchingOnly","encourage","embarrass","encourage-embarrass","ConceptualMatch:psychological","PositiveMismatch"
"2482","67722f8e3a4f08a288a1f640","control_Similar","99","SimilarControl","end","finish","end-finish","",""
"2483","67722f8e3a4f08a288a1f640","control_Dissimilar","0","DissimilarControl","come","go","come-go","",""
"2484","67722f8e3a4f08a288a1f640","control_Similar","74","SimilarControl","use","employ","use-employ","",""
"2485","67722f8e3a4f08a288a1f640","control_Dissimilar","0","DissimilarControl","add","remove","add-remove","",""
"2486","67722f8e3a4f08a288a1f640","test_ValenceMatch_Negative","0","ValenceMatchingOnly","delete","discourage","delete-discourage","ConceptualMismatch:physical","NegativeMatch"
"2487","67722f8e3a4f08a288a1f640","control_MaxMismatch","0","MaxMismatch","cherish","crash","cherish-crash","ConceptualMismatch:psychological","PositiveMismatch"
"2488","67722f8e3a4f08a288a1f640","test_ValenceMatch_Positive","59","ValenceMatchingOnly","build","encourage","build-encourage","ConceptualMismatch:physical","PositiveMatch"
"2489","67722f8e3a4f08a288a1f640","control_MaxMatch_Positive_Physical","0","MaxMatch","cuddle","clean","cuddle-clean","ConceptualMatch:physical","PositiveMatch"
"2490","67722f8e3a4f08a288a1f640","test_ConceptualMatch_Physical","0","ConceptualMatchingOnly","cuddle","rust","cuddle-rust","ConceptualMatch:physical","PositiveMismatch"
"2491","67722f8e3a4f08a288a1f640","control_MaxMatch_Negative_Psychological","0","MaxMatch","dismay","dread","dismay-dread","ConceptualMatch:psychological","NegativeMatch"
"2492","67722f8e3a4f08a288a1f640","control_MaxMatch_Negative_Physical","0","MaxMatch","slaughter","delete","slaughter-delete","ConceptualMatch:physical","NegativeMatch"
"2493","67722f8e3a4f08a288a1f640","control_MaxMatch_Positive_Psychological","65","MaxMatch","admire","cherish","admire-cherish","ConceptualMatch:psychological","PositiveMatch"
"2494","67722f8e3a4f08a288a1f640","test_ConceptualMatch_Psychological","0","ConceptualMatchingOnly","like","despair","like-despair","ConceptualMatch:psychological","PositiveMismatch"
"2495","67722f8e3a4f08a288a1f640","control_Similar","99","SimilarControl","begin","start","begin-start","",""
"2496","67722f8e3a4f08a288a1f640","control_Dissimilar","0","DissimilarControl","begin","end","begin-end","",""
"2497","67722f8e3a4f08a288a1f640","control_Similar","84","SimilarControl","show","display","show-display","",""
"2498","67722f8e3a4f08a288a1f640","control_Dissimilar","0","DissimilarControl","open","close","open-close","",""
"2499","67722f8e3a4f08a288a1f640","test_ValenceMatch_Negative","0","ValenceMatchingOnly","crash","despair","crash-despair","ConceptualMismatch:physical","NegativeMatch"
"2500","67722f8e3a4f08a288a1f640","control_MaxMismatch","0","MaxMismatch","impress","delete","impress-delete","ConceptualMismatch:psychological","PositiveMismatch"
"2501","67722f8e3a4f08a288a1f640","test_ValenceMatch_Positive","0","ValenceMatchingOnly","hug","impress","hug-impress","ConceptualMismatch:physical","PositiveMatch"
"2502","67722f8e3a4f08a288a1f640","control_MaxMatch_Positive_Physical","0","MaxMatch","produce","clean","produce-clean","ConceptualMatch:physical","PositiveMatch"
"2503","67722f8e3a4f08a288a1f640","test_ConceptualMatch_Physical","0","ConceptualMatchingOnly","hug","burn","hug-burn","ConceptualMatch:physical","PositiveMismatch"
"2504","67722f8e3a4f08a288a1f640","control_MaxMatch_Negative_Psychological","2","MaxMatch","despair","dread","despair-dread","ConceptualMatch:psychological","NegativeMatch"
"2505","67722f8e3a4f08a288a1f640","control_MaxMatch_Negative_Physical","0","MaxMatch","delete","corrode","delete-corrode","ConceptualMatch:physical","NegativeMatch"
"2506","67722f8e3a4f08a288a1f640","control_MaxMatch_Positive_Psychological","58","MaxMatch","impress","respect","impress-respect","ConceptualMatch:psychological","PositiveMatch"
"2507","67722f8e3a4f08a288a1f640","test_ConceptualMatch_Psychological","0","ConceptualMatchingOnly","admire","offend","admire-offend","ConceptualMatch:psychological","PositiveMismatch"
"2508","67722f8e3a4f08a288a1f640","control_Similar","95","SimilarControl","ask","inquire","ask-inquire","",""
"2509","67722f8e3a4f08a288a1f640","control_Dissimilar","0","DissimilarControl","arrive","leave","arrive-leave","",""
"2510","67722f8e3a4f08a288a1f640","control_Similar","95","SimilarControl","need","require","need-require","",""
"2511","67722f8e3a4f08a288a1f640","control_Dissimilar","0","DissimilarControl","rise","fall","rise-fall","",""
"2512","67722f8e3a4f08a288a1f640","test_ValenceMatch_Negative","0","ValenceMatchingOnly","hit","criticize","hit-criticize","ConceptualMismatch:physical","NegativeMatch"
"2513","67722f8e3a4f08a288a1f640","control_MaxMismatch","0","MaxMismatch","like","corrode","like-corrode","ConceptualMismatch:psychological","PositiveMismatch"
"2514","67722f8e3a4f08a288a1f640","test_ValenceMatch_Positive","0","ValenceMatchingOnly","repair","appreciate","repair-appreciate","ConceptualMismatch:physical","PositiveMatch"
"2515","67722f8e3a4f08a288a1f640","control_MaxMatch_Positive_Physical","61","MaxMatch","sculpt","decorate","sculpt-decorate","ConceptualMatch:physical","PositiveMatch"
"2516","67722f8e3a4f08a288a1f640","test_ConceptualMatch_Physical","0","ConceptualMatchingOnly","cuddle","corrode","cuddle-corrode","ConceptualMatch:physical","PositiveMismatch"
"2517","67722f8e3a4f08a288a1f640","control_MaxMatch_Negative_Psychological","58","MaxMatch","despair","dismay","despair-dismay","ConceptualMatch:psychological","NegativeMatch"
"2518","67722f8e3a4f08a288a1f640","control_MaxMatch_Negative_Physical","0","MaxMatch","tear","burn","tear-burn","ConceptualMatch:physical","NegativeMatch"
"2519","67722f8e3a4f08a288a1f640","control_MaxMatch_Positive_Psychological","0","MaxMatch","reassure","adore","reassure-adore","ConceptualMatch:psychological","PositiveMatch"
"2520","67722f8e3a4f08a288a1f640","test_ConceptualMatch_Psychological","0","ConceptualMatchingOnly","admire","embarrass","admire-embarrass","ConceptualMatch:psychological","PositiveMismatch"
"2521","67722f8e3a4f08a288a1f640","control_Similar","87","SimilarControl","speak","talk","speak-talk","",""
"2522","67722f8e3a4f08a288a1f640","control_Dissimilar","0","DissimilarControl","enter","exit","enter-exit","",""
"2523","67722f8e3a4f08a288a1f640","control_Similar","93","SimilarControl","help","assist","help-assist","",""
"2524","67722f8e3a4f08a288a1f640","control_Dissimilar","0","DissimilarControl","push","pull","push-pull","",""
"2525","67722f8e3a4f08a288a1f640","test_ValenceMatch_Negative","0","ValenceMatchingOnly","slash","displease","slash-displease","ConceptualMismatch:physical","NegativeMatch"
"2526","67722f8e3a4f08a288a1f640","control_MaxMismatch","0","MaxMismatch","adore","stain","adore-stain","ConceptualMismatch:psychological","PositiveMismatch"
"2527","67722f8e3a4f08a288a1f640","test_ValenceMatch_Positive","0","ValenceMatchingOnly","build","like","build-like","ConceptualMismatch:physical","PositiveMatch"
"2528","67722f8e3a4f08a288a1f640","control_MaxMatch_Positive_Physical","0","MaxMatch","hug","twinkle","hug-twinkle","ConceptualMatch:physical","PositiveMatch"
"2529","67722f8e3a4f08a288a1f640","test_ConceptualMatch_Physical","0","ConceptualMatchingOnly","decorate","hit","decorate-hit","ConceptualMatch:physical","PositiveMismatch"
"2530","67722f8e3a4f08a288a1f640","control_MaxMatch_Negative_Psychological","59","MaxMatch","offend","criticize","offend-criticize","ConceptualMatch:psychological","NegativeMatch"
"2531","67722f8e3a4f08a288a1f640","control_MaxMatch_Negative_Physical","0","MaxMatch","burn","stain","burn-stain","ConceptualMatch:physical","NegativeMatch"
"2532","67722f8e3a4f08a288a1f640","control_MaxMatch_Positive_Psychological","57","MaxMatch","content","appreciate","content-appreciate","ConceptualMatch:psychological","PositiveMatch"
"2533","67722f8e3a4f08a288a1f640","test_ConceptualMatch_Psychological","0","ConceptualMatchingOnly","appreciate","embarrass","appreciate-embarrass","ConceptualMatch:psychological","PositiveMismatch"
"2534","67722f8e3a4f08a288a1f640","control_Similar","82","SimilarControl","get","obtain","get-obtain","",""
"2535","67722f8e3a4f08a288a1f640","control_Dissimilar","0","DissimilarControl","increase","decrease","increase-decrease","",""
"2536","66df530525ff636218e380bf","control_Dissimilar","0","DissimilarControl","begin","end","begin-end","",""
"2537","66df530525ff636218e380bf","control_Similar","98","SimilarControl","get","obtain","get-obtain","",""
"2538","66df530525ff636218e380bf","control_Dissimilar","0","DissimilarControl","open","close","open-close","",""
"2539","66df530525ff636218e380bf","control_MaxMatch_Negative_Physical","68","MaxMatch","hit","delete","hit-delete","ConceptualMatch:physical","NegativeMatch"
"2540","66df530525ff636218e380bf","test_ConceptualMatch_Physical","24","ConceptualMatchingOnly","cuddle","crash","cuddle-crash","ConceptualMatch:physical","PositiveMismatch"
"2541","66df530525ff636218e380bf","control_MaxMismatch","16","MaxMismatch","reassure","rust","reassure-rust","ConceptualMismatch:psychological","PositiveMismatch"
"2542","66df530525ff636218e380bf","control_MaxMatch_Negative_Psychological","87","MaxMatch","despair","dread","despair-dread","ConceptualMatch:psychological","NegativeMatch"
"2543","66df530525ff636218e380bf","control_Similar","99","SimilarControl","begin","start","begin-start","",""
"2544","66df530525ff636218e380bf","control_MaxMatch_Positive_Physical","60","MaxMatch","cuddle","produce","cuddle-produce","ConceptualMatch:physical","PositiveMatch"
"2545","66df530525ff636218e380bf","test_ValenceMatch_Negative","68","ValenceMatchingOnly","hit","displease","hit-displease","ConceptualMismatch:physical","NegativeMatch"
"2546","66df530525ff636218e380bf","test_ConceptualMatch_Psychological","14","ConceptualMatchingOnly","cherish","dishonor","cherish-dishonor","ConceptualMatch:psychological","PositiveMismatch"
"2547","66df530525ff636218e380bf","test_ValenceMatch_Positive","20","ValenceMatchingOnly","decorate","reassure","decorate-reassure","ConceptualMismatch:physical","PositiveMatch"
"2548","66df530525ff636218e380bf","control_MaxMatch_Positive_Psychological","79","MaxMatch","impress","adore","impress-adore","ConceptualMatch:psychological","PositiveMatch"
"2549","66df530525ff636218e380bf","control_Dissimilar","12","DissimilarControl","enter","exit","enter-exit","",""
"2550","66df530525ff636218e380bf","control_Similar","85","SimilarControl","show","display","show-display","",""
"2551","66df530525ff636218e380bf","control_Dissimilar","3","DissimilarControl","give","take","give-take","",""
"2552","66df530525ff636218e380bf","control_MaxMatch_Negative_Physical","86","MaxMatch","slash","tear","slash-tear","ConceptualMatch:physical","NegativeMatch"
"2553","66df530525ff636218e380bf","test_ConceptualMatch_Physical","20","ConceptualMatchingOnly","produce","rust","produce-rust","ConceptualMatch:physical","PositiveMismatch"
"2554","66df530525ff636218e380bf","control_MaxMismatch","19","MaxMismatch","like","slaughter","like-slaughter","ConceptualMismatch:psychological","PositiveMismatch"
"2555","66df530525ff636218e380bf","control_MaxMatch_Negative_Psychological","65","MaxMatch","offend","dread","offend-dread","ConceptualMatch:psychological","NegativeMatch"
"2556","66df530525ff636218e380bf","control_Similar","97","SimilarControl","need","require","need-require","",""
"2557","66df530525ff636218e380bf","control_MaxMatch_Positive_Physical","72","MaxMatch","repair","sculpt","repair-sculpt","ConceptualMatch:physical","PositiveMatch"
"2558","66df530525ff636218e380bf","test_ValenceMatch_Negative","61","ValenceMatchingOnly","burn","discourage","burn-discourage","ConceptualMismatch:physical","NegativeMatch"
"2559","66df530525ff636218e380bf","test_ConceptualMatch_Psychological","27","ConceptualMatchingOnly","appreciate","discourage","appreciate-discourage","ConceptualMatch:psychological","PositiveMismatch"
"2560","66df530525ff636218e380bf","test_ValenceMatch_Positive","59","ValenceMatchingOnly","twinkle","respect","twinkle-respect","ConceptualMismatch:physical","PositiveMatch"
"2561","66df530525ff636218e380bf","control_MaxMatch_Positive_Psychological","73","MaxMatch","respect","cherish","respect-cherish","ConceptualMatch:psychological","PositiveMatch"
"2562","66df530525ff636218e380bf","control_Dissimilar","18","DissimilarControl","rise","fall","rise-fall","",""
"2563","66df530525ff636218e380bf","control_Similar","95","SimilarControl","buy","purchase","buy-purchase","",""
"2564","66df530525ff636218e380bf","control_Dissimilar","0","DissimilarControl","increase","decrease","increase-decrease","",""
"2565","66df530525ff636218e380bf","control_MaxMatch_Negative_Physical","74","MaxMatch","rust","crash","rust-crash","ConceptualMatch:physical","NegativeMatch"
"2566","66df530525ff636218e380bf","test_ConceptualMatch_Physical","35","ConceptualMatchingOnly","cuddle","tear","cuddle-tear","ConceptualMatch:physical","PositiveMismatch"
"2567","66df530525ff636218e380bf","control_MaxMismatch","36","MaxMismatch","impress","burn","impress-burn","ConceptualMismatch:psychological","PositiveMismatch"
"2568","66df530525ff636218e380bf","control_MaxMatch_Negative_Psychological","78","MaxMatch","displease","dismay","displease-dismay","ConceptualMatch:psychological","NegativeMatch"
"2569","66df530525ff636218e380bf","control_Similar","96","SimilarControl","use","employ","use-employ","",""
"2570","66df530525ff636218e380bf","control_MaxMatch_Positive_Physical","64","MaxMatch","hug","decorate","hug-decorate","ConceptualMatch:physical","PositiveMatch"
"2571","66df530525ff636218e380bf","test_ValenceMatch_Negative","29","ValenceMatchingOnly","slash","dismay","slash-dismay","ConceptualMismatch:physical","NegativeMatch"
"2572","66df530525ff636218e380bf","test_ConceptualMatch_Psychological","30","ConceptualMatchingOnly","encourage","dismay","encourage-dismay","ConceptualMatch:psychological","PositiveMismatch"
"2573","66df530525ff636218e380bf","test_ValenceMatch_Positive","61","ValenceMatchingOnly","twinkle","content","twinkle-content","ConceptualMismatch:physical","PositiveMatch"
"2574","66df530525ff636218e380bf","control_MaxMatch_Positive_Psychological","79","MaxMatch","reassure","respect","reassure-respect","ConceptualMatch:psychological","PositiveMatch"
"2575","66df530525ff636218e380bf","control_Dissimilar","0","DissimilarControl","add","remove","add-remove","",""
"2576","66df530525ff636218e380bf","control_Similar","99","SimilarControl","ask","inquire","ask-inquire","",""
"2577","66df530525ff636218e380bf","control_Dissimilar","0","DissimilarControl","push","pull","push-pull","",""
"2578","66df530525ff636218e380bf","control_MaxMatch_Negative_Physical","69","MaxMatch","burn","hit","burn-hit","ConceptualMatch:physical","NegativeMatch"
"2579","66df530525ff636218e380bf","test_ConceptualMatch_Physical","67","ConceptualMatchingOnly","clean","hit","clean-hit","ConceptualMatch:physical","PositiveMismatch"
"2580","66df530525ff636218e380bf","control_MaxMismatch","45","MaxMismatch","like","hit","like-hit","ConceptualMismatch:psychological","PositiveMismatch"
"2581","66df530525ff636218e380bf","control_MaxMatch_Negative_Psychological","71","MaxMatch","offend","despair","offend-despair","ConceptualMatch:psychological","NegativeMatch"
"2582","66df530525ff636218e380bf","control_Similar","97","SimilarControl","speak","talk","speak-talk","",""
"2583","66df530525ff636218e380bf","control_MaxMatch_Positive_Physical","59","MaxMatch","build","caress","build-caress","ConceptualMatch:physical","PositiveMatch"
"2584","66df530525ff636218e380bf","test_ValenceMatch_Negative","65","ValenceMatchingOnly","tear","despair","tear-despair","ConceptualMismatch:physical","NegativeMatch"
"2585","66df530525ff636218e380bf","test_ConceptualMatch_Psychological","10","ConceptualMatchingOnly","admire","dismay","admire-dismay","ConceptualMatch:psychological","PositiveMismatch"
"2586","66df530525ff636218e380bf","test_ValenceMatch_Positive","60","ValenceMatchingOnly","decorate","appreciate","decorate-appreciate","ConceptualMismatch:physical","PositiveMatch"
"2587","66df530525ff636218e380bf","control_MaxMatch_Positive_Psychological","82","MaxMatch","appreciate","impress","appreciate-impress","ConceptualMatch:psychological","PositiveMatch"
"2588","66df530525ff636218e380bf","control_Dissimilar","0","DissimilarControl","arrive","leave","arrive-leave","",""
"2589","66df530525ff636218e380bf","control_Similar","99","SimilarControl","end","finish","end-finish","",""
"2590","66df530525ff636218e380bf","control_Dissimilar","68","DissimilarControl","come","go","come-go","",""
"2591","66df530525ff636218e380bf","control_MaxMatch_Negative_Physical","72","MaxMatch","slash","delete","slash-delete","ConceptualMatch:physical","NegativeMatch"
"2592","66df530525ff636218e380bf","test_ConceptualMatch_Physical","29","ConceptualMatchingOnly","clean","rust","clean-rust","ConceptualMatch:physical","PositiveMismatch"
"2593","66df530525ff636218e380bf","control_MaxMismatch","31","MaxMismatch","adore","stain","adore-stain","ConceptualMismatch:psychological","PositiveMismatch"
"2594","66df530525ff636218e380bf","control_MaxMatch_Negative_Psychological","73","MaxMatch","embarrass","dread","embarrass-dread","ConceptualMatch:psychological","NegativeMatch"
"2595","66df530525ff636218e380bf","control_Similar","98","SimilarControl","help","assist","help-assist","",""
"2596","66df530525ff636218e380bf","control_MaxMatch_Positive_Physical","66","MaxMatch","caress","clean","caress-clean","ConceptualMatch:physical","PositiveMatch"
"2597","66df530525ff636218e380bf","test_ValenceMatch_Negative","69","ValenceMatchingOnly","crash","displease","crash-displease","ConceptualMismatch:physical","NegativeMatch"
"2598","66df530525ff636218e380bf","test_ConceptualMatch_Psychological","29","ConceptualMatchingOnly","like","offend","like-offend","ConceptualMatch:psychological","PositiveMismatch"
"2599","66df530525ff636218e380bf","test_ValenceMatch_Positive","68","ValenceMatchingOnly","build","content","build-content","ConceptualMismatch:physical","PositiveMatch"
"2600","66df530525ff636218e380bf","control_MaxMatch_Positive_Psychological","86","MaxMatch","appreciate","adore","appreciate-adore","ConceptualMatch:psychological","PositiveMatch"
"2601","678af0a3161e3e871bbade54","control_Similar","99","SimilarControl","end","finish","end-finish","",""
"2602","678af0a3161e3e871bbade54","control_Dissimilar","0","DissimilarControl","enter","exit","enter-exit","",""
"2603","678af0a3161e3e871bbade54","test_ConceptualMatch_Physical","0","ConceptualMatchingOnly","build","slaughter","build-slaughter","ConceptualMatch:physical","PositiveMismatch"
"2604","678af0a3161e3e871bbade54","control_Similar","0","SimilarControl","use","employ","use-employ","",""
"2605","678af0a3161e3e871bbade54","test_ConceptualMatch_Psychological","0","ConceptualMatchingOnly","admire","criticize","admire-criticize","ConceptualMatch:psychological","PositiveMismatch"
"2606","678af0a3161e3e871bbade54","test_ValenceMatch_Negative","99","ValenceMatchingOnly","tear","criticize","tear-criticize","ConceptualMismatch:physical","NegativeMatch"
"2607","678af0a3161e3e871bbade54","control_MaxMatch_Negative_Physical","99","MaxMatch","slaughter","hit","slaughter-hit","ConceptualMatch:physical","NegativeMatch"
"2608","678af0a3161e3e871bbade54","control_MaxMatch_Positive_Physical","85","MaxMatch","repair","clean","repair-clean","ConceptualMatch:physical","PositiveMatch"
"2609","678af0a3161e3e871bbade54","control_MaxMismatch","0","MaxMismatch","encourage","delete","encourage-delete","ConceptualMismatch:psychological","PositiveMismatch"
"2610","678af0a3161e3e871bbade54","control_Dissimilar","0","DissimilarControl","open","close","open-close","",""
"2611","678af0a3161e3e871bbade54","control_MaxMatch_Negative_Psychological","99","MaxMatch","discourage","criticize","discourage-criticize","ConceptualMatch:psychological","NegativeMatch"
"2612","678af0a3161e3e871bbade54","control_MaxMatch_Positive_Psychological","80","MaxMatch","content","admire","content-admire","ConceptualMatch:psychological","PositiveMatch"
"2613","678af0a3161e3e871bbade54","test_ValenceMatch_Positive","95","ValenceMatchingOnly","decorate","adore","decorate-adore","ConceptualMismatch:physical","PositiveMatch"
"2614","678af0a3161e3e871bbade54","control_Similar","99","SimilarControl","begin","start","begin-start","",""
"2615","678af0a3161e3e871bbade54","control_Dissimilar","2","DissimilarControl","arrive","leave","arrive-leave","",""
"2616","678af0a3161e3e871bbade54","test_ConceptualMatch_Physical","0","ConceptualMatchingOnly","sculpt","stain","sculpt-stain","ConceptualMatch:physical","PositiveMismatch"
"2617","678af0a3161e3e871bbade54","control_Similar","99","SimilarControl","buy","purchase","buy-purchase","",""
"2618","678af0a3161e3e871bbade54","test_ConceptualMatch_Psychological","0","ConceptualMatchingOnly","encourage","dishonor","encourage-dishonor","ConceptualMatch:psychological","PositiveMismatch"
"2619","678af0a3161e3e871bbade54","test_ValenceMatch_Negative","99","ValenceMatchingOnly","corrode","displease","corrode-displease","ConceptualMismatch:physical","NegativeMatch"
"2620","678af0a3161e3e871bbade54","control_MaxMatch_Negative_Physical","98","MaxMatch","burn","corrode","burn-corrode","ConceptualMatch:physical","NegativeMatch"
"2621","678af0a3161e3e871bbade54","control_MaxMatch_Positive_Physical","53","MaxMatch","cuddle","build","cuddle-build","ConceptualMatch:physical","PositiveMatch"
"2622","678af0a3161e3e871bbade54","control_MaxMismatch","0","MaxMismatch","impress","stain","impress-stain","ConceptualMismatch:psychological","PositiveMismatch"
"2623","678af0a3161e3e871bbade54","control_Dissimilar","0","DissimilarControl","come","go","come-go","",""
"2624","678af0a3161e3e871bbade54","control_MaxMatch_Negative_Psychological","99","MaxMatch","despair","displease","despair-displease","ConceptualMatch:psychological","NegativeMatch"
"2625","678af0a3161e3e871bbade54","control_MaxMatch_Positive_Psychological","79","MaxMatch","appreciate","reassure","appreciate-reassure","ConceptualMatch:psychological","PositiveMatch"
"2626","678af0a3161e3e871bbade54","test_ValenceMatch_Positive","46","ValenceMatchingOnly","repair","admire","repair-admire","ConceptualMismatch:physical","PositiveMatch"
"2627","678af0a3161e3e871bbade54","control_Similar","99","SimilarControl","ask","inquire","ask-inquire","",""
"2628","678af0a3161e3e871bbade54","control_Dissimilar","0","DissimilarControl","begin","end","begin-end","",""
"2629","678af0a3161e3e871bbade54","test_ConceptualMatch_Physical","19","ConceptualMatchingOnly","build","stain","build-stain","ConceptualMatch:physical","PositiveMismatch"
"2630","678af0a3161e3e871bbade54","control_Similar","99","SimilarControl","need","require","need-require","",""
"2631","678af0a3161e3e871bbade54","test_ConceptualMatch_Psychological","0","ConceptualMatchingOnly","adore","embarrass","adore-embarrass","ConceptualMatch:psychological","PositiveMismatch"
"2632","678af0a3161e3e871bbade54","test_ValenceMatch_Negative","80","ValenceMatchingOnly","tear","irritate","tear-irritate","ConceptualMismatch:physical","NegativeMatch"
"2633","678af0a3161e3e871bbade54","control_MaxMatch_Negative_Physical","78","MaxMatch","delete","corrode","delete-corrode","ConceptualMatch:physical","NegativeMatch"
"2634","678af0a3161e3e871bbade54","control_MaxMatch_Positive_Physical","99","MaxMatch","twinkle","decorate","twinkle-decorate","ConceptualMatch:physical","PositiveMatch"
"2635","678af0a3161e3e871bbade54","control_MaxMismatch","0","MaxMismatch","like","burn","like-burn","ConceptualMismatch:psychological","PositiveMismatch"
"2636","678af0a3161e3e871bbade54","control_Dissimilar","0","DissimilarControl","add","remove","add-remove","",""
"2637","678af0a3161e3e871bbade54","control_MaxMatch_Negative_Psychological","99","MaxMatch","dishonor","embarrass","dishonor-embarrass","ConceptualMatch:psychological","NegativeMatch"
"2638","678af0a3161e3e871bbade54","control_MaxMatch_Positive_Psychological","99","MaxMatch","encourage","admire","encourage-admire","ConceptualMatch:psychological","PositiveMatch"
"2639","678af0a3161e3e871bbade54","test_ValenceMatch_Positive","79","ValenceMatchingOnly","decorate","reassure","decorate-reassure","ConceptualMismatch:physical","PositiveMatch"
"2640","678af0a3161e3e871bbade54","control_Similar","99","SimilarControl","speak","talk","speak-talk","",""
"2641","678af0a3161e3e871bbade54","control_Dissimilar","0","DissimilarControl","increase","decrease","increase-decrease","",""
"2642","678af0a3161e3e871bbade54","test_ConceptualMatch_Physical","0","ConceptualMatchingOnly","clean","rust","clean-rust","ConceptualMatch:physical","PositiveMismatch"
"2643","678af0a3161e3e871bbade54","control_Similar","99","SimilarControl","show","display","show-display","",""
"2644","678af0a3161e3e871bbade54","test_ConceptualMatch_Psychological","0","ConceptualMatchingOnly","reassure","offend","reassure-offend","ConceptualMatch:psychological","PositiveMismatch"
"2645","678af0a3161e3e871bbade54","test_ValenceMatch_Negative","93","ValenceMatchingOnly","crash","dishonor","crash-dishonor","ConceptualMismatch:physical","NegativeMatch"
"2646","678af0a3161e3e871bbade54","control_MaxMatch_Negative_Physical","72","MaxMatch","slash","delete","slash-delete","ConceptualMatch:physical","NegativeMatch"
"2647","678af0a3161e3e871bbade54","control_MaxMatch_Positive_Physical","44","MaxMatch","hug","twinkle","hug-twinkle","ConceptualMatch:physical","PositiveMatch"
"2648","678af0a3161e3e871bbade54","control_MaxMismatch","0","MaxMismatch","content","delete","content-delete","ConceptualMismatch:psychological","PositiveMismatch"
"2649","678af0a3161e3e871bbade54","control_Dissimilar","0","DissimilarControl","push","pull","push-pull","",""
"2650","678af0a3161e3e871bbade54","control_MaxMatch_Negative_Psychological","71","MaxMatch","offend","despair","offend-despair","ConceptualMatch:psychological","NegativeMatch"
"2651","678af0a3161e3e871bbade54","control_MaxMatch_Positive_Psychological","99","MaxMatch","like","admire","like-admire","ConceptualMatch:psychological","PositiveMatch"
"2652","678af0a3161e3e871bbade54","test_ValenceMatch_Positive","62","ValenceMatchingOnly","decorate","content","decorate-content","ConceptualMismatch:physical","PositiveMatch"
"2653","678af0a3161e3e871bbade54","control_Similar","99","SimilarControl","help","assist","help-assist","",""
"2654","678af0a3161e3e871bbade54","control_Dissimilar","0","DissimilarControl","give","take","give-take","",""
"2655","678af0a3161e3e871bbade54","test_ConceptualMatch_Physical","0","ConceptualMatchingOnly","twinkle","rust","twinkle-rust","ConceptualMatch:physical","PositiveMismatch"
"2656","678af0a3161e3e871bbade54","control_Similar","99","SimilarControl","get","obtain","get-obtain","",""
"2657","678af0a3161e3e871bbade54","test_ConceptualMatch_Psychological","69","ConceptualMatchingOnly","content","embarrass","content-embarrass","ConceptualMatch:psychological","PositiveMismatch"
"2658","678af0a3161e3e871bbade54","test_ValenceMatch_Negative","49","ValenceMatchingOnly","corrode","dread","corrode-dread","ConceptualMismatch:physical","NegativeMatch"
"2659","678af0a3161e3e871bbade54","control_MaxMatch_Negative_Physical","88","MaxMatch","slaughter","slash","slaughter-slash","ConceptualMatch:physical","NegativeMatch"
"2660","678af0a3161e3e871bbade54","control_MaxMatch_Positive_Physical","0","MaxMatch","produce","decorate","produce-decorate","ConceptualMatch:physical","PositiveMatch"
"2661","678af0a3161e3e871bbade54","control_MaxMismatch","0","MaxMismatch","impress","corrode","impress-corrode","ConceptualMismatch:psychological","PositiveMismatch"
"2662","678af0a3161e3e871bbade54","control_Dissimilar","0","DissimilarControl","rise","fall","rise-fall","",""
"2663","678af0a3161e3e871bbade54","control_MaxMatch_Negative_Psychological","29","MaxMatch","offend","embarrass","offend-embarrass","ConceptualMatch:psychological","NegativeMatch"
"2664","678af0a3161e3e871bbade54","control_MaxMatch_Positive_Psychological","87","MaxMatch","content","reassure","content-reassure","ConceptualMatch:psychological","PositiveMatch"
"2665","678af0a3161e3e871bbade54","test_ValenceMatch_Positive","82","ValenceMatchingOnly","twinkle","adore","twinkle-adore","ConceptualMismatch:physical","PositiveMatch"
"2666","680e77f1b497bfe3d4df3514","control_Similar","99","SimilarControl","get","obtain","get-obtain","",""
"2667","680e77f1b497bfe3d4df3514","control_Dissimilar","99","DissimilarControl","open","close","open-close","",""
"2668","680e77f1b497bfe3d4df3514","control_Similar","99","SimilarControl","begin","start","begin-start","",""
"2669","680e77f1b497bfe3d4df3514","test_ValenceMatch_Negative","0","ValenceMatchingOnly","corrode","discourage","corrode-discourage","ConceptualMismatch:physical","NegativeMatch"
"2670","680e77f1b497bfe3d4df3514","control_MaxMatch_Negative_Psychological","0","MaxMatch","offend","despair","offend-despair","ConceptualMatch:psychological","NegativeMatch"
"2671","680e77f1b497bfe3d4df3514","test_ConceptualMatch_Psychological","51","ConceptualMatchingOnly","appreciate","criticize","appreciate-criticize","ConceptualMatch:psychological","PositiveMismatch"
"2672","680e77f1b497bfe3d4df3514","control_MaxMatch_Positive_Physical","0","MaxMatch","produce","twinkle","produce-twinkle","ConceptualMatch:physical","PositiveMatch"
"2673","680e77f1b497bfe3d4df3514","control_MaxMatch_Negative_Physical","49","MaxMatch","rust","burn","rust-burn","ConceptualMatch:physical","NegativeMatch"
"2674","680e77f1b497bfe3d4df3514","test_ConceptualMatch_Physical","0","ConceptualMatchingOnly","hug","slaughter","hug-slaughter","ConceptualMatch:physical","PositiveMismatch"
"2675","680e77f1b497bfe3d4df3514","control_MaxMismatch","0","MaxMismatch","content","slaughter","content-slaughter","ConceptualMismatch:psychological","PositiveMismatch"
"2676","680e77f1b497bfe3d4df3514","control_MaxMatch_Positive_Psychological","48","MaxMatch","encourage","admire","encourage-admire","ConceptualMatch:psychological","PositiveMatch"
"2677","680e77f1b497bfe3d4df3514","control_Dissimilar","98","DissimilarControl","rise","fall","rise-fall","",""
"2678","680e77f1b497bfe3d4df3514","test_ValenceMatch_Positive","0","ValenceMatchingOnly","cuddle","content","cuddle-content","ConceptualMismatch:physical","PositiveMatch"
"2679","680e77f1b497bfe3d4df3514","control_Similar","99","SimilarControl","show","display","show-display","",""
"2680","680e77f1b497bfe3d4df3514","control_Dissimilar","99","DissimilarControl","begin","end","begin-end","",""
"2681","680e77f1b497bfe3d4df3514","control_Similar","99","SimilarControl","ask","inquire","ask-inquire","",""
"2682","680e77f1b497bfe3d4df3514","test_ValenceMatch_Negative","0","ValenceMatchingOnly","slash","criticize","slash-criticize","ConceptualMismatch:physical","NegativeMatch"
"2683","680e77f1b497bfe3d4df3514","control_MaxMatch_Negative_Psychological","0","MaxMatch","despair","displease","despair-displease","ConceptualMatch:psychological","NegativeMatch"
"2684","680e77f1b497bfe3d4df3514","test_ConceptualMatch_Psychological","0","ConceptualMatchingOnly","like","despair","like-despair","ConceptualMatch:psychological","PositiveMismatch"
"2685","680e77f1b497bfe3d4df3514","control_MaxMatch_Positive_Physical","0","MaxMatch","caress","clean","caress-clean","ConceptualMatch:physical","PositiveMatch"
"2686","680e77f1b497bfe3d4df3514","control_MaxMatch_Negative_Physical","46","MaxMatch","burn","delete","burn-delete","ConceptualMatch:physical","NegativeMatch"
"2687","680e77f1b497bfe3d4df3514","test_ConceptualMatch_Physical","0","ConceptualMatchingOnly","clean","slaughter","clean-slaughter","ConceptualMatch:physical","PositiveMismatch"
"2688","680e77f1b497bfe3d4df3514","control_MaxMismatch","0","MaxMismatch","reassure","corrode","reassure-corrode","ConceptualMismatch:psychological","PositiveMismatch"
"2689","680e77f1b497bfe3d4df3514","control_MaxMatch_Positive_Psychological","99","MaxMatch","admire","cherish","admire-cherish","ConceptualMatch:psychological","PositiveMatch"
"2690","680e77f1b497bfe3d4df3514","control_Dissimilar","99","DissimilarControl","arrive","leave","arrive-leave","",""
"2691","680e77f1b497bfe3d4df3514","test_ValenceMatch_Positive","99","ValenceMatchingOnly","decorate","respect","decorate-respect","ConceptualMismatch:physical","PositiveMatch"
"2692","680e77f1b497bfe3d4df3514","control_Similar","98","SimilarControl","need","require","need-require","",""
"2693","680e77f1b497bfe3d4df3514","control_Dissimilar","99","DissimilarControl","enter","exit","enter-exit","",""
"2694","680e77f1b497bfe3d4df3514","control_Similar","99","SimilarControl","speak","talk","speak-talk","",""
"2695","680e77f1b497bfe3d4df3514","test_ValenceMatch_Negative","0","ValenceMatchingOnly","delete","criticize","delete-criticize","ConceptualMismatch:physical","NegativeMatch"
"2696","680e77f1b497bfe3d4df3514","control_MaxMatch_Negative_Psychological","53","MaxMatch","embarrass","discourage","embarrass-discourage","ConceptualMatch:psychological","NegativeMatch"
"2697","680e77f1b497bfe3d4df3514","test_ConceptualMatch_Psychological","0","ConceptualMatchingOnly","impress","criticize","impress-criticize","ConceptualMatch:psychological","PositiveMismatch"
"2698","680e77f1b497bfe3d4df3514","control_MaxMatch_Positive_Physical","0","MaxMatch","build","decorate","build-decorate","ConceptualMatch:physical","PositiveMatch"
"2699","680e77f1b497bfe3d4df3514","control_MaxMatch_Negative_Physical","0","MaxMatch","rust","delete","rust-delete","ConceptualMatch:physical","NegativeMatch"
"2700","680e77f1b497bfe3d4df3514","test_ConceptualMatch_Physical","0","ConceptualMatchingOnly","build","burn","build-burn","ConceptualMatch:physical","PositiveMismatch"
"2701","680e77f1b497bfe3d4df3514","control_MaxMismatch","0","MaxMismatch","adore","rust","adore-rust","ConceptualMismatch:psychological","PositiveMismatch"
"2702","680e77f1b497bfe3d4df3514","control_MaxMatch_Positive_Psychological","0","MaxMatch","content","encourage","content-encourage","ConceptualMatch:psychological","PositiveMatch"
"2703","680e77f1b497bfe3d4df3514","control_Dissimilar","99","DissimilarControl","add","remove","add-remove","",""
"2704","680e77f1b497bfe3d4df3514","test_ValenceMatch_Positive","0","ValenceMatchingOnly","clean","cherish","clean-cherish","ConceptualMismatch:physical","PositiveMatch"
"2705","680e77f1b497bfe3d4df3514","control_Similar","97","SimilarControl","buy","purchase","buy-purchase","",""
"2706","680e77f1b497bfe3d4df3514","control_Dissimilar","98","DissimilarControl","give","take","give-take","",""
"2707","680e77f1b497bfe3d4df3514","control_Similar","99","SimilarControl","end","finish","end-finish","",""
"2708","680e77f1b497bfe3d4df3514","test_ValenceMatch_Negative","0","ValenceMatchingOnly","rust","offend","rust-offend","ConceptualMismatch:physical","NegativeMatch"
"2709","680e77f1b497bfe3d4df3514","control_MaxMatch_Negative_Psychological","48","MaxMatch","offend","discourage","offend-discourage","ConceptualMatch:psychological","NegativeMatch"
"2710","680e77f1b497bfe3d4df3514","test_ConceptualMatch_Psychological","0","ConceptualMatchingOnly","content","despair","content-despair","ConceptualMatch:psychological","PositiveMismatch"
"2711","680e77f1b497bfe3d4df3514","control_MaxMatch_Positive_Physical","0","MaxMatch","cuddle","sculpt","cuddle-sculpt","ConceptualMatch:physical","PositiveMatch"
"2712","680e77f1b497bfe3d4df3514","control_MaxMatch_Negative_Physical","0","MaxMatch","slash","tear","slash-tear","ConceptualMatch:physical","NegativeMatch"
"2713","680e77f1b497bfe3d4df3514","test_ConceptualMatch_Physical","0","ConceptualMatchingOnly","twinkle","crash","twinkle-crash","ConceptualMatch:physical","PositiveMismatch"
"2714","680e77f1b497bfe3d4df3514","control_MaxMismatch","0","MaxMismatch","admire","tear","admire-tear","ConceptualMismatch:psychological","PositiveMismatch"
"2715","680e77f1b497bfe3d4df3514","control_MaxMatch_Positive_Psychological","98","MaxMatch","appreciate","respect","appreciate-respect","ConceptualMatch:psychological","PositiveMatch"
"2716","680e77f1b497bfe3d4df3514","control_Dissimilar","99","DissimilarControl","push","pull","push-pull","",""
"2717","680e77f1b497bfe3d4df3514","test_ValenceMatch_Positive","0","ValenceMatchingOnly","caress","reassure","caress-reassure","ConceptualMismatch:physical","PositiveMatch"
"2718","680e77f1b497bfe3d4df3514","control_Similar","99","SimilarControl","help","assist","help-assist","",""
"2719","680e77f1b497bfe3d4df3514","control_Dissimilar","99","DissimilarControl","come","go","come-go","",""
"2720","680e77f1b497bfe3d4df3514","control_Similar","0","SimilarControl","use","employ","use-employ","",""
"2721","680e77f1b497bfe3d4df3514","test_ValenceMatch_Negative","0","ValenceMatchingOnly","stain","dread","stain-dread","ConceptualMismatch:physical","NegativeMatch"
"2722","680e77f1b497bfe3d4df3514","control_MaxMatch_Negative_Psychological","2","MaxMatch","despair","dishonor","despair-dishonor","ConceptualMatch:psychological","NegativeMatch"
"2723","680e77f1b497bfe3d4df3514","test_ConceptualMatch_Psychological","0","ConceptualMatchingOnly","adore","offend","adore-offend","ConceptualMatch:psychological","PositiveMismatch"
"2724","680e77f1b497bfe3d4df3514","control_MaxMatch_Positive_Physical","0","MaxMatch","caress","decorate","caress-decorate","ConceptualMatch:physical","PositiveMatch"
"2725","680e77f1b497bfe3d4df3514","control_MaxMatch_Negative_Physical","53","MaxMatch","slaughter","stain","slaughter-stain","ConceptualMatch:physical","NegativeMatch"
"2726","680e77f1b497bfe3d4df3514","test_ConceptualMatch_Physical","0","ConceptualMatchingOnly","hug","delete","hug-delete","ConceptualMatch:physical","PositiveMismatch"
"2727","680e77f1b497bfe3d4df3514","control_MaxMismatch","0","MaxMismatch","content","slash","content-slash","ConceptualMismatch:psychological","PositiveMismatch"
"2728","680e77f1b497bfe3d4df3514","control_MaxMatch_Positive_Psychological","1","MaxMatch","content","respect","content-respect","ConceptualMatch:psychological","PositiveMatch"
"2729","680e77f1b497bfe3d4df3514","control_Dissimilar","99","DissimilarControl","increase","decrease","increase-decrease","",""
"2730","680e77f1b497bfe3d4df3514","test_ValenceMatch_Positive","0","ValenceMatchingOnly","repair","appreciate","repair-appreciate","ConceptualMismatch:physical","PositiveMatch"
"2731","676063838d4db0d3eaa69c2b","control_Similar","99","SimilarControl","buy","purchase","buy-purchase","",""
"2732","676063838d4db0d3eaa69c2b","control_Dissimilar","8","DissimilarControl","arrive","leave","arrive-leave","",""
"2733","676063838d4db0d3eaa69c2b","control_MaxMatch_Negative_Physical","99","MaxMatch","crash","tear","crash-tear","ConceptualMatch:physical","NegativeMatch"
"2734","676063838d4db0d3eaa69c2b","control_Similar","99","SimilarControl","show","display","show-display","",""
"2735","676063838d4db0d3eaa69c2b","control_MaxMatch_Positive_Psychological","99","MaxMatch","content","adore","content-adore","ConceptualMatch:psychological","PositiveMatch"
"2736","676063838d4db0d3eaa69c2b","test_ValenceMatch_Negative","61","ValenceMatchingOnly","burn","despair","burn-despair","ConceptualMismatch:physical","NegativeMatch"
"2737","676063838d4db0d3eaa69c2b","control_MaxMatch_Positive_Physical","99","MaxMatch","caress","hug","caress-hug","ConceptualMatch:physical","PositiveMatch"
"2738","676063838d4db0d3eaa69c2b","test_ValenceMatch_Positive","69","ValenceMatchingOnly","clean","appreciate","clean-appreciate","ConceptualMismatch:physical","PositiveMatch"
"2739","676063838d4db0d3eaa69c2b","control_MaxMismatch","0","MaxMismatch","appreciate","corrode","appreciate-corrode","ConceptualMismatch:psychological","PositiveMismatch"
"2740","676063838d4db0d3eaa69c2b","test_ConceptualMatch_Psychological","0","ConceptualMatchingOnly","reassure","offend","reassure-offend","ConceptualMatch:psychological","PositiveMismatch"
"2741","676063838d4db0d3eaa69c2b","control_MaxMatch_Negative_Psychological","99","MaxMatch","despair","irritate","despair-irritate","ConceptualMatch:psychological","NegativeMatch"
"2742","676063838d4db0d3eaa69c2b","test_ConceptualMatch_Physical","0","ConceptualMatchingOnly","build","slaughter","build-slaughter","ConceptualMatch:physical","PositiveMismatch"
"2743","676063838d4db0d3eaa69c2b","control_Dissimilar","3","DissimilarControl","enter","exit","enter-exit","",""
"2744","676063838d4db0d3eaa69c2b","control_Similar","99","SimilarControl","speak","talk","speak-talk","",""
"2745","676063838d4db0d3eaa69c2b","control_Dissimilar","0","DissimilarControl","add","remove","add-remove","",""
"2746","676063838d4db0d3eaa69c2b","control_MaxMatch_Negative_Physical","66","MaxMatch","slaughter","burn","slaughter-burn","ConceptualMatch:physical","NegativeMatch"
"2747","676063838d4db0d3eaa69c2b","control_Similar","99","SimilarControl","begin","start","begin-start","",""
"2748","676063838d4db0d3eaa69c2b","control_MaxMatch_Positive_Psychological","71","MaxMatch","encourage","admire","encourage-admire","ConceptualMatch:psychological","PositiveMatch"
"2749","676063838d4db0d3eaa69c2b","test_ValenceMatch_Negative","78","ValenceMatchingOnly","tear","dread","tear-dread","ConceptualMismatch:physical","NegativeMatch"
"2750","676063838d4db0d3eaa69c2b","control_MaxMatch_Positive_Physical","13","MaxMatch","cuddle","build","cuddle-build","ConceptualMatch:physical","PositiveMatch"
"2751","676063838d4db0d3eaa69c2b","test_ValenceMatch_Positive","16","ValenceMatchingOnly","sculpt","reassure","sculpt-reassure","ConceptualMismatch:physical","PositiveMatch"
"2752","676063838d4db0d3eaa69c2b","control_MaxMismatch","0","MaxMismatch","respect","burn","respect-burn","ConceptualMismatch:psychological","PositiveMismatch"
"2753","676063838d4db0d3eaa69c2b","test_ConceptualMatch_Psychological","0","ConceptualMatchingOnly","adore","irritate","adore-irritate","ConceptualMatch:psychological","PositiveMismatch"
"2754","676063838d4db0d3eaa69c2b","control_MaxMatch_Negative_Psychological","55","MaxMatch","embarrass","dread","embarrass-dread","ConceptualMatch:psychological","NegativeMatch"
"2755","676063838d4db0d3eaa69c2b","test_ConceptualMatch_Physical","0","ConceptualMatchingOnly","cuddle","delete","cuddle-delete","ConceptualMatch:physical","PositiveMismatch"
"2756","676063838d4db0d3eaa69c2b","control_Dissimilar","0","DissimilarControl","open","close","open-close","",""
"2757","676063838d4db0d3eaa69c2b","control_Similar","99","SimilarControl","need","require","need-require","",""
"2758","676063838d4db0d3eaa69c2b","control_Dissimilar","0","DissimilarControl","increase","decrease","increase-decrease","",""
"2759","676063838d4db0d3eaa69c2b","control_MaxMatch_Negative_Physical","60","MaxMatch","crash","stain","crash-stain","ConceptualMatch:physical","NegativeMatch"
"2760","676063838d4db0d3eaa69c2b","control_Similar","99","SimilarControl","get","obtain","get-obtain","",""
"2761","676063838d4db0d3eaa69c2b","control_MaxMatch_Positive_Psychological","77","MaxMatch","like","reassure","like-reassure","ConceptualMatch:psychological","PositiveMatch"
"2762","676063838d4db0d3eaa69c2b","test_ValenceMatch_Negative","66","ValenceMatchingOnly","delete","discourage","delete-discourage","ConceptualMismatch:physical","NegativeMatch"
"2763","676063838d4db0d3eaa69c2b","control_MaxMatch_Positive_Physical","45","MaxMatch","produce","decorate","produce-decorate","ConceptualMatch:physical","PositiveMatch"
"2764","676063838d4db0d3eaa69c2b","test_ValenceMatch_Positive","99","ValenceMatchingOnly","hug","cherish","hug-cherish","ConceptualMismatch:physical","PositiveMatch"
"2765","676063838d4db0d3eaa69c2b","control_MaxMismatch","30","MaxMismatch","adore","slash","adore-slash","ConceptualMismatch:psychological","PositiveMismatch"
"2766","676063838d4db0d3eaa69c2b","test_ConceptualMatch_Psychological","0","ConceptualMatchingOnly","respect","irritate","respect-irritate","ConceptualMatch:psychological","PositiveMismatch"
"2767","676063838d4db0d3eaa69c2b","control_MaxMatch_Negative_Psychological","60","MaxMatch","dismay","criticize","dismay-criticize","ConceptualMatch:psychological","NegativeMatch"
"2768","676063838d4db0d3eaa69c2b","test_ConceptualMatch_Physical","0","ConceptualMatchingOnly","cuddle","slash","cuddle-slash","ConceptualMatch:physical","PositiveMismatch"
"2769","676063838d4db0d3eaa69c2b","control_Dissimilar","0","DissimilarControl","rise","fall","rise-fall","",""
"2770","676063838d4db0d3eaa69c2b","control_Similar","99","SimilarControl","ask","inquire","ask-inquire","",""
"2771","676063838d4db0d3eaa69c2b","control_Dissimilar","0","DissimilarControl","push","pull","push-pull","",""
"2772","676063838d4db0d3eaa69c2b","control_MaxMatch_Negative_Physical","77","MaxMatch","slash","corrode","slash-corrode","ConceptualMatch:physical","NegativeMatch"
"2773","676063838d4db0d3eaa69c2b","control_Similar","74","SimilarControl","use","employ","use-employ","",""
"2774","676063838d4db0d3eaa69c2b","control_MaxMatch_Positive_Psychological","64","MaxMatch","content","encourage","content-encourage","ConceptualMatch:psychological","PositiveMatch"
"2775","676063838d4db0d3eaa69c2b","test_ValenceMatch_Negative","0","ValenceMatchingOnly","rust","discourage","rust-discourage","ConceptualMismatch:physical","NegativeMatch"
"2776","676063838d4db0d3eaa69c2b","control_MaxMatch_Positive_Physical","0","MaxMatch","cuddle","twinkle","cuddle-twinkle","ConceptualMatch:physical","PositiveMatch"
"2777","676063838d4db0d3eaa69c2b","test_ValenceMatch_Positive","0","ValenceMatchingOnly","build","cherish","build-cherish","ConceptualMismatch:physical","PositiveMatch"
"2778","676063838d4db0d3eaa69c2b","control_MaxMismatch","0","MaxMismatch","adore","rust","adore-rust","ConceptualMismatch:psychological","PositiveMismatch"
"2779","676063838d4db0d3eaa69c2b","test_ConceptualMatch_Psychological","0","ConceptualMatchingOnly","admire","embarrass","admire-embarrass","ConceptualMatch:psychological","PositiveMismatch"
"2780","676063838d4db0d3eaa69c2b","control_MaxMatch_Negative_Psychological","76","MaxMatch","embarrass","discourage","embarrass-discourage","ConceptualMatch:psychological","NegativeMatch"
"2781","676063838d4db0d3eaa69c2b","test_ConceptualMatch_Physical","0","ConceptualMatchingOnly","sculpt","burn","sculpt-burn","ConceptualMatch:physical","PositiveMismatch"
"2782","676063838d4db0d3eaa69c2b","control_Dissimilar","0","DissimilarControl","begin","end","begin-end","",""
"2783","676063838d4db0d3eaa69c2b","control_Similar","99","SimilarControl","end","finish","end-finish","",""
"2784","676063838d4db0d3eaa69c2b","control_Dissimilar","0","DissimilarControl","come","go","come-go","",""
"2785","676063838d4db0d3eaa69c2b","control_MaxMatch_Negative_Physical","18","MaxMatch","slash","hit","slash-hit","ConceptualMatch:physical","NegativeMatch"
"2786","676063838d4db0d3eaa69c2b","control_Similar","99","SimilarControl","help","assist","help-assist","",""
"2787","676063838d4db0d3eaa69c2b","control_MaxMatch_Positive_Psychological","99","MaxMatch","appreciate","respect","appreciate-respect","ConceptualMatch:psychological","PositiveMatch"
"2788","676063838d4db0d3eaa69c2b","test_ValenceMatch_Negative","0","ValenceMatchingOnly","slaughter","embarrass","slaughter-embarrass","ConceptualMismatch:physical","NegativeMatch"
"2789","676063838d4db0d3eaa69c2b","control_MaxMatch_Positive_Physical","0","MaxMatch","build","sculpt","build-sculpt","ConceptualMatch:physical","PositiveMatch"
"2790","676063838d4db0d3eaa69c2b","test_ValenceMatch_Positive","69","ValenceMatchingOnly","cuddle","encourage","cuddle-encourage","ConceptualMismatch:physical","PositiveMatch"
"2791","676063838d4db0d3eaa69c2b","control_MaxMismatch","0","MaxMismatch","reassure","slash","reassure-slash","ConceptualMismatch:psychological","PositiveMismatch"
"2792","676063838d4db0d3eaa69c2b","test_ConceptualMatch_Psychological","0","ConceptualMatchingOnly","respect","discourage","respect-discourage","ConceptualMatch:psychological","PositiveMismatch"
"2793","676063838d4db0d3eaa69c2b","control_MaxMatch_Negative_Psychological","81","MaxMatch","offend","dread","offend-dread","ConceptualMatch:psychological","NegativeMatch"
"2794","676063838d4db0d3eaa69c2b","test_ConceptualMatch_Physical","0","ConceptualMatchingOnly","sculpt","hit","sculpt-hit","ConceptualMatch:physical","PositiveMismatch"
"2795","676063838d4db0d3eaa69c2b","control_Dissimilar","0","DissimilarControl","give","take","give-take","",""
"2796","5e07a0898dffa00ff1aaf60f","control_Similar","99","SimilarControl","begin","start","begin-start","",""
"2797","5e07a0898dffa00ff1aaf60f","control_Dissimilar","0","DissimilarControl","increase","decrease","increase-decrease","",""
"2798","5e07a0898dffa00ff1aaf60f","control_Similar","99","SimilarControl","end","finish","end-finish","",""
"2799","5e07a0898dffa00ff1aaf60f","control_MaxMatch_Negative_Psychological","87","MaxMatch","despair","displease","despair-displease","ConceptualMatch:psychological","NegativeMatch"
"2800","5e07a0898dffa00ff1aaf60f","control_MaxMismatch","0","MaxMismatch","appreciate","stain","appreciate-stain","ConceptualMismatch:psychological","PositiveMismatch"
"2801","5e07a0898dffa00ff1aaf60f","test_ConceptualMatch_Psychological","0","ConceptualMatchingOnly","encourage","criticize","encourage-criticize","ConceptualMatch:psychological","PositiveMismatch"
"2802","5e07a0898dffa00ff1aaf60f","control_MaxMatch_Positive_Physical","0","MaxMatch","caress","sculpt","caress-sculpt","ConceptualMatch:physical","PositiveMatch"
"2803","5e07a0898dffa00ff1aaf60f","control_Dissimilar","0","DissimilarControl","add","remove","add-remove","",""
"2804","5e07a0898dffa00ff1aaf60f","test_ValenceMatch_Negative","13","ValenceMatchingOnly","hit","displease","hit-displease","ConceptualMismatch:physical","NegativeMatch"
"2805","5e07a0898dffa00ff1aaf60f","control_MaxMatch_Negative_Physical","0","MaxMatch","rust","delete","rust-delete","ConceptualMatch:physical","NegativeMatch"
"2806","5e07a0898dffa00ff1aaf60f","test_ValenceMatch_Positive","0","ValenceMatchingOnly","hug","impress","hug-impress","ConceptualMismatch:physical","PositiveMatch"
"2807","5e07a0898dffa00ff1aaf60f","test_ConceptualMatch_Physical","0","ConceptualMatchingOnly","hug","delete","hug-delete","ConceptualMatch:physical","PositiveMismatch"
"2808","5e07a0898dffa00ff1aaf60f","control_MaxMatch_Positive_Psychological","0","MaxMatch","content","reassure","content-reassure","ConceptualMatch:psychological","PositiveMatch"
"2809","5e07a0898dffa00ff1aaf60f","control_Similar","99","SimilarControl","help","assist","help-assist","",""
"2810","5e07a0898dffa00ff1aaf60f","control_Dissimilar","0","DissimilarControl","enter","exit","enter-exit","",""
"2811","5e07a0898dffa00ff1aaf60f","control_Similar","99","SimilarControl","speak","talk","speak-talk","",""
"2812","5e07a0898dffa00ff1aaf60f","control_MaxMatch_Negative_Psychological","76","MaxMatch","irritate","criticize","irritate-criticize","ConceptualMatch:psychological","NegativeMatch"
"2813","5e07a0898dffa00ff1aaf60f","control_MaxMismatch","0","MaxMismatch","encourage","rust","encourage-rust","ConceptualMismatch:psychological","PositiveMismatch"
"2814","5e07a0898dffa00ff1aaf60f","test_ConceptualMatch_Psychological","0","ConceptualMatchingOnly","reassure","criticize","reassure-criticize","ConceptualMatch:psychological","PositiveMismatch"
"2815","5e07a0898dffa00ff1aaf60f","control_MaxMatch_Positive_Physical","0","MaxMatch","caress","produce","caress-produce","ConceptualMatch:physical","PositiveMatch"
"2816","5e07a0898dffa00ff1aaf60f","control_Dissimilar","0","DissimilarControl","rise","fall","rise-fall","",""
"2817","5e07a0898dffa00ff1aaf60f","test_ValenceMatch_Negative","0","ValenceMatchingOnly","hit","criticize","hit-criticize","ConceptualMismatch:physical","NegativeMatch"
"2818","5e07a0898dffa00ff1aaf60f","control_MaxMatch_Negative_Physical","71","MaxMatch","slaughter","slash","slaughter-slash","ConceptualMatch:physical","NegativeMatch"
"2819","5e07a0898dffa00ff1aaf60f","test_ValenceMatch_Positive","0","ValenceMatchingOnly","twinkle","admire","twinkle-admire","ConceptualMismatch:physical","PositiveMatch"
"2820","5e07a0898dffa00ff1aaf60f","test_ConceptualMatch_Physical","0","ConceptualMatchingOnly","hug","corrode","hug-corrode","ConceptualMatch:physical","PositiveMismatch"
"2821","5e07a0898dffa00ff1aaf60f","control_MaxMatch_Positive_Psychological","72","MaxMatch","encourage","admire","encourage-admire","ConceptualMatch:psychological","PositiveMatch"
"2822","5e07a0898dffa00ff1aaf60f","control_Similar","99","SimilarControl","buy","purchase","buy-purchase","",""
"2823","5e07a0898dffa00ff1aaf60f","control_Dissimilar","0","DissimilarControl","arrive","leave","arrive-leave","",""
"2824","5e07a0898dffa00ff1aaf60f","control_Similar","99","SimilarControl","ask","inquire","ask-inquire","",""
"2825","5e07a0898dffa00ff1aaf60f","control_MaxMatch_Negative_Psychological","74","MaxMatch","displease","discourage","displease-discourage","ConceptualMatch:psychological","NegativeMatch"
"2826","5e07a0898dffa00ff1aaf60f","control_MaxMismatch","0","MaxMismatch","impress","stain","impress-stain","ConceptualMismatch:psychological","PositiveMismatch"
"2827","5e07a0898dffa00ff1aaf60f","test_ConceptualMatch_Psychological","0","ConceptualMatchingOnly","content","criticize","content-criticize","ConceptualMatch:psychological","PositiveMismatch"
"2828","5e07a0898dffa00ff1aaf60f","control_MaxMatch_Positive_Physical","0","MaxMatch","repair","twinkle","repair-twinkle","ConceptualMatch:physical","PositiveMatch"
"2829","5e07a0898dffa00ff1aaf60f","control_Dissimilar","0","DissimilarControl","come","go","come-go","",""
"2830","5e07a0898dffa00ff1aaf60f","test_ValenceMatch_Negative","1","ValenceMatchingOnly","burn","dread","burn-dread","ConceptualMismatch:physical","NegativeMatch"
"2831","5e07a0898dffa00ff1aaf60f","control_MaxMatch_Negative_Physical","76","MaxMatch","stain","corrode","stain-corrode","ConceptualMatch:physical","NegativeMatch"
"2832","5e07a0898dffa00ff1aaf60f","test_ValenceMatch_Positive","0","ValenceMatchingOnly","sculpt","impress","sculpt-impress","ConceptualMismatch:physical","PositiveMatch"
"2833","5e07a0898dffa00ff1aaf60f","test_ConceptualMatch_Physical","0","ConceptualMatchingOnly","cuddle","slaughter","cuddle-slaughter","ConceptualMatch:physical","PositiveMismatch"
"2834","5e07a0898dffa00ff1aaf60f","control_MaxMatch_Positive_Psychological","80","MaxMatch","appreciate","like","appreciate-like","ConceptualMatch:psychological","PositiveMatch"
"2835","5e07a0898dffa00ff1aaf60f","control_Similar","99","SimilarControl","get","obtain","get-obtain","",""
"2836","5e07a0898dffa00ff1aaf60f","control_Dissimilar","0","DissimilarControl","give","take","give-take","",""
"2837","5e07a0898dffa00ff1aaf60f","control_Similar","78","SimilarControl","use","employ","use-employ","",""
"2838","5e07a0898dffa00ff1aaf60f","control_MaxMatch_Negative_Psychological","0","MaxMatch","embarrass","dread","embarrass-dread","ConceptualMatch:psychological","NegativeMatch"
"2839","5e07a0898dffa00ff1aaf60f","control_MaxMismatch","0","MaxMismatch","cherish","delete","cherish-delete","ConceptualMismatch:psychological","PositiveMismatch"
"2840","5e07a0898dffa00ff1aaf60f","test_ConceptualMatch_Psychological","0","ConceptualMatchingOnly","content","offend","content-offend","ConceptualMatch:psychological","PositiveMismatch"
"2841","5e07a0898dffa00ff1aaf60f","control_MaxMatch_Positive_Physical","0","MaxMatch","hug","clean","hug-clean","ConceptualMatch:physical","PositiveMatch"
"2842","5e07a0898dffa00ff1aaf60f","control_Dissimilar","0","DissimilarControl","open","close","open-close","",""
"2843","5e07a0898dffa00ff1aaf60f","test_ValenceMatch_Negative","76","ValenceMatchingOnly","hit","offend","hit-offend","ConceptualMismatch:physical","NegativeMatch"
"2844","5e07a0898dffa00ff1aaf60f","control_MaxMatch_Negative_Physical","0","MaxMatch","hit","stain","hit-stain","ConceptualMatch:physical","NegativeMatch"
"2845","5e07a0898dffa00ff1aaf60f","test_ValenceMatch_Positive","0","ValenceMatchingOnly","clean","impress","clean-impress","ConceptualMismatch:physical","PositiveMatch"
"2846","5e07a0898dffa00ff1aaf60f","test_ConceptualMatch_Physical","0","ConceptualMatchingOnly","cuddle","tear","cuddle-tear","ConceptualMatch:physical","PositiveMismatch"
"2847","5e07a0898dffa00ff1aaf60f","control_MaxMatch_Positive_Psychological","99","MaxMatch","appreciate","cherish","appreciate-cherish","ConceptualMatch:psychological","PositiveMatch"
"2848","5e07a0898dffa00ff1aaf60f","control_Similar","50","SimilarControl","need","require","need-require","",""
"2849","5e07a0898dffa00ff1aaf60f","control_Dissimilar","0","DissimilarControl","push","pull","push-pull","",""
"2850","5e07a0898dffa00ff1aaf60f","control_Similar","82","SimilarControl","show","display","show-display","",""
"2851","5e07a0898dffa00ff1aaf60f","control_MaxMatch_Negative_Psychological","99","MaxMatch","irritate","displease","irritate-displease","ConceptualMatch:psychological","NegativeMatch"
"2852","5e07a0898dffa00ff1aaf60f","control_MaxMismatch","0","MaxMismatch","encourage","corrode","encourage-corrode","ConceptualMismatch:psychological","PositiveMismatch"
"2853","5e07a0898dffa00ff1aaf60f","test_ConceptualMatch_Psychological","0","ConceptualMatchingOnly","respect","criticize","respect-criticize","ConceptualMatch:psychological","PositiveMismatch"
"2854","5e07a0898dffa00ff1aaf60f","control_MaxMatch_Positive_Physical","0","MaxMatch","cuddle","sculpt","cuddle-sculpt","ConceptualMatch:physical","PositiveMatch"
"2855","5e07a0898dffa00ff1aaf60f","control_Dissimilar","0","DissimilarControl","begin","end","begin-end","",""
"2856","5e07a0898dffa00ff1aaf60f","test_ValenceMatch_Negative","0","ValenceMatchingOnly","corrode","despair","corrode-despair","ConceptualMismatch:physical","NegativeMatch"
"2857","5e07a0898dffa00ff1aaf60f","control_MaxMatch_Negative_Physical","0","MaxMatch","slash","stain","slash-stain","ConceptualMatch:physical","NegativeMatch"
"2858","5e07a0898dffa00ff1aaf60f","test_ValenceMatch_Positive","69","ValenceMatchingOnly","build","cherish","build-cherish","ConceptualMismatch:physical","PositiveMatch"
"2859","5e07a0898dffa00ff1aaf60f","test_ConceptualMatch_Physical","0","ConceptualMatchingOnly","clean","slaughter","clean-slaughter","ConceptualMatch:physical","PositiveMismatch"
"2860","5e07a0898dffa00ff1aaf60f","control_MaxMatch_Positive_Psychological","85","MaxMatch","like","respect","like-respect","ConceptualMatch:psychological","PositiveMatch"
"2861","67e9651d69c53446e96e9b9b","control_Similar","99","SimilarControl","use","employ","use-employ","",""
"2862","67e9651d69c53446e96e9b9b","control_Dissimilar","0","DissimilarControl","give","take","give-take","",""
"2863","67e9651d69c53446e96e9b9b","test_ValenceMatch_Positive","96","ValenceMatchingOnly","hug","like","hug-like","ConceptualMismatch:physical","PositiveMatch"
"2864","67e9651d69c53446e96e9b9b","control_Similar","99","SimilarControl","ask","inquire","ask-inquire","",""
"2865","67e9651d69c53446e96e9b9b","test_ValenceMatch_Negative","68","ValenceMatchingOnly","rust","dishonor","rust-dishonor","ConceptualMismatch:physical","NegativeMatch"
"2866","67e9651d69c53446e96e9b9b","control_MaxMismatch","11","MaxMismatch","appreciate","corrode","appreciate-corrode","ConceptualMismatch:psychological","PositiveMismatch"
"2867","67e9651d69c53446e96e9b9b","test_ConceptualMatch_Psychological","0","ConceptualMatchingOnly","admire","discourage","admire-discourage","ConceptualMatch:psychological","PositiveMismatch"
"2868","67e9651d69c53446e96e9b9b","test_ConceptualMatch_Physical","37","ConceptualMatchingOnly","produce","rust","produce-rust","ConceptualMatch:physical","PositiveMismatch"
"2869","67e9651d69c53446e96e9b9b","control_MaxMatch_Positive_Physical","76","MaxMatch","repair","hug","repair-hug","ConceptualMatch:physical","PositiveMatch"
"2870","67e9651d69c53446e96e9b9b","control_MaxMatch_Negative_Physical","77","MaxMatch","tear","delete","tear-delete","ConceptualMatch:physical","NegativeMatch"
"2871","67e9651d69c53446e96e9b9b","control_MaxMatch_Negative_Psychological","89","MaxMatch","irritate","dishonor","irritate-dishonor","ConceptualMatch:psychological","NegativeMatch"
"2872","67e9651d69c53446e96e9b9b","control_MaxMatch_Positive_Psychological","81","MaxMatch","appreciate","impress","appreciate-impress","ConceptualMatch:psychological","PositiveMatch"
"2873","67e9651d69c53446e96e9b9b","control_Dissimilar","0","DissimilarControl","increase","decrease","increase-decrease","",""
"2874","67e9651d69c53446e96e9b9b","control_Similar","99","SimilarControl","get","obtain","get-obtain","",""
"2875","67e9651d69c53446e96e9b9b","control_Dissimilar","0","DissimilarControl","enter","exit","enter-exit","",""
"2876","67e9651d69c53446e96e9b9b","test_ValenceMatch_Positive","83","ValenceMatchingOnly","twinkle","admire","twinkle-admire","ConceptualMismatch:physical","PositiveMatch"
"2877","67e9651d69c53446e96e9b9b","control_Similar","99","SimilarControl","end","finish","end-finish","",""
"2878","67e9651d69c53446e96e9b9b","test_ValenceMatch_Negative","78","ValenceMatchingOnly","burn","discourage","burn-discourage","ConceptualMismatch:physical","NegativeMatch"
"2879","67e9651d69c53446e96e9b9b","control_MaxMismatch","22","MaxMismatch","appreciate","rust","appreciate-rust","ConceptualMismatch:psychological","PositiveMismatch"
"2880","67e9651d69c53446e96e9b9b","test_ConceptualMatch_Psychological","0","ConceptualMatchingOnly","encourage","dishonor","encourage-dishonor","ConceptualMatch:psychological","PositiveMismatch"
"2881","67e9651d69c53446e96e9b9b","test_ConceptualMatch_Physical","0","ConceptualMatchingOnly","repair","stain","repair-stain","ConceptualMatch:physical","PositiveMismatch"
"2882","67e9651d69c53446e96e9b9b","control_MaxMatch_Positive_Physical","92","MaxMatch","build","hug","build-hug","ConceptualMatch:physical","PositiveMatch"
"2883","67e9651d69c53446e96e9b9b","control_MaxMatch_Negative_Physical","99","MaxMatch","burn","corrode","burn-corrode","ConceptualMatch:physical","NegativeMatch"
"2884","67e9651d69c53446e96e9b9b","control_MaxMatch_Negative_Psychological","63","MaxMatch","dismay","dread","dismay-dread","ConceptualMatch:psychological","NegativeMatch"
"2885","67e9651d69c53446e96e9b9b","control_MaxMatch_Positive_Psychological","99","MaxMatch","admire","adore","admire-adore","ConceptualMatch:psychological","PositiveMatch"
"2886","67e9651d69c53446e96e9b9b","control_Dissimilar","0","DissimilarControl","arrive","leave","arrive-leave","",""
"2887","67e9651d69c53446e96e9b9b","control_Similar","99","SimilarControl","help","assist","help-assist","",""
"2888","67e9651d69c53446e96e9b9b","control_Dissimilar","0","DissimilarControl","open","close","open-close","",""
"2889","67e9651d69c53446e96e9b9b","test_ValenceMatch_Positive","77","ValenceMatchingOnly","twinkle","content","twinkle-content","ConceptualMismatch:physical","PositiveMatch"
"2890","67e9651d69c53446e96e9b9b","control_Similar","99","SimilarControl","buy","purchase","buy-purchase","",""
"2891","67e9651d69c53446e96e9b9b","test_ValenceMatch_Negative","84","ValenceMatchingOnly","stain","criticize","stain-criticize","ConceptualMismatch:physical","NegativeMatch"
"2892","67e9651d69c53446e96e9b9b","control_MaxMismatch","19","MaxMismatch","impress","hit","impress-hit","ConceptualMismatch:psychological","PositiveMismatch"
"2893","67e9651d69c53446e96e9b9b","test_ConceptualMatch_Psychological","0","ConceptualMatchingOnly","reassure","embarrass","reassure-embarrass","ConceptualMatch:psychological","PositiveMismatch"
"2894","67e9651d69c53446e96e9b9b","test_ConceptualMatch_Physical","0","ConceptualMatchingOnly","twinkle","delete","twinkle-delete","ConceptualMatch:physical","PositiveMismatch"
"2895","67e9651d69c53446e96e9b9b","control_MaxMatch_Positive_Physical","75","MaxMatch","repair","twinkle","repair-twinkle","ConceptualMatch:physical","PositiveMatch"
"2896","67e9651d69c53446e96e9b9b","control_MaxMatch_Negative_Physical","77","MaxMatch","crash","stain","crash-stain","ConceptualMatch:physical","NegativeMatch"
"2897","67e9651d69c53446e96e9b9b","control_MaxMatch_Negative_Psychological","78","MaxMatch","despair","embarrass","despair-embarrass","ConceptualMatch:psychological","NegativeMatch"
"2898","67e9651d69c53446e96e9b9b","control_MaxMatch_Positive_Psychological","99","MaxMatch","content","encourage","content-encourage","ConceptualMatch:psychological","PositiveMatch"
"2899","67e9651d69c53446e96e9b9b","control_Dissimilar","0","DissimilarControl","begin","end","begin-end","",""
"2900","67e9651d69c53446e96e9b9b","control_Similar","99","SimilarControl","begin","start","begin-start","",""
"2901","67e9651d69c53446e96e9b9b","control_Dissimilar","0","DissimilarControl","come","go","come-go","",""
"2902","67e9651d69c53446e96e9b9b","test_ValenceMatch_Positive","62","ValenceMatchingOnly","sculpt","content","sculpt-content","ConceptualMismatch:physical","PositiveMatch"
"2903","67e9651d69c53446e96e9b9b","control_Similar","99","SimilarControl","show","display","show-display","",""
"2904","67e9651d69c53446e96e9b9b","test_ValenceMatch_Negative","47","ValenceMatchingOnly","slaughter","embarrass","slaughter-embarrass","ConceptualMismatch:physical","NegativeMatch"
"2905","67e9651d69c53446e96e9b9b","control_MaxMismatch","13","MaxMismatch","admire","slash","admire-slash","ConceptualMismatch:psychological","PositiveMismatch"
"2906","67e9651d69c53446e96e9b9b","test_ConceptualMatch_Psychological","69","ConceptualMatchingOnly","admire","dismay","admire-dismay","ConceptualMatch:psychological","PositiveMismatch"
"2907","67e9651d69c53446e96e9b9b","test_ConceptualMatch_Physical","0","ConceptualMatchingOnly","build","delete","build-delete","ConceptualMatch:physical","PositiveMismatch"
"2908","67e9651d69c53446e96e9b9b","control_MaxMatch_Positive_Physical","89","MaxMatch","hug","produce","hug-produce","ConceptualMatch:physical","PositiveMatch"
"2909","67e9651d69c53446e96e9b9b","control_MaxMatch_Negative_Physical","77","MaxMatch","rust","tear","rust-tear","ConceptualMatch:physical","NegativeMatch"
"2910","67e9651d69c53446e96e9b9b","control_MaxMatch_Negative_Psychological","85","MaxMatch","offend","dread","offend-dread","ConceptualMatch:psychological","NegativeMatch"
"2911","67e9651d69c53446e96e9b9b","control_MaxMatch_Positive_Psychological","98","MaxMatch","content","reassure","content-reassure","ConceptualMatch:psychological","PositiveMatch"
"2912","67e9651d69c53446e96e9b9b","control_Dissimilar","0","DissimilarControl","add","remove","add-remove","",""
"2913","67e9651d69c53446e96e9b9b","control_Similar","99","SimilarControl","speak","talk","speak-talk","",""
"2914","67e9651d69c53446e96e9b9b","control_Dissimilar","0","DissimilarControl","push","pull","push-pull","",""
"2915","67e9651d69c53446e96e9b9b","test_ValenceMatch_Positive","99","ValenceMatchingOnly","decorate","cherish","decorate-cherish","ConceptualMismatch:physical","PositiveMatch"
"2916","67e9651d69c53446e96e9b9b","control_Similar","99","SimilarControl","need","require","need-require","",""
"2917","67e9651d69c53446e96e9b9b","test_ValenceMatch_Negative","68","ValenceMatchingOnly","hit","embarrass","hit-embarrass","ConceptualMismatch:physical","NegativeMatch"
"2918","67e9651d69c53446e96e9b9b","control_MaxMismatch","0","MaxMismatch","admire","corrode","admire-corrode","ConceptualMismatch:psychological","PositiveMismatch"
"2919","67e9651d69c53446e96e9b9b","test_ConceptualMatch_Psychological","0","ConceptualMatchingOnly","encourage","discourage","encourage-discourage","ConceptualMatch:psychological","PositiveMismatch"
"2920","67e9651d69c53446e96e9b9b","test_ConceptualMatch_Physical","0","ConceptualMatchingOnly","repair","slaughter","repair-slaughter","ConceptualMatch:physical","PositiveMismatch"
"2921","67e9651d69c53446e96e9b9b","control_MaxMatch_Positive_Physical","69","MaxMatch","caress","produce","caress-produce","ConceptualMatch:physical","PositiveMatch"
"2922","67e9651d69c53446e96e9b9b","control_MaxMatch_Negative_Physical","84","MaxMatch","crash","corrode","crash-corrode","ConceptualMatch:physical","NegativeMatch"
"2923","67e9651d69c53446e96e9b9b","control_MaxMatch_Negative_Psychological","97","MaxMatch","despair","criticize","despair-criticize","ConceptualMatch:psychological","NegativeMatch"
"2924","67e9651d69c53446e96e9b9b","control_MaxMatch_Positive_Psychological","99","MaxMatch","like","adore","like-adore","ConceptualMatch:psychological","PositiveMatch"
"2925","67e9651d69c53446e96e9b9b","control_Dissimilar","0","DissimilarControl","rise","fall","rise-fall","",""
"2926","67ee795beb74f4d224497dac","control_Dissimilar","95","DissimilarControl","begin","end","begin-end","",""
"2927","67ee795beb74f4d224497dac","control_Similar","28","SimilarControl","use","employ","use-employ","",""
"2928","67ee795beb74f4d224497dac","control_MaxMismatch","32","MaxMismatch","appreciate","crash","appreciate-crash","ConceptualMismatch:psychological","PositiveMismatch"
"2929","67ee795beb74f4d224497dac","test_ConceptualMatch_Psychological","14","ConceptualMatchingOnly","cherish","discourage","cherish-discourage","ConceptualMatch:psychological","PositiveMismatch"
"2930","67ee795beb74f4d224497dac","control_MaxMatch_Negative_Psychological","99","MaxMatch","dishonor","embarrass","dishonor-embarrass","ConceptualMatch:psychological","NegativeMatch"
"2931","67ee795beb74f4d224497dac","test_ValenceMatch_Negative","33","ValenceMatchingOnly","rust","dishonor","rust-dishonor","ConceptualMismatch:physical","NegativeMatch"
"2932","67ee795beb74f4d224497dac","test_ConceptualMatch_Physical","10","ConceptualMatchingOnly","decorate","tear","decorate-tear","ConceptualMatch:physical","PositiveMismatch"
"2933","67ee795beb74f4d224497dac","control_Dissimilar","99","DissimilarControl","push","pull","push-pull","",""
"2934","67ee795beb74f4d224497dac","control_MaxMatch_Positive_Psychological","99","MaxMatch","like","adore","like-adore","ConceptualMatch:psychological","PositiveMatch"
"2935","67ee795beb74f4d224497dac","control_Similar","99","SimilarControl","end","finish","end-finish","",""
"2936","67ee795beb74f4d224497dac","test_ValenceMatch_Positive","26","ValenceMatchingOnly","produce","like","produce-like","ConceptualMismatch:physical","PositiveMatch"
"2937","67ee795beb74f4d224497dac","control_MaxMatch_Negative_Physical","72","MaxMatch","slash","burn","slash-burn","ConceptualMatch:physical","NegativeMatch"
"2938","67ee795beb74f4d224497dac","control_MaxMatch_Positive_Physical","72","MaxMatch","cuddle","sculpt","cuddle-sculpt","ConceptualMatch:physical","PositiveMatch"
"2939","67ee795beb74f4d224497dac","control_Dissimilar","98","DissimilarControl","increase","decrease","increase-decrease","",""
"2940","67ee795beb74f4d224497dac","control_Similar","99","SimilarControl","get","obtain","get-obtain","",""
"2941","67ee795beb74f4d224497dac","control_MaxMismatch","4","MaxMismatch","appreciate","tear","appreciate-tear","ConceptualMismatch:psychological","PositiveMismatch"
"2942","67ee795beb74f4d224497dac","test_ConceptualMatch_Psychological","71","ConceptualMatchingOnly","admire","criticize","admire-criticize","ConceptualMatch:psychological","PositiveMismatch"
"2943","67ee795beb74f4d224497dac","control_MaxMatch_Negative_Psychological","81","MaxMatch","despair","dismay","despair-dismay","ConceptualMatch:psychological","NegativeMatch"
"2944","67ee795beb74f4d224497dac","test_ValenceMatch_Negative","21","ValenceMatchingOnly","stain","dread","stain-dread","ConceptualMismatch:physical","NegativeMatch"
"2945","67ee795beb74f4d224497dac","test_ConceptualMatch_Physical","2","ConceptualMatchingOnly","clean","slaughter","clean-slaughter","ConceptualMatch:physical","PositiveMismatch"
"2946","67ee795beb74f4d224497dac","control_Dissimilar","1","DissimilarControl","add","remove","add-remove","",""
"2947","67ee795beb74f4d224497dac","control_MaxMatch_Positive_Psychological","99","MaxMatch","impress","cherish","impress-cherish","ConceptualMatch:psychological","PositiveMatch"
"2948","67ee795beb74f4d224497dac","control_Similar","99","SimilarControl","help","assist","help-assist","",""
"2949","67ee795beb74f4d224497dac","test_ValenceMatch_Positive","31","ValenceMatchingOnly","hug","respect","hug-respect","ConceptualMismatch:physical","PositiveMatch"
"2950","67ee795beb74f4d224497dac","control_MaxMatch_Negative_Physical","72","MaxMatch","rust","burn","rust-burn","ConceptualMatch:physical","NegativeMatch"
"2951","67ee795beb74f4d224497dac","control_MaxMatch_Positive_Physical","99","MaxMatch","repair","clean","repair-clean","ConceptualMatch:physical","PositiveMatch"
"2952","67ee795beb74f4d224497dac","control_Dissimilar","33","DissimilarControl","come","go","come-go","",""
"2953","67ee795beb74f4d224497dac","control_Similar","99","SimilarControl","speak","talk","speak-talk","",""
"2954","67ee795beb74f4d224497dac","control_MaxMismatch","0","MaxMismatch","admire","burn","admire-burn","ConceptualMismatch:psychological","PositiveMismatch"
"2955","67ee795beb74f4d224497dac","test_ConceptualMatch_Psychological","86","ConceptualMatchingOnly","like","criticize","like-criticize","ConceptualMatch:psychological","PositiveMismatch"
"2956","67ee795beb74f4d224497dac","control_MaxMatch_Negative_Psychological","2","MaxMatch","offend","despair","offend-despair","ConceptualMatch:psychological","NegativeMatch"
"2957","67ee795beb74f4d224497dac","test_ValenceMatch_Negative","0","ValenceMatchingOnly","hit","displease","hit-displease","ConceptualMismatch:physical","NegativeMatch"
"2958","67ee795beb74f4d224497dac","test_ConceptualMatch_Physical","5","ConceptualMatchingOnly","repair","corrode","repair-corrode","ConceptualMatch:physical","PositiveMismatch"
"2959","67ee795beb74f4d224497dac","control_Dissimilar","20","DissimilarControl","rise","fall","rise-fall","",""
"2960","67ee795beb74f4d224497dac","control_MaxMatch_Positive_Psychological","99","MaxMatch","admire","cherish","admire-cherish","ConceptualMatch:psychological","PositiveMatch"
"2961","67ee795beb74f4d224497dac","control_Similar","99","SimilarControl","need","require","need-require","",""
"2962","67ee795beb74f4d224497dac","test_ValenceMatch_Positive","77","ValenceMatchingOnly","sculpt","reassure","sculpt-reassure","ConceptualMismatch:physical","PositiveMatch"
"2963","67ee795beb74f4d224497dac","control_MaxMatch_Negative_Physical","99","MaxMatch","crash","tear","crash-tear","ConceptualMatch:physical","NegativeMatch"
"2964","67ee795beb74f4d224497dac","control_MaxMatch_Positive_Physical","6","MaxMatch","caress","twinkle","caress-twinkle","ConceptualMatch:physical","PositiveMatch"
"2965","67ee795beb74f4d224497dac","control_Dissimilar","0","DissimilarControl","enter","exit","enter-exit","",""
"2966","67ee795beb74f4d224497dac","control_Similar","99","SimilarControl","show","display","show-display","",""
"2967","67ee795beb74f4d224497dac","control_MaxMismatch","69","MaxMismatch","appreciate","slash","appreciate-slash","ConceptualMismatch:psychological","PositiveMismatch"
"2968","67ee795beb74f4d224497dac","test_ConceptualMatch_Psychological","0","ConceptualMatchingOnly","cherish","despair","cherish-despair","ConceptualMatch:psychological","PositiveMismatch"
"2969","67ee795beb74f4d224497dac","control_MaxMatch_Negative_Psychological","7","MaxMatch","offend","dread","offend-dread","ConceptualMatch:psychological","NegativeMatch"
"2970","67ee795beb74f4d224497dac","test_ValenceMatch_Negative","85","ValenceMatchingOnly","stain","criticize","stain-criticize","ConceptualMismatch:physical","NegativeMatch"
"2971","67ee795beb74f4d224497dac","test_ConceptualMatch_Physical","5","ConceptualMatchingOnly","cuddle","slaughter","cuddle-slaughter","ConceptualMatch:physical","PositiveMismatch"
"2972","67ee795beb74f4d224497dac","control_Dissimilar","17","DissimilarControl","give","take","give-take","",""
"2973","67ee795beb74f4d224497dac","control_MaxMatch_Positive_Psychological","99","MaxMatch","impress","respect","impress-respect","ConceptualMatch:psychological","PositiveMatch"
"2974","67ee795beb74f4d224497dac","control_Similar","98","SimilarControl","ask","inquire","ask-inquire","",""
"2975","67ee795beb74f4d224497dac","test_ValenceMatch_Positive","18","ValenceMatchingOnly","twinkle","reassure","twinkle-reassure","ConceptualMismatch:physical","PositiveMatch"
"2976","67ee795beb74f4d224497dac","control_MaxMatch_Negative_Physical","0","MaxMatch","tear","stain","tear-stain","ConceptualMatch:physical","NegativeMatch"
"2977","67ee795beb74f4d224497dac","control_MaxMatch_Positive_Physical","6","MaxMatch","build","twinkle","build-twinkle","ConceptualMatch:physical","PositiveMatch"
"2978","67ee795beb74f4d224497dac","control_Dissimilar","89","DissimilarControl","arrive","leave","arrive-leave","",""
"2979","67ee795beb74f4d224497dac","control_Similar","99","SimilarControl","buy","purchase","buy-purchase","",""
"2980","67ee795beb74f4d224497dac","control_MaxMismatch","62","MaxMismatch","reassure","burn","reassure-burn","ConceptualMismatch:psychological","PositiveMismatch"
"2981","67ee795beb74f4d224497dac","test_ConceptualMatch_Psychological","17","ConceptualMatchingOnly","content","criticize","content-criticize","ConceptualMatch:psychological","PositiveMismatch"
"2982","67ee795beb74f4d224497dac","control_MaxMatch_Negative_Psychological","0","MaxMatch","offend","discourage","offend-discourage","ConceptualMatch:psychological","NegativeMatch"
"2983","67ee795beb74f4d224497dac","test_ValenceMatch_Negative","0","ValenceMatchingOnly","rust","despair","rust-despair","ConceptualMismatch:physical","NegativeMatch"
"2984","67ee795beb74f4d224497dac","test_ConceptualMatch_Physical","5","ConceptualMatchingOnly","caress","slaughter","caress-slaughter","ConceptualMatch:physical","PositiveMismatch"
"2985","67ee795beb74f4d224497dac","control_Dissimilar","20","DissimilarControl","open","close","open-close","",""
"2986","67ee795beb74f4d224497dac","control_MaxMatch_Positive_Psychological","99","MaxMatch","appreciate","impress","appreciate-impress","ConceptualMatch:psychological","PositiveMatch"
"2987","67ee795beb74f4d224497dac","control_Similar","99","SimilarControl","begin","start","begin-start","",""
"2988","67ee795beb74f4d224497dac","test_ValenceMatch_Positive","98","ValenceMatchingOnly","build","content","build-content","ConceptualMismatch:physical","PositiveMatch"
"2989","67ee795beb74f4d224497dac","control_MaxMatch_Negative_Physical","99","MaxMatch","stain","corrode","stain-corrode","ConceptualMatch:physical","NegativeMatch"
"2990","67ee795beb74f4d224497dac","control_MaxMatch_Positive_Physical","2","MaxMatch","cuddle","caress","cuddle-caress","ConceptualMatch:physical","PositiveMatch"
"2991","678e6eb7170e3a5da7c4ab91","control_Dissimilar","19","DissimilarControl","enter","exit","enter-exit","",""
"2992","678e6eb7170e3a5da7c4ab91","control_Similar","98","SimilarControl","speak","talk","speak-talk","",""
"2993","678e6eb7170e3a5da7c4ab91","test_ConceptualMatch_Physical","8","ConceptualMatchingOnly","cuddle","stain","cuddle-stain","ConceptualMatch:physical","PositiveMismatch"
"2994","678e6eb7170e3a5da7c4ab91","control_Dissimilar","17","DissimilarControl","come","go","come-go","",""
"2995","678e6eb7170e3a5da7c4ab91","control_MaxMatch_Negative_Psychological","19","MaxMatch","displease","embarrass","displease-embarrass","ConceptualMatch:psychological","NegativeMatch"
"2996","678e6eb7170e3a5da7c4ab91","control_Similar","78","SimilarControl","need","require","need-require","",""
"2997","678e6eb7170e3a5da7c4ab91","control_MaxMatch_Positive_Physical","7","MaxMatch","sculpt","decorate","sculpt-decorate","ConceptualMatch:physical","PositiveMatch"
"2998","678e6eb7170e3a5da7c4ab91","test_ConceptualMatch_Psychological","20","ConceptualMatchingOnly","respect","discourage","respect-discourage","ConceptualMatch:psychological","PositiveMismatch"
"2999","678e6eb7170e3a5da7c4ab91","control_MaxMatch_Negative_Physical","16","MaxMatch","slaughter","corrode","slaughter-corrode","ConceptualMatch:physical","NegativeMatch"
"3000","678e6eb7170e3a5da7c4ab91","control_MaxMismatch","0","MaxMismatch","admire","burn","admire-burn","ConceptualMismatch:psychological","PositiveMismatch"
"3001","678e6eb7170e3a5da7c4ab91","test_ValenceMatch_Negative","24","ValenceMatchingOnly","corrode","offend","corrode-offend","ConceptualMismatch:physical","NegativeMatch"
"3002","678e6eb7170e3a5da7c4ab91","test_ValenceMatch_Positive","11","ValenceMatchingOnly","clean","respect","clean-respect","ConceptualMismatch:physical","PositiveMatch"
"3003","678e6eb7170e3a5da7c4ab91","control_MaxMatch_Positive_Psychological","88","MaxMatch","encourage","cherish","encourage-cherish","ConceptualMatch:psychological","PositiveMatch"
"3004","678e6eb7170e3a5da7c4ab91","control_Dissimilar","15","DissimilarControl","give","take","give-take","",""
"3005","678e6eb7170e3a5da7c4ab91","control_Similar","98","SimilarControl","begin","start","begin-start","",""
"3006","678e6eb7170e3a5da7c4ab91","test_ConceptualMatch_Physical","49","ConceptualMatchingOnly","caress","stain","caress-stain","ConceptualMatch:physical","PositiveMismatch"
"3007","678e6eb7170e3a5da7c4ab91","control_Dissimilar","7","DissimilarControl","push","pull","push-pull","",""
"3008","678e6eb7170e3a5da7c4ab91","control_MaxMatch_Negative_Psychological","22","MaxMatch","despair","irritate","despair-irritate","ConceptualMatch:psychological","NegativeMatch"
"3009","678e6eb7170e3a5da7c4ab91","control_Similar","87","SimilarControl","end","finish","end-finish","",""
"3010","678e6eb7170e3a5da7c4ab91","control_MaxMatch_Positive_Physical","92","MaxMatch","cuddle","hug","cuddle-hug","ConceptualMatch:physical","PositiveMatch"
"3011","678e6eb7170e3a5da7c4ab91","test_ConceptualMatch_Psychological","0","ConceptualMatchingOnly","impress","dread","impress-dread","ConceptualMatch:psychological","PositiveMismatch"
"3012","678e6eb7170e3a5da7c4ab91","control_MaxMatch_Negative_Physical","0","MaxMatch","rust","hit","rust-hit","ConceptualMatch:physical","NegativeMatch"
"3013","678e6eb7170e3a5da7c4ab91","control_MaxMismatch","4","MaxMismatch","cherish","stain","cherish-stain","ConceptualMismatch:psychological","PositiveMismatch"
"3014","678e6eb7170e3a5da7c4ab91","test_ValenceMatch_Negative","0","ValenceMatchingOnly","slaughter","irritate","slaughter-irritate","ConceptualMismatch:physical","NegativeMatch"
"3015","678e6eb7170e3a5da7c4ab91","test_ValenceMatch_Positive","11","ValenceMatchingOnly","twinkle","appreciate","twinkle-appreciate","ConceptualMismatch:physical","PositiveMatch"
"3016","678e6eb7170e3a5da7c4ab91","control_MaxMatch_Positive_Psychological","48","MaxMatch","encourage","adore","encourage-adore","ConceptualMatch:psychological","PositiveMatch"
"3017","678e6eb7170e3a5da7c4ab91","control_Dissimilar","0","DissimilarControl","rise","fall","rise-fall","",""
"3018","678e6eb7170e3a5da7c4ab91","control_Similar","75","SimilarControl","use","employ","use-employ","",""
"3019","678e6eb7170e3a5da7c4ab91","test_ConceptualMatch_Physical","3","ConceptualMatchingOnly","produce","tear","produce-tear","ConceptualMatch:physical","PositiveMismatch"
"3020","678e6eb7170e3a5da7c4ab91","control_Dissimilar","11","DissimilarControl","arrive","leave","arrive-leave","",""
"3021","678e6eb7170e3a5da7c4ab91","control_MaxMatch_Negative_Psychological","7","MaxMatch","irritate","embarrass","irritate-embarrass","ConceptualMatch:psychological","NegativeMatch"
"3022","678e6eb7170e3a5da7c4ab91","control_Similar","87","SimilarControl","help","assist","help-assist","",""
"3023","678e6eb7170e3a5da7c4ab91","control_MaxMatch_Positive_Physical","4","MaxMatch","produce","decorate","produce-decorate","ConceptualMatch:physical","PositiveMatch"
"3024","678e6eb7170e3a5da7c4ab91","test_ConceptualMatch_Psychological","10","ConceptualMatchingOnly","cherish","displease","cherish-displease","ConceptualMatch:psychological","PositiveMismatch"
"3025","678e6eb7170e3a5da7c4ab91","control_MaxMatch_Negative_Physical","6","MaxMatch","tear","burn","tear-burn","ConceptualMatch:physical","NegativeMatch"
"3026","678e6eb7170e3a5da7c4ab91","control_MaxMismatch","43","MaxMismatch","like","corrode","like-corrode","ConceptualMismatch:psychological","PositiveMismatch"
"3027","678e6eb7170e3a5da7c4ab91","test_ValenceMatch_Negative","48","ValenceMatchingOnly","tear","dismay","tear-dismay","ConceptualMismatch:physical","NegativeMatch"
"3028","678e6eb7170e3a5da7c4ab91","test_ValenceMatch_Positive","6","ValenceMatchingOnly","decorate","content","decorate-content","ConceptualMismatch:physical","PositiveMatch"
"3029","678e6eb7170e3a5da7c4ab91","control_MaxMatch_Positive_Psychological","14","MaxMatch","reassure","cherish","reassure-cherish","ConceptualMatch:psychological","PositiveMatch"
"3030","678e6eb7170e3a5da7c4ab91","control_Dissimilar","16","DissimilarControl","increase","decrease","increase-decrease","",""
"3031","678e6eb7170e3a5da7c4ab91","control_Similar","97","SimilarControl","get","obtain","get-obtain","",""
"3032","678e6eb7170e3a5da7c4ab91","test_ConceptualMatch_Physical","13","ConceptualMatchingOnly","hug","delete","hug-delete","ConceptualMatch:physical","PositiveMismatch"
"3033","678e6eb7170e3a5da7c4ab91","control_Dissimilar","23","DissimilarControl","add","remove","add-remove","",""
"3034","678e6eb7170e3a5da7c4ab91","control_MaxMatch_Negative_Psychological","5","MaxMatch","embarrass","dread","embarrass-dread","ConceptualMatch:psychological","NegativeMatch"
"3035","678e6eb7170e3a5da7c4ab91","control_Similar","75","SimilarControl","show","display","show-display","",""
"3036","678e6eb7170e3a5da7c4ab91","control_MaxMatch_Positive_Physical","11","MaxMatch","repair","produce","repair-produce","ConceptualMatch:physical","PositiveMatch"
"3037","678e6eb7170e3a5da7c4ab91","test_ConceptualMatch_Psychological","18","ConceptualMatchingOnly","content","dismay","content-dismay","ConceptualMatch:psychological","PositiveMismatch"
"3038","678e6eb7170e3a5da7c4ab91","control_MaxMatch_Negative_Physical","0","MaxMatch","tear","hit","tear-hit","ConceptualMatch:physical","NegativeMatch"
"3039","678e6eb7170e3a5da7c4ab91","control_MaxMismatch","11","MaxMismatch","encourage","tear","encourage-tear","ConceptualMismatch:psychological","PositiveMismatch"
"3040","678e6eb7170e3a5da7c4ab91","test_ValenceMatch_Negative","4","ValenceMatchingOnly","hit","dismay","hit-dismay","ConceptualMismatch:physical","NegativeMatch"
"3041","678e6eb7170e3a5da7c4ab91","test_ValenceMatch_Positive","93","ValenceMatchingOnly","caress","adore","caress-adore","ConceptualMismatch:physical","PositiveMatch"
"3042","678e6eb7170e3a5da7c4ab91","control_MaxMatch_Positive_Psychological","5","MaxMatch","impress","adore","impress-adore","ConceptualMatch:psychological","PositiveMatch"
"3043","678e6eb7170e3a5da7c4ab91","control_Dissimilar","11","DissimilarControl","begin","end","begin-end","",""
"3044","678e6eb7170e3a5da7c4ab91","control_Similar","89","SimilarControl","ask","inquire","ask-inquire","",""
"3045","678e6eb7170e3a5da7c4ab91","test_ConceptualMatch_Physical","21","ConceptualMatchingOnly","hug","rust","hug-rust","ConceptualMatch:physical","PositiveMismatch"
"3046","678e6eb7170e3a5da7c4ab91","control_Dissimilar","1","DissimilarControl","open","close","open-close","",""
"3047","678e6eb7170e3a5da7c4ab91","control_MaxMatch_Negative_Psychological","17","MaxMatch","despair","criticize","despair-criticize","ConceptualMatch:psychological","NegativeMatch"
"3048","678e6eb7170e3a5da7c4ab91","control_Similar","93","SimilarControl","buy","purchase","buy-purchase","",""
"3049","678e6eb7170e3a5da7c4ab91","control_MaxMatch_Positive_Physical","13","MaxMatch","caress","decorate","caress-decorate","ConceptualMatch:physical","PositiveMatch"
"3050","678e6eb7170e3a5da7c4ab91","test_ConceptualMatch_Psychological","11","ConceptualMatchingOnly","adore","offend","adore-offend","ConceptualMatch:psychological","PositiveMismatch"
"3051","678e6eb7170e3a5da7c4ab91","control_MaxMatch_Negative_Physical","9","MaxMatch","rust","stain","rust-stain","ConceptualMatch:physical","NegativeMatch"
"3052","678e6eb7170e3a5da7c4ab91","control_MaxMismatch","7","MaxMismatch","appreciate","crash","appreciate-crash","ConceptualMismatch:psychological","PositiveMismatch"
"3053","678e6eb7170e3a5da7c4ab91","test_ValenceMatch_Negative","5","ValenceMatchingOnly","tear","dishonor","tear-dishonor","ConceptualMismatch:physical","NegativeMatch"
"3054","678e6eb7170e3a5da7c4ab91","test_ValenceMatch_Positive","4","ValenceMatchingOnly","decorate","appreciate","decorate-appreciate","ConceptualMismatch:physical","PositiveMatch"
"3055","678e6eb7170e3a5da7c4ab91","control_MaxMatch_Positive_Psychological","10","MaxMatch","reassure","adore","reassure-adore","ConceptualMatch:psychological","PositiveMatch"
"3056","67bdfe37cfbaa2551141486a","control_Dissimilar","99","DissimilarControl","give","take","give-take","",""
"3057","67bdfe37cfbaa2551141486a","control_Similar","99","SimilarControl","buy","purchase","buy-purchase","",""
"3058","67bdfe37cfbaa2551141486a","control_MaxMatch_Negative_Physical","0","MaxMatch","slash","delete","slash-delete","ConceptualMatch:physical","NegativeMatch"
"3059","67bdfe37cfbaa2551141486a","control_MaxMismatch","0","MaxMismatch","reassure","slaughter","reassure-slaughter","ConceptualMismatch:psychological","PositiveMismatch"
"3060","67bdfe37cfbaa2551141486a","control_MaxMatch_Positive_Physical","0","MaxMatch","cuddle","produce","cuddle-produce","ConceptualMatch:physical","PositiveMatch"
"3061","67bdfe37cfbaa2551141486a","test_ConceptualMatch_Psychological","0","ConceptualMatchingOnly","appreciate","despair","appreciate-despair","ConceptualMatch:psychological","PositiveMismatch"
"3062","67bdfe37cfbaa2551141486a","test_ValenceMatch_Positive","0","ValenceMatchingOnly","sculpt","cherish","sculpt-cherish","ConceptualMismatch:physical","PositiveMatch"
"3063","67bdfe37cfbaa2551141486a","control_MaxMatch_Negative_Psychological","99","MaxMatch","discourage","criticize","discourage-criticize","ConceptualMatch:psychological","NegativeMatch"
"3064","67bdfe37cfbaa2551141486a","control_Dissimilar","99","DissimilarControl","rise","fall","rise-fall","",""
"3065","67bdfe37cfbaa2551141486a","test_ValenceMatch_Negative","0","ValenceMatchingOnly","corrode","dread","corrode-dread","ConceptualMismatch:physical","NegativeMatch"
"3066","67bdfe37cfbaa2551141486a","control_MaxMatch_Positive_Psychological","87","MaxMatch","appreciate","impress","appreciate-impress","ConceptualMatch:psychological","PositiveMatch"
"3067","67bdfe37cfbaa2551141486a","control_Similar","99","SimilarControl","begin","start","begin-start","",""
"3068","67bdfe37cfbaa2551141486a","test_ConceptualMatch_Physical","0","ConceptualMatchingOnly","cuddle","rust","cuddle-rust","ConceptualMatch:physical","PositiveMismatch"
"3069","67bdfe37cfbaa2551141486a","control_Dissimilar","0","DissimilarControl","enter","exit","enter-exit","",""
"3070","67bdfe37cfbaa2551141486a","control_Similar","99","SimilarControl","get","obtain","get-obtain","",""
"3071","67bdfe37cfbaa2551141486a","control_MaxMatch_Negative_Physical","0","MaxMatch","slash","burn","slash-burn","ConceptualMatch:physical","NegativeMatch"
"3072","67bdfe37cfbaa2551141486a","control_MaxMismatch","0","MaxMismatch","content","hit","content-hit","ConceptualMismatch:psychological","PositiveMismatch"
"3073","67bdfe37cfbaa2551141486a","control_MaxMatch_Positive_Physical","0","MaxMatch","cuddle","twinkle","cuddle-twinkle","ConceptualMatch:physical","PositiveMatch"
"3074","67bdfe37cfbaa2551141486a","test_ConceptualMatch_Psychological","0","ConceptualMatchingOnly","reassure","dread","reassure-dread","ConceptualMatch:psychological","PositiveMismatch"
"3075","67bdfe37cfbaa2551141486a","test_ValenceMatch_Positive","82","ValenceMatchingOnly","produce","content","produce-content","ConceptualMismatch:physical","PositiveMatch"
"3076","67bdfe37cfbaa2551141486a","control_MaxMatch_Negative_Psychological","95","MaxMatch","offend","dread","offend-dread","ConceptualMatch:psychological","NegativeMatch"
"3077","67bdfe37cfbaa2551141486a","control_Dissimilar","0","DissimilarControl","add","remove","add-remove","",""
"3078","67bdfe37cfbaa2551141486a","test_ValenceMatch_Negative","0","ValenceMatchingOnly","slash","irritate","slash-irritate","ConceptualMismatch:physical","NegativeMatch"
"3079","67bdfe37cfbaa2551141486a","control_MaxMatch_Positive_Psychological","99","MaxMatch","respect","admire","respect-admire","ConceptualMatch:psychological","PositiveMatch"
"3080","67bdfe37cfbaa2551141486a","control_Similar","99","SimilarControl","ask","inquire","ask-inquire","",""
"3081","67bdfe37cfbaa2551141486a","test_ConceptualMatch_Physical","0","ConceptualMatchingOnly","build","hit","build-hit","ConceptualMatch:physical","PositiveMismatch"
"3082","67bdfe37cfbaa2551141486a","control_Dissimilar","0","DissimilarControl","arrive","leave","arrive-leave","",""
"3083","67bdfe37cfbaa2551141486a","control_Similar","99","SimilarControl","show","display","show-display","",""
"3084","67bdfe37cfbaa2551141486a","control_MaxMatch_Negative_Physical","99","MaxMatch","slaughter","tear","slaughter-tear","ConceptualMatch:physical","NegativeMatch"
"3085","67bdfe37cfbaa2551141486a","control_MaxMismatch","0","MaxMismatch","reassure","hit","reassure-hit","ConceptualMismatch:psychological","PositiveMismatch"
"3086","67bdfe37cfbaa2551141486a","control_MaxMatch_Positive_Physical","0","MaxMatch","hug","produce","hug-produce","ConceptualMatch:physical","PositiveMatch"
"3087","67bdfe37cfbaa2551141486a","test_ConceptualMatch_Psychological","0","ConceptualMatchingOnly","respect","dread","respect-dread","ConceptualMatch:psychological","PositiveMismatch"
"3088","67bdfe37cfbaa2551141486a","test_ValenceMatch_Positive","99","ValenceMatchingOnly","hug","cherish","hug-cherish","ConceptualMismatch:physical","PositiveMatch"
"3089","67bdfe37cfbaa2551141486a","control_MaxMatch_Negative_Psychological","99","MaxMatch","despair","dismay","despair-dismay","ConceptualMatch:psychological","NegativeMatch"
"3090","67bdfe37cfbaa2551141486a","control_Dissimilar","0","DissimilarControl","come","go","come-go","",""
"3091","67bdfe37cfbaa2551141486a","test_ValenceMatch_Negative","0","ValenceMatchingOnly","burn","criticize","burn-criticize","ConceptualMismatch:physical","NegativeMatch"
"3092","67bdfe37cfbaa2551141486a","control_MaxMatch_Positive_Psychological","99","MaxMatch","like","respect","like-respect","ConceptualMatch:psychological","PositiveMatch"
"3093","67bdfe37cfbaa2551141486a","control_Similar","99","SimilarControl","speak","talk","speak-talk","",""
"3094","67bdfe37cfbaa2551141486a","test_ConceptualMatch_Physical","0","ConceptualMatchingOnly","repair","slash","repair-slash","ConceptualMatch:physical","PositiveMismatch"
"3095","67bdfe37cfbaa2551141486a","control_Dissimilar","0","DissimilarControl","push","pull","push-pull","",""
"3096","67bdfe37cfbaa2551141486a","control_Similar","99","SimilarControl","need","require","need-require","",""
"3097","67bdfe37cfbaa2551141486a","control_MaxMatch_Negative_Physical","0","MaxMatch","tear","burn","tear-burn","ConceptualMatch:physical","NegativeMatch"
"3098","67bdfe37cfbaa2551141486a","control_MaxMismatch","0","MaxMismatch","cherish","slaughter","cherish-slaughter","ConceptualMismatch:psychological","PositiveMismatch"
"3099","67bdfe37cfbaa2551141486a","control_MaxMatch_Positive_Physical","0","MaxMatch","sculpt","twinkle","sculpt-twinkle","ConceptualMatch:physical","PositiveMatch"
"3100","67bdfe37cfbaa2551141486a","test_ConceptualMatch_Psychological","0","ConceptualMatchingOnly","admire","embarrass","admire-embarrass","ConceptualMatch:psychological","PositiveMismatch"
"3101","67bdfe37cfbaa2551141486a","test_ValenceMatch_Positive","99","ValenceMatchingOnly","decorate","impress","decorate-impress","ConceptualMismatch:physical","PositiveMatch"
"3102","67bdfe37cfbaa2551141486a","control_MaxMatch_Negative_Psychological","0","MaxMatch","offend","criticize","offend-criticize","ConceptualMatch:psychological","NegativeMatch"
"3103","67bdfe37cfbaa2551141486a","control_Dissimilar","0","DissimilarControl","begin","end","begin-end","",""
"3104","67bdfe37cfbaa2551141486a","test_ValenceMatch_Negative","0","ValenceMatchingOnly","delete","displease","delete-displease","ConceptualMismatch:physical","NegativeMatch"
"3105","67bdfe37cfbaa2551141486a","control_MaxMatch_Positive_Psychological","99","MaxMatch","like","adore","like-adore","ConceptualMatch:psychological","PositiveMatch"
"3106","67bdfe37cfbaa2551141486a","control_Similar","99","SimilarControl","help","assist","help-assist","",""
"3107","67bdfe37cfbaa2551141486a","test_ConceptualMatch_Physical","0","ConceptualMatchingOnly","build","corrode","build-corrode","ConceptualMatch:physical","PositiveMismatch"
"3108","67bdfe37cfbaa2551141486a","control_Dissimilar","0","DissimilarControl","open","close","open-close","",""
"3109","67bdfe37cfbaa2551141486a","control_Similar","99","SimilarControl","end","finish","end-finish","",""
"3110","67bdfe37cfbaa2551141486a","control_MaxMatch_Negative_Physical","0","MaxMatch","slash","corrode","slash-corrode","ConceptualMatch:physical","NegativeMatch"
"3111","67bdfe37cfbaa2551141486a","control_MaxMismatch","0","MaxMismatch","impress","corrode","impress-corrode","ConceptualMismatch:psychological","PositiveMismatch"
"3112","67bdfe37cfbaa2551141486a","control_MaxMatch_Positive_Physical","0","MaxMatch","cuddle","repair","cuddle-repair","ConceptualMatch:physical","PositiveMatch"
"3113","67bdfe37cfbaa2551141486a","test_ConceptualMatch_Psychological","0","ConceptualMatchingOnly","impress","offend","impress-offend","ConceptualMatch:psychological","PositiveMismatch"
"3114","67bdfe37cfbaa2551141486a","test_ValenceMatch_Positive","99","ValenceMatchingOnly","hug","appreciate","hug-appreciate","ConceptualMismatch:physical","PositiveMatch"
"3115","67bdfe37cfbaa2551141486a","control_MaxMatch_Negative_Psychological","0","MaxMatch","dishonor","dread","dishonor-dread","ConceptualMatch:psychological","NegativeMatch"
"3116","67bdfe37cfbaa2551141486a","control_Dissimilar","0","DissimilarControl","increase","decrease","increase-decrease","",""
"3117","67bdfe37cfbaa2551141486a","test_ValenceMatch_Negative","0","ValenceMatchingOnly","hit","dismay","hit-dismay","ConceptualMismatch:physical","NegativeMatch"
"3118","67bdfe37cfbaa2551141486a","control_MaxMatch_Positive_Psychological","0","MaxMatch","content","impress","content-impress","ConceptualMatch:psychological","PositiveMatch"
"3119","67bdfe37cfbaa2551141486a","control_Similar","0","SimilarControl","use","employ","use-employ","",""
"3120","67bdfe37cfbaa2551141486a","test_ConceptualMatch_Physical","0","ConceptualMatchingOnly","sculpt","burn","sculpt-burn","ConceptualMatch:physical","PositiveMismatch"
"3121","67e04f4402f278a9ccfe0f87","control_Dissimilar","65","DissimilarControl","increase","decrease","increase-decrease","",""
"3122","67e04f4402f278a9ccfe0f87","control_Similar","99","SimilarControl","buy","purchase","buy-purchase","",""
"3123","67e04f4402f278a9ccfe0f87","test_ConceptualMatch_Physical","55","ConceptualMatchingOnly","hug","tear","hug-tear","ConceptualMatch:physical","PositiveMismatch"
"3124","67e04f4402f278a9ccfe0f87","test_ValenceMatch_Positive","13","ValenceMatchingOnly","produce","adore","produce-adore","ConceptualMismatch:physical","PositiveMatch"
"3125","67e04f4402f278a9ccfe0f87","test_ValenceMatch_Negative","62","ValenceMatchingOnly","corrode","irritate","corrode-irritate","ConceptualMismatch:physical","NegativeMatch"
"3126","67e04f4402f278a9ccfe0f87","control_Dissimilar","79","DissimilarControl","give","take","give-take","",""
"3127","67e04f4402f278a9ccfe0f87","control_MaxMatch_Negative_Psychological","26","MaxMatch","despair","irritate","despair-irritate","ConceptualMatch:psychological","NegativeMatch"
"3128","67e04f4402f278a9ccfe0f87","control_Similar","99","SimilarControl","begin","start","begin-start","",""
"3129","67e04f4402f278a9ccfe0f87","control_MaxMatch_Positive_Psychological","93","MaxMatch","encourage","adore","encourage-adore","ConceptualMatch:psychological","PositiveMatch"
"3130","67e04f4402f278a9ccfe0f87","test_ConceptualMatch_Psychological","11","ConceptualMatchingOnly","impress","embarrass","impress-embarrass","ConceptualMatch:psychological","PositiveMismatch"
"3131","67e04f4402f278a9ccfe0f87","control_MaxMismatch","12","MaxMismatch","encourage","rust","encourage-rust","ConceptualMismatch:psychological","PositiveMismatch"
"3132","67e04f4402f278a9ccfe0f87","control_MaxMatch_Negative_Physical","83","MaxMatch","crash","hit","crash-hit","ConceptualMatch:physical","NegativeMatch"
"3133","67e04f4402f278a9ccfe0f87","control_MaxMatch_Positive_Physical","71","MaxMatch","caress","hug","caress-hug","ConceptualMatch:physical","PositiveMatch"
"3134","67e04f4402f278a9ccfe0f87","control_Dissimilar","20","DissimilarControl","begin","end","begin-end","",""
"3135","67e04f4402f278a9ccfe0f87","control_Similar","99","SimilarControl","show","display","show-display","",""
"3136","67e04f4402f278a9ccfe0f87","test_ConceptualMatch_Physical","0","ConceptualMatchingOnly","clean","hit","clean-hit","ConceptualMatch:physical","PositiveMismatch"
"3137","67e04f4402f278a9ccfe0f87","test_ValenceMatch_Positive","2","ValenceMatchingOnly","produce","respect","produce-respect","ConceptualMismatch:physical","PositiveMatch"
"3138","67e04f4402f278a9ccfe0f87","test_ValenceMatch_Negative","0","ValenceMatchingOnly","delete","offend","delete-offend","ConceptualMismatch:physical","NegativeMatch"
"3139","67e04f4402f278a9ccfe0f87","control_Dissimilar","45","DissimilarControl","come","go","come-go","",""
"3140","67e04f4402f278a9ccfe0f87","control_MaxMatch_Negative_Psychological","95","MaxMatch","offend","dishonor","offend-dishonor","ConceptualMatch:psychological","NegativeMatch"
"3141","67e04f4402f278a9ccfe0f87","control_Similar","99","SimilarControl","speak","talk","speak-talk","",""
"3142","67e04f4402f278a9ccfe0f87","control_MaxMatch_Positive_Psychological","15","MaxMatch","content","admire","content-admire","ConceptualMatch:psychological","PositiveMatch"
"3143","67e04f4402f278a9ccfe0f87","test_ConceptualMatch_Psychological","61","ConceptualMatchingOnly","appreciate","criticize","appreciate-criticize","ConceptualMatch:psychological","PositiveMismatch"
"3144","67e04f4402f278a9ccfe0f87","control_MaxMismatch","86","MaxMismatch","cherish","burn","cherish-burn","ConceptualMismatch:psychological","PositiveMismatch"
"3145","67e04f4402f278a9ccfe0f87","control_MaxMatch_Negative_Physical","85","MaxMatch","crash","tear","crash-tear","ConceptualMatch:physical","NegativeMatch"
"3146","67e04f4402f278a9ccfe0f87","control_MaxMatch_Positive_Physical","16","MaxMatch","caress","clean","caress-clean","ConceptualMatch:physical","PositiveMatch"
"3147","67e04f4402f278a9ccfe0f87","control_Dissimilar","59","DissimilarControl","arrive","leave","arrive-leave","",""
"3148","67e04f4402f278a9ccfe0f87","control_Similar","99","SimilarControl","help","assist","help-assist","",""
"3149","67e04f4402f278a9ccfe0f87","test_ConceptualMatch_Physical","24","ConceptualMatchingOnly","sculpt","rust","sculpt-rust","ConceptualMatch:physical","PositiveMismatch"
"3150","67e04f4402f278a9ccfe0f87","test_ValenceMatch_Positive","0","ValenceMatchingOnly","caress","impress","caress-impress","ConceptualMismatch:physical","PositiveMatch"
"3151","67e04f4402f278a9ccfe0f87","test_ValenceMatch_Negative","16","ValenceMatchingOnly","stain","criticize","stain-criticize","ConceptualMismatch:physical","NegativeMatch"
"3152","67e04f4402f278a9ccfe0f87","control_Dissimilar","0","DissimilarControl","rise","fall","rise-fall","",""
"3153","67e04f4402f278a9ccfe0f87","control_MaxMatch_Negative_Psychological","66","MaxMatch","displease","dismay","displease-dismay","ConceptualMatch:psychological","NegativeMatch"
"3154","67e04f4402f278a9ccfe0f87","control_Similar","99","SimilarControl","get","obtain","get-obtain","",""
"3155","67e04f4402f278a9ccfe0f87","control_MaxMatch_Positive_Psychological","99","MaxMatch","like","admire","like-admire","ConceptualMatch:psychological","PositiveMatch"
"3156","67e04f4402f278a9ccfe0f87","test_ConceptualMatch_Psychological","0","ConceptualMatchingOnly","cherish","dishonor","cherish-dishonor","ConceptualMatch:psychological","PositiveMismatch"
"3157","67e04f4402f278a9ccfe0f87","control_MaxMismatch","0","MaxMismatch","admire","crash","admire-crash","ConceptualMismatch:psychological","PositiveMismatch"
"3158","67e04f4402f278a9ccfe0f87","control_MaxMatch_Negative_Physical","0","MaxMatch","rust","delete","rust-delete","ConceptualMatch:physical","NegativeMatch"
"3159","67e04f4402f278a9ccfe0f87","control_MaxMatch_Positive_Physical","0","MaxMatch","hug","decorate","hug-decorate","ConceptualMatch:physical","PositiveMatch"
"3160","67e04f4402f278a9ccfe0f87","control_Dissimilar","59","DissimilarControl","enter","exit","enter-exit","",""
"3161","67e04f4402f278a9ccfe0f87","control_Similar","99","SimilarControl","end","finish","end-finish","",""
"3162","67e04f4402f278a9ccfe0f87","test_ConceptualMatch_Physical","0","ConceptualMatchingOnly","build","crash","build-crash","ConceptualMatch:physical","PositiveMismatch"
"3163","67e04f4402f278a9ccfe0f87","test_ValenceMatch_Positive","63","ValenceMatchingOnly","hug","adore","hug-adore","ConceptualMismatch:physical","PositiveMatch"
"3164","67e04f4402f278a9ccfe0f87","test_ValenceMatch_Negative","1","ValenceMatchingOnly","stain","embarrass","stain-embarrass","ConceptualMismatch:physical","NegativeMatch"
"3165","67e04f4402f278a9ccfe0f87","control_Dissimilar","1","DissimilarControl","add","remove","add-remove","",""
"3166","67e04f4402f278a9ccfe0f87","control_MaxMatch_Negative_Psychological","62","MaxMatch","despair","dismay","despair-dismay","ConceptualMatch:psychological","NegativeMatch"
"3167","67e04f4402f278a9ccfe0f87","control_Similar","99","SimilarControl","need","require","need-require","",""
"3168","67e04f4402f278a9ccfe0f87","control_MaxMatch_Positive_Psychological","72","MaxMatch","like","respect","like-respect","ConceptualMatch:psychological","PositiveMatch"
"3169","67e04f4402f278a9ccfe0f87","test_ConceptualMatch_Psychological","0","ConceptualMatchingOnly","impress","dismay","impress-dismay","ConceptualMatch:psychological","PositiveMismatch"
"3170","67e04f4402f278a9ccfe0f87","control_MaxMismatch","0","MaxMismatch","respect","corrode","respect-corrode","ConceptualMismatch:psychological","PositiveMismatch"
"3171","67e04f4402f278a9ccfe0f87","control_MaxMatch_Negative_Physical","73","MaxMatch","burn","corrode","burn-corrode","ConceptualMatch:physical","NegativeMatch"
"3172","67e04f4402f278a9ccfe0f87","control_MaxMatch_Positive_Physical","0","MaxMatch","cuddle","build","cuddle-build","ConceptualMatch:physical","PositiveMatch"
"3173","67e04f4402f278a9ccfe0f87","control_Dissimilar","0","DissimilarControl","open","close","open-close","",""
"3174","67e04f4402f278a9ccfe0f87","control_Similar","77","SimilarControl","use","employ","use-employ","",""
"3175","67e04f4402f278a9ccfe0f87","test_ConceptualMatch_Physical","27","ConceptualMatchingOnly","cuddle","slash","cuddle-slash","ConceptualMatch:physical","PositiveMismatch"
"3176","67e04f4402f278a9ccfe0f87","test_ValenceMatch_Positive","62","ValenceMatchingOnly","hug","encourage","hug-encourage","ConceptualMismatch:physical","PositiveMatch"
"3177","67e04f4402f278a9ccfe0f87","test_ValenceMatch_Negative","35","ValenceMatchingOnly","rust","embarrass","rust-embarrass","ConceptualMismatch:physical","NegativeMatch"
"3178","67e04f4402f278a9ccfe0f87","control_Dissimilar","0","DissimilarControl","push","pull","push-pull","",""
"3179","67e04f4402f278a9ccfe0f87","control_MaxMatch_Negative_Psychological","71","MaxMatch","offend","dismay","offend-dismay","ConceptualMatch:psychological","NegativeMatch"
"3180","67e04f4402f278a9ccfe0f87","control_Similar","99","SimilarControl","ask","inquire","ask-inquire","",""
"3181","67e04f4402f278a9ccfe0f87","control_MaxMatch_Positive_Psychological","99","MaxMatch","encourage","appreciate","encourage-appreciate","ConceptualMatch:psychological","PositiveMatch"
"3182","67e04f4402f278a9ccfe0f87","test_ConceptualMatch_Psychological","0","ConceptualMatchingOnly","cherish","dread","cherish-dread","ConceptualMatch:psychological","PositiveMismatch"
"3183","67e04f4402f278a9ccfe0f87","control_MaxMismatch","40","MaxMismatch","like","rust","like-rust","ConceptualMismatch:psychological","PositiveMismatch"
"3184","67e04f4402f278a9ccfe0f87","control_MaxMatch_Negative_Physical","54","MaxMatch","rust","burn","rust-burn","ConceptualMatch:physical","NegativeMatch"
"3185","67e04f4402f278a9ccfe0f87","control_MaxMatch_Positive_Physical","20","MaxMatch","sculpt","decorate","sculpt-decorate","ConceptualMatch:physical","PositiveMatch"
"3186","5a8895f0f1408d0001769b7b","control_Dissimilar","7","DissimilarControl","add","remove","add-remove","",""
"3187","5a8895f0f1408d0001769b7b","control_Similar","84","SimilarControl","use","employ","use-employ","",""
"3188","5a8895f0f1408d0001769b7b","control_MaxMatch_Negative_Physical","43","MaxMatch","crash","tear","crash-tear","ConceptualMatch:physical","NegativeMatch"
"3189","5a8895f0f1408d0001769b7b","test_ValenceMatch_Negative","46","ValenceMatchingOnly","burn","dread","burn-dread","ConceptualMismatch:physical","NegativeMatch"
"3190","5a8895f0f1408d0001769b7b","control_MaxMatch_Negative_Psychological","57","MaxMatch","irritate","dishonor","irritate-dishonor","ConceptualMatch:psychological","NegativeMatch"
"3191","5a8895f0f1408d0001769b7b","test_ConceptualMatch_Psychological","11","ConceptualMatchingOnly","adore","dismay","adore-dismay","ConceptualMatch:psychological","PositiveMismatch"
"3192","5a8895f0f1408d0001769b7b","control_MaxMatch_Positive_Psychological","65","MaxMatch","impress","adore","impress-adore","ConceptualMatch:psychological","PositiveMatch"
"3193","5a8895f0f1408d0001769b7b","test_ValenceMatch_Positive","14","ValenceMatchingOnly","produce","impress","produce-impress","ConceptualMismatch:physical","PositiveMatch"
"3194","5a8895f0f1408d0001769b7b","control_Dissimilar","2","DissimilarControl","open","close","open-close","",""
"3195","5a8895f0f1408d0001769b7b","test_ConceptualMatch_Physical","31","ConceptualMatchingOnly","caress","delete","caress-delete","ConceptualMatch:physical","PositiveMismatch"
"3196","5a8895f0f1408d0001769b7b","control_MaxMatch_Positive_Physical","91","MaxMatch","cuddle","hug","cuddle-hug","ConceptualMatch:physical","PositiveMatch"
"3197","5a8895f0f1408d0001769b7b","control_MaxMismatch","17","MaxMismatch","admire","corrode","admire-corrode","ConceptualMismatch:psychological","PositiveMismatch"
"3198","5a8895f0f1408d0001769b7b","control_Similar","99","SimilarControl","get","obtain","get-obtain","",""
"3199","5a8895f0f1408d0001769b7b","control_Dissimilar","0","DissimilarControl","give","take","give-take","",""
"3200","5a8895f0f1408d0001769b7b","control_Similar","99","SimilarControl","ask","inquire","ask-inquire","",""
"3201","5a8895f0f1408d0001769b7b","control_MaxMatch_Negative_Physical","59","MaxMatch","slaughter","crash","slaughter-crash","ConceptualMatch:physical","NegativeMatch"
"3202","5a8895f0f1408d0001769b7b","test_ValenceMatch_Negative","59","ValenceMatchingOnly","corrode","despair","corrode-despair","ConceptualMismatch:physical","NegativeMatch"
"3203","5a8895f0f1408d0001769b7b","control_MaxMatch_Negative_Psychological","64","MaxMatch","offend","discourage","offend-discourage","ConceptualMatch:psychological","NegativeMatch"
"3204","5a8895f0f1408d0001769b7b","test_ConceptualMatch_Psychological","2","ConceptualMatchingOnly","reassure","displease","reassure-displease","ConceptualMatch:psychological","PositiveMismatch"
"3205","5a8895f0f1408d0001769b7b","control_MaxMatch_Positive_Psychological","66","MaxMatch","encourage","respect","encourage-respect","ConceptualMatch:psychological","PositiveMatch"
"3206","5a8895f0f1408d0001769b7b","test_ValenceMatch_Positive","0","ValenceMatchingOnly","sculpt","like","sculpt-like","ConceptualMismatch:physical","PositiveMatch"
"3207","5a8895f0f1408d0001769b7b","control_Dissimilar","23","DissimilarControl","enter","exit","enter-exit","",""
"3208","5a8895f0f1408d0001769b7b","test_ConceptualMatch_Physical","10","ConceptualMatchingOnly","twinkle","corrode","twinkle-corrode","ConceptualMatch:physical","PositiveMismatch"
"3209","5a8895f0f1408d0001769b7b","control_MaxMatch_Positive_Physical","21","MaxMatch","caress","produce","caress-produce","ConceptualMatch:physical","PositiveMatch"
"3210","5a8895f0f1408d0001769b7b","control_MaxMismatch","0","MaxMismatch","impress","rust","impress-rust","ConceptualMismatch:psychological","PositiveMismatch"
"3211","5a8895f0f1408d0001769b7b","control_Similar","99","SimilarControl","need","require","need-require","",""
"3212","5a8895f0f1408d0001769b7b","control_Dissimilar","33","DissimilarControl","increase","decrease","increase-decrease","",""
"3213","5a8895f0f1408d0001769b7b","control_Similar","93","SimilarControl","show","display","show-display","",""
"3214","5a8895f0f1408d0001769b7b","control_MaxMatch_Negative_Physical","84","MaxMatch","burn","corrode","burn-corrode","ConceptualMatch:physical","NegativeMatch"
"3215","5a8895f0f1408d0001769b7b","test_ValenceMatch_Negative","19","ValenceMatchingOnly","slash","offend","slash-offend","ConceptualMismatch:physical","NegativeMatch"
"3216","5a8895f0f1408d0001769b7b","control_MaxMatch_Negative_Psychological","75","MaxMatch","displease","discourage","displease-discourage","ConceptualMatch:psychological","NegativeMatch"
"3217","5a8895f0f1408d0001769b7b","test_ConceptualMatch_Psychological","18","ConceptualMatchingOnly","impress","dishonor","impress-dishonor","ConceptualMatch:psychological","PositiveMismatch"
"3218","5a8895f0f1408d0001769b7b","control_MaxMatch_Positive_Psychological","68","MaxMatch","content","cherish","content-cherish","ConceptualMatch:psychological","PositiveMatch"
"3219","5a8895f0f1408d0001769b7b","test_ValenceMatch_Positive","72","ValenceMatchingOnly","build","encourage","build-encourage","ConceptualMismatch:physical","PositiveMatch"
"3220","5a8895f0f1408d0001769b7b","control_Dissimilar","63","DissimilarControl","come","go","come-go","",""
"3221","5a8895f0f1408d0001769b7b","test_ConceptualMatch_Physical","3","ConceptualMatchingOnly","produce","slaughter","produce-slaughter","ConceptualMatch:physical","PositiveMismatch"
"3222","5a8895f0f1408d0001769b7b","control_MaxMatch_Positive_Physical","62","MaxMatch","caress","decorate","caress-decorate","ConceptualMatch:physical","PositiveMatch"
"3223","5a8895f0f1408d0001769b7b","control_MaxMismatch","30","MaxMismatch","cherish","stain","cherish-stain","ConceptualMismatch:psychological","PositiveMismatch"
"3224","5a8895f0f1408d0001769b7b","control_Similar","99","SimilarControl","buy","purchase","buy-purchase","",""
"3225","5a8895f0f1408d0001769b7b","control_Dissimilar","54","DissimilarControl","arrive","leave","arrive-leave","",""
"3226","5a8895f0f1408d0001769b7b","control_Similar","99","SimilarControl","help","assist","help-assist","",""
"3227","5a8895f0f1408d0001769b7b","control_MaxMatch_Negative_Physical","80","MaxMatch","slash","crash","slash-crash","ConceptualMatch:physical","NegativeMatch"
"3228","5a8895f0f1408d0001769b7b","test_ValenceMatch_Negative","82","ValenceMatchingOnly","hit","dishonor","hit-dishonor","ConceptualMismatch:physical","NegativeMatch"
"3229","5a8895f0f1408d0001769b7b","control_MaxMatch_Negative_Psychological","64","MaxMatch","discourage","dread","discourage-dread","ConceptualMatch:psychological","NegativeMatch"
"3230","5a8895f0f1408d0001769b7b","test_ConceptualMatch_Psychological","3","ConceptualMatchingOnly","like","criticize","like-criticize","ConceptualMatch:psychological","PositiveMismatch"
"3231","5a8895f0f1408d0001769b7b","control_MaxMatch_Positive_Psychological","66","MaxMatch","impress","cherish","impress-cherish","ConceptualMatch:psychological","PositiveMatch"
"3232","5a8895f0f1408d0001769b7b","test_ValenceMatch_Positive","35","ValenceMatchingOnly","sculpt","impress","sculpt-impress","ConceptualMismatch:physical","PositiveMatch"
"3233","5a8895f0f1408d0001769b7b","control_Dissimilar","72","DissimilarControl","rise","fall","rise-fall","",""
"3234","5a8895f0f1408d0001769b7b","test_ConceptualMatch_Physical","30","ConceptualMatchingOnly","produce","stain","produce-stain","ConceptualMatch:physical","PositiveMismatch"
"3235","5a8895f0f1408d0001769b7b","control_MaxMatch_Positive_Physical","45","MaxMatch","produce","decorate","produce-decorate","ConceptualMatch:physical","PositiveMatch"
"3236","5a8895f0f1408d0001769b7b","control_MaxMismatch","0","MaxMismatch","respect","slash","respect-slash","ConceptualMismatch:psychological","PositiveMismatch"
"3237","5a8895f0f1408d0001769b7b","control_Similar","99","SimilarControl","begin","start","begin-start","",""
"3238","5a8895f0f1408d0001769b7b","control_Dissimilar","61","DissimilarControl","begin","end","begin-end","",""
"3239","5a8895f0f1408d0001769b7b","control_Similar","99","SimilarControl","end","finish","end-finish","",""
"3240","5a8895f0f1408d0001769b7b","control_MaxMatch_Negative_Physical","80","MaxMatch","crash","hit","crash-hit","ConceptualMatch:physical","NegativeMatch"
"3241","5a8895f0f1408d0001769b7b","test_ValenceMatch_Negative","53","ValenceMatchingOnly","burn","despair","burn-despair","ConceptualMismatch:physical","NegativeMatch"
"3242","5a8895f0f1408d0001769b7b","control_MaxMatch_Negative_Psychological","90","MaxMatch","despair","dread","despair-dread","ConceptualMatch:psychological","NegativeMatch"
"3243","5a8895f0f1408d0001769b7b","test_ConceptualMatch_Psychological","20","ConceptualMatchingOnly","cherish","dishonor","cherish-dishonor","ConceptualMatch:psychological","PositiveMismatch"
"3244","5a8895f0f1408d0001769b7b","control_MaxMatch_Positive_Psychological","84","MaxMatch","appreciate","admire","appreciate-admire","ConceptualMatch:psychological","PositiveMatch"
"3245","5a8895f0f1408d0001769b7b","test_ValenceMatch_Positive","33","ValenceMatchingOnly","repair","like","repair-like","ConceptualMismatch:physical","PositiveMatch"
"3246","5a8895f0f1408d0001769b7b","control_Dissimilar","54","DissimilarControl","push","pull","push-pull","",""
"3247","5a8895f0f1408d0001769b7b","test_ConceptualMatch_Physical","34","ConceptualMatchingOnly","build","stain","build-stain","ConceptualMatch:physical","PositiveMismatch"
"3248","5a8895f0f1408d0001769b7b","control_MaxMatch_Positive_Physical","24","MaxMatch","cuddle","clean","cuddle-clean","ConceptualMatch:physical","PositiveMatch"
"3249","5a8895f0f1408d0001769b7b","control_MaxMismatch","16","MaxMismatch","admire","tear","admire-tear","ConceptualMismatch:psychological","PositiveMismatch"
"3250","5a8895f0f1408d0001769b7b","control_Similar","99","SimilarControl","speak","talk","speak-talk","",""
