"","ID.Ibex","Label","Response","FeatureMatch","Word1","Word2","WordPair","Conceptual","Valence"
"1","6736017e076d3440b572571d","control_Dissimilar","0","DissimilarControl","begin","end","begin-end","",""
"2","6736017e076d3440b572571d","control_Similar","99","SimilarControl","begin","start","begin-start","",""
"3","6736017e076d3440b572571d","control_MaxMatch_Negative_Verb","0","MaxMatch","befall","obsess","befall-obsess","VerbMatch","NegativeMatch"
"4","6736017e076d3440b572571d","control_Dissimilar","0","DissimilarControl","push","pull","push-pull","",""
"5","6736017e076d3440b572571d","control_MaxMatch_Positive_Verb","1","MaxMatch","enlighten","fulfill","enlighten-fulfill","VerbMatch","PositiveMatch"
"6","6736017e076d3440b572571d","test_ValenceMatch_Negative","0","ValenceMatchingOnly","fester","failure","fester-failure","VerbMismatch","NegativeMatch"
"7","6736017e076d3440b572571d","test_ConceptualMatch_Verb","0","ConceptualMatchingOnly","admire","running","admire-running","ConceptualMatch:verb","PositiveMismatch"
"8","6736017e076d3440b572571d","test_ValenceMatch_Positive","0","ValenceMatchingOnly","gratitude","imagine","gratitude-imagine","NounMismatch","PositiveMatch"
"9","6736017e076d3440b572571d","test_ConceptualMatch_Noun","0","ConceptualMatchingOnly","gratitude","fireplace","gratitude-fireplace","ConceptualMatch:noun","PositiveMismatch"
"10","6736017e076d3440b572571d","control_MaxMismatch","0","MaxMismatch","fulfill","glisten","fulfill-glisten","VerbMismatch","PositiveMismatch"
"11","6736017e076d3440b572571d","control_MaxMatch_Negative_Noun","0","MaxMatch","toxin","mud","toxin-mud","NounMatch","NegativeMatch"
"12","6736017e076d3440b572571d","control_Similar","99","SimilarControl","show","display","show-display","",""
"13","6736017e076d3440b572571d","control_MaxMatch_Positive_Noun","0","MaxMatch","freedom","inspiration","freedom-inspiration","NounMatch","PositiveMatch"
"14","6736017e076d3440b572571d","control_Dissimilar","0","DissimilarControl","rise","fall","rise-fall","",""
"15","6736017e076d3440b572571d","control_Similar","99","SimilarControl","need","require","need-require","",""
"16","6736017e076d3440b572571d","control_MaxMatch_Negative_Verb","49","MaxMatch","stab","exploit","stab-exploit","VerbMatch","NegativeMatch"
"17","6736017e076d3440b572571d","control_Dissimilar","99","DissimilarControl","come","go","come-go","",""
"18","6736017e076d3440b572571d","control_MaxMatch_Positive_Verb","77","MaxMatch","admire","imagine","admire-imagine","VerbMatch","PositiveMatch"
"19","6736017e076d3440b572571d","test_ValenceMatch_Negative","0","ValenceMatchingOnly","choke","anxiety","choke-anxiety","VerbMismatch","NegativeMatch"
"20","6736017e076d3440b572571d","test_ConceptualMatch_Verb","0","ConceptualMatchingOnly","fulfill","running","fulfill-running","ConceptualMatch:verb","PositiveMismatch"
"21","6736017e076d3440b572571d","test_ValenceMatch_Positive","0","ValenceMatchingOnly","kindness","fulfill","kindness-fulfill","NounMismatch","PositiveMatch"
"22","6736017e076d3440b572571d","test_ConceptualMatch_Noun","0","ConceptualMatchingOnly","freedom","flowers","freedom-flowers","ConceptualMatch:noun","PositiveMismatch"
"23","6736017e076d3440b572571d","control_MaxMismatch","0","MaxMismatch","cherish","beach","cherish-beach","VerbMismatch","PositiveMismatch"
"24","6736017e076d3440b572571d","control_MaxMatch_Negative_Noun","0","MaxMatch","slave","anxiety","slave-anxiety","NounMatch","NegativeMatch"
"25","6736017e076d3440b572571d","control_Similar","99","SimilarControl","get","obtain","get-obtain","",""
"26","6736017e076d3440b572571d","control_MaxMatch_Positive_Noun","0","MaxMatch","freedom","kindness","freedom-kindness","NounMatch","PositiveMatch"
"27","6736017e076d3440b572571d","control_Dissimilar","0","DissimilarControl","give","take","give-take","",""
"28","6736017e076d3440b572571d","control_Similar","60","SimilarControl","use","employ","use-employ","",""
"29","6736017e076d3440b572571d","control_MaxMatch_Negative_Verb","99","MaxMatch","befall","criticize","befall-criticize","VerbMatch","NegativeMatch"
"30","6736017e076d3440b572571d","control_Dissimilar","0","DissimilarControl","add","remove","add-remove","",""
"31","6736017e076d3440b572571d","control_MaxMatch_Positive_Verb","93","MaxMatch","admire","fulfill","admire-fulfill","VerbMatch","PositiveMatch"
"32","6736017e076d3440b572571d","test_ValenceMatch_Negative","0","ValenceMatchingOnly","bleed","failure","bleed-failure","VerbMismatch","NegativeMatch"
"33","6736017e076d3440b572571d","test_ConceptualMatch_Verb","0","ConceptualMatchingOnly","imagine","glisten","imagine-glisten","ConceptualMatch:verb","PositiveMismatch"
"34","6736017e076d3440b572571d","test_ValenceMatch_Positive","0","ValenceMatchingOnly","compassion","fulfill","compassion-fulfill","NounMismatch","PositiveMatch"
"35","6736017e076d3440b572571d","test_ConceptualMatch_Noun","0","ConceptualMatchingOnly","compassion","fireplace","compassion-fireplace","ConceptualMatch:noun","PositiveMismatch"
"36","6736017e076d3440b572571d","control_MaxMismatch","0","MaxMismatch","enlighten","flowers","enlighten-flowers","VerbMismatch","PositiveMismatch"
"37","6736017e076d3440b572571d","control_MaxMatch_Negative_Noun","0","MaxMatch","toxin","hatred","toxin-hatred","NounMatch","NegativeMatch"
"38","6736017e076d3440b572571d","control_Similar","99","SimilarControl","ask","inquire","ask-inquire","",""
"39","6736017e076d3440b572571d","control_MaxMatch_Positive_Noun","0","MaxMatch","compassion","inspiration","compassion-inspiration","NounMatch","PositiveMatch"
"40","6736017e076d3440b572571d","control_Dissimilar","0","DissimilarControl","enter","exit","enter-exit","",""
"41","6736017e076d3440b572571d","control_Similar","99","SimilarControl","speak","talk","speak-talk","",""
"42","6736017e076d3440b572571d","control_MaxMatch_Negative_Verb","0","MaxMatch","bleed","exploit","bleed-exploit","VerbMatch","NegativeMatch"
"43","6736017e076d3440b572571d","control_Dissimilar","0","DissimilarControl","arrive","leave","arrive-leave","",""
"44","6736017e076d3440b572571d","control_MaxMatch_Positive_Verb","99","MaxMatch","admire","cherish","admire-cherish","VerbMatch","PositiveMatch"
"45","6736017e076d3440b572571d","test_ValenceMatch_Negative","83","ValenceMatchingOnly","writhe","hatred","writhe-hatred","VerbMismatch","NegativeMatch"
"46","6736017e076d3440b572571d","test_ConceptualMatch_Verb","0","ConceptualMatchingOnly","cherish","breathe","cherish-breathe","ConceptualMatch:verb","PositiveMismatch"
"47","6736017e076d3440b572571d","test_ValenceMatch_Positive","0","ValenceMatchingOnly","freedom","cherish","freedom-cherish","NounMismatch","PositiveMatch"
"48","6736017e076d3440b572571d","test_ConceptualMatch_Noun","0","ConceptualMatchingOnly","compassion","flowers","compassion-flowers","ConceptualMatch:noun","PositiveMismatch"
"49","6736017e076d3440b572571d","control_MaxMismatch","0","MaxMismatch","admire","running","admire-running","VerbMismatch","PositiveMismatch"
"50","6736017e076d3440b572571d","control_MaxMatch_Negative_Noun","0","MaxMatch","terror","grief","terror-grief","NounMatch","NegativeMatch"
"51","6736017e076d3440b572571d","control_Similar","99","SimilarControl","buy","purchase","buy-purchase","",""
"52","6736017e076d3440b572571d","control_MaxMatch_Positive_Noun","99","MaxMatch","gratitude","inspiration","gratitude-inspiration","NounMatch","PositiveMatch"
"53","6736017e076d3440b572571d","control_Dissimilar","0","DissimilarControl","open","close","open-close","",""
"54","6736017e076d3440b572571d","control_Similar","99","SimilarControl","end","finish","end-finish","",""
"55","6736017e076d3440b572571d","control_MaxMatch_Negative_Verb","99","MaxMatch","fester","obsess","fester-obsess","VerbMatch","NegativeMatch"
"56","6736017e076d3440b572571d","control_Dissimilar","0","DissimilarControl","increase","decrease","increase-decrease","",""
"57","6736017e076d3440b572571d","control_MaxMatch_Positive_Verb","99","MaxMatch","cherish","enlighten","cherish-enlighten","VerbMatch","PositiveMatch"
"58","6736017e076d3440b572571d","test_ValenceMatch_Negative","0","ValenceMatchingOnly","bleed","anxiety","bleed-anxiety","VerbMismatch","NegativeMatch"
"59","6736017e076d3440b572571d","test_ConceptualMatch_Verb","0","ConceptualMatchingOnly","enlighten","glisten","enlighten-glisten","ConceptualMatch:verb","PositiveMismatch"
"60","6736017e076d3440b572571d","test_ValenceMatch_Positive","71","ValenceMatchingOnly","gratitude","enlighten","gratitude-enlighten","NounMismatch","PositiveMatch"
"61","6736017e076d3440b572571d","test_ConceptualMatch_Noun","0","ConceptualMatchingOnly","gratitude","beach","gratitude-beach","ConceptualMatch:noun","PositiveMismatch"
"62","6736017e076d3440b572571d","control_MaxMismatch","0","MaxMismatch","imagine","glisten","imagine-glisten","VerbMismatch","PositiveMismatch"
"63","6736017e076d3440b572571d","control_MaxMatch_Negative_Noun","0","MaxMatch","anxiety","grief","anxiety-grief","NounMatch","NegativeMatch"
"64","6736017e076d3440b572571d","control_Similar","99","SimilarControl","help","assist","help-assist","",""
"65","6736017e076d3440b572571d","control_MaxMatch_Positive_Noun","0","MaxMatch","inspiration","kindness","inspiration-kindness","NounMatch","PositiveMatch"
"66","588e02b13326830001bc29cd","control_Similar","83","SimilarControl","need","require","need-require","",""
"67","588e02b13326830001bc29cd","control_Dissimilar","0","DissimilarControl","push","pull","push-pull","",""
"68","588e02b13326830001bc29cd","control_MaxMatch_Negative_Verb","69","MaxMatch","bleed","stab","bleed-stab","VerbMatch","NegativeMatch"
"69","588e02b13326830001bc29cd","control_MaxMatch_Positive_Noun","32","MaxMatch","freedom","inspiration","freedom-inspiration","NounMatch","PositiveMatch"
"70","588e02b13326830001bc29cd","test_ConceptualMatch_Verb","0","ConceptualMatchingOnly","enlighten","glisten","enlighten-glisten","ConceptualMatch:verb","PositiveMismatch"
"71","588e02b13326830001bc29cd","control_MaxMatch_Positive_Verb","0","MaxMatch","admire","fulfill","admire-fulfill","VerbMatch","PositiveMatch"
"72","588e02b13326830001bc29cd","control_MaxMatch_Negative_Noun","15","MaxMatch","slave","failure","slave-failure","NounMatch","NegativeMatch"
"73","588e02b13326830001bc29cd","test_ValenceMatch_Negative","16","ValenceMatchingOnly","fester","failure","fester-failure","VerbMismatch","NegativeMatch"
"74","588e02b13326830001bc29cd","test_ConceptualMatch_Noun","0","ConceptualMatchingOnly","gratitude","fireplace","gratitude-fireplace","ConceptualMatch:noun","PositiveMismatch"
"75","588e02b13326830001bc29cd","test_ValenceMatch_Positive","30","ValenceMatchingOnly","freedom","fulfill","freedom-fulfill","NounMismatch","PositiveMatch"
"76","588e02b13326830001bc29cd","control_Similar","99","SimilarControl","get","obtain","get-obtain","",""
"77","588e02b13326830001bc29cd","control_Dissimilar","0","DissimilarControl","arrive","leave","arrive-leave","",""
"78","588e02b13326830001bc29cd","control_MaxMismatch","0","MaxMismatch","enlighten","flowers","enlighten-flowers","VerbMismatch","PositiveMismatch"
"79","588e02b13326830001bc29cd","control_Similar","99","SimilarControl","ask","inquire","ask-inquire","",""
"80","588e02b13326830001bc29cd","control_Dissimilar","0","DissimilarControl","give","take","give-take","",""
"81","588e02b13326830001bc29cd","control_MaxMatch_Negative_Verb","24","MaxMatch","fester","exploit","fester-exploit","VerbMatch","NegativeMatch"
"82","588e02b13326830001bc29cd","control_MaxMatch_Positive_Noun","29","MaxMatch","compassion","freedom","compassion-freedom","NounMatch","PositiveMatch"
"83","588e02b13326830001bc29cd","test_ConceptualMatch_Verb","0","ConceptualMatchingOnly","admire","breathe","admire-breathe","ConceptualMatch:verb","PositiveMismatch"
"84","588e02b13326830001bc29cd","control_MaxMatch_Positive_Verb","0","MaxMatch","fulfill","imagine","fulfill-imagine","VerbMatch","PositiveMatch"
"85","588e02b13326830001bc29cd","control_MaxMatch_Negative_Noun","34","MaxMatch","mud","slave","mud-slave","NounMatch","NegativeMatch"
"86","588e02b13326830001bc29cd","test_ValenceMatch_Negative","71","ValenceMatchingOnly","fester","grief","fester-grief","VerbMismatch","NegativeMatch"
"87","588e02b13326830001bc29cd","test_ConceptualMatch_Noun","26","ConceptualMatchingOnly","gratitude","flowers","gratitude-flowers","ConceptualMatch:noun","PositiveMismatch"
"88","588e02b13326830001bc29cd","test_ValenceMatch_Positive","0","ValenceMatchingOnly","compassion","imagine","compassion-imagine","NounMismatch","PositiveMatch"
"89","588e02b13326830001bc29cd","control_Similar","99","SimilarControl","end","finish","end-finish","",""
"90","588e02b13326830001bc29cd","control_Dissimilar","0","DissimilarControl","open","close","open-close","",""
"91","588e02b13326830001bc29cd","control_MaxMismatch","0","MaxMismatch","fulfill","glide","fulfill-glide","VerbMismatch","PositiveMismatch"
"92","588e02b13326830001bc29cd","control_Similar","99","SimilarControl","show","display","show-display","",""
"93","588e02b13326830001bc29cd","control_Dissimilar","0","DissimilarControl","enter","exit","enter-exit","",""
"94","588e02b13326830001bc29cd","control_MaxMatch_Negative_Verb","0","MaxMatch","bleed","obsess","bleed-obsess","VerbMatch","NegativeMatch"
"95","588e02b13326830001bc29cd","control_MaxMatch_Positive_Noun","16","MaxMatch","gratitude","inspiration","gratitude-inspiration","NounMatch","PositiveMatch"
"96","588e02b13326830001bc29cd","test_ConceptualMatch_Verb","0","ConceptualMatchingOnly","imagine","running","imagine-running","ConceptualMatch:verb","PositiveMismatch"
"97","588e02b13326830001bc29cd","control_MaxMatch_Positive_Verb","0","MaxMatch","cherish","fulfill","cherish-fulfill","VerbMatch","PositiveMatch"
"98","588e02b13326830001bc29cd","control_MaxMatch_Negative_Noun","0","MaxMatch","garbage","slave","garbage-slave","NounMatch","NegativeMatch"
"99","588e02b13326830001bc29cd","test_ValenceMatch_Negative","0","ValenceMatchingOnly","bleed","grief","bleed-grief","VerbMismatch","NegativeMatch"
"100","588e02b13326830001bc29cd","test_ConceptualMatch_Noun","0","ConceptualMatchingOnly","freedom","chocolate","freedom-chocolate","ConceptualMatch:noun","PositiveMismatch"
"101","588e02b13326830001bc29cd","test_ValenceMatch_Positive","79","ValenceMatchingOnly","inspiration","imagine","inspiration-imagine","NounMismatch","PositiveMatch"
"102","588e02b13326830001bc29cd","control_Similar","99","SimilarControl","buy","purchase","buy-purchase","",""
"103","588e02b13326830001bc29cd","control_Dissimilar","0","DissimilarControl","increase","decrease","increase-decrease","",""
"104","588e02b13326830001bc29cd","control_MaxMismatch","0","MaxMismatch","admire","breathe","admire-breathe","VerbMismatch","PositiveMismatch"
"105","588e02b13326830001bc29cd","control_Similar","99","SimilarControl","speak","talk","speak-talk","",""
"106","588e02b13326830001bc29cd","control_Dissimilar","0","DissimilarControl","add","remove","add-remove","",""
"107","588e02b13326830001bc29cd","control_MaxMatch_Negative_Verb","0","MaxMatch","choke","resent","choke-resent","VerbMatch","NegativeMatch"
"108","588e02b13326830001bc29cd","control_MaxMatch_Positive_Noun","33","MaxMatch","freedom","gratitude","freedom-gratitude","NounMatch","PositiveMatch"
"109","588e02b13326830001bc29cd","test_ConceptualMatch_Verb","0","ConceptualMatchingOnly","imagine","glide","imagine-glide","ConceptualMatch:verb","PositiveMismatch"
"110","588e02b13326830001bc29cd","control_MaxMatch_Positive_Verb","0","MaxMatch","cherish","enlighten","cherish-enlighten","VerbMatch","PositiveMatch"
"111","588e02b13326830001bc29cd","control_MaxMatch_Negative_Noun","0","MaxMatch","corpse","failure","corpse-failure","NounMatch","NegativeMatch"
"112","588e02b13326830001bc29cd","test_ValenceMatch_Negative","67","ValenceMatchingOnly","fester","hatred","fester-hatred","VerbMismatch","NegativeMatch"
"113","588e02b13326830001bc29cd","test_ConceptualMatch_Noun","0","ConceptualMatchingOnly","freedom","flowers","freedom-flowers","ConceptualMatch:noun","PositiveMismatch"
"114","588e02b13326830001bc29cd","test_ValenceMatch_Positive","0","ValenceMatchingOnly","freedom","admire","freedom-admire","NounMismatch","PositiveMatch"
"115","588e02b13326830001bc29cd","control_Similar","99","SimilarControl","help","assist","help-assist","",""
"116","588e02b13326830001bc29cd","control_Dissimilar","0","DissimilarControl","rise","fall","rise-fall","",""
"117","588e02b13326830001bc29cd","control_MaxMismatch","0","MaxMismatch","imagine","running","imagine-running","VerbMismatch","PositiveMismatch"
"118","588e02b13326830001bc29cd","control_Similar","99","SimilarControl","begin","start","begin-start","",""
"119","588e02b13326830001bc29cd","control_Dissimilar","0","DissimilarControl","begin","end","begin-end","",""
"120","588e02b13326830001bc29cd","control_MaxMatch_Negative_Verb","0","MaxMatch","bleed","resent","bleed-resent","VerbMatch","NegativeMatch"
"121","588e02b13326830001bc29cd","control_MaxMatch_Positive_Noun","19","MaxMatch","inspiration","kindness","inspiration-kindness","NounMatch","PositiveMatch"
"122","588e02b13326830001bc29cd","test_ConceptualMatch_Verb","0","ConceptualMatchingOnly","cherish","breathe","cherish-breathe","ConceptualMatch:verb","PositiveMismatch"
"123","588e02b13326830001bc29cd","control_MaxMatch_Positive_Verb","0","MaxMatch","admire","imagine","admire-imagine","VerbMatch","PositiveMatch"
"124","588e02b13326830001bc29cd","control_MaxMatch_Negative_Noun","0","MaxMatch","mud","hatred","mud-hatred","NounMatch","NegativeMatch"
"125","588e02b13326830001bc29cd","test_ValenceMatch_Negative","64","ValenceMatchingOnly","bleed","terror","bleed-terror","VerbMismatch","NegativeMatch"
"126","588e02b13326830001bc29cd","test_ConceptualMatch_Noun","65","ConceptualMatchingOnly","kindness","flowers","kindness-flowers","ConceptualMatch:noun","PositiveMismatch"
"127","588e02b13326830001bc29cd","test_ValenceMatch_Positive","23","ValenceMatchingOnly","compassion","fulfill","compassion-fulfill","NounMismatch","PositiveMatch"
"128","588e02b13326830001bc29cd","control_Similar","62","SimilarControl","use","employ","use-employ","",""
"129","588e02b13326830001bc29cd","control_Dissimilar","0","DissimilarControl","come","go","come-go","",""
"130","588e02b13326830001bc29cd","control_MaxMismatch","0","MaxMismatch","admire","glide","admire-glide","VerbMismatch","PositiveMismatch"
"131","583ec287ad2f4300014b355a","control_Dissimilar","0","DissimilarControl","give","take","give-take","",""
"132","583ec287ad2f4300014b355a","control_Similar","99","SimilarControl","show","display","show-display","",""
"133","583ec287ad2f4300014b355a","control_MaxMatch_Positive_Noun","99","MaxMatch","compassion","kindness","compassion-kindness","NounMatch","PositiveMatch"
"134","583ec287ad2f4300014b355a","control_MaxMatch_Positive_Verb","0","MaxMatch","admire","fulfill","admire-fulfill","VerbMatch","PositiveMatch"
"135","583ec287ad2f4300014b355a","control_Dissimilar","0","DissimilarControl","open","close","open-close","",""
"136","583ec287ad2f4300014b355a","test_ConceptualMatch_Verb","0","ConceptualMatchingOnly","fulfill","glide","fulfill-glide","ConceptualMatch:verb","PositiveMismatch"
"137","583ec287ad2f4300014b355a","control_MaxMatch_Negative_Verb","0","MaxMatch","resent","obsess","resent-obsess","VerbMatch","NegativeMatch"
"138","583ec287ad2f4300014b355a","test_ValenceMatch_Positive","0","ValenceMatchingOnly","kindness","fulfill","kindness-fulfill","NounMismatch","PositiveMatch"
"139","583ec287ad2f4300014b355a","control_MaxMismatch","0","MaxMismatch","admire","home","admire-home","VerbMismatch","PositiveMismatch"
"140","583ec287ad2f4300014b355a","control_Similar","99","SimilarControl","buy","purchase","buy-purchase","",""
"141","583ec287ad2f4300014b355a","test_ConceptualMatch_Noun","75","ConceptualMatchingOnly","gratitude","flowers","gratitude-flowers","ConceptualMatch:noun","PositiveMismatch"
"142","583ec287ad2f4300014b355a","control_MaxMatch_Negative_Noun","0","MaxMatch","garbage","anxiety","garbage-anxiety","NounMatch","NegativeMatch"
"143","583ec287ad2f4300014b355a","test_ValenceMatch_Negative","22","ValenceMatchingOnly","fester","anxiety","fester-anxiety","VerbMismatch","NegativeMatch"
"144","583ec287ad2f4300014b355a","control_Dissimilar","0","DissimilarControl","begin","end","begin-end","",""
"145","583ec287ad2f4300014b355a","control_Similar","0","SimilarControl","begin","start","begin-start","",""
"146","583ec287ad2f4300014b355a","control_MaxMatch_Positive_Noun","0","MaxMatch","inspiration","kindness","inspiration-kindness","NounMatch","PositiveMatch"
"147","583ec287ad2f4300014b355a","control_MaxMatch_Positive_Verb","2","MaxMatch","cherish","imagine","cherish-imagine","VerbMatch","PositiveMatch"
"148","583ec287ad2f4300014b355a","control_Dissimilar","0","DissimilarControl","arrive","leave","arrive-leave","",""
"149","583ec287ad2f4300014b355a","test_ConceptualMatch_Verb","0","ConceptualMatchingOnly","fulfill","eat","fulfill-eat","ConceptualMatch:verb","PositiveMismatch"
"150","583ec287ad2f4300014b355a","control_MaxMatch_Negative_Verb","0","MaxMatch","choke","befall","choke-befall","VerbMatch","NegativeMatch"
"151","583ec287ad2f4300014b355a","test_ValenceMatch_Positive","0","ValenceMatchingOnly","freedom","enlighten","freedom-enlighten","NounMismatch","PositiveMatch"
"152","583ec287ad2f4300014b355a","control_MaxMismatch","0","MaxMismatch","fulfill","running","fulfill-running","VerbMismatch","PositiveMismatch"
"153","583ec287ad2f4300014b355a","control_Similar","99","SimilarControl","ask","inquire","ask-inquire","",""
"154","583ec287ad2f4300014b355a","test_ConceptualMatch_Noun","0","ConceptualMatchingOnly","kindness","fireplace","kindness-fireplace","ConceptualMatch:noun","PositiveMismatch"
"155","583ec287ad2f4300014b355a","control_MaxMatch_Negative_Noun","0","MaxMatch","hatred","anxiety","hatred-anxiety","NounMatch","NegativeMatch"
"156","583ec287ad2f4300014b355a","test_ValenceMatch_Negative","14","ValenceMatchingOnly","stab","grief","stab-grief","VerbMismatch","NegativeMatch"
"157","583ec287ad2f4300014b355a","control_Dissimilar","0","DissimilarControl","add","remove","add-remove","",""
"158","583ec287ad2f4300014b355a","control_Similar","99","SimilarControl","speak","talk","speak-talk","",""
"159","583ec287ad2f4300014b355a","control_MaxMatch_Positive_Noun","22","MaxMatch","compassion","gratitude","compassion-gratitude","NounMatch","PositiveMatch"
"160","583ec287ad2f4300014b355a","control_MaxMatch_Positive_Verb","0","MaxMatch","admire","imagine","admire-imagine","VerbMatch","PositiveMatch"
"161","583ec287ad2f4300014b355a","control_Dissimilar","0","DissimilarControl","push","pull","push-pull","",""
"162","583ec287ad2f4300014b355a","test_ConceptualMatch_Verb","0","ConceptualMatchingOnly","admire","glisten","admire-glisten","ConceptualMatch:verb","PositiveMismatch"
"163","583ec287ad2f4300014b355a","control_MaxMatch_Negative_Verb","0","MaxMatch","bleed","exploit","bleed-exploit","VerbMatch","NegativeMatch"
"164","583ec287ad2f4300014b355a","test_ValenceMatch_Positive","11","ValenceMatchingOnly","compassion","imagine","compassion-imagine","NounMismatch","PositiveMatch"
"165","583ec287ad2f4300014b355a","control_MaxMismatch","0","MaxMismatch","cherish","breathe","cherish-breathe","VerbMismatch","PositiveMismatch"
"166","583ec287ad2f4300014b355a","control_Similar","99","SimilarControl","use","employ","use-employ","",""
"167","583ec287ad2f4300014b355a","test_ConceptualMatch_Noun","0","ConceptualMatchingOnly","inspiration","home","inspiration-home","ConceptualMatch:noun","PositiveMismatch"
"168","583ec287ad2f4300014b355a","control_MaxMatch_Negative_Noun","0","MaxMatch","toxin","anxiety","toxin-anxiety","NounMatch","NegativeMatch"
"169","583ec287ad2f4300014b355a","test_ValenceMatch_Negative","0","ValenceMatchingOnly","writhe","hatred","writhe-hatred","VerbMismatch","NegativeMatch"
"170","583ec287ad2f4300014b355a","control_Dissimilar","0","DissimilarControl","increase","decrease","increase-decrease","",""
"171","583ec287ad2f4300014b355a","control_Similar","99","SimilarControl","end","finish","end-finish","",""
"172","583ec287ad2f4300014b355a","control_MaxMatch_Positive_Noun","0","MaxMatch","gratitude","inspiration","gratitude-inspiration","NounMatch","PositiveMatch"
"173","583ec287ad2f4300014b355a","control_MaxMatch_Positive_Verb","0","MaxMatch","admire","cherish","admire-cherish","VerbMatch","PositiveMatch"
"174","583ec287ad2f4300014b355a","control_Dissimilar","0","DissimilarControl","rise","fall","rise-fall","",""
"175","583ec287ad2f4300014b355a","test_ConceptualMatch_Verb","0","ConceptualMatchingOnly","admire","running","admire-running","ConceptualMatch:verb","PositiveMismatch"
"176","583ec287ad2f4300014b355a","control_MaxMatch_Negative_Verb","0","MaxMatch","stab","obsess","stab-obsess","VerbMatch","NegativeMatch"
"177","583ec287ad2f4300014b355a","test_ValenceMatch_Positive","0","ValenceMatchingOnly","compassion","fulfill","compassion-fulfill","NounMismatch","PositiveMatch"
"178","583ec287ad2f4300014b355a","control_MaxMismatch","0","MaxMismatch","enlighten","glisten","enlighten-glisten","VerbMismatch","PositiveMismatch"
"179","583ec287ad2f4300014b355a","control_Similar","99","SimilarControl","need","require","need-require","",""
"180","583ec287ad2f4300014b355a","test_ConceptualMatch_Noun","0","ConceptualMatchingOnly","kindness","chocolate","kindness-chocolate","ConceptualMatch:noun","PositiveMismatch"
"181","583ec287ad2f4300014b355a","control_MaxMatch_Negative_Noun","0","MaxMatch","toxin","garbage","toxin-garbage","NounMatch","NegativeMatch"
"182","583ec287ad2f4300014b355a","test_ValenceMatch_Negative","0","ValenceMatchingOnly","fester","terror","fester-terror","VerbMismatch","NegativeMatch"
"183","583ec287ad2f4300014b355a","control_Dissimilar","0","DissimilarControl","enter","exit","enter-exit","",""
"184","583ec287ad2f4300014b355a","control_Similar","99","SimilarControl","get","obtain","get-obtain","",""
"185","583ec287ad2f4300014b355a","control_MaxMatch_Positive_Noun","0","MaxMatch","freedom","gratitude","freedom-gratitude","NounMatch","PositiveMatch"
"186","583ec287ad2f4300014b355a","control_MaxMatch_Positive_Verb","0","MaxMatch","enlighten","imagine","enlighten-imagine","VerbMatch","PositiveMatch"
"187","583ec287ad2f4300014b355a","control_Dissimilar","0","DissimilarControl","come","go","come-go","",""
"188","583ec287ad2f4300014b355a","test_ConceptualMatch_Verb","0","ConceptualMatchingOnly","fulfill","glisten","fulfill-glisten","ConceptualMatch:verb","PositiveMismatch"
"189","583ec287ad2f4300014b355a","control_MaxMatch_Negative_Verb","4","MaxMatch","criticize","obsess","criticize-obsess","VerbMatch","NegativeMatch"
"190","583ec287ad2f4300014b355a","test_ValenceMatch_Positive","0","ValenceMatchingOnly","gratitude","admire","gratitude-admire","NounMismatch","PositiveMatch"
"191","583ec287ad2f4300014b355a","control_MaxMismatch","0","MaxMismatch","fulfill","glisten","fulfill-glisten","VerbMismatch","PositiveMismatch"
"192","583ec287ad2f4300014b355a","control_Similar","99","SimilarControl","help","assist","help-assist","",""
"193","583ec287ad2f4300014b355a","test_ConceptualMatch_Noun","0","ConceptualMatchingOnly","kindness","beach","kindness-beach","ConceptualMatch:noun","PositiveMismatch"
"194","583ec287ad2f4300014b355a","control_MaxMatch_Negative_Noun","0","MaxMatch","corpse","failure","corpse-failure","NounMatch","NegativeMatch"
"195","583ec287ad2f4300014b355a","test_ValenceMatch_Negative","0","ValenceMatchingOnly","fester","failure","fester-failure","VerbMismatch","NegativeMatch"
"196","6129781ecb8007ce6248a915","control_Similar","99","SimilarControl","use","employ","use-employ","",""
"197","6129781ecb8007ce6248a915","control_Dissimilar","0","DissimilarControl","give","take","give-take","",""
"198","6129781ecb8007ce6248a915","test_ValenceMatch_Positive","79","ValenceMatchingOnly","compassion","enlighten","compassion-enlighten","NounMismatch","PositiveMatch"
"199","6129781ecb8007ce6248a915","control_MaxMatch_Negative_Noun","52","MaxMatch","mud","grief","mud-grief","NounMatch","NegativeMatch"
"200","6129781ecb8007ce6248a915","control_Similar","99","SimilarControl","speak","talk","speak-talk","",""
"201","6129781ecb8007ce6248a915","test_ConceptualMatch_Noun","53","ConceptualMatchingOnly","freedom","flowers","freedom-flowers","ConceptualMatch:noun","PositiveMismatch"
"202","6129781ecb8007ce6248a915","test_ValenceMatch_Negative","62","ValenceMatchingOnly","stab","grief","stab-grief","VerbMismatch","NegativeMatch"
"203","6129781ecb8007ce6248a915","test_ConceptualMatch_Verb","51","ConceptualMatchingOnly","enlighten","eat","enlighten-eat","ConceptualMatch:verb","PositiveMismatch"
"204","6129781ecb8007ce6248a915","control_Dissimilar","0","DissimilarControl","add","remove","add-remove","",""
"205","6129781ecb8007ce6248a915","control_MaxMatch_Negative_Verb","67","MaxMatch","choke","resent","choke-resent","VerbMatch","NegativeMatch"
"206","6129781ecb8007ce6248a915","control_MaxMatch_Positive_Noun","99","MaxMatch","compassion","kindness","compassion-kindness","NounMatch","PositiveMatch"
"207","6129781ecb8007ce6248a915","control_MaxMatch_Positive_Verb","57","MaxMatch","admire","imagine","admire-imagine","VerbMatch","PositiveMatch"
"208","6129781ecb8007ce6248a915","control_MaxMismatch","52","MaxMismatch","imagine","eat","imagine-eat","VerbMismatch","PositiveMismatch"
"209","6129781ecb8007ce6248a915","control_Similar","99","SimilarControl","need","require","need-require","",""
"210","6129781ecb8007ce6248a915","control_Dissimilar","0","DissimilarControl","arrive","leave","arrive-leave","",""
"211","6129781ecb8007ce6248a915","test_ValenceMatch_Positive","67","ValenceMatchingOnly","kindness","cherish","kindness-cherish","NounMismatch","PositiveMatch"
"212","6129781ecb8007ce6248a915","control_MaxMatch_Negative_Noun","54","MaxMatch","mud","terror","mud-terror","NounMatch","NegativeMatch"
"213","6129781ecb8007ce6248a915","control_Similar","99","SimilarControl","buy","purchase","buy-purchase","",""
"214","6129781ecb8007ce6248a915","test_ConceptualMatch_Noun","54","ConceptualMatchingOnly","inspiration","chocolate","inspiration-chocolate","ConceptualMatch:noun","PositiveMismatch"
"215","6129781ecb8007ce6248a915","test_ValenceMatch_Negative","55","ValenceMatchingOnly","bleed","failure","bleed-failure","VerbMismatch","NegativeMatch"
"216","6129781ecb8007ce6248a915","test_ConceptualMatch_Verb","53","ConceptualMatchingOnly","cherish","breathe","cherish-breathe","ConceptualMatch:verb","PositiveMismatch"
"217","6129781ecb8007ce6248a915","control_Dissimilar","0","DissimilarControl","enter","exit","enter-exit","",""
"218","6129781ecb8007ce6248a915","control_MaxMatch_Negative_Verb","53","MaxMatch","choke","stab","choke-stab","VerbMatch","NegativeMatch"
"219","6129781ecb8007ce6248a915","control_MaxMatch_Positive_Noun","77","MaxMatch","compassion","gratitude","compassion-gratitude","NounMatch","PositiveMatch"
"220","6129781ecb8007ce6248a915","control_MaxMatch_Positive_Verb","55","MaxMatch","enlighten","imagine","enlighten-imagine","VerbMatch","PositiveMatch"
"221","6129781ecb8007ce6248a915","control_MaxMismatch","79","MaxMismatch","fulfill","eat","fulfill-eat","VerbMismatch","PositiveMismatch"
"222","6129781ecb8007ce6248a915","control_Similar","99","SimilarControl","ask","inquire","ask-inquire","",""
"223","6129781ecb8007ce6248a915","control_Dissimilar","0","DissimilarControl","open","close","open-close","",""
"224","6129781ecb8007ce6248a915","test_ValenceMatch_Positive","65","ValenceMatchingOnly","inspiration","cherish","inspiration-cherish","NounMismatch","PositiveMatch"
"225","6129781ecb8007ce6248a915","control_MaxMatch_Negative_Noun","51","MaxMatch","mud","hatred","mud-hatred","NounMatch","NegativeMatch"
"226","6129781ecb8007ce6248a915","control_Similar","99","SimilarControl","get","obtain","get-obtain","",""
"227","6129781ecb8007ce6248a915","test_ConceptualMatch_Noun","51","ConceptualMatchingOnly","gratitude","home","gratitude-home","ConceptualMatch:noun","PositiveMismatch"
"228","6129781ecb8007ce6248a915","test_ValenceMatch_Negative","64","ValenceMatchingOnly","writhe","terror","writhe-terror","VerbMismatch","NegativeMatch"
"229","6129781ecb8007ce6248a915","test_ConceptualMatch_Verb","72","ConceptualMatchingOnly","fulfill","breathe","fulfill-breathe","ConceptualMatch:verb","PositiveMismatch"
"230","6129781ecb8007ce6248a915","control_Dissimilar","0","DissimilarControl","come","go","come-go","",""
"231","6129781ecb8007ce6248a915","control_MaxMatch_Negative_Verb","56","MaxMatch","writhe","exploit","writhe-exploit","VerbMatch","NegativeMatch"
"232","6129781ecb8007ce6248a915","control_MaxMatch_Positive_Noun","60","MaxMatch","compassion","freedom","compassion-freedom","NounMatch","PositiveMatch"
"233","6129781ecb8007ce6248a915","control_MaxMatch_Positive_Verb","53","MaxMatch","fulfill","imagine","fulfill-imagine","VerbMatch","PositiveMatch"
"234","6129781ecb8007ce6248a915","control_MaxMismatch","54","MaxMismatch","admire","flowers","admire-flowers","VerbMismatch","PositiveMismatch"
"235","6129781ecb8007ce6248a915","control_Similar","99","SimilarControl","begin","start","begin-start","",""
"236","6129781ecb8007ce6248a915","control_Dissimilar","0","DissimilarControl","increase","decrease","increase-decrease","",""
"237","6129781ecb8007ce6248a915","test_ValenceMatch_Positive","66","ValenceMatchingOnly","freedom","fulfill","freedom-fulfill","NounMismatch","PositiveMatch"
"238","6129781ecb8007ce6248a915","control_MaxMatch_Negative_Noun","64","MaxMatch","slave","anxiety","slave-anxiety","NounMatch","NegativeMatch"
"239","6129781ecb8007ce6248a915","control_Similar","99","SimilarControl","show","display","show-display","",""
"240","6129781ecb8007ce6248a915","test_ConceptualMatch_Noun","51","ConceptualMatchingOnly","gratitude","fireplace","gratitude-fireplace","ConceptualMatch:noun","PositiveMismatch"
"241","6129781ecb8007ce6248a915","test_ValenceMatch_Negative","61","ValenceMatchingOnly","fester","terror","fester-terror","VerbMismatch","NegativeMatch"
"242","6129781ecb8007ce6248a915","test_ConceptualMatch_Verb","53","ConceptualMatchingOnly","admire","eat","admire-eat","ConceptualMatch:verb","PositiveMismatch"
"243","6129781ecb8007ce6248a915","control_Dissimilar","0","DissimilarControl","rise","fall","rise-fall","",""
"244","6129781ecb8007ce6248a915","control_MaxMatch_Negative_Verb","63","MaxMatch","exploit","obsess","exploit-obsess","VerbMatch","NegativeMatch"
"245","6129781ecb8007ce6248a915","control_MaxMatch_Positive_Noun","56","MaxMatch","freedom","inspiration","freedom-inspiration","NounMatch","PositiveMatch"
"246","6129781ecb8007ce6248a915","control_MaxMatch_Positive_Verb","78","MaxMatch","enlighten","fulfill","enlighten-fulfill","VerbMatch","PositiveMatch"
"247","6129781ecb8007ce6248a915","control_MaxMismatch","53","MaxMismatch","cherish","running","cherish-running","VerbMismatch","PositiveMismatch"
"248","6129781ecb8007ce6248a915","control_Similar","99","SimilarControl","end","finish","end-finish","",""
"249","6129781ecb8007ce6248a915","control_Dissimilar","0","DissimilarControl","push","pull","push-pull","",""
"250","6129781ecb8007ce6248a915","test_ValenceMatch_Positive","78","ValenceMatchingOnly","gratitude","admire","gratitude-admire","NounMismatch","PositiveMatch"
"251","6129781ecb8007ce6248a915","control_MaxMatch_Negative_Noun","52","MaxMatch","garbage","mud","garbage-mud","NounMatch","NegativeMatch"
"252","6129781ecb8007ce6248a915","control_Similar","99","SimilarControl","help","assist","help-assist","",""
"253","6129781ecb8007ce6248a915","test_ConceptualMatch_Noun","52","ConceptualMatchingOnly","inspiration","fireplace","inspiration-fireplace","ConceptualMatch:noun","PositiveMismatch"
"254","6129781ecb8007ce6248a915","test_ValenceMatch_Negative","62","ValenceMatchingOnly","stab","terror","stab-terror","VerbMismatch","NegativeMatch"
"255","6129781ecb8007ce6248a915","test_ConceptualMatch_Verb","55","ConceptualMatchingOnly","cherish","glisten","cherish-glisten","ConceptualMatch:verb","PositiveMismatch"
"256","6129781ecb8007ce6248a915","control_Dissimilar","0","DissimilarControl","begin","end","begin-end","",""
"257","6129781ecb8007ce6248a915","control_MaxMatch_Negative_Verb","77","MaxMatch","criticize","exploit","criticize-exploit","VerbMatch","NegativeMatch"
"258","6129781ecb8007ce6248a915","control_MaxMatch_Positive_Noun","68","MaxMatch","freedom","gratitude","freedom-gratitude","NounMatch","PositiveMatch"
"259","6129781ecb8007ce6248a915","control_MaxMatch_Positive_Verb","60","MaxMatch","admire","enlighten","admire-enlighten","VerbMatch","PositiveMatch"
"260","6129781ecb8007ce6248a915","control_MaxMismatch","53","MaxMismatch","admire","eat","admire-eat","VerbMismatch","PositiveMismatch"
"261","66df03e3e582134b3e095588","control_Dissimilar","59","DissimilarControl","give","take","give-take","",""
"262","66df03e3e582134b3e095588","control_Similar","99","SimilarControl","use","employ","use-employ","",""
"263","66df03e3e582134b3e095588","control_Dissimilar","61","DissimilarControl","open","close","open-close","",""
"264","66df03e3e582134b3e095588","test_ConceptualMatch_Verb","1","ConceptualMatchingOnly","cherish","glisten","cherish-glisten","ConceptualMatch:verb","PositiveMismatch"
"265","66df03e3e582134b3e095588","control_MaxMatch_Positive_Noun","61","MaxMatch","inspiration","kindness","inspiration-kindness","NounMatch","PositiveMatch"
"266","66df03e3e582134b3e095588","control_MaxMatch_Negative_Noun","0","MaxMatch","mud","terror","mud-terror","NounMatch","NegativeMatch"
"267","66df03e3e582134b3e095588","control_MaxMatch_Positive_Verb","60","MaxMatch","admire","enlighten","admire-enlighten","VerbMatch","PositiveMatch"
"268","66df03e3e582134b3e095588","control_Similar","99","SimilarControl","need","require","need-require","",""
"269","66df03e3e582134b3e095588","control_MaxMismatch","0","MaxMismatch","enlighten","glide","enlighten-glide","VerbMismatch","PositiveMismatch"
"270","66df03e3e582134b3e095588","test_ValenceMatch_Negative","60","ValenceMatchingOnly","writhe","anxiety","writhe-anxiety","VerbMismatch","NegativeMatch"
"271","66df03e3e582134b3e095588","test_ValenceMatch_Positive","73","ValenceMatchingOnly","compassion","admire","compassion-admire","NounMismatch","PositiveMatch"
"272","66df03e3e582134b3e095588","test_ConceptualMatch_Noun","1","ConceptualMatchingOnly","inspiration","fireplace","inspiration-fireplace","ConceptualMatch:noun","PositiveMismatch"
"273","66df03e3e582134b3e095588","control_MaxMatch_Negative_Verb","70","MaxMatch","fester","bleed","fester-bleed","VerbMatch","NegativeMatch"
"274","66df03e3e582134b3e095588","control_Dissimilar","57","DissimilarControl","arrive","leave","arrive-leave","",""
"275","66df03e3e582134b3e095588","control_Similar","99","SimilarControl","get","obtain","get-obtain","",""
"276","66df03e3e582134b3e095588","control_Dissimilar","61","DissimilarControl","begin","end","begin-end","",""
"277","66df03e3e582134b3e095588","test_ConceptualMatch_Verb","0","ConceptualMatchingOnly","cherish","eat","cherish-eat","ConceptualMatch:verb","PositiveMismatch"
"278","66df03e3e582134b3e095588","control_MaxMatch_Positive_Noun","86","MaxMatch","gratitude","kindness","gratitude-kindness","NounMatch","PositiveMatch"
"279","66df03e3e582134b3e095588","control_MaxMatch_Negative_Noun","0","MaxMatch","toxin","mud","toxin-mud","NounMatch","NegativeMatch"
"280","66df03e3e582134b3e095588","control_MaxMatch_Positive_Verb","71","MaxMatch","cherish","fulfill","cherish-fulfill","VerbMatch","PositiveMatch"
"281","66df03e3e582134b3e095588","control_Similar","99","SimilarControl","ask","inquire","ask-inquire","",""
"282","66df03e3e582134b3e095588","control_MaxMismatch","0","MaxMismatch","enlighten","eat","enlighten-eat","VerbMismatch","PositiveMismatch"
"283","66df03e3e582134b3e095588","test_ValenceMatch_Negative","57","ValenceMatchingOnly","choke","grief","choke-grief","VerbMismatch","NegativeMatch"
"284","66df03e3e582134b3e095588","test_ValenceMatch_Positive","0","ValenceMatchingOnly","inspiration","imagine","inspiration-imagine","NounMismatch","PositiveMatch"
"285","66df03e3e582134b3e095588","test_ConceptualMatch_Noun","0","ConceptualMatchingOnly","compassion","chocolate","compassion-chocolate","ConceptualMatch:noun","PositiveMismatch"
"286","66df03e3e582134b3e095588","control_MaxMatch_Negative_Verb","0","MaxMatch","criticize","exploit","criticize-exploit","VerbMatch","NegativeMatch"
"287","66df03e3e582134b3e095588","control_Dissimilar","56","DissimilarControl","come","go","come-go","",""
"288","66df03e3e582134b3e095588","control_Similar","99","SimilarControl","help","assist","help-assist","",""
"289","66df03e3e582134b3e095588","control_Dissimilar","59","DissimilarControl","enter","exit","enter-exit","",""
"290","66df03e3e582134b3e095588","test_ConceptualMatch_Verb","0","ConceptualMatchingOnly","fulfill","glisten","fulfill-glisten","ConceptualMatch:verb","PositiveMismatch"
"291","66df03e3e582134b3e095588","control_MaxMatch_Positive_Noun","0","MaxMatch","freedom","kindness","freedom-kindness","NounMatch","PositiveMatch"
"292","66df03e3e582134b3e095588","control_MaxMatch_Negative_Noun","0","MaxMatch","corpse","failure","corpse-failure","NounMatch","NegativeMatch"
"293","66df03e3e582134b3e095588","control_MaxMatch_Positive_Verb","0","MaxMatch","fulfill","imagine","fulfill-imagine","VerbMatch","PositiveMatch"
"294","66df03e3e582134b3e095588","control_Similar","99","SimilarControl","end","finish","end-finish","",""
"295","66df03e3e582134b3e095588","control_MaxMismatch","0","MaxMismatch","fulfill","eat","fulfill-eat","VerbMismatch","PositiveMismatch"
"296","66df03e3e582134b3e095588","test_ValenceMatch_Negative","62","ValenceMatchingOnly","fester","hatred","fester-hatred","VerbMismatch","NegativeMatch"
"297","66df03e3e582134b3e095588","test_ValenceMatch_Positive","60","ValenceMatchingOnly","gratitude","cherish","gratitude-cherish","NounMismatch","PositiveMatch"
"298","66df03e3e582134b3e095588","test_ConceptualMatch_Noun","0","ConceptualMatchingOnly","gratitude","fireplace","gratitude-fireplace","ConceptualMatch:noun","PositiveMismatch"
"299","66df03e3e582134b3e095588","control_MaxMatch_Negative_Verb","0","MaxMatch","bleed","resent","bleed-resent","VerbMatch","NegativeMatch"
"300","66df03e3e582134b3e095588","control_Dissimilar","58","DissimilarControl","rise","fall","rise-fall","",""
"301","66df03e3e582134b3e095588","control_Similar","99","SimilarControl","show","display","show-display","",""
"302","66df03e3e582134b3e095588","control_Dissimilar","60","DissimilarControl","add","remove","add-remove","",""
"303","66df03e3e582134b3e095588","test_ConceptualMatch_Verb","0","ConceptualMatchingOnly","cherish","breathe","cherish-breathe","ConceptualMatch:verb","PositiveMismatch"
"304","66df03e3e582134b3e095588","control_MaxMatch_Positive_Noun","86","MaxMatch","gratitude","inspiration","gratitude-inspiration","NounMatch","PositiveMatch"
"305","66df03e3e582134b3e095588","control_MaxMatch_Negative_Noun","0","MaxMatch","slave","terror","slave-terror","NounMatch","NegativeMatch"
"306","66df03e3e582134b3e095588","control_MaxMatch_Positive_Verb","76","MaxMatch","admire","imagine","admire-imagine","VerbMatch","PositiveMatch"
"307","66df03e3e582134b3e095588","control_Similar","99","SimilarControl","speak","talk","speak-talk","",""
"308","66df03e3e582134b3e095588","control_MaxMismatch","0","MaxMismatch","imagine","eat","imagine-eat","VerbMismatch","PositiveMismatch"
"309","66df03e3e582134b3e095588","test_ValenceMatch_Negative","63","ValenceMatchingOnly","writhe","grief","writhe-grief","VerbMismatch","NegativeMatch"
"310","66df03e3e582134b3e095588","test_ValenceMatch_Positive","0","ValenceMatchingOnly","freedom","imagine","freedom-imagine","NounMismatch","PositiveMatch"
"311","66df03e3e582134b3e095588","test_ConceptualMatch_Noun","0","ConceptualMatchingOnly","inspiration","flowers","inspiration-flowers","ConceptualMatch:noun","PositiveMismatch"
"312","66df03e3e582134b3e095588","control_MaxMatch_Negative_Verb","0","MaxMatch","exploit","resent","exploit-resent","VerbMatch","NegativeMatch"
"313","66df03e3e582134b3e095588","control_Dissimilar","59","DissimilarControl","push","pull","push-pull","",""
"314","66df03e3e582134b3e095588","control_Similar","99","SimilarControl","begin","start","begin-start","",""
"315","66df03e3e582134b3e095588","control_Dissimilar","64","DissimilarControl","increase","decrease","increase-decrease","",""
"316","66df03e3e582134b3e095588","test_ConceptualMatch_Verb","0","ConceptualMatchingOnly","admire","running","admire-running","ConceptualMatch:verb","PositiveMismatch"
"317","66df03e3e582134b3e095588","control_MaxMatch_Positive_Noun","0","MaxMatch","compassion","gratitude","compassion-gratitude","NounMatch","PositiveMatch"
"318","66df03e3e582134b3e095588","control_MaxMatch_Negative_Noun","0","MaxMatch","mud","hatred","mud-hatred","NounMatch","NegativeMatch"
"319","66df03e3e582134b3e095588","control_MaxMatch_Positive_Verb","0","MaxMatch","admire","fulfill","admire-fulfill","VerbMatch","PositiveMatch"
"320","66df03e3e582134b3e095588","control_Similar","99","SimilarControl","buy","purchase","buy-purchase","",""
"321","66df03e3e582134b3e095588","control_MaxMismatch","0","MaxMismatch","enlighten","breathe","enlighten-breathe","VerbMismatch","PositiveMismatch"
"322","66df03e3e582134b3e095588","test_ValenceMatch_Negative","69","ValenceMatchingOnly","stab","terror","stab-terror","VerbMismatch","NegativeMatch"
"323","66df03e3e582134b3e095588","test_ValenceMatch_Positive","69","ValenceMatchingOnly","inspiration","admire","inspiration-admire","NounMismatch","PositiveMatch"
"324","66df03e3e582134b3e095588","test_ConceptualMatch_Noun","0","ConceptualMatchingOnly","compassion","home","compassion-home","ConceptualMatch:noun","PositiveMismatch"
"325","66df03e3e582134b3e095588","control_MaxMatch_Negative_Verb","0","MaxMatch","choke","fester","choke-fester","VerbMatch","NegativeMatch"
"326","632f7bec7eb646908138c15c","control_Dissimilar","0","DissimilarControl","arrive","leave","arrive-leave","",""
"327","632f7bec7eb646908138c15c","control_Similar","99","SimilarControl","need","require","need-require","",""
"328","632f7bec7eb646908138c15c","control_MaxMatch_Negative_Noun","46","MaxMatch","slave","anxiety","slave-anxiety","NounMatch","NegativeMatch"
"329","632f7bec7eb646908138c15c","test_ValenceMatch_Negative","59","ValenceMatchingOnly","writhe","failure","writhe-failure","VerbMismatch","NegativeMatch"
"330","632f7bec7eb646908138c15c","control_MaxMismatch","59","MaxMismatch","enlighten","eat","enlighten-eat","VerbMismatch","PositiveMismatch"
"331","632f7bec7eb646908138c15c","control_MaxMatch_Positive_Verb","77","MaxMatch","enlighten","fulfill","enlighten-fulfill","VerbMatch","PositiveMatch"
"332","632f7bec7eb646908138c15c","control_Dissimilar","0","DissimilarControl","open","close","open-close","",""
"333","632f7bec7eb646908138c15c","control_MaxMatch_Negative_Verb","41","MaxMatch","choke","criticize","choke-criticize","VerbMatch","NegativeMatch"
"334","632f7bec7eb646908138c15c","test_ValenceMatch_Positive","60","ValenceMatchingOnly","compassion","imagine","compassion-imagine","NounMismatch","PositiveMatch"
"335","632f7bec7eb646908138c15c","control_Similar","93","SimilarControl","begin","start","begin-start","",""
"336","632f7bec7eb646908138c15c","test_ConceptualMatch_Noun","69","ConceptualMatchingOnly","freedom","home","freedom-home","ConceptualMatch:noun","PositiveMismatch"
"337","632f7bec7eb646908138c15c","control_MaxMatch_Positive_Noun","55","MaxMatch","freedom","kindness","freedom-kindness","NounMatch","PositiveMatch"
"338","632f7bec7eb646908138c15c","test_ConceptualMatch_Verb","52","ConceptualMatchingOnly","cherish","breathe","cherish-breathe","ConceptualMatch:verb","PositiveMismatch"
"339","632f7bec7eb646908138c15c","control_Dissimilar","0","DissimilarControl","come","go","come-go","",""
"340","632f7bec7eb646908138c15c","control_Similar","99","SimilarControl","ask","inquire","ask-inquire","",""
"341","632f7bec7eb646908138c15c","control_MaxMatch_Negative_Noun","56","MaxMatch","mud","anxiety","mud-anxiety","NounMatch","NegativeMatch"
"342","632f7bec7eb646908138c15c","test_ValenceMatch_Negative","62","ValenceMatchingOnly","choke","anxiety","choke-anxiety","VerbMismatch","NegativeMatch"
"343","632f7bec7eb646908138c15c","control_MaxMismatch","56","MaxMismatch","cherish","glisten","cherish-glisten","VerbMismatch","PositiveMismatch"
"344","632f7bec7eb646908138c15c","control_MaxMatch_Positive_Verb","56","MaxMatch","fulfill","imagine","fulfill-imagine","VerbMatch","PositiveMatch"
"345","632f7bec7eb646908138c15c","control_Dissimilar","0","DissimilarControl","give","take","give-take","",""
"346","632f7bec7eb646908138c15c","control_MaxMatch_Negative_Verb","57","MaxMatch","stab","exploit","stab-exploit","VerbMatch","NegativeMatch"
"347","632f7bec7eb646908138c15c","test_ValenceMatch_Positive","62","ValenceMatchingOnly","gratitude","cherish","gratitude-cherish","NounMismatch","PositiveMatch"
"348","632f7bec7eb646908138c15c","control_Similar","99","SimilarControl","buy","purchase","buy-purchase","",""
"349","632f7bec7eb646908138c15c","test_ConceptualMatch_Noun","45","ConceptualMatchingOnly","kindness","beach","kindness-beach","ConceptualMatch:noun","PositiveMismatch"
"350","632f7bec7eb646908138c15c","control_MaxMatch_Positive_Noun","53","MaxMatch","freedom","gratitude","freedom-gratitude","NounMatch","PositiveMatch"
"351","632f7bec7eb646908138c15c","test_ConceptualMatch_Verb","62","ConceptualMatchingOnly","enlighten","glide","enlighten-glide","ConceptualMatch:verb","PositiveMismatch"
"352","632f7bec7eb646908138c15c","control_Dissimilar","0","DissimilarControl","add","remove","add-remove","",""
"353","632f7bec7eb646908138c15c","control_Similar","94","SimilarControl","use","employ","use-employ","",""
"354","632f7bec7eb646908138c15c","control_MaxMatch_Negative_Noun","67","MaxMatch","garbage","grief","garbage-grief","NounMatch","NegativeMatch"
"355","632f7bec7eb646908138c15c","test_ValenceMatch_Negative","56","ValenceMatchingOnly","fester","terror","fester-terror","VerbMismatch","NegativeMatch"
"356","632f7bec7eb646908138c15c","control_MaxMismatch","47","MaxMismatch","cherish","breathe","cherish-breathe","VerbMismatch","PositiveMismatch"
"357","632f7bec7eb646908138c15c","control_MaxMatch_Positive_Verb","56","MaxMatch","admire","fulfill","admire-fulfill","VerbMatch","PositiveMatch"
"358","632f7bec7eb646908138c15c","control_Dissimilar","0","DissimilarControl","rise","fall","rise-fall","",""
"359","632f7bec7eb646908138c15c","control_MaxMatch_Negative_Verb","78","MaxMatch","choke","stab","choke-stab","VerbMatch","NegativeMatch"
"360","632f7bec7eb646908138c15c","test_ValenceMatch_Positive","57","ValenceMatchingOnly","freedom","enlighten","freedom-enlighten","NounMismatch","PositiveMatch"
"361","632f7bec7eb646908138c15c","control_Similar","88","SimilarControl","show","display","show-display","",""
"362","632f7bec7eb646908138c15c","test_ConceptualMatch_Noun","46","ConceptualMatchingOnly","inspiration","flowers","inspiration-flowers","ConceptualMatch:noun","PositiveMismatch"
"363","632f7bec7eb646908138c15c","control_MaxMatch_Positive_Noun","72","MaxMatch","gratitude","kindness","gratitude-kindness","NounMatch","PositiveMatch"
"364","632f7bec7eb646908138c15c","test_ConceptualMatch_Verb","35","ConceptualMatchingOnly","imagine","running","imagine-running","ConceptualMatch:verb","PositiveMismatch"
"365","632f7bec7eb646908138c15c","control_Dissimilar","0","DissimilarControl","push","pull","push-pull","",""
"366","632f7bec7eb646908138c15c","control_Similar","99","SimilarControl","help","assist","help-assist","",""
"367","632f7bec7eb646908138c15c","control_MaxMatch_Negative_Noun","63","MaxMatch","terror","grief","terror-grief","NounMatch","NegativeMatch"
"368","632f7bec7eb646908138c15c","test_ValenceMatch_Negative","40","ValenceMatchingOnly","stab","hatred","stab-hatred","VerbMismatch","NegativeMatch"
"369","632f7bec7eb646908138c15c","control_MaxMismatch","26","MaxMismatch","imagine","running","imagine-running","VerbMismatch","PositiveMismatch"
"370","632f7bec7eb646908138c15c","control_MaxMatch_Positive_Verb","55","MaxMatch","cherish","fulfill","cherish-fulfill","VerbMatch","PositiveMatch"
"371","632f7bec7eb646908138c15c","control_Dissimilar","0","DissimilarControl","enter","exit","enter-exit","",""
"372","632f7bec7eb646908138c15c","control_MaxMatch_Negative_Verb","54","MaxMatch","fester","writhe","fester-writhe","VerbMatch","NegativeMatch"
"373","632f7bec7eb646908138c15c","test_ValenceMatch_Positive","53","ValenceMatchingOnly","freedom","imagine","freedom-imagine","NounMismatch","PositiveMatch"
"374","632f7bec7eb646908138c15c","control_Similar","86","SimilarControl","get","obtain","get-obtain","",""
"375","632f7bec7eb646908138c15c","test_ConceptualMatch_Noun","58","ConceptualMatchingOnly","kindness","home","kindness-home","ConceptualMatch:noun","PositiveMismatch"
"376","632f7bec7eb646908138c15c","control_MaxMatch_Positive_Noun","46","MaxMatch","compassion","freedom","compassion-freedom","NounMatch","PositiveMatch"
"377","632f7bec7eb646908138c15c","test_ConceptualMatch_Verb","19","ConceptualMatchingOnly","cherish","running","cherish-running","ConceptualMatch:verb","PositiveMismatch"
"378","632f7bec7eb646908138c15c","control_Dissimilar","0","DissimilarControl","begin","end","begin-end","",""
"379","632f7bec7eb646908138c15c","control_Similar","99","SimilarControl","speak","talk","speak-talk","",""
"380","632f7bec7eb646908138c15c","control_MaxMatch_Negative_Noun","54","MaxMatch","terror","failure","terror-failure","NounMatch","NegativeMatch"
"381","632f7bec7eb646908138c15c","test_ValenceMatch_Negative","54","ValenceMatchingOnly","bleed","anxiety","bleed-anxiety","VerbMismatch","NegativeMatch"
"382","632f7bec7eb646908138c15c","control_MaxMismatch","65","MaxMismatch","enlighten","breathe","enlighten-breathe","VerbMismatch","PositiveMismatch"
"383","632f7bec7eb646908138c15c","control_MaxMatch_Positive_Verb","54","MaxMatch","cherish","enlighten","cherish-enlighten","VerbMatch","PositiveMatch"
"384","632f7bec7eb646908138c15c","control_Dissimilar","0","DissimilarControl","increase","decrease","increase-decrease","",""
"385","632f7bec7eb646908138c15c","control_MaxMatch_Negative_Verb","27","MaxMatch","bleed","befall","bleed-befall","VerbMatch","NegativeMatch"
"386","632f7bec7eb646908138c15c","test_ValenceMatch_Positive","56","ValenceMatchingOnly","compassion","admire","compassion-admire","NounMismatch","PositiveMatch"
"387","632f7bec7eb646908138c15c","control_Similar","99","SimilarControl","end","finish","end-finish","",""
"388","632f7bec7eb646908138c15c","test_ConceptualMatch_Noun","20","ConceptualMatchingOnly","gratitude","chocolate","gratitude-chocolate","ConceptualMatch:noun","PositiveMismatch"
"389","632f7bec7eb646908138c15c","control_MaxMatch_Positive_Noun","57","MaxMatch","freedom","inspiration","freedom-inspiration","NounMatch","PositiveMatch"
"390","632f7bec7eb646908138c15c","test_ConceptualMatch_Verb","40","ConceptualMatchingOnly","imagine","glisten","imagine-glisten","ConceptualMatch:verb","PositiveMismatch"
"391","5de5538f8fde1c4dbc951498","control_Similar","99","SimilarControl","speak","talk","speak-talk","",""
"392","5de5538f8fde1c4dbc951498","control_Dissimilar","0","DissimilarControl","push","pull","push-pull","",""
"393","5de5538f8fde1c4dbc951498","control_MaxMatch_Negative_Verb","0","MaxMatch","stab","obsess","stab-obsess","VerbMatch","NegativeMatch"
"394","5de5538f8fde1c4dbc951498","test_ConceptualMatch_Verb","0","ConceptualMatchingOnly","admire","breathe","admire-breathe","ConceptualMatch:verb","PositiveMismatch"
"395","5de5538f8fde1c4dbc951498","control_MaxMismatch","0","MaxMismatch","cherish","fireplace","cherish-fireplace","VerbMismatch","PositiveMismatch"
"396","5de5538f8fde1c4dbc951498","control_Similar","85","SimilarControl","show","display","show-display","",""
"397","5de5538f8fde1c4dbc951498","control_MaxMatch_Negative_Noun","0","MaxMatch","garbage","terror","garbage-terror","NounMatch","NegativeMatch"
"398","5de5538f8fde1c4dbc951498","control_MaxMatch_Positive_Verb","57","MaxMatch","cherish","fulfill","cherish-fulfill","VerbMatch","PositiveMatch"
"399","5de5538f8fde1c4dbc951498","test_ValenceMatch_Positive","61","ValenceMatchingOnly","compassion","fulfill","compassion-fulfill","NounMismatch","PositiveMatch"
"400","5de5538f8fde1c4dbc951498","control_MaxMatch_Positive_Noun","56","MaxMatch","freedom","inspiration","freedom-inspiration","NounMatch","PositiveMatch"
"401","5de5538f8fde1c4dbc951498","test_ConceptualMatch_Noun","0","ConceptualMatchingOnly","freedom","fireplace","freedom-fireplace","ConceptualMatch:noun","PositiveMismatch"
"402","5de5538f8fde1c4dbc951498","test_ValenceMatch_Negative","28","ValenceMatchingOnly","writhe","failure","writhe-failure","VerbMismatch","NegativeMatch"
"403","5de5538f8fde1c4dbc951498","control_Dissimilar","0","DissimilarControl","enter","exit","enter-exit","",""
"404","5de5538f8fde1c4dbc951498","control_Similar","99","SimilarControl","get","obtain","get-obtain","",""
"405","5de5538f8fde1c4dbc951498","control_Dissimilar","0","DissimilarControl","open","close","open-close","",""
"406","5de5538f8fde1c4dbc951498","control_MaxMatch_Negative_Verb","0","MaxMatch","bleed","obsess","bleed-obsess","VerbMatch","NegativeMatch"
"407","5de5538f8fde1c4dbc951498","test_ConceptualMatch_Verb","0","ConceptualMatchingOnly","imagine","glisten","imagine-glisten","ConceptualMatch:verb","PositiveMismatch"
"408","5de5538f8fde1c4dbc951498","control_MaxMismatch","0","MaxMismatch","imagine","breathe","imagine-breathe","VerbMismatch","PositiveMismatch"
"409","5de5538f8fde1c4dbc951498","control_Similar","99","SimilarControl","ask","inquire","ask-inquire","",""
"410","5de5538f8fde1c4dbc951498","control_MaxMatch_Negative_Noun","78","MaxMatch","anxiety","grief","anxiety-grief","NounMatch","NegativeMatch"
"411","5de5538f8fde1c4dbc951498","control_MaxMatch_Positive_Verb","73","MaxMatch","admire","cherish","admire-cherish","VerbMatch","PositiveMatch"
"412","5de5538f8fde1c4dbc951498","test_ValenceMatch_Positive","43","ValenceMatchingOnly","inspiration","cherish","inspiration-cherish","NounMismatch","PositiveMatch"
"413","5de5538f8fde1c4dbc951498","control_MaxMatch_Positive_Noun","66","MaxMatch","gratitude","kindness","gratitude-kindness","NounMatch","PositiveMatch"
"414","5de5538f8fde1c4dbc951498","test_ConceptualMatch_Noun","0","ConceptualMatchingOnly","kindness","fireplace","kindness-fireplace","ConceptualMatch:noun","PositiveMismatch"
"415","5de5538f8fde1c4dbc951498","test_ValenceMatch_Negative","61","ValenceMatchingOnly","fester","hatred","fester-hatred","VerbMismatch","NegativeMatch"
"416","5de5538f8fde1c4dbc951498","control_Dissimilar","0","DissimilarControl","increase","decrease","increase-decrease","",""
"417","5de5538f8fde1c4dbc951498","control_Similar","57","SimilarControl","use","employ","use-employ","",""
"418","5de5538f8fde1c4dbc951498","control_Dissimilar","0","DissimilarControl","begin","end","begin-end","",""
"419","5de5538f8fde1c4dbc951498","control_MaxMatch_Negative_Verb","34","MaxMatch","stab","befall","stab-befall","VerbMatch","NegativeMatch"
"420","5de5538f8fde1c4dbc951498","test_ConceptualMatch_Verb","0","ConceptualMatchingOnly","imagine","eat","imagine-eat","ConceptualMatch:verb","PositiveMismatch"
"421","5de5538f8fde1c4dbc951498","control_MaxMismatch","43","MaxMismatch","admire","glisten","admire-glisten","VerbMismatch","PositiveMismatch"
"422","5de5538f8fde1c4dbc951498","control_Similar","99","SimilarControl","end","finish","end-finish","",""
"423","5de5538f8fde1c4dbc951498","control_MaxMatch_Negative_Noun","21","MaxMatch","toxin","terror","toxin-terror","NounMatch","NegativeMatch"
"424","5de5538f8fde1c4dbc951498","control_MaxMatch_Positive_Verb","39","MaxMatch","admire","enlighten","admire-enlighten","VerbMatch","PositiveMatch"
"425","5de5538f8fde1c4dbc951498","test_ValenceMatch_Positive","62","ValenceMatchingOnly","gratitude","cherish","gratitude-cherish","NounMismatch","PositiveMatch"
"426","5de5538f8fde1c4dbc951498","control_MaxMatch_Positive_Noun","43","MaxMatch","inspiration","kindness","inspiration-kindness","NounMatch","PositiveMatch"
"427","5de5538f8fde1c4dbc951498","test_ConceptualMatch_Noun","0","ConceptualMatchingOnly","gratitude","beach","gratitude-beach","ConceptualMatch:noun","PositiveMismatch"
"428","5de5538f8fde1c4dbc951498","test_ValenceMatch_Negative","54","ValenceMatchingOnly","stab","terror","stab-terror","VerbMismatch","NegativeMatch"
"429","5de5538f8fde1c4dbc951498","control_Dissimilar","0","DissimilarControl","give","take","give-take","",""
"430","5de5538f8fde1c4dbc951498","control_Similar","83","SimilarControl","need","require","need-require","",""
"431","5de5538f8fde1c4dbc951498","control_Dissimilar","0","DissimilarControl","arrive","leave","arrive-leave","",""
"432","5de5538f8fde1c4dbc951498","control_MaxMatch_Negative_Verb","0","MaxMatch","bleed","exploit","bleed-exploit","VerbMatch","NegativeMatch"
"433","5de5538f8fde1c4dbc951498","test_ConceptualMatch_Verb","0","ConceptualMatchingOnly","enlighten","running","enlighten-running","ConceptualMatch:verb","PositiveMismatch"
"434","5de5538f8fde1c4dbc951498","control_MaxMismatch","0","MaxMismatch","cherish","chocolate","cherish-chocolate","VerbMismatch","PositiveMismatch"
"435","5de5538f8fde1c4dbc951498","control_Similar","99","SimilarControl","help","assist","help-assist","",""
"436","5de5538f8fde1c4dbc951498","control_MaxMatch_Negative_Noun","18","MaxMatch","toxin","failure","toxin-failure","NounMatch","NegativeMatch"
"437","5de5538f8fde1c4dbc951498","control_MaxMatch_Positive_Verb","63","MaxMatch","enlighten","fulfill","enlighten-fulfill","VerbMatch","PositiveMatch"
"438","5de5538f8fde1c4dbc951498","test_ValenceMatch_Positive","0","ValenceMatchingOnly","kindness","imagine","kindness-imagine","NounMismatch","PositiveMatch"
"439","5de5538f8fde1c4dbc951498","control_MaxMatch_Positive_Noun","50","MaxMatch","compassion","gratitude","compassion-gratitude","NounMatch","PositiveMatch"
"440","5de5538f8fde1c4dbc951498","test_ConceptualMatch_Noun","0","ConceptualMatchingOnly","freedom","beach","freedom-beach","ConceptualMatch:noun","PositiveMismatch"
"441","5de5538f8fde1c4dbc951498","test_ValenceMatch_Negative","34","ValenceMatchingOnly","choke","hatred","choke-hatred","VerbMismatch","NegativeMatch"
"442","5de5538f8fde1c4dbc951498","control_Dissimilar","0","DissimilarControl","add","remove","add-remove","",""
"443","5de5538f8fde1c4dbc951498","control_Similar","99","SimilarControl","buy","purchase","buy-purchase","",""
"444","5de5538f8fde1c4dbc951498","control_Dissimilar","0","DissimilarControl","come","go","come-go","",""
"445","5de5538f8fde1c4dbc951498","control_MaxMatch_Negative_Verb","7","MaxMatch","choke","criticize","choke-criticize","VerbMatch","NegativeMatch"
"446","5de5538f8fde1c4dbc951498","test_ConceptualMatch_Verb","0","ConceptualMatchingOnly","enlighten","glisten","enlighten-glisten","ConceptualMatch:verb","PositiveMismatch"
"447","5de5538f8fde1c4dbc951498","control_MaxMismatch","0","MaxMismatch","enlighten","home","enlighten-home","VerbMismatch","PositiveMismatch"
"448","5de5538f8fde1c4dbc951498","control_Similar","99","SimilarControl","begin","start","begin-start","",""
"449","5de5538f8fde1c4dbc951498","control_MaxMatch_Negative_Noun","0","MaxMatch","mud","terror","mud-terror","NounMatch","NegativeMatch"
"450","5de5538f8fde1c4dbc951498","control_MaxMatch_Positive_Verb","0","MaxMatch","admire","imagine","admire-imagine","VerbMatch","PositiveMatch"
"451","5de5538f8fde1c4dbc951498","test_ValenceMatch_Positive","43","ValenceMatchingOnly","freedom","cherish","freedom-cherish","NounMismatch","PositiveMatch"
"452","5de5538f8fde1c4dbc951498","control_MaxMatch_Positive_Noun","0","MaxMatch","compassion","inspiration","compassion-inspiration","NounMatch","PositiveMatch"
"453","5de5538f8fde1c4dbc951498","test_ConceptualMatch_Noun","0","ConceptualMatchingOnly","compassion","beach","compassion-beach","ConceptualMatch:noun","PositiveMismatch"
"454","5de5538f8fde1c4dbc951498","test_ValenceMatch_Negative","9","ValenceMatchingOnly","writhe","hatred","writhe-hatred","VerbMismatch","NegativeMatch"
"455","5de5538f8fde1c4dbc951498","control_Dissimilar","0","DissimilarControl","rise","fall","rise-fall","",""
"456","66fd6acd36eb80a1ea468aed","control_Similar","99","SimilarControl","ask","inquire","ask-inquire","",""
"457","66fd6acd36eb80a1ea468aed","control_Dissimilar","0","DissimilarControl","arrive","leave","arrive-leave","",""
"458","66fd6acd36eb80a1ea468aed","control_Similar","99","SimilarControl","get","obtain","get-obtain","",""
"459","66fd6acd36eb80a1ea468aed","control_MaxMatch_Positive_Verb","0","MaxMatch","admire","fulfill","admire-fulfill","VerbMatch","PositiveMatch"
"460","66fd6acd36eb80a1ea468aed","control_Dissimilar","0","DissimilarControl","push","pull","push-pull","",""
"461","66fd6acd36eb80a1ea468aed","test_ValenceMatch_Negative","78","ValenceMatchingOnly","choke","hatred","choke-hatred","VerbMismatch","NegativeMatch"
"462","66fd6acd36eb80a1ea468aed","test_ConceptualMatch_Noun","0","ConceptualMatchingOnly","freedom","flowers","freedom-flowers","ConceptualMatch:noun","PositiveMismatch"
"463","66fd6acd36eb80a1ea468aed","control_MaxMismatch","0","MaxMismatch","imagine","running","imagine-running","VerbMismatch","PositiveMismatch"
"464","66fd6acd36eb80a1ea468aed","control_MaxMatch_Positive_Noun","80","MaxMatch","compassion","gratitude","compassion-gratitude","NounMatch","PositiveMatch"
"465","66fd6acd36eb80a1ea468aed","control_MaxMatch_Negative_Noun","0","MaxMatch","mud","corpse","mud-corpse","NounMatch","NegativeMatch"
"466","66fd6acd36eb80a1ea468aed","test_ConceptualMatch_Verb","0","ConceptualMatchingOnly","imagine","glisten","imagine-glisten","ConceptualMatch:verb","PositiveMismatch"
"467","66fd6acd36eb80a1ea468aed","test_ValenceMatch_Positive","78","ValenceMatchingOnly","compassion","admire","compassion-admire","NounMismatch","PositiveMatch"
"468","66fd6acd36eb80a1ea468aed","control_MaxMatch_Negative_Verb","0","MaxMatch","bleed","befall","bleed-befall","VerbMatch","NegativeMatch"
"469","66fd6acd36eb80a1ea468aed","control_Similar","99","SimilarControl","show","display","show-display","",""
"470","66fd6acd36eb80a1ea468aed","control_Dissimilar","0","DissimilarControl","rise","fall","rise-fall","",""
"471","66fd6acd36eb80a1ea468aed","control_Similar","99","SimilarControl","help","assist","help-assist","",""
"472","66fd6acd36eb80a1ea468aed","control_MaxMatch_Positive_Verb","71","MaxMatch","enlighten","fulfill","enlighten-fulfill","VerbMatch","PositiveMatch"
"473","66fd6acd36eb80a1ea468aed","control_Dissimilar","0","DissimilarControl","give","take","give-take","",""
"474","66fd6acd36eb80a1ea468aed","test_ValenceMatch_Negative","88","ValenceMatchingOnly","choke","terror","choke-terror","VerbMismatch","NegativeMatch"
"475","66fd6acd36eb80a1ea468aed","test_ConceptualMatch_Noun","0","ConceptualMatchingOnly","gratitude","home","gratitude-home","ConceptualMatch:noun","PositiveMismatch"
"476","66fd6acd36eb80a1ea468aed","control_MaxMismatch","71","MaxMismatch","cherish","glisten","cherish-glisten","VerbMismatch","PositiveMismatch"
"477","66fd6acd36eb80a1ea468aed","control_MaxMatch_Positive_Noun","0","MaxMatch","freedom","gratitude","freedom-gratitude","NounMatch","PositiveMatch"
"478","66fd6acd36eb80a1ea468aed","control_MaxMatch_Negative_Noun","0","MaxMatch","corpse","hatred","corpse-hatred","NounMatch","NegativeMatch"
"479","66fd6acd36eb80a1ea468aed","test_ConceptualMatch_Verb","0","ConceptualMatchingOnly","enlighten","breathe","enlighten-breathe","ConceptualMatch:verb","PositiveMismatch"
"480","66fd6acd36eb80a1ea468aed","test_ValenceMatch_Positive","79","ValenceMatchingOnly","gratitude","fulfill","gratitude-fulfill","NounMismatch","PositiveMatch"
"481","66fd6acd36eb80a1ea468aed","control_MaxMatch_Negative_Verb","81","MaxMatch","choke","resent","choke-resent","VerbMatch","NegativeMatch"
"482","66fd6acd36eb80a1ea468aed","control_Similar","99","SimilarControl","use","employ","use-employ","",""
"483","66fd6acd36eb80a1ea468aed","control_Dissimilar","0","DissimilarControl","increase","decrease","increase-decrease","",""
"484","66fd6acd36eb80a1ea468aed","control_Similar","99","SimilarControl","need","require","need-require","",""
"485","66fd6acd36eb80a1ea468aed","control_MaxMatch_Positive_Verb","0","MaxMatch","cherish","fulfill","cherish-fulfill","VerbMatch","PositiveMatch"
"486","66fd6acd36eb80a1ea468aed","control_Dissimilar","0","DissimilarControl","begin","end","begin-end","",""
"487","66fd6acd36eb80a1ea468aed","test_ValenceMatch_Negative","0","ValenceMatchingOnly","stab","failure","stab-failure","VerbMismatch","NegativeMatch"
"488","66fd6acd36eb80a1ea468aed","test_ConceptualMatch_Noun","99","ConceptualMatchingOnly","freedom","home","freedom-home","ConceptualMatch:noun","PositiveMismatch"
"489","66fd6acd36eb80a1ea468aed","control_MaxMismatch","73","MaxMismatch","admire","home","admire-home","VerbMismatch","PositiveMismatch"
"490","66fd6acd36eb80a1ea468aed","control_MaxMatch_Positive_Noun","82","MaxMatch","compassion","freedom","compassion-freedom","NounMatch","PositiveMatch"
"491","66fd6acd36eb80a1ea468aed","control_MaxMatch_Negative_Noun","99","MaxMatch","garbage","failure","garbage-failure","NounMatch","NegativeMatch"
"492","66fd6acd36eb80a1ea468aed","test_ConceptualMatch_Verb","0","ConceptualMatchingOnly","enlighten","eat","enlighten-eat","ConceptualMatch:verb","PositiveMismatch"
"493","66fd6acd36eb80a1ea468aed","test_ValenceMatch_Positive","74","ValenceMatchingOnly","compassion","enlighten","compassion-enlighten","NounMismatch","PositiveMatch"
"494","66fd6acd36eb80a1ea468aed","control_MaxMatch_Negative_Verb","99","MaxMatch","bleed","stab","bleed-stab","VerbMatch","NegativeMatch"
"495","66fd6acd36eb80a1ea468aed","control_Similar","99","SimilarControl","begin","start","begin-start","",""
"496","66fd6acd36eb80a1ea468aed","control_Dissimilar","0","DissimilarControl","enter","exit","enter-exit","",""
"497","66fd6acd36eb80a1ea468aed","control_Similar","99","SimilarControl","speak","talk","speak-talk","",""
"498","66fd6acd36eb80a1ea468aed","control_MaxMatch_Positive_Verb","69","MaxMatch","admire","enlighten","admire-enlighten","VerbMatch","PositiveMatch"
"499","66fd6acd36eb80a1ea468aed","control_Dissimilar","0","DissimilarControl","come","go","come-go","",""
"500","66fd6acd36eb80a1ea468aed","test_ValenceMatch_Negative","99","ValenceMatchingOnly","bleed","terror","bleed-terror","VerbMismatch","NegativeMatch"
"501","66fd6acd36eb80a1ea468aed","test_ConceptualMatch_Noun","77","ConceptualMatchingOnly","gratitude","chocolate","gratitude-chocolate","ConceptualMatch:noun","PositiveMismatch"
"502","66fd6acd36eb80a1ea468aed","control_MaxMismatch","70","MaxMismatch","enlighten","home","enlighten-home","VerbMismatch","PositiveMismatch"
"503","66fd6acd36eb80a1ea468aed","control_MaxMatch_Positive_Noun","77","MaxMatch","inspiration","kindness","inspiration-kindness","NounMatch","PositiveMatch"
"504","66fd6acd36eb80a1ea468aed","control_MaxMatch_Negative_Noun","0","MaxMatch","mud","grief","mud-grief","NounMatch","NegativeMatch"
"505","66fd6acd36eb80a1ea468aed","test_ConceptualMatch_Verb","63","ConceptualMatchingOnly","imagine","running","imagine-running","ConceptualMatch:verb","PositiveMismatch"
"506","66fd6acd36eb80a1ea468aed","test_ValenceMatch_Positive","72","ValenceMatchingOnly","freedom","admire","freedom-admire","NounMismatch","PositiveMatch"
"507","66fd6acd36eb80a1ea468aed","control_MaxMatch_Negative_Verb","0","MaxMatch","befall","criticize","befall-criticize","VerbMatch","NegativeMatch"
"508","66fd6acd36eb80a1ea468aed","control_Similar","99","SimilarControl","buy","purchase","buy-purchase","",""
"509","66fd6acd36eb80a1ea468aed","control_Dissimilar","0","DissimilarControl","open","close","open-close","",""
"510","66fd6acd36eb80a1ea468aed","control_Similar","99","SimilarControl","end","finish","end-finish","",""
"511","66fd6acd36eb80a1ea468aed","control_MaxMatch_Positive_Verb","69","MaxMatch","enlighten","imagine","enlighten-imagine","VerbMatch","PositiveMatch"
"512","66fd6acd36eb80a1ea468aed","control_Dissimilar","0","DissimilarControl","add","remove","add-remove","",""
"513","66fd6acd36eb80a1ea468aed","test_ValenceMatch_Negative","71","ValenceMatchingOnly","bleed","hatred","bleed-hatred","VerbMismatch","NegativeMatch"
"514","66fd6acd36eb80a1ea468aed","test_ConceptualMatch_Noun","0","ConceptualMatchingOnly","freedom","fireplace","freedom-fireplace","ConceptualMatch:noun","PositiveMismatch"
"515","66fd6acd36eb80a1ea468aed","control_MaxMismatch","0","MaxMismatch","imagine","home","imagine-home","VerbMismatch","PositiveMismatch"
"516","66fd6acd36eb80a1ea468aed","control_MaxMatch_Positive_Noun","99","MaxMatch","freedom","inspiration","freedom-inspiration","NounMatch","PositiveMatch"
"517","66fd6acd36eb80a1ea468aed","control_MaxMatch_Negative_Noun","0","MaxMatch","corpse","anxiety","corpse-anxiety","NounMatch","NegativeMatch"
"518","66fd6acd36eb80a1ea468aed","test_ConceptualMatch_Verb","0","ConceptualMatchingOnly","admire","glisten","admire-glisten","ConceptualMatch:verb","PositiveMismatch"
"519","66fd6acd36eb80a1ea468aed","test_ValenceMatch_Positive","71","ValenceMatchingOnly","gratitude","imagine","gratitude-imagine","NounMismatch","PositiveMatch"
"520","66fd6acd36eb80a1ea468aed","control_MaxMatch_Negative_Verb","0","MaxMatch","fester","befall","fester-befall","VerbMatch","NegativeMatch"
"521","67aced4b25f62493088645b8","control_Similar","93","SimilarControl","use","employ","use-employ","",""
"522","67aced4b25f62493088645b8","control_Dissimilar","9","DissimilarControl","rise","fall","rise-fall","",""
"523","67aced4b25f62493088645b8","control_MaxMatch_Positive_Verb","40","MaxMatch","cherish","imagine","cherish-imagine","VerbMatch","PositiveMatch"
"524","67aced4b25f62493088645b8","control_MaxMatch_Negative_Noun","12","MaxMatch","mud","failure","mud-failure","NounMatch","NegativeMatch"
"525","67aced4b25f62493088645b8","test_ConceptualMatch_Verb","21","ConceptualMatchingOnly","fulfill","glide","fulfill-glide","ConceptualMatch:verb","PositiveMismatch"
"526","67aced4b25f62493088645b8","control_MaxMatch_Negative_Verb","88","MaxMatch","fester","obsess","fester-obsess","VerbMatch","NegativeMatch"
"527","67aced4b25f62493088645b8","control_MaxMatch_Positive_Noun","73","MaxMatch","compassion","freedom","compassion-freedom","NounMatch","PositiveMatch"
"528","67aced4b25f62493088645b8","test_ValenceMatch_Positive","75","ValenceMatchingOnly","kindness","admire","kindness-admire","NounMismatch","PositiveMatch"
"529","67aced4b25f62493088645b8","test_ConceptualMatch_Noun","11","ConceptualMatchingOnly","gratitude","beach","gratitude-beach","ConceptualMatch:noun","PositiveMismatch"
"530","67aced4b25f62493088645b8","control_MaxMismatch","30","MaxMismatch","enlighten","home","enlighten-home","VerbMismatch","PositiveMismatch"
"531","67aced4b25f62493088645b8","control_Similar","82","SimilarControl","speak","talk","speak-talk","",""
"532","67aced4b25f62493088645b8","control_Dissimilar","9","DissimilarControl","arrive","leave","arrive-leave","",""
"533","67aced4b25f62493088645b8","test_ValenceMatch_Negative","16","ValenceMatchingOnly","stab","grief","stab-grief","VerbMismatch","NegativeMatch"
"534","67aced4b25f62493088645b8","control_Similar","93","SimilarControl","get","obtain","get-obtain","",""
"535","67aced4b25f62493088645b8","control_Dissimilar","7","DissimilarControl","come","go","come-go","",""
"536","67aced4b25f62493088645b8","control_MaxMatch_Positive_Verb","81","MaxMatch","enlighten","fulfill","enlighten-fulfill","VerbMatch","PositiveMatch"
"537","67aced4b25f62493088645b8","control_MaxMatch_Negative_Noun","85","MaxMatch","hatred","grief","hatred-grief","NounMatch","NegativeMatch"
"538","67aced4b25f62493088645b8","test_ConceptualMatch_Verb","21","ConceptualMatchingOnly","cherish","glide","cherish-glide","ConceptualMatch:verb","PositiveMismatch"
"539","67aced4b25f62493088645b8","control_MaxMatch_Negative_Verb","91","MaxMatch","fester","befall","fester-befall","VerbMatch","NegativeMatch"
"540","67aced4b25f62493088645b8","control_MaxMatch_Positive_Noun","76","MaxMatch","freedom","inspiration","freedom-inspiration","NounMatch","PositiveMatch"
"541","67aced4b25f62493088645b8","test_ValenceMatch_Positive","72","ValenceMatchingOnly","inspiration","fulfill","inspiration-fulfill","NounMismatch","PositiveMatch"
"542","67aced4b25f62493088645b8","test_ConceptualMatch_Noun","82","ConceptualMatchingOnly","kindness","flowers","kindness-flowers","ConceptualMatch:noun","PositiveMismatch"
"543","67aced4b25f62493088645b8","control_MaxMismatch","84","MaxMismatch","cherish","breathe","cherish-breathe","VerbMismatch","PositiveMismatch"
"544","67aced4b25f62493088645b8","control_Similar","99","SimilarControl","show","display","show-display","",""
"545","67aced4b25f62493088645b8","control_Dissimilar","6","DissimilarControl","push","pull","push-pull","",""
"546","67aced4b25f62493088645b8","test_ValenceMatch_Negative","61","ValenceMatchingOnly","choke","hatred","choke-hatred","VerbMismatch","NegativeMatch"
"547","67aced4b25f62493088645b8","control_Similar","99","SimilarControl","need","require","need-require","",""
"548","67aced4b25f62493088645b8","control_Dissimilar","6","DissimilarControl","enter","exit","enter-exit","",""
"549","67aced4b25f62493088645b8","control_MaxMatch_Positive_Verb","86","MaxMatch","fulfill","imagine","fulfill-imagine","VerbMatch","PositiveMatch"
"550","67aced4b25f62493088645b8","control_MaxMatch_Negative_Noun","93","MaxMatch","toxin","garbage","toxin-garbage","NounMatch","NegativeMatch"
"551","67aced4b25f62493088645b8","test_ConceptualMatch_Verb","60","ConceptualMatchingOnly","admire","glide","admire-glide","ConceptualMatch:verb","PositiveMismatch"
"552","67aced4b25f62493088645b8","control_MaxMatch_Negative_Verb","90","MaxMatch","writhe","resent","writhe-resent","VerbMatch","NegativeMatch"
"553","67aced4b25f62493088645b8","control_MaxMatch_Positive_Noun","71","MaxMatch","compassion","inspiration","compassion-inspiration","NounMatch","PositiveMatch"
"554","67aced4b25f62493088645b8","test_ValenceMatch_Positive","87","ValenceMatchingOnly","compassion","enlighten","compassion-enlighten","NounMismatch","PositiveMatch"
"555","67aced4b25f62493088645b8","test_ConceptualMatch_Noun","4","ConceptualMatchingOnly","compassion","fireplace","compassion-fireplace","ConceptualMatch:noun","PositiveMismatch"
"556","67aced4b25f62493088645b8","control_MaxMismatch","63","MaxMismatch","imagine","chocolate","imagine-chocolate","VerbMismatch","PositiveMismatch"
"557","67aced4b25f62493088645b8","control_Similar","99","SimilarControl","end","finish","end-finish","",""
"558","67aced4b25f62493088645b8","control_Dissimilar","6","DissimilarControl","begin","end","begin-end","",""
"559","67aced4b25f62493088645b8","test_ValenceMatch_Negative","89","ValenceMatchingOnly","fester","failure","fester-failure","VerbMismatch","NegativeMatch"
"560","67aced4b25f62493088645b8","control_Similar","99","SimilarControl","begin","start","begin-start","",""
"561","67aced4b25f62493088645b8","control_Dissimilar","21","DissimilarControl","add","remove","add-remove","",""
"562","67aced4b25f62493088645b8","control_MaxMatch_Positive_Verb","88","MaxMatch","enlighten","imagine","enlighten-imagine","VerbMatch","PositiveMatch"
"563","67aced4b25f62493088645b8","control_MaxMatch_Negative_Noun","96","MaxMatch","anxiety","failure","anxiety-failure","NounMatch","NegativeMatch"
"564","67aced4b25f62493088645b8","test_ConceptualMatch_Verb","70","ConceptualMatchingOnly","fulfill","breathe","fulfill-breathe","ConceptualMatch:verb","PositiveMismatch"
"565","67aced4b25f62493088645b8","control_MaxMatch_Negative_Verb","95","MaxMatch","bleed","stab","bleed-stab","VerbMatch","NegativeMatch"
"566","67aced4b25f62493088645b8","control_MaxMatch_Positive_Noun","87","MaxMatch","compassion","gratitude","compassion-gratitude","NounMatch","PositiveMatch"
"567","67aced4b25f62493088645b8","test_ValenceMatch_Positive","81","ValenceMatchingOnly","freedom","fulfill","freedom-fulfill","NounMismatch","PositiveMatch"
"568","67aced4b25f62493088645b8","test_ConceptualMatch_Noun","0","ConceptualMatchingOnly","gratitude","fireplace","gratitude-fireplace","ConceptualMatch:noun","PositiveMismatch"
"569","67aced4b25f62493088645b8","control_MaxMismatch","18","MaxMismatch","cherish","fireplace","cherish-fireplace","VerbMismatch","PositiveMismatch"
"570","67aced4b25f62493088645b8","control_Similar","92","SimilarControl","ask","inquire","ask-inquire","",""
"571","67aced4b25f62493088645b8","control_Dissimilar","15","DissimilarControl","increase","decrease","increase-decrease","",""
"572","67aced4b25f62493088645b8","test_ValenceMatch_Negative","93","ValenceMatchingOnly","choke","anxiety","choke-anxiety","VerbMismatch","NegativeMatch"
"573","67aced4b25f62493088645b8","control_Similar","87","SimilarControl","help","assist","help-assist","",""
"574","67aced4b25f62493088645b8","control_Dissimilar","9","DissimilarControl","open","close","open-close","",""
"575","67aced4b25f62493088645b8","control_MaxMatch_Positive_Verb","94","MaxMatch","admire","fulfill","admire-fulfill","VerbMatch","PositiveMatch"
"576","67aced4b25f62493088645b8","control_MaxMatch_Negative_Noun","77","MaxMatch","toxin","slave","toxin-slave","NounMatch","NegativeMatch"
"577","67aced4b25f62493088645b8","test_ConceptualMatch_Verb","88","ConceptualMatchingOnly","enlighten","breathe","enlighten-breathe","ConceptualMatch:verb","PositiveMismatch"
"578","67aced4b25f62493088645b8","control_MaxMatch_Negative_Verb","38","MaxMatch","stab","criticize","stab-criticize","VerbMatch","NegativeMatch"
"579","67aced4b25f62493088645b8","control_MaxMatch_Positive_Noun","83","MaxMatch","inspiration","kindness","inspiration-kindness","NounMatch","PositiveMatch"
"580","67aced4b25f62493088645b8","test_ValenceMatch_Positive","83","ValenceMatchingOnly","gratitude","imagine","gratitude-imagine","NounMismatch","PositiveMatch"
"581","67aced4b25f62493088645b8","test_ConceptualMatch_Noun","37","ConceptualMatchingOnly","gratitude","flowers","gratitude-flowers","ConceptualMatch:noun","PositiveMismatch"
"582","67aced4b25f62493088645b8","control_MaxMismatch","39","MaxMismatch","enlighten","eat","enlighten-eat","VerbMismatch","PositiveMismatch"
"583","67aced4b25f62493088645b8","control_Similar","98","SimilarControl","buy","purchase","buy-purchase","",""
"584","67aced4b25f62493088645b8","control_Dissimilar","2","DissimilarControl","give","take","give-take","",""
"585","67aced4b25f62493088645b8","test_ValenceMatch_Negative","77","ValenceMatchingOnly","choke","failure","choke-failure","VerbMismatch","NegativeMatch"
"586","641370f5a8d3826956778170","control_Similar","99","SimilarControl","buy","purchase","buy-purchase","",""
"587","641370f5a8d3826956778170","control_Dissimilar","1","DissimilarControl","begin","end","begin-end","",""
"588","641370f5a8d3826956778170","control_Similar","76","SimilarControl","need","require","need-require","",""
"589","641370f5a8d3826956778170","control_MaxMatch_Negative_Noun","39","MaxMatch","anxiety","failure","anxiety-failure","NounMatch","NegativeMatch"
"590","641370f5a8d3826956778170","control_MaxMatch_Negative_Verb","40","MaxMatch","fester","exploit","fester-exploit","VerbMatch","NegativeMatch"
"591","641370f5a8d3826956778170","control_MaxMismatch","0","MaxMismatch","imagine","flowers","imagine-flowers","VerbMismatch","PositiveMismatch"
"592","641370f5a8d3826956778170","control_MaxMatch_Positive_Noun","61","MaxMatch","compassion","inspiration","compassion-inspiration","NounMatch","PositiveMatch"
"593","641370f5a8d3826956778170","test_ValenceMatch_Positive","28","ValenceMatchingOnly","kindness","imagine","kindness-imagine","NounMismatch","PositiveMatch"
"594","641370f5a8d3826956778170","test_ConceptualMatch_Verb","83","ConceptualMatchingOnly","admire","glisten","admire-glisten","ConceptualMatch:verb","PositiveMismatch"
"595","641370f5a8d3826956778170","control_Dissimilar","0","DissimilarControl","add","remove","add-remove","",""
"596","641370f5a8d3826956778170","test_ConceptualMatch_Noun","5","ConceptualMatchingOnly","freedom","home","freedom-home","ConceptualMatch:noun","PositiveMismatch"
"597","641370f5a8d3826956778170","control_MaxMatch_Positive_Verb","93","MaxMatch","enlighten","fulfill","enlighten-fulfill","VerbMatch","PositiveMatch"
"598","641370f5a8d3826956778170","test_ValenceMatch_Negative","5","ValenceMatchingOnly","bleed","hatred","bleed-hatred","VerbMismatch","NegativeMatch"
"599","641370f5a8d3826956778170","control_Similar","75","SimilarControl","ask","inquire","ask-inquire","",""
"600","641370f5a8d3826956778170","control_Dissimilar","4","DissimilarControl","give","take","give-take","",""
"601","641370f5a8d3826956778170","control_Similar","93","SimilarControl","get","obtain","get-obtain","",""
"602","641370f5a8d3826956778170","control_MaxMatch_Negative_Noun","5","MaxMatch","mud","grief","mud-grief","NounMatch","NegativeMatch"
"603","641370f5a8d3826956778170","control_MaxMatch_Negative_Verb","65","MaxMatch","befall","criticize","befall-criticize","VerbMatch","NegativeMatch"
"604","641370f5a8d3826956778170","control_MaxMismatch","98","MaxMismatch","admire","glisten","admire-glisten","VerbMismatch","PositiveMismatch"
"605","641370f5a8d3826956778170","control_MaxMatch_Positive_Noun","75","MaxMatch","freedom","gratitude","freedom-gratitude","NounMatch","PositiveMatch"
"606","641370f5a8d3826956778170","test_ValenceMatch_Positive","99","ValenceMatchingOnly","compassion","enlighten","compassion-enlighten","NounMismatch","PositiveMatch"
"607","641370f5a8d3826956778170","test_ConceptualMatch_Verb","71","ConceptualMatchingOnly","enlighten","glide","enlighten-glide","ConceptualMatch:verb","PositiveMismatch"
"608","641370f5a8d3826956778170","control_Dissimilar","0","DissimilarControl","open","close","open-close","",""
"609","641370f5a8d3826956778170","test_ConceptualMatch_Noun","0","ConceptualMatchingOnly","freedom","beach","freedom-beach","ConceptualMatch:noun","PositiveMismatch"
"610","641370f5a8d3826956778170","control_MaxMatch_Positive_Verb","75","MaxMatch","admire","fulfill","admire-fulfill","VerbMatch","PositiveMatch"
"611","641370f5a8d3826956778170","test_ValenceMatch_Negative","0","ValenceMatchingOnly","stab","anxiety","stab-anxiety","VerbMismatch","NegativeMatch"
"612","641370f5a8d3826956778170","control_Similar","99","SimilarControl","show","display","show-display","",""
"613","641370f5a8d3826956778170","control_Dissimilar","5","DissimilarControl","push","pull","push-pull","",""
"614","641370f5a8d3826956778170","control_Similar","18","SimilarControl","use","employ","use-employ","",""
"615","641370f5a8d3826956778170","control_MaxMatch_Negative_Noun","16","MaxMatch","garbage","hatred","garbage-hatred","NounMatch","NegativeMatch"
"616","641370f5a8d3826956778170","control_MaxMatch_Negative_Verb","77","MaxMatch","choke","exploit","choke-exploit","VerbMatch","NegativeMatch"
"617","641370f5a8d3826956778170","control_MaxMismatch","6","MaxMismatch","enlighten","running","enlighten-running","VerbMismatch","PositiveMismatch"
"618","641370f5a8d3826956778170","control_MaxMatch_Positive_Noun","5","MaxMatch","compassion","freedom","compassion-freedom","NounMatch","PositiveMatch"
"619","641370f5a8d3826956778170","test_ValenceMatch_Positive","88","ValenceMatchingOnly","inspiration","fulfill","inspiration-fulfill","NounMismatch","PositiveMatch"
"620","641370f5a8d3826956778170","test_ConceptualMatch_Verb","0","ConceptualMatchingOnly","enlighten","eat","enlighten-eat","ConceptualMatch:verb","PositiveMismatch"
"621","641370f5a8d3826956778170","control_Dissimilar","82","DissimilarControl","come","go","come-go","",""
"622","641370f5a8d3826956778170","test_ConceptualMatch_Noun","0","ConceptualMatchingOnly","inspiration","flowers","inspiration-flowers","ConceptualMatch:noun","PositiveMismatch"
"623","641370f5a8d3826956778170","control_MaxMatch_Positive_Verb","0","MaxMatch","enlighten","imagine","enlighten-imagine","VerbMatch","PositiveMatch"
"624","641370f5a8d3826956778170","test_ValenceMatch_Negative","0","ValenceMatchingOnly","stab","failure","stab-failure","VerbMismatch","NegativeMatch"
"625","641370f5a8d3826956778170","control_Similar","99","SimilarControl","begin","start","begin-start","",""
"626","641370f5a8d3826956778170","control_Dissimilar","0","DissimilarControl","increase","decrease","increase-decrease","",""
"627","641370f5a8d3826956778170","control_Similar","99","SimilarControl","speak","talk","speak-talk","",""
"628","641370f5a8d3826956778170","control_MaxMatch_Negative_Noun","56","MaxMatch","terror","anxiety","terror-anxiety","NounMatch","NegativeMatch"
"629","641370f5a8d3826956778170","control_MaxMatch_Negative_Verb","64","MaxMatch","fester","obsess","fester-obsess","VerbMatch","NegativeMatch"
"630","641370f5a8d3826956778170","control_MaxMismatch","12","MaxMismatch","fulfill","flowers","fulfill-flowers","VerbMismatch","PositiveMismatch"
"631","641370f5a8d3826956778170","control_MaxMatch_Positive_Noun","86","MaxMatch","inspiration","kindness","inspiration-kindness","NounMatch","PositiveMatch"
"632","641370f5a8d3826956778170","test_ValenceMatch_Positive","86","ValenceMatchingOnly","kindness","enlighten","kindness-enlighten","NounMismatch","PositiveMatch"
"633","641370f5a8d3826956778170","test_ConceptualMatch_Verb","0","ConceptualMatchingOnly","imagine","running","imagine-running","ConceptualMatch:verb","PositiveMismatch"
"634","641370f5a8d3826956778170","control_Dissimilar","0","DissimilarControl","arrive","leave","arrive-leave","",""
"635","641370f5a8d3826956778170","test_ConceptualMatch_Noun","0","ConceptualMatchingOnly","compassion","chocolate","compassion-chocolate","ConceptualMatch:noun","PositiveMismatch"
"636","641370f5a8d3826956778170","control_MaxMatch_Positive_Verb","14","MaxMatch","cherish","imagine","cherish-imagine","VerbMatch","PositiveMatch"
"637","641370f5a8d3826956778170","test_ValenceMatch_Negative","10","ValenceMatchingOnly","choke","failure","choke-failure","VerbMismatch","NegativeMatch"
"638","641370f5a8d3826956778170","control_Similar","99","SimilarControl","help","assist","help-assist","",""
"639","641370f5a8d3826956778170","control_Dissimilar","0","DissimilarControl","rise","fall","rise-fall","",""
"640","641370f5a8d3826956778170","control_Similar","99","SimilarControl","end","finish","end-finish","",""
"641","641370f5a8d3826956778170","control_MaxMatch_Negative_Noun","0","MaxMatch","garbage","grief","garbage-grief","NounMatch","NegativeMatch"
"642","641370f5a8d3826956778170","control_MaxMatch_Negative_Verb","39","MaxMatch","fester","befall","fester-befall","VerbMatch","NegativeMatch"
"643","641370f5a8d3826956778170","control_MaxMismatch","0","MaxMismatch","admire","running","admire-running","VerbMismatch","PositiveMismatch"
"644","641370f5a8d3826956778170","control_MaxMatch_Positive_Noun","94","MaxMatch","gratitude","inspiration","gratitude-inspiration","NounMatch","PositiveMatch"
"645","641370f5a8d3826956778170","test_ValenceMatch_Positive","79","ValenceMatchingOnly","inspiration","admire","inspiration-admire","NounMismatch","PositiveMatch"
"646","641370f5a8d3826956778170","test_ConceptualMatch_Verb","51","ConceptualMatchingOnly","fulfill","glide","fulfill-glide","ConceptualMatch:verb","PositiveMismatch"
"647","641370f5a8d3826956778170","control_Dissimilar","0","DissimilarControl","enter","exit","enter-exit","",""
"648","641370f5a8d3826956778170","test_ConceptualMatch_Noun","0","ConceptualMatchingOnly","gratitude","beach","gratitude-beach","ConceptualMatch:noun","PositiveMismatch"
"649","641370f5a8d3826956778170","control_MaxMatch_Positive_Verb","73","MaxMatch","admire","enlighten","admire-enlighten","VerbMatch","PositiveMatch"
"650","641370f5a8d3826956778170","test_ValenceMatch_Negative","0","ValenceMatchingOnly","stab","terror","stab-terror","VerbMismatch","NegativeMatch"
"651","5d4c78071b920f00198e8533","control_Dissimilar","0","DissimilarControl","push","pull","push-pull","",""
"652","5d4c78071b920f00198e8533","control_Similar","99","SimilarControl","end","finish","end-finish","",""
"653","5d4c78071b920f00198e8533","control_MaxMatch_Positive_Noun","99","MaxMatch","compassion","kindness","compassion-kindness","NounMatch","PositiveMatch"
"654","5d4c78071b920f00198e8533","test_ConceptualMatch_Verb","47","ConceptualMatchingOnly","admire","running","admire-running","ConceptualMatch:verb","PositiveMismatch"
"655","5d4c78071b920f00198e8533","control_Dissimilar","0","DissimilarControl","come","go","come-go","",""
"656","5d4c78071b920f00198e8533","control_MaxMatch_Negative_Verb","46","MaxMatch","choke","fester","choke-fester","VerbMatch","NegativeMatch"
"657","5d4c78071b920f00198e8533","control_Similar","99","SimilarControl","help","assist","help-assist","",""
"658","5d4c78071b920f00198e8533","control_MaxMatch_Positive_Verb","91","MaxMatch","enlighten","imagine","enlighten-imagine","VerbMatch","PositiveMatch"
"659","5d4c78071b920f00198e8533","test_ValenceMatch_Negative","45","ValenceMatchingOnly","bleed","failure","bleed-failure","VerbMismatch","NegativeMatch"
"660","5d4c78071b920f00198e8533","control_MaxMatch_Negative_Noun","73","MaxMatch","toxin","terror","toxin-terror","NounMatch","NegativeMatch"
"661","5d4c78071b920f00198e8533","control_MaxMismatch","46","MaxMismatch","imagine","glide","imagine-glide","VerbMismatch","PositiveMismatch"
"662","5d4c78071b920f00198e8533","test_ValenceMatch_Positive","85","ValenceMatchingOnly","gratitude","enlighten","gratitude-enlighten","NounMismatch","PositiveMatch"
"663","5d4c78071b920f00198e8533","test_ConceptualMatch_Noun","45","ConceptualMatchingOnly","kindness","home","kindness-home","ConceptualMatch:noun","PositiveMismatch"
"664","5d4c78071b920f00198e8533","control_Dissimilar","0","DissimilarControl","add","remove","add-remove","",""
"665","5d4c78071b920f00198e8533","control_Similar","99","SimilarControl","speak","talk","speak-talk","",""
"666","5d4c78071b920f00198e8533","control_MaxMatch_Positive_Noun","59","MaxMatch","compassion","freedom","compassion-freedom","NounMatch","PositiveMatch"
"667","5d4c78071b920f00198e8533","test_ConceptualMatch_Verb","43","ConceptualMatchingOnly","cherish","breathe","cherish-breathe","ConceptualMatch:verb","PositiveMismatch"
"668","5d4c78071b920f00198e8533","control_Dissimilar","0","DissimilarControl","open","close","open-close","",""
"669","5d4c78071b920f00198e8533","control_MaxMatch_Negative_Verb","65","MaxMatch","fester","exploit","fester-exploit","VerbMatch","NegativeMatch"
"670","5d4c78071b920f00198e8533","control_Similar","99","SimilarControl","ask","inquire","ask-inquire","",""
"671","5d4c78071b920f00198e8533","control_MaxMatch_Positive_Verb","73","MaxMatch","admire","enlighten","admire-enlighten","VerbMatch","PositiveMatch"
"672","5d4c78071b920f00198e8533","test_ValenceMatch_Negative","56","ValenceMatchingOnly","writhe","anxiety","writhe-anxiety","VerbMismatch","NegativeMatch"
"673","5d4c78071b920f00198e8533","control_MaxMatch_Negative_Noun","46","MaxMatch","mud","failure","mud-failure","NounMatch","NegativeMatch"
"674","5d4c78071b920f00198e8533","control_MaxMismatch","47","MaxMismatch","fulfill","beach","fulfill-beach","VerbMismatch","PositiveMismatch"
"675","5d4c78071b920f00198e8533","test_ValenceMatch_Positive","65","ValenceMatchingOnly","freedom","admire","freedom-admire","NounMismatch","PositiveMatch"
"676","5d4c78071b920f00198e8533","test_ConceptualMatch_Noun","45","ConceptualMatchingOnly","inspiration","chocolate","inspiration-chocolate","ConceptualMatch:noun","PositiveMismatch"
"677","5d4c78071b920f00198e8533","control_Dissimilar","0","DissimilarControl","give","take","give-take","",""
"678","5d4c78071b920f00198e8533","control_Similar","99","SimilarControl","show","display","show-display","",""
"679","5d4c78071b920f00198e8533","control_MaxMatch_Positive_Noun","63","MaxMatch","freedom","kindness","freedom-kindness","NounMatch","PositiveMatch"
"680","5d4c78071b920f00198e8533","test_ConceptualMatch_Verb","48","ConceptualMatchingOnly","enlighten","glide","enlighten-glide","ConceptualMatch:verb","PositiveMismatch"
"681","5d4c78071b920f00198e8533","control_Dissimilar","0","DissimilarControl","increase","decrease","increase-decrease","",""
"682","5d4c78071b920f00198e8533","control_MaxMatch_Negative_Verb","42","MaxMatch","choke","resent","choke-resent","VerbMatch","NegativeMatch"
"683","5d4c78071b920f00198e8533","control_Similar","99","SimilarControl","need","require","need-require","",""
"684","5d4c78071b920f00198e8533","control_MaxMatch_Positive_Verb","55","MaxMatch","cherish","imagine","cherish-imagine","VerbMatch","PositiveMatch"
"685","5d4c78071b920f00198e8533","test_ValenceMatch_Negative","85","ValenceMatchingOnly","stab","terror","stab-terror","VerbMismatch","NegativeMatch"
"686","5d4c78071b920f00198e8533","control_MaxMatch_Negative_Noun","47","MaxMatch","toxin","corpse","toxin-corpse","NounMatch","NegativeMatch"
"687","5d4c78071b920f00198e8533","control_MaxMismatch","46","MaxMismatch","cherish","eat","cherish-eat","VerbMismatch","PositiveMismatch"
"688","5d4c78071b920f00198e8533","test_ValenceMatch_Positive","99","ValenceMatchingOnly","inspiration","imagine","inspiration-imagine","NounMismatch","PositiveMatch"
"689","5d4c78071b920f00198e8533","test_ConceptualMatch_Noun","48","ConceptualMatchingOnly","freedom","fireplace","freedom-fireplace","ConceptualMatch:noun","PositiveMismatch"
"690","5d4c78071b920f00198e8533","control_Dissimilar","0","DissimilarControl","begin","end","begin-end","",""
"691","5d4c78071b920f00198e8533","control_Similar","67","SimilarControl","use","employ","use-employ","",""
"692","5d4c78071b920f00198e8533","control_MaxMatch_Positive_Noun","99","MaxMatch","compassion","gratitude","compassion-gratitude","NounMatch","PositiveMatch"
"693","5d4c78071b920f00198e8533","test_ConceptualMatch_Verb","58","ConceptualMatchingOnly","cherish","glisten","cherish-glisten","ConceptualMatch:verb","PositiveMismatch"
"694","5d4c78071b920f00198e8533","control_Dissimilar","0","DissimilarControl","rise","fall","rise-fall","",""
"695","5d4c78071b920f00198e8533","control_MaxMatch_Negative_Verb","43","MaxMatch","choke","befall","choke-befall","VerbMatch","NegativeMatch"
"696","5d4c78071b920f00198e8533","control_Similar","99","SimilarControl","get","obtain","get-obtain","",""
"697","5d4c78071b920f00198e8533","control_MaxMatch_Positive_Verb","63","MaxMatch","fulfill","imagine","fulfill-imagine","VerbMatch","PositiveMatch"
"698","5d4c78071b920f00198e8533","test_ValenceMatch_Negative","55","ValenceMatchingOnly","stab","hatred","stab-hatred","VerbMismatch","NegativeMatch"
"699","5d4c78071b920f00198e8533","control_MaxMatch_Negative_Noun","56","MaxMatch","toxin","grief","toxin-grief","NounMatch","NegativeMatch"
"700","5d4c78071b920f00198e8533","control_MaxMismatch","45","MaxMismatch","fulfill","glide","fulfill-glide","VerbMismatch","PositiveMismatch"
"701","5d4c78071b920f00198e8533","test_ValenceMatch_Positive","99","ValenceMatchingOnly","inspiration","enlighten","inspiration-enlighten","NounMismatch","PositiveMatch"
"702","5d4c78071b920f00198e8533","test_ConceptualMatch_Noun","44","ConceptualMatchingOnly","compassion","beach","compassion-beach","ConceptualMatch:noun","PositiveMismatch"
"703","5d4c78071b920f00198e8533","control_Dissimilar","0","DissimilarControl","arrive","leave","arrive-leave","",""
"704","5d4c78071b920f00198e8533","control_Similar","0","SimilarControl","begin","start","begin-start","",""
"705","5d4c78071b920f00198e8533","control_MaxMatch_Positive_Noun","74","MaxMatch","gratitude","inspiration","gratitude-inspiration","NounMatch","PositiveMatch"
"706","5d4c78071b920f00198e8533","test_ConceptualMatch_Verb","45","ConceptualMatchingOnly","enlighten","eat","enlighten-eat","ConceptualMatch:verb","PositiveMismatch"
"707","5d4c78071b920f00198e8533","control_Dissimilar","0","DissimilarControl","enter","exit","enter-exit","",""
"708","5d4c78071b920f00198e8533","control_MaxMatch_Negative_Verb","46","MaxMatch","bleed","resent","bleed-resent","VerbMatch","NegativeMatch"
"709","5d4c78071b920f00198e8533","control_Similar","99","SimilarControl","buy","purchase","buy-purchase","",""
"710","5d4c78071b920f00198e8533","control_MaxMatch_Positive_Verb","78","MaxMatch","admire","imagine","admire-imagine","VerbMatch","PositiveMatch"
"711","5d4c78071b920f00198e8533","test_ValenceMatch_Negative","44","ValenceMatchingOnly","stab","grief","stab-grief","VerbMismatch","NegativeMatch"
"712","5d4c78071b920f00198e8533","control_MaxMatch_Negative_Noun","69","MaxMatch","toxin","hatred","toxin-hatred","NounMatch","NegativeMatch"
"713","5d4c78071b920f00198e8533","control_MaxMismatch","43","MaxMismatch","admire","beach","admire-beach","VerbMismatch","PositiveMismatch"
"714","5d4c78071b920f00198e8533","test_ValenceMatch_Positive","99","ValenceMatchingOnly","gratitude","admire","gratitude-admire","NounMismatch","PositiveMatch"
"715","5d4c78071b920f00198e8533","test_ConceptualMatch_Noun","46","ConceptualMatchingOnly","freedom","beach","freedom-beach","ConceptualMatch:noun","PositiveMismatch"
"716","66d6eca37ee58663933041c9","control_Dissimilar","0","DissimilarControl","rise","fall","rise-fall","",""
"717","66d6eca37ee58663933041c9","control_Similar","96","SimilarControl","help","assist","help-assist","",""
"718","66d6eca37ee58663933041c9","control_MaxMatch_Negative_Verb","19","MaxMatch","stab","resent","stab-resent","VerbMatch","NegativeMatch"
"719","66d6eca37ee58663933041c9","test_ValenceMatch_Positive","33","ValenceMatchingOnly","gratitude","fulfill","gratitude-fulfill","NounMismatch","PositiveMatch"
"720","66d6eca37ee58663933041c9","test_ConceptualMatch_Noun","21","ConceptualMatchingOnly","freedom","flowers","freedom-flowers","ConceptualMatch:noun","PositiveMismatch"
"721","66d6eca37ee58663933041c9","control_Dissimilar","0","DissimilarControl","push","pull","push-pull","",""
"722","66d6eca37ee58663933041c9","control_MaxMatch_Positive_Noun","25","MaxMatch","compassion","freedom","compassion-freedom","NounMatch","PositiveMatch"
"723","66d6eca37ee58663933041c9","control_MaxMatch_Negative_Noun","7","MaxMatch","garbage","hatred","garbage-hatred","NounMatch","NegativeMatch"
"724","66d6eca37ee58663933041c9","control_Similar","92","SimilarControl","end","finish","end-finish","",""
"725","66d6eca37ee58663933041c9","control_MaxMismatch","26","MaxMismatch","admire","home","admire-home","VerbMismatch","PositiveMismatch"
"726","66d6eca37ee58663933041c9","test_ConceptualMatch_Verb","18","ConceptualMatchingOnly","imagine","breathe","imagine-breathe","ConceptualMatch:verb","PositiveMismatch"
"727","66d6eca37ee58663933041c9","control_MaxMatch_Positive_Verb","60","MaxMatch","admire","cherish","admire-cherish","VerbMatch","PositiveMatch"
"728","66d6eca37ee58663933041c9","test_ValenceMatch_Negative","25","ValenceMatchingOnly","bleed","hatred","bleed-hatred","VerbMismatch","NegativeMatch"
"729","66d6eca37ee58663933041c9","control_Dissimilar","0","DissimilarControl","give","take","give-take","",""
"730","66d6eca37ee58663933041c9","control_Similar","62","SimilarControl","need","require","need-require","",""
"731","66d6eca37ee58663933041c9","control_MaxMatch_Negative_Verb","56","MaxMatch","writhe","criticize","writhe-criticize","VerbMatch","NegativeMatch"
"732","66d6eca37ee58663933041c9","test_ValenceMatch_Positive","24","ValenceMatchingOnly","inspiration","cherish","inspiration-cherish","NounMismatch","PositiveMatch"
"733","66d6eca37ee58663933041c9","test_ConceptualMatch_Noun","0","ConceptualMatchingOnly","kindness","fireplace","kindness-fireplace","ConceptualMatch:noun","PositiveMismatch"
"734","66d6eca37ee58663933041c9","control_Dissimilar","0","DissimilarControl","enter","exit","enter-exit","",""
"735","66d6eca37ee58663933041c9","control_MaxMatch_Positive_Noun","87","MaxMatch","compassion","kindness","compassion-kindness","NounMatch","PositiveMatch"
"736","66d6eca37ee58663933041c9","control_MaxMatch_Negative_Noun","0","MaxMatch","garbage","terror","garbage-terror","NounMatch","NegativeMatch"
"737","66d6eca37ee58663933041c9","control_Similar","87","SimilarControl","get","obtain","get-obtain","",""
"738","66d6eca37ee58663933041c9","control_MaxMismatch","72","MaxMismatch","cherish","chocolate","cherish-chocolate","VerbMismatch","PositiveMismatch"
"739","66d6eca37ee58663933041c9","test_ConceptualMatch_Verb","82","ConceptualMatchingOnly","imagine","running","imagine-running","ConceptualMatch:verb","PositiveMismatch"
"740","66d6eca37ee58663933041c9","control_MaxMatch_Positive_Verb","14","MaxMatch","admire","enlighten","admire-enlighten","VerbMatch","PositiveMatch"
"741","66d6eca37ee58663933041c9","test_ValenceMatch_Negative","27","ValenceMatchingOnly","writhe","hatred","writhe-hatred","VerbMismatch","NegativeMatch"
"742","66d6eca37ee58663933041c9","control_Dissimilar","0","DissimilarControl","open","close","open-close","",""
"743","66d6eca37ee58663933041c9","control_Similar","99","SimilarControl","buy","purchase","buy-purchase","",""
"744","66d6eca37ee58663933041c9","control_MaxMatch_Negative_Verb","25","MaxMatch","befall","resent","befall-resent","VerbMatch","NegativeMatch"
"745","66d6eca37ee58663933041c9","test_ValenceMatch_Positive","27","ValenceMatchingOnly","inspiration","fulfill","inspiration-fulfill","NounMismatch","PositiveMatch"
"746","66d6eca37ee58663933041c9","test_ConceptualMatch_Noun","44","ConceptualMatchingOnly","gratitude","chocolate","gratitude-chocolate","ConceptualMatch:noun","PositiveMismatch"
"747","66d6eca37ee58663933041c9","control_Dissimilar","0","DissimilarControl","increase","decrease","increase-decrease","",""
"748","66d6eca37ee58663933041c9","control_MaxMatch_Positive_Noun","0","MaxMatch","inspiration","kindness","inspiration-kindness","NounMatch","PositiveMatch"
"749","66d6eca37ee58663933041c9","control_MaxMatch_Negative_Noun","0","MaxMatch","toxin","corpse","toxin-corpse","NounMatch","NegativeMatch"
"750","66d6eca37ee58663933041c9","control_Similar","99","SimilarControl","ask","inquire","ask-inquire","",""
"751","66d6eca37ee58663933041c9","control_MaxMismatch","25","MaxMismatch","cherish","breathe","cherish-breathe","VerbMismatch","PositiveMismatch"
"752","66d6eca37ee58663933041c9","test_ConceptualMatch_Verb","9","ConceptualMatchingOnly","fulfill","glide","fulfill-glide","ConceptualMatch:verb","PositiveMismatch"
"753","66d6eca37ee58663933041c9","control_MaxMatch_Positive_Verb","12","MaxMatch","admire","fulfill","admire-fulfill","VerbMatch","PositiveMatch"
"754","66d6eca37ee58663933041c9","test_ValenceMatch_Negative","0","ValenceMatchingOnly","choke","grief","choke-grief","VerbMismatch","NegativeMatch"
"755","66d6eca37ee58663933041c9","control_Dissimilar","0","DissimilarControl","begin","end","begin-end","",""
"756","66d6eca37ee58663933041c9","control_Similar","99","SimilarControl","begin","start","begin-start","",""
"757","66d6eca37ee58663933041c9","control_MaxMatch_Negative_Verb","22","MaxMatch","befall","exploit","befall-exploit","VerbMatch","NegativeMatch"
"758","66d6eca37ee58663933041c9","test_ValenceMatch_Positive","30","ValenceMatchingOnly","gratitude","cherish","gratitude-cherish","NounMismatch","PositiveMatch"
"759","66d6eca37ee58663933041c9","test_ConceptualMatch_Noun","73","ConceptualMatchingOnly","inspiration","flowers","inspiration-flowers","ConceptualMatch:noun","PositiveMismatch"
"760","66d6eca37ee58663933041c9","control_Dissimilar","0","DissimilarControl","arrive","leave","arrive-leave","",""
"761","66d6eca37ee58663933041c9","control_MaxMatch_Positive_Noun","72","MaxMatch","freedom","inspiration","freedom-inspiration","NounMatch","PositiveMatch"
"762","66d6eca37ee58663933041c9","control_MaxMatch_Negative_Noun","85","MaxMatch","terror","anxiety","terror-anxiety","NounMatch","NegativeMatch"
"763","66d6eca37ee58663933041c9","control_Similar","99","SimilarControl","show","display","show-display","",""
"764","66d6eca37ee58663933041c9","control_MaxMismatch","83","MaxMismatch","imagine","running","imagine-running","VerbMismatch","PositiveMismatch"
"765","66d6eca37ee58663933041c9","test_ConceptualMatch_Verb","6","ConceptualMatchingOnly","enlighten","glide","enlighten-glide","ConceptualMatch:verb","PositiveMismatch"
"766","66d6eca37ee58663933041c9","control_MaxMatch_Positive_Verb","16","MaxMatch","enlighten","imagine","enlighten-imagine","VerbMatch","PositiveMatch"
"767","66d6eca37ee58663933041c9","test_ValenceMatch_Negative","78","ValenceMatchingOnly","fester","hatred","fester-hatred","VerbMismatch","NegativeMatch"
"768","66d6eca37ee58663933041c9","control_Dissimilar","0","DissimilarControl","add","remove","add-remove","",""
"769","66d6eca37ee58663933041c9","control_Similar","99","SimilarControl","speak","talk","speak-talk","",""
"770","66d6eca37ee58663933041c9","control_MaxMatch_Negative_Verb","69","MaxMatch","criticize","exploit","criticize-exploit","VerbMatch","NegativeMatch"
"771","66d6eca37ee58663933041c9","test_ValenceMatch_Positive","65","ValenceMatchingOnly","kindness","admire","kindness-admire","NounMismatch","PositiveMatch"
"772","66d6eca37ee58663933041c9","test_ConceptualMatch_Noun","0","ConceptualMatchingOnly","gratitude","fireplace","gratitude-fireplace","ConceptualMatch:noun","PositiveMismatch"
"773","66d6eca37ee58663933041c9","control_Dissimilar","0","DissimilarControl","come","go","come-go","",""
"774","66d6eca37ee58663933041c9","control_MaxMatch_Positive_Noun","67","MaxMatch","freedom","kindness","freedom-kindness","NounMatch","PositiveMatch"
"775","66d6eca37ee58663933041c9","control_MaxMatch_Negative_Noun","0","MaxMatch","mud","failure","mud-failure","NounMatch","NegativeMatch"
"776","66d6eca37ee58663933041c9","control_Similar","22","SimilarControl","use","employ","use-employ","",""
"777","66d6eca37ee58663933041c9","control_MaxMismatch","17","MaxMismatch","enlighten","glisten","enlighten-glisten","VerbMismatch","PositiveMismatch"
"778","66d6eca37ee58663933041c9","test_ConceptualMatch_Verb","13","ConceptualMatchingOnly","cherish","breathe","cherish-breathe","ConceptualMatch:verb","PositiveMismatch"
"779","66d6eca37ee58663933041c9","control_MaxMatch_Positive_Verb","18","MaxMatch","cherish","enlighten","cherish-enlighten","VerbMatch","PositiveMatch"
"780","66d6eca37ee58663933041c9","test_ValenceMatch_Negative","85","ValenceMatchingOnly","stab","hatred","stab-hatred","VerbMismatch","NegativeMatch"
"781","66f1d91023fba71b019911a3","control_Similar","0","SimilarControl","buy","purchase","buy-purchase","",""
"782","66f1d91023fba71b019911a3","control_Dissimilar","99","DissimilarControl","increase","decrease","increase-decrease","",""
"783","66f1d91023fba71b019911a3","test_ConceptualMatch_Noun","0","ConceptualMatchingOnly","gratitude","chocolate","gratitude-chocolate","ConceptualMatch:noun","PositiveMismatch"
"784","66f1d91023fba71b019911a3","control_MaxMatch_Negative_Verb","52","MaxMatch","befall","obsess","befall-obsess","VerbMatch","NegativeMatch"
"785","66f1d91023fba71b019911a3","test_ValenceMatch_Positive","0","ValenceMatchingOnly","compassion","imagine","compassion-imagine","NounMismatch","PositiveMatch"
"786","66f1d91023fba71b019911a3","control_MaxMatch_Positive_Verb","2","MaxMatch","enlighten","imagine","enlighten-imagine","VerbMatch","PositiveMatch"
"787","66f1d91023fba71b019911a3","control_Similar","99","SimilarControl","begin","start","begin-start","",""
"788","66f1d91023fba71b019911a3","control_MaxMatch_Negative_Noun","0","MaxMatch","corpse","slave","corpse-slave","NounMatch","NegativeMatch"
"789","66f1d91023fba71b019911a3","control_Dissimilar","0","DissimilarControl","give","take","give-take","",""
"790","66f1d91023fba71b019911a3","test_ValenceMatch_Negative","0","ValenceMatchingOnly","fester","terror","fester-terror","VerbMismatch","NegativeMatch"
"791","66f1d91023fba71b019911a3","control_MaxMatch_Positive_Noun","99","MaxMatch","compassion","kindness","compassion-kindness","NounMatch","PositiveMatch"
"792","66f1d91023fba71b019911a3","control_MaxMismatch","0","MaxMismatch","imagine","glide","imagine-glide","VerbMismatch","PositiveMismatch"
"793","66f1d91023fba71b019911a3","test_ConceptualMatch_Verb","0","ConceptualMatchingOnly","imagine","glisten","imagine-glisten","ConceptualMatch:verb","PositiveMismatch"
"794","66f1d91023fba71b019911a3","control_Similar","99","SimilarControl","help","assist","help-assist","",""
"795","66f1d91023fba71b019911a3","control_Dissimilar","0","DissimilarControl","arrive","leave","arrive-leave","",""
"796","66f1d91023fba71b019911a3","test_ConceptualMatch_Noun","0","ConceptualMatchingOnly","inspiration","beach","inspiration-beach","ConceptualMatch:noun","PositiveMismatch"
"797","66f1d91023fba71b019911a3","control_MaxMatch_Negative_Verb","0","MaxMatch","fester","criticize","fester-criticize","VerbMatch","NegativeMatch"
"798","66f1d91023fba71b019911a3","test_ValenceMatch_Positive","2","ValenceMatchingOnly","inspiration","cherish","inspiration-cherish","NounMismatch","PositiveMatch"
"799","66f1d91023fba71b019911a3","control_MaxMatch_Positive_Verb","0","MaxMatch","admire","enlighten","admire-enlighten","VerbMatch","PositiveMatch"
"800","66f1d91023fba71b019911a3","control_Similar","99","SimilarControl","ask","inquire","ask-inquire","",""
"801","66f1d91023fba71b019911a3","control_MaxMatch_Negative_Noun","0","MaxMatch","slave","failure","slave-failure","NounMatch","NegativeMatch"
"802","66f1d91023fba71b019911a3","control_Dissimilar","0","DissimilarControl","add","remove","add-remove","",""
"803","66f1d91023fba71b019911a3","test_ValenceMatch_Negative","0","ValenceMatchingOnly","choke","failure","choke-failure","VerbMismatch","NegativeMatch"
"804","66f1d91023fba71b019911a3","control_MaxMatch_Positive_Noun","0","MaxMatch","freedom","gratitude","freedom-gratitude","NounMatch","PositiveMatch"
"805","66f1d91023fba71b019911a3","control_MaxMismatch","0","MaxMismatch","admire","glide","admire-glide","VerbMismatch","PositiveMismatch"
"806","66f1d91023fba71b019911a3","test_ConceptualMatch_Verb","0","ConceptualMatchingOnly","admire","glisten","admire-glisten","ConceptualMatch:verb","PositiveMismatch"
"807","66f1d91023fba71b019911a3","control_Similar","99","SimilarControl","show","display","show-display","",""
"808","66f1d91023fba71b019911a3","control_Dissimilar","0","DissimilarControl","enter","exit","enter-exit","",""
"809","66f1d91023fba71b019911a3","test_ConceptualMatch_Noun","0","ConceptualMatchingOnly","inspiration","fireplace","inspiration-fireplace","ConceptualMatch:noun","PositiveMismatch"
"810","66f1d91023fba71b019911a3","control_MaxMatch_Negative_Verb","0","MaxMatch","fester","bleed","fester-bleed","VerbMatch","NegativeMatch"
"811","66f1d91023fba71b019911a3","test_ValenceMatch_Positive","0","ValenceMatchingOnly","freedom","admire","freedom-admire","NounMismatch","PositiveMatch"
"812","66f1d91023fba71b019911a3","control_MaxMatch_Positive_Verb","0","MaxMatch","admire","imagine","admire-imagine","VerbMatch","PositiveMatch"
"813","66f1d91023fba71b019911a3","control_Similar","0","SimilarControl","use","employ","use-employ","",""
"814","66f1d91023fba71b019911a3","control_MaxMatch_Negative_Noun","0","MaxMatch","corpse","terror","corpse-terror","NounMatch","NegativeMatch"
"815","66f1d91023fba71b019911a3","control_Dissimilar","0","DissimilarControl","rise","fall","rise-fall","",""
"816","66f1d91023fba71b019911a3","test_ValenceMatch_Negative","0","ValenceMatchingOnly","bleed","hatred","bleed-hatred","VerbMismatch","NegativeMatch"
"817","66f1d91023fba71b019911a3","control_MaxMatch_Positive_Noun","0","MaxMatch","compassion","freedom","compassion-freedom","NounMatch","PositiveMatch"
"818","66f1d91023fba71b019911a3","control_MaxMismatch","0","MaxMismatch","enlighten","home","enlighten-home","VerbMismatch","PositiveMismatch"
"819","66f1d91023fba71b019911a3","test_ConceptualMatch_Verb","0","ConceptualMatchingOnly","cherish","running","cherish-running","ConceptualMatch:verb","PositiveMismatch"
"820","66f1d91023fba71b019911a3","control_Similar","99","SimilarControl","get","obtain","get-obtain","",""
"821","66f1d91023fba71b019911a3","control_Dissimilar","0","DissimilarControl","open","close","open-close","",""
"822","66f1d91023fba71b019911a3","test_ConceptualMatch_Noun","0","ConceptualMatchingOnly","gratitude","home","gratitude-home","ConceptualMatch:noun","PositiveMismatch"
"823","66f1d91023fba71b019911a3","control_MaxMatch_Negative_Verb","0","MaxMatch","choke","resent","choke-resent","VerbMatch","NegativeMatch"
"824","66f1d91023fba71b019911a3","test_ValenceMatch_Positive","0","ValenceMatchingOnly","freedom","fulfill","freedom-fulfill","NounMismatch","PositiveMatch"
"825","66f1d91023fba71b019911a3","control_MaxMatch_Positive_Verb","0","MaxMatch","cherish","enlighten","cherish-enlighten","VerbMatch","PositiveMatch"
"826","66f1d91023fba71b019911a3","control_Similar","99","SimilarControl","need","require","need-require","",""
"827","66f1d91023fba71b019911a3","control_MaxMatch_Negative_Noun","0","MaxMatch","terror","anxiety","terror-anxiety","NounMatch","NegativeMatch"
"828","66f1d91023fba71b019911a3","control_Dissimilar","0","DissimilarControl","come","go","come-go","",""
"829","66f1d91023fba71b019911a3","test_ValenceMatch_Negative","0","ValenceMatchingOnly","bleed","terror","bleed-terror","VerbMismatch","NegativeMatch"
"830","66f1d91023fba71b019911a3","control_MaxMatch_Positive_Noun","0","MaxMatch","freedom","inspiration","freedom-inspiration","NounMatch","PositiveMatch"
"831","66f1d91023fba71b019911a3","control_MaxMismatch","0","MaxMismatch","imagine","home","imagine-home","VerbMismatch","PositiveMismatch"
"832","66f1d91023fba71b019911a3","test_ConceptualMatch_Verb","0","ConceptualMatchingOnly","admire","eat","admire-eat","ConceptualMatch:verb","PositiveMismatch"
"833","66f1d91023fba71b019911a3","control_Similar","99","SimilarControl","speak","talk","speak-talk","",""
"834","66f1d91023fba71b019911a3","control_Dissimilar","0","DissimilarControl","push","pull","push-pull","",""
"835","66f1d91023fba71b019911a3","test_ConceptualMatch_Noun","0","ConceptualMatchingOnly","compassion","flowers","compassion-flowers","ConceptualMatch:noun","PositiveMismatch"
"836","66f1d91023fba71b019911a3","control_MaxMatch_Negative_Verb","0","MaxMatch","criticize","resent","criticize-resent","VerbMatch","NegativeMatch"
"837","66f1d91023fba71b019911a3","test_ValenceMatch_Positive","0","ValenceMatchingOnly","inspiration","imagine","inspiration-imagine","NounMismatch","PositiveMatch"
"838","66f1d91023fba71b019911a3","control_MaxMatch_Positive_Verb","0","MaxMatch","enlighten","fulfill","enlighten-fulfill","VerbMatch","PositiveMatch"
"839","66f1d91023fba71b019911a3","control_Similar","99","SimilarControl","end","finish","end-finish","",""
"840","66f1d91023fba71b019911a3","control_MaxMatch_Negative_Noun","0","MaxMatch","toxin","corpse","toxin-corpse","NounMatch","NegativeMatch"
"841","66f1d91023fba71b019911a3","control_Dissimilar","0","DissimilarControl","begin","end","begin-end","",""
"842","66f1d91023fba71b019911a3","test_ValenceMatch_Negative","0","ValenceMatchingOnly","writhe","failure","writhe-failure","VerbMismatch","NegativeMatch"
"843","66f1d91023fba71b019911a3","control_MaxMatch_Positive_Noun","0","MaxMatch","gratitude","inspiration","gratitude-inspiration","NounMatch","PositiveMatch"
"844","66f1d91023fba71b019911a3","control_MaxMismatch","0","MaxMismatch","cherish","beach","cherish-beach","VerbMismatch","PositiveMismatch"
"845","66f1d91023fba71b019911a3","test_ConceptualMatch_Verb","0","ConceptualMatchingOnly","cherish","breathe","cherish-breathe","ConceptualMatch:verb","PositiveMismatch"
"846","662939026740389d07b16f23","control_Dissimilar","0","DissimilarControl","come","go","come-go","",""
"847","662939026740389d07b16f23","control_Similar","93","SimilarControl","show","display","show-display","",""
"848","662939026740389d07b16f23","control_Dissimilar","0","DissimilarControl","enter","exit","enter-exit","",""
"849","662939026740389d07b16f23","control_MaxMatch_Positive_Verb","74","MaxMatch","cherish","enlighten","cherish-enlighten","VerbMatch","PositiveMatch"
"850","662939026740389d07b16f23","control_MaxMatch_Positive_Noun","89","MaxMatch","gratitude","kindness","gratitude-kindness","NounMatch","PositiveMatch"
"851","662939026740389d07b16f23","test_ValenceMatch_Positive","63","ValenceMatchingOnly","kindness","cherish","kindness-cherish","NounMismatch","PositiveMatch"
"852","662939026740389d07b16f23","control_MaxMismatch","26","MaxMismatch","fulfill","home","fulfill-home","VerbMismatch","PositiveMismatch"
"853","662939026740389d07b16f23","control_MaxMatch_Negative_Verb","19","MaxMatch","choke","bleed","choke-bleed","VerbMatch","NegativeMatch"
"854","662939026740389d07b16f23","control_MaxMatch_Negative_Noun","6","MaxMatch","garbage","slave","garbage-slave","NounMatch","NegativeMatch"
"855","662939026740389d07b16f23","test_ValenceMatch_Negative","14","ValenceMatchingOnly","bleed","grief","bleed-grief","VerbMismatch","NegativeMatch"
"856","662939026740389d07b16f23","test_ConceptualMatch_Noun","6","ConceptualMatchingOnly","kindness","home","kindness-home","ConceptualMatch:noun","PositiveMismatch"
"857","662939026740389d07b16f23","control_Similar","66","SimilarControl","need","require","need-require","",""
"858","662939026740389d07b16f23","test_ConceptualMatch_Verb","14","ConceptualMatchingOnly","admire","glisten","admire-glisten","ConceptualMatch:verb","PositiveMismatch"
"859","662939026740389d07b16f23","control_Dissimilar","0","DissimilarControl","open","close","open-close","",""
"860","662939026740389d07b16f23","control_Similar","87","SimilarControl","ask","inquire","ask-inquire","",""
"861","662939026740389d07b16f23","control_Dissimilar","1","DissimilarControl","give","take","give-take","",""
"862","662939026740389d07b16f23","control_MaxMatch_Positive_Verb","4","MaxMatch","admire","imagine","admire-imagine","VerbMatch","PositiveMatch"
"863","662939026740389d07b16f23","control_MaxMatch_Positive_Noun","52","MaxMatch","inspiration","kindness","inspiration-kindness","NounMatch","PositiveMatch"
"864","662939026740389d07b16f23","test_ValenceMatch_Positive","52","ValenceMatchingOnly","kindness","admire","kindness-admire","NounMismatch","PositiveMatch"
"865","662939026740389d07b16f23","control_MaxMismatch","18","MaxMismatch","fulfill","glisten","fulfill-glisten","VerbMismatch","PositiveMismatch"
"866","662939026740389d07b16f23","control_MaxMatch_Negative_Verb","7","MaxMatch","fester","criticize","fester-criticize","VerbMatch","NegativeMatch"
"867","662939026740389d07b16f23","control_MaxMatch_Negative_Noun","37","MaxMatch","toxin","anxiety","toxin-anxiety","NounMatch","NegativeMatch"
"868","662939026740389d07b16f23","test_ValenceMatch_Negative","39","ValenceMatchingOnly","writhe","anxiety","writhe-anxiety","VerbMismatch","NegativeMatch"
"869","662939026740389d07b16f23","test_ConceptualMatch_Noun","38","ConceptualMatchingOnly","inspiration","home","inspiration-home","ConceptualMatch:noun","PositiveMismatch"
"870","662939026740389d07b16f23","control_Similar","91","SimilarControl","get","obtain","get-obtain","",""
"871","662939026740389d07b16f23","test_ConceptualMatch_Verb","15","ConceptualMatchingOnly","fulfill","glide","fulfill-glide","ConceptualMatch:verb","PositiveMismatch"
"872","662939026740389d07b16f23","control_Dissimilar","0","DissimilarControl","rise","fall","rise-fall","",""
"873","662939026740389d07b16f23","control_Similar","94","SimilarControl","help","assist","help-assist","",""
"874","662939026740389d07b16f23","control_Dissimilar","0","DissimilarControl","begin","end","begin-end","",""
"875","662939026740389d07b16f23","control_MaxMatch_Positive_Verb","59","MaxMatch","admire","cherish","admire-cherish","VerbMatch","PositiveMatch"
"876","662939026740389d07b16f23","control_MaxMatch_Positive_Noun","71","MaxMatch","compassion","kindness","compassion-kindness","NounMatch","PositiveMatch"
"877","662939026740389d07b16f23","test_ValenceMatch_Positive","53","ValenceMatchingOnly","freedom","enlighten","freedom-enlighten","NounMismatch","PositiveMatch"
"878","662939026740389d07b16f23","control_MaxMismatch","0","MaxMismatch","cherish","eat","cherish-eat","VerbMismatch","PositiveMismatch"
"879","662939026740389d07b16f23","control_MaxMatch_Negative_Verb","0","MaxMatch","bleed","criticize","bleed-criticize","VerbMatch","NegativeMatch"
"880","662939026740389d07b16f23","control_MaxMatch_Negative_Noun","3","MaxMatch","toxin","terror","toxin-terror","NounMatch","NegativeMatch"
"881","662939026740389d07b16f23","test_ValenceMatch_Negative","8","ValenceMatchingOnly","fester","hatred","fester-hatred","VerbMismatch","NegativeMatch"
"882","662939026740389d07b16f23","test_ConceptualMatch_Noun","2","ConceptualMatchingOnly","inspiration","beach","inspiration-beach","ConceptualMatch:noun","PositiveMismatch"
"883","662939026740389d07b16f23","control_Similar","99","SimilarControl","speak","talk","speak-talk","",""
"884","662939026740389d07b16f23","test_ConceptualMatch_Verb","11","ConceptualMatchingOnly","cherish","glisten","cherish-glisten","ConceptualMatch:verb","PositiveMismatch"
"885","662939026740389d07b16f23","control_Dissimilar","0","DissimilarControl","arrive","leave","arrive-leave","",""
"886","662939026740389d07b16f23","control_Similar","99","SimilarControl","end","finish","end-finish","",""
"887","662939026740389d07b16f23","control_Dissimilar","1","DissimilarControl","add","remove","add-remove","",""
"888","662939026740389d07b16f23","control_MaxMatch_Positive_Verb","70","MaxMatch","enlighten","fulfill","enlighten-fulfill","VerbMatch","PositiveMatch"
"889","662939026740389d07b16f23","control_MaxMatch_Positive_Noun","31","MaxMatch","compassion","inspiration","compassion-inspiration","NounMatch","PositiveMatch"
"890","662939026740389d07b16f23","test_ValenceMatch_Positive","33","ValenceMatchingOnly","freedom","fulfill","freedom-fulfill","NounMismatch","PositiveMatch"
"891","662939026740389d07b16f23","control_MaxMismatch","25","MaxMismatch","imagine","glide","imagine-glide","VerbMismatch","PositiveMismatch"
"892","662939026740389d07b16f23","control_MaxMatch_Negative_Verb","26","MaxMatch","choke","fester","choke-fester","VerbMatch","NegativeMatch"
"893","662939026740389d07b16f23","control_MaxMatch_Negative_Noun","19","MaxMatch","slave","anxiety","slave-anxiety","NounMatch","NegativeMatch"
"894","662939026740389d07b16f23","test_ValenceMatch_Negative","8","ValenceMatchingOnly","bleed","hatred","bleed-hatred","VerbMismatch","NegativeMatch"
"895","662939026740389d07b16f23","test_ConceptualMatch_Noun","8","ConceptualMatchingOnly","compassion","home","compassion-home","ConceptualMatch:noun","PositiveMismatch"
"896","662939026740389d07b16f23","control_Similar","33","SimilarControl","use","employ","use-employ","",""
"897","662939026740389d07b16f23","test_ConceptualMatch_Verb","11","ConceptualMatchingOnly","cherish","running","cherish-running","ConceptualMatch:verb","PositiveMismatch"
"898","662939026740389d07b16f23","control_Dissimilar","0","DissimilarControl","push","pull","push-pull","",""
"899","662939026740389d07b16f23","control_Similar","67","SimilarControl","begin","start","begin-start","",""
"900","662939026740389d07b16f23","control_Dissimilar","0","DissimilarControl","increase","decrease","increase-decrease","",""
"901","662939026740389d07b16f23","control_MaxMatch_Positive_Verb","13","MaxMatch","fulfill","imagine","fulfill-imagine","VerbMatch","PositiveMatch"
"902","662939026740389d07b16f23","control_MaxMatch_Positive_Noun","16","MaxMatch","compassion","gratitude","compassion-gratitude","NounMatch","PositiveMatch"
"903","662939026740389d07b16f23","test_ValenceMatch_Positive","10","ValenceMatchingOnly","kindness","imagine","kindness-imagine","NounMismatch","PositiveMatch"
"904","662939026740389d07b16f23","control_MaxMismatch","5","MaxMismatch","admire","flowers","admire-flowers","VerbMismatch","PositiveMismatch"
"905","662939026740389d07b16f23","control_MaxMatch_Negative_Verb","8","MaxMatch","stab","resent","stab-resent","VerbMatch","NegativeMatch"
"906","662939026740389d07b16f23","control_MaxMatch_Negative_Noun","6","MaxMatch","garbage","anxiety","garbage-anxiety","NounMatch","NegativeMatch"
"907","662939026740389d07b16f23","test_ValenceMatch_Negative","0","ValenceMatchingOnly","stab","failure","stab-failure","VerbMismatch","NegativeMatch"
"908","662939026740389d07b16f23","test_ConceptualMatch_Noun","3","ConceptualMatchingOnly","gratitude","home","gratitude-home","ConceptualMatch:noun","PositiveMismatch"
"909","662939026740389d07b16f23","control_Similar","71","SimilarControl","buy","purchase","buy-purchase","",""
"910","662939026740389d07b16f23","test_ConceptualMatch_Verb","4","ConceptualMatchingOnly","enlighten","eat","enlighten-eat","ConceptualMatch:verb","PositiveMismatch"
"911","67757553ccb7cd2a4385b679","control_Dissimilar","0","DissimilarControl","enter","exit","enter-exit","",""
"912","67757553ccb7cd2a4385b679","control_Similar","0","SimilarControl","need","require","need-require","",""
"913","67757553ccb7cd2a4385b679","control_MaxMismatch","39","MaxMismatch","admire","glide","admire-glide","VerbMismatch","PositiveMismatch"
"914","67757553ccb7cd2a4385b679","control_MaxMatch_Negative_Noun","28","MaxMatch","corpse","failure","corpse-failure","NounMatch","NegativeMatch"
"915","67757553ccb7cd2a4385b679","test_ValenceMatch_Negative","68","ValenceMatchingOnly","writhe","terror","writhe-terror","VerbMismatch","NegativeMatch"
"916","67757553ccb7cd2a4385b679","test_ConceptualMatch_Noun","6","ConceptualMatchingOnly","gratitude","fireplace","gratitude-fireplace","ConceptualMatch:noun","PositiveMismatch"
"917","67757553ccb7cd2a4385b679","control_Dissimilar","0","DissimilarControl","add","remove","add-remove","",""
"918","67757553ccb7cd2a4385b679","control_MaxMatch_Negative_Verb","86","MaxMatch","fester","resent","fester-resent","VerbMatch","NegativeMatch"
"919","67757553ccb7cd2a4385b679","control_MaxMatch_Positive_Verb","62","MaxMatch","fulfill","imagine","fulfill-imagine","VerbMatch","PositiveMatch"
"920","67757553ccb7cd2a4385b679","control_Similar","99","SimilarControl","help","assist","help-assist","",""
"921","67757553ccb7cd2a4385b679","control_MaxMatch_Positive_Noun","99","MaxMatch","compassion","kindness","compassion-kindness","NounMatch","PositiveMatch"
"922","67757553ccb7cd2a4385b679","test_ValenceMatch_Positive","69","ValenceMatchingOnly","gratitude","imagine","gratitude-imagine","NounMismatch","PositiveMatch"
"923","67757553ccb7cd2a4385b679","test_ConceptualMatch_Verb","55","ConceptualMatchingOnly","imagine","eat","imagine-eat","ConceptualMatch:verb","PositiveMismatch"
"924","67757553ccb7cd2a4385b679","control_Dissimilar","0","DissimilarControl","arrive","leave","arrive-leave","",""
"925","67757553ccb7cd2a4385b679","control_Similar","99","SimilarControl","end","finish","end-finish","",""
"926","67757553ccb7cd2a4385b679","control_MaxMismatch","56","MaxMismatch","imagine","home","imagine-home","VerbMismatch","PositiveMismatch"
"927","67757553ccb7cd2a4385b679","control_MaxMatch_Negative_Noun","17","MaxMatch","terror","hatred","terror-hatred","NounMatch","NegativeMatch"
"928","67757553ccb7cd2a4385b679","test_ValenceMatch_Negative","61","ValenceMatchingOnly","bleed","hatred","bleed-hatred","VerbMismatch","NegativeMatch"
"929","67757553ccb7cd2a4385b679","test_ConceptualMatch_Noun","46","ConceptualMatchingOnly","inspiration","chocolate","inspiration-chocolate","ConceptualMatch:noun","PositiveMismatch"
"930","67757553ccb7cd2a4385b679","control_Dissimilar","2","DissimilarControl","rise","fall","rise-fall","",""
"931","67757553ccb7cd2a4385b679","control_MaxMatch_Negative_Verb","76","MaxMatch","criticize","exploit","criticize-exploit","VerbMatch","NegativeMatch"
"932","67757553ccb7cd2a4385b679","control_MaxMatch_Positive_Verb","81","MaxMatch","cherish","enlighten","cherish-enlighten","VerbMatch","PositiveMatch"
"933","67757553ccb7cd2a4385b679","control_Similar","99","SimilarControl","begin","start","begin-start","",""
"934","67757553ccb7cd2a4385b679","control_MaxMatch_Positive_Noun","93","MaxMatch","compassion","gratitude","compassion-gratitude","NounMatch","PositiveMatch"
"935","67757553ccb7cd2a4385b679","test_ValenceMatch_Positive","82","ValenceMatchingOnly","gratitude","cherish","gratitude-cherish","NounMismatch","PositiveMatch"
"936","67757553ccb7cd2a4385b679","test_ConceptualMatch_Verb","77","ConceptualMatchingOnly","imagine","breathe","imagine-breathe","ConceptualMatch:verb","PositiveMismatch"
"937","67757553ccb7cd2a4385b679","control_Dissimilar","0","DissimilarControl","increase","decrease","increase-decrease","",""
"938","67757553ccb7cd2a4385b679","control_Similar","99","SimilarControl","speak","talk","speak-talk","",""
"939","67757553ccb7cd2a4385b679","control_MaxMismatch","63","MaxMismatch","cherish","beach","cherish-beach","VerbMismatch","PositiveMismatch"
"940","67757553ccb7cd2a4385b679","control_MaxMatch_Negative_Noun","62","MaxMatch","mud","terror","mud-terror","NounMatch","NegativeMatch"
"941","67757553ccb7cd2a4385b679","test_ValenceMatch_Negative","71","ValenceMatchingOnly","fester","failure","fester-failure","VerbMismatch","NegativeMatch"
"942","67757553ccb7cd2a4385b679","test_ConceptualMatch_Noun","77","ConceptualMatchingOnly","gratitude","flowers","gratitude-flowers","ConceptualMatch:noun","PositiveMismatch"
"943","67757553ccb7cd2a4385b679","control_Dissimilar","0","DissimilarControl","open","close","open-close","",""
"944","67757553ccb7cd2a4385b679","control_MaxMatch_Negative_Verb","99","MaxMatch","choke","stab","choke-stab","VerbMatch","NegativeMatch"
"945","67757553ccb7cd2a4385b679","control_MaxMatch_Positive_Verb","71","MaxMatch","enlighten","imagine","enlighten-imagine","VerbMatch","PositiveMatch"
"946","67757553ccb7cd2a4385b679","control_Similar","99","SimilarControl","get","obtain","get-obtain","",""
"947","67757553ccb7cd2a4385b679","control_MaxMatch_Positive_Noun","97","MaxMatch","gratitude","kindness","gratitude-kindness","NounMatch","PositiveMatch"
"948","67757553ccb7cd2a4385b679","test_ValenceMatch_Positive","74","ValenceMatchingOnly","freedom","imagine","freedom-imagine","NounMismatch","PositiveMatch"
"949","67757553ccb7cd2a4385b679","test_ConceptualMatch_Verb","61","ConceptualMatchingOnly","cherish","glide","cherish-glide","ConceptualMatch:verb","PositiveMismatch"
"950","67757553ccb7cd2a4385b679","control_Dissimilar","0","DissimilarControl","come","go","come-go","",""
"951","67757553ccb7cd2a4385b679","control_Similar","99","SimilarControl","show","display","show-display","",""
"952","67757553ccb7cd2a4385b679","control_MaxMismatch","60","MaxMismatch","imagine","running","imagine-running","VerbMismatch","PositiveMismatch"
"953","67757553ccb7cd2a4385b679","control_MaxMatch_Negative_Noun","77","MaxMatch","hatred","failure","hatred-failure","NounMatch","NegativeMatch"
"954","67757553ccb7cd2a4385b679","test_ValenceMatch_Negative","64","ValenceMatchingOnly","stab","anxiety","stab-anxiety","VerbMismatch","NegativeMatch"
"955","67757553ccb7cd2a4385b679","test_ConceptualMatch_Noun","60","ConceptualMatchingOnly","inspiration","beach","inspiration-beach","ConceptualMatch:noun","PositiveMismatch"
"956","67757553ccb7cd2a4385b679","control_Dissimilar","0","DissimilarControl","push","pull","push-pull","",""
"957","67757553ccb7cd2a4385b679","control_MaxMatch_Negative_Verb","60","MaxMatch","choke","obsess","choke-obsess","VerbMatch","NegativeMatch"
"958","67757553ccb7cd2a4385b679","control_MaxMatch_Positive_Verb","92","MaxMatch","cherish","fulfill","cherish-fulfill","VerbMatch","PositiveMatch"
"959","67757553ccb7cd2a4385b679","control_Similar","99","SimilarControl","use","employ","use-employ","",""
"960","67757553ccb7cd2a4385b679","control_MaxMatch_Positive_Noun","92","MaxMatch","compassion","inspiration","compassion-inspiration","NounMatch","PositiveMatch"
"961","67757553ccb7cd2a4385b679","test_ValenceMatch_Positive","67","ValenceMatchingOnly","kindness","imagine","kindness-imagine","NounMismatch","PositiveMatch"
"962","67757553ccb7cd2a4385b679","test_ConceptualMatch_Verb","79","ConceptualMatchingOnly","admire","glide","admire-glide","ConceptualMatch:verb","PositiveMismatch"
"963","67757553ccb7cd2a4385b679","control_Dissimilar","0","DissimilarControl","begin","end","begin-end","",""
"964","67757553ccb7cd2a4385b679","control_Similar","99","SimilarControl","ask","inquire","ask-inquire","",""
"965","67757553ccb7cd2a4385b679","control_MaxMismatch","54","MaxMismatch","cherish","chocolate","cherish-chocolate","VerbMismatch","PositiveMismatch"
"966","67757553ccb7cd2a4385b679","control_MaxMatch_Negative_Noun","64","MaxMatch","slave","failure","slave-failure","NounMatch","NegativeMatch"
"967","67757553ccb7cd2a4385b679","test_ValenceMatch_Negative","86","ValenceMatchingOnly","writhe","anxiety","writhe-anxiety","VerbMismatch","NegativeMatch"
"968","67757553ccb7cd2a4385b679","test_ConceptualMatch_Noun","90","ConceptualMatchingOnly","inspiration","home","inspiration-home","ConceptualMatch:noun","PositiveMismatch"
"969","67757553ccb7cd2a4385b679","control_Dissimilar","0","DissimilarControl","give","take","give-take","",""
"970","67757553ccb7cd2a4385b679","control_MaxMatch_Negative_Verb","64","MaxMatch","exploit","resent","exploit-resent","VerbMatch","NegativeMatch"
"971","67757553ccb7cd2a4385b679","control_MaxMatch_Positive_Verb","98","MaxMatch","admire","cherish","admire-cherish","VerbMatch","PositiveMatch"
"972","67757553ccb7cd2a4385b679","control_Similar","99","SimilarControl","buy","purchase","buy-purchase","",""
"973","67757553ccb7cd2a4385b679","control_MaxMatch_Positive_Noun","77","MaxMatch","compassion","freedom","compassion-freedom","NounMatch","PositiveMatch"
"974","67757553ccb7cd2a4385b679","test_ValenceMatch_Positive","86","ValenceMatchingOnly","gratitude","admire","gratitude-admire","NounMismatch","PositiveMatch"
"975","67757553ccb7cd2a4385b679","test_ConceptualMatch_Verb","43","ConceptualMatchingOnly","imagine","running","imagine-running","ConceptualMatch:verb","PositiveMismatch"
"976","5f7a28b8bedcf2112ebd1289","control_Dissimilar","0","DissimilarControl","rise","fall","rise-fall","",""
"977","5f7a28b8bedcf2112ebd1289","control_Similar","99","SimilarControl","help","assist","help-assist","",""
"978","5f7a28b8bedcf2112ebd1289","control_Dissimilar","6","DissimilarControl","open","close","open-close","",""
"979","5f7a28b8bedcf2112ebd1289","test_ConceptualMatch_Noun","0","ConceptualMatchingOnly","inspiration","home","inspiration-home","ConceptualMatch:noun","PositiveMismatch"
"980","5f7a28b8bedcf2112ebd1289","control_Similar","68","SimilarControl","use","employ","use-employ","",""
"981","5f7a28b8bedcf2112ebd1289","control_MaxMatch_Negative_Noun","0","MaxMatch","hatred","failure","hatred-failure","NounMatch","NegativeMatch"
"982","5f7a28b8bedcf2112ebd1289","control_MaxMatch_Negative_Verb","0","MaxMatch","choke","resent","choke-resent","VerbMatch","NegativeMatch"
"983","5f7a28b8bedcf2112ebd1289","control_MaxMatch_Positive_Verb","0","MaxMatch","admire","imagine","admire-imagine","VerbMatch","PositiveMatch"
"984","5f7a28b8bedcf2112ebd1289","test_ConceptualMatch_Verb","0","ConceptualMatchingOnly","admire","breathe","admire-breathe","ConceptualMatch:verb","PositiveMismatch"
"985","5f7a28b8bedcf2112ebd1289","test_ValenceMatch_Negative","0","ValenceMatchingOnly","writhe","hatred","writhe-hatred","VerbMismatch","NegativeMatch"
"986","5f7a28b8bedcf2112ebd1289","test_ValenceMatch_Positive","0","ValenceMatchingOnly","freedom","admire","freedom-admire","NounMismatch","PositiveMatch"
"987","5f7a28b8bedcf2112ebd1289","control_MaxMatch_Positive_Noun","3","MaxMatch","freedom","inspiration","freedom-inspiration","NounMatch","PositiveMatch"
"988","5f7a28b8bedcf2112ebd1289","control_MaxMismatch","0","MaxMismatch","admire","eat","admire-eat","VerbMismatch","PositiveMismatch"
"989","5f7a28b8bedcf2112ebd1289","control_Dissimilar","3","DissimilarControl","begin","end","begin-end","",""
"990","5f7a28b8bedcf2112ebd1289","control_Similar","93","SimilarControl","need","require","need-require","",""
"991","5f7a28b8bedcf2112ebd1289","control_Dissimilar","5","DissimilarControl","increase","decrease","increase-decrease","",""
"992","5f7a28b8bedcf2112ebd1289","test_ConceptualMatch_Noun","0","ConceptualMatchingOnly","gratitude","flowers","gratitude-flowers","ConceptualMatch:noun","PositiveMismatch"
"993","5f7a28b8bedcf2112ebd1289","control_Similar","99","SimilarControl","end","finish","end-finish","",""
"994","5f7a28b8bedcf2112ebd1289","control_MaxMatch_Negative_Noun","12","MaxMatch","failure","grief","failure-grief","NounMatch","NegativeMatch"
"995","5f7a28b8bedcf2112ebd1289","control_MaxMatch_Negative_Verb","7","MaxMatch","stab","befall","stab-befall","VerbMatch","NegativeMatch"
"996","5f7a28b8bedcf2112ebd1289","control_MaxMatch_Positive_Verb","25","MaxMatch","admire","enlighten","admire-enlighten","VerbMatch","PositiveMatch"
"997","5f7a28b8bedcf2112ebd1289","test_ConceptualMatch_Verb","0","ConceptualMatchingOnly","enlighten","breathe","enlighten-breathe","ConceptualMatch:verb","PositiveMismatch"
"998","5f7a28b8bedcf2112ebd1289","test_ValenceMatch_Negative","0","ValenceMatchingOnly","fester","hatred","fester-hatred","VerbMismatch","NegativeMatch"
"999","5f7a28b8bedcf2112ebd1289","test_ValenceMatch_Positive","0","ValenceMatchingOnly","compassion","imagine","compassion-imagine","NounMismatch","PositiveMatch"
"1000","5f7a28b8bedcf2112ebd1289","control_MaxMatch_Positive_Noun","0","MaxMatch","compassion","freedom","compassion-freedom","NounMatch","PositiveMatch"
"1001","5f7a28b8bedcf2112ebd1289","control_MaxMismatch","0","MaxMismatch","imagine","chocolate","imagine-chocolate","VerbMismatch","PositiveMismatch"
"1002","5f7a28b8bedcf2112ebd1289","control_Dissimilar","10","DissimilarControl","arrive","leave","arrive-leave","",""
"1003","5f7a28b8bedcf2112ebd1289","control_Similar","99","SimilarControl","begin","start","begin-start","",""
"1004","5f7a28b8bedcf2112ebd1289","control_Dissimilar","9","DissimilarControl","push","pull","push-pull","",""
"1005","5f7a28b8bedcf2112ebd1289","test_ConceptualMatch_Noun","0","ConceptualMatchingOnly","freedom","flowers","freedom-flowers","ConceptualMatch:noun","PositiveMismatch"
"1006","5f7a28b8bedcf2112ebd1289","control_Similar","99","SimilarControl","speak","talk","speak-talk","",""
"1007","5f7a28b8bedcf2112ebd1289","control_MaxMatch_Negative_Noun","0","MaxMatch","slave","hatred","slave-hatred","NounMatch","NegativeMatch"
"1008","5f7a28b8bedcf2112ebd1289","control_MaxMatch_Negative_Verb","0","MaxMatch","bleed","exploit","bleed-exploit","VerbMatch","NegativeMatch"
"1009","5f7a28b8bedcf2112ebd1289","control_MaxMatch_Positive_Verb","0","MaxMatch","admire","fulfill","admire-fulfill","VerbMatch","PositiveMatch"
"1010","5f7a28b8bedcf2112ebd1289","test_ConceptualMatch_Verb","0","ConceptualMatchingOnly","fulfill","running","fulfill-running","ConceptualMatch:verb","PositiveMismatch"
"1011","5f7a28b8bedcf2112ebd1289","test_ValenceMatch_Negative","0","ValenceMatchingOnly","choke","grief","choke-grief","VerbMismatch","NegativeMatch"
"1012","5f7a28b8bedcf2112ebd1289","test_ValenceMatch_Positive","10","ValenceMatchingOnly","kindness","enlighten","kindness-enlighten","NounMismatch","PositiveMatch"
"1013","5f7a28b8bedcf2112ebd1289","control_MaxMatch_Positive_Noun","77","MaxMatch","compassion","kindness","compassion-kindness","NounMatch","PositiveMatch"
"1014","5f7a28b8bedcf2112ebd1289","control_MaxMismatch","0","MaxMismatch","admire","glide","admire-glide","VerbMismatch","PositiveMismatch"
"1015","5f7a28b8bedcf2112ebd1289","control_Dissimilar","6","DissimilarControl","add","remove","add-remove","",""
"1016","5f7a28b8bedcf2112ebd1289","control_Similar","88","SimilarControl","get","obtain","get-obtain","",""
"1017","5f7a28b8bedcf2112ebd1289","control_Dissimilar","5","DissimilarControl","come","go","come-go","",""
"1018","5f7a28b8bedcf2112ebd1289","test_ConceptualMatch_Noun","0","ConceptualMatchingOnly","compassion","flowers","compassion-flowers","ConceptualMatch:noun","PositiveMismatch"
"1019","5f7a28b8bedcf2112ebd1289","control_Similar","93","SimilarControl","ask","inquire","ask-inquire","",""
"1020","5f7a28b8bedcf2112ebd1289","control_MaxMatch_Negative_Noun","0","MaxMatch","mud","grief","mud-grief","NounMatch","NegativeMatch"
"1021","5f7a28b8bedcf2112ebd1289","control_MaxMatch_Negative_Verb","0","MaxMatch","choke","fester","choke-fester","VerbMatch","NegativeMatch"
"1022","5f7a28b8bedcf2112ebd1289","control_MaxMatch_Positive_Verb","42","MaxMatch","admire","cherish","admire-cherish","VerbMatch","PositiveMatch"
"1023","5f7a28b8bedcf2112ebd1289","test_ConceptualMatch_Verb","0","ConceptualMatchingOnly","fulfill","breathe","fulfill-breathe","ConceptualMatch:verb","PositiveMismatch"
"1024","5f7a28b8bedcf2112ebd1289","test_ValenceMatch_Negative","0","ValenceMatchingOnly","stab","terror","stab-terror","VerbMismatch","NegativeMatch"
"1025","5f7a28b8bedcf2112ebd1289","test_ValenceMatch_Positive","5","ValenceMatchingOnly","freedom","imagine","freedom-imagine","NounMismatch","PositiveMatch"
"1026","5f7a28b8bedcf2112ebd1289","control_MaxMatch_Positive_Noun","0","MaxMatch","freedom","gratitude","freedom-gratitude","NounMatch","PositiveMatch"
"1027","5f7a28b8bedcf2112ebd1289","control_MaxMismatch","0","MaxMismatch","admire","flowers","admire-flowers","VerbMismatch","PositiveMismatch"
"1028","5f7a28b8bedcf2112ebd1289","control_Dissimilar","13","DissimilarControl","give","take","give-take","",""
"1029","5f7a28b8bedcf2112ebd1289","control_Similar","66","SimilarControl","show","display","show-display","",""
"1030","5f7a28b8bedcf2112ebd1289","control_Dissimilar","5","DissimilarControl","enter","exit","enter-exit","",""
"1031","5f7a28b8bedcf2112ebd1289","test_ConceptualMatch_Noun","0","ConceptualMatchingOnly","gratitude","home","gratitude-home","ConceptualMatch:noun","PositiveMismatch"
"1032","5f7a28b8bedcf2112ebd1289","control_Similar","99","SimilarControl","buy","purchase","buy-purchase","",""
"1033","5f7a28b8bedcf2112ebd1289","control_MaxMatch_Negative_Noun","0","MaxMatch","garbage","grief","garbage-grief","NounMatch","NegativeMatch"
"1034","5f7a28b8bedcf2112ebd1289","control_MaxMatch_Negative_Verb","0","MaxMatch","fester","exploit","fester-exploit","VerbMatch","NegativeMatch"
"1035","5f7a28b8bedcf2112ebd1289","control_MaxMatch_Positive_Verb","0","MaxMatch","fulfill","imagine","fulfill-imagine","VerbMatch","PositiveMatch"
"1036","5f7a28b8bedcf2112ebd1289","test_ConceptualMatch_Verb","0","ConceptualMatchingOnly","admire","glisten","admire-glisten","ConceptualMatch:verb","PositiveMismatch"
"1037","5f7a28b8bedcf2112ebd1289","test_ValenceMatch_Negative","0","ValenceMatchingOnly","choke","failure","choke-failure","VerbMismatch","NegativeMatch"
"1038","5f7a28b8bedcf2112ebd1289","test_ValenceMatch_Positive","5","ValenceMatchingOnly","compassion","enlighten","compassion-enlighten","NounMismatch","PositiveMatch"
"1039","5f7a28b8bedcf2112ebd1289","control_MaxMatch_Positive_Noun","43","MaxMatch","compassion","gratitude","compassion-gratitude","NounMatch","PositiveMatch"
"1040","5f7a28b8bedcf2112ebd1289","control_MaxMismatch","0","MaxMismatch","imagine","eat","imagine-eat","VerbMismatch","PositiveMismatch"
"1041","67f1cc26973bd7f41512c209","control_Similar","92","SimilarControl","get","obtain","get-obtain","",""
"1042","67f1cc26973bd7f41512c209","control_Dissimilar","4","DissimilarControl","push","pull","push-pull","",""
"1043","67f1cc26973bd7f41512c209","control_Similar","99","SimilarControl","buy","purchase","buy-purchase","",""
"1044","67f1cc26973bd7f41512c209","control_MaxMatch_Positive_Noun","68","MaxMatch","freedom","inspiration","freedom-inspiration","NounMatch","PositiveMatch"
"1045","67f1cc26973bd7f41512c209","test_ConceptualMatch_Verb","84","ConceptualMatchingOnly","fulfill","glisten","fulfill-glisten","ConceptualMatch:verb","PositiveMismatch"
"1046","67f1cc26973bd7f41512c209","control_Dissimilar","0","DissimilarControl","enter","exit","enter-exit","",""
"1047","67f1cc26973bd7f41512c209","test_ValenceMatch_Negative","62","ValenceMatchingOnly","choke","hatred","choke-hatred","VerbMismatch","NegativeMatch"
"1048","67f1cc26973bd7f41512c209","control_MaxMatch_Negative_Verb","34","MaxMatch","exploit","obsess","exploit-obsess","VerbMatch","NegativeMatch"
"1049","67f1cc26973bd7f41512c209","test_ValenceMatch_Positive","9","ValenceMatchingOnly","compassion","imagine","compassion-imagine","NounMismatch","PositiveMatch"
"1050","67f1cc26973bd7f41512c209","test_ConceptualMatch_Noun","9","ConceptualMatchingOnly","kindness","home","kindness-home","ConceptualMatch:noun","PositiveMismatch"
"1051","67f1cc26973bd7f41512c209","control_MaxMatch_Negative_Noun","3","MaxMatch","garbage","grief","garbage-grief","NounMatch","NegativeMatch"
"1052","67f1cc26973bd7f41512c209","control_MaxMismatch","0","MaxMismatch","admire","chocolate","admire-chocolate","VerbMismatch","PositiveMismatch"
"1053","67f1cc26973bd7f41512c209","control_MaxMatch_Positive_Verb","0","MaxMatch","enlighten","imagine","enlighten-imagine","VerbMatch","PositiveMatch"
"1054","67f1cc26973bd7f41512c209","control_Similar","99","SimilarControl","ask","inquire","ask-inquire","",""
"1055","67f1cc26973bd7f41512c209","control_Dissimilar","0","DissimilarControl","open","close","open-close","",""
"1056","67f1cc26973bd7f41512c209","control_Similar","93","SimilarControl","show","display","show-display","",""
"1057","67f1cc26973bd7f41512c209","control_MaxMatch_Positive_Noun","18","MaxMatch","inspiration","kindness","inspiration-kindness","NounMatch","PositiveMatch"
"1058","67f1cc26973bd7f41512c209","test_ConceptualMatch_Verb","8","ConceptualMatchingOnly","fulfill","eat","fulfill-eat","ConceptualMatch:verb","PositiveMismatch"
"1059","67f1cc26973bd7f41512c209","control_Dissimilar","0","DissimilarControl","begin","end","begin-end","",""
"1060","67f1cc26973bd7f41512c209","test_ValenceMatch_Negative","0","ValenceMatchingOnly","bleed","failure","bleed-failure","VerbMismatch","NegativeMatch"
"1061","67f1cc26973bd7f41512c209","control_MaxMatch_Negative_Verb","17","MaxMatch","writhe","resent","writhe-resent","VerbMatch","NegativeMatch"
"1062","67f1cc26973bd7f41512c209","test_ValenceMatch_Positive","2","ValenceMatchingOnly","inspiration","fulfill","inspiration-fulfill","NounMismatch","PositiveMatch"
"1063","67f1cc26973bd7f41512c209","test_ConceptualMatch_Noun","0","ConceptualMatchingOnly","gratitude","chocolate","gratitude-chocolate","ConceptualMatch:noun","PositiveMismatch"
"1064","67f1cc26973bd7f41512c209","control_MaxMatch_Negative_Noun","0","MaxMatch","corpse","anxiety","corpse-anxiety","NounMatch","NegativeMatch"
"1065","67f1cc26973bd7f41512c209","control_MaxMismatch","78","MaxMismatch","admire","fireplace","admire-fireplace","VerbMismatch","PositiveMismatch"
"1066","67f1cc26973bd7f41512c209","control_MaxMatch_Positive_Verb","99","MaxMatch","admire","cherish","admire-cherish","VerbMatch","PositiveMatch"
"1067","67f1cc26973bd7f41512c209","control_Similar","99","SimilarControl","end","finish","end-finish","",""
"1068","67f1cc26973bd7f41512c209","control_Dissimilar","0","DissimilarControl","increase","decrease","increase-decrease","",""
"1069","67f1cc26973bd7f41512c209","control_Similar","99","SimilarControl","speak","talk","speak-talk","",""
"1070","67f1cc26973bd7f41512c209","control_MaxMatch_Positive_Noun","78","MaxMatch","compassion","gratitude","compassion-gratitude","NounMatch","PositiveMatch"
"1071","67f1cc26973bd7f41512c209","test_ConceptualMatch_Verb","0","ConceptualMatchingOnly","enlighten","running","enlighten-running","ConceptualMatch:verb","PositiveMismatch"
"1072","67f1cc26973bd7f41512c209","control_Dissimilar","0","DissimilarControl","arrive","leave","arrive-leave","",""
"1073","67f1cc26973bd7f41512c209","test_ValenceMatch_Negative","64","ValenceMatchingOnly","writhe","terror","writhe-terror","VerbMismatch","NegativeMatch"
"1074","67f1cc26973bd7f41512c209","control_MaxMatch_Negative_Verb","33","MaxMatch","bleed","resent","bleed-resent","VerbMatch","NegativeMatch"
"1075","67f1cc26973bd7f41512c209","test_ValenceMatch_Positive","11","ValenceMatchingOnly","kindness","admire","kindness-admire","NounMismatch","PositiveMatch"
"1076","67f1cc26973bd7f41512c209","test_ConceptualMatch_Noun","0","ConceptualMatchingOnly","compassion","chocolate","compassion-chocolate","ConceptualMatch:noun","PositiveMismatch"
"1077","67f1cc26973bd7f41512c209","control_MaxMatch_Negative_Noun","0","MaxMatch","mud","anxiety","mud-anxiety","NounMatch","NegativeMatch"
"1078","67f1cc26973bd7f41512c209","control_MaxMismatch","3","MaxMismatch","admire","breathe","admire-breathe","VerbMismatch","PositiveMismatch"
"1079","67f1cc26973bd7f41512c209","control_MaxMatch_Positive_Verb","11","MaxMatch","admire","enlighten","admire-enlighten","VerbMatch","PositiveMatch"
"1080","67f1cc26973bd7f41512c209","control_Similar","87","SimilarControl","use","employ","use-employ","",""
"1081","67f1cc26973bd7f41512c209","control_Dissimilar","0","DissimilarControl","add","remove","add-remove","",""
"1082","67f1cc26973bd7f41512c209","control_Similar","99","SimilarControl","need","require","need-require","",""
"1083","67f1cc26973bd7f41512c209","control_MaxMatch_Positive_Noun","71","MaxMatch","compassion","inspiration","compassion-inspiration","NounMatch","PositiveMatch"
"1084","67f1cc26973bd7f41512c209","test_ConceptualMatch_Verb","0","ConceptualMatchingOnly","imagine","breathe","imagine-breathe","ConceptualMatch:verb","PositiveMismatch"
"1085","67f1cc26973bd7f41512c209","control_Dissimilar","0","DissimilarControl","give","take","give-take","",""
"1086","67f1cc26973bd7f41512c209","test_ValenceMatch_Negative","63","ValenceMatchingOnly","writhe","grief","writhe-grief","VerbMismatch","NegativeMatch"
"1087","67f1cc26973bd7f41512c209","control_MaxMatch_Negative_Verb","30","MaxMatch","befall","obsess","befall-obsess","VerbMatch","NegativeMatch"
"1088","67f1cc26973bd7f41512c209","test_ValenceMatch_Positive","0","ValenceMatchingOnly","gratitude","admire","gratitude-admire","NounMismatch","PositiveMatch"
"1089","67f1cc26973bd7f41512c209","test_ConceptualMatch_Noun","71","ConceptualMatchingOnly","gratitude","flowers","gratitude-flowers","ConceptualMatch:noun","PositiveMismatch"
"1090","67f1cc26973bd7f41512c209","control_MaxMatch_Negative_Noun","71","MaxMatch","toxin","mud","toxin-mud","NounMatch","NegativeMatch"
"1091","67f1cc26973bd7f41512c209","control_MaxMismatch","83","MaxMismatch","admire","glide","admire-glide","VerbMismatch","PositiveMismatch"
"1092","67f1cc26973bd7f41512c209","control_MaxMatch_Positive_Verb","22","MaxMatch","admire","fulfill","admire-fulfill","VerbMatch","PositiveMatch"
"1093","67f1cc26973bd7f41512c209","control_Similar","99","SimilarControl","help","assist","help-assist","",""
"1094","67f1cc26973bd7f41512c209","control_Dissimilar","0","DissimilarControl","rise","fall","rise-fall","",""
"1095","67f1cc26973bd7f41512c209","control_Similar","99","SimilarControl","begin","start","begin-start","",""
"1096","67f1cc26973bd7f41512c209","control_MaxMatch_Positive_Noun","68","MaxMatch","gratitude","inspiration","gratitude-inspiration","NounMatch","PositiveMatch"
"1097","67f1cc26973bd7f41512c209","test_ConceptualMatch_Verb","0","ConceptualMatchingOnly","enlighten","eat","enlighten-eat","ConceptualMatch:verb","PositiveMismatch"
"1098","67f1cc26973bd7f41512c209","control_Dissimilar","0","DissimilarControl","come","go","come-go","",""
"1099","67f1cc26973bd7f41512c209","test_ValenceMatch_Negative","61","ValenceMatchingOnly","fester","grief","fester-grief","VerbMismatch","NegativeMatch"
"1100","67f1cc26973bd7f41512c209","control_MaxMatch_Negative_Verb","67","MaxMatch","stab","resent","stab-resent","VerbMatch","NegativeMatch"
"1101","67f1cc26973bd7f41512c209","test_ValenceMatch_Positive","64","ValenceMatchingOnly","gratitude","imagine","gratitude-imagine","NounMismatch","PositiveMatch"
"1102","67f1cc26973bd7f41512c209","test_ConceptualMatch_Noun","56","ConceptualMatchingOnly","gratitude","fireplace","gratitude-fireplace","ConceptualMatch:noun","PositiveMismatch"
"1103","67f1cc26973bd7f41512c209","control_MaxMatch_Negative_Noun","66","MaxMatch","corpse","terror","corpse-terror","NounMatch","NegativeMatch"
"1104","67f1cc26973bd7f41512c209","control_MaxMismatch","59","MaxMismatch","cherish","glide","cherish-glide","VerbMismatch","PositiveMismatch"
"1105","67f1cc26973bd7f41512c209","control_MaxMatch_Positive_Verb","32","MaxMatch","cherish","imagine","cherish-imagine","VerbMatch","PositiveMatch"
"1106","59f0acf65de9b000017ed914","control_Dissimilar","0","DissimilarControl","enter","exit","enter-exit","",""
"1107","59f0acf65de9b000017ed914","control_Similar","99","SimilarControl","show","display","show-display","",""
"1108","59f0acf65de9b000017ed914","test_ConceptualMatch_Noun","42","ConceptualMatchingOnly","kindness","fireplace","kindness-fireplace","ConceptualMatch:noun","PositiveMismatch"
"1109","59f0acf65de9b000017ed914","test_ValenceMatch_Negative","71","ValenceMatchingOnly","fester","terror","fester-terror","VerbMismatch","NegativeMatch"
"1110","59f0acf65de9b000017ed914","control_MaxMatch_Negative_Verb","76","MaxMatch","writhe","exploit","writhe-exploit","VerbMatch","NegativeMatch"
"1111","59f0acf65de9b000017ed914","control_MaxMatch_Negative_Noun","0","MaxMatch","mud","corpse","mud-corpse","NounMatch","NegativeMatch"
"1112","59f0acf65de9b000017ed914","control_MaxMatch_Positive_Noun","77","MaxMatch","freedom","gratitude","freedom-gratitude","NounMatch","PositiveMatch"
"1113","59f0acf65de9b000017ed914","control_Dissimilar","0","DissimilarControl","add","remove","add-remove","",""
"1114","59f0acf65de9b000017ed914","test_ConceptualMatch_Verb","86","ConceptualMatchingOnly","fulfill","breathe","fulfill-breathe","ConceptualMatch:verb","PositiveMismatch"
"1115","59f0acf65de9b000017ed914","control_MaxMismatch","63","MaxMismatch","cherish","breathe","cherish-breathe","VerbMismatch","PositiveMismatch"
"1116","59f0acf65de9b000017ed914","control_MaxMatch_Positive_Verb","83","MaxMatch","enlighten","imagine","enlighten-imagine","VerbMatch","PositiveMatch"
"1117","59f0acf65de9b000017ed914","control_Similar","99","SimilarControl","end","finish","end-finish","",""
"1118","59f0acf65de9b000017ed914","test_ValenceMatch_Positive","71","ValenceMatchingOnly","inspiration","fulfill","inspiration-fulfill","NounMismatch","PositiveMatch"
"1119","59f0acf65de9b000017ed914","control_Dissimilar","3","DissimilarControl","come","go","come-go","",""
"1120","59f0acf65de9b000017ed914","control_Similar","69","SimilarControl","use","employ","use-employ","",""
"1121","59f0acf65de9b000017ed914","test_ConceptualMatch_Noun","78","ConceptualMatchingOnly","kindness","flowers","kindness-flowers","ConceptualMatch:noun","PositiveMismatch"
"1122","59f0acf65de9b000017ed914","test_ValenceMatch_Negative","28","ValenceMatchingOnly","stab","anxiety","stab-anxiety","VerbMismatch","NegativeMatch"
"1123","59f0acf65de9b000017ed914","control_MaxMatch_Negative_Verb","62","MaxMatch","fester","writhe","fester-writhe","VerbMatch","NegativeMatch"
"1124","59f0acf65de9b000017ed914","control_MaxMatch_Negative_Noun","63","MaxMatch","corpse","anxiety","corpse-anxiety","NounMatch","NegativeMatch"
"1125","59f0acf65de9b000017ed914","control_MaxMatch_Positive_Noun","86","MaxMatch","compassion","inspiration","compassion-inspiration","NounMatch","PositiveMatch"
"1126","59f0acf65de9b000017ed914","control_Dissimilar","0","DissimilarControl","give","take","give-take","",""
"1127","59f0acf65de9b000017ed914","test_ConceptualMatch_Verb","67","ConceptualMatchingOnly","admire","glide","admire-glide","ConceptualMatch:verb","PositiveMismatch"
"1128","59f0acf65de9b000017ed914","control_MaxMismatch","67","MaxMismatch","imagine","breathe","imagine-breathe","VerbMismatch","PositiveMismatch"
"1129","59f0acf65de9b000017ed914","control_MaxMatch_Positive_Verb","77","MaxMatch","cherish","imagine","cherish-imagine","VerbMatch","PositiveMatch"
"1130","59f0acf65de9b000017ed914","control_Similar","99","SimilarControl","get","obtain","get-obtain","",""
"1131","59f0acf65de9b000017ed914","test_ValenceMatch_Positive","82","ValenceMatchingOnly","kindness","cherish","kindness-cherish","NounMismatch","PositiveMatch"
"1132","59f0acf65de9b000017ed914","control_Dissimilar","2","DissimilarControl","open","close","open-close","",""
"1133","59f0acf65de9b000017ed914","control_Similar","99","SimilarControl","speak","talk","speak-talk","",""
"1134","59f0acf65de9b000017ed914","test_ConceptualMatch_Noun","36","ConceptualMatchingOnly","compassion","chocolate","compassion-chocolate","ConceptualMatch:noun","PositiveMismatch"
"1135","59f0acf65de9b000017ed914","test_ValenceMatch_Negative","78","ValenceMatchingOnly","writhe","hatred","writhe-hatred","VerbMismatch","NegativeMatch"
"1136","59f0acf65de9b000017ed914","control_MaxMatch_Negative_Verb","34","MaxMatch","bleed","befall","bleed-befall","VerbMatch","NegativeMatch"
"1137","59f0acf65de9b000017ed914","control_MaxMatch_Negative_Noun","64","MaxMatch","toxin","grief","toxin-grief","NounMatch","NegativeMatch"
"1138","59f0acf65de9b000017ed914","control_MaxMatch_Positive_Noun","99","MaxMatch","gratitude","kindness","gratitude-kindness","NounMatch","PositiveMatch"
"1139","59f0acf65de9b000017ed914","control_Dissimilar","0","DissimilarControl","arrive","leave","arrive-leave","",""
"1140","59f0acf65de9b000017ed914","test_ConceptualMatch_Verb","65","ConceptualMatchingOnly","cherish","glide","cherish-glide","ConceptualMatch:verb","PositiveMismatch"
"1141","59f0acf65de9b000017ed914","control_MaxMismatch","40","MaxMismatch","admire","running","admire-running","VerbMismatch","PositiveMismatch"
"1142","59f0acf65de9b000017ed914","control_MaxMatch_Positive_Verb","70","MaxMatch","admire","fulfill","admire-fulfill","VerbMatch","PositiveMatch"
"1143","59f0acf65de9b000017ed914","control_Similar","94","SimilarControl","ask","inquire","ask-inquire","",""
"1144","59f0acf65de9b000017ed914","test_ValenceMatch_Positive","91","ValenceMatchingOnly","kindness","admire","kindness-admire","NounMismatch","PositiveMatch"
"1145","59f0acf65de9b000017ed914","control_Dissimilar","1","DissimilarControl","increase","decrease","increase-decrease","",""
"1146","59f0acf65de9b000017ed914","control_Similar","99","SimilarControl","help","assist","help-assist","",""
"1147","59f0acf65de9b000017ed914","test_ConceptualMatch_Noun","73","ConceptualMatchingOnly","gratitude","home","gratitude-home","ConceptualMatch:noun","PositiveMismatch"
"1148","59f0acf65de9b000017ed914","test_ValenceMatch_Negative","39","ValenceMatchingOnly","bleed","failure","bleed-failure","VerbMismatch","NegativeMatch"
"1149","59f0acf65de9b000017ed914","control_MaxMatch_Negative_Verb","77","MaxMatch","choke","stab","choke-stab","VerbMatch","NegativeMatch"
"1150","59f0acf65de9b000017ed914","control_MaxMatch_Negative_Noun","64","MaxMatch","mud","grief","mud-grief","NounMatch","NegativeMatch"
"1151","59f0acf65de9b000017ed914","control_MaxMatch_Positive_Noun","91","MaxMatch","gratitude","inspiration","gratitude-inspiration","NounMatch","PositiveMatch"
"1152","59f0acf65de9b000017ed914","control_Dissimilar","0","DissimilarControl","push","pull","push-pull","",""
"1153","59f0acf65de9b000017ed914","test_ConceptualMatch_Verb","93","ConceptualMatchingOnly","fulfill","eat","fulfill-eat","ConceptualMatch:verb","PositiveMismatch"
"1154","59f0acf65de9b000017ed914","control_MaxMismatch","86","MaxMismatch","admire","flowers","admire-flowers","VerbMismatch","PositiveMismatch"
"1155","59f0acf65de9b000017ed914","control_MaxMatch_Positive_Verb","89","MaxMatch","cherish","enlighten","cherish-enlighten","VerbMatch","PositiveMatch"
"1156","59f0acf65de9b000017ed914","control_Similar","75","SimilarControl","need","require","need-require","",""
"1157","59f0acf65de9b000017ed914","test_ValenceMatch_Positive","70","ValenceMatchingOnly","kindness","imagine","kindness-imagine","NounMismatch","PositiveMatch"
"1158","59f0acf65de9b000017ed914","control_Dissimilar","0","DissimilarControl","rise","fall","rise-fall","",""
"1159","59f0acf65de9b000017ed914","control_Similar","99","SimilarControl","begin","start","begin-start","",""
"1160","59f0acf65de9b000017ed914","test_ConceptualMatch_Noun","82","ConceptualMatchingOnly","inspiration","flowers","inspiration-flowers","ConceptualMatch:noun","PositiveMismatch"
"1161","59f0acf65de9b000017ed914","test_ValenceMatch_Negative","70","ValenceMatchingOnly","bleed","grief","bleed-grief","VerbMismatch","NegativeMatch"
"1162","59f0acf65de9b000017ed914","control_MaxMatch_Negative_Verb","50","MaxMatch","befall","obsess","befall-obsess","VerbMatch","NegativeMatch"
"1163","59f0acf65de9b000017ed914","control_MaxMatch_Negative_Noun","69","MaxMatch","garbage","failure","garbage-failure","NounMatch","NegativeMatch"
"1164","59f0acf65de9b000017ed914","control_MaxMatch_Positive_Noun","83","MaxMatch","compassion","freedom","compassion-freedom","NounMatch","PositiveMatch"
"1165","59f0acf65de9b000017ed914","control_Dissimilar","0","DissimilarControl","begin","end","begin-end","",""
"1166","59f0acf65de9b000017ed914","test_ConceptualMatch_Verb","82","ConceptualMatchingOnly","admire","breathe","admire-breathe","ConceptualMatch:verb","PositiveMismatch"
"1167","59f0acf65de9b000017ed914","control_MaxMismatch","75","MaxMismatch","fulfill","flowers","fulfill-flowers","VerbMismatch","PositiveMismatch"
"1168","59f0acf65de9b000017ed914","control_MaxMatch_Positive_Verb","76","MaxMatch","cherish","fulfill","cherish-fulfill","VerbMatch","PositiveMatch"
"1169","59f0acf65de9b000017ed914","control_Similar","99","SimilarControl","buy","purchase","buy-purchase","",""
"1170","59f0acf65de9b000017ed914","test_ValenceMatch_Positive","76","ValenceMatchingOnly","inspiration","cherish","inspiration-cherish","NounMismatch","PositiveMatch"
"1171","67d0c73d781bc022a088d11f","control_Similar","99","SimilarControl","get","obtain","get-obtain","",""
"1172","67d0c73d781bc022a088d11f","control_Dissimilar","99","DissimilarControl","push","pull","push-pull","",""
"1173","67d0c73d781bc022a088d11f","test_ValenceMatch_Negative","0","ValenceMatchingOnly","bleed","anxiety","bleed-anxiety","VerbMismatch","NegativeMatch"
"1174","67d0c73d781bc022a088d11f","control_MaxMatch_Positive_Verb","99","MaxMatch","enlighten","imagine","enlighten-imagine","VerbMatch","PositiveMatch"
"1175","67d0c73d781bc022a088d11f","test_ValenceMatch_Positive","98","ValenceMatchingOnly","gratitude","admire","gratitude-admire","NounMismatch","PositiveMatch"
"1176","67d0c73d781bc022a088d11f","control_MaxMatch_Positive_Noun","99","MaxMatch","gratitude","inspiration","gratitude-inspiration","NounMatch","PositiveMatch"
"1177","67d0c73d781bc022a088d11f","control_Similar","0","SimilarControl","use","employ","use-employ","",""
"1178","67d0c73d781bc022a088d11f","control_MaxMatch_Negative_Verb","99","MaxMatch","criticize","exploit","criticize-exploit","VerbMatch","NegativeMatch"
"1179","67d0c73d781bc022a088d11f","test_ConceptualMatch_Noun","0","ConceptualMatchingOnly","kindness","chocolate","kindness-chocolate","ConceptualMatch:noun","PositiveMismatch"
"1180","67d0c73d781bc022a088d11f","control_MaxMatch_Negative_Noun","0","MaxMatch","garbage","anxiety","garbage-anxiety","NounMatch","NegativeMatch"
"1181","67d0c73d781bc022a088d11f","test_ConceptualMatch_Verb","99","ConceptualMatchingOnly","admire","glisten","admire-glisten","ConceptualMatch:verb","PositiveMismatch"
"1182","67d0c73d781bc022a088d11f","control_MaxMismatch","99","MaxMismatch","cherish","home","cherish-home","VerbMismatch","PositiveMismatch"
"1183","67d0c73d781bc022a088d11f","control_Dissimilar","99","DissimilarControl","rise","fall","rise-fall","",""
"1184","67d0c73d781bc022a088d11f","control_Similar","99","SimilarControl","show","display","show-display","",""
"1185","67d0c73d781bc022a088d11f","control_Dissimilar","99","DissimilarControl","begin","end","begin-end","",""
"1186","67d0c73d781bc022a088d11f","test_ValenceMatch_Negative","0","ValenceMatchingOnly","fester","failure","fester-failure","VerbMismatch","NegativeMatch"
"1187","67d0c73d781bc022a088d11f","control_MaxMatch_Positive_Verb","0","MaxMatch","admire","imagine","admire-imagine","VerbMatch","PositiveMatch"
"1188","67d0c73d781bc022a088d11f","test_ValenceMatch_Positive","99","ValenceMatchingOnly","kindness","enlighten","kindness-enlighten","NounMismatch","PositiveMatch"
"1189","67d0c73d781bc022a088d11f","control_MaxMatch_Positive_Noun","99","MaxMatch","compassion","inspiration","compassion-inspiration","NounMatch","PositiveMatch"
"1190","67d0c73d781bc022a088d11f","control_Similar","99","SimilarControl","buy","purchase","buy-purchase","",""
"1191","67d0c73d781bc022a088d11f","control_MaxMatch_Negative_Verb","99","MaxMatch","writhe","obsess","writhe-obsess","VerbMatch","NegativeMatch"
"1192","67d0c73d781bc022a088d11f","test_ConceptualMatch_Noun","99","ConceptualMatchingOnly","compassion","chocolate","compassion-chocolate","ConceptualMatch:noun","PositiveMismatch"
"1193","67d0c73d781bc022a088d11f","control_MaxMatch_Negative_Noun","0","MaxMatch","corpse","anxiety","corpse-anxiety","NounMatch","NegativeMatch"
"1194","67d0c73d781bc022a088d11f","test_ConceptualMatch_Verb","0","ConceptualMatchingOnly","cherish","running","cherish-running","ConceptualMatch:verb","PositiveMismatch"
"1195","67d0c73d781bc022a088d11f","control_MaxMismatch","0","MaxMismatch","cherish","fireplace","cherish-fireplace","VerbMismatch","PositiveMismatch"
"1196","67d0c73d781bc022a088d11f","control_Dissimilar","99","DissimilarControl","enter","exit","enter-exit","",""
"1197","67d0c73d781bc022a088d11f","control_Similar","99","SimilarControl","begin","start","begin-start","",""
"1198","67d0c73d781bc022a088d11f","control_Dissimilar","99","DissimilarControl","add","remove","add-remove","",""
"1199","67d0c73d781bc022a088d11f","test_ValenceMatch_Negative","99","ValenceMatchingOnly","stab","grief","stab-grief","VerbMismatch","NegativeMatch"
"1200","67d0c73d781bc022a088d11f","control_MaxMatch_Positive_Verb","99","MaxMatch","admire","fulfill","admire-fulfill","VerbMatch","PositiveMatch"
"1201","67d0c73d781bc022a088d11f","test_ValenceMatch_Positive","99","ValenceMatchingOnly","inspiration","admire","inspiration-admire","NounMismatch","PositiveMatch"
"1202","67d0c73d781bc022a088d11f","control_MaxMatch_Positive_Noun","99","MaxMatch","compassion","freedom","compassion-freedom","NounMatch","PositiveMatch"
"1203","67d0c73d781bc022a088d11f","control_Similar","99","SimilarControl","end","finish","end-finish","",""
"1204","67d0c73d781bc022a088d11f","control_MaxMatch_Negative_Verb","99","MaxMatch","writhe","befall","writhe-befall","VerbMatch","NegativeMatch"
"1205","67d0c73d781bc022a088d11f","test_ConceptualMatch_Noun","0","ConceptualMatchingOnly","kindness","fireplace","kindness-fireplace","ConceptualMatch:noun","PositiveMismatch"
"1206","67d0c73d781bc022a088d11f","control_MaxMatch_Negative_Noun","99","MaxMatch","corpse","slave","corpse-slave","NounMatch","NegativeMatch"
"1207","67d0c73d781bc022a088d11f","test_ConceptualMatch_Verb","99","ConceptualMatchingOnly","cherish","glisten","cherish-glisten","ConceptualMatch:verb","PositiveMismatch"
"1208","67d0c73d781bc022a088d11f","control_MaxMismatch","3","MaxMismatch","imagine","chocolate","imagine-chocolate","VerbMismatch","PositiveMismatch"
"1209","67d0c73d781bc022a088d11f","control_Dissimilar","99","DissimilarControl","give","take","give-take","",""
"1210","67d0c73d781bc022a088d11f","control_Similar","99","SimilarControl","help","assist","help-assist","",""
"1211","67d0c73d781bc022a088d11f","control_Dissimilar","99","DissimilarControl","increase","decrease","increase-decrease","",""
"1212","67d0c73d781bc022a088d11f","test_ValenceMatch_Negative","0","ValenceMatchingOnly","choke","grief","choke-grief","VerbMismatch","NegativeMatch"
"1213","67d0c73d781bc022a088d11f","control_MaxMatch_Positive_Verb","0","MaxMatch","fulfill","imagine","fulfill-imagine","VerbMatch","PositiveMatch"
"1214","67d0c73d781bc022a088d11f","test_ValenceMatch_Positive","99","ValenceMatchingOnly","compassion","imagine","compassion-imagine","NounMismatch","PositiveMatch"
"1215","67d0c73d781bc022a088d11f","control_MaxMatch_Positive_Noun","99","MaxMatch","freedom","kindness","freedom-kindness","NounMatch","PositiveMatch"
"1216","67d0c73d781bc022a088d11f","control_Similar","99","SimilarControl","need","require","need-require","",""
"1217","67d0c73d781bc022a088d11f","control_MaxMatch_Negative_Verb","99","MaxMatch","writhe","bleed","writhe-bleed","VerbMatch","NegativeMatch"
"1218","67d0c73d781bc022a088d11f","test_ConceptualMatch_Noun","0","ConceptualMatchingOnly","freedom","flowers","freedom-flowers","ConceptualMatch:noun","PositiveMismatch"
"1219","67d0c73d781bc022a088d11f","control_MaxMatch_Negative_Noun","99","MaxMatch","mud","hatred","mud-hatred","NounMatch","NegativeMatch"
"1220","67d0c73d781bc022a088d11f","test_ConceptualMatch_Verb","0","ConceptualMatchingOnly","cherish","eat","cherish-eat","ConceptualMatch:verb","PositiveMismatch"
"1221","67d0c73d781bc022a088d11f","control_MaxMismatch","99","MaxMismatch","enlighten","breathe","enlighten-breathe","VerbMismatch","PositiveMismatch"
"1222","67d0c73d781bc022a088d11f","control_Dissimilar","99","DissimilarControl","open","close","open-close","",""
"1223","67d0c73d781bc022a088d11f","control_Similar","99","SimilarControl","ask","inquire","ask-inquire","",""
"1224","67d0c73d781bc022a088d11f","control_Dissimilar","99","DissimilarControl","arrive","leave","arrive-leave","",""
"1225","67d0c73d781bc022a088d11f","test_ValenceMatch_Negative","99","ValenceMatchingOnly","fester","grief","fester-grief","VerbMismatch","NegativeMatch"
"1226","67d0c73d781bc022a088d11f","control_MaxMatch_Positive_Verb","99","MaxMatch","enlighten","fulfill","enlighten-fulfill","VerbMatch","PositiveMatch"
"1227","67d0c73d781bc022a088d11f","test_ValenceMatch_Positive","99","ValenceMatchingOnly","inspiration","cherish","inspiration-cherish","NounMismatch","PositiveMatch"
"1228","67d0c73d781bc022a088d11f","control_MaxMatch_Positive_Noun","99","MaxMatch","inspiration","kindness","inspiration-kindness","NounMatch","PositiveMatch"
"1229","67d0c73d781bc022a088d11f","control_Similar","99","SimilarControl","speak","talk","speak-talk","",""
"1230","67d0c73d781bc022a088d11f","control_MaxMatch_Negative_Verb","99","MaxMatch","choke","stab","choke-stab","VerbMatch","NegativeMatch"
"1231","67d0c73d781bc022a088d11f","test_ConceptualMatch_Noun","0","ConceptualMatchingOnly","gratitude","chocolate","gratitude-chocolate","ConceptualMatch:noun","PositiveMismatch"
"1232","67d0c73d781bc022a088d11f","control_MaxMatch_Negative_Noun","99","MaxMatch","terror","failure","terror-failure","NounMatch","NegativeMatch"
"1233","67d0c73d781bc022a088d11f","test_ConceptualMatch_Verb","99","ConceptualMatchingOnly","imagine","glide","imagine-glide","ConceptualMatch:verb","PositiveMismatch"
"1234","67d0c73d781bc022a088d11f","control_MaxMismatch","0","MaxMismatch","enlighten","beach","enlighten-beach","VerbMismatch","PositiveMismatch"
"1235","67d0c73d781bc022a088d11f","control_Dissimilar","99","DissimilarControl","come","go","come-go","",""
"1236","660eab035821349c9d01e870","control_Dissimilar","0","DissimilarControl","increase","decrease","increase-decrease","",""
"1237","660eab035821349c9d01e870","control_Similar","99","SimilarControl","ask","inquire","ask-inquire","",""
"1238","660eab035821349c9d01e870","control_MaxMismatch","0","MaxMismatch","enlighten","eat","enlighten-eat","VerbMismatch","PositiveMismatch"
"1239","660eab035821349c9d01e870","control_MaxMatch_Positive_Verb","0","MaxMatch","cherish","imagine","cherish-imagine","VerbMatch","PositiveMatch"
"1240","660eab035821349c9d01e870","test_ConceptualMatch_Verb","0","ConceptualMatchingOnly","admire","glide","admire-glide","ConceptualMatch:verb","PositiveMismatch"
"1241","660eab035821349c9d01e870","control_MaxMatch_Negative_Noun","0","MaxMatch","corpse","hatred","corpse-hatred","NounMatch","NegativeMatch"
"1242","660eab035821349c9d01e870","control_Dissimilar","0","DissimilarControl","give","take","give-take","",""
"1243","660eab035821349c9d01e870","control_MaxMatch_Positive_Noun","0","MaxMatch","compassion","inspiration","compassion-inspiration","NounMatch","PositiveMatch"
"1244","660eab035821349c9d01e870","control_Similar","99","SimilarControl","help","assist","help-assist","",""
"1245","660eab035821349c9d01e870","control_MaxMatch_Negative_Verb","0","MaxMatch","stab","resent","stab-resent","VerbMatch","NegativeMatch"
"1246","660eab035821349c9d01e870","test_ConceptualMatch_Noun","0","ConceptualMatchingOnly","inspiration","flowers","inspiration-flowers","ConceptualMatch:noun","PositiveMismatch"
"1247","660eab035821349c9d01e870","test_ValenceMatch_Positive","0","ValenceMatchingOnly","gratitude","imagine","gratitude-imagine","NounMismatch","PositiveMatch"
"1248","660eab035821349c9d01e870","test_ValenceMatch_Negative","0","ValenceMatchingOnly","fester","failure","fester-failure","VerbMismatch","NegativeMatch"
"1249","660eab035821349c9d01e870","control_Dissimilar","0","DissimilarControl","begin","end","begin-end","",""
"1250","660eab035821349c9d01e870","control_Similar","99","SimilarControl","end","finish","end-finish","",""
"1251","660eab035821349c9d01e870","control_MaxMismatch","0","MaxMismatch","imagine","glisten","imagine-glisten","VerbMismatch","PositiveMismatch"
"1252","660eab035821349c9d01e870","control_MaxMatch_Positive_Verb","0","MaxMatch","admire","enlighten","admire-enlighten","VerbMatch","PositiveMatch"
"1253","660eab035821349c9d01e870","test_ConceptualMatch_Verb","0","ConceptualMatchingOnly","fulfill","eat","fulfill-eat","ConceptualMatch:verb","PositiveMismatch"
"1254","660eab035821349c9d01e870","control_MaxMatch_Negative_Noun","0","MaxMatch","toxin","hatred","toxin-hatred","NounMatch","NegativeMatch"
"1255","660eab035821349c9d01e870","control_Dissimilar","0","DissimilarControl","arrive","leave","arrive-leave","",""
"1256","660eab035821349c9d01e870","control_MaxMatch_Positive_Noun","0","MaxMatch","gratitude","kindness","gratitude-kindness","NounMatch","PositiveMatch"
"1257","660eab035821349c9d01e870","control_Similar","99","SimilarControl","begin","start","begin-start","",""
"1258","660eab035821349c9d01e870","control_MaxMatch_Negative_Verb","0","MaxMatch","writhe","stab","writhe-stab","VerbMatch","NegativeMatch"
"1259","660eab035821349c9d01e870","test_ConceptualMatch_Noun","0","ConceptualMatchingOnly","kindness","fireplace","kindness-fireplace","ConceptualMatch:noun","PositiveMismatch"
"1260","660eab035821349c9d01e870","test_ValenceMatch_Positive","0","ValenceMatchingOnly","inspiration","cherish","inspiration-cherish","NounMismatch","PositiveMatch"
"1261","660eab035821349c9d01e870","test_ValenceMatch_Negative","0","ValenceMatchingOnly","bleed","grief","bleed-grief","VerbMismatch","NegativeMatch"
"1262","660eab035821349c9d01e870","control_Dissimilar","0","DissimilarControl","rise","fall","rise-fall","",""
"1263","660eab035821349c9d01e870","control_Similar","0","SimilarControl","need","require","need-require","",""
"1264","660eab035821349c9d01e870","control_MaxMismatch","0","MaxMismatch","cherish","beach","cherish-beach","VerbMismatch","PositiveMismatch"
"1265","660eab035821349c9d01e870","control_MaxMatch_Positive_Verb","0","MaxMatch","admire","imagine","admire-imagine","VerbMatch","PositiveMatch"
"1266","660eab035821349c9d01e870","test_ConceptualMatch_Verb","0","ConceptualMatchingOnly","fulfill","glide","fulfill-glide","ConceptualMatch:verb","PositiveMismatch"
"1267","660eab035821349c9d01e870","control_MaxMatch_Negative_Noun","0","MaxMatch","hatred","failure","hatred-failure","NounMatch","NegativeMatch"
"1268","660eab035821349c9d01e870","control_Dissimilar","0","DissimilarControl","enter","exit","enter-exit","",""
"1269","660eab035821349c9d01e870","control_MaxMatch_Positive_Noun","0","MaxMatch","freedom","kindness","freedom-kindness","NounMatch","PositiveMatch"
"1270","660eab035821349c9d01e870","control_Similar","99","SimilarControl","speak","talk","speak-talk","",""
"1271","660eab035821349c9d01e870","control_MaxMatch_Negative_Verb","0","MaxMatch","fester","stab","fester-stab","VerbMatch","NegativeMatch"
"1272","660eab035821349c9d01e870","test_ConceptualMatch_Noun","0","ConceptualMatchingOnly","kindness","flowers","kindness-flowers","ConceptualMatch:noun","PositiveMismatch"
"1273","660eab035821349c9d01e870","test_ValenceMatch_Positive","0","ValenceMatchingOnly","compassion","fulfill","compassion-fulfill","NounMismatch","PositiveMatch"
"1274","660eab035821349c9d01e870","test_ValenceMatch_Negative","0","ValenceMatchingOnly","writhe","anxiety","writhe-anxiety","VerbMismatch","NegativeMatch"
"1275","660eab035821349c9d01e870","control_Dissimilar","0","DissimilarControl","come","go","come-go","",""
"1276","660eab035821349c9d01e870","control_Similar","99","SimilarControl","buy","purchase","buy-purchase","",""
"1277","660eab035821349c9d01e870","control_MaxMismatch","0","MaxMismatch","fulfill","flowers","fulfill-flowers","VerbMismatch","PositiveMismatch"
"1278","660eab035821349c9d01e870","control_MaxMatch_Positive_Verb","0","MaxMatch","fulfill","imagine","fulfill-imagine","VerbMatch","PositiveMatch"
"1279","660eab035821349c9d01e870","test_ConceptualMatch_Verb","0","ConceptualMatchingOnly","admire","running","admire-running","ConceptualMatch:verb","PositiveMismatch"
"1280","660eab035821349c9d01e870","control_MaxMatch_Negative_Noun","0","MaxMatch","mud","terror","mud-terror","NounMatch","NegativeMatch"
"1281","660eab035821349c9d01e870","control_Dissimilar","0","DissimilarControl","add","remove","add-remove","",""
"1282","660eab035821349c9d01e870","control_MaxMatch_Positive_Noun","0","MaxMatch","compassion","gratitude","compassion-gratitude","NounMatch","PositiveMatch"
"1283","660eab035821349c9d01e870","control_Similar","0","SimilarControl","show","display","show-display","",""
"1284","660eab035821349c9d01e870","control_MaxMatch_Negative_Verb","0","MaxMatch","bleed","befall","bleed-befall","VerbMatch","NegativeMatch"
"1285","660eab035821349c9d01e870","test_ConceptualMatch_Noun","0","ConceptualMatchingOnly","compassion","chocolate","compassion-chocolate","ConceptualMatch:noun","PositiveMismatch"
"1286","660eab035821349c9d01e870","test_ValenceMatch_Positive","0","ValenceMatchingOnly","inspiration","fulfill","inspiration-fulfill","NounMismatch","PositiveMatch"
"1287","660eab035821349c9d01e870","test_ValenceMatch_Negative","0","ValenceMatchingOnly","writhe","grief","writhe-grief","VerbMismatch","NegativeMatch"
"1288","660eab035821349c9d01e870","control_Dissimilar","0","DissimilarControl","push","pull","push-pull","",""
"1289","660eab035821349c9d01e870","control_Similar","99","SimilarControl","get","obtain","get-obtain","",""
"1290","660eab035821349c9d01e870","control_MaxMismatch","0","MaxMismatch","imagine","eat","imagine-eat","VerbMismatch","PositiveMismatch"
"1291","660eab035821349c9d01e870","control_MaxMatch_Positive_Verb","0","MaxMatch","cherish","fulfill","cherish-fulfill","VerbMatch","PositiveMatch"
"1292","660eab035821349c9d01e870","test_ConceptualMatch_Verb","0","ConceptualMatchingOnly","imagine","glide","imagine-glide","ConceptualMatch:verb","PositiveMismatch"
"1293","660eab035821349c9d01e870","control_MaxMatch_Negative_Noun","0","MaxMatch","toxin","failure","toxin-failure","NounMatch","NegativeMatch"
"1294","660eab035821349c9d01e870","control_Dissimilar","0","DissimilarControl","open","close","open-close","",""
"1295","660eab035821349c9d01e870","control_MaxMatch_Positive_Noun","0","MaxMatch","freedom","gratitude","freedom-gratitude","NounMatch","PositiveMatch"
"1296","660eab035821349c9d01e870","control_Similar","0","SimilarControl","use","employ","use-employ","",""
"1297","660eab035821349c9d01e870","control_MaxMatch_Negative_Verb","0","MaxMatch","choke","exploit","choke-exploit","VerbMatch","NegativeMatch"
"1298","660eab035821349c9d01e870","test_ConceptualMatch_Noun","0","ConceptualMatchingOnly","freedom","chocolate","freedom-chocolate","ConceptualMatch:noun","PositiveMismatch"
"1299","660eab035821349c9d01e870","test_ValenceMatch_Positive","0","ValenceMatchingOnly","compassion","enlighten","compassion-enlighten","NounMismatch","PositiveMatch"
"1300","660eab035821349c9d01e870","test_ValenceMatch_Negative","0","ValenceMatchingOnly","stab","grief","stab-grief","VerbMismatch","NegativeMatch"
"1301","674dcf86d562257d64750471","control_Dissimilar","99","DissimilarControl","give","take","give-take","",""
"1302","674dcf86d562257d64750471","control_Similar","99","SimilarControl","help","assist","help-assist","",""
"1303","674dcf86d562257d64750471","control_MaxMatch_Positive_Noun","99","MaxMatch","gratitude","kindness","gratitude-kindness","NounMatch","PositiveMatch"
"1304","674dcf86d562257d64750471","control_MaxMatch_Positive_Verb","64","MaxMatch","admire","fulfill","admire-fulfill","VerbMatch","PositiveMatch"
"1305","674dcf86d562257d64750471","control_MaxMatch_Negative_Verb","0","MaxMatch","bleed","criticize","bleed-criticize","VerbMatch","NegativeMatch"
"1306","674dcf86d562257d64750471","test_ValenceMatch_Negative","99","ValenceMatchingOnly","choke","failure","choke-failure","VerbMismatch","NegativeMatch"
"1307","674dcf86d562257d64750471","test_ConceptualMatch_Noun","0","ConceptualMatchingOnly","kindness","chocolate","kindness-chocolate","ConceptualMatch:noun","PositiveMismatch"
"1308","674dcf86d562257d64750471","control_Dissimilar","0","DissimilarControl","come","go","come-go","",""
"1309","674dcf86d562257d64750471","control_MaxMismatch","0","MaxMismatch","enlighten","running","enlighten-running","VerbMismatch","PositiveMismatch"
"1310","674dcf86d562257d64750471","test_ConceptualMatch_Verb","0","ConceptualMatchingOnly","cherish","glisten","cherish-glisten","ConceptualMatch:verb","PositiveMismatch"
"1311","674dcf86d562257d64750471","test_ValenceMatch_Positive","0","ValenceMatchingOnly","freedom","admire","freedom-admire","NounMismatch","PositiveMatch"
"1312","674dcf86d562257d64750471","control_MaxMatch_Negative_Noun","0","MaxMatch","toxin","garbage","toxin-garbage","NounMatch","NegativeMatch"
"1313","674dcf86d562257d64750471","control_Similar","99","SimilarControl","begin","start","begin-start","",""
"1314","674dcf86d562257d64750471","control_Dissimilar","99","DissimilarControl","push","pull","push-pull","",""
"1315","674dcf86d562257d64750471","control_Similar","99","SimilarControl","show","display","show-display","",""
"1316","674dcf86d562257d64750471","control_MaxMatch_Positive_Noun","99","MaxMatch","compassion","kindness","compassion-kindness","NounMatch","PositiveMatch"
"1317","674dcf86d562257d64750471","control_MaxMatch_Positive_Verb","99","MaxMatch","admire","cherish","admire-cherish","VerbMatch","PositiveMatch"
"1318","674dcf86d562257d64750471","control_MaxMatch_Negative_Verb","99","MaxMatch","bleed","stab","bleed-stab","VerbMatch","NegativeMatch"
"1319","674dcf86d562257d64750471","test_ValenceMatch_Negative","0","ValenceMatchingOnly","fester","failure","fester-failure","VerbMismatch","NegativeMatch"
"1320","674dcf86d562257d64750471","test_ConceptualMatch_Noun","0","ConceptualMatchingOnly","gratitude","fireplace","gratitude-fireplace","ConceptualMatch:noun","PositiveMismatch"
"1321","674dcf86d562257d64750471","control_Dissimilar","0","DissimilarControl","add","remove","add-remove","",""
"1322","674dcf86d562257d64750471","control_MaxMismatch","0","MaxMismatch","imagine","glide","imagine-glide","VerbMismatch","PositiveMismatch"
"1323","674dcf86d562257d64750471","test_ConceptualMatch_Verb","0","ConceptualMatchingOnly","imagine","running","imagine-running","ConceptualMatch:verb","PositiveMismatch"
"1324","674dcf86d562257d64750471","test_ValenceMatch_Positive","0","ValenceMatchingOnly","freedom","imagine","freedom-imagine","NounMismatch","PositiveMatch"
"1325","674dcf86d562257d64750471","control_MaxMatch_Negative_Noun","56","MaxMatch","toxin","failure","toxin-failure","NounMatch","NegativeMatch"
"1326","674dcf86d562257d64750471","control_Similar","99","SimilarControl","end","finish","end-finish","",""
"1327","674dcf86d562257d64750471","control_Dissimilar","0","DissimilarControl","begin","end","begin-end","",""
"1328","674dcf86d562257d64750471","control_Similar","99","SimilarControl","need","require","need-require","",""
"1329","674dcf86d562257d64750471","control_MaxMatch_Positive_Noun","99","MaxMatch","compassion","inspiration","compassion-inspiration","NounMatch","PositiveMatch"
"1330","674dcf86d562257d64750471","control_MaxMatch_Positive_Verb","99","MaxMatch","cherish","fulfill","cherish-fulfill","VerbMatch","PositiveMatch"
"1331","674dcf86d562257d64750471","control_MaxMatch_Negative_Verb","0","MaxMatch","criticize","obsess","criticize-obsess","VerbMatch","NegativeMatch"
"1332","674dcf86d562257d64750471","test_ValenceMatch_Negative","0","ValenceMatchingOnly","bleed","terror","bleed-terror","VerbMismatch","NegativeMatch"
"1333","674dcf86d562257d64750471","test_ConceptualMatch_Noun","0","ConceptualMatchingOnly","compassion","chocolate","compassion-chocolate","ConceptualMatch:noun","PositiveMismatch"
"1334","674dcf86d562257d64750471","control_Dissimilar","0","DissimilarControl","enter","exit","enter-exit","",""
"1335","674dcf86d562257d64750471","control_MaxMismatch","0","MaxMismatch","cherish","fireplace","cherish-fireplace","VerbMismatch","PositiveMismatch"
"1336","674dcf86d562257d64750471","test_ConceptualMatch_Verb","0","ConceptualMatchingOnly","admire","eat","admire-eat","ConceptualMatch:verb","PositiveMismatch"
"1337","674dcf86d562257d64750471","test_ValenceMatch_Positive","99","ValenceMatchingOnly","kindness","cherish","kindness-cherish","NounMismatch","PositiveMatch"
"1338","674dcf86d562257d64750471","control_MaxMatch_Negative_Noun","16","MaxMatch","anxiety","grief","anxiety-grief","NounMatch","NegativeMatch"
"1339","674dcf86d562257d64750471","control_Similar","99","SimilarControl","get","obtain","get-obtain","",""
"1340","674dcf86d562257d64750471","control_Dissimilar","25","DissimilarControl","arrive","leave","arrive-leave","",""
"1341","674dcf86d562257d64750471","control_Similar","99","SimilarControl","ask","inquire","ask-inquire","",""
"1342","674dcf86d562257d64750471","control_MaxMatch_Positive_Noun","24","MaxMatch","gratitude","inspiration","gratitude-inspiration","NounMatch","PositiveMatch"
"1343","674dcf86d562257d64750471","control_MaxMatch_Positive_Verb","20","MaxMatch","cherish","enlighten","cherish-enlighten","VerbMatch","PositiveMatch"
"1344","674dcf86d562257d64750471","control_MaxMatch_Negative_Verb","35","MaxMatch","fester","writhe","fester-writhe","VerbMatch","NegativeMatch"
"1345","674dcf86d562257d64750471","test_ValenceMatch_Negative","4","ValenceMatchingOnly","stab","anxiety","stab-anxiety","VerbMismatch","NegativeMatch"
"1346","674dcf86d562257d64750471","test_ConceptualMatch_Noun","0","ConceptualMatchingOnly","inspiration","fireplace","inspiration-fireplace","ConceptualMatch:noun","PositiveMismatch"
"1347","674dcf86d562257d64750471","control_Dissimilar","0","DissimilarControl","increase","decrease","increase-decrease","",""
"1348","674dcf86d562257d64750471","control_MaxMismatch","0","MaxMismatch","imagine","breathe","imagine-breathe","VerbMismatch","PositiveMismatch"
"1349","674dcf86d562257d64750471","test_ConceptualMatch_Verb","0","ConceptualMatchingOnly","cherish","glide","cherish-glide","ConceptualMatch:verb","PositiveMismatch"
"1350","674dcf86d562257d64750471","test_ValenceMatch_Positive","99","ValenceMatchingOnly","compassion","fulfill","compassion-fulfill","NounMismatch","PositiveMatch"
"1351","674dcf86d562257d64750471","control_MaxMatch_Negative_Noun","0","MaxMatch","mud","failure","mud-failure","NounMatch","NegativeMatch"
"1352","674dcf86d562257d64750471","control_Similar","0","SimilarControl","use","employ","use-employ","",""
"1353","674dcf86d562257d64750471","control_Dissimilar","0","DissimilarControl","rise","fall","rise-fall","",""
"1354","674dcf86d562257d64750471","control_Similar","99","SimilarControl","speak","talk","speak-talk","",""
"1355","674dcf86d562257d64750471","control_MaxMatch_Positive_Noun","99","MaxMatch","compassion","gratitude","compassion-gratitude","NounMatch","PositiveMatch"
"1356","674dcf86d562257d64750471","control_MaxMatch_Positive_Verb","0","MaxMatch","enlighten","fulfill","enlighten-fulfill","VerbMatch","PositiveMatch"
"1357","674dcf86d562257d64750471","control_MaxMatch_Negative_Verb","2","MaxMatch","choke","befall","choke-befall","VerbMatch","NegativeMatch"
"1358","674dcf86d562257d64750471","test_ValenceMatch_Negative","0","ValenceMatchingOnly","choke","hatred","choke-hatred","VerbMismatch","NegativeMatch"
"1359","674dcf86d562257d64750471","test_ConceptualMatch_Noun","2","ConceptualMatchingOnly","freedom","flowers","freedom-flowers","ConceptualMatch:noun","PositiveMismatch"
"1360","674dcf86d562257d64750471","control_Dissimilar","0","DissimilarControl","open","close","open-close","",""
"1361","674dcf86d562257d64750471","control_MaxMismatch","0","MaxMismatch","fulfill","glide","fulfill-glide","VerbMismatch","PositiveMismatch"
"1362","674dcf86d562257d64750471","test_ConceptualMatch_Verb","0","ConceptualMatchingOnly","admire","glide","admire-glide","ConceptualMatch:verb","PositiveMismatch"
"1363","674dcf86d562257d64750471","test_ValenceMatch_Positive","0","ValenceMatchingOnly","freedom","enlighten","freedom-enlighten","NounMismatch","PositiveMatch"
"1364","674dcf86d562257d64750471","control_MaxMatch_Negative_Noun","0","MaxMatch","corpse","anxiety","corpse-anxiety","NounMatch","NegativeMatch"
"1365","674dcf86d562257d64750471","control_Similar","99","SimilarControl","buy","purchase","buy-purchase","",""
"1366","55aeaeb3fdf99b5c769f1f7c","control_Similar","94","SimilarControl","speak","talk","speak-talk","",""
"1367","55aeaeb3fdf99b5c769f1f7c","control_Dissimilar","0","DissimilarControl","arrive","leave","arrive-leave","",""
"1368","55aeaeb3fdf99b5c769f1f7c","control_MaxMatch_Positive_Noun","37","MaxMatch","compassion","gratitude","compassion-gratitude","NounMatch","PositiveMatch"
"1369","55aeaeb3fdf99b5c769f1f7c","control_MaxMismatch","0","MaxMismatch","imagine","home","imagine-home","VerbMismatch","PositiveMismatch"
"1370","55aeaeb3fdf99b5c769f1f7c","test_ConceptualMatch_Verb","8","ConceptualMatchingOnly","cherish","eat","cherish-eat","ConceptualMatch:verb","PositiveMismatch"
"1371","55aeaeb3fdf99b5c769f1f7c","test_ValenceMatch_Negative","23","ValenceMatchingOnly","bleed","terror","bleed-terror","VerbMismatch","NegativeMatch"
"1372","55aeaeb3fdf99b5c769f1f7c","control_Similar","84","SimilarControl","get","obtain","get-obtain","",""
"1373","55aeaeb3fdf99b5c769f1f7c","control_MaxMatch_Positive_Verb","31","MaxMatch","cherish","fulfill","cherish-fulfill","VerbMatch","PositiveMatch"
"1374","55aeaeb3fdf99b5c769f1f7c","test_ValenceMatch_Positive","58","ValenceMatchingOnly","freedom","cherish","freedom-cherish","NounMismatch","PositiveMatch"
"1375","55aeaeb3fdf99b5c769f1f7c","control_Dissimilar","0","DissimilarControl","give","take","give-take","",""
"1376","55aeaeb3fdf99b5c769f1f7c","control_MaxMatch_Negative_Verb","22","MaxMatch","fester","writhe","fester-writhe","VerbMatch","NegativeMatch"
"1377","55aeaeb3fdf99b5c769f1f7c","test_ConceptualMatch_Noun","0","ConceptualMatchingOnly","freedom","fireplace","freedom-fireplace","ConceptualMatch:noun","PositiveMismatch"
"1378","55aeaeb3fdf99b5c769f1f7c","control_MaxMatch_Negative_Noun","0","MaxMatch","mud","failure","mud-failure","NounMatch","NegativeMatch"
"1379","55aeaeb3fdf99b5c769f1f7c","control_Similar","94","SimilarControl","ask","inquire","ask-inquire","",""
"1380","55aeaeb3fdf99b5c769f1f7c","control_Dissimilar","0","DissimilarControl","add","remove","add-remove","",""
"1381","55aeaeb3fdf99b5c769f1f7c","control_MaxMatch_Positive_Noun","12","MaxMatch","compassion","freedom","compassion-freedom","NounMatch","PositiveMatch"
"1382","55aeaeb3fdf99b5c769f1f7c","control_MaxMismatch","0","MaxMismatch","admire","breathe","admire-breathe","VerbMismatch","PositiveMismatch"
"1383","55aeaeb3fdf99b5c769f1f7c","test_ConceptualMatch_Verb","10","ConceptualMatchingOnly","fulfill","breathe","fulfill-breathe","ConceptualMatch:verb","PositiveMismatch"
"1384","55aeaeb3fdf99b5c769f1f7c","test_ValenceMatch_Negative","12","ValenceMatchingOnly","choke","grief","choke-grief","VerbMismatch","NegativeMatch"
"1385","55aeaeb3fdf99b5c769f1f7c","control_Similar","99","SimilarControl","begin","start","begin-start","",""
"1386","55aeaeb3fdf99b5c769f1f7c","control_MaxMatch_Positive_Verb","0","MaxMatch","cherish","imagine","cherish-imagine","VerbMatch","PositiveMatch"
"1387","55aeaeb3fdf99b5c769f1f7c","test_ValenceMatch_Positive","41","ValenceMatchingOnly","gratitude","fulfill","gratitude-fulfill","NounMismatch","PositiveMatch"
"1388","55aeaeb3fdf99b5c769f1f7c","control_Dissimilar","0","DissimilarControl","begin","end","begin-end","",""
"1389","55aeaeb3fdf99b5c769f1f7c","control_MaxMatch_Negative_Verb","6","MaxMatch","writhe","stab","writhe-stab","VerbMatch","NegativeMatch"
"1390","55aeaeb3fdf99b5c769f1f7c","test_ConceptualMatch_Noun","0","ConceptualMatchingOnly","compassion","beach","compassion-beach","ConceptualMatch:noun","PositiveMismatch"
"1391","55aeaeb3fdf99b5c769f1f7c","control_MaxMatch_Negative_Noun","0","MaxMatch","toxin","slave","toxin-slave","NounMatch","NegativeMatch"
"1392","55aeaeb3fdf99b5c769f1f7c","control_Similar","84","SimilarControl","use","employ","use-employ","",""
"1393","55aeaeb3fdf99b5c769f1f7c","control_Dissimilar","0","DissimilarControl","increase","decrease","increase-decrease","",""
"1394","55aeaeb3fdf99b5c769f1f7c","control_MaxMatch_Positive_Noun","13","MaxMatch","freedom","kindness","freedom-kindness","NounMatch","PositiveMatch"
"1395","55aeaeb3fdf99b5c769f1f7c","control_MaxMismatch","0","MaxMismatch","imagine","fireplace","imagine-fireplace","VerbMismatch","PositiveMismatch"
"1396","55aeaeb3fdf99b5c769f1f7c","test_ConceptualMatch_Verb","0","ConceptualMatchingOnly","enlighten","glide","enlighten-glide","ConceptualMatch:verb","PositiveMismatch"
"1397","55aeaeb3fdf99b5c769f1f7c","test_ValenceMatch_Negative","8","ValenceMatchingOnly","choke","hatred","choke-hatred","VerbMismatch","NegativeMatch"
"1398","55aeaeb3fdf99b5c769f1f7c","control_Similar","93","SimilarControl","end","finish","end-finish","",""
"1399","55aeaeb3fdf99b5c769f1f7c","control_MaxMatch_Positive_Verb","26","MaxMatch","fulfill","imagine","fulfill-imagine","VerbMatch","PositiveMatch"
"1400","55aeaeb3fdf99b5c769f1f7c","test_ValenceMatch_Positive","23","ValenceMatchingOnly","gratitude","enlighten","gratitude-enlighten","NounMismatch","PositiveMatch"
"1401","55aeaeb3fdf99b5c769f1f7c","control_Dissimilar","0","DissimilarControl","open","close","open-close","",""
"1402","55aeaeb3fdf99b5c769f1f7c","control_MaxMatch_Negative_Verb","20","MaxMatch","stab","criticize","stab-criticize","VerbMatch","NegativeMatch"
"1403","55aeaeb3fdf99b5c769f1f7c","test_ConceptualMatch_Noun","4","ConceptualMatchingOnly","kindness","chocolate","kindness-chocolate","ConceptualMatch:noun","PositiveMismatch"
"1404","55aeaeb3fdf99b5c769f1f7c","control_MaxMatch_Negative_Noun","0","MaxMatch","garbage","terror","garbage-terror","NounMatch","NegativeMatch"
"1405","55aeaeb3fdf99b5c769f1f7c","control_Similar","92","SimilarControl","help","assist","help-assist","",""
"1406","55aeaeb3fdf99b5c769f1f7c","control_Dissimilar","0","DissimilarControl","enter","exit","enter-exit","",""
"1407","55aeaeb3fdf99b5c769f1f7c","control_MaxMatch_Positive_Noun","4","MaxMatch","inspiration","kindness","inspiration-kindness","NounMatch","PositiveMatch"
"1408","55aeaeb3fdf99b5c769f1f7c","control_MaxMismatch","8","MaxMismatch","admire","home","admire-home","VerbMismatch","PositiveMismatch"
"1409","55aeaeb3fdf99b5c769f1f7c","test_ConceptualMatch_Verb","23","ConceptualMatchingOnly","fulfill","eat","fulfill-eat","ConceptualMatch:verb","PositiveMismatch"
"1410","55aeaeb3fdf99b5c769f1f7c","test_ValenceMatch_Negative","59","ValenceMatchingOnly","writhe","hatred","writhe-hatred","VerbMismatch","NegativeMatch"
"1411","55aeaeb3fdf99b5c769f1f7c","control_Similar","92","SimilarControl","show","display","show-display","",""
"1412","55aeaeb3fdf99b5c769f1f7c","control_MaxMatch_Positive_Verb","35","MaxMatch","enlighten","imagine","enlighten-imagine","VerbMatch","PositiveMatch"
"1413","55aeaeb3fdf99b5c769f1f7c","test_ValenceMatch_Positive","72","ValenceMatchingOnly","gratitude","cherish","gratitude-cherish","NounMismatch","PositiveMatch"
"1414","55aeaeb3fdf99b5c769f1f7c","control_Dissimilar","0","DissimilarControl","rise","fall","rise-fall","",""
"1415","55aeaeb3fdf99b5c769f1f7c","control_MaxMatch_Negative_Verb","3","MaxMatch","bleed","befall","bleed-befall","VerbMatch","NegativeMatch"
"1416","55aeaeb3fdf99b5c769f1f7c","test_ConceptualMatch_Noun","0","ConceptualMatchingOnly","freedom","beach","freedom-beach","ConceptualMatch:noun","PositiveMismatch"
"1417","55aeaeb3fdf99b5c769f1f7c","control_MaxMatch_Negative_Noun","13","MaxMatch","toxin","mud","toxin-mud","NounMatch","NegativeMatch"
"1418","55aeaeb3fdf99b5c769f1f7c","control_Similar","87","SimilarControl","need","require","need-require","",""
"1419","55aeaeb3fdf99b5c769f1f7c","control_Dissimilar","0","DissimilarControl","push","pull","push-pull","",""
"1420","55aeaeb3fdf99b5c769f1f7c","control_MaxMatch_Positive_Noun","16","MaxMatch","compassion","inspiration","compassion-inspiration","NounMatch","PositiveMatch"
"1421","55aeaeb3fdf99b5c769f1f7c","control_MaxMismatch","0","MaxMismatch","admire","glide","admire-glide","VerbMismatch","PositiveMismatch"
"1422","55aeaeb3fdf99b5c769f1f7c","test_ConceptualMatch_Verb","0","ConceptualMatchingOnly","admire","running","admire-running","ConceptualMatch:verb","PositiveMismatch"
"1423","55aeaeb3fdf99b5c769f1f7c","test_ValenceMatch_Negative","3","ValenceMatchingOnly","stab","anxiety","stab-anxiety","VerbMismatch","NegativeMatch"
"1424","55aeaeb3fdf99b5c769f1f7c","control_Similar","94","SimilarControl","buy","purchase","buy-purchase","",""
"1425","55aeaeb3fdf99b5c769f1f7c","control_MaxMatch_Positive_Verb","47","MaxMatch","enlighten","fulfill","enlighten-fulfill","VerbMatch","PositiveMatch"
"1426","55aeaeb3fdf99b5c769f1f7c","test_ValenceMatch_Positive","35","ValenceMatchingOnly","kindness","enlighten","kindness-enlighten","NounMismatch","PositiveMatch"
"1427","55aeaeb3fdf99b5c769f1f7c","control_Dissimilar","0","DissimilarControl","come","go","come-go","",""
"1428","55aeaeb3fdf99b5c769f1f7c","control_MaxMatch_Negative_Verb","37","MaxMatch","resent","obsess","resent-obsess","VerbMatch","NegativeMatch"
"1429","55aeaeb3fdf99b5c769f1f7c","test_ConceptualMatch_Noun","0","ConceptualMatchingOnly","inspiration","fireplace","inspiration-fireplace","ConceptualMatch:noun","PositiveMismatch"
"1430","55aeaeb3fdf99b5c769f1f7c","control_MaxMatch_Negative_Noun","68","MaxMatch","terror","anxiety","terror-anxiety","NounMatch","NegativeMatch"
"1431","662bf98a6f25e5ccdce46ebc","control_Similar","99","SimilarControl","show","display","show-display","",""
"1432","662bf98a6f25e5ccdce46ebc","control_Dissimilar","0","DissimilarControl","arrive","leave","arrive-leave","",""
"1433","662bf98a6f25e5ccdce46ebc","control_MaxMatch_Positive_Noun","99","MaxMatch","gratitude","kindness","gratitude-kindness","NounMatch","PositiveMatch"
"1434","662bf98a6f25e5ccdce46ebc","test_ValenceMatch_Negative","99","ValenceMatchingOnly","writhe","failure","writhe-failure","VerbMismatch","NegativeMatch"
"1435","662bf98a6f25e5ccdce46ebc","control_Similar","99","SimilarControl","ask","inquire","ask-inquire","",""
"1436","662bf98a6f25e5ccdce46ebc","control_MaxMatch_Negative_Verb","99","MaxMatch","writhe","exploit","writhe-exploit","VerbMatch","NegativeMatch"
"1437","662bf98a6f25e5ccdce46ebc","test_ValenceMatch_Positive","96","ValenceMatchingOnly","freedom","enlighten","freedom-enlighten","NounMismatch","PositiveMatch"
"1438","662bf98a6f25e5ccdce46ebc","test_ConceptualMatch_Noun","5","ConceptualMatchingOnly","compassion","chocolate","compassion-chocolate","ConceptualMatch:noun","PositiveMismatch"
"1439","662bf98a6f25e5ccdce46ebc","control_MaxMatch_Negative_Noun","64","MaxMatch","hatred","grief","hatred-grief","NounMatch","NegativeMatch"
"1440","662bf98a6f25e5ccdce46ebc","test_ConceptualMatch_Verb","0","ConceptualMatchingOnly","fulfill","glisten","fulfill-glisten","ConceptualMatch:verb","PositiveMismatch"
"1441","662bf98a6f25e5ccdce46ebc","control_MaxMismatch","0","MaxMismatch","enlighten","beach","enlighten-beach","VerbMismatch","PositiveMismatch"
"1442","662bf98a6f25e5ccdce46ebc","control_MaxMatch_Positive_Verb","5","MaxMatch","fulfill","imagine","fulfill-imagine","VerbMatch","PositiveMatch"
"1443","662bf98a6f25e5ccdce46ebc","control_Dissimilar","0","DissimilarControl","open","close","open-close","",""
"1444","662bf98a6f25e5ccdce46ebc","control_Similar","99","SimilarControl","use","employ","use-employ","",""
"1445","662bf98a6f25e5ccdce46ebc","control_Dissimilar","0","DissimilarControl","begin","end","begin-end","",""
"1446","662bf98a6f25e5ccdce46ebc","control_MaxMatch_Positive_Noun","78","MaxMatch","freedom","kindness","freedom-kindness","NounMatch","PositiveMatch"
"1447","662bf98a6f25e5ccdce46ebc","test_ValenceMatch_Negative","21","ValenceMatchingOnly","fester","grief","fester-grief","VerbMismatch","NegativeMatch"
"1448","662bf98a6f25e5ccdce46ebc","control_Similar","99","SimilarControl","get","obtain","get-obtain","",""
"1449","662bf98a6f25e5ccdce46ebc","control_MaxMatch_Negative_Verb","71","MaxMatch","bleed","stab","bleed-stab","VerbMatch","NegativeMatch"
"1450","662bf98a6f25e5ccdce46ebc","test_ValenceMatch_Positive","31","ValenceMatchingOnly","gratitude","imagine","gratitude-imagine","NounMismatch","PositiveMatch"
"1451","662bf98a6f25e5ccdce46ebc","test_ConceptualMatch_Noun","0","ConceptualMatchingOnly","gratitude","beach","gratitude-beach","ConceptualMatch:noun","PositiveMismatch"
"1452","662bf98a6f25e5ccdce46ebc","control_MaxMatch_Negative_Noun","0","MaxMatch","corpse","anxiety","corpse-anxiety","NounMatch","NegativeMatch"
"1453","662bf98a6f25e5ccdce46ebc","test_ConceptualMatch_Verb","0","ConceptualMatchingOnly","fulfill","running","fulfill-running","ConceptualMatch:verb","PositiveMismatch"
"1454","662bf98a6f25e5ccdce46ebc","control_MaxMismatch","0","MaxMismatch","fulfill","glisten","fulfill-glisten","VerbMismatch","PositiveMismatch"
"1455","662bf98a6f25e5ccdce46ebc","control_MaxMatch_Positive_Verb","30","MaxMatch","cherish","imagine","cherish-imagine","VerbMatch","PositiveMatch"
"1456","662bf98a6f25e5ccdce46ebc","control_Dissimilar","0","DissimilarControl","give","take","give-take","",""
"1457","662bf98a6f25e5ccdce46ebc","control_Similar","99","SimilarControl","need","require","need-require","",""
"1458","662bf98a6f25e5ccdce46ebc","control_Dissimilar","0","DissimilarControl","come","go","come-go","",""
"1459","662bf98a6f25e5ccdce46ebc","control_MaxMatch_Positive_Noun","5","MaxMatch","compassion","freedom","compassion-freedom","NounMatch","PositiveMatch"
"1460","662bf98a6f25e5ccdce46ebc","test_ValenceMatch_Negative","0","ValenceMatchingOnly","bleed","anxiety","bleed-anxiety","VerbMismatch","NegativeMatch"
"1461","662bf98a6f25e5ccdce46ebc","control_Similar","0","SimilarControl","begin","start","begin-start","",""
"1462","662bf98a6f25e5ccdce46ebc","control_MaxMatch_Negative_Verb","0","MaxMatch","stab","exploit","stab-exploit","VerbMatch","NegativeMatch"
"1463","662bf98a6f25e5ccdce46ebc","test_ValenceMatch_Positive","27","ValenceMatchingOnly","kindness","fulfill","kindness-fulfill","NounMismatch","PositiveMatch"
"1464","662bf98a6f25e5ccdce46ebc","test_ConceptualMatch_Noun","0","ConceptualMatchingOnly","inspiration","beach","inspiration-beach","ConceptualMatch:noun","PositiveMismatch"
"1465","662bf98a6f25e5ccdce46ebc","control_MaxMatch_Negative_Noun","0","MaxMatch","slave","grief","slave-grief","NounMatch","NegativeMatch"
"1466","662bf98a6f25e5ccdce46ebc","test_ConceptualMatch_Verb","0","ConceptualMatchingOnly","cherish","eat","cherish-eat","ConceptualMatch:verb","PositiveMismatch"
"1467","662bf98a6f25e5ccdce46ebc","control_MaxMismatch","13","MaxMismatch","fulfill","breathe","fulfill-breathe","VerbMismatch","PositiveMismatch"
"1468","662bf98a6f25e5ccdce46ebc","control_MaxMatch_Positive_Verb","75","MaxMatch","cherish","enlighten","cherish-enlighten","VerbMatch","PositiveMatch"
"1469","662bf98a6f25e5ccdce46ebc","control_Dissimilar","0","DissimilarControl","rise","fall","rise-fall","",""
"1470","662bf98a6f25e5ccdce46ebc","control_Similar","99","SimilarControl","speak","talk","speak-talk","",""
"1471","662bf98a6f25e5ccdce46ebc","control_Dissimilar","0","DissimilarControl","increase","decrease","increase-decrease","",""
"1472","662bf98a6f25e5ccdce46ebc","control_MaxMatch_Positive_Noun","71","MaxMatch","freedom","gratitude","freedom-gratitude","NounMatch","PositiveMatch"
"1473","662bf98a6f25e5ccdce46ebc","test_ValenceMatch_Negative","0","ValenceMatchingOnly","stab","grief","stab-grief","VerbMismatch","NegativeMatch"
"1474","662bf98a6f25e5ccdce46ebc","control_Similar","99","SimilarControl","help","assist","help-assist","",""
"1475","662bf98a6f25e5ccdce46ebc","control_MaxMatch_Negative_Verb","38","MaxMatch","choke","stab","choke-stab","VerbMatch","NegativeMatch"
"1476","662bf98a6f25e5ccdce46ebc","test_ValenceMatch_Positive","32","ValenceMatchingOnly","compassion","enlighten","compassion-enlighten","NounMismatch","PositiveMatch"
"1477","662bf98a6f25e5ccdce46ebc","test_ConceptualMatch_Noun","5","ConceptualMatchingOnly","compassion","flowers","compassion-flowers","ConceptualMatch:noun","PositiveMismatch"
"1478","662bf98a6f25e5ccdce46ebc","control_MaxMatch_Negative_Noun","73","MaxMatch","corpse","grief","corpse-grief","NounMatch","NegativeMatch"
"1479","662bf98a6f25e5ccdce46ebc","test_ConceptualMatch_Verb","0","ConceptualMatchingOnly","cherish","breathe","cherish-breathe","ConceptualMatch:verb","PositiveMismatch"
"1480","662bf98a6f25e5ccdce46ebc","control_MaxMismatch","0","MaxMismatch","cherish","running","cherish-running","VerbMismatch","PositiveMismatch"
"1481","662bf98a6f25e5ccdce46ebc","control_MaxMatch_Positive_Verb","70","MaxMatch","enlighten","fulfill","enlighten-fulfill","VerbMatch","PositiveMatch"
"1482","662bf98a6f25e5ccdce46ebc","control_Dissimilar","0","DissimilarControl","add","remove","add-remove","",""
"1483","662bf98a6f25e5ccdce46ebc","control_Similar","99","SimilarControl","end","finish","end-finish","",""
"1484","662bf98a6f25e5ccdce46ebc","control_Dissimilar","0","DissimilarControl","enter","exit","enter-exit","",""
"1485","662bf98a6f25e5ccdce46ebc","control_MaxMatch_Positive_Noun","87","MaxMatch","compassion","inspiration","compassion-inspiration","NounMatch","PositiveMatch"
"1486","662bf98a6f25e5ccdce46ebc","test_ValenceMatch_Negative","0","ValenceMatchingOnly","choke","hatred","choke-hatred","VerbMismatch","NegativeMatch"
"1487","662bf98a6f25e5ccdce46ebc","control_Similar","99","SimilarControl","buy","purchase","buy-purchase","",""
"1488","662bf98a6f25e5ccdce46ebc","control_MaxMatch_Negative_Verb","0","MaxMatch","bleed","criticize","bleed-criticize","VerbMatch","NegativeMatch"
"1489","662bf98a6f25e5ccdce46ebc","test_ValenceMatch_Positive","99","ValenceMatchingOnly","inspiration","enlighten","inspiration-enlighten","NounMismatch","PositiveMatch"
"1490","662bf98a6f25e5ccdce46ebc","test_ConceptualMatch_Noun","0","ConceptualMatchingOnly","inspiration","fireplace","inspiration-fireplace","ConceptualMatch:noun","PositiveMismatch"
"1491","662bf98a6f25e5ccdce46ebc","control_MaxMatch_Negative_Noun","15","MaxMatch","terror","grief","terror-grief","NounMatch","NegativeMatch"
"1492","662bf98a6f25e5ccdce46ebc","test_ConceptualMatch_Verb","0","ConceptualMatchingOnly","imagine","glide","imagine-glide","ConceptualMatch:verb","PositiveMismatch"
"1493","662bf98a6f25e5ccdce46ebc","control_MaxMismatch","0","MaxMismatch","enlighten","flowers","enlighten-flowers","VerbMismatch","PositiveMismatch"
"1494","662bf98a6f25e5ccdce46ebc","control_MaxMatch_Positive_Verb","81","MaxMatch","admire","enlighten","admire-enlighten","VerbMatch","PositiveMatch"
"1495","662bf98a6f25e5ccdce46ebc","control_Dissimilar","0","DissimilarControl","push","pull","push-pull","",""
"1496","665922cc624996d90589447a","control_Dissimilar","0","DissimilarControl","push","pull","push-pull","",""
"1497","665922cc624996d90589447a","control_Similar","99","SimilarControl","end","finish","end-finish","",""
"1498","665922cc624996d90589447a","test_ValenceMatch_Negative","0","ValenceMatchingOnly","choke","hatred","choke-hatred","VerbMismatch","NegativeMatch"
"1499","665922cc624996d90589447a","control_MaxMatch_Positive_Verb","52","MaxMatch","cherish","fulfill","cherish-fulfill","VerbMatch","PositiveMatch"
"1500","665922cc624996d90589447a","control_MaxMismatch","0","MaxMismatch","admire","glide","admire-glide","VerbMismatch","PositiveMismatch"
"1501","665922cc624996d90589447a","control_MaxMatch_Negative_Verb","0","MaxMatch","bleed","exploit","bleed-exploit","VerbMatch","NegativeMatch"
"1502","665922cc624996d90589447a","control_MaxMatch_Positive_Noun","71","MaxMatch","gratitude","kindness","gratitude-kindness","NounMatch","PositiveMatch"
"1503","665922cc624996d90589447a","test_ConceptualMatch_Verb","0","ConceptualMatchingOnly","imagine","glide","imagine-glide","ConceptualMatch:verb","PositiveMismatch"
"1504","665922cc624996d90589447a","control_Dissimilar","0","DissimilarControl","give","take","give-take","",""
"1505","665922cc624996d90589447a","control_MaxMatch_Negative_Noun","33","MaxMatch","garbage","slave","garbage-slave","NounMatch","NegativeMatch"
"1506","665922cc624996d90589447a","test_ValenceMatch_Positive","0","ValenceMatchingOnly","gratitude","admire","gratitude-admire","NounMismatch","PositiveMatch"
"1507","665922cc624996d90589447a","test_ConceptualMatch_Noun","0","ConceptualMatchingOnly","gratitude","chocolate","gratitude-chocolate","ConceptualMatch:noun","PositiveMismatch"
"1508","665922cc624996d90589447a","control_Similar","99","SimilarControl","begin","start","begin-start","",""
"1509","665922cc624996d90589447a","control_Dissimilar","0","DissimilarControl","increase","decrease","increase-decrease","",""
"1510","665922cc624996d90589447a","control_Similar","99","SimilarControl","show","display","show-display","",""
"1511","665922cc624996d90589447a","test_ValenceMatch_Negative","0","ValenceMatchingOnly","writhe","grief","writhe-grief","VerbMismatch","NegativeMatch"
"1512","665922cc624996d90589447a","control_MaxMatch_Positive_Verb","0","MaxMatch","admire","enlighten","admire-enlighten","VerbMatch","PositiveMatch"
"1513","665922cc624996d90589447a","control_MaxMismatch","0","MaxMismatch","enlighten","breathe","enlighten-breathe","VerbMismatch","PositiveMismatch"
"1514","665922cc624996d90589447a","control_MaxMatch_Negative_Verb","99","MaxMatch","fester","resent","fester-resent","VerbMatch","NegativeMatch"
"1515","665922cc624996d90589447a","control_MaxMatch_Positive_Noun","0","MaxMatch","gratitude","inspiration","gratitude-inspiration","NounMatch","PositiveMatch"
"1516","665922cc624996d90589447a","test_ConceptualMatch_Verb","0","ConceptualMatchingOnly","cherish","eat","cherish-eat","ConceptualMatch:verb","PositiveMismatch"
"1517","665922cc624996d90589447a","control_Dissimilar","0","DissimilarControl","add","remove","add-remove","",""
"1518","665922cc624996d90589447a","control_MaxMatch_Negative_Noun","0","MaxMatch","toxin","corpse","toxin-corpse","NounMatch","NegativeMatch"
"1519","665922cc624996d90589447a","test_ValenceMatch_Positive","0","ValenceMatchingOnly","kindness","imagine","kindness-imagine","NounMismatch","PositiveMatch"
"1520","665922cc624996d90589447a","test_ConceptualMatch_Noun","0","ConceptualMatchingOnly","inspiration","fireplace","inspiration-fireplace","ConceptualMatch:noun","PositiveMismatch"
"1521","665922cc624996d90589447a","control_Similar","99","SimilarControl","ask","inquire","ask-inquire","",""
"1522","665922cc624996d90589447a","control_Dissimilar","0","DissimilarControl","enter","exit","enter-exit","",""
"1523","665922cc624996d90589447a","control_Similar","99","SimilarControl","need","require","need-require","",""
"1524","665922cc624996d90589447a","test_ValenceMatch_Negative","0","ValenceMatchingOnly","bleed","terror","bleed-terror","VerbMismatch","NegativeMatch"
"1525","665922cc624996d90589447a","control_MaxMatch_Positive_Verb","0","MaxMatch","enlighten","imagine","enlighten-imagine","VerbMatch","PositiveMatch"
"1526","665922cc624996d90589447a","control_MaxMismatch","0","MaxMismatch","cherish","eat","cherish-eat","VerbMismatch","PositiveMismatch"
"1527","665922cc624996d90589447a","control_MaxMatch_Negative_Verb","99","MaxMatch","fester","obsess","fester-obsess","VerbMatch","NegativeMatch"
"1528","665922cc624996d90589447a","control_MaxMatch_Positive_Noun","0","MaxMatch","freedom","gratitude","freedom-gratitude","NounMatch","PositiveMatch"
"1529","665922cc624996d90589447a","test_ConceptualMatch_Verb","0","ConceptualMatchingOnly","enlighten","glide","enlighten-glide","ConceptualMatch:verb","PositiveMismatch"
"1530","665922cc624996d90589447a","control_Dissimilar","0","DissimilarControl","come","go","come-go","",""
"1531","665922cc624996d90589447a","control_MaxMatch_Negative_Noun","0","MaxMatch","mud","terror","mud-terror","NounMatch","NegativeMatch"
"1532","665922cc624996d90589447a","test_ValenceMatch_Positive","99","ValenceMatchingOnly","inspiration","imagine","inspiration-imagine","NounMismatch","PositiveMatch"
"1533","665922cc624996d90589447a","test_ConceptualMatch_Noun","0","ConceptualMatchingOnly","freedom","fireplace","freedom-fireplace","ConceptualMatch:noun","PositiveMismatch"
"1534","665922cc624996d90589447a","control_Similar","99","SimilarControl","use","employ","use-employ","",""
"1535","665922cc624996d90589447a","control_Dissimilar","0","DissimilarControl","arrive","leave","arrive-leave","",""
"1536","665922cc624996d90589447a","control_Similar","99","SimilarControl","buy","purchase","buy-purchase","",""
"1537","665922cc624996d90589447a","test_ValenceMatch_Negative","0","ValenceMatchingOnly","stab","terror","stab-terror","VerbMismatch","NegativeMatch"
"1538","665922cc624996d90589447a","control_MaxMatch_Positive_Verb","0","MaxMatch","cherish","enlighten","cherish-enlighten","VerbMatch","PositiveMatch"
"1539","665922cc624996d90589447a","control_MaxMismatch","0","MaxMismatch","cherish","breathe","cherish-breathe","VerbMismatch","PositiveMismatch"
"1540","665922cc624996d90589447a","control_MaxMatch_Negative_Verb","0","MaxMatch","choke","befall","choke-befall","VerbMatch","NegativeMatch"
"1541","665922cc624996d90589447a","control_MaxMatch_Positive_Noun","0","MaxMatch","compassion","inspiration","compassion-inspiration","NounMatch","PositiveMatch"
"1542","665922cc624996d90589447a","test_ConceptualMatch_Verb","0","ConceptualMatchingOnly","imagine","running","imagine-running","ConceptualMatch:verb","PositiveMismatch"
"1543","665922cc624996d90589447a","control_Dissimilar","0","DissimilarControl","begin","end","begin-end","",""
"1544","665922cc624996d90589447a","control_MaxMatch_Negative_Noun","0","MaxMatch","corpse","slave","corpse-slave","NounMatch","NegativeMatch"
"1545","665922cc624996d90589447a","test_ValenceMatch_Positive","0","ValenceMatchingOnly","kindness","cherish","kindness-cherish","NounMismatch","PositiveMatch"
"1546","665922cc624996d90589447a","test_ConceptualMatch_Noun","0","ConceptualMatchingOnly","compassion","fireplace","compassion-fireplace","ConceptualMatch:noun","PositiveMismatch"
"1547","665922cc624996d90589447a","control_Similar","99","SimilarControl","speak","talk","speak-talk","",""
"1548","665922cc624996d90589447a","control_Dissimilar","0","DissimilarControl","open","close","open-close","",""
"1549","665922cc624996d90589447a","control_Similar","99","SimilarControl","help","assist","help-assist","",""
"1550","665922cc624996d90589447a","test_ValenceMatch_Negative","0","ValenceMatchingOnly","choke","terror","choke-terror","VerbMismatch","NegativeMatch"
"1551","665922cc624996d90589447a","control_MaxMatch_Positive_Verb","0","MaxMatch","cherish","imagine","cherish-imagine","VerbMatch","PositiveMatch"
"1552","665922cc624996d90589447a","control_MaxMismatch","0","MaxMismatch","cherish","chocolate","cherish-chocolate","VerbMismatch","PositiveMismatch"
"1553","665922cc624996d90589447a","control_MaxMatch_Negative_Verb","0","MaxMatch","befall","resent","befall-resent","VerbMatch","NegativeMatch"
"1554","665922cc624996d90589447a","control_MaxMatch_Positive_Noun","0","MaxMatch","compassion","freedom","compassion-freedom","NounMatch","PositiveMatch"
"1555","665922cc624996d90589447a","test_ConceptualMatch_Verb","0","ConceptualMatchingOnly","enlighten","eat","enlighten-eat","ConceptualMatch:verb","PositiveMismatch"
"1556","665922cc624996d90589447a","control_Dissimilar","0","DissimilarControl","rise","fall","rise-fall","",""
"1557","665922cc624996d90589447a","control_MaxMatch_Negative_Noun","0","MaxMatch","hatred","failure","hatred-failure","NounMatch","NegativeMatch"
"1558","665922cc624996d90589447a","test_ValenceMatch_Positive","0","ValenceMatchingOnly","compassion","enlighten","compassion-enlighten","NounMismatch","PositiveMatch"
"1559","665922cc624996d90589447a","test_ConceptualMatch_Noun","0","ConceptualMatchingOnly","kindness","beach","kindness-beach","ConceptualMatch:noun","PositiveMismatch"
"1560","665922cc624996d90589447a","control_Similar","99","SimilarControl","get","obtain","get-obtain","",""
"1561","5f6fd1451758e95a989623b2","control_Dissimilar","0","DissimilarControl","arrive","leave","arrive-leave","",""
"1562","5f6fd1451758e95a989623b2","control_Similar","99","SimilarControl","ask","inquire","ask-inquire","",""
"1563","5f6fd1451758e95a989623b2","control_MaxMatch_Negative_Verb","99","MaxMatch","fester","resent","fester-resent","VerbMatch","NegativeMatch"
"1564","5f6fd1451758e95a989623b2","control_Dissimilar","0","DissimilarControl","push","pull","push-pull","",""
"1565","5f6fd1451758e95a989623b2","test_ConceptualMatch_Verb","0","ConceptualMatchingOnly","admire","breathe","admire-breathe","ConceptualMatch:verb","PositiveMismatch"
"1566","5f6fd1451758e95a989623b2","test_ConceptualMatch_Noun","0","ConceptualMatchingOnly","freedom","flowers","freedom-flowers","ConceptualMatch:noun","PositiveMismatch"
"1567","5f6fd1451758e95a989623b2","test_ValenceMatch_Negative","32","ValenceMatchingOnly","writhe","hatred","writhe-hatred","VerbMismatch","NegativeMatch"
"1568","5f6fd1451758e95a989623b2","control_MaxMatch_Positive_Verb","84","MaxMatch","admire","cherish","admire-cherish","VerbMatch","PositiveMatch"
"1569","5f6fd1451758e95a989623b2","control_MaxMatch_Positive_Noun","82","MaxMatch","compassion","gratitude","compassion-gratitude","NounMatch","PositiveMatch"
"1570","5f6fd1451758e95a989623b2","control_MaxMatch_Negative_Noun","74","MaxMatch","hatred","failure","hatred-failure","NounMatch","NegativeMatch"
"1571","5f6fd1451758e95a989623b2","control_MaxMismatch","0","MaxMismatch","imagine","flowers","imagine-flowers","VerbMismatch","PositiveMismatch"
"1572","5f6fd1451758e95a989623b2","control_Similar","99","SimilarControl","help","assist","help-assist","",""
"1573","5f6fd1451758e95a989623b2","test_ValenceMatch_Positive","74","ValenceMatchingOnly","kindness","admire","kindness-admire","NounMismatch","PositiveMatch"
"1574","5f6fd1451758e95a989623b2","control_Dissimilar","0","DissimilarControl","begin","end","begin-end","",""
"1575","5f6fd1451758e95a989623b2","control_Similar","99","SimilarControl","use","employ","use-employ","",""
"1576","5f6fd1451758e95a989623b2","control_MaxMatch_Negative_Verb","18","MaxMatch","writhe","bleed","writhe-bleed","VerbMatch","NegativeMatch"
"1577","5f6fd1451758e95a989623b2","control_Dissimilar","0","DissimilarControl","add","remove","add-remove","",""
"1578","5f6fd1451758e95a989623b2","test_ConceptualMatch_Verb","0","ConceptualMatchingOnly","enlighten","running","enlighten-running","ConceptualMatch:verb","PositiveMismatch"
"1579","5f6fd1451758e95a989623b2","test_ConceptualMatch_Noun","0","ConceptualMatchingOnly","gratitude","flowers","gratitude-flowers","ConceptualMatch:noun","PositiveMismatch"
"1580","5f6fd1451758e95a989623b2","test_ValenceMatch_Negative","28","ValenceMatchingOnly","writhe","terror","writhe-terror","VerbMismatch","NegativeMatch"
"1581","5f6fd1451758e95a989623b2","control_MaxMatch_Positive_Verb","69","MaxMatch","admire","enlighten","admire-enlighten","VerbMatch","PositiveMatch"
"1582","5f6fd1451758e95a989623b2","control_MaxMatch_Positive_Noun","64","MaxMatch","gratitude","inspiration","gratitude-inspiration","NounMatch","PositiveMatch"
"1583","5f6fd1451758e95a989623b2","control_MaxMatch_Negative_Noun","0","MaxMatch","mud","hatred","mud-hatred","NounMatch","NegativeMatch"
"1584","5f6fd1451758e95a989623b2","control_MaxMismatch","72","MaxMismatch","cherish","home","cherish-home","VerbMismatch","PositiveMismatch"
"1585","5f6fd1451758e95a989623b2","control_Similar","0","SimilarControl","begin","start","begin-start","",""
"1586","5f6fd1451758e95a989623b2","test_ValenceMatch_Positive","53","ValenceMatchingOnly","gratitude","fulfill","gratitude-fulfill","NounMismatch","PositiveMatch"
"1587","5f6fd1451758e95a989623b2","control_Dissimilar","0","DissimilarControl","come","go","come-go","",""
"1588","5f6fd1451758e95a989623b2","control_Similar","99","SimilarControl","speak","talk","speak-talk","",""
"1589","5f6fd1451758e95a989623b2","control_MaxMatch_Negative_Verb","13","MaxMatch","fester","befall","fester-befall","VerbMatch","NegativeMatch"
"1590","5f6fd1451758e95a989623b2","control_Dissimilar","0","DissimilarControl","open","close","open-close","",""
"1591","5f6fd1451758e95a989623b2","test_ConceptualMatch_Verb","0","ConceptualMatchingOnly","enlighten","glide","enlighten-glide","ConceptualMatch:verb","PositiveMismatch"
"1592","5f6fd1451758e95a989623b2","test_ConceptualMatch_Noun","0","ConceptualMatchingOnly","freedom","chocolate","freedom-chocolate","ConceptualMatch:noun","PositiveMismatch"
"1593","5f6fd1451758e95a989623b2","test_ValenceMatch_Negative","63","ValenceMatchingOnly","choke","grief","choke-grief","VerbMismatch","NegativeMatch"
"1594","5f6fd1451758e95a989623b2","control_MaxMatch_Positive_Verb","0","MaxMatch","fulfill","imagine","fulfill-imagine","VerbMatch","PositiveMatch"
"1595","5f6fd1451758e95a989623b2","control_MaxMatch_Positive_Noun","0","MaxMatch","compassion","freedom","compassion-freedom","NounMatch","PositiveMatch"
"1596","5f6fd1451758e95a989623b2","control_MaxMatch_Negative_Noun","0","MaxMatch","garbage","terror","garbage-terror","NounMatch","NegativeMatch"
"1597","5f6fd1451758e95a989623b2","control_MaxMismatch","0","MaxMismatch","enlighten","beach","enlighten-beach","VerbMismatch","PositiveMismatch"
"1598","5f6fd1451758e95a989623b2","control_Similar","99","SimilarControl","show","display","show-display","",""
"1599","5f6fd1451758e95a989623b2","test_ValenceMatch_Positive","64","ValenceMatchingOnly","compassion","admire","compassion-admire","NounMismatch","PositiveMatch"
"1600","5f6fd1451758e95a989623b2","control_Dissimilar","0","DissimilarControl","increase","decrease","increase-decrease","",""
"1601","5f6fd1451758e95a989623b2","control_Similar","99","SimilarControl","buy","purchase","buy-purchase","",""
"1602","5f6fd1451758e95a989623b2","control_MaxMatch_Negative_Verb","6","MaxMatch","writhe","resent","writhe-resent","VerbMatch","NegativeMatch"
"1603","5f6fd1451758e95a989623b2","control_Dissimilar","0","DissimilarControl","give","take","give-take","",""
"1604","5f6fd1451758e95a989623b2","test_ConceptualMatch_Verb","0","ConceptualMatchingOnly","fulfill","breathe","fulfill-breathe","ConceptualMatch:verb","PositiveMismatch"
"1605","5f6fd1451758e95a989623b2","test_ConceptualMatch_Noun","64","ConceptualMatchingOnly","compassion","flowers","compassion-flowers","ConceptualMatch:noun","PositiveMismatch"
"1606","5f6fd1451758e95a989623b2","test_ValenceMatch_Negative","65","ValenceMatchingOnly","choke","hatred","choke-hatred","VerbMismatch","NegativeMatch"
"1607","5f6fd1451758e95a989623b2","control_MaxMatch_Positive_Verb","0","MaxMatch","admire","fulfill","admire-fulfill","VerbMatch","PositiveMatch"
"1608","5f6fd1451758e95a989623b2","control_MaxMatch_Positive_Noun","62","MaxMatch","freedom","inspiration","freedom-inspiration","NounMatch","PositiveMatch"
"1609","5f6fd1451758e95a989623b2","control_MaxMatch_Negative_Noun","22","MaxMatch","terror","hatred","terror-hatred","NounMatch","NegativeMatch"
"1610","5f6fd1451758e95a989623b2","control_MaxMismatch","0","MaxMismatch","fulfill","flowers","fulfill-flowers","VerbMismatch","PositiveMismatch"
"1611","5f6fd1451758e95a989623b2","control_Similar","99","SimilarControl","get","obtain","get-obtain","",""
"1612","5f6fd1451758e95a989623b2","test_ValenceMatch_Positive","31","ValenceMatchingOnly","freedom","admire","freedom-admire","NounMismatch","PositiveMatch"
"1613","5f6fd1451758e95a989623b2","control_Dissimilar","0","DissimilarControl","enter","exit","enter-exit","",""
"1614","5f6fd1451758e95a989623b2","control_Similar","87","SimilarControl","need","require","need-require","",""
"1615","5f6fd1451758e95a989623b2","control_MaxMatch_Negative_Verb","68","MaxMatch","stab","exploit","stab-exploit","VerbMatch","NegativeMatch"
"1616","5f6fd1451758e95a989623b2","control_Dissimilar","0","DissimilarControl","rise","fall","rise-fall","",""
"1617","5f6fd1451758e95a989623b2","test_ConceptualMatch_Verb","76","ConceptualMatchingOnly","fulfill","eat","fulfill-eat","ConceptualMatch:verb","PositiveMismatch"
"1618","5f6fd1451758e95a989623b2","test_ConceptualMatch_Noun","0","ConceptualMatchingOnly","compassion","beach","compassion-beach","ConceptualMatch:noun","PositiveMismatch"
"1619","5f6fd1451758e95a989623b2","test_ValenceMatch_Negative","26","ValenceMatchingOnly","stab","hatred","stab-hatred","VerbMismatch","NegativeMatch"
"1620","5f6fd1451758e95a989623b2","control_MaxMatch_Positive_Verb","0","MaxMatch","cherish","enlighten","cherish-enlighten","VerbMatch","PositiveMatch"
"1621","5f6fd1451758e95a989623b2","control_MaxMatch_Positive_Noun","89","MaxMatch","compassion","kindness","compassion-kindness","NounMatch","PositiveMatch"
"1622","5f6fd1451758e95a989623b2","control_MaxMatch_Negative_Noun","0","MaxMatch","mud","failure","mud-failure","NounMatch","NegativeMatch"
"1623","5f6fd1451758e95a989623b2","control_MaxMismatch","0","MaxMismatch","cherish","chocolate","cherish-chocolate","VerbMismatch","PositiveMismatch"
"1624","5f6fd1451758e95a989623b2","control_Similar","99","SimilarControl","end","finish","end-finish","",""
"1625","5f6fd1451758e95a989623b2","test_ValenceMatch_Positive","66","ValenceMatchingOnly","gratitude","admire","gratitude-admire","NounMismatch","PositiveMatch"
"1626","67eee89119de070d8b864f60","control_Dissimilar","0","DissimilarControl","add","remove","add-remove","",""
"1627","67eee89119de070d8b864f60","control_Similar","99","SimilarControl","end","finish","end-finish","",""
"1628","67eee89119de070d8b864f60","test_ValenceMatch_Positive","99","ValenceMatchingOnly","kindness","enlighten","kindness-enlighten","NounMismatch","PositiveMatch"
"1629","67eee89119de070d8b864f60","control_MaxMatch_Negative_Noun","42","MaxMatch","hatred","failure","hatred-failure","NounMatch","NegativeMatch"
"1630","67eee89119de070d8b864f60","control_Dissimilar","0","DissimilarControl","arrive","leave","arrive-leave","",""
"1631","67eee89119de070d8b864f60","control_MaxMatch_Negative_Verb","0","MaxMatch","exploit","resent","exploit-resent","VerbMatch","NegativeMatch"
"1632","67eee89119de070d8b864f60","control_MaxMatch_Positive_Verb","99","MaxMatch","admire","cherish","admire-cherish","VerbMatch","PositiveMatch"
"1633","67eee89119de070d8b864f60","control_Similar","0","SimilarControl","use","employ","use-employ","",""
"1634","67eee89119de070d8b864f60","test_ValenceMatch_Negative","99","ValenceMatchingOnly","stab","terror","stab-terror","VerbMismatch","NegativeMatch"
"1635","67eee89119de070d8b864f60","control_MaxMismatch","0","MaxMismatch","admire","beach","admire-beach","VerbMismatch","PositiveMismatch"
"1636","67eee89119de070d8b864f60","control_MaxMatch_Positive_Noun","40","MaxMatch","compassion","freedom","compassion-freedom","NounMatch","PositiveMatch"
"1637","67eee89119de070d8b864f60","test_ConceptualMatch_Noun","0","ConceptualMatchingOnly","kindness","beach","kindness-beach","ConceptualMatch:noun","PositiveMismatch"
"1638","67eee89119de070d8b864f60","test_ConceptualMatch_Verb","0","ConceptualMatchingOnly","cherish","eat","cherish-eat","ConceptualMatch:verb","PositiveMismatch"
"1639","67eee89119de070d8b864f60","control_Dissimilar","0","DissimilarControl","open","close","open-close","",""
"1640","67eee89119de070d8b864f60","control_Similar","99","SimilarControl","ask","inquire","ask-inquire","",""
"1641","67eee89119de070d8b864f60","test_ValenceMatch_Positive","99","ValenceMatchingOnly","gratitude","cherish","gratitude-cherish","NounMismatch","PositiveMatch"
"1642","67eee89119de070d8b864f60","control_MaxMatch_Negative_Noun","30","MaxMatch","corpse","terror","corpse-terror","NounMatch","NegativeMatch"
"1643","67eee89119de070d8b864f60","control_Dissimilar","0","DissimilarControl","give","take","give-take","",""
"1644","67eee89119de070d8b864f60","control_MaxMatch_Negative_Verb","31","MaxMatch","choke","bleed","choke-bleed","VerbMatch","NegativeMatch"
"1645","67eee89119de070d8b864f60","control_MaxMatch_Positive_Verb","0","MaxMatch","cherish","imagine","cherish-imagine","VerbMatch","PositiveMatch"
"1646","67eee89119de070d8b864f60","control_Similar","99","SimilarControl","begin","start","begin-start","",""
"1647","67eee89119de070d8b864f60","test_ValenceMatch_Negative","56","ValenceMatchingOnly","fester","grief","fester-grief","VerbMismatch","NegativeMatch"
"1648","67eee89119de070d8b864f60","control_MaxMismatch","12","MaxMismatch","cherish","beach","cherish-beach","VerbMismatch","PositiveMismatch"
"1649","67eee89119de070d8b864f60","control_MaxMatch_Positive_Noun","99","MaxMatch","compassion","inspiration","compassion-inspiration","NounMatch","PositiveMatch"
"1650","67eee89119de070d8b864f60","test_ConceptualMatch_Noun","2","ConceptualMatchingOnly","inspiration","beach","inspiration-beach","ConceptualMatch:noun","PositiveMismatch"
"1651","67eee89119de070d8b864f60","test_ConceptualMatch_Verb","0","ConceptualMatchingOnly","fulfill","eat","fulfill-eat","ConceptualMatch:verb","PositiveMismatch"
"1652","67eee89119de070d8b864f60","control_Dissimilar","0","DissimilarControl","increase","decrease","increase-decrease","",""
"1653","67eee89119de070d8b864f60","control_Similar","76","SimilarControl","need","require","need-require","",""
"1654","67eee89119de070d8b864f60","test_ValenceMatch_Positive","77","ValenceMatchingOnly","gratitude","fulfill","gratitude-fulfill","NounMismatch","PositiveMatch"
"1655","67eee89119de070d8b864f60","control_MaxMatch_Negative_Noun","87","MaxMatch","anxiety","grief","anxiety-grief","NounMatch","NegativeMatch"
"1656","67eee89119de070d8b864f60","control_Dissimilar","0","DissimilarControl","push","pull","push-pull","",""
"1657","67eee89119de070d8b864f60","control_MaxMatch_Negative_Verb","7","MaxMatch","bleed","exploit","bleed-exploit","VerbMatch","NegativeMatch"
"1658","67eee89119de070d8b864f60","control_MaxMatch_Positive_Verb","68","MaxMatch","admire","fulfill","admire-fulfill","VerbMatch","PositiveMatch"
"1659","67eee89119de070d8b864f60","control_Similar","99","SimilarControl","show","display","show-display","",""
"1660","67eee89119de070d8b864f60","test_ValenceMatch_Negative","59","ValenceMatchingOnly","writhe","failure","writhe-failure","VerbMismatch","NegativeMatch"
"1661","67eee89119de070d8b864f60","control_MaxMismatch","2","MaxMismatch","fulfill","chocolate","fulfill-chocolate","VerbMismatch","PositiveMismatch"
"1662","67eee89119de070d8b864f60","control_MaxMatch_Positive_Noun","11","MaxMatch","compassion","kindness","compassion-kindness","NounMatch","PositiveMatch"
"1663","67eee89119de070d8b864f60","test_ConceptualMatch_Noun","0","ConceptualMatchingOnly","inspiration","chocolate","inspiration-chocolate","ConceptualMatch:noun","PositiveMismatch"
"1664","67eee89119de070d8b864f60","test_ConceptualMatch_Verb","0","ConceptualMatchingOnly","cherish","glide","cherish-glide","ConceptualMatch:verb","PositiveMismatch"
"1665","67eee89119de070d8b864f60","control_Dissimilar","9","DissimilarControl","enter","exit","enter-exit","",""
"1666","67eee89119de070d8b864f60","control_Similar","93","SimilarControl","get","obtain","get-obtain","",""
"1667","67eee89119de070d8b864f60","test_ValenceMatch_Positive","0","ValenceMatchingOnly","kindness","imagine","kindness-imagine","NounMismatch","PositiveMatch"
"1668","67eee89119de070d8b864f60","control_MaxMatch_Negative_Noun","0","MaxMatch","terror","anxiety","terror-anxiety","NounMatch","NegativeMatch"
"1669","67eee89119de070d8b864f60","control_Dissimilar","9","DissimilarControl","rise","fall","rise-fall","",""
"1670","67eee89119de070d8b864f60","control_MaxMatch_Negative_Verb","10","MaxMatch","choke","exploit","choke-exploit","VerbMatch","NegativeMatch"
"1671","67eee89119de070d8b864f60","control_MaxMatch_Positive_Verb","81","MaxMatch","admire","enlighten","admire-enlighten","VerbMatch","PositiveMatch"
"1672","67eee89119de070d8b864f60","control_Similar","99","SimilarControl","speak","talk","speak-talk","",""
"1673","67eee89119de070d8b864f60","test_ValenceMatch_Negative","0","ValenceMatchingOnly","fester","terror","fester-terror","VerbMismatch","NegativeMatch"
"1674","67eee89119de070d8b864f60","control_MaxMismatch","31","MaxMismatch","fulfill","glide","fulfill-glide","VerbMismatch","PositiveMismatch"
"1675","67eee89119de070d8b864f60","control_MaxMatch_Positive_Noun","92","MaxMatch","gratitude","inspiration","gratitude-inspiration","NounMatch","PositiveMatch"
"1676","67eee89119de070d8b864f60","test_ConceptualMatch_Noun","3","ConceptualMatchingOnly","gratitude","chocolate","gratitude-chocolate","ConceptualMatch:noun","PositiveMismatch"
"1677","67eee89119de070d8b864f60","test_ConceptualMatch_Verb","0","ConceptualMatchingOnly","fulfill","running","fulfill-running","ConceptualMatch:verb","PositiveMismatch"
"1678","67eee89119de070d8b864f60","control_Dissimilar","2","DissimilarControl","come","go","come-go","",""
"1679","67eee89119de070d8b864f60","control_Similar","0","SimilarControl","buy","purchase","buy-purchase","",""
"1680","67eee89119de070d8b864f60","test_ValenceMatch_Positive","65","ValenceMatchingOnly","compassion","enlighten","compassion-enlighten","NounMismatch","PositiveMatch"
"1681","67eee89119de070d8b864f60","control_MaxMatch_Negative_Noun","0","MaxMatch","mud","slave","mud-slave","NounMatch","NegativeMatch"
"1682","67eee89119de070d8b864f60","control_Dissimilar","2","DissimilarControl","begin","end","begin-end","",""
"1683","67eee89119de070d8b864f60","control_MaxMatch_Negative_Verb","0","MaxMatch","choke","stab","choke-stab","VerbMatch","NegativeMatch"
"1684","67eee89119de070d8b864f60","control_MaxMatch_Positive_Verb","0","MaxMatch","enlighten","imagine","enlighten-imagine","VerbMatch","PositiveMatch"
"1685","67eee89119de070d8b864f60","control_Similar","87","SimilarControl","help","assist","help-assist","",""
"1686","67eee89119de070d8b864f60","test_ValenceMatch_Negative","8","ValenceMatchingOnly","writhe","terror","writhe-terror","VerbMismatch","NegativeMatch"
"1687","67eee89119de070d8b864f60","control_MaxMismatch","3","MaxMismatch","imagine","eat","imagine-eat","VerbMismatch","PositiveMismatch"
"1688","67eee89119de070d8b864f60","control_MaxMatch_Positive_Noun","5","MaxMatch","inspiration","kindness","inspiration-kindness","NounMatch","PositiveMatch"
"1689","67eee89119de070d8b864f60","test_ConceptualMatch_Noun","5","ConceptualMatchingOnly","inspiration","home","inspiration-home","ConceptualMatch:noun","PositiveMismatch"
"1690","67eee89119de070d8b864f60","test_ConceptualMatch_Verb","73","ConceptualMatchingOnly","enlighten","breathe","enlighten-breathe","ConceptualMatch:verb","PositiveMismatch"
"1691","6643a23e1668916a901333d9","control_Dissimilar","50","DissimilarControl","begin","end","begin-end","",""
"1692","6643a23e1668916a901333d9","control_Similar","57","SimilarControl","use","employ","use-employ","",""
"1693","6643a23e1668916a901333d9","control_MaxMatch_Positive_Noun","58","MaxMatch","compassion","inspiration","compassion-inspiration","NounMatch","PositiveMatch"
"1694","6643a23e1668916a901333d9","control_MaxMismatch","2","MaxMismatch","fulfill","glisten","fulfill-glisten","VerbMismatch","PositiveMismatch"
"1695","6643a23e1668916a901333d9","test_ConceptualMatch_Verb","59","ConceptualMatchingOnly","enlighten","glisten","enlighten-glisten","ConceptualMatch:verb","PositiveMismatch"
"1696","6643a23e1668916a901333d9","control_MaxMatch_Negative_Verb","0","MaxMatch","bleed","criticize","bleed-criticize","VerbMatch","NegativeMatch"
"1697","6643a23e1668916a901333d9","test_ValenceMatch_Negative","68","ValenceMatchingOnly","writhe","terror","writhe-terror","VerbMismatch","NegativeMatch"
"1698","6643a23e1668916a901333d9","control_Dissimilar","53","DissimilarControl","increase","decrease","increase-decrease","",""
"1699","6643a23e1668916a901333d9","control_MaxMatch_Positive_Verb","32","MaxMatch","admire","enlighten","admire-enlighten","VerbMatch","PositiveMatch"
"1700","6643a23e1668916a901333d9","test_ValenceMatch_Positive","15","ValenceMatchingOnly","freedom","fulfill","freedom-fulfill","NounMismatch","PositiveMatch"
"1701","6643a23e1668916a901333d9","test_ConceptualMatch_Noun","12","ConceptualMatchingOnly","gratitude","home","gratitude-home","ConceptualMatch:noun","PositiveMismatch"
"1702","6643a23e1668916a901333d9","control_Similar","92","SimilarControl","need","require","need-require","",""
"1703","6643a23e1668916a901333d9","control_MaxMatch_Negative_Noun","65","MaxMatch","terror","hatred","terror-hatred","NounMatch","NegativeMatch"
"1704","6643a23e1668916a901333d9","control_Dissimilar","55","DissimilarControl","give","take","give-take","",""
"1705","6643a23e1668916a901333d9","control_Similar","99","SimilarControl","help","assist","help-assist","",""
"1706","6643a23e1668916a901333d9","control_MaxMatch_Positive_Noun","90","MaxMatch","inspiration","kindness","inspiration-kindness","NounMatch","PositiveMatch"
"1707","6643a23e1668916a901333d9","control_MaxMismatch","3","MaxMismatch","admire","home","admire-home","VerbMismatch","PositiveMismatch"
"1708","6643a23e1668916a901333d9","test_ConceptualMatch_Verb","0","ConceptualMatchingOnly","imagine","breathe","imagine-breathe","ConceptualMatch:verb","PositiveMismatch"
"1709","6643a23e1668916a901333d9","control_MaxMatch_Negative_Verb","21","MaxMatch","writhe","resent","writhe-resent","VerbMatch","NegativeMatch"
"1710","6643a23e1668916a901333d9","test_ValenceMatch_Negative","23","ValenceMatchingOnly","writhe","hatred","writhe-hatred","VerbMismatch","NegativeMatch"
"1711","6643a23e1668916a901333d9","control_Dissimilar","53","DissimilarControl","come","go","come-go","",""
"1712","6643a23e1668916a901333d9","control_MaxMatch_Positive_Verb","6","MaxMatch","admire","fulfill","admire-fulfill","VerbMatch","PositiveMatch"
"1713","6643a23e1668916a901333d9","test_ValenceMatch_Positive","13","ValenceMatchingOnly","kindness","admire","kindness-admire","NounMismatch","PositiveMatch"
"1714","6643a23e1668916a901333d9","test_ConceptualMatch_Noun","28","ConceptualMatchingOnly","freedom","home","freedom-home","ConceptualMatch:noun","PositiveMismatch"
"1715","6643a23e1668916a901333d9","control_Similar","57","SimilarControl","begin","start","begin-start","",""
"1716","6643a23e1668916a901333d9","control_MaxMatch_Negative_Noun","0","MaxMatch","toxin","mud","toxin-mud","NounMatch","NegativeMatch"
"1717","6643a23e1668916a901333d9","control_Dissimilar","57","DissimilarControl","open","close","open-close","",""
"1718","6643a23e1668916a901333d9","control_Similar","55","SimilarControl","end","finish","end-finish","",""
"1719","6643a23e1668916a901333d9","control_MaxMatch_Positive_Noun","74","MaxMatch","compassion","gratitude","compassion-gratitude","NounMatch","PositiveMatch"
"1720","6643a23e1668916a901333d9","control_MaxMismatch","0","MaxMismatch","cherish","running","cherish-running","VerbMismatch","PositiveMismatch"
"1721","6643a23e1668916a901333d9","test_ConceptualMatch_Verb","0","ConceptualMatchingOnly","admire","breathe","admire-breathe","ConceptualMatch:verb","PositiveMismatch"
"1722","6643a23e1668916a901333d9","control_MaxMatch_Negative_Verb","0","MaxMatch","choke","criticize","choke-criticize","VerbMatch","NegativeMatch"
"1723","6643a23e1668916a901333d9","test_ValenceMatch_Negative","0","ValenceMatchingOnly","bleed","failure","bleed-failure","VerbMismatch","NegativeMatch"
"1724","6643a23e1668916a901333d9","control_Dissimilar","56","DissimilarControl","add","remove","add-remove","",""
"1725","6643a23e1668916a901333d9","control_MaxMatch_Positive_Verb","0","MaxMatch","fulfill","imagine","fulfill-imagine","VerbMatch","PositiveMatch"
"1726","6643a23e1668916a901333d9","test_ValenceMatch_Positive","78","ValenceMatchingOnly","inspiration","admire","inspiration-admire","NounMismatch","PositiveMatch"
"1727","6643a23e1668916a901333d9","test_ConceptualMatch_Noun","7","ConceptualMatchingOnly","inspiration","home","inspiration-home","ConceptualMatch:noun","PositiveMismatch"
"1728","6643a23e1668916a901333d9","control_Similar","99","SimilarControl","buy","purchase","buy-purchase","",""
"1729","6643a23e1668916a901333d9","control_MaxMatch_Negative_Noun","6","MaxMatch","toxin","terror","toxin-terror","NounMatch","NegativeMatch"
"1730","6643a23e1668916a901333d9","control_Dissimilar","56","DissimilarControl","push","pull","push-pull","",""
"1731","6643a23e1668916a901333d9","control_Similar","99","SimilarControl","speak","talk","speak-talk","",""
"1732","6643a23e1668916a901333d9","control_MaxMatch_Positive_Noun","61","MaxMatch","freedom","gratitude","freedom-gratitude","NounMatch","PositiveMatch"
"1733","6643a23e1668916a901333d9","control_MaxMismatch","83","MaxMismatch","cherish","home","cherish-home","VerbMismatch","PositiveMismatch"
"1734","6643a23e1668916a901333d9","test_ConceptualMatch_Verb","0","ConceptualMatchingOnly","admire","running","admire-running","ConceptualMatch:verb","PositiveMismatch"
"1735","6643a23e1668916a901333d9","control_MaxMatch_Negative_Verb","16","MaxMatch","fester","criticize","fester-criticize","VerbMatch","NegativeMatch"
"1736","6643a23e1668916a901333d9","test_ValenceMatch_Negative","17","ValenceMatchingOnly","choke","hatred","choke-hatred","VerbMismatch","NegativeMatch"
"1737","6643a23e1668916a901333d9","control_Dissimilar","67","DissimilarControl","rise","fall","rise-fall","",""
"1738","6643a23e1668916a901333d9","control_MaxMatch_Positive_Verb","81","MaxMatch","admire","cherish","admire-cherish","VerbMatch","PositiveMatch"
"1739","6643a23e1668916a901333d9","test_ValenceMatch_Positive","35","ValenceMatchingOnly","kindness","enlighten","kindness-enlighten","NounMismatch","PositiveMatch"
"1740","6643a23e1668916a901333d9","test_ConceptualMatch_Noun","10","ConceptualMatchingOnly","inspiration","flowers","inspiration-flowers","ConceptualMatch:noun","PositiveMismatch"
"1741","6643a23e1668916a901333d9","control_Similar","99","SimilarControl","ask","inquire","ask-inquire","",""
"1742","6643a23e1668916a901333d9","control_MaxMatch_Negative_Noun","78","MaxMatch","terror","anxiety","terror-anxiety","NounMatch","NegativeMatch"
"1743","6643a23e1668916a901333d9","control_Dissimilar","63","DissimilarControl","arrive","leave","arrive-leave","",""
"1744","6643a23e1668916a901333d9","control_Similar","99","SimilarControl","get","obtain","get-obtain","",""
"1745","6643a23e1668916a901333d9","control_MaxMatch_Positive_Noun","6","MaxMatch","freedom","inspiration","freedom-inspiration","NounMatch","PositiveMatch"
"1746","6643a23e1668916a901333d9","control_MaxMismatch","13","MaxMismatch","fulfill","eat","fulfill-eat","VerbMismatch","PositiveMismatch"
"1747","6643a23e1668916a901333d9","test_ConceptualMatch_Verb","15","ConceptualMatchingOnly","enlighten","breathe","enlighten-breathe","ConceptualMatch:verb","PositiveMismatch"
"1748","6643a23e1668916a901333d9","control_MaxMatch_Negative_Verb","6","MaxMatch","befall","criticize","befall-criticize","VerbMatch","NegativeMatch"
"1749","6643a23e1668916a901333d9","test_ValenceMatch_Negative","0","ValenceMatchingOnly","bleed","hatred","bleed-hatred","VerbMismatch","NegativeMatch"
"1750","6643a23e1668916a901333d9","control_Dissimilar","65","DissimilarControl","enter","exit","enter-exit","",""
"1751","6643a23e1668916a901333d9","control_MaxMatch_Positive_Verb","12","MaxMatch","admire","imagine","admire-imagine","VerbMatch","PositiveMatch"
"1752","6643a23e1668916a901333d9","test_ValenceMatch_Positive","9","ValenceMatchingOnly","freedom","imagine","freedom-imagine","NounMismatch","PositiveMatch"
"1753","6643a23e1668916a901333d9","test_ConceptualMatch_Noun","0","ConceptualMatchingOnly","compassion","chocolate","compassion-chocolate","ConceptualMatch:noun","PositiveMismatch"
"1754","6643a23e1668916a901333d9","control_Similar","99","SimilarControl","show","display","show-display","",""
"1755","6643a23e1668916a901333d9","control_MaxMatch_Negative_Noun","8","MaxMatch","corpse","anxiety","corpse-anxiety","NounMatch","NegativeMatch"
"1756","67ace31300abf1fb686b8ce1","control_Dissimilar","8","DissimilarControl","give","take","give-take","",""
"1757","67ace31300abf1fb686b8ce1","control_Similar","99","SimilarControl","begin","start","begin-start","",""
"1758","67ace31300abf1fb686b8ce1","control_MaxMatch_Positive_Noun","0","MaxMatch","freedom","kindness","freedom-kindness","NounMatch","PositiveMatch"
"1759","67ace31300abf1fb686b8ce1","control_MaxMatch_Negative_Verb","0","MaxMatch","befall","exploit","befall-exploit","VerbMatch","NegativeMatch"
"1760","67ace31300abf1fb686b8ce1","control_MaxMatch_Negative_Noun","0","MaxMatch","mud","terror","mud-terror","NounMatch","NegativeMatch"
"1761","67ace31300abf1fb686b8ce1","test_ConceptualMatch_Verb","28","ConceptualMatchingOnly","fulfill","eat","fulfill-eat","ConceptualMatch:verb","PositiveMismatch"
"1762","67ace31300abf1fb686b8ce1","test_ValenceMatch_Positive","81","ValenceMatchingOnly","freedom","fulfill","freedom-fulfill","NounMismatch","PositiveMatch"
"1763","67ace31300abf1fb686b8ce1","test_ValenceMatch_Negative","96","ValenceMatchingOnly","fester","terror","fester-terror","VerbMismatch","NegativeMatch"
"1764","67ace31300abf1fb686b8ce1","control_MaxMismatch","0","MaxMismatch","admire","breathe","admire-breathe","VerbMismatch","PositiveMismatch"
"1765","67ace31300abf1fb686b8ce1","control_MaxMatch_Positive_Verb","24","MaxMatch","admire","enlighten","admire-enlighten","VerbMatch","PositiveMatch"
"1766","67ace31300abf1fb686b8ce1","control_Dissimilar","10","DissimilarControl","push","pull","push-pull","",""
"1767","67ace31300abf1fb686b8ce1","test_ConceptualMatch_Noun","0","ConceptualMatchingOnly","gratitude","flowers","gratitude-flowers","ConceptualMatch:noun","PositiveMismatch"
"1768","67ace31300abf1fb686b8ce1","control_Similar","0","SimilarControl","use","employ","use-employ","",""
"1769","67ace31300abf1fb686b8ce1","control_Dissimilar","0","DissimilarControl","increase","decrease","increase-decrease","",""
"1770","67ace31300abf1fb686b8ce1","control_Similar","99","SimilarControl","buy","purchase","buy-purchase","",""
"1771","67ace31300abf1fb686b8ce1","control_MaxMatch_Positive_Noun","0","MaxMatch","freedom","gratitude","freedom-gratitude","NounMatch","PositiveMatch"
"1772","67ace31300abf1fb686b8ce1","control_MaxMatch_Negative_Verb","52","MaxMatch","writhe","resent","writhe-resent","VerbMatch","NegativeMatch"
"1773","67ace31300abf1fb686b8ce1","control_MaxMatch_Negative_Noun","0","MaxMatch","corpse","terror","corpse-terror","NounMatch","NegativeMatch"
"1774","67ace31300abf1fb686b8ce1","test_ConceptualMatch_Verb","0","ConceptualMatchingOnly","admire","glide","admire-glide","ConceptualMatch:verb","PositiveMismatch"
"1775","67ace31300abf1fb686b8ce1","test_ValenceMatch_Positive","82","ValenceMatchingOnly","gratitude","cherish","gratitude-cherish","NounMismatch","PositiveMatch"
"1776","67ace31300abf1fb686b8ce1","test_ValenceMatch_Negative","66","ValenceMatchingOnly","choke","terror","choke-terror","VerbMismatch","NegativeMatch"
"1777","67ace31300abf1fb686b8ce1","control_MaxMismatch","0","MaxMismatch","admire","running","admire-running","VerbMismatch","PositiveMismatch"
"1778","67ace31300abf1fb686b8ce1","control_MaxMatch_Positive_Verb","0","MaxMatch","cherish","imagine","cherish-imagine","VerbMatch","PositiveMatch"
"1779","67ace31300abf1fb686b8ce1","control_Dissimilar","0","DissimilarControl","enter","exit","enter-exit","",""
"1780","67ace31300abf1fb686b8ce1","test_ConceptualMatch_Noun","0","ConceptualMatchingOnly","compassion","fireplace","compassion-fireplace","ConceptualMatch:noun","PositiveMismatch"
"1781","67ace31300abf1fb686b8ce1","control_Similar","99","SimilarControl","help","assist","help-assist","",""
"1782","67ace31300abf1fb686b8ce1","control_Dissimilar","0","DissimilarControl","add","remove","add-remove","",""
"1783","67ace31300abf1fb686b8ce1","control_Similar","85","SimilarControl","get","obtain","get-obtain","",""
"1784","67ace31300abf1fb686b8ce1","control_MaxMatch_Positive_Noun","0","MaxMatch","compassion","gratitude","compassion-gratitude","NounMatch","PositiveMatch"
"1785","67ace31300abf1fb686b8ce1","control_MaxMatch_Negative_Verb","75","MaxMatch","befall","resent","befall-resent","VerbMatch","NegativeMatch"
"1786","67ace31300abf1fb686b8ce1","control_MaxMatch_Negative_Noun","0","MaxMatch","hatred","failure","hatred-failure","NounMatch","NegativeMatch"
"1787","67ace31300abf1fb686b8ce1","test_ConceptualMatch_Verb","0","ConceptualMatchingOnly","admire","eat","admire-eat","ConceptualMatch:verb","PositiveMismatch"
"1788","67ace31300abf1fb686b8ce1","test_ValenceMatch_Positive","0","ValenceMatchingOnly","freedom","imagine","freedom-imagine","NounMismatch","PositiveMatch"
"1789","67ace31300abf1fb686b8ce1","test_ValenceMatch_Negative","0","ValenceMatchingOnly","bleed","anxiety","bleed-anxiety","VerbMismatch","NegativeMatch"
"1790","67ace31300abf1fb686b8ce1","control_MaxMismatch","0","MaxMismatch","enlighten","glide","enlighten-glide","VerbMismatch","PositiveMismatch"
"1791","67ace31300abf1fb686b8ce1","control_MaxMatch_Positive_Verb","0","MaxMatch","enlighten","imagine","enlighten-imagine","VerbMatch","PositiveMatch"
"1792","67ace31300abf1fb686b8ce1","control_Dissimilar","0","DissimilarControl","come","go","come-go","",""
"1793","67ace31300abf1fb686b8ce1","test_ConceptualMatch_Noun","0","ConceptualMatchingOnly","gratitude","fireplace","gratitude-fireplace","ConceptualMatch:noun","PositiveMismatch"
"1794","67ace31300abf1fb686b8ce1","control_Similar","99","SimilarControl","speak","talk","speak-talk","",""
"1795","67ace31300abf1fb686b8ce1","control_Dissimilar","0","DissimilarControl","begin","end","begin-end","",""
"1796","67ace31300abf1fb686b8ce1","control_Similar","99","SimilarControl","ask","inquire","ask-inquire","",""
"1797","67ace31300abf1fb686b8ce1","control_MaxMatch_Positive_Noun","0","MaxMatch","inspiration","kindness","inspiration-kindness","NounMatch","PositiveMatch"
"1798","67ace31300abf1fb686b8ce1","control_MaxMatch_Negative_Verb","0","MaxMatch","befall","criticize","befall-criticize","VerbMatch","NegativeMatch"
"1799","67ace31300abf1fb686b8ce1","control_MaxMatch_Negative_Noun","0","MaxMatch","hatred","anxiety","hatred-anxiety","NounMatch","NegativeMatch"
"1800","67ace31300abf1fb686b8ce1","test_ConceptualMatch_Verb","0","ConceptualMatchingOnly","imagine","glide","imagine-glide","ConceptualMatch:verb","PositiveMismatch"
"1801","67ace31300abf1fb686b8ce1","test_ValenceMatch_Positive","0","ValenceMatchingOnly","kindness","cherish","kindness-cherish","NounMismatch","PositiveMatch"
"1802","67ace31300abf1fb686b8ce1","test_ValenceMatch_Negative","0","ValenceMatchingOnly","writhe","anxiety","writhe-anxiety","VerbMismatch","NegativeMatch"
"1803","67ace31300abf1fb686b8ce1","control_MaxMismatch","0","MaxMismatch","imagine","glide","imagine-glide","VerbMismatch","PositiveMismatch"
"1804","67ace31300abf1fb686b8ce1","control_MaxMatch_Positive_Verb","2","MaxMatch","admire","fulfill","admire-fulfill","VerbMatch","PositiveMatch"
"1805","67ace31300abf1fb686b8ce1","control_Dissimilar","0","DissimilarControl","open","close","open-close","",""
"1806","67ace31300abf1fb686b8ce1","test_ConceptualMatch_Noun","0","ConceptualMatchingOnly","freedom","chocolate","freedom-chocolate","ConceptualMatch:noun","PositiveMismatch"
"1807","67ace31300abf1fb686b8ce1","control_Similar","99","SimilarControl","show","display","show-display","",""
"1808","67ace31300abf1fb686b8ce1","control_Dissimilar","0","DissimilarControl","arrive","leave","arrive-leave","",""
"1809","67ace31300abf1fb686b8ce1","control_Similar","99","SimilarControl","end","finish","end-finish","",""
"1810","67ace31300abf1fb686b8ce1","control_MaxMatch_Positive_Noun","0","MaxMatch","compassion","inspiration","compassion-inspiration","NounMatch","PositiveMatch"
"1811","67ace31300abf1fb686b8ce1","control_MaxMatch_Negative_Verb","0","MaxMatch","bleed","obsess","bleed-obsess","VerbMatch","NegativeMatch"
"1812","67ace31300abf1fb686b8ce1","control_MaxMatch_Negative_Noun","0","MaxMatch","mud","hatred","mud-hatred","NounMatch","NegativeMatch"
"1813","67ace31300abf1fb686b8ce1","test_ConceptualMatch_Verb","23","ConceptualMatchingOnly","admire","glisten","admire-glisten","ConceptualMatch:verb","PositiveMismatch"
"1814","67ace31300abf1fb686b8ce1","test_ValenceMatch_Positive","0","ValenceMatchingOnly","gratitude","imagine","gratitude-imagine","NounMismatch","PositiveMatch"
"1815","67ace31300abf1fb686b8ce1","test_ValenceMatch_Negative","0","ValenceMatchingOnly","fester","anxiety","fester-anxiety","VerbMismatch","NegativeMatch"
"1816","67ace31300abf1fb686b8ce1","control_MaxMismatch","0","MaxMismatch","cherish","beach","cherish-beach","VerbMismatch","PositiveMismatch"
"1817","67ace31300abf1fb686b8ce1","control_MaxMatch_Positive_Verb","0","MaxMatch","cherish","fulfill","cherish-fulfill","VerbMatch","PositiveMatch"
"1818","67ace31300abf1fb686b8ce1","control_Dissimilar","0","DissimilarControl","rise","fall","rise-fall","",""
"1819","67ace31300abf1fb686b8ce1","test_ConceptualMatch_Noun","0","ConceptualMatchingOnly","inspiration","flowers","inspiration-flowers","ConceptualMatch:noun","PositiveMismatch"
"1820","67ace31300abf1fb686b8ce1","control_Similar","99","SimilarControl","need","require","need-require","",""
"1821","63d3fa6be5b801f923a3819f","control_Similar","88","SimilarControl","begin","start","begin-start","",""
"1822","63d3fa6be5b801f923a3819f","control_Dissimilar","75","DissimilarControl","push","pull","push-pull","",""
"1823","63d3fa6be5b801f923a3819f","test_ValenceMatch_Negative","14","ValenceMatchingOnly","choke","grief","choke-grief","VerbMismatch","NegativeMatch"
"1824","63d3fa6be5b801f923a3819f","control_MaxMismatch","0","MaxMismatch","fulfill","flowers","fulfill-flowers","VerbMismatch","PositiveMismatch"
"1825","63d3fa6be5b801f923a3819f","test_ConceptualMatch_Verb","0","ConceptualMatchingOnly","fulfill","glide","fulfill-glide","ConceptualMatch:verb","PositiveMismatch"
"1826","63d3fa6be5b801f923a3819f","control_MaxMatch_Negative_Noun","37","MaxMatch","failure","grief","failure-grief","NounMatch","NegativeMatch"
"1827","63d3fa6be5b801f923a3819f","control_MaxMatch_Positive_Verb","71","MaxMatch","cherish","enlighten","cherish-enlighten","VerbMatch","PositiveMatch"
"1828","63d3fa6be5b801f923a3819f","control_Similar","99","SimilarControl","help","assist","help-assist","",""
"1829","63d3fa6be5b801f923a3819f","test_ValenceMatch_Positive","49","ValenceMatchingOnly","kindness","fulfill","kindness-fulfill","NounMismatch","PositiveMatch"
"1830","63d3fa6be5b801f923a3819f","control_MaxMatch_Positive_Noun","23","MaxMatch","gratitude","inspiration","gratitude-inspiration","NounMatch","PositiveMatch"
"1831","63d3fa6be5b801f923a3819f","control_Dissimilar","66","DissimilarControl","arrive","leave","arrive-leave","",""
"1832","63d3fa6be5b801f923a3819f","control_MaxMatch_Negative_Verb","41","MaxMatch","stab","resent","stab-resent","VerbMatch","NegativeMatch"
"1833","63d3fa6be5b801f923a3819f","test_ConceptualMatch_Noun","0","ConceptualMatchingOnly","kindness","fireplace","kindness-fireplace","ConceptualMatch:noun","PositiveMismatch"
"1834","63d3fa6be5b801f923a3819f","control_Similar","88","SimilarControl","show","display","show-display","",""
"1835","63d3fa6be5b801f923a3819f","control_Dissimilar","62","DissimilarControl","open","close","open-close","",""
"1836","63d3fa6be5b801f923a3819f","test_ValenceMatch_Negative","54","ValenceMatchingOnly","stab","terror","stab-terror","VerbMismatch","NegativeMatch"
"1837","63d3fa6be5b801f923a3819f","control_MaxMismatch","0","MaxMismatch","fulfill","chocolate","fulfill-chocolate","VerbMismatch","PositiveMismatch"
"1838","63d3fa6be5b801f923a3819f","test_ConceptualMatch_Verb","4","ConceptualMatchingOnly","admire","eat","admire-eat","ConceptualMatch:verb","PositiveMismatch"
"1839","63d3fa6be5b801f923a3819f","control_MaxMatch_Negative_Noun","70","MaxMatch","anxiety","grief","anxiety-grief","NounMatch","NegativeMatch"
"1840","63d3fa6be5b801f923a3819f","control_MaxMatch_Positive_Verb","36","MaxMatch","cherish","fulfill","cherish-fulfill","VerbMatch","PositiveMatch"
"1841","63d3fa6be5b801f923a3819f","control_Similar","73","SimilarControl","speak","talk","speak-talk","",""
"1842","63d3fa6be5b801f923a3819f","test_ValenceMatch_Positive","58","ValenceMatchingOnly","gratitude","admire","gratitude-admire","NounMismatch","PositiveMatch"
"1843","63d3fa6be5b801f923a3819f","control_MaxMatch_Positive_Noun","72","MaxMatch","compassion","inspiration","compassion-inspiration","NounMatch","PositiveMatch"
"1844","63d3fa6be5b801f923a3819f","control_Dissimilar","56","DissimilarControl","increase","decrease","increase-decrease","",""
"1845","63d3fa6be5b801f923a3819f","control_MaxMatch_Negative_Verb","3","MaxMatch","bleed","obsess","bleed-obsess","VerbMatch","NegativeMatch"
"1846","63d3fa6be5b801f923a3819f","test_ConceptualMatch_Noun","0","ConceptualMatchingOnly","freedom","chocolate","freedom-chocolate","ConceptualMatch:noun","PositiveMismatch"
"1847","63d3fa6be5b801f923a3819f","control_Similar","59","SimilarControl","use","employ","use-employ","",""
"1848","63d3fa6be5b801f923a3819f","control_Dissimilar","62","DissimilarControl","come","go","come-go","",""
"1849","63d3fa6be5b801f923a3819f","test_ValenceMatch_Negative","61","ValenceMatchingOnly","fester","anxiety","fester-anxiety","VerbMismatch","NegativeMatch"
"1850","63d3fa6be5b801f923a3819f","control_MaxMismatch","33","MaxMismatch","enlighten","flowers","enlighten-flowers","VerbMismatch","PositiveMismatch"
"1851","63d3fa6be5b801f923a3819f","test_ConceptualMatch_Verb","0","ConceptualMatchingOnly","admire","glide","admire-glide","ConceptualMatch:verb","PositiveMismatch"
"1852","63d3fa6be5b801f923a3819f","control_MaxMatch_Negative_Noun","14","MaxMatch","corpse","failure","corpse-failure","NounMatch","NegativeMatch"
"1853","63d3fa6be5b801f923a3819f","control_MaxMatch_Positive_Verb","0","MaxMatch","admire","fulfill","admire-fulfill","VerbMatch","PositiveMatch"
"1854","63d3fa6be5b801f923a3819f","control_Similar","63","SimilarControl","need","require","need-require","",""
"1855","63d3fa6be5b801f923a3819f","test_ValenceMatch_Positive","64","ValenceMatchingOnly","gratitude","cherish","gratitude-cherish","NounMismatch","PositiveMatch"
"1856","63d3fa6be5b801f923a3819f","control_MaxMatch_Positive_Noun","62","MaxMatch","compassion","gratitude","compassion-gratitude","NounMatch","PositiveMatch"
"1857","63d3fa6be5b801f923a3819f","control_Dissimilar","49","DissimilarControl","rise","fall","rise-fall","",""
"1858","63d3fa6be5b801f923a3819f","control_MaxMatch_Negative_Verb","37","MaxMatch","resent","obsess","resent-obsess","VerbMatch","NegativeMatch"
"1859","63d3fa6be5b801f923a3819f","test_ConceptualMatch_Noun","0","ConceptualMatchingOnly","gratitude","beach","gratitude-beach","ConceptualMatch:noun","PositiveMismatch"
"1860","63d3fa6be5b801f923a3819f","control_Similar","73","SimilarControl","get","obtain","get-obtain","",""
"1861","63d3fa6be5b801f923a3819f","control_Dissimilar","55","DissimilarControl","enter","exit","enter-exit","",""
"1862","63d3fa6be5b801f923a3819f","test_ValenceMatch_Negative","47","ValenceMatchingOnly","choke","terror","choke-terror","VerbMismatch","NegativeMatch"
"1863","63d3fa6be5b801f923a3819f","control_MaxMismatch","0","MaxMismatch","imagine","flowers","imagine-flowers","VerbMismatch","PositiveMismatch"
"1864","63d3fa6be5b801f923a3819f","test_ConceptualMatch_Verb","0","ConceptualMatchingOnly","cherish","running","cherish-running","ConceptualMatch:verb","PositiveMismatch"
"1865","63d3fa6be5b801f923a3819f","control_MaxMatch_Negative_Noun","51","MaxMatch","terror","grief","terror-grief","NounMatch","NegativeMatch"
"1866","63d3fa6be5b801f923a3819f","control_MaxMatch_Positive_Verb","39","MaxMatch","enlighten","imagine","enlighten-imagine","VerbMatch","PositiveMatch"
"1867","63d3fa6be5b801f923a3819f","control_Similar","99","SimilarControl","buy","purchase","buy-purchase","",""
"1868","63d3fa6be5b801f923a3819f","test_ValenceMatch_Positive","18","ValenceMatchingOnly","inspiration","imagine","inspiration-imagine","NounMismatch","PositiveMatch"
"1869","63d3fa6be5b801f923a3819f","control_MaxMatch_Positive_Noun","13","MaxMatch","freedom","gratitude","freedom-gratitude","NounMatch","PositiveMatch"
"1870","63d3fa6be5b801f923a3819f","control_Dissimilar","44","DissimilarControl","begin","end","begin-end","",""
"1871","63d3fa6be5b801f923a3819f","control_MaxMatch_Negative_Verb","27","MaxMatch","choke","resent","choke-resent","VerbMatch","NegativeMatch"
"1872","63d3fa6be5b801f923a3819f","test_ConceptualMatch_Noun","0","ConceptualMatchingOnly","freedom","fireplace","freedom-fireplace","ConceptualMatch:noun","PositiveMismatch"
"1873","63d3fa6be5b801f923a3819f","control_Similar","66","SimilarControl","ask","inquire","ask-inquire","",""
"1874","63d3fa6be5b801f923a3819f","control_Dissimilar","43","DissimilarControl","add","remove","add-remove","",""
"1875","63d3fa6be5b801f923a3819f","test_ValenceMatch_Negative","18","ValenceMatchingOnly","choke","failure","choke-failure","VerbMismatch","NegativeMatch"
"1876","63d3fa6be5b801f923a3819f","control_MaxMismatch","0","MaxMismatch","admire","chocolate","admire-chocolate","VerbMismatch","PositiveMismatch"
"1877","63d3fa6be5b801f923a3819f","test_ConceptualMatch_Verb","0","ConceptualMatchingOnly","enlighten","eat","enlighten-eat","ConceptualMatch:verb","PositiveMismatch"
"1878","63d3fa6be5b801f923a3819f","control_MaxMatch_Negative_Noun","12","MaxMatch","garbage","hatred","garbage-hatred","NounMatch","NegativeMatch"
"1879","63d3fa6be5b801f923a3819f","control_MaxMatch_Positive_Verb","0","MaxMatch","fulfill","imagine","fulfill-imagine","VerbMatch","PositiveMatch"
"1880","63d3fa6be5b801f923a3819f","control_Similar","99","SimilarControl","end","finish","end-finish","",""
"1881","63d3fa6be5b801f923a3819f","test_ValenceMatch_Positive","12","ValenceMatchingOnly","inspiration","enlighten","inspiration-enlighten","NounMismatch","PositiveMatch"
"1882","63d3fa6be5b801f923a3819f","control_MaxMatch_Positive_Noun","21","MaxMatch","compassion","freedom","compassion-freedom","NounMatch","PositiveMatch"
"1883","63d3fa6be5b801f923a3819f","control_Dissimilar","43","DissimilarControl","give","take","give-take","",""
"1884","63d3fa6be5b801f923a3819f","control_MaxMatch_Negative_Verb","28","MaxMatch","criticize","exploit","criticize-exploit","VerbMatch","NegativeMatch"
"1885","63d3fa6be5b801f923a3819f","test_ConceptualMatch_Noun","26","ConceptualMatchingOnly","compassion","flowers","compassion-flowers","ConceptualMatch:noun","PositiveMismatch"
"1886","60dfd857e293a99dd577f4c8","control_Dissimilar","0","DissimilarControl","open","close","open-close","",""
"1887","60dfd857e293a99dd577f4c8","control_Similar","99","SimilarControl","speak","talk","speak-talk","",""
"1888","60dfd857e293a99dd577f4c8","test_ConceptualMatch_Verb","99","ConceptualMatchingOnly","enlighten","glisten","enlighten-glisten","ConceptualMatch:verb","PositiveMismatch"
"1889","60dfd857e293a99dd577f4c8","control_MaxMatch_Positive_Verb","76","MaxMatch","enlighten","imagine","enlighten-imagine","VerbMatch","PositiveMatch"
"1890","60dfd857e293a99dd577f4c8","control_MaxMatch_Negative_Noun","0","MaxMatch","slave","anxiety","slave-anxiety","NounMatch","NegativeMatch"
"1891","60dfd857e293a99dd577f4c8","control_MaxMatch_Negative_Verb","0","MaxMatch","writhe","obsess","writhe-obsess","VerbMatch","NegativeMatch"
"1892","60dfd857e293a99dd577f4c8","test_ValenceMatch_Negative","0","ValenceMatchingOnly","bleed","anxiety","bleed-anxiety","VerbMismatch","NegativeMatch"
"1893","60dfd857e293a99dd577f4c8","control_Dissimilar","0","DissimilarControl","increase","decrease","increase-decrease","",""
"1894","60dfd857e293a99dd577f4c8","control_MaxMatch_Positive_Noun","0","MaxMatch","compassion","freedom","compassion-freedom","NounMatch","PositiveMatch"
"1895","60dfd857e293a99dd577f4c8","test_ValenceMatch_Positive","0","ValenceMatchingOnly","compassion","admire","compassion-admire","NounMismatch","PositiveMatch"
"1896","60dfd857e293a99dd577f4c8","control_MaxMismatch","0","MaxMismatch","cherish","beach","cherish-beach","VerbMismatch","PositiveMismatch"
"1897","60dfd857e293a99dd577f4c8","control_Similar","99","SimilarControl","show","display","show-display","",""
"1898","60dfd857e293a99dd577f4c8","test_ConceptualMatch_Noun","0","ConceptualMatchingOnly","kindness","home","kindness-home","ConceptualMatch:noun","PositiveMismatch"
"1899","60dfd857e293a99dd577f4c8","control_Dissimilar","0","DissimilarControl","add","remove","add-remove","",""
"1900","60dfd857e293a99dd577f4c8","control_Similar","99","SimilarControl","need","require","need-require","",""
"1901","60dfd857e293a99dd577f4c8","test_ConceptualMatch_Verb","0","ConceptualMatchingOnly","admire","eat","admire-eat","ConceptualMatch:verb","PositiveMismatch"
"1902","60dfd857e293a99dd577f4c8","control_MaxMatch_Positive_Verb","0","MaxMatch","cherish","fulfill","cherish-fulfill","VerbMatch","PositiveMatch"
"1903","60dfd857e293a99dd577f4c8","control_MaxMatch_Negative_Noun","0","MaxMatch","slave","grief","slave-grief","NounMatch","NegativeMatch"
"1904","60dfd857e293a99dd577f4c8","control_MaxMatch_Negative_Verb","97","MaxMatch","fester","writhe","fester-writhe","VerbMatch","NegativeMatch"
"1905","60dfd857e293a99dd577f4c8","test_ValenceMatch_Negative","68","ValenceMatchingOnly","writhe","anxiety","writhe-anxiety","VerbMismatch","NegativeMatch"
"1906","60dfd857e293a99dd577f4c8","control_Dissimilar","0","DissimilarControl","enter","exit","enter-exit","",""
"1907","60dfd857e293a99dd577f4c8","control_MaxMatch_Positive_Noun","0","MaxMatch","freedom","inspiration","freedom-inspiration","NounMatch","PositiveMatch"
"1908","60dfd857e293a99dd577f4c8","test_ValenceMatch_Positive","0","ValenceMatchingOnly","kindness","imagine","kindness-imagine","NounMismatch","PositiveMatch"
"1909","60dfd857e293a99dd577f4c8","control_MaxMismatch","0","MaxMismatch","admire","running","admire-running","VerbMismatch","PositiveMismatch"
"1910","60dfd857e293a99dd577f4c8","control_Similar","99","SimilarControl","get","obtain","get-obtain","",""
"1911","60dfd857e293a99dd577f4c8","test_ConceptualMatch_Noun","2","ConceptualMatchingOnly","compassion","fireplace","compassion-fireplace","ConceptualMatch:noun","PositiveMismatch"
"1912","60dfd857e293a99dd577f4c8","control_Dissimilar","0","DissimilarControl","give","take","give-take","",""
"1913","60dfd857e293a99dd577f4c8","control_Similar","99","SimilarControl","use","employ","use-employ","",""
"1914","60dfd857e293a99dd577f4c8","test_ConceptualMatch_Verb","65","ConceptualMatchingOnly","fulfill","eat","fulfill-eat","ConceptualMatch:verb","PositiveMismatch"
"1915","60dfd857e293a99dd577f4c8","control_MaxMatch_Positive_Verb","0","MaxMatch","cherish","imagine","cherish-imagine","VerbMatch","PositiveMatch"
"1916","60dfd857e293a99dd577f4c8","control_MaxMatch_Negative_Noun","0","MaxMatch","hatred","grief","hatred-grief","NounMatch","NegativeMatch"
"1917","60dfd857e293a99dd577f4c8","control_MaxMatch_Negative_Verb","0","MaxMatch","choke","befall","choke-befall","VerbMatch","NegativeMatch"
"1918","60dfd857e293a99dd577f4c8","test_ValenceMatch_Negative","43","ValenceMatchingOnly","fester","failure","fester-failure","VerbMismatch","NegativeMatch"
"1919","60dfd857e293a99dd577f4c8","control_Dissimilar","0","DissimilarControl","begin","end","begin-end","",""
"1920","60dfd857e293a99dd577f4c8","control_MaxMatch_Positive_Noun","99","MaxMatch","gratitude","kindness","gratitude-kindness","NounMatch","PositiveMatch"
"1921","60dfd857e293a99dd577f4c8","test_ValenceMatch_Positive","73","ValenceMatchingOnly","kindness","cherish","kindness-cherish","NounMismatch","PositiveMatch"
"1922","60dfd857e293a99dd577f4c8","control_MaxMismatch","0","MaxMismatch","imagine","glide","imagine-glide","VerbMismatch","PositiveMismatch"
"1923","60dfd857e293a99dd577f4c8","control_Similar","99","SimilarControl","buy","purchase","buy-purchase","",""
"1924","60dfd857e293a99dd577f4c8","test_ConceptualMatch_Noun","0","ConceptualMatchingOnly","gratitude","flowers","gratitude-flowers","ConceptualMatch:noun","PositiveMismatch"
"1925","60dfd857e293a99dd577f4c8","control_Dissimilar","0","DissimilarControl","come","go","come-go","",""
"1926","60dfd857e293a99dd577f4c8","control_Similar","99","SimilarControl","begin","start","begin-start","",""
"1927","60dfd857e293a99dd577f4c8","test_ConceptualMatch_Verb","0","ConceptualMatchingOnly","cherish","glide","cherish-glide","ConceptualMatch:verb","PositiveMismatch"
"1928","60dfd857e293a99dd577f4c8","control_MaxMatch_Positive_Verb","0","MaxMatch","fulfill","imagine","fulfill-imagine","VerbMatch","PositiveMatch"
"1929","60dfd857e293a99dd577f4c8","control_MaxMatch_Negative_Noun","72","MaxMatch","toxin","terror","toxin-terror","NounMatch","NegativeMatch"
"1930","60dfd857e293a99dd577f4c8","control_MaxMatch_Negative_Verb","0","MaxMatch","choke","bleed","choke-bleed","VerbMatch","NegativeMatch"
"1931","60dfd857e293a99dd577f4c8","test_ValenceMatch_Negative","99","ValenceMatchingOnly","writhe","terror","writhe-terror","VerbMismatch","NegativeMatch"
"1932","60dfd857e293a99dd577f4c8","control_Dissimilar","0","DissimilarControl","rise","fall","rise-fall","",""
"1933","60dfd857e293a99dd577f4c8","control_MaxMatch_Positive_Noun","99","MaxMatch","compassion","kindness","compassion-kindness","NounMatch","PositiveMatch"
"1934","60dfd857e293a99dd577f4c8","test_ValenceMatch_Positive","0","ValenceMatchingOnly","inspiration","fulfill","inspiration-fulfill","NounMismatch","PositiveMatch"
"1935","60dfd857e293a99dd577f4c8","control_MaxMismatch","0","MaxMismatch","imagine","chocolate","imagine-chocolate","VerbMismatch","PositiveMismatch"
"1936","60dfd857e293a99dd577f4c8","control_Similar","99","SimilarControl","ask","inquire","ask-inquire","",""
"1937","60dfd857e293a99dd577f4c8","test_ConceptualMatch_Noun","0","ConceptualMatchingOnly","gratitude","chocolate","gratitude-chocolate","ConceptualMatch:noun","PositiveMismatch"
"1938","60dfd857e293a99dd577f4c8","control_Dissimilar","0","DissimilarControl","arrive","leave","arrive-leave","",""
"1939","60dfd857e293a99dd577f4c8","control_Similar","99","SimilarControl","help","assist","help-assist","",""
"1940","60dfd857e293a99dd577f4c8","test_ConceptualMatch_Verb","0","ConceptualMatchingOnly","imagine","running","imagine-running","ConceptualMatch:verb","PositiveMismatch"
"1941","60dfd857e293a99dd577f4c8","control_MaxMatch_Positive_Verb","0","MaxMatch","admire","imagine","admire-imagine","VerbMatch","PositiveMatch"
"1942","60dfd857e293a99dd577f4c8","control_MaxMatch_Negative_Noun","0","MaxMatch","garbage","grief","garbage-grief","NounMatch","NegativeMatch"
"1943","60dfd857e293a99dd577f4c8","control_MaxMatch_Negative_Verb","0","MaxMatch","befall","resent","befall-resent","VerbMatch","NegativeMatch"
"1944","60dfd857e293a99dd577f4c8","test_ValenceMatch_Negative","0","ValenceMatchingOnly","bleed","terror","bleed-terror","VerbMismatch","NegativeMatch"
"1945","60dfd857e293a99dd577f4c8","control_Dissimilar","0","DissimilarControl","push","pull","push-pull","",""
"1946","60dfd857e293a99dd577f4c8","control_MaxMatch_Positive_Noun","0","MaxMatch","freedom","gratitude","freedom-gratitude","NounMatch","PositiveMatch"
"1947","60dfd857e293a99dd577f4c8","test_ValenceMatch_Positive","0","ValenceMatchingOnly","inspiration","admire","inspiration-admire","NounMismatch","PositiveMatch"
"1948","60dfd857e293a99dd577f4c8","control_MaxMismatch","0","MaxMismatch","fulfill","beach","fulfill-beach","VerbMismatch","PositiveMismatch"
"1949","60dfd857e293a99dd577f4c8","control_Similar","99","SimilarControl","end","finish","end-finish","",""
"1950","60dfd857e293a99dd577f4c8","test_ConceptualMatch_Noun","0","ConceptualMatchingOnly","kindness","flowers","kindness-flowers","ConceptualMatch:noun","PositiveMismatch"
"1951","67efb40e109c97ac3a0505b2","control_Similar","99","SimilarControl","get","obtain","get-obtain","",""
"1952","67efb40e109c97ac3a0505b2","control_Dissimilar","0","DissimilarControl","arrive","leave","arrive-leave","",""
"1953","67efb40e109c97ac3a0505b2","control_MaxMatch_Positive_Noun","0","MaxMatch","gratitude","kindness","gratitude-kindness","NounMatch","PositiveMatch"
"1954","67efb40e109c97ac3a0505b2","control_Similar","99","SimilarControl","ask","inquire","ask-inquire","",""
"1955","67efb40e109c97ac3a0505b2","test_ValenceMatch_Negative","84","ValenceMatchingOnly","fester","terror","fester-terror","VerbMismatch","NegativeMatch"
"1956","67efb40e109c97ac3a0505b2","test_ConceptualMatch_Noun","0","ConceptualMatchingOnly","freedom","chocolate","freedom-chocolate","ConceptualMatch:noun","PositiveMismatch"
"1957","67efb40e109c97ac3a0505b2","control_MaxMatch_Negative_Noun","0","MaxMatch","garbage","corpse","garbage-corpse","NounMatch","NegativeMatch"
"1958","67efb40e109c97ac3a0505b2","control_MaxMatch_Positive_Verb","0","MaxMatch","admire","fulfill","admire-fulfill","VerbMatch","PositiveMatch"
"1959","67efb40e109c97ac3a0505b2","test_ValenceMatch_Positive","7","ValenceMatchingOnly","freedom","fulfill","freedom-fulfill","NounMismatch","PositiveMatch"
"1960","67efb40e109c97ac3a0505b2","control_MaxMismatch","0","MaxMismatch","admire","glide","admire-glide","VerbMismatch","PositiveMismatch"
"1961","67efb40e109c97ac3a0505b2","control_Dissimilar","0","DissimilarControl","add","remove","add-remove","",""
"1962","67efb40e109c97ac3a0505b2","test_ConceptualMatch_Verb","0","ConceptualMatchingOnly","cherish","running","cherish-running","ConceptualMatch:verb","PositiveMismatch"
"1963","67efb40e109c97ac3a0505b2","control_MaxMatch_Negative_Verb","0","MaxMatch","befall","criticize","befall-criticize","VerbMatch","NegativeMatch"
"1964","67efb40e109c97ac3a0505b2","control_Similar","99","SimilarControl","speak","talk","speak-talk","",""
"1965","67efb40e109c97ac3a0505b2","control_Dissimilar","0","DissimilarControl","give","take","give-take","",""
"1966","67efb40e109c97ac3a0505b2","control_MaxMatch_Positive_Noun","0","MaxMatch","compassion","gratitude","compassion-gratitude","NounMatch","PositiveMatch"
"1967","67efb40e109c97ac3a0505b2","control_Similar","99","SimilarControl","show","display","show-display","",""
"1968","67efb40e109c97ac3a0505b2","test_ValenceMatch_Negative","0","ValenceMatchingOnly","writhe","grief","writhe-grief","VerbMismatch","NegativeMatch"
"1969","67efb40e109c97ac3a0505b2","test_ConceptualMatch_Noun","0","ConceptualMatchingOnly","compassion","flowers","compassion-flowers","ConceptualMatch:noun","PositiveMismatch"
"1970","67efb40e109c97ac3a0505b2","control_MaxMatch_Negative_Noun","0","MaxMatch","corpse","slave","corpse-slave","NounMatch","NegativeMatch"
"1971","67efb40e109c97ac3a0505b2","control_MaxMatch_Positive_Verb","0","MaxMatch","cherish","imagine","cherish-imagine","VerbMatch","PositiveMatch"
"1972","67efb40e109c97ac3a0505b2","test_ValenceMatch_Positive","0","ValenceMatchingOnly","kindness","imagine","kindness-imagine","NounMismatch","PositiveMatch"
"1973","67efb40e109c97ac3a0505b2","control_MaxMismatch","0","MaxMismatch","enlighten","home","enlighten-home","VerbMismatch","PositiveMismatch"
"1974","67efb40e109c97ac3a0505b2","control_Dissimilar","0","DissimilarControl","rise","fall","rise-fall","",""
"1975","67efb40e109c97ac3a0505b2","test_ConceptualMatch_Verb","0","ConceptualMatchingOnly","fulfill","glide","fulfill-glide","ConceptualMatch:verb","PositiveMismatch"
"1976","67efb40e109c97ac3a0505b2","control_MaxMatch_Negative_Verb","0","MaxMatch","bleed","exploit","bleed-exploit","VerbMatch","NegativeMatch"
"1977","67efb40e109c97ac3a0505b2","control_Similar","0","SimilarControl","use","employ","use-employ","",""
"1978","67efb40e109c97ac3a0505b2","control_Dissimilar","0","DissimilarControl","open","close","open-close","",""
"1979","67efb40e109c97ac3a0505b2","control_MaxMatch_Positive_Noun","0","MaxMatch","freedom","kindness","freedom-kindness","NounMatch","PositiveMatch"
"1980","67efb40e109c97ac3a0505b2","control_Similar","99","SimilarControl","need","require","need-require","",""
"1981","67efb40e109c97ac3a0505b2","test_ValenceMatch_Negative","77","ValenceMatchingOnly","fester","hatred","fester-hatred","VerbMismatch","NegativeMatch"
"1982","67efb40e109c97ac3a0505b2","test_ConceptualMatch_Noun","0","ConceptualMatchingOnly","compassion","fireplace","compassion-fireplace","ConceptualMatch:noun","PositiveMismatch"
"1983","67efb40e109c97ac3a0505b2","control_MaxMatch_Negative_Noun","0","MaxMatch","toxin","corpse","toxin-corpse","NounMatch","NegativeMatch"
"1984","67efb40e109c97ac3a0505b2","control_MaxMatch_Positive_Verb","0","MaxMatch","enlighten","fulfill","enlighten-fulfill","VerbMatch","PositiveMatch"
"1985","67efb40e109c97ac3a0505b2","test_ValenceMatch_Positive","0","ValenceMatchingOnly","freedom","admire","freedom-admire","NounMismatch","PositiveMatch"
"1986","67efb40e109c97ac3a0505b2","control_MaxMismatch","0","MaxMismatch","imagine","chocolate","imagine-chocolate","VerbMismatch","PositiveMismatch"
"1987","67efb40e109c97ac3a0505b2","control_Dissimilar","0","DissimilarControl","enter","exit","enter-exit","",""
"1988","67efb40e109c97ac3a0505b2","test_ConceptualMatch_Verb","0","ConceptualMatchingOnly","enlighten","glisten","enlighten-glisten","ConceptualMatch:verb","PositiveMismatch"
"1989","67efb40e109c97ac3a0505b2","control_MaxMatch_Negative_Verb","0","MaxMatch","stab","befall","stab-befall","VerbMatch","NegativeMatch"
"1990","67efb40e109c97ac3a0505b2","control_Similar","99","SimilarControl","end","finish","end-finish","",""
"1991","67efb40e109c97ac3a0505b2","control_Dissimilar","0","DissimilarControl","increase","decrease","increase-decrease","",""
"1992","67efb40e109c97ac3a0505b2","control_MaxMatch_Positive_Noun","3","MaxMatch","compassion","inspiration","compassion-inspiration","NounMatch","PositiveMatch"
"1993","67efb40e109c97ac3a0505b2","control_Similar","99","SimilarControl","help","assist","help-assist","",""
"1994","67efb40e109c97ac3a0505b2","test_ValenceMatch_Negative","78","ValenceMatchingOnly","fester","grief","fester-grief","VerbMismatch","NegativeMatch"
"1995","67efb40e109c97ac3a0505b2","test_ConceptualMatch_Noun","0","ConceptualMatchingOnly","inspiration","beach","inspiration-beach","ConceptualMatch:noun","PositiveMismatch"
"1996","67efb40e109c97ac3a0505b2","control_MaxMatch_Negative_Noun","0","MaxMatch","terror","grief","terror-grief","NounMatch","NegativeMatch"
"1997","67efb40e109c97ac3a0505b2","control_MaxMatch_Positive_Verb","0","MaxMatch","admire","enlighten","admire-enlighten","VerbMatch","PositiveMatch"
"1998","67efb40e109c97ac3a0505b2","test_ValenceMatch_Positive","0","ValenceMatchingOnly","gratitude","enlighten","gratitude-enlighten","NounMismatch","PositiveMatch"
"1999","67efb40e109c97ac3a0505b2","control_MaxMismatch","0","MaxMismatch","imagine","flowers","imagine-flowers","VerbMismatch","PositiveMismatch"
"2000","67efb40e109c97ac3a0505b2","control_Dissimilar","0","DissimilarControl","begin","end","begin-end","",""
"2001","67efb40e109c97ac3a0505b2","test_ConceptualMatch_Verb","0","ConceptualMatchingOnly","cherish","glisten","cherish-glisten","ConceptualMatch:verb","PositiveMismatch"
"2002","67efb40e109c97ac3a0505b2","control_MaxMatch_Negative_Verb","0","MaxMatch","writhe","obsess","writhe-obsess","VerbMatch","NegativeMatch"
"2003","67efb40e109c97ac3a0505b2","control_Similar","99","SimilarControl","begin","start","begin-start","",""
"2004","67efb40e109c97ac3a0505b2","control_Dissimilar","0","DissimilarControl","come","go","come-go","",""
"2005","67efb40e109c97ac3a0505b2","control_MaxMatch_Positive_Noun","0","MaxMatch","compassion","freedom","compassion-freedom","NounMatch","PositiveMatch"
"2006","67efb40e109c97ac3a0505b2","control_Similar","99","SimilarControl","buy","purchase","buy-purchase","",""
"2007","67efb40e109c97ac3a0505b2","test_ValenceMatch_Negative","0","ValenceMatchingOnly","choke","failure","choke-failure","VerbMismatch","NegativeMatch"
"2008","67efb40e109c97ac3a0505b2","test_ConceptualMatch_Noun","5","ConceptualMatchingOnly","inspiration","flowers","inspiration-flowers","ConceptualMatch:noun","PositiveMismatch"
"2009","67efb40e109c97ac3a0505b2","control_MaxMatch_Negative_Noun","0","MaxMatch","garbage","hatred","garbage-hatred","NounMatch","NegativeMatch"
"2010","67efb40e109c97ac3a0505b2","control_MaxMatch_Positive_Verb","0","MaxMatch","fulfill","imagine","fulfill-imagine","VerbMatch","PositiveMatch"
"2011","67efb40e109c97ac3a0505b2","test_ValenceMatch_Positive","3","ValenceMatchingOnly","compassion","fulfill","compassion-fulfill","NounMismatch","PositiveMatch"
"2012","67efb40e109c97ac3a0505b2","control_MaxMismatch","0","MaxMismatch","admire","running","admire-running","VerbMismatch","PositiveMismatch"
"2013","67efb40e109c97ac3a0505b2","control_Dissimilar","0","DissimilarControl","push","pull","push-pull","",""
"2014","67efb40e109c97ac3a0505b2","test_ConceptualMatch_Verb","0","ConceptualMatchingOnly","imagine","eat","imagine-eat","ConceptualMatch:verb","PositiveMismatch"
"2015","67efb40e109c97ac3a0505b2","control_MaxMatch_Negative_Verb","0","MaxMatch","bleed","stab","bleed-stab","VerbMatch","NegativeMatch"
"2016","63225b65b2d6e889f7289909","control_Similar","99","SimilarControl","begin","start","begin-start","",""
"2017","63225b65b2d6e889f7289909","control_Dissimilar","0","DissimilarControl","enter","exit","enter-exit","",""
"2018","63225b65b2d6e889f7289909","test_ValenceMatch_Positive","0","ValenceMatchingOnly","gratitude","imagine","gratitude-imagine","NounMismatch","PositiveMatch"
"2019","63225b65b2d6e889f7289909","test_ConceptualMatch_Verb","0","ConceptualMatchingOnly","admire","running","admire-running","ConceptualMatch:verb","PositiveMismatch"
"2020","63225b65b2d6e889f7289909","control_MaxMatch_Positive_Verb","0","MaxMatch","cherish","imagine","cherish-imagine","VerbMatch","PositiveMatch"
"2021","63225b65b2d6e889f7289909","control_Similar","99","SimilarControl","get","obtain","get-obtain","",""
"2022","63225b65b2d6e889f7289909","control_MaxMatch_Negative_Verb","0","MaxMatch","choke","bleed","choke-bleed","VerbMatch","NegativeMatch"
"2023","63225b65b2d6e889f7289909","test_ValenceMatch_Negative","0","ValenceMatchingOnly","choke","hatred","choke-hatred","VerbMismatch","NegativeMatch"
"2024","63225b65b2d6e889f7289909","control_MaxMatch_Negative_Noun","8","MaxMatch","toxin","failure","toxin-failure","NounMatch","NegativeMatch"
"2025","63225b65b2d6e889f7289909","control_Dissimilar","0","DissimilarControl","increase","decrease","increase-decrease","",""
"2026","63225b65b2d6e889f7289909","test_ConceptualMatch_Noun","17","ConceptualMatchingOnly","freedom","chocolate","freedom-chocolate","ConceptualMatch:noun","PositiveMismatch"
"2027","63225b65b2d6e889f7289909","control_MaxMismatch","31","MaxMismatch","fulfill","eat","fulfill-eat","VerbMismatch","PositiveMismatch"
"2028","63225b65b2d6e889f7289909","control_MaxMatch_Positive_Noun","38","MaxMatch","compassion","freedom","compassion-freedom","NounMatch","PositiveMatch"
"2029","63225b65b2d6e889f7289909","control_Similar","99","SimilarControl","buy","purchase","buy-purchase","",""
"2030","63225b65b2d6e889f7289909","control_Dissimilar","0","DissimilarControl","rise","fall","rise-fall","",""
"2031","63225b65b2d6e889f7289909","test_ValenceMatch_Positive","40","ValenceMatchingOnly","kindness","admire","kindness-admire","NounMismatch","PositiveMatch"
"2032","63225b65b2d6e889f7289909","test_ConceptualMatch_Verb","23","ConceptualMatchingOnly","imagine","glide","imagine-glide","ConceptualMatch:verb","PositiveMismatch"
"2033","63225b65b2d6e889f7289909","control_MaxMatch_Positive_Verb","27","MaxMatch","admire","fulfill","admire-fulfill","VerbMatch","PositiveMatch"
"2034","63225b65b2d6e889f7289909","control_Similar","99","SimilarControl","show","display","show-display","",""
"2035","63225b65b2d6e889f7289909","control_MaxMatch_Negative_Verb","26","MaxMatch","writhe","bleed","writhe-bleed","VerbMatch","NegativeMatch"
"2036","63225b65b2d6e889f7289909","test_ValenceMatch_Negative","41","ValenceMatchingOnly","choke","terror","choke-terror","VerbMismatch","NegativeMatch"
"2037","63225b65b2d6e889f7289909","control_MaxMatch_Negative_Noun","41","MaxMatch","corpse","slave","corpse-slave","NounMatch","NegativeMatch"
"2038","63225b65b2d6e889f7289909","control_Dissimilar","0","DissimilarControl","arrive","leave","arrive-leave","",""
"2039","63225b65b2d6e889f7289909","test_ConceptualMatch_Noun","29","ConceptualMatchingOnly","gratitude","beach","gratitude-beach","ConceptualMatch:noun","PositiveMismatch"
"2040","63225b65b2d6e889f7289909","control_MaxMismatch","28","MaxMismatch","enlighten","home","enlighten-home","VerbMismatch","PositiveMismatch"
"2041","63225b65b2d6e889f7289909","control_MaxMatch_Positive_Noun","37","MaxMatch","inspiration","kindness","inspiration-kindness","NounMatch","PositiveMatch"
"2042","63225b65b2d6e889f7289909","control_Similar","99","SimilarControl","ask","inquire","ask-inquire","",""
"2043","63225b65b2d6e889f7289909","control_Dissimilar","0","DissimilarControl","come","go","come-go","",""
"2044","63225b65b2d6e889f7289909","test_ValenceMatch_Positive","35","ValenceMatchingOnly","kindness","fulfill","kindness-fulfill","NounMismatch","PositiveMatch"
"2045","63225b65b2d6e889f7289909","test_ConceptualMatch_Verb","23","ConceptualMatchingOnly","cherish","glide","cherish-glide","ConceptualMatch:verb","PositiveMismatch"
"2046","63225b65b2d6e889f7289909","control_MaxMatch_Positive_Verb","27","MaxMatch","enlighten","imagine","enlighten-imagine","VerbMatch","PositiveMatch"
"2047","63225b65b2d6e889f7289909","control_Similar","91","SimilarControl","need","require","need-require","",""
"2048","63225b65b2d6e889f7289909","control_MaxMatch_Negative_Verb","34","MaxMatch","choke","stab","choke-stab","VerbMatch","NegativeMatch"
"2049","63225b65b2d6e889f7289909","test_ValenceMatch_Negative","14","ValenceMatchingOnly","choke","anxiety","choke-anxiety","VerbMismatch","NegativeMatch"
"2050","63225b65b2d6e889f7289909","control_MaxMatch_Negative_Noun","19","MaxMatch","corpse","failure","corpse-failure","NounMatch","NegativeMatch"
"2051","63225b65b2d6e889f7289909","control_Dissimilar","0","DissimilarControl","push","pull","push-pull","",""
"2052","63225b65b2d6e889f7289909","test_ConceptualMatch_Noun","36","ConceptualMatchingOnly","compassion","home","compassion-home","ConceptualMatch:noun","PositiveMismatch"
"2053","63225b65b2d6e889f7289909","control_MaxMismatch","15","MaxMismatch","admire","beach","admire-beach","VerbMismatch","PositiveMismatch"
"2054","63225b65b2d6e889f7289909","control_MaxMatch_Positive_Noun","73","MaxMatch","gratitude","kindness","gratitude-kindness","NounMatch","PositiveMatch"
"2055","63225b65b2d6e889f7289909","control_Similar","99","SimilarControl","speak","talk","speak-talk","",""
"2056","63225b65b2d6e889f7289909","control_Dissimilar","0","DissimilarControl","give","take","give-take","",""
"2057","63225b65b2d6e889f7289909","test_ValenceMatch_Positive","61","ValenceMatchingOnly","kindness","cherish","kindness-cherish","NounMismatch","PositiveMatch"
"2058","63225b65b2d6e889f7289909","test_ConceptualMatch_Verb","44","ConceptualMatchingOnly","cherish","eat","cherish-eat","ConceptualMatch:verb","PositiveMismatch"
"2059","63225b65b2d6e889f7289909","control_MaxMatch_Positive_Verb","37","MaxMatch","fulfill","imagine","fulfill-imagine","VerbMatch","PositiveMatch"
"2060","63225b65b2d6e889f7289909","control_Similar","56","SimilarControl","use","employ","use-employ","",""
"2061","63225b65b2d6e889f7289909","control_MaxMatch_Negative_Verb","36","MaxMatch","fester","exploit","fester-exploit","VerbMatch","NegativeMatch"
"2062","63225b65b2d6e889f7289909","test_ValenceMatch_Negative","31","ValenceMatchingOnly","choke","grief","choke-grief","VerbMismatch","NegativeMatch"
"2063","63225b65b2d6e889f7289909","control_MaxMatch_Negative_Noun","31","MaxMatch","slave","hatred","slave-hatred","NounMatch","NegativeMatch"
"2064","63225b65b2d6e889f7289909","control_Dissimilar","0","DissimilarControl","open","close","open-close","",""
"2065","63225b65b2d6e889f7289909","test_ConceptualMatch_Noun","37","ConceptualMatchingOnly","compassion","flowers","compassion-flowers","ConceptualMatch:noun","PositiveMismatch"
"2066","63225b65b2d6e889f7289909","control_MaxMismatch","26","MaxMismatch","enlighten","glisten","enlighten-glisten","VerbMismatch","PositiveMismatch"
"2067","63225b65b2d6e889f7289909","control_MaxMatch_Positive_Noun","63","MaxMatch","gratitude","inspiration","gratitude-inspiration","NounMatch","PositiveMatch"
"2068","63225b65b2d6e889f7289909","control_Similar","99","SimilarControl","end","finish","end-finish","",""
"2069","63225b65b2d6e889f7289909","control_Dissimilar","0","DissimilarControl","add","remove","add-remove","",""
"2070","63225b65b2d6e889f7289909","test_ValenceMatch_Positive","40","ValenceMatchingOnly","compassion","fulfill","compassion-fulfill","NounMismatch","PositiveMatch"
"2071","63225b65b2d6e889f7289909","test_ConceptualMatch_Verb","34","ConceptualMatchingOnly","admire","glide","admire-glide","ConceptualMatch:verb","PositiveMismatch"
"2072","63225b65b2d6e889f7289909","control_MaxMatch_Positive_Verb","44","MaxMatch","cherish","enlighten","cherish-enlighten","VerbMatch","PositiveMatch"
"2073","63225b65b2d6e889f7289909","control_Similar","99","SimilarControl","help","assist","help-assist","",""
"2074","63225b65b2d6e889f7289909","control_MaxMatch_Negative_Verb","38","MaxMatch","criticize","exploit","criticize-exploit","VerbMatch","NegativeMatch"
"2075","63225b65b2d6e889f7289909","test_ValenceMatch_Negative","70","ValenceMatchingOnly","writhe","terror","writhe-terror","VerbMismatch","NegativeMatch"
"2076","63225b65b2d6e889f7289909","control_MaxMatch_Negative_Noun","45","MaxMatch","garbage","anxiety","garbage-anxiety","NounMatch","NegativeMatch"
"2077","63225b65b2d6e889f7289909","control_Dissimilar","0","DissimilarControl","begin","end","begin-end","",""
"2078","63225b65b2d6e889f7289909","test_ConceptualMatch_Noun","37","ConceptualMatchingOnly","kindness","flowers","kindness-flowers","ConceptualMatch:noun","PositiveMismatch"
"2079","63225b65b2d6e889f7289909","control_MaxMismatch","27","MaxMismatch","imagine","running","imagine-running","VerbMismatch","PositiveMismatch"
"2080","63225b65b2d6e889f7289909","control_MaxMatch_Positive_Noun","63","MaxMatch","compassion","gratitude","compassion-gratitude","NounMatch","PositiveMatch"
"2081","5ef3e3c01ece121907ee721a","control_Similar","99","SimilarControl","need","require","need-require","",""
"2082","5ef3e3c01ece121907ee721a","control_Dissimilar","0","DissimilarControl","push","pull","push-pull","",""
"2083","5ef3e3c01ece121907ee721a","test_ConceptualMatch_Verb","44","ConceptualMatchingOnly","cherish","glide","cherish-glide","ConceptualMatch:verb","PositiveMismatch"
"2084","5ef3e3c01ece121907ee721a","control_Similar","99","SimilarControl","ask","inquire","ask-inquire","",""
"2085","5ef3e3c01ece121907ee721a","test_ValenceMatch_Positive","30","ValenceMatchingOnly","gratitude","imagine","gratitude-imagine","NounMismatch","PositiveMatch"
"2086","5ef3e3c01ece121907ee721a","test_ConceptualMatch_Noun","71","ConceptualMatchingOnly","compassion","flowers","compassion-flowers","ConceptualMatch:noun","PositiveMismatch"
"2087","5ef3e3c01ece121907ee721a","control_MaxMismatch","36","MaxMismatch","cherish","breathe","cherish-breathe","VerbMismatch","PositiveMismatch"
"2088","5ef3e3c01ece121907ee721a","control_MaxMatch_Positive_Noun","62","MaxMatch","freedom","inspiration","freedom-inspiration","NounMatch","PositiveMatch"
"2089","5ef3e3c01ece121907ee721a","control_MaxMatch_Negative_Verb","59","MaxMatch","writhe","obsess","writhe-obsess","VerbMatch","NegativeMatch"
"2090","5ef3e3c01ece121907ee721a","control_MaxMatch_Positive_Verb","64","MaxMatch","enlighten","fulfill","enlighten-fulfill","VerbMatch","PositiveMatch"
"2091","5ef3e3c01ece121907ee721a","test_ValenceMatch_Negative","61","ValenceMatchingOnly","stab","terror","stab-terror","VerbMismatch","NegativeMatch"
"2092","5ef3e3c01ece121907ee721a","control_MaxMatch_Negative_Noun","34","MaxMatch","terror","failure","terror-failure","NounMatch","NegativeMatch"
"2093","5ef3e3c01ece121907ee721a","control_Dissimilar","0","DissimilarControl","open","close","open-close","",""
"2094","5ef3e3c01ece121907ee721a","control_Similar","92","SimilarControl","use","employ","use-employ","",""
"2095","5ef3e3c01ece121907ee721a","control_Dissimilar","0","DissimilarControl","come","go","come-go","",""
"2096","5ef3e3c01ece121907ee721a","test_ConceptualMatch_Verb","22","ConceptualMatchingOnly","imagine","glisten","imagine-glisten","ConceptualMatch:verb","PositiveMismatch"
"2097","5ef3e3c01ece121907ee721a","control_Similar","99","SimilarControl","help","assist","help-assist","",""
"2098","5ef3e3c01ece121907ee721a","test_ValenceMatch_Positive","88","ValenceMatchingOnly","inspiration","imagine","inspiration-imagine","NounMismatch","PositiveMatch"
"2099","5ef3e3c01ece121907ee721a","test_ConceptualMatch_Noun","0","ConceptualMatchingOnly","compassion","fireplace","compassion-fireplace","ConceptualMatch:noun","PositiveMismatch"
"2100","5ef3e3c01ece121907ee721a","control_MaxMismatch","24","MaxMismatch","fulfill","fireplace","fulfill-fireplace","VerbMismatch","PositiveMismatch"
"2101","5ef3e3c01ece121907ee721a","control_MaxMatch_Positive_Noun","67","MaxMatch","freedom","kindness","freedom-kindness","NounMatch","PositiveMatch"
"2102","5ef3e3c01ece121907ee721a","control_MaxMatch_Negative_Verb","17","MaxMatch","choke","resent","choke-resent","VerbMatch","NegativeMatch"
"2103","5ef3e3c01ece121907ee721a","control_MaxMatch_Positive_Verb","65","MaxMatch","enlighten","imagine","enlighten-imagine","VerbMatch","PositiveMatch"
"2104","5ef3e3c01ece121907ee721a","test_ValenceMatch_Negative","81","ValenceMatchingOnly","choke","anxiety","choke-anxiety","VerbMismatch","NegativeMatch"
"2105","5ef3e3c01ece121907ee721a","control_MaxMatch_Negative_Noun","69","MaxMatch","garbage","mud","garbage-mud","NounMatch","NegativeMatch"
"2106","5ef3e3c01ece121907ee721a","control_Dissimilar","0","DissimilarControl","enter","exit","enter-exit","",""
"2107","5ef3e3c01ece121907ee721a","control_Similar","98","SimilarControl","end","finish","end-finish","",""
"2108","5ef3e3c01ece121907ee721a","control_Dissimilar","0","DissimilarControl","increase","decrease","increase-decrease","",""
"2109","5ef3e3c01ece121907ee721a","test_ConceptualMatch_Verb","18","ConceptualMatchingOnly","fulfill","glide","fulfill-glide","ConceptualMatch:verb","PositiveMismatch"
"2110","5ef3e3c01ece121907ee721a","control_Similar","91","SimilarControl","get","obtain","get-obtain","",""
"2111","5ef3e3c01ece121907ee721a","test_ValenceMatch_Positive","38","ValenceMatchingOnly","compassion","imagine","compassion-imagine","NounMismatch","PositiveMatch"
"2112","5ef3e3c01ece121907ee721a","test_ConceptualMatch_Noun","60","ConceptualMatchingOnly","kindness","home","kindness-home","ConceptualMatch:noun","PositiveMismatch"
"2113","5ef3e3c01ece121907ee721a","control_MaxMismatch","29","MaxMismatch","enlighten","glisten","enlighten-glisten","VerbMismatch","PositiveMismatch"
"2114","5ef3e3c01ece121907ee721a","control_MaxMatch_Positive_Noun","63","MaxMatch","freedom","gratitude","freedom-gratitude","NounMatch","PositiveMatch"
"2115","5ef3e3c01ece121907ee721a","control_MaxMatch_Negative_Verb","12","MaxMatch","bleed","obsess","bleed-obsess","VerbMatch","NegativeMatch"
"2116","5ef3e3c01ece121907ee721a","control_MaxMatch_Positive_Verb","38","MaxMatch","admire","enlighten","admire-enlighten","VerbMatch","PositiveMatch"
"2117","5ef3e3c01ece121907ee721a","test_ValenceMatch_Negative","20","ValenceMatchingOnly","writhe","failure","writhe-failure","VerbMismatch","NegativeMatch"
"2118","5ef3e3c01ece121907ee721a","control_MaxMatch_Negative_Noun","18","MaxMatch","terror","hatred","terror-hatred","NounMatch","NegativeMatch"
"2119","5ef3e3c01ece121907ee721a","control_Dissimilar","0","DissimilarControl","rise","fall","rise-fall","",""
"2120","5ef3e3c01ece121907ee721a","control_Similar","99","SimilarControl","speak","talk","speak-talk","",""
"2121","5ef3e3c01ece121907ee721a","control_Dissimilar","0","DissimilarControl","give","take","give-take","",""
"2122","5ef3e3c01ece121907ee721a","test_ConceptualMatch_Verb","32","ConceptualMatchingOnly","cherish","glisten","cherish-glisten","ConceptualMatch:verb","PositiveMismatch"
"2123","5ef3e3c01ece121907ee721a","control_Similar","98","SimilarControl","show","display","show-display","",""
"2124","5ef3e3c01ece121907ee721a","test_ValenceMatch_Positive","66","ValenceMatchingOnly","compassion","fulfill","compassion-fulfill","NounMismatch","PositiveMatch"
"2125","5ef3e3c01ece121907ee721a","test_ConceptualMatch_Noun","58","ConceptualMatchingOnly","compassion","chocolate","compassion-chocolate","ConceptualMatch:noun","PositiveMismatch"
"2126","5ef3e3c01ece121907ee721a","control_MaxMismatch","14","MaxMismatch","fulfill","beach","fulfill-beach","VerbMismatch","PositiveMismatch"
"2127","5ef3e3c01ece121907ee721a","control_MaxMatch_Positive_Noun","66","MaxMatch","compassion","inspiration","compassion-inspiration","NounMatch","PositiveMatch"
"2128","5ef3e3c01ece121907ee721a","control_MaxMatch_Negative_Verb","76","MaxMatch","resent","obsess","resent-obsess","VerbMatch","NegativeMatch"
"2129","5ef3e3c01ece121907ee721a","control_MaxMatch_Positive_Verb","66","MaxMatch","cherish","enlighten","cherish-enlighten","VerbMatch","PositiveMatch"
"2130","5ef3e3c01ece121907ee721a","test_ValenceMatch_Negative","25","ValenceMatchingOnly","fester","terror","fester-terror","VerbMismatch","NegativeMatch"
"2131","5ef3e3c01ece121907ee721a","control_MaxMatch_Negative_Noun","36","MaxMatch","garbage","failure","garbage-failure","NounMatch","NegativeMatch"
"2132","5ef3e3c01ece121907ee721a","control_Dissimilar","0","DissimilarControl","arrive","leave","arrive-leave","",""
"2133","5ef3e3c01ece121907ee721a","control_Similar","99","SimilarControl","buy","purchase","buy-purchase","",""
"2134","5ef3e3c01ece121907ee721a","control_Dissimilar","0","DissimilarControl","add","remove","add-remove","",""
"2135","5ef3e3c01ece121907ee721a","test_ConceptualMatch_Verb","26","ConceptualMatchingOnly","fulfill","running","fulfill-running","ConceptualMatch:verb","PositiveMismatch"
"2136","5ef3e3c01ece121907ee721a","control_Similar","99","SimilarControl","begin","start","begin-start","",""
"2137","5ef3e3c01ece121907ee721a","test_ValenceMatch_Positive","72","ValenceMatchingOnly","kindness","cherish","kindness-cherish","NounMismatch","PositiveMatch"
"2138","5ef3e3c01ece121907ee721a","test_ConceptualMatch_Noun","30","ConceptualMatchingOnly","gratitude","fireplace","gratitude-fireplace","ConceptualMatch:noun","PositiveMismatch"
"2139","5ef3e3c01ece121907ee721a","control_MaxMismatch","65","MaxMismatch","admire","home","admire-home","VerbMismatch","PositiveMismatch"
"2140","5ef3e3c01ece121907ee721a","control_MaxMatch_Positive_Noun","85","MaxMatch","gratitude","kindness","gratitude-kindness","NounMatch","PositiveMatch"
"2141","5ef3e3c01ece121907ee721a","control_MaxMatch_Negative_Verb","21","MaxMatch","writhe","criticize","writhe-criticize","VerbMatch","NegativeMatch"
"2142","5ef3e3c01ece121907ee721a","control_MaxMatch_Positive_Verb","59","MaxMatch","fulfill","imagine","fulfill-imagine","VerbMatch","PositiveMatch"
"2143","5ef3e3c01ece121907ee721a","test_ValenceMatch_Negative","24","ValenceMatchingOnly","choke","grief","choke-grief","VerbMismatch","NegativeMatch"
"2144","5ef3e3c01ece121907ee721a","control_MaxMatch_Negative_Noun","29","MaxMatch","slave","grief","slave-grief","NounMatch","NegativeMatch"
"2145","5ef3e3c01ece121907ee721a","control_Dissimilar","0","DissimilarControl","begin","end","begin-end","",""
"2146","67b9d2f7a49052c6e25c6a7f","control_Dissimilar","0","DissimilarControl","enter","exit","enter-exit","",""
"2147","67b9d2f7a49052c6e25c6a7f","control_Similar","83","SimilarControl","use","employ","use-employ","",""
"2148","67b9d2f7a49052c6e25c6a7f","control_MaxMatch_Negative_Verb","6","MaxMatch","choke","criticize","choke-criticize","VerbMatch","NegativeMatch"
"2149","67b9d2f7a49052c6e25c6a7f","control_Dissimilar","9","DissimilarControl","give","take","give-take","",""
"2150","67b9d2f7a49052c6e25c6a7f","control_MaxMatch_Positive_Noun","8","MaxMatch","compassion","inspiration","compassion-inspiration","NounMatch","PositiveMatch"
"2151","67b9d2f7a49052c6e25c6a7f","test_ConceptualMatch_Noun","0","ConceptualMatchingOnly","freedom","chocolate","freedom-chocolate","ConceptualMatch:noun","PositiveMismatch"
"2152","67b9d2f7a49052c6e25c6a7f","control_Similar","84","SimilarControl","begin","start","begin-start","",""
"2153","67b9d2f7a49052c6e25c6a7f","control_MaxMismatch","6","MaxMismatch","enlighten","chocolate","enlighten-chocolate","VerbMismatch","PositiveMismatch"
"2154","67b9d2f7a49052c6e25c6a7f","test_ValenceMatch_Positive","9","ValenceMatchingOnly","kindness","fulfill","kindness-fulfill","NounMismatch","PositiveMatch"
"2155","67b9d2f7a49052c6e25c6a7f","control_MaxMatch_Positive_Verb","6","MaxMatch","cherish","fulfill","cherish-fulfill","VerbMatch","PositiveMatch"
"2156","67b9d2f7a49052c6e25c6a7f","test_ConceptualMatch_Verb","0","ConceptualMatchingOnly","fulfill","glisten","fulfill-glisten","ConceptualMatch:verb","PositiveMismatch"
"2157","67b9d2f7a49052c6e25c6a7f","test_ValenceMatch_Negative","7","ValenceMatchingOnly","writhe","terror","writhe-terror","VerbMismatch","NegativeMatch"
"2158","67b9d2f7a49052c6e25c6a7f","control_MaxMatch_Negative_Noun","0","MaxMatch","mud","anxiety","mud-anxiety","NounMatch","NegativeMatch"
"2159","67b9d2f7a49052c6e25c6a7f","control_Dissimilar","4","DissimilarControl","open","close","open-close","",""
"2160","67b9d2f7a49052c6e25c6a7f","control_Similar","99","SimilarControl","get","obtain","get-obtain","",""
"2161","67b9d2f7a49052c6e25c6a7f","control_MaxMatch_Negative_Verb","41","MaxMatch","bleed","exploit","bleed-exploit","VerbMatch","NegativeMatch"
"2162","67b9d2f7a49052c6e25c6a7f","control_Dissimilar","6","DissimilarControl","arrive","leave","arrive-leave","",""
"2163","67b9d2f7a49052c6e25c6a7f","control_MaxMatch_Positive_Noun","0","MaxMatch","freedom","inspiration","freedom-inspiration","NounMatch","PositiveMatch"
"2164","67b9d2f7a49052c6e25c6a7f","test_ConceptualMatch_Noun","5","ConceptualMatchingOnly","inspiration","chocolate","inspiration-chocolate","ConceptualMatch:noun","PositiveMismatch"
"2165","67b9d2f7a49052c6e25c6a7f","control_Similar","99","SimilarControl","show","display","show-display","",""
"2166","67b9d2f7a49052c6e25c6a7f","control_MaxMismatch","1","MaxMismatch","enlighten","breathe","enlighten-breathe","VerbMismatch","PositiveMismatch"
"2167","67b9d2f7a49052c6e25c6a7f","test_ValenceMatch_Positive","16","ValenceMatchingOnly","inspiration","fulfill","inspiration-fulfill","NounMismatch","PositiveMatch"
"2168","67b9d2f7a49052c6e25c6a7f","control_MaxMatch_Positive_Verb","6","MaxMatch","cherish","imagine","cherish-imagine","VerbMatch","PositiveMatch"
"2169","67b9d2f7a49052c6e25c6a7f","test_ConceptualMatch_Verb","5","ConceptualMatchingOnly","cherish","glide","cherish-glide","ConceptualMatch:verb","PositiveMismatch"
"2170","67b9d2f7a49052c6e25c6a7f","test_ValenceMatch_Negative","0","ValenceMatchingOnly","bleed","failure","bleed-failure","VerbMismatch","NegativeMatch"
"2171","67b9d2f7a49052c6e25c6a7f","control_MaxMatch_Negative_Noun","2","MaxMatch","toxin","corpse","toxin-corpse","NounMatch","NegativeMatch"
"2172","67b9d2f7a49052c6e25c6a7f","control_Dissimilar","1","DissimilarControl","begin","end","begin-end","",""
"2173","67b9d2f7a49052c6e25c6a7f","control_Similar","99","SimilarControl","ask","inquire","ask-inquire","",""
"2174","67b9d2f7a49052c6e25c6a7f","control_MaxMatch_Negative_Verb","4","MaxMatch","befall","resent","befall-resent","VerbMatch","NegativeMatch"
"2175","67b9d2f7a49052c6e25c6a7f","control_Dissimilar","11","DissimilarControl","come","go","come-go","",""
"2176","67b9d2f7a49052c6e25c6a7f","control_MaxMatch_Positive_Noun","5","MaxMatch","gratitude","inspiration","gratitude-inspiration","NounMatch","PositiveMatch"
"2177","67b9d2f7a49052c6e25c6a7f","test_ConceptualMatch_Noun","3","ConceptualMatchingOnly","gratitude","beach","gratitude-beach","ConceptualMatch:noun","PositiveMismatch"
"2178","67b9d2f7a49052c6e25c6a7f","control_Similar","99","SimilarControl","speak","talk","speak-talk","",""
"2179","67b9d2f7a49052c6e25c6a7f","control_MaxMismatch","0","MaxMismatch","imagine","glide","imagine-glide","VerbMismatch","PositiveMismatch"
"2180","67b9d2f7a49052c6e25c6a7f","test_ValenceMatch_Positive","9","ValenceMatchingOnly","kindness","cherish","kindness-cherish","NounMismatch","PositiveMatch"
"2181","67b9d2f7a49052c6e25c6a7f","control_MaxMatch_Positive_Verb","4","MaxMatch","admire","fulfill","admire-fulfill","VerbMatch","PositiveMatch"
"2182","67b9d2f7a49052c6e25c6a7f","test_ConceptualMatch_Verb","1","ConceptualMatchingOnly","enlighten","glisten","enlighten-glisten","ConceptualMatch:verb","PositiveMismatch"
"2183","67b9d2f7a49052c6e25c6a7f","test_ValenceMatch_Negative","0","ValenceMatchingOnly","bleed","terror","bleed-terror","VerbMismatch","NegativeMatch"
"2184","67b9d2f7a49052c6e25c6a7f","control_MaxMatch_Negative_Noun","16","MaxMatch","anxiety","failure","anxiety-failure","NounMatch","NegativeMatch"
"2185","67b9d2f7a49052c6e25c6a7f","control_Dissimilar","5","DissimilarControl","add","remove","add-remove","",""
"2186","67b9d2f7a49052c6e25c6a7f","control_Similar","99","SimilarControl","end","finish","end-finish","",""
"2187","67b9d2f7a49052c6e25c6a7f","control_MaxMatch_Negative_Verb","4","MaxMatch","fester","obsess","fester-obsess","VerbMatch","NegativeMatch"
"2188","67b9d2f7a49052c6e25c6a7f","control_Dissimilar","0","DissimilarControl","increase","decrease","increase-decrease","",""
"2189","67b9d2f7a49052c6e25c6a7f","control_MaxMatch_Positive_Noun","6","MaxMatch","freedom","kindness","freedom-kindness","NounMatch","PositiveMatch"
"2190","67b9d2f7a49052c6e25c6a7f","test_ConceptualMatch_Noun","1","ConceptualMatchingOnly","gratitude","fireplace","gratitude-fireplace","ConceptualMatch:noun","PositiveMismatch"
"2191","67b9d2f7a49052c6e25c6a7f","control_Similar","99","SimilarControl","help","assist","help-assist","",""
"2192","67b9d2f7a49052c6e25c6a7f","control_MaxMismatch","1","MaxMismatch","fulfill","glisten","fulfill-glisten","VerbMismatch","PositiveMismatch"
"2193","67b9d2f7a49052c6e25c6a7f","test_ValenceMatch_Positive","8","ValenceMatchingOnly","gratitude","imagine","gratitude-imagine","NounMismatch","PositiveMatch"
"2194","67b9d2f7a49052c6e25c6a7f","control_MaxMatch_Positive_Verb","0","MaxMatch","admire","imagine","admire-imagine","VerbMatch","PositiveMatch"
"2195","67b9d2f7a49052c6e25c6a7f","test_ConceptualMatch_Verb","5","ConceptualMatchingOnly","enlighten","eat","enlighten-eat","ConceptualMatch:verb","PositiveMismatch"
"2196","67b9d2f7a49052c6e25c6a7f","test_ValenceMatch_Negative","0","ValenceMatchingOnly","fester","terror","fester-terror","VerbMismatch","NegativeMatch"
"2197","67b9d2f7a49052c6e25c6a7f","control_MaxMatch_Negative_Noun","2","MaxMatch","hatred","grief","hatred-grief","NounMatch","NegativeMatch"
"2198","67b9d2f7a49052c6e25c6a7f","control_Dissimilar","0","DissimilarControl","rise","fall","rise-fall","",""
"2199","67b9d2f7a49052c6e25c6a7f","control_Similar","96","SimilarControl","buy","purchase","buy-purchase","",""
"2200","67b9d2f7a49052c6e25c6a7f","control_MaxMatch_Negative_Verb","0","MaxMatch","fester","exploit","fester-exploit","VerbMatch","NegativeMatch"
"2201","67b9d2f7a49052c6e25c6a7f","control_Dissimilar","0","DissimilarControl","push","pull","push-pull","",""
"2202","67b9d2f7a49052c6e25c6a7f","control_MaxMatch_Positive_Noun","98","MaxMatch","compassion","kindness","compassion-kindness","NounMatch","PositiveMatch"
"2203","67b9d2f7a49052c6e25c6a7f","test_ConceptualMatch_Noun","4","ConceptualMatchingOnly","freedom","beach","freedom-beach","ConceptualMatch:noun","PositiveMismatch"
"2204","67b9d2f7a49052c6e25c6a7f","control_Similar","77","SimilarControl","need","require","need-require","",""
"2205","67b9d2f7a49052c6e25c6a7f","control_MaxMismatch","4","MaxMismatch","enlighten","home","enlighten-home","VerbMismatch","PositiveMismatch"
"2206","67b9d2f7a49052c6e25c6a7f","test_ValenceMatch_Positive","5","ValenceMatchingOnly","freedom","imagine","freedom-imagine","NounMismatch","PositiveMatch"
"2207","67b9d2f7a49052c6e25c6a7f","control_MaxMatch_Positive_Verb","5","MaxMatch","cherish","enlighten","cherish-enlighten","VerbMatch","PositiveMatch"
"2208","67b9d2f7a49052c6e25c6a7f","test_ConceptualMatch_Verb","3","ConceptualMatchingOnly","fulfill","running","fulfill-running","ConceptualMatch:verb","PositiveMismatch"
"2209","67b9d2f7a49052c6e25c6a7f","test_ValenceMatch_Negative","84","ValenceMatchingOnly","choke","failure","choke-failure","VerbMismatch","NegativeMatch"
"2210","67b9d2f7a49052c6e25c6a7f","control_MaxMatch_Negative_Noun","4","MaxMatch","mud","hatred","mud-hatred","NounMatch","NegativeMatch"
"2211","67d733cee520bbb0a0b508ba","control_Similar","55","SimilarControl","use","employ","use-employ","",""
"2212","67d733cee520bbb0a0b508ba","control_Dissimilar","0","DissimilarControl","begin","end","begin-end","",""
"2213","67d733cee520bbb0a0b508ba","control_Similar","99","SimilarControl","need","require","need-require","",""
"2214","67d733cee520bbb0a0b508ba","control_MaxMismatch","0","MaxMismatch","enlighten","flowers","enlighten-flowers","VerbMismatch","PositiveMismatch"
"2215","67d733cee520bbb0a0b508ba","control_MaxMatch_Negative_Noun","0","MaxMatch","terror","hatred","terror-hatred","NounMatch","NegativeMatch"
"2216","67d733cee520bbb0a0b508ba","control_MaxMatch_Positive_Noun","0","MaxMatch","freedom","inspiration","freedom-inspiration","NounMatch","PositiveMatch"
"2217","67d733cee520bbb0a0b508ba","test_ValenceMatch_Positive","0","ValenceMatchingOnly","inspiration","fulfill","inspiration-fulfill","NounMismatch","PositiveMatch"
"2218","67d733cee520bbb0a0b508ba","test_ConceptualMatch_Noun","0","ConceptualMatchingOnly","inspiration","beach","inspiration-beach","ConceptualMatch:noun","PositiveMismatch"
"2219","67d733cee520bbb0a0b508ba","control_MaxMatch_Negative_Verb","58","MaxMatch","fester","writhe","fester-writhe","VerbMatch","NegativeMatch"
"2220","67d733cee520bbb0a0b508ba","control_MaxMatch_Positive_Verb","0","MaxMatch","cherish","enlighten","cherish-enlighten","VerbMatch","PositiveMatch"
"2221","67d733cee520bbb0a0b508ba","test_ValenceMatch_Negative","0","ValenceMatchingOnly","fester","failure","fester-failure","VerbMismatch","NegativeMatch"
"2222","67d733cee520bbb0a0b508ba","control_Dissimilar","0","DissimilarControl","arrive","leave","arrive-leave","",""
"2223","67d733cee520bbb0a0b508ba","test_ConceptualMatch_Verb","0","ConceptualMatchingOnly","cherish","eat","cherish-eat","ConceptualMatch:verb","PositiveMismatch"
"2224","67d733cee520bbb0a0b508ba","control_Similar","99","SimilarControl","speak","talk","speak-talk","",""
"2225","67d733cee520bbb0a0b508ba","control_Dissimilar","0","DissimilarControl","add","remove","add-remove","",""
"2226","67d733cee520bbb0a0b508ba","control_Similar","99","SimilarControl","buy","purchase","buy-purchase","",""
"2227","67d733cee520bbb0a0b508ba","control_MaxMismatch","0","MaxMismatch","cherish","flowers","cherish-flowers","VerbMismatch","PositiveMismatch"
"2228","67d733cee520bbb0a0b508ba","control_MaxMatch_Negative_Noun","0","MaxMatch","toxin","mud","toxin-mud","NounMatch","NegativeMatch"
"2229","67d733cee520bbb0a0b508ba","control_MaxMatch_Positive_Noun","99","MaxMatch","compassion","kindness","compassion-kindness","NounMatch","PositiveMatch"
"2230","67d733cee520bbb0a0b508ba","test_ValenceMatch_Positive","0","ValenceMatchingOnly","kindness","fulfill","kindness-fulfill","NounMismatch","PositiveMatch"
"2231","67d733cee520bbb0a0b508ba","test_ConceptualMatch_Noun","0","ConceptualMatchingOnly","freedom","fireplace","freedom-fireplace","ConceptualMatch:noun","PositiveMismatch"
"2232","67d733cee520bbb0a0b508ba","control_MaxMatch_Negative_Verb","0","MaxMatch","choke","bleed","choke-bleed","VerbMatch","NegativeMatch"
"2233","67d733cee520bbb0a0b508ba","control_MaxMatch_Positive_Verb","0","MaxMatch","enlighten","imagine","enlighten-imagine","VerbMatch","PositiveMatch"
"2234","67d733cee520bbb0a0b508ba","test_ValenceMatch_Negative","52","ValenceMatchingOnly","writhe","anxiety","writhe-anxiety","VerbMismatch","NegativeMatch"
"2235","67d733cee520bbb0a0b508ba","control_Dissimilar","0","DissimilarControl","give","take","give-take","",""
"2236","67d733cee520bbb0a0b508ba","test_ConceptualMatch_Verb","0","ConceptualMatchingOnly","imagine","running","imagine-running","ConceptualMatch:verb","PositiveMismatch"
"2237","67d733cee520bbb0a0b508ba","control_Similar","99","SimilarControl","show","display","show-display","",""
"2238","67d733cee520bbb0a0b508ba","control_Dissimilar","0","DissimilarControl","rise","fall","rise-fall","",""
"2239","67d733cee520bbb0a0b508ba","control_Similar","99","SimilarControl","get","obtain","get-obtain","",""
"2240","67d733cee520bbb0a0b508ba","control_MaxMismatch","0","MaxMismatch","fulfill","glide","fulfill-glide","VerbMismatch","PositiveMismatch"
"2241","67d733cee520bbb0a0b508ba","control_MaxMatch_Negative_Noun","0","MaxMatch","terror","grief","terror-grief","NounMatch","NegativeMatch"
"2242","67d733cee520bbb0a0b508ba","control_MaxMatch_Positive_Noun","0","MaxMatch","compassion","inspiration","compassion-inspiration","NounMatch","PositiveMatch"
"2243","67d733cee520bbb0a0b508ba","test_ValenceMatch_Positive","45","ValenceMatchingOnly","gratitude","fulfill","gratitude-fulfill","NounMismatch","PositiveMatch"
"2244","67d733cee520bbb0a0b508ba","test_ConceptualMatch_Noun","0","ConceptualMatchingOnly","compassion","beach","compassion-beach","ConceptualMatch:noun","PositiveMismatch"
"2245","67d733cee520bbb0a0b508ba","control_MaxMatch_Negative_Verb","0","MaxMatch","choke","fester","choke-fester","VerbMatch","NegativeMatch"
"2246","67d733cee520bbb0a0b508ba","control_MaxMatch_Positive_Verb","0","MaxMatch","admire","fulfill","admire-fulfill","VerbMatch","PositiveMatch"
"2247","67d733cee520bbb0a0b508ba","test_ValenceMatch_Negative","0","ValenceMatchingOnly","choke","hatred","choke-hatred","VerbMismatch","NegativeMatch"
"2248","67d733cee520bbb0a0b508ba","control_Dissimilar","0","DissimilarControl","increase","decrease","increase-decrease","",""
"2249","67d733cee520bbb0a0b508ba","test_ConceptualMatch_Verb","0","ConceptualMatchingOnly","admire","glisten","admire-glisten","ConceptualMatch:verb","PositiveMismatch"
"2250","67d733cee520bbb0a0b508ba","control_Similar","99","SimilarControl","help","assist","help-assist","",""
"2251","67d733cee520bbb0a0b508ba","control_Dissimilar","0","DissimilarControl","push","pull","push-pull","",""
"2252","67d733cee520bbb0a0b508ba","control_Similar","99","SimilarControl","begin","start","begin-start","",""
"2253","67d733cee520bbb0a0b508ba","control_MaxMismatch","0","MaxMismatch","cherish","running","cherish-running","VerbMismatch","PositiveMismatch"
"2254","67d733cee520bbb0a0b508ba","control_MaxMatch_Negative_Noun","0","MaxMatch","anxiety","failure","anxiety-failure","NounMatch","NegativeMatch"
"2255","67d733cee520bbb0a0b508ba","control_MaxMatch_Positive_Noun","0","MaxMatch","freedom","gratitude","freedom-gratitude","NounMatch","PositiveMatch"
"2256","67d733cee520bbb0a0b508ba","test_ValenceMatch_Positive","0","ValenceMatchingOnly","gratitude","enlighten","gratitude-enlighten","NounMismatch","PositiveMatch"
"2257","67d733cee520bbb0a0b508ba","test_ConceptualMatch_Noun","0","ConceptualMatchingOnly","gratitude","home","gratitude-home","ConceptualMatch:noun","PositiveMismatch"
"2258","67d733cee520bbb0a0b508ba","control_MaxMatch_Negative_Verb","0","MaxMatch","writhe","bleed","writhe-bleed","VerbMatch","NegativeMatch"
"2259","67d733cee520bbb0a0b508ba","control_MaxMatch_Positive_Verb","57","MaxMatch","enlighten","fulfill","enlighten-fulfill","VerbMatch","PositiveMatch"
"2260","67d733cee520bbb0a0b508ba","test_ValenceMatch_Negative","0","ValenceMatchingOnly","writhe","hatred","writhe-hatred","VerbMismatch","NegativeMatch"
"2261","67d733cee520bbb0a0b508ba","control_Dissimilar","0","DissimilarControl","come","go","come-go","",""
"2262","67d733cee520bbb0a0b508ba","test_ConceptualMatch_Verb","0","ConceptualMatchingOnly","enlighten","breathe","enlighten-breathe","ConceptualMatch:verb","PositiveMismatch"
"2263","67d733cee520bbb0a0b508ba","control_Similar","98","SimilarControl","end","finish","end-finish","",""
"2264","67d733cee520bbb0a0b508ba","control_Dissimilar","0","DissimilarControl","enter","exit","enter-exit","",""
"2265","67d733cee520bbb0a0b508ba","control_Similar","99","SimilarControl","ask","inquire","ask-inquire","",""
"2266","67d733cee520bbb0a0b508ba","control_MaxMismatch","0","MaxMismatch","fulfill","beach","fulfill-beach","VerbMismatch","PositiveMismatch"
"2267","67d733cee520bbb0a0b508ba","control_MaxMatch_Negative_Noun","3","MaxMatch","toxin","slave","toxin-slave","NounMatch","NegativeMatch"
"2268","67d733cee520bbb0a0b508ba","control_MaxMatch_Positive_Noun","99","MaxMatch","gratitude","kindness","gratitude-kindness","NounMatch","PositiveMatch"
"2269","67d733cee520bbb0a0b508ba","test_ValenceMatch_Positive","0","ValenceMatchingOnly","gratitude","imagine","gratitude-imagine","NounMismatch","PositiveMatch"
"2270","67d733cee520bbb0a0b508ba","test_ConceptualMatch_Noun","0","ConceptualMatchingOnly","inspiration","chocolate","inspiration-chocolate","ConceptualMatch:noun","PositiveMismatch"
"2271","67d733cee520bbb0a0b508ba","control_MaxMatch_Negative_Verb","0","MaxMatch","stab","criticize","stab-criticize","VerbMatch","NegativeMatch"
"2272","67d733cee520bbb0a0b508ba","control_MaxMatch_Positive_Verb","99","MaxMatch","admire","cherish","admire-cherish","VerbMatch","PositiveMatch"
"2273","67d733cee520bbb0a0b508ba","test_ValenceMatch_Negative","0","ValenceMatchingOnly","stab","grief","stab-grief","VerbMismatch","NegativeMatch"
"2274","67d733cee520bbb0a0b508ba","control_Dissimilar","0","DissimilarControl","open","close","open-close","",""
"2275","67d733cee520bbb0a0b508ba","test_ConceptualMatch_Verb","0","ConceptualMatchingOnly","admire","glide","admire-glide","ConceptualMatch:verb","PositiveMismatch"
"2276","5c1c2c51e2d9150001b5737e","control_Similar","99","SimilarControl","get","obtain","get-obtain","",""
"2277","5c1c2c51e2d9150001b5737e","control_Dissimilar","0","DissimilarControl","rise","fall","rise-fall","",""
"2278","5c1c2c51e2d9150001b5737e","test_ValenceMatch_Negative","61","ValenceMatchingOnly","choke","failure","choke-failure","VerbMismatch","NegativeMatch"
"2279","5c1c2c51e2d9150001b5737e","control_Similar","99","SimilarControl","speak","talk","speak-talk","",""
"2280","5c1c2c51e2d9150001b5737e","control_MaxMatch_Positive_Verb","99","MaxMatch","enlighten","fulfill","enlighten-fulfill","VerbMatch","PositiveMatch"
"2281","5c1c2c51e2d9150001b5737e","control_MaxMatch_Negative_Verb","77","MaxMatch","bleed","exploit","bleed-exploit","VerbMatch","NegativeMatch"
"2282","5c1c2c51e2d9150001b5737e","control_Dissimilar","0","DissimilarControl","increase","decrease","increase-decrease","",""
"2283","5c1c2c51e2d9150001b5737e","control_MaxMismatch","12","MaxMismatch","cherish","chocolate","cherish-chocolate","VerbMismatch","PositiveMismatch"
"2284","5c1c2c51e2d9150001b5737e","control_MaxMatch_Negative_Noun","0","MaxMatch","mud","grief","mud-grief","NounMatch","NegativeMatch"
"2285","5c1c2c51e2d9150001b5737e","test_ConceptualMatch_Verb","7","ConceptualMatchingOnly","admire","glisten","admire-glisten","ConceptualMatch:verb","PositiveMismatch"
"2286","5c1c2c51e2d9150001b5737e","test_ConceptualMatch_Noun","13","ConceptualMatchingOnly","compassion","fireplace","compassion-fireplace","ConceptualMatch:noun","PositiveMismatch"
"2287","5c1c2c51e2d9150001b5737e","control_MaxMatch_Positive_Noun","33","MaxMatch","compassion","freedom","compassion-freedom","NounMatch","PositiveMatch"
"2288","5c1c2c51e2d9150001b5737e","test_ValenceMatch_Positive","85","ValenceMatchingOnly","kindness","imagine","kindness-imagine","NounMismatch","PositiveMatch"
"2289","5c1c2c51e2d9150001b5737e","control_Similar","99","SimilarControl","begin","start","begin-start","",""
"2290","5c1c2c51e2d9150001b5737e","control_Dissimilar","0","DissimilarControl","arrive","leave","arrive-leave","",""
"2291","5c1c2c51e2d9150001b5737e","test_ValenceMatch_Negative","11","ValenceMatchingOnly","bleed","grief","bleed-grief","VerbMismatch","NegativeMatch"
"2292","5c1c2c51e2d9150001b5737e","control_Similar","99","SimilarControl","use","employ","use-employ","",""
"2293","5c1c2c51e2d9150001b5737e","control_MaxMatch_Positive_Verb","66","MaxMatch","cherish","imagine","cherish-imagine","VerbMatch","PositiveMatch"
"2294","5c1c2c51e2d9150001b5737e","control_MaxMatch_Negative_Verb","70","MaxMatch","writhe","resent","writhe-resent","VerbMatch","NegativeMatch"
"2295","5c1c2c51e2d9150001b5737e","control_Dissimilar","0","DissimilarControl","give","take","give-take","",""
"2296","5c1c2c51e2d9150001b5737e","control_MaxMismatch","14","MaxMismatch","imagine","beach","imagine-beach","VerbMismatch","PositiveMismatch"
"2297","5c1c2c51e2d9150001b5737e","control_MaxMatch_Negative_Noun","5","MaxMatch","mud","slave","mud-slave","NounMatch","NegativeMatch"
"2298","5c1c2c51e2d9150001b5737e","test_ConceptualMatch_Verb","1","ConceptualMatchingOnly","enlighten","eat","enlighten-eat","ConceptualMatch:verb","PositiveMismatch"
"2299","5c1c2c51e2d9150001b5737e","test_ConceptualMatch_Noun","9","ConceptualMatchingOnly","compassion","home","compassion-home","ConceptualMatch:noun","PositiveMismatch"
"2300","5c1c2c51e2d9150001b5737e","control_MaxMatch_Positive_Noun","22","MaxMatch","freedom","kindness","freedom-kindness","NounMatch","PositiveMatch"
"2301","5c1c2c51e2d9150001b5737e","test_ValenceMatch_Positive","30","ValenceMatchingOnly","compassion","imagine","compassion-imagine","NounMismatch","PositiveMatch"
"2302","5c1c2c51e2d9150001b5737e","control_Similar","99","SimilarControl","help","assist","help-assist","",""
"2303","5c1c2c51e2d9150001b5737e","control_Dissimilar","0","DissimilarControl","open","close","open-close","",""
"2304","5c1c2c51e2d9150001b5737e","test_ValenceMatch_Negative","19","ValenceMatchingOnly","stab","terror","stab-terror","VerbMismatch","NegativeMatch"
"2305","5c1c2c51e2d9150001b5737e","control_Similar","99","SimilarControl","ask","inquire","ask-inquire","",""
"2306","5c1c2c51e2d9150001b5737e","control_MaxMatch_Positive_Verb","99","MaxMatch","admire","enlighten","admire-enlighten","VerbMatch","PositiveMatch"
"2307","5c1c2c51e2d9150001b5737e","control_MaxMatch_Negative_Verb","60","MaxMatch","stab","exploit","stab-exploit","VerbMatch","NegativeMatch"
"2308","5c1c2c51e2d9150001b5737e","control_Dissimilar","12","DissimilarControl","add","remove","add-remove","",""
"2309","5c1c2c51e2d9150001b5737e","control_MaxMismatch","4","MaxMismatch","fulfill","flowers","fulfill-flowers","VerbMismatch","PositiveMismatch"
"2310","5c1c2c51e2d9150001b5737e","control_MaxMatch_Negative_Noun","3","MaxMatch","corpse","terror","corpse-terror","NounMatch","NegativeMatch"
"2311","5c1c2c51e2d9150001b5737e","test_ConceptualMatch_Verb","11","ConceptualMatchingOnly","cherish","glide","cherish-glide","ConceptualMatch:verb","PositiveMismatch"
"2312","5c1c2c51e2d9150001b5737e","test_ConceptualMatch_Noun","6","ConceptualMatchingOnly","inspiration","chocolate","inspiration-chocolate","ConceptualMatch:noun","PositiveMismatch"
"2313","5c1c2c51e2d9150001b5737e","control_MaxMatch_Positive_Noun","21","MaxMatch","inspiration","kindness","inspiration-kindness","NounMatch","PositiveMatch"
"2314","5c1c2c51e2d9150001b5737e","test_ValenceMatch_Positive","39","ValenceMatchingOnly","gratitude","admire","gratitude-admire","NounMismatch","PositiveMatch"
"2315","5c1c2c51e2d9150001b5737e","control_Similar","99","SimilarControl","need","require","need-require","",""
"2316","5c1c2c51e2d9150001b5737e","control_Dissimilar","2","DissimilarControl","enter","exit","enter-exit","",""
"2317","5c1c2c51e2d9150001b5737e","test_ValenceMatch_Negative","17","ValenceMatchingOnly","bleed","anxiety","bleed-anxiety","VerbMismatch","NegativeMatch"
"2318","5c1c2c51e2d9150001b5737e","control_Similar","99","SimilarControl","buy","purchase","buy-purchase","",""
"2319","5c1c2c51e2d9150001b5737e","control_MaxMatch_Positive_Verb","99","MaxMatch","cherish","fulfill","cherish-fulfill","VerbMatch","PositiveMatch"
"2320","5c1c2c51e2d9150001b5737e","control_MaxMatch_Negative_Verb","57","MaxMatch","choke","writhe","choke-writhe","VerbMatch","NegativeMatch"
"2321","5c1c2c51e2d9150001b5737e","control_Dissimilar","12","DissimilarControl","push","pull","push-pull","",""
"2322","5c1c2c51e2d9150001b5737e","control_MaxMismatch","13","MaxMismatch","enlighten","glisten","enlighten-glisten","VerbMismatch","PositiveMismatch"
"2323","5c1c2c51e2d9150001b5737e","control_MaxMatch_Negative_Noun","31","MaxMatch","garbage","corpse","garbage-corpse","NounMatch","NegativeMatch"
"2324","5c1c2c51e2d9150001b5737e","test_ConceptualMatch_Verb","22","ConceptualMatchingOnly","cherish","running","cherish-running","ConceptualMatch:verb","PositiveMismatch"
"2325","5c1c2c51e2d9150001b5737e","test_ConceptualMatch_Noun","1","ConceptualMatchingOnly","gratitude","chocolate","gratitude-chocolate","ConceptualMatch:noun","PositiveMismatch"
"2326","5c1c2c51e2d9150001b5737e","control_MaxMatch_Positive_Noun","34","MaxMatch","freedom","inspiration","freedom-inspiration","NounMatch","PositiveMatch"
"2327","5c1c2c51e2d9150001b5737e","test_ValenceMatch_Positive","34","ValenceMatchingOnly","gratitude","imagine","gratitude-imagine","NounMismatch","PositiveMatch"
"2328","5c1c2c51e2d9150001b5737e","control_Similar","93","SimilarControl","show","display","show-display","",""
"2329","5c1c2c51e2d9150001b5737e","control_Dissimilar","0","DissimilarControl","come","go","come-go","",""
"2330","5c1c2c51e2d9150001b5737e","test_ValenceMatch_Negative","37","ValenceMatchingOnly","stab","hatred","stab-hatred","VerbMismatch","NegativeMatch"
"2331","5c1c2c51e2d9150001b5737e","control_Similar","99","SimilarControl","end","finish","end-finish","",""
"2332","5c1c2c51e2d9150001b5737e","control_MaxMatch_Positive_Verb","94","MaxMatch","enlighten","imagine","enlighten-imagine","VerbMatch","PositiveMatch"
"2333","5c1c2c51e2d9150001b5737e","control_MaxMatch_Negative_Verb","21","MaxMatch","befall","resent","befall-resent","VerbMatch","NegativeMatch"
"2334","5c1c2c51e2d9150001b5737e","control_Dissimilar","0","DissimilarControl","begin","end","begin-end","",""
"2335","5c1c2c51e2d9150001b5737e","control_MaxMismatch","10","MaxMismatch","cherish","running","cherish-running","VerbMismatch","PositiveMismatch"
"2336","5c1c2c51e2d9150001b5737e","control_MaxMatch_Negative_Noun","79","MaxMatch","anxiety","grief","anxiety-grief","NounMatch","NegativeMatch"
"2337","5c1c2c51e2d9150001b5737e","test_ConceptualMatch_Verb","8","ConceptualMatchingOnly","cherish","eat","cherish-eat","ConceptualMatch:verb","PositiveMismatch"
"2338","5c1c2c51e2d9150001b5737e","test_ConceptualMatch_Noun","23","ConceptualMatchingOnly","gratitude","flowers","gratitude-flowers","ConceptualMatch:noun","PositiveMismatch"
"2339","5c1c2c51e2d9150001b5737e","control_MaxMatch_Positive_Noun","58","MaxMatch","freedom","gratitude","freedom-gratitude","NounMatch","PositiveMatch"
"2340","5c1c2c51e2d9150001b5737e","test_ValenceMatch_Positive","58","ValenceMatchingOnly","freedom","imagine","freedom-imagine","NounMismatch","PositiveMatch"
"2341","5d88dcb723dfcc00151fd043","control_Similar","99","SimilarControl","need","require","need-require","",""
"2342","5d88dcb723dfcc00151fd043","control_Dissimilar","0","DissimilarControl","arrive","leave","arrive-leave","",""
"2343","5d88dcb723dfcc00151fd043","control_MaxMatch_Positive_Verb","0","MaxMatch","fulfill","imagine","fulfill-imagine","VerbMatch","PositiveMatch"
"2344","5d88dcb723dfcc00151fd043","control_MaxMatch_Positive_Noun","0","MaxMatch","freedom","gratitude","freedom-gratitude","NounMatch","PositiveMatch"
"2345","5d88dcb723dfcc00151fd043","control_Similar","99","SimilarControl","buy","purchase","buy-purchase","",""
"2346","5d88dcb723dfcc00151fd043","control_MaxMatch_Negative_Noun","46","MaxMatch","terror","hatred","terror-hatred","NounMatch","NegativeMatch"
"2347","5d88dcb723dfcc00151fd043","control_MaxMatch_Negative_Verb","0","MaxMatch","exploit","obsess","exploit-obsess","VerbMatch","NegativeMatch"
"2348","5d88dcb723dfcc00151fd043","control_MaxMismatch","0","MaxMismatch","cherish","eat","cherish-eat","VerbMismatch","PositiveMismatch"
"2349","5d88dcb723dfcc00151fd043","control_Dissimilar","0","DissimilarControl","open","close","open-close","",""
"2350","5d88dcb723dfcc00151fd043","test_ValenceMatch_Negative","46","ValenceMatchingOnly","writhe","failure","writhe-failure","VerbMismatch","NegativeMatch"
"2351","5d88dcb723dfcc00151fd043","test_ConceptualMatch_Noun","0","ConceptualMatchingOnly","inspiration","fireplace","inspiration-fireplace","ConceptualMatch:noun","PositiveMismatch"
"2352","5d88dcb723dfcc00151fd043","test_ConceptualMatch_Verb","0","ConceptualMatchingOnly","fulfill","eat","fulfill-eat","ConceptualMatch:verb","PositiveMismatch"
"2353","5d88dcb723dfcc00151fd043","test_ValenceMatch_Positive","0","ValenceMatchingOnly","freedom","fulfill","freedom-fulfill","NounMismatch","PositiveMatch"
"2354","5d88dcb723dfcc00151fd043","control_Similar","46","SimilarControl","use","employ","use-employ","",""
"2355","5d88dcb723dfcc00151fd043","control_Dissimilar","0","DissimilarControl","begin","end","begin-end","",""
"2356","5d88dcb723dfcc00151fd043","control_MaxMatch_Positive_Verb","0","MaxMatch","enlighten","fulfill","enlighten-fulfill","VerbMatch","PositiveMatch"
"2357","5d88dcb723dfcc00151fd043","control_MaxMatch_Positive_Noun","0","MaxMatch","freedom","inspiration","freedom-inspiration","NounMatch","PositiveMatch"
"2358","5d88dcb723dfcc00151fd043","control_Similar","99","SimilarControl","end","finish","end-finish","",""
"2359","5d88dcb723dfcc00151fd043","control_MaxMatch_Negative_Noun","0","MaxMatch","toxin","slave","toxin-slave","NounMatch","NegativeMatch"
"2360","5d88dcb723dfcc00151fd043","control_MaxMatch_Negative_Verb","0","MaxMatch","choke","exploit","choke-exploit","VerbMatch","NegativeMatch"
"2361","5d88dcb723dfcc00151fd043","control_MaxMismatch","0","MaxMismatch","admire","home","admire-home","VerbMismatch","PositiveMismatch"
"2362","5d88dcb723dfcc00151fd043","control_Dissimilar","0","DissimilarControl","rise","fall","rise-fall","",""
"2363","5d88dcb723dfcc00151fd043","test_ValenceMatch_Negative","52","ValenceMatchingOnly","writhe","grief","writhe-grief","VerbMismatch","NegativeMatch"
"2364","5d88dcb723dfcc00151fd043","test_ConceptualMatch_Noun","0","ConceptualMatchingOnly","gratitude","beach","gratitude-beach","ConceptualMatch:noun","PositiveMismatch"
"2365","5d88dcb723dfcc00151fd043","test_ConceptualMatch_Verb","0","ConceptualMatchingOnly","imagine","glide","imagine-glide","ConceptualMatch:verb","PositiveMismatch"
"2366","5d88dcb723dfcc00151fd043","test_ValenceMatch_Positive","54","ValenceMatchingOnly","kindness","enlighten","kindness-enlighten","NounMismatch","PositiveMatch"
"2367","5d88dcb723dfcc00151fd043","control_Similar","99","SimilarControl","help","assist","help-assist","",""
"2368","5d88dcb723dfcc00151fd043","control_Dissimilar","0","DissimilarControl","enter","exit","enter-exit","",""
"2369","5d88dcb723dfcc00151fd043","control_MaxMatch_Positive_Verb","0","MaxMatch","cherish","enlighten","cherish-enlighten","VerbMatch","PositiveMatch"
"2370","5d88dcb723dfcc00151fd043","control_MaxMatch_Positive_Noun","99","MaxMatch","gratitude","inspiration","gratitude-inspiration","NounMatch","PositiveMatch"
"2371","5d88dcb723dfcc00151fd043","control_Similar","99","SimilarControl","begin","start","begin-start","",""
"2372","5d88dcb723dfcc00151fd043","control_MaxMatch_Negative_Noun","0","MaxMatch","toxin","failure","toxin-failure","NounMatch","NegativeMatch"
"2373","5d88dcb723dfcc00151fd043","control_MaxMatch_Negative_Verb","0","MaxMatch","choke","bleed","choke-bleed","VerbMatch","NegativeMatch"
"2374","5d88dcb723dfcc00151fd043","control_MaxMismatch","0","MaxMismatch","cherish","home","cherish-home","VerbMismatch","PositiveMismatch"
"2375","5d88dcb723dfcc00151fd043","control_Dissimilar","0","DissimilarControl","push","pull","push-pull","",""
"2376","5d88dcb723dfcc00151fd043","test_ValenceMatch_Negative","0","ValenceMatchingOnly","choke","hatred","choke-hatred","VerbMismatch","NegativeMatch"
"2377","5d88dcb723dfcc00151fd043","test_ConceptualMatch_Noun","0","ConceptualMatchingOnly","kindness","chocolate","kindness-chocolate","ConceptualMatch:noun","PositiveMismatch"
"2378","5d88dcb723dfcc00151fd043","test_ConceptualMatch_Verb","0","ConceptualMatchingOnly","admire","glide","admire-glide","ConceptualMatch:verb","PositiveMismatch"
"2379","5d88dcb723dfcc00151fd043","test_ValenceMatch_Positive","0","ValenceMatchingOnly","compassion","imagine","compassion-imagine","NounMismatch","PositiveMatch"
"2380","5d88dcb723dfcc00151fd043","control_Similar","99","SimilarControl","show","display","show-display","",""
"2381","5d88dcb723dfcc00151fd043","control_Dissimilar","0","DissimilarControl","give","take","give-take","",""
"2382","5d88dcb723dfcc00151fd043","control_MaxMatch_Positive_Verb","0","MaxMatch","admire","fulfill","admire-fulfill","VerbMatch","PositiveMatch"
"2383","5d88dcb723dfcc00151fd043","control_MaxMatch_Positive_Noun","49","MaxMatch","compassion","gratitude","compassion-gratitude","NounMatch","PositiveMatch"
"2384","5d88dcb723dfcc00151fd043","control_Similar","99","SimilarControl","speak","talk","speak-talk","",""
"2385","5d88dcb723dfcc00151fd043","control_MaxMatch_Negative_Noun","0","MaxMatch","garbage","corpse","garbage-corpse","NounMatch","NegativeMatch"
"2386","5d88dcb723dfcc00151fd043","control_MaxMatch_Negative_Verb","0","MaxMatch","bleed","resent","bleed-resent","VerbMatch","NegativeMatch"
"2387","5d88dcb723dfcc00151fd043","control_MaxMismatch","0","MaxMismatch","admire","glisten","admire-glisten","VerbMismatch","PositiveMismatch"
"2388","5d88dcb723dfcc00151fd043","control_Dissimilar","0","DissimilarControl","increase","decrease","increase-decrease","",""
"2389","5d88dcb723dfcc00151fd043","test_ValenceMatch_Negative","0","ValenceMatchingOnly","bleed","hatred","bleed-hatred","VerbMismatch","NegativeMatch"
"2390","5d88dcb723dfcc00151fd043","test_ConceptualMatch_Noun","0","ConceptualMatchingOnly","compassion","chocolate","compassion-chocolate","ConceptualMatch:noun","PositiveMismatch"
"2391","5d88dcb723dfcc00151fd043","test_ConceptualMatch_Verb","0","ConceptualMatchingOnly","imagine","breathe","imagine-breathe","ConceptualMatch:verb","PositiveMismatch"
"2392","5d88dcb723dfcc00151fd043","test_ValenceMatch_Positive","0","ValenceMatchingOnly","gratitude","imagine","gratitude-imagine","NounMismatch","PositiveMatch"
"2393","5d88dcb723dfcc00151fd043","control_Similar","99","SimilarControl","ask","inquire","ask-inquire","",""
"2394","5d88dcb723dfcc00151fd043","control_Dissimilar","0","DissimilarControl","add","remove","add-remove","",""
"2395","5d88dcb723dfcc00151fd043","control_MaxMatch_Positive_Verb","0","MaxMatch","admire","imagine","admire-imagine","VerbMatch","PositiveMatch"
"2396","5d88dcb723dfcc00151fd043","control_MaxMatch_Positive_Noun","99","MaxMatch","compassion","kindness","compassion-kindness","NounMatch","PositiveMatch"
"2397","5d88dcb723dfcc00151fd043","control_Similar","99","SimilarControl","get","obtain","get-obtain","",""
"2398","5d88dcb723dfcc00151fd043","control_MaxMatch_Negative_Noun","0","MaxMatch","slave","anxiety","slave-anxiety","NounMatch","NegativeMatch"
"2399","5d88dcb723dfcc00151fd043","control_MaxMatch_Negative_Verb","47","MaxMatch","stab","criticize","stab-criticize","VerbMatch","NegativeMatch"
"2400","5d88dcb723dfcc00151fd043","control_MaxMismatch","0","MaxMismatch","cherish","breathe","cherish-breathe","VerbMismatch","PositiveMismatch"
"2401","5d88dcb723dfcc00151fd043","control_Dissimilar","0","DissimilarControl","come","go","come-go","",""
"2402","5d88dcb723dfcc00151fd043","test_ValenceMatch_Negative","99","ValenceMatchingOnly","fester","failure","fester-failure","VerbMismatch","NegativeMatch"
"2403","5d88dcb723dfcc00151fd043","test_ConceptualMatch_Noun","0","ConceptualMatchingOnly","inspiration","flowers","inspiration-flowers","ConceptualMatch:noun","PositiveMismatch"
"2404","5d88dcb723dfcc00151fd043","test_ConceptualMatch_Verb","2","ConceptualMatchingOnly","enlighten","glisten","enlighten-glisten","ConceptualMatch:verb","PositiveMismatch"
"2405","5d88dcb723dfcc00151fd043","test_ValenceMatch_Positive","49","ValenceMatchingOnly","compassion","admire","compassion-admire","NounMismatch","PositiveMatch"
"2406","67d0a57b0a4981c5e65c3bcc","control_Dissimilar","15","DissimilarControl","add","remove","add-remove","",""
"2407","67d0a57b0a4981c5e65c3bcc","control_Similar","99","SimilarControl","begin","start","begin-start","",""
"2408","67d0a57b0a4981c5e65c3bcc","test_ConceptualMatch_Verb","19","ConceptualMatchingOnly","cherish","eat","cherish-eat","ConceptualMatch:verb","PositiveMismatch"
"2409","67d0a57b0a4981c5e65c3bcc","control_MaxMatch_Negative_Noun","22","MaxMatch","garbage","failure","garbage-failure","NounMatch","NegativeMatch"
"2410","67d0a57b0a4981c5e65c3bcc","control_MaxMatch_Positive_Noun","99","MaxMatch","compassion","kindness","compassion-kindness","NounMatch","PositiveMatch"
"2411","67d0a57b0a4981c5e65c3bcc","control_MaxMismatch","62","MaxMismatch","cherish","flowers","cherish-flowers","VerbMismatch","PositiveMismatch"
"2412","67d0a57b0a4981c5e65c3bcc","test_ConceptualMatch_Noun","61","ConceptualMatchingOnly","freedom","home","freedom-home","ConceptualMatch:noun","PositiveMismatch"
"2413","67d0a57b0a4981c5e65c3bcc","control_Dissimilar","12","DissimilarControl","come","go","come-go","",""
"2414","67d0a57b0a4981c5e65c3bcc","test_ValenceMatch_Negative","69","ValenceMatchingOnly","fester","anxiety","fester-anxiety","VerbMismatch","NegativeMatch"
"2415","67d0a57b0a4981c5e65c3bcc","control_MaxMatch_Positive_Verb","87","MaxMatch","enlighten","fulfill","enlighten-fulfill","VerbMatch","PositiveMatch"
"2416","67d0a57b0a4981c5e65c3bcc","test_ValenceMatch_Positive","73","ValenceMatchingOnly","inspiration","admire","inspiration-admire","NounMismatch","PositiveMatch"
"2417","67d0a57b0a4981c5e65c3bcc","control_MaxMatch_Negative_Verb","33","MaxMatch","choke","befall","choke-befall","VerbMatch","NegativeMatch"
"2418","67d0a57b0a4981c5e65c3bcc","control_Similar","85","SimilarControl","need","require","need-require","",""
"2419","67d0a57b0a4981c5e65c3bcc","control_Dissimilar","32","DissimilarControl","open","close","open-close","",""
"2420","67d0a57b0a4981c5e65c3bcc","control_Similar","99","SimilarControl","help","assist","help-assist","",""
"2421","67d0a57b0a4981c5e65c3bcc","test_ConceptualMatch_Verb","12","ConceptualMatchingOnly","enlighten","glisten","enlighten-glisten","ConceptualMatch:verb","PositiveMismatch"
"2422","67d0a57b0a4981c5e65c3bcc","control_MaxMatch_Negative_Noun","54","MaxMatch","toxin","terror","toxin-terror","NounMatch","NegativeMatch"
"2423","67d0a57b0a4981c5e65c3bcc","control_MaxMatch_Positive_Noun","94","MaxMatch","gratitude","kindness","gratitude-kindness","NounMatch","PositiveMatch"
"2424","67d0a57b0a4981c5e65c3bcc","control_MaxMismatch","0","MaxMismatch","cherish","glide","cherish-glide","VerbMismatch","PositiveMismatch"
"2425","67d0a57b0a4981c5e65c3bcc","test_ConceptualMatch_Noun","0","ConceptualMatchingOnly","compassion","beach","compassion-beach","ConceptualMatch:noun","PositiveMismatch"
"2426","67d0a57b0a4981c5e65c3bcc","control_Dissimilar","47","DissimilarControl","enter","exit","enter-exit","",""
"2427","67d0a57b0a4981c5e65c3bcc","test_ValenceMatch_Negative","26","ValenceMatchingOnly","bleed","grief","bleed-grief","VerbMismatch","NegativeMatch"
"2428","67d0a57b0a4981c5e65c3bcc","control_MaxMatch_Positive_Verb","75","MaxMatch","admire","cherish","admire-cherish","VerbMatch","PositiveMatch"
"2429","67d0a57b0a4981c5e65c3bcc","test_ValenceMatch_Positive","67","ValenceMatchingOnly","compassion","admire","compassion-admire","NounMismatch","PositiveMatch"
"2430","67d0a57b0a4981c5e65c3bcc","control_MaxMatch_Negative_Verb","4","MaxMatch","writhe","befall","writhe-befall","VerbMatch","NegativeMatch"
"2431","67d0a57b0a4981c5e65c3bcc","control_Similar","88","SimilarControl","show","display","show-display","",""
"2432","67d0a57b0a4981c5e65c3bcc","control_Dissimilar","27","DissimilarControl","rise","fall","rise-fall","",""
"2433","67d0a57b0a4981c5e65c3bcc","control_Similar","85","SimilarControl","ask","inquire","ask-inquire","",""
"2434","67d0a57b0a4981c5e65c3bcc","test_ConceptualMatch_Verb","9","ConceptualMatchingOnly","admire","glisten","admire-glisten","ConceptualMatch:verb","PositiveMismatch"
"2435","67d0a57b0a4981c5e65c3bcc","control_MaxMatch_Negative_Noun","8","MaxMatch","mud","slave","mud-slave","NounMatch","NegativeMatch"
"2436","67d0a57b0a4981c5e65c3bcc","control_MaxMatch_Positive_Noun","63","MaxMatch","freedom","inspiration","freedom-inspiration","NounMatch","PositiveMatch"
"2437","67d0a57b0a4981c5e65c3bcc","control_MaxMismatch","68","MaxMismatch","cherish","home","cherish-home","VerbMismatch","PositiveMismatch"
"2438","67d0a57b0a4981c5e65c3bcc","test_ConceptualMatch_Noun","58","ConceptualMatchingOnly","inspiration","flowers","inspiration-flowers","ConceptualMatch:noun","PositiveMismatch"
"2439","67d0a57b0a4981c5e65c3bcc","control_Dissimilar","33","DissimilarControl","give","take","give-take","",""
"2440","67d0a57b0a4981c5e65c3bcc","test_ValenceMatch_Negative","32","ValenceMatchingOnly","writhe","failure","writhe-failure","VerbMismatch","NegativeMatch"
"2441","67d0a57b0a4981c5e65c3bcc","control_MaxMatch_Positive_Verb","64","MaxMatch","enlighten","imagine","enlighten-imagine","VerbMatch","PositiveMatch"
"2442","67d0a57b0a4981c5e65c3bcc","test_ValenceMatch_Positive","30","ValenceMatchingOnly","compassion","imagine","compassion-imagine","NounMismatch","PositiveMatch"
"2443","67d0a57b0a4981c5e65c3bcc","control_MaxMatch_Negative_Verb","21","MaxMatch","choke","exploit","choke-exploit","VerbMatch","NegativeMatch"
"2444","67d0a57b0a4981c5e65c3bcc","control_Similar","79","SimilarControl","use","employ","use-employ","",""
"2445","67d0a57b0a4981c5e65c3bcc","control_Dissimilar","29","DissimilarControl","push","pull","push-pull","",""
"2446","67d0a57b0a4981c5e65c3bcc","control_Similar","79","SimilarControl","get","obtain","get-obtain","",""
"2447","67d0a57b0a4981c5e65c3bcc","test_ConceptualMatch_Verb","14","ConceptualMatchingOnly","fulfill","glide","fulfill-glide","ConceptualMatch:verb","PositiveMismatch"
"2448","67d0a57b0a4981c5e65c3bcc","control_MaxMatch_Negative_Noun","22","MaxMatch","slave","grief","slave-grief","NounMatch","NegativeMatch"
"2449","67d0a57b0a4981c5e65c3bcc","control_MaxMatch_Positive_Noun","41","MaxMatch","gratitude","inspiration","gratitude-inspiration","NounMatch","PositiveMatch"
"2450","67d0a57b0a4981c5e65c3bcc","control_MaxMismatch","9","MaxMismatch","enlighten","glisten","enlighten-glisten","VerbMismatch","PositiveMismatch"
"2451","67d0a57b0a4981c5e65c3bcc","test_ConceptualMatch_Noun","59","ConceptualMatchingOnly","gratitude","home","gratitude-home","ConceptualMatch:noun","PositiveMismatch"
"2452","67d0a57b0a4981c5e65c3bcc","control_Dissimilar","16","DissimilarControl","begin","end","begin-end","",""
"2453","67d0a57b0a4981c5e65c3bcc","test_ValenceMatch_Negative","16","ValenceMatchingOnly","bleed","hatred","bleed-hatred","VerbMismatch","NegativeMatch"
"2454","67d0a57b0a4981c5e65c3bcc","control_MaxMatch_Positive_Verb","27","MaxMatch","admire","imagine","admire-imagine","VerbMatch","PositiveMatch"
"2455","67d0a57b0a4981c5e65c3bcc","test_ValenceMatch_Positive","44","ValenceMatchingOnly","freedom","fulfill","freedom-fulfill","NounMismatch","PositiveMatch"
"2456","67d0a57b0a4981c5e65c3bcc","control_MaxMatch_Negative_Verb","14","MaxMatch","befall","obsess","befall-obsess","VerbMatch","NegativeMatch"
"2457","67d0a57b0a4981c5e65c3bcc","control_Similar","92","SimilarControl","speak","talk","speak-talk","",""
"2458","67d0a57b0a4981c5e65c3bcc","control_Dissimilar","25","DissimilarControl","increase","decrease","increase-decrease","",""
"2459","67d0a57b0a4981c5e65c3bcc","control_Similar","99","SimilarControl","end","finish","end-finish","",""
"2460","67d0a57b0a4981c5e65c3bcc","test_ConceptualMatch_Verb","7","ConceptualMatchingOnly","enlighten","running","enlighten-running","ConceptualMatch:verb","PositiveMismatch"
"2461","67d0a57b0a4981c5e65c3bcc","control_MaxMatch_Negative_Noun","17","MaxMatch","garbage","slave","garbage-slave","NounMatch","NegativeMatch"
"2462","67d0a57b0a4981c5e65c3bcc","control_MaxMatch_Positive_Noun","99","MaxMatch","compassion","gratitude","compassion-gratitude","NounMatch","PositiveMatch"
"2463","67d0a57b0a4981c5e65c3bcc","control_MaxMismatch","9","MaxMismatch","fulfill","glisten","fulfill-glisten","VerbMismatch","PositiveMismatch"
"2464","67d0a57b0a4981c5e65c3bcc","test_ConceptualMatch_Noun","0","ConceptualMatchingOnly","compassion","chocolate","compassion-chocolate","ConceptualMatch:noun","PositiveMismatch"
"2465","67d0a57b0a4981c5e65c3bcc","control_Dissimilar","27","DissimilarControl","arrive","leave","arrive-leave","",""
"2466","67d0a57b0a4981c5e65c3bcc","test_ValenceMatch_Negative","15","ValenceMatchingOnly","stab","failure","stab-failure","VerbMismatch","NegativeMatch"
"2467","67d0a57b0a4981c5e65c3bcc","control_MaxMatch_Positive_Verb","60","MaxMatch","cherish","fulfill","cherish-fulfill","VerbMatch","PositiveMatch"
"2468","67d0a57b0a4981c5e65c3bcc","test_ValenceMatch_Positive","61","ValenceMatchingOnly","inspiration","fulfill","inspiration-fulfill","NounMismatch","PositiveMatch"
"2469","67d0a57b0a4981c5e65c3bcc","control_MaxMatch_Negative_Verb","8","MaxMatch","criticize","obsess","criticize-obsess","VerbMatch","NegativeMatch"
"2470","67d0a57b0a4981c5e65c3bcc","control_Similar","96","SimilarControl","buy","purchase","buy-purchase","",""
"2471","5d44ea38d7d4b80015384976","control_Dissimilar","0","DissimilarControl","enter","exit","enter-exit","",""
"2472","5d44ea38d7d4b80015384976","control_Similar","99","SimilarControl","use","employ","use-employ","",""
"2473","5d44ea38d7d4b80015384976","control_MaxMatch_Negative_Verb","0","MaxMatch","criticize","resent","criticize-resent","VerbMatch","NegativeMatch"
"2474","5d44ea38d7d4b80015384976","control_MaxMatch_Negative_Noun","0","MaxMatch","slave","anxiety","slave-anxiety","NounMatch","NegativeMatch"
"2475","5d44ea38d7d4b80015384976","test_ConceptualMatch_Noun","0","ConceptualMatchingOnly","compassion","flowers","compassion-flowers","ConceptualMatch:noun","PositiveMismatch"
"2476","5d44ea38d7d4b80015384976","control_MaxMatch_Positive_Noun","99","MaxMatch","compassion","kindness","compassion-kindness","NounMatch","PositiveMatch"
"2477","5d44ea38d7d4b80015384976","test_ValenceMatch_Positive","0","ValenceMatchingOnly","freedom","fulfill","freedom-fulfill","NounMismatch","PositiveMatch"
"2478","5d44ea38d7d4b80015384976","control_Dissimilar","0","DissimilarControl","begin","end","begin-end","",""
"2479","5d44ea38d7d4b80015384976","test_ConceptualMatch_Verb","49","ConceptualMatchingOnly","admire","breathe","admire-breathe","ConceptualMatch:verb","PositiveMismatch"
"2480","5d44ea38d7d4b80015384976","control_MaxMismatch","52","MaxMismatch","imagine","beach","imagine-beach","VerbMismatch","PositiveMismatch"
"2481","5d44ea38d7d4b80015384976","test_ValenceMatch_Negative","99","ValenceMatchingOnly","writhe","anxiety","writhe-anxiety","VerbMismatch","NegativeMatch"
"2482","5d44ea38d7d4b80015384976","control_Similar","99","SimilarControl","help","assist","help-assist","",""
"2483","5d44ea38d7d4b80015384976","control_MaxMatch_Positive_Verb","48","MaxMatch","admire","fulfill","admire-fulfill","VerbMatch","PositiveMatch"
"2484","5d44ea38d7d4b80015384976","control_Dissimilar","0","DissimilarControl","open","close","open-close","",""
"2485","5d44ea38d7d4b80015384976","control_Similar","99","SimilarControl","begin","start","begin-start","",""
"2486","5d44ea38d7d4b80015384976","control_MaxMatch_Negative_Verb","48","MaxMatch","writhe","resent","writhe-resent","VerbMatch","NegativeMatch"
"2487","5d44ea38d7d4b80015384976","control_MaxMatch_Negative_Noun","52","MaxMatch","terror","grief","terror-grief","NounMatch","NegativeMatch"
"2488","5d44ea38d7d4b80015384976","test_ConceptualMatch_Noun","0","ConceptualMatchingOnly","inspiration","fireplace","inspiration-fireplace","ConceptualMatch:noun","PositiveMismatch"
"2489","5d44ea38d7d4b80015384976","control_MaxMatch_Positive_Noun","53","MaxMatch","inspiration","kindness","inspiration-kindness","NounMatch","PositiveMatch"
"2490","5d44ea38d7d4b80015384976","test_ValenceMatch_Positive","99","ValenceMatchingOnly","gratitude","enlighten","gratitude-enlighten","NounMismatch","PositiveMatch"
"2491","5d44ea38d7d4b80015384976","control_Dissimilar","0","DissimilarControl","rise","fall","rise-fall","",""
"2492","5d44ea38d7d4b80015384976","test_ConceptualMatch_Verb","48","ConceptualMatchingOnly","cherish","glide","cherish-glide","ConceptualMatch:verb","PositiveMismatch"
"2493","5d44ea38d7d4b80015384976","control_MaxMismatch","53","MaxMismatch","cherish","home","cherish-home","VerbMismatch","PositiveMismatch"
"2494","5d44ea38d7d4b80015384976","test_ValenceMatch_Negative","99","ValenceMatchingOnly","writhe","hatred","writhe-hatred","VerbMismatch","NegativeMatch"
"2495","5d44ea38d7d4b80015384976","control_Similar","99","SimilarControl","end","finish","end-finish","",""
"2496","5d44ea38d7d4b80015384976","control_MaxMatch_Positive_Verb","56","MaxMatch","enlighten","fulfill","enlighten-fulfill","VerbMatch","PositiveMatch"
"2497","5d44ea38d7d4b80015384976","control_Dissimilar","0","DissimilarControl","increase","decrease","increase-decrease","",""
"2498","5d44ea38d7d4b80015384976","control_Similar","99","SimilarControl","ask","inquire","ask-inquire","",""
"2499","5d44ea38d7d4b80015384976","control_MaxMatch_Negative_Verb","47","MaxMatch","stab","obsess","stab-obsess","VerbMatch","NegativeMatch"
"2500","5d44ea38d7d4b80015384976","control_MaxMatch_Negative_Noun","99","MaxMatch","terror","anxiety","terror-anxiety","NounMatch","NegativeMatch"
"2501","5d44ea38d7d4b80015384976","test_ConceptualMatch_Noun","48","ConceptualMatchingOnly","kindness","chocolate","kindness-chocolate","ConceptualMatch:noun","PositiveMismatch"
"2502","5d44ea38d7d4b80015384976","control_MaxMatch_Positive_Noun","54","MaxMatch","freedom","inspiration","freedom-inspiration","NounMatch","PositiveMatch"
"2503","5d44ea38d7d4b80015384976","test_ValenceMatch_Positive","98","ValenceMatchingOnly","kindness","enlighten","kindness-enlighten","NounMismatch","PositiveMatch"
"2504","5d44ea38d7d4b80015384976","control_Dissimilar","0","DissimilarControl","come","go","come-go","",""
"2505","5d44ea38d7d4b80015384976","test_ConceptualMatch_Verb","48","ConceptualMatchingOnly","cherish","running","cherish-running","ConceptualMatch:verb","PositiveMismatch"
"2506","5d44ea38d7d4b80015384976","control_MaxMismatch","48","MaxMismatch","enlighten","beach","enlighten-beach","VerbMismatch","PositiveMismatch"
"2507","5d44ea38d7d4b80015384976","test_ValenceMatch_Negative","99","ValenceMatchingOnly","choke","hatred","choke-hatred","VerbMismatch","NegativeMatch"
"2508","5d44ea38d7d4b80015384976","control_Similar","99","SimilarControl","speak","talk","speak-talk","",""
"2509","5d44ea38d7d4b80015384976","control_MaxMatch_Positive_Verb","51","MaxMatch","admire","imagine","admire-imagine","VerbMatch","PositiveMatch"
"2510","5d44ea38d7d4b80015384976","control_Dissimilar","0","DissimilarControl","arrive","leave","arrive-leave","",""
"2511","5d44ea38d7d4b80015384976","control_Similar","99","SimilarControl","need","require","need-require","",""
"2512","5d44ea38d7d4b80015384976","control_MaxMatch_Negative_Verb","47","MaxMatch","choke","writhe","choke-writhe","VerbMatch","NegativeMatch"
"2513","5d44ea38d7d4b80015384976","control_MaxMatch_Negative_Noun","52","MaxMatch","corpse","grief","corpse-grief","NounMatch","NegativeMatch"
"2514","5d44ea38d7d4b80015384976","test_ConceptualMatch_Noun","52","ConceptualMatchingOnly","freedom","beach","freedom-beach","ConceptualMatch:noun","PositiveMismatch"
"2515","5d44ea38d7d4b80015384976","control_MaxMatch_Positive_Noun","51","MaxMatch","gratitude","inspiration","gratitude-inspiration","NounMatch","PositiveMatch"
"2516","5d44ea38d7d4b80015384976","test_ValenceMatch_Positive","47","ValenceMatchingOnly","gratitude","admire","gratitude-admire","NounMismatch","PositiveMatch"
"2517","5d44ea38d7d4b80015384976","control_Dissimilar","0","DissimilarControl","add","remove","add-remove","",""
"2518","5d44ea38d7d4b80015384976","test_ConceptualMatch_Verb","52","ConceptualMatchingOnly","admire","eat","admire-eat","ConceptualMatch:verb","PositiveMismatch"
"2519","5d44ea38d7d4b80015384976","control_MaxMismatch","42","MaxMismatch","admire","glide","admire-glide","VerbMismatch","PositiveMismatch"
"2520","5d44ea38d7d4b80015384976","test_ValenceMatch_Negative","52","ValenceMatchingOnly","bleed","terror","bleed-terror","VerbMismatch","NegativeMatch"
"2521","5d44ea38d7d4b80015384976","control_Similar","99","SimilarControl","get","obtain","get-obtain","",""
"2522","5d44ea38d7d4b80015384976","control_MaxMatch_Positive_Verb","52","MaxMatch","cherish","imagine","cherish-imagine","VerbMatch","PositiveMatch"
"2523","5d44ea38d7d4b80015384976","control_Dissimilar","0","DissimilarControl","push","pull","push-pull","",""
"2524","5d44ea38d7d4b80015384976","control_Similar","99","SimilarControl","buy","purchase","buy-purchase","",""
"2525","5d44ea38d7d4b80015384976","control_MaxMatch_Negative_Verb","48","MaxMatch","writhe","exploit","writhe-exploit","VerbMatch","NegativeMatch"
"2526","5d44ea38d7d4b80015384976","control_MaxMatch_Negative_Noun","44","MaxMatch","toxin","terror","toxin-terror","NounMatch","NegativeMatch"
"2527","5d44ea38d7d4b80015384976","test_ConceptualMatch_Noun","45","ConceptualMatchingOnly","freedom","flowers","freedom-flowers","ConceptualMatch:noun","PositiveMismatch"
"2528","5d44ea38d7d4b80015384976","control_MaxMatch_Positive_Noun","56","MaxMatch","freedom","gratitude","freedom-gratitude","NounMatch","PositiveMatch"
"2529","5d44ea38d7d4b80015384976","test_ValenceMatch_Positive","47","ValenceMatchingOnly","compassion","fulfill","compassion-fulfill","NounMismatch","PositiveMatch"
"2530","5d44ea38d7d4b80015384976","control_Dissimilar","0","DissimilarControl","give","take","give-take","",""
"2531","5d44ea38d7d4b80015384976","test_ConceptualMatch_Verb","48","ConceptualMatchingOnly","imagine","running","imagine-running","ConceptualMatch:verb","PositiveMismatch"
"2532","5d44ea38d7d4b80015384976","control_MaxMismatch","43","MaxMismatch","admire","glisten","admire-glisten","VerbMismatch","PositiveMismatch"
"2533","5d44ea38d7d4b80015384976","test_ValenceMatch_Negative","45","ValenceMatchingOnly","stab","grief","stab-grief","VerbMismatch","NegativeMatch"
"2534","5d44ea38d7d4b80015384976","control_Similar","99","SimilarControl","show","display","show-display","",""
"2535","5d44ea38d7d4b80015384976","control_MaxMatch_Positive_Verb","45","MaxMatch","enlighten","imagine","enlighten-imagine","VerbMatch","PositiveMatch"
"2536","653b07dc6d0abbc519239d1c","control_Dissimilar","0","DissimilarControl","arrive","leave","arrive-leave","",""
"2537","653b07dc6d0abbc519239d1c","control_Similar","99","SimilarControl","begin","start","begin-start","",""
"2538","653b07dc6d0abbc519239d1c","control_MaxMatch_Negative_Noun","6","MaxMatch","terror","grief","terror-grief","NounMatch","NegativeMatch"
"2539","653b07dc6d0abbc519239d1c","control_MaxMatch_Positive_Verb","34","MaxMatch","cherish","fulfill","cherish-fulfill","VerbMatch","PositiveMatch"
"2540","653b07dc6d0abbc519239d1c","control_Dissimilar","0","DissimilarControl","add","remove","add-remove","",""
"2541","653b07dc6d0abbc519239d1c","test_ValenceMatch_Negative","3","ValenceMatchingOnly","stab","grief","stab-grief","VerbMismatch","NegativeMatch"
"2542","653b07dc6d0abbc519239d1c","test_ConceptualMatch_Noun","0","ConceptualMatchingOnly","compassion","flowers","compassion-flowers","ConceptualMatch:noun","PositiveMismatch"
"2543","653b07dc6d0abbc519239d1c","control_Similar","99","SimilarControl","speak","talk","speak-talk","",""
"2544","653b07dc6d0abbc519239d1c","test_ValenceMatch_Positive","0","ValenceMatchingOnly","gratitude","imagine","gratitude-imagine","NounMismatch","PositiveMatch"
"2545","653b07dc6d0abbc519239d1c","control_MaxMismatch","0","MaxMismatch","fulfill","glide","fulfill-glide","VerbMismatch","PositiveMismatch"
"2546","653b07dc6d0abbc519239d1c","test_ConceptualMatch_Verb","5","ConceptualMatchingOnly","fulfill","breathe","fulfill-breathe","ConceptualMatch:verb","PositiveMismatch"
"2547","653b07dc6d0abbc519239d1c","control_MaxMatch_Positive_Noun","13","MaxMatch","freedom","gratitude","freedom-gratitude","NounMatch","PositiveMatch"
"2548","653b07dc6d0abbc519239d1c","control_MaxMatch_Negative_Verb","1","MaxMatch","bleed","befall","bleed-befall","VerbMatch","NegativeMatch"
"2549","653b07dc6d0abbc519239d1c","control_Dissimilar","0","DissimilarControl","increase","decrease","increase-decrease","",""
"2550","653b07dc6d0abbc519239d1c","control_Similar","99","SimilarControl","ask","inquire","ask-inquire","",""
"2551","653b07dc6d0abbc519239d1c","control_MaxMatch_Negative_Noun","0","MaxMatch","hatred","grief","hatred-grief","NounMatch","NegativeMatch"
"2552","653b07dc6d0abbc519239d1c","control_MaxMatch_Positive_Verb","41","MaxMatch","enlighten","imagine","enlighten-imagine","VerbMatch","PositiveMatch"
"2553","653b07dc6d0abbc519239d1c","control_Dissimilar","0","DissimilarControl","open","close","open-close","",""
"2554","653b07dc6d0abbc519239d1c","test_ValenceMatch_Negative","9","ValenceMatchingOnly","choke","failure","choke-failure","VerbMismatch","NegativeMatch"
"2555","653b07dc6d0abbc519239d1c","test_ConceptualMatch_Noun","0","ConceptualMatchingOnly","freedom","fireplace","freedom-fireplace","ConceptualMatch:noun","PositiveMismatch"
"2556","653b07dc6d0abbc519239d1c","control_Similar","82","SimilarControl","use","employ","use-employ","",""
"2557","653b07dc6d0abbc519239d1c","test_ValenceMatch_Positive","27","ValenceMatchingOnly","compassion","admire","compassion-admire","NounMismatch","PositiveMatch"
"2558","653b07dc6d0abbc519239d1c","control_MaxMismatch","0","MaxMismatch","admire","fireplace","admire-fireplace","VerbMismatch","PositiveMismatch"
"2559","653b07dc6d0abbc519239d1c","test_ConceptualMatch_Verb","0","ConceptualMatchingOnly","admire","glide","admire-glide","ConceptualMatch:verb","PositiveMismatch"
"2560","653b07dc6d0abbc519239d1c","control_MaxMatch_Positive_Noun","37","MaxMatch","freedom","inspiration","freedom-inspiration","NounMatch","PositiveMatch"
"2561","653b07dc6d0abbc519239d1c","control_MaxMatch_Negative_Verb","2","MaxMatch","stab","obsess","stab-obsess","VerbMatch","NegativeMatch"
"2562","653b07dc6d0abbc519239d1c","control_Dissimilar","0","DissimilarControl","come","go","come-go","",""
"2563","653b07dc6d0abbc519239d1c","control_Similar","91","SimilarControl","need","require","need-require","",""
"2564","653b07dc6d0abbc519239d1c","control_MaxMatch_Negative_Noun","0","MaxMatch","mud","slave","mud-slave","NounMatch","NegativeMatch"
"2565","653b07dc6d0abbc519239d1c","control_MaxMatch_Positive_Verb","19","MaxMatch","admire","fulfill","admire-fulfill","VerbMatch","PositiveMatch"
"2566","653b07dc6d0abbc519239d1c","control_Dissimilar","0","DissimilarControl","rise","fall","rise-fall","",""
"2567","653b07dc6d0abbc519239d1c","test_ValenceMatch_Negative","19","ValenceMatchingOnly","choke","terror","choke-terror","VerbMismatch","NegativeMatch"
"2568","653b07dc6d0abbc519239d1c","test_ConceptualMatch_Noun","0","ConceptualMatchingOnly","kindness","fireplace","kindness-fireplace","ConceptualMatch:noun","PositiveMismatch"
"2569","653b07dc6d0abbc519239d1c","control_Similar","80","SimilarControl","show","display","show-display","",""
"2570","653b07dc6d0abbc519239d1c","test_ValenceMatch_Positive","63","ValenceMatchingOnly","inspiration","imagine","inspiration-imagine","NounMismatch","PositiveMatch"
"2571","653b07dc6d0abbc519239d1c","control_MaxMismatch","0","MaxMismatch","enlighten","home","enlighten-home","VerbMismatch","PositiveMismatch"
"2572","653b07dc6d0abbc519239d1c","test_ConceptualMatch_Verb","12","ConceptualMatchingOnly","enlighten","glisten","enlighten-glisten","ConceptualMatch:verb","PositiveMismatch"
"2573","653b07dc6d0abbc519239d1c","control_MaxMatch_Positive_Noun","8","MaxMatch","compassion","inspiration","compassion-inspiration","NounMatch","PositiveMatch"
"2574","653b07dc6d0abbc519239d1c","control_MaxMatch_Negative_Verb","12","MaxMatch","exploit","obsess","exploit-obsess","VerbMatch","NegativeMatch"
"2575","653b07dc6d0abbc519239d1c","control_Dissimilar","0","DissimilarControl","give","take","give-take","",""
"2576","653b07dc6d0abbc519239d1c","control_Similar","87","SimilarControl","get","obtain","get-obtain","",""
"2577","653b07dc6d0abbc519239d1c","control_MaxMatch_Negative_Noun","0","MaxMatch","toxin","slave","toxin-slave","NounMatch","NegativeMatch"
"2578","653b07dc6d0abbc519239d1c","control_MaxMatch_Positive_Verb","1","MaxMatch","fulfill","imagine","fulfill-imagine","VerbMatch","PositiveMatch"
"2579","653b07dc6d0abbc519239d1c","control_Dissimilar","0","DissimilarControl","begin","end","begin-end","",""
"2580","653b07dc6d0abbc519239d1c","test_ValenceMatch_Negative","25","ValenceMatchingOnly","fester","anxiety","fester-anxiety","VerbMismatch","NegativeMatch"
"2581","653b07dc6d0abbc519239d1c","test_ConceptualMatch_Noun","0","ConceptualMatchingOnly","kindness","home","kindness-home","ConceptualMatch:noun","PositiveMismatch"
"2582","653b07dc6d0abbc519239d1c","control_Similar","94","SimilarControl","help","assist","help-assist","",""
"2583","653b07dc6d0abbc519239d1c","test_ValenceMatch_Positive","21","ValenceMatchingOnly","compassion","fulfill","compassion-fulfill","NounMismatch","PositiveMatch"
"2584","653b07dc6d0abbc519239d1c","control_MaxMismatch","0","MaxMismatch","cherish","fireplace","cherish-fireplace","VerbMismatch","PositiveMismatch"
"2585","653b07dc6d0abbc519239d1c","test_ConceptualMatch_Verb","0","ConceptualMatchingOnly","imagine","glisten","imagine-glisten","ConceptualMatch:verb","PositiveMismatch"
"2586","653b07dc6d0abbc519239d1c","control_MaxMatch_Positive_Noun","0","MaxMatch","freedom","kindness","freedom-kindness","NounMatch","PositiveMatch"
"2587","653b07dc6d0abbc519239d1c","control_MaxMatch_Negative_Verb","7","MaxMatch","fester","bleed","fester-bleed","VerbMatch","NegativeMatch"
"2588","653b07dc6d0abbc519239d1c","control_Dissimilar","0","DissimilarControl","push","pull","push-pull","",""
"2589","653b07dc6d0abbc519239d1c","control_Similar","92","SimilarControl","end","finish","end-finish","",""
"2590","653b07dc6d0abbc519239d1c","control_MaxMatch_Negative_Noun","0","MaxMatch","mud","grief","mud-grief","NounMatch","NegativeMatch"
"2591","653b07dc6d0abbc519239d1c","control_MaxMatch_Positive_Verb","0","MaxMatch","cherish","enlighten","cherish-enlighten","VerbMatch","PositiveMatch"
"2592","653b07dc6d0abbc519239d1c","control_Dissimilar","0","DissimilarControl","enter","exit","enter-exit","",""
"2593","653b07dc6d0abbc519239d1c","test_ValenceMatch_Negative","12","ValenceMatchingOnly","fester","failure","fester-failure","VerbMismatch","NegativeMatch"
"2594","653b07dc6d0abbc519239d1c","test_ConceptualMatch_Noun","0","ConceptualMatchingOnly","gratitude","fireplace","gratitude-fireplace","ConceptualMatch:noun","PositiveMismatch"
"2595","653b07dc6d0abbc519239d1c","control_Similar","96","SimilarControl","buy","purchase","buy-purchase","",""
"2596","653b07dc6d0abbc519239d1c","test_ValenceMatch_Positive","11","ValenceMatchingOnly","inspiration","fulfill","inspiration-fulfill","NounMismatch","PositiveMatch"
"2597","653b07dc6d0abbc519239d1c","control_MaxMismatch","0","MaxMismatch","cherish","chocolate","cherish-chocolate","VerbMismatch","PositiveMismatch"
"2598","653b07dc6d0abbc519239d1c","test_ConceptualMatch_Verb","0","ConceptualMatchingOnly","enlighten","glide","enlighten-glide","ConceptualMatch:verb","PositiveMismatch"
"2599","653b07dc6d0abbc519239d1c","control_MaxMatch_Positive_Noun","0","MaxMatch","compassion","gratitude","compassion-gratitude","NounMatch","PositiveMatch"
"2600","653b07dc6d0abbc519239d1c","control_MaxMatch_Negative_Verb","21","MaxMatch","fester","resent","fester-resent","VerbMatch","NegativeMatch"
"2601","67eab317b6f969b3df440160","control_Dissimilar","0","DissimilarControl","enter","exit","enter-exit","",""
"2602","67eab317b6f969b3df440160","control_Similar","99","SimilarControl","show","display","show-display","",""
"2603","67eab317b6f969b3df440160","test_ValenceMatch_Negative","7","ValenceMatchingOnly","bleed","failure","bleed-failure","VerbMismatch","NegativeMatch"
"2604","67eab317b6f969b3df440160","control_MaxMatch_Negative_Noun","29","MaxMatch","hatred","anxiety","hatred-anxiety","NounMatch","NegativeMatch"
"2605","67eab317b6f969b3df440160","test_ValenceMatch_Positive","79","ValenceMatchingOnly","compassion","admire","compassion-admire","NounMismatch","PositiveMatch"
"2606","67eab317b6f969b3df440160","control_MaxMatch_Positive_Noun","99","MaxMatch","gratitude","kindness","gratitude-kindness","NounMatch","PositiveMatch"
"2607","67eab317b6f969b3df440160","test_ConceptualMatch_Noun","69","ConceptualMatchingOnly","inspiration","flowers","inspiration-flowers","ConceptualMatch:noun","PositiveMismatch"
"2608","67eab317b6f969b3df440160","control_MaxMismatch","0","MaxMismatch","enlighten","eat","enlighten-eat","VerbMismatch","PositiveMismatch"
"2609","67eab317b6f969b3df440160","control_Dissimilar","0","DissimilarControl","come","go","come-go","",""
"2610","67eab317b6f969b3df440160","control_MaxMatch_Positive_Verb","82","MaxMatch","cherish","enlighten","cherish-enlighten","VerbMatch","PositiveMatch"
"2611","67eab317b6f969b3df440160","control_MaxMatch_Negative_Verb","45","MaxMatch","fester","obsess","fester-obsess","VerbMatch","NegativeMatch"
"2612","67eab317b6f969b3df440160","test_ConceptualMatch_Verb","0","ConceptualMatchingOnly","enlighten","breathe","enlighten-breathe","ConceptualMatch:verb","PositiveMismatch"
"2613","67eab317b6f969b3df440160","control_Similar","99","SimilarControl","need","require","need-require","",""
"2614","67eab317b6f969b3df440160","control_Dissimilar","0","DissimilarControl","open","close","open-close","",""
"2615","67eab317b6f969b3df440160","control_Similar","99","SimilarControl","ask","inquire","ask-inquire","",""
"2616","67eab317b6f969b3df440160","test_ValenceMatch_Negative","20","ValenceMatchingOnly","choke","grief","choke-grief","VerbMismatch","NegativeMatch"
"2617","67eab317b6f969b3df440160","control_MaxMatch_Negative_Noun","0","MaxMatch","mud","failure","mud-failure","NounMatch","NegativeMatch"
"2618","67eab317b6f969b3df440160","test_ValenceMatch_Positive","7","ValenceMatchingOnly","freedom","admire","freedom-admire","NounMismatch","PositiveMatch"
"2619","67eab317b6f969b3df440160","control_MaxMatch_Positive_Noun","25","MaxMatch","compassion","freedom","compassion-freedom","NounMatch","PositiveMatch"
"2620","67eab317b6f969b3df440160","test_ConceptualMatch_Noun","0","ConceptualMatchingOnly","gratitude","beach","gratitude-beach","ConceptualMatch:noun","PositiveMismatch"
"2621","67eab317b6f969b3df440160","control_MaxMismatch","0","MaxMismatch","cherish","eat","cherish-eat","VerbMismatch","PositiveMismatch"
"2622","67eab317b6f969b3df440160","control_Dissimilar","0","DissimilarControl","push","pull","push-pull","",""
"2623","67eab317b6f969b3df440160","control_MaxMatch_Positive_Verb","30","MaxMatch","cherish","imagine","cherish-imagine","VerbMatch","PositiveMatch"
"2624","67eab317b6f969b3df440160","control_MaxMatch_Negative_Verb","0","MaxMatch","choke","criticize","choke-criticize","VerbMatch","NegativeMatch"
"2625","67eab317b6f969b3df440160","test_ConceptualMatch_Verb","62","ConceptualMatchingOnly","cherish","glide","cherish-glide","ConceptualMatch:verb","PositiveMismatch"
"2626","67eab317b6f969b3df440160","control_Similar","99","SimilarControl","get","obtain","get-obtain","",""
"2627","67eab317b6f969b3df440160","control_Dissimilar","0","DissimilarControl","give","take","give-take","",""
"2628","67eab317b6f969b3df440160","control_Similar","99","SimilarControl","end","finish","end-finish","",""
"2629","67eab317b6f969b3df440160","test_ValenceMatch_Negative","11","ValenceMatchingOnly","bleed","anxiety","bleed-anxiety","VerbMismatch","NegativeMatch"
"2630","67eab317b6f969b3df440160","control_MaxMatch_Negative_Noun","8","MaxMatch","toxin","hatred","toxin-hatred","NounMatch","NegativeMatch"
"2631","67eab317b6f969b3df440160","test_ValenceMatch_Positive","99","ValenceMatchingOnly","inspiration","fulfill","inspiration-fulfill","NounMismatch","PositiveMatch"
"2632","67eab317b6f969b3df440160","control_MaxMatch_Positive_Noun","99","MaxMatch","gratitude","inspiration","gratitude-inspiration","NounMatch","PositiveMatch"
"2633","67eab317b6f969b3df440160","test_ConceptualMatch_Noun","0","ConceptualMatchingOnly","freedom","beach","freedom-beach","ConceptualMatch:noun","PositiveMismatch"
"2634","67eab317b6f969b3df440160","control_MaxMismatch","0","MaxMismatch","enlighten","glide","enlighten-glide","VerbMismatch","PositiveMismatch"
"2635","67eab317b6f969b3df440160","control_Dissimilar","0","DissimilarControl","arrive","leave","arrive-leave","",""
"2636","67eab317b6f969b3df440160","control_MaxMatch_Positive_Verb","16","MaxMatch","admire","fulfill","admire-fulfill","VerbMatch","PositiveMatch"
"2637","67eab317b6f969b3df440160","control_MaxMatch_Negative_Verb","4","MaxMatch","choke","resent","choke-resent","VerbMatch","NegativeMatch"
"2638","67eab317b6f969b3df440160","test_ConceptualMatch_Verb","0","ConceptualMatchingOnly","imagine","eat","imagine-eat","ConceptualMatch:verb","PositiveMismatch"
"2639","67eab317b6f969b3df440160","control_Similar","99","SimilarControl","buy","purchase","buy-purchase","",""
"2640","67eab317b6f969b3df440160","control_Dissimilar","0","DissimilarControl","begin","end","begin-end","",""
"2641","67eab317b6f969b3df440160","control_Similar","99","SimilarControl","help","assist","help-assist","",""
"2642","67eab317b6f969b3df440160","test_ValenceMatch_Negative","8","ValenceMatchingOnly","bleed","hatred","bleed-hatred","VerbMismatch","NegativeMatch"
"2643","67eab317b6f969b3df440160","control_MaxMatch_Negative_Noun","0","MaxMatch","garbage","grief","garbage-grief","NounMatch","NegativeMatch"
"2644","67eab317b6f969b3df440160","test_ValenceMatch_Positive","99","ValenceMatchingOnly","gratitude","fulfill","gratitude-fulfill","NounMismatch","PositiveMatch"
"2645","67eab317b6f969b3df440160","control_MaxMatch_Positive_Noun","99","MaxMatch","compassion","kindness","compassion-kindness","NounMatch","PositiveMatch"
"2646","67eab317b6f969b3df440160","test_ConceptualMatch_Noun","12","ConceptualMatchingOnly","compassion","flowers","compassion-flowers","ConceptualMatch:noun","PositiveMismatch"
"2647","67eab317b6f969b3df440160","control_MaxMismatch","0","MaxMismatch","fulfill","beach","fulfill-beach","VerbMismatch","PositiveMismatch"
"2648","67eab317b6f969b3df440160","control_Dissimilar","0","DissimilarControl","add","remove","add-remove","",""
"2649","67eab317b6f969b3df440160","control_MaxMatch_Positive_Verb","54","MaxMatch","enlighten","imagine","enlighten-imagine","VerbMatch","PositiveMatch"
"2650","67eab317b6f969b3df440160","control_MaxMatch_Negative_Verb","53","MaxMatch","writhe","obsess","writhe-obsess","VerbMatch","NegativeMatch"
"2651","67eab317b6f969b3df440160","test_ConceptualMatch_Verb","9","ConceptualMatchingOnly","enlighten","glisten","enlighten-glisten","ConceptualMatch:verb","PositiveMismatch"
"2652","67eab317b6f969b3df440160","control_Similar","99","SimilarControl","speak","talk","speak-talk","",""
"2653","67eab317b6f969b3df440160","control_Dissimilar","0","DissimilarControl","rise","fall","rise-fall","",""
"2654","67eab317b6f969b3df440160","control_Similar","99","SimilarControl","begin","start","begin-start","",""
"2655","67eab317b6f969b3df440160","test_ValenceMatch_Negative","78","ValenceMatchingOnly","choke","failure","choke-failure","VerbMismatch","NegativeMatch"
"2656","67eab317b6f969b3df440160","control_MaxMatch_Negative_Noun","53","MaxMatch","toxin","corpse","toxin-corpse","NounMatch","NegativeMatch"
"2657","67eab317b6f969b3df440160","test_ValenceMatch_Positive","31","ValenceMatchingOnly","inspiration","cherish","inspiration-cherish","NounMismatch","PositiveMatch"
"2658","67eab317b6f969b3df440160","control_MaxMatch_Positive_Noun","93","MaxMatch","compassion","inspiration","compassion-inspiration","NounMatch","PositiveMatch"
"2659","67eab317b6f969b3df440160","test_ConceptualMatch_Noun","0","ConceptualMatchingOnly","compassion","chocolate","compassion-chocolate","ConceptualMatch:noun","PositiveMismatch"
"2660","67eab317b6f969b3df440160","control_MaxMismatch","0","MaxMismatch","imagine","chocolate","imagine-chocolate","VerbMismatch","PositiveMismatch"
"2661","67eab317b6f969b3df440160","control_Dissimilar","0","DissimilarControl","increase","decrease","increase-decrease","",""
"2662","67eab317b6f969b3df440160","control_MaxMatch_Positive_Verb","26","MaxMatch","cherish","fulfill","cherish-fulfill","VerbMatch","PositiveMatch"
"2663","67eab317b6f969b3df440160","control_MaxMatch_Negative_Verb","88","MaxMatch","fester","resent","fester-resent","VerbMatch","NegativeMatch"
"2664","67eab317b6f969b3df440160","test_ConceptualMatch_Verb","0","ConceptualMatchingOnly","cherish","running","cherish-running","ConceptualMatch:verb","PositiveMismatch"
"2665","67eab317b6f969b3df440160","control_Similar","99","SimilarControl","use","employ","use-employ","",""
"2666","67ef5d4cd8cc8b703fdf70f4","control_Similar","98","SimilarControl","begin","start","begin-start","",""
"2667","67ef5d4cd8cc8b703fdf70f4","control_Dissimilar","12","DissimilarControl","open","close","open-close","",""
"2668","67ef5d4cd8cc8b703fdf70f4","control_MaxMatch_Negative_Verb","64","MaxMatch","fester","resent","fester-resent","VerbMatch","NegativeMatch"
"2669","67ef5d4cd8cc8b703fdf70f4","test_ValenceMatch_Negative","85","ValenceMatchingOnly","bleed","grief","bleed-grief","VerbMismatch","NegativeMatch"
"2670","67ef5d4cd8cc8b703fdf70f4","control_MaxMismatch","8","MaxMismatch","admire","running","admire-running","VerbMismatch","PositiveMismatch"
"2671","67ef5d4cd8cc8b703fdf70f4","test_ConceptualMatch_Verb","28","ConceptualMatchingOnly","enlighten","eat","enlighten-eat","ConceptualMatch:verb","PositiveMismatch"
"2672","67ef5d4cd8cc8b703fdf70f4","control_Similar","85","SimilarControl","need","require","need-require","",""
"2673","67ef5d4cd8cc8b703fdf70f4","test_ValenceMatch_Positive","76","ValenceMatchingOnly","inspiration","fulfill","inspiration-fulfill","NounMismatch","PositiveMatch"
"2674","67ef5d4cd8cc8b703fdf70f4","control_MaxMatch_Negative_Noun","17","MaxMatch","corpse","failure","corpse-failure","NounMatch","NegativeMatch"
"2675","67ef5d4cd8cc8b703fdf70f4","control_MaxMatch_Positive_Noun","74","MaxMatch","gratitude","inspiration","gratitude-inspiration","NounMatch","PositiveMatch"
"2676","67ef5d4cd8cc8b703fdf70f4","control_MaxMatch_Positive_Verb","24","MaxMatch","enlighten","imagine","enlighten-imagine","VerbMatch","PositiveMatch"
"2677","67ef5d4cd8cc8b703fdf70f4","test_ConceptualMatch_Noun","13","ConceptualMatchingOnly","freedom","flowers","freedom-flowers","ConceptualMatch:noun","PositiveMismatch"
"2678","67ef5d4cd8cc8b703fdf70f4","control_Dissimilar","16","DissimilarControl","increase","decrease","increase-decrease","",""
"2679","67ef5d4cd8cc8b703fdf70f4","control_Similar","16","SimilarControl","end","finish","end-finish","",""
"2680","67ef5d4cd8cc8b703fdf70f4","control_Dissimilar","89","DissimilarControl","give","take","give-take","",""
"2681","67ef5d4cd8cc8b703fdf70f4","control_MaxMatch_Negative_Verb","60","MaxMatch","choke","exploit","choke-exploit","VerbMatch","NegativeMatch"
"2682","67ef5d4cd8cc8b703fdf70f4","test_ValenceMatch_Negative","66","ValenceMatchingOnly","fester","hatred","fester-hatred","VerbMismatch","NegativeMatch"
"2683","67ef5d4cd8cc8b703fdf70f4","control_MaxMismatch","71","MaxMismatch","fulfill","glide","fulfill-glide","VerbMismatch","PositiveMismatch"
"2684","67ef5d4cd8cc8b703fdf70f4","test_ConceptualMatch_Verb","42","ConceptualMatchingOnly","enlighten","glisten","enlighten-glisten","ConceptualMatch:verb","PositiveMismatch"
"2685","67ef5d4cd8cc8b703fdf70f4","control_Similar","73","SimilarControl","use","employ","use-employ","",""
"2686","67ef5d4cd8cc8b703fdf70f4","test_ValenceMatch_Positive","67","ValenceMatchingOnly","gratitude","imagine","gratitude-imagine","NounMismatch","PositiveMatch"
"2687","67ef5d4cd8cc8b703fdf70f4","control_MaxMatch_Negative_Noun","60","MaxMatch","toxin","mud","toxin-mud","NounMatch","NegativeMatch"
"2688","67ef5d4cd8cc8b703fdf70f4","control_MaxMatch_Positive_Noun","32","MaxMatch","freedom","kindness","freedom-kindness","NounMatch","PositiveMatch"
"2689","67ef5d4cd8cc8b703fdf70f4","control_MaxMatch_Positive_Verb","37","MaxMatch","admire","fulfill","admire-fulfill","VerbMatch","PositiveMatch"
"2690","67ef5d4cd8cc8b703fdf70f4","test_ConceptualMatch_Noun","23","ConceptualMatchingOnly","inspiration","home","inspiration-home","ConceptualMatch:noun","PositiveMismatch"
"2691","67ef5d4cd8cc8b703fdf70f4","control_Dissimilar","39","DissimilarControl","push","pull","push-pull","",""
"2692","67ef5d4cd8cc8b703fdf70f4","control_Similar","99","SimilarControl","speak","talk","speak-talk","",""
"2693","67ef5d4cd8cc8b703fdf70f4","control_Dissimilar","35","DissimilarControl","begin","end","begin-end","",""
"2694","67ef5d4cd8cc8b703fdf70f4","control_MaxMatch_Negative_Verb","37","MaxMatch","criticize","obsess","criticize-obsess","VerbMatch","NegativeMatch"
"2695","67ef5d4cd8cc8b703fdf70f4","test_ValenceMatch_Negative","65","ValenceMatchingOnly","stab","hatred","stab-hatred","VerbMismatch","NegativeMatch"
"2696","67ef5d4cd8cc8b703fdf70f4","control_MaxMismatch","27","MaxMismatch","imagine","beach","imagine-beach","VerbMismatch","PositiveMismatch"
"2697","67ef5d4cd8cc8b703fdf70f4","test_ConceptualMatch_Verb","37","ConceptualMatchingOnly","imagine","glisten","imagine-glisten","ConceptualMatch:verb","PositiveMismatch"
"2698","67ef5d4cd8cc8b703fdf70f4","control_Similar","99","SimilarControl","get","obtain","get-obtain","",""
"2699","67ef5d4cd8cc8b703fdf70f4","test_ValenceMatch_Positive","96","ValenceMatchingOnly","gratitude","admire","gratitude-admire","NounMismatch","PositiveMatch"
"2700","67ef5d4cd8cc8b703fdf70f4","control_MaxMatch_Negative_Noun","13","MaxMatch","garbage","terror","garbage-terror","NounMatch","NegativeMatch"
"2701","67ef5d4cd8cc8b703fdf70f4","control_MaxMatch_Positive_Noun","88","MaxMatch","freedom","inspiration","freedom-inspiration","NounMatch","PositiveMatch"
"2702","67ef5d4cd8cc8b703fdf70f4","control_MaxMatch_Positive_Verb","31","MaxMatch","fulfill","imagine","fulfill-imagine","VerbMatch","PositiveMatch"
"2703","67ef5d4cd8cc8b703fdf70f4","test_ConceptualMatch_Noun","21","ConceptualMatchingOnly","freedom","fireplace","freedom-fireplace","ConceptualMatch:noun","PositiveMismatch"
"2704","67ef5d4cd8cc8b703fdf70f4","control_Dissimilar","28","DissimilarControl","arrive","leave","arrive-leave","",""
"2705","67ef5d4cd8cc8b703fdf70f4","control_Similar","99","SimilarControl","buy","purchase","buy-purchase","",""
"2706","67ef5d4cd8cc8b703fdf70f4","control_Dissimilar","16","DissimilarControl","come","go","come-go","",""
"2707","67ef5d4cd8cc8b703fdf70f4","control_MaxMatch_Negative_Verb","60","MaxMatch","bleed","befall","bleed-befall","VerbMatch","NegativeMatch"
"2708","67ef5d4cd8cc8b703fdf70f4","test_ValenceMatch_Negative","23","ValenceMatchingOnly","choke","terror","choke-terror","VerbMismatch","NegativeMatch"
"2709","67ef5d4cd8cc8b703fdf70f4","control_MaxMismatch","33","MaxMismatch","enlighten","eat","enlighten-eat","VerbMismatch","PositiveMismatch"
"2710","67ef5d4cd8cc8b703fdf70f4","test_ConceptualMatch_Verb","13","ConceptualMatchingOnly","imagine","running","imagine-running","ConceptualMatch:verb","PositiveMismatch"
"2711","67ef5d4cd8cc8b703fdf70f4","control_Similar","95","SimilarControl","show","display","show-display","",""
"2712","67ef5d4cd8cc8b703fdf70f4","test_ValenceMatch_Positive","21","ValenceMatchingOnly","kindness","imagine","kindness-imagine","NounMismatch","PositiveMatch"
"2713","67ef5d4cd8cc8b703fdf70f4","control_MaxMatch_Negative_Noun","67","MaxMatch","hatred","grief","hatred-grief","NounMatch","NegativeMatch"
"2714","67ef5d4cd8cc8b703fdf70f4","control_MaxMatch_Positive_Noun","66","MaxMatch","compassion","gratitude","compassion-gratitude","NounMatch","PositiveMatch"
"2715","67ef5d4cd8cc8b703fdf70f4","control_MaxMatch_Positive_Verb","88","MaxMatch","admire","cherish","admire-cherish","VerbMatch","PositiveMatch"
"2716","67ef5d4cd8cc8b703fdf70f4","test_ConceptualMatch_Noun","7","ConceptualMatchingOnly","inspiration","fireplace","inspiration-fireplace","ConceptualMatch:noun","PositiveMismatch"
"2717","67ef5d4cd8cc8b703fdf70f4","control_Dissimilar","19","DissimilarControl","rise","fall","rise-fall","",""
"2718","67ef5d4cd8cc8b703fdf70f4","control_Similar","97","SimilarControl","help","assist","help-assist","",""
"2719","67ef5d4cd8cc8b703fdf70f4","control_Dissimilar","26","DissimilarControl","enter","exit","enter-exit","",""
"2720","67ef5d4cd8cc8b703fdf70f4","control_MaxMatch_Negative_Verb","35","MaxMatch","stab","obsess","stab-obsess","VerbMatch","NegativeMatch"
"2721","67ef5d4cd8cc8b703fdf70f4","test_ValenceMatch_Negative","39","ValenceMatchingOnly","choke","hatred","choke-hatred","VerbMismatch","NegativeMatch"
"2722","67ef5d4cd8cc8b703fdf70f4","control_MaxMismatch","15","MaxMismatch","imagine","eat","imagine-eat","VerbMismatch","PositiveMismatch"
"2723","67ef5d4cd8cc8b703fdf70f4","test_ConceptualMatch_Verb","30","ConceptualMatchingOnly","admire","running","admire-running","ConceptualMatch:verb","PositiveMismatch"
"2724","67ef5d4cd8cc8b703fdf70f4","control_Similar","99","SimilarControl","ask","inquire","ask-inquire","",""
"2725","67ef5d4cd8cc8b703fdf70f4","test_ValenceMatch_Positive","37","ValenceMatchingOnly","compassion","imagine","compassion-imagine","NounMismatch","PositiveMatch"
"2726","67ef5d4cd8cc8b703fdf70f4","control_MaxMatch_Negative_Noun","40","MaxMatch","slave","grief","slave-grief","NounMatch","NegativeMatch"
"2727","67ef5d4cd8cc8b703fdf70f4","control_MaxMatch_Positive_Noun","80","MaxMatch","compassion","inspiration","compassion-inspiration","NounMatch","PositiveMatch"
"2728","67ef5d4cd8cc8b703fdf70f4","control_MaxMatch_Positive_Verb","30","MaxMatch","admire","imagine","admire-imagine","VerbMatch","PositiveMatch"
"2729","67ef5d4cd8cc8b703fdf70f4","test_ConceptualMatch_Noun","32","ConceptualMatchingOnly","compassion","beach","compassion-beach","ConceptualMatch:noun","PositiveMismatch"
"2730","67ef5d4cd8cc8b703fdf70f4","control_Dissimilar","26","DissimilarControl","add","remove","add-remove","",""
"2731","67aca7b3335c8f2bb67624c3","control_Similar","99","SimilarControl","get","obtain","get-obtain","",""
"2732","67aca7b3335c8f2bb67624c3","control_Dissimilar","99","DissimilarControl","push","pull","push-pull","",""
"2733","67aca7b3335c8f2bb67624c3","control_MaxMatch_Positive_Noun","89","MaxMatch","gratitude","inspiration","gratitude-inspiration","NounMatch","PositiveMatch"
"2734","67aca7b3335c8f2bb67624c3","control_Similar","90","SimilarControl","ask","inquire","ask-inquire","",""
"2735","67aca7b3335c8f2bb67624c3","test_ConceptualMatch_Verb","99","ConceptualMatchingOnly","fulfill","running","fulfill-running","ConceptualMatch:verb","PositiveMismatch"
"2736","67aca7b3335c8f2bb67624c3","control_MaxMatch_Negative_Verb","93","MaxMatch","bleed","resent","bleed-resent","VerbMatch","NegativeMatch"
"2737","67aca7b3335c8f2bb67624c3","control_MaxMatch_Negative_Noun","98","MaxMatch","hatred","anxiety","hatred-anxiety","NounMatch","NegativeMatch"
"2738","67aca7b3335c8f2bb67624c3","control_Dissimilar","99","DissimilarControl","give","take","give-take","",""
"2739","67aca7b3335c8f2bb67624c3","test_ConceptualMatch_Noun","0","ConceptualMatchingOnly","gratitude","beach","gratitude-beach","ConceptualMatch:noun","PositiveMismatch"
"2740","67aca7b3335c8f2bb67624c3","test_ValenceMatch_Negative","5","ValenceMatchingOnly","writhe","terror","writhe-terror","VerbMismatch","NegativeMatch"
"2741","67aca7b3335c8f2bb67624c3","test_ValenceMatch_Positive","95","ValenceMatchingOnly","compassion","cherish","compassion-cherish","NounMismatch","PositiveMatch"
"2742","67aca7b3335c8f2bb67624c3","control_MaxMatch_Positive_Verb","93","MaxMatch","enlighten","imagine","enlighten-imagine","VerbMatch","PositiveMatch"
"2743","67aca7b3335c8f2bb67624c3","control_MaxMismatch","96","MaxMismatch","admire","breathe","admire-breathe","VerbMismatch","PositiveMismatch"
"2744","67aca7b3335c8f2bb67624c3","control_Similar","99","SimilarControl","help","assist","help-assist","",""
"2745","67aca7b3335c8f2bb67624c3","control_Dissimilar","0","DissimilarControl","begin","end","begin-end","",""
"2746","67aca7b3335c8f2bb67624c3","control_MaxMatch_Positive_Noun","93","MaxMatch","compassion","kindness","compassion-kindness","NounMatch","PositiveMatch"
"2747","67aca7b3335c8f2bb67624c3","control_Similar","99","SimilarControl","begin","start","begin-start","",""
"2748","67aca7b3335c8f2bb67624c3","test_ConceptualMatch_Verb","10","ConceptualMatchingOnly","fulfill","glide","fulfill-glide","ConceptualMatch:verb","PositiveMismatch"
"2749","67aca7b3335c8f2bb67624c3","control_MaxMatch_Negative_Verb","66","MaxMatch","bleed","stab","bleed-stab","VerbMatch","NegativeMatch"
"2750","67aca7b3335c8f2bb67624c3","control_MaxMatch_Negative_Noun","93","MaxMatch","garbage","failure","garbage-failure","NounMatch","NegativeMatch"
"2751","67aca7b3335c8f2bb67624c3","control_Dissimilar","0","DissimilarControl","increase","decrease","increase-decrease","",""
"2752","67aca7b3335c8f2bb67624c3","test_ConceptualMatch_Noun","0","ConceptualMatchingOnly","kindness","home","kindness-home","ConceptualMatch:noun","PositiveMismatch"
"2753","67aca7b3335c8f2bb67624c3","test_ValenceMatch_Negative","2","ValenceMatchingOnly","choke","hatred","choke-hatred","VerbMismatch","NegativeMatch"
"2754","67aca7b3335c8f2bb67624c3","test_ValenceMatch_Positive","83","ValenceMatchingOnly","gratitude","cherish","gratitude-cherish","NounMismatch","PositiveMatch"
"2755","67aca7b3335c8f2bb67624c3","control_MaxMatch_Positive_Verb","96","MaxMatch","cherish","fulfill","cherish-fulfill","VerbMatch","PositiveMatch"
"2756","67aca7b3335c8f2bb67624c3","control_MaxMismatch","33","MaxMismatch","cherish","breathe","cherish-breathe","VerbMismatch","PositiveMismatch"
"2757","67aca7b3335c8f2bb67624c3","control_Similar","99","SimilarControl","speak","talk","speak-talk","",""
"2758","67aca7b3335c8f2bb67624c3","control_Dissimilar","99","DissimilarControl","enter","exit","enter-exit","",""
"2759","67aca7b3335c8f2bb67624c3","control_MaxMatch_Positive_Noun","19","MaxMatch","freedom","kindness","freedom-kindness","NounMatch","PositiveMatch"
"2760","67aca7b3335c8f2bb67624c3","control_Similar","19","SimilarControl","need","require","need-require","",""
"2761","67aca7b3335c8f2bb67624c3","test_ConceptualMatch_Verb","0","ConceptualMatchingOnly","cherish","running","cherish-running","ConceptualMatch:verb","PositiveMismatch"
"2762","67aca7b3335c8f2bb67624c3","control_MaxMatch_Negative_Verb","66","MaxMatch","criticize","exploit","criticize-exploit","VerbMatch","NegativeMatch"
"2763","67aca7b3335c8f2bb67624c3","control_MaxMatch_Negative_Noun","80","MaxMatch","corpse","slave","corpse-slave","NounMatch","NegativeMatch"
"2764","67aca7b3335c8f2bb67624c3","control_Dissimilar","0","DissimilarControl","rise","fall","rise-fall","",""
"2765","67aca7b3335c8f2bb67624c3","test_ConceptualMatch_Noun","4","ConceptualMatchingOnly","inspiration","beach","inspiration-beach","ConceptualMatch:noun","PositiveMismatch"
"2766","67aca7b3335c8f2bb67624c3","test_ValenceMatch_Negative","14","ValenceMatchingOnly","fester","grief","fester-grief","VerbMismatch","NegativeMatch"
"2767","67aca7b3335c8f2bb67624c3","test_ValenceMatch_Positive","99","ValenceMatchingOnly","inspiration","admire","inspiration-admire","NounMismatch","PositiveMatch"
"2768","67aca7b3335c8f2bb67624c3","control_MaxMatch_Positive_Verb","99","MaxMatch","fulfill","imagine","fulfill-imagine","VerbMatch","PositiveMatch"
"2769","67aca7b3335c8f2bb67624c3","control_MaxMismatch","0","MaxMismatch","enlighten","flowers","enlighten-flowers","VerbMismatch","PositiveMismatch"
"2770","67aca7b3335c8f2bb67624c3","control_Similar","99","SimilarControl","buy","purchase","buy-purchase","",""
"2771","67aca7b3335c8f2bb67624c3","control_Dissimilar","1","DissimilarControl","come","go","come-go","",""
"2772","67aca7b3335c8f2bb67624c3","control_MaxMatch_Positive_Noun","77","MaxMatch","freedom","gratitude","freedom-gratitude","NounMatch","PositiveMatch"
"2773","67aca7b3335c8f2bb67624c3","control_Similar","87","SimilarControl","use","employ","use-employ","",""
"2774","67aca7b3335c8f2bb67624c3","test_ConceptualMatch_Verb","69","ConceptualMatchingOnly","admire","eat","admire-eat","ConceptualMatch:verb","PositiveMismatch"
"2775","67aca7b3335c8f2bb67624c3","control_MaxMatch_Negative_Verb","76","MaxMatch","choke","obsess","choke-obsess","VerbMatch","NegativeMatch"
"2776","67aca7b3335c8f2bb67624c3","control_MaxMatch_Negative_Noun","8","MaxMatch","toxin","garbage","toxin-garbage","NounMatch","NegativeMatch"
"2777","67aca7b3335c8f2bb67624c3","control_Dissimilar","26","DissimilarControl","arrive","leave","arrive-leave","",""
"2778","67aca7b3335c8f2bb67624c3","test_ConceptualMatch_Noun","79","ConceptualMatchingOnly","freedom","flowers","freedom-flowers","ConceptualMatch:noun","PositiveMismatch"
"2779","67aca7b3335c8f2bb67624c3","test_ValenceMatch_Negative","65","ValenceMatchingOnly","choke","terror","choke-terror","VerbMismatch","NegativeMatch"
"2780","67aca7b3335c8f2bb67624c3","test_ValenceMatch_Positive","77","ValenceMatchingOnly","gratitude","fulfill","gratitude-fulfill","NounMismatch","PositiveMatch"
"2781","67aca7b3335c8f2bb67624c3","control_MaxMatch_Positive_Verb","71","MaxMatch","enlighten","fulfill","enlighten-fulfill","VerbMatch","PositiveMatch"
"2782","67aca7b3335c8f2bb67624c3","control_MaxMismatch","70","MaxMismatch","imagine","glisten","imagine-glisten","VerbMismatch","PositiveMismatch"
"2783","67aca7b3335c8f2bb67624c3","control_Similar","99","SimilarControl","end","finish","end-finish","",""
"2784","67aca7b3335c8f2bb67624c3","control_Dissimilar","0","DissimilarControl","add","remove","add-remove","",""
"2785","67aca7b3335c8f2bb67624c3","control_MaxMatch_Positive_Noun","99","MaxMatch","compassion","gratitude","compassion-gratitude","NounMatch","PositiveMatch"
"2786","67aca7b3335c8f2bb67624c3","control_Similar","98","SimilarControl","show","display","show-display","",""
"2787","67aca7b3335c8f2bb67624c3","test_ConceptualMatch_Verb","11","ConceptualMatchingOnly","admire","breathe","admire-breathe","ConceptualMatch:verb","PositiveMismatch"
"2788","67aca7b3335c8f2bb67624c3","control_MaxMatch_Negative_Verb","0","MaxMatch","choke","befall","choke-befall","VerbMatch","NegativeMatch"
"2789","67aca7b3335c8f2bb67624c3","control_MaxMatch_Negative_Noun","92","MaxMatch","garbage","anxiety","garbage-anxiety","NounMatch","NegativeMatch"
"2790","67aca7b3335c8f2bb67624c3","control_Dissimilar","40","DissimilarControl","open","close","open-close","",""
"2791","67aca7b3335c8f2bb67624c3","test_ConceptualMatch_Noun","1","ConceptualMatchingOnly","freedom","home","freedom-home","ConceptualMatch:noun","PositiveMismatch"
"2792","67aca7b3335c8f2bb67624c3","test_ValenceMatch_Negative","0","ValenceMatchingOnly","stab","failure","stab-failure","VerbMismatch","NegativeMatch"
"2793","67aca7b3335c8f2bb67624c3","test_ValenceMatch_Positive","81","ValenceMatchingOnly","kindness","fulfill","kindness-fulfill","NounMismatch","PositiveMatch"
"2794","67aca7b3335c8f2bb67624c3","control_MaxMatch_Positive_Verb","3","MaxMatch","cherish","enlighten","cherish-enlighten","VerbMatch","PositiveMatch"
"2795","67aca7b3335c8f2bb67624c3","control_MaxMismatch","66","MaxMismatch","fulfill","glisten","fulfill-glisten","VerbMismatch","PositiveMismatch"
"2796","5c8f924dbd496e0012a84583","control_Similar","74","SimilarControl","ask","inquire","ask-inquire","",""
"2797","5c8f924dbd496e0012a84583","control_Dissimilar","49","DissimilarControl","push","pull","push-pull","",""
"2798","5c8f924dbd496e0012a84583","test_ConceptualMatch_Verb","0","ConceptualMatchingOnly","imagine","glide","imagine-glide","ConceptualMatch:verb","PositiveMismatch"
"2799","5c8f924dbd496e0012a84583","control_MaxMatch_Positive_Verb","0","MaxMatch","fulfill","imagine","fulfill-imagine","VerbMatch","PositiveMatch"
"2800","5c8f924dbd496e0012a84583","control_MaxMatch_Positive_Noun","0","MaxMatch","freedom","inspiration","freedom-inspiration","NounMatch","PositiveMatch"
"2801","5c8f924dbd496e0012a84583","control_MaxMatch_Negative_Verb","0","MaxMatch","choke","exploit","choke-exploit","VerbMatch","NegativeMatch"
"2802","5c8f924dbd496e0012a84583","control_Similar","99","SimilarControl","begin","start","begin-start","",""
"2803","5c8f924dbd496e0012a84583","control_MaxMatch_Negative_Noun","0","MaxMatch","garbage","corpse","garbage-corpse","NounMatch","NegativeMatch"
"2804","5c8f924dbd496e0012a84583","control_Dissimilar","16","DissimilarControl","add","remove","add-remove","",""
"2805","5c8f924dbd496e0012a84583","control_MaxMismatch","0","MaxMismatch","admire","flowers","admire-flowers","VerbMismatch","PositiveMismatch"
"2806","5c8f924dbd496e0012a84583","test_ValenceMatch_Negative","0","ValenceMatchingOnly","fester","grief","fester-grief","VerbMismatch","NegativeMatch"
"2807","5c8f924dbd496e0012a84583","test_ConceptualMatch_Noun","0","ConceptualMatchingOnly","kindness","chocolate","kindness-chocolate","ConceptualMatch:noun","PositiveMismatch"
"2808","5c8f924dbd496e0012a84583","test_ValenceMatch_Positive","0","ValenceMatchingOnly","compassion","fulfill","compassion-fulfill","NounMismatch","PositiveMatch"
"2809","5c8f924dbd496e0012a84583","control_Similar","99","SimilarControl","help","assist","help-assist","",""
"2810","5c8f924dbd496e0012a84583","control_Dissimilar","27","DissimilarControl","enter","exit","enter-exit","",""
"2811","5c8f924dbd496e0012a84583","test_ConceptualMatch_Verb","0","ConceptualMatchingOnly","cherish","breathe","cherish-breathe","ConceptualMatch:verb","PositiveMismatch"
"2812","5c8f924dbd496e0012a84583","control_MaxMatch_Positive_Verb","0","MaxMatch","cherish","imagine","cherish-imagine","VerbMatch","PositiveMatch"
"2813","5c8f924dbd496e0012a84583","control_MaxMatch_Positive_Noun","0","MaxMatch","inspiration","kindness","inspiration-kindness","NounMatch","PositiveMatch"
"2814","5c8f924dbd496e0012a84583","control_MaxMatch_Negative_Verb","0","MaxMatch","bleed","obsess","bleed-obsess","VerbMatch","NegativeMatch"
"2815","5c8f924dbd496e0012a84583","control_Similar","99","SimilarControl","get","obtain","get-obtain","",""
"2816","5c8f924dbd496e0012a84583","control_MaxMatch_Negative_Noun","0","MaxMatch","corpse","anxiety","corpse-anxiety","NounMatch","NegativeMatch"
"2817","5c8f924dbd496e0012a84583","control_Dissimilar","48","DissimilarControl","arrive","leave","arrive-leave","",""
"2818","5c8f924dbd496e0012a84583","control_MaxMismatch","0","MaxMismatch","imagine","beach","imagine-beach","VerbMismatch","PositiveMismatch"
"2819","5c8f924dbd496e0012a84583","test_ValenceMatch_Negative","0","ValenceMatchingOnly","writhe","grief","writhe-grief","VerbMismatch","NegativeMatch"
"2820","5c8f924dbd496e0012a84583","test_ConceptualMatch_Noun","0","ConceptualMatchingOnly","freedom","beach","freedom-beach","ConceptualMatch:noun","PositiveMismatch"
"2821","5c8f924dbd496e0012a84583","test_ValenceMatch_Positive","4","ValenceMatchingOnly","gratitude","cherish","gratitude-cherish","NounMismatch","PositiveMatch"
"2822","5c8f924dbd496e0012a84583","control_Similar","98","SimilarControl","need","require","need-require","",""
"2823","5c8f924dbd496e0012a84583","control_Dissimilar","45","DissimilarControl","increase","decrease","increase-decrease","",""
"2824","5c8f924dbd496e0012a84583","test_ConceptualMatch_Verb","0","ConceptualMatchingOnly","admire","glisten","admire-glisten","ConceptualMatch:verb","PositiveMismatch"
"2825","5c8f924dbd496e0012a84583","control_MaxMatch_Positive_Verb","0","MaxMatch","admire","fulfill","admire-fulfill","VerbMatch","PositiveMatch"
"2826","5c8f924dbd496e0012a84583","control_MaxMatch_Positive_Noun","34","MaxMatch","compassion","kindness","compassion-kindness","NounMatch","PositiveMatch"
"2827","5c8f924dbd496e0012a84583","control_MaxMatch_Negative_Verb","0","MaxMatch","choke","criticize","choke-criticize","VerbMatch","NegativeMatch"
"2828","5c8f924dbd496e0012a84583","control_Similar","99","SimilarControl","buy","purchase","buy-purchase","",""
"2829","5c8f924dbd496e0012a84583","control_MaxMatch_Negative_Noun","0","MaxMatch","terror","hatred","terror-hatred","NounMatch","NegativeMatch"
"2830","5c8f924dbd496e0012a84583","control_Dissimilar","48","DissimilarControl","open","close","open-close","",""
"2831","5c8f924dbd496e0012a84583","control_MaxMismatch","0","MaxMismatch","enlighten","eat","enlighten-eat","VerbMismatch","PositiveMismatch"
"2832","5c8f924dbd496e0012a84583","test_ValenceMatch_Negative","0","ValenceMatchingOnly","bleed","grief","bleed-grief","VerbMismatch","NegativeMatch"
"2833","5c8f924dbd496e0012a84583","test_ConceptualMatch_Noun","0","ConceptualMatchingOnly","gratitude","home","gratitude-home","ConceptualMatch:noun","PositiveMismatch"
"2834","5c8f924dbd496e0012a84583","test_ValenceMatch_Positive","0","ValenceMatchingOnly","compassion","enlighten","compassion-enlighten","NounMismatch","PositiveMatch"
"2835","5c8f924dbd496e0012a84583","control_Similar","99","SimilarControl","end","finish","end-finish","",""
"2836","5c8f924dbd496e0012a84583","control_Dissimilar","48","DissimilarControl","give","take","give-take","",""
"2837","5c8f924dbd496e0012a84583","test_ConceptualMatch_Verb","0","ConceptualMatchingOnly","fulfill","glisten","fulfill-glisten","ConceptualMatch:verb","PositiveMismatch"
"2838","5c8f924dbd496e0012a84583","control_MaxMatch_Positive_Verb","0","MaxMatch","enlighten","imagine","enlighten-imagine","VerbMatch","PositiveMatch"
"2839","5c8f924dbd496e0012a84583","control_MaxMatch_Positive_Noun","0","MaxMatch","compassion","gratitude","compassion-gratitude","NounMatch","PositiveMatch"
"2840","5c8f924dbd496e0012a84583","control_MaxMatch_Negative_Verb","0","MaxMatch","writhe","resent","writhe-resent","VerbMatch","NegativeMatch"
"2841","5c8f924dbd496e0012a84583","control_Similar","94","SimilarControl","use","employ","use-employ","",""
"2842","5c8f924dbd496e0012a84583","control_MaxMatch_Negative_Noun","0","MaxMatch","terror","grief","terror-grief","NounMatch","NegativeMatch"
"2843","5c8f924dbd496e0012a84583","control_Dissimilar","49","DissimilarControl","begin","end","begin-end","",""
"2844","5c8f924dbd496e0012a84583","control_MaxMismatch","0","MaxMismatch","admire","glisten","admire-glisten","VerbMismatch","PositiveMismatch"
"2845","5c8f924dbd496e0012a84583","test_ValenceMatch_Negative","0","ValenceMatchingOnly","choke","grief","choke-grief","VerbMismatch","NegativeMatch"
"2846","5c8f924dbd496e0012a84583","test_ConceptualMatch_Noun","0","ConceptualMatchingOnly","kindness","fireplace","kindness-fireplace","ConceptualMatch:noun","PositiveMismatch"
"2847","5c8f924dbd496e0012a84583","test_ValenceMatch_Positive","0","ValenceMatchingOnly","freedom","imagine","freedom-imagine","NounMismatch","PositiveMatch"
"2848","5c8f924dbd496e0012a84583","control_Similar","99","SimilarControl","speak","talk","speak-talk","",""
"2849","5c8f924dbd496e0012a84583","control_Dissimilar","50","DissimilarControl","come","go","come-go","",""
"2850","5c8f924dbd496e0012a84583","test_ConceptualMatch_Verb","0","ConceptualMatchingOnly","enlighten","glisten","enlighten-glisten","ConceptualMatch:verb","PositiveMismatch"
"2851","5c8f924dbd496e0012a84583","control_MaxMatch_Positive_Verb","0","MaxMatch","admire","cherish","admire-cherish","VerbMatch","PositiveMatch"
"2852","5c8f924dbd496e0012a84583","control_MaxMatch_Positive_Noun","0","MaxMatch","freedom","kindness","freedom-kindness","NounMatch","PositiveMatch"
"2853","5c8f924dbd496e0012a84583","control_MaxMatch_Negative_Verb","0","MaxMatch","stab","obsess","stab-obsess","VerbMatch","NegativeMatch"
"2854","5c8f924dbd496e0012a84583","control_Similar","99","SimilarControl","show","display","show-display","",""
"2855","5c8f924dbd496e0012a84583","control_MaxMatch_Negative_Noun","0","MaxMatch","mud","anxiety","mud-anxiety","NounMatch","NegativeMatch"
"2856","5c8f924dbd496e0012a84583","control_Dissimilar","48","DissimilarControl","rise","fall","rise-fall","",""
"2857","5c8f924dbd496e0012a84583","control_MaxMismatch","0","MaxMismatch","imagine","running","imagine-running","VerbMismatch","PositiveMismatch"
"2858","5c8f924dbd496e0012a84583","test_ValenceMatch_Negative","0","ValenceMatchingOnly","stab","grief","stab-grief","VerbMismatch","NegativeMatch"
"2859","5c8f924dbd496e0012a84583","test_ConceptualMatch_Noun","0","ConceptualMatchingOnly","compassion","flowers","compassion-flowers","ConceptualMatch:noun","PositiveMismatch"
"2860","5c8f924dbd496e0012a84583","test_ValenceMatch_Positive","0","ValenceMatchingOnly","compassion","cherish","compassion-cherish","NounMismatch","PositiveMatch"
"2861","61481ecde9840ff139ea4955","control_Similar","99","SimilarControl","speak","talk","speak-talk","",""
"2862","61481ecde9840ff139ea4955","control_Dissimilar","0","DissimilarControl","add","remove","add-remove","",""
"2863","61481ecde9840ff139ea4955","control_Similar","99","SimilarControl","get","obtain","get-obtain","",""
"2864","61481ecde9840ff139ea4955","control_MaxMatch_Negative_Noun","0","MaxMatch","garbage","hatred","garbage-hatred","NounMatch","NegativeMatch"
"2865","61481ecde9840ff139ea4955","control_MaxMismatch","0","MaxMismatch","admire","home","admire-home","VerbMismatch","PositiveMismatch"
"2866","61481ecde9840ff139ea4955","test_ConceptualMatch_Noun","0","ConceptualMatchingOnly","gratitude","chocolate","gratitude-chocolate","ConceptualMatch:noun","PositiveMismatch"
"2867","61481ecde9840ff139ea4955","control_MaxMatch_Positive_Verb","59","MaxMatch","cherish","fulfill","cherish-fulfill","VerbMatch","PositiveMatch"
"2868","61481ecde9840ff139ea4955","control_MaxMatch_Negative_Verb","41","MaxMatch","stab","befall","stab-befall","VerbMatch","NegativeMatch"
"2869","61481ecde9840ff139ea4955","control_MaxMatch_Positive_Noun","99","MaxMatch","gratitude","kindness","gratitude-kindness","NounMatch","PositiveMatch"
"2870","61481ecde9840ff139ea4955","test_ValenceMatch_Positive","38","ValenceMatchingOnly","compassion","enlighten","compassion-enlighten","NounMismatch","PositiveMatch"
"2871","61481ecde9840ff139ea4955","test_ValenceMatch_Negative","73","ValenceMatchingOnly","fester","terror","fester-terror","VerbMismatch","NegativeMatch"
"2872","61481ecde9840ff139ea4955","control_Dissimilar","0","DissimilarControl","open","close","open-close","",""
"2873","61481ecde9840ff139ea4955","test_ConceptualMatch_Verb","0","ConceptualMatchingOnly","imagine","glide","imagine-glide","ConceptualMatch:verb","PositiveMismatch"
"2874","61481ecde9840ff139ea4955","control_Similar","99","SimilarControl","help","assist","help-assist","",""
"2875","61481ecde9840ff139ea4955","control_Dissimilar","0","DissimilarControl","increase","decrease","increase-decrease","",""
"2876","61481ecde9840ff139ea4955","control_Similar","71","SimilarControl","need","require","need-require","",""
"2877","61481ecde9840ff139ea4955","control_MaxMatch_Negative_Noun","0","MaxMatch","hatred","grief","hatred-grief","NounMatch","NegativeMatch"
"2878","61481ecde9840ff139ea4955","control_MaxMismatch","0","MaxMismatch","cherish","fireplace","cherish-fireplace","VerbMismatch","PositiveMismatch"
"2879","61481ecde9840ff139ea4955","test_ConceptualMatch_Noun","62","ConceptualMatchingOnly","compassion","home","compassion-home","ConceptualMatch:noun","PositiveMismatch"
"2880","61481ecde9840ff139ea4955","control_MaxMatch_Positive_Verb","16","MaxMatch","admire","imagine","admire-imagine","VerbMatch","PositiveMatch"
"2881","61481ecde9840ff139ea4955","control_MaxMatch_Negative_Verb","0","MaxMatch","bleed","resent","bleed-resent","VerbMatch","NegativeMatch"
"2882","61481ecde9840ff139ea4955","control_MaxMatch_Positive_Noun","14","MaxMatch","compassion","freedom","compassion-freedom","NounMatch","PositiveMatch"
"2883","61481ecde9840ff139ea4955","test_ValenceMatch_Positive","61","ValenceMatchingOnly","compassion","fulfill","compassion-fulfill","NounMismatch","PositiveMatch"
"2884","61481ecde9840ff139ea4955","test_ValenceMatch_Negative","0","ValenceMatchingOnly","bleed","hatred","bleed-hatred","VerbMismatch","NegativeMatch"
"2885","61481ecde9840ff139ea4955","control_Dissimilar","0","DissimilarControl","enter","exit","enter-exit","",""
"2886","61481ecde9840ff139ea4955","test_ConceptualMatch_Verb","13","ConceptualMatchingOnly","admire","glisten","admire-glisten","ConceptualMatch:verb","PositiveMismatch"
"2887","61481ecde9840ff139ea4955","control_Similar","77","SimilarControl","begin","start","begin-start","",""
"2888","61481ecde9840ff139ea4955","control_Dissimilar","0","DissimilarControl","rise","fall","rise-fall","",""
"2889","61481ecde9840ff139ea4955","control_Similar","99","SimilarControl","end","finish","end-finish","",""
"2890","61481ecde9840ff139ea4955","control_MaxMatch_Negative_Noun","64","MaxMatch","terror","failure","terror-failure","NounMatch","NegativeMatch"
"2891","61481ecde9840ff139ea4955","control_MaxMismatch","36","MaxMismatch","enlighten","home","enlighten-home","VerbMismatch","PositiveMismatch"
"2892","61481ecde9840ff139ea4955","test_ConceptualMatch_Noun","19","ConceptualMatchingOnly","inspiration","flowers","inspiration-flowers","ConceptualMatch:noun","PositiveMismatch"
"2893","61481ecde9840ff139ea4955","control_MaxMatch_Positive_Verb","63","MaxMatch","fulfill","imagine","fulfill-imagine","VerbMatch","PositiveMatch"
"2894","61481ecde9840ff139ea4955","control_MaxMatch_Negative_Verb","0","MaxMatch","criticize","resent","criticize-resent","VerbMatch","NegativeMatch"
"2895","61481ecde9840ff139ea4955","control_MaxMatch_Positive_Noun","74","MaxMatch","compassion","gratitude","compassion-gratitude","NounMatch","PositiveMatch"
"2896","61481ecde9840ff139ea4955","test_ValenceMatch_Positive","29","ValenceMatchingOnly","compassion","imagine","compassion-imagine","NounMismatch","PositiveMatch"
"2897","61481ecde9840ff139ea4955","test_ValenceMatch_Negative","21","ValenceMatchingOnly","stab","grief","stab-grief","VerbMismatch","NegativeMatch"
"2898","61481ecde9840ff139ea4955","control_Dissimilar","1","DissimilarControl","come","go","come-go","",""
"2899","61481ecde9840ff139ea4955","test_ConceptualMatch_Verb","14","ConceptualMatchingOnly","admire","running","admire-running","ConceptualMatch:verb","PositiveMismatch"
"2900","61481ecde9840ff139ea4955","control_Similar","99","SimilarControl","buy","purchase","buy-purchase","",""
"2901","61481ecde9840ff139ea4955","control_Dissimilar","0","DissimilarControl","arrive","leave","arrive-leave","",""
"2902","61481ecde9840ff139ea4955","control_Similar","14","SimilarControl","use","employ","use-employ","",""
"2903","61481ecde9840ff139ea4955","control_MaxMatch_Negative_Noun","64","MaxMatch","corpse","terror","corpse-terror","NounMatch","NegativeMatch"
"2904","61481ecde9840ff139ea4955","control_MaxMismatch","29","MaxMismatch","cherish","home","cherish-home","VerbMismatch","PositiveMismatch"
"2905","61481ecde9840ff139ea4955","test_ConceptualMatch_Noun","0","ConceptualMatchingOnly","freedom","flowers","freedom-flowers","ConceptualMatch:noun","PositiveMismatch"
"2906","61481ecde9840ff139ea4955","control_MaxMatch_Positive_Verb","71","MaxMatch","cherish","enlighten","cherish-enlighten","VerbMatch","PositiveMatch"
"2907","61481ecde9840ff139ea4955","control_MaxMatch_Negative_Verb","0","MaxMatch","exploit","resent","exploit-resent","VerbMatch","NegativeMatch"
"2908","61481ecde9840ff139ea4955","control_MaxMatch_Positive_Noun","18","MaxMatch","freedom","kindness","freedom-kindness","NounMatch","PositiveMatch"
"2909","61481ecde9840ff139ea4955","test_ValenceMatch_Positive","15","ValenceMatchingOnly","freedom","enlighten","freedom-enlighten","NounMismatch","PositiveMatch"
"2910","61481ecde9840ff139ea4955","test_ValenceMatch_Negative","0","ValenceMatchingOnly","fester","hatred","fester-hatred","VerbMismatch","NegativeMatch"
"2911","61481ecde9840ff139ea4955","control_Dissimilar","0","DissimilarControl","begin","end","begin-end","",""
"2912","61481ecde9840ff139ea4955","test_ConceptualMatch_Verb","15","ConceptualMatchingOnly","enlighten","glide","enlighten-glide","ConceptualMatch:verb","PositiveMismatch"
"2913","61481ecde9840ff139ea4955","control_Similar","78","SimilarControl","ask","inquire","ask-inquire","",""
"2914","61481ecde9840ff139ea4955","control_Dissimilar","16","DissimilarControl","give","take","give-take","",""
"2915","61481ecde9840ff139ea4955","control_Similar","99","SimilarControl","show","display","show-display","",""
"2916","61481ecde9840ff139ea4955","control_MaxMatch_Negative_Noun","9","MaxMatch","corpse","failure","corpse-failure","NounMatch","NegativeMatch"
"2917","61481ecde9840ff139ea4955","control_MaxMismatch","16","MaxMismatch","imagine","glide","imagine-glide","VerbMismatch","PositiveMismatch"
"2918","61481ecde9840ff139ea4955","test_ConceptualMatch_Noun","16","ConceptualMatchingOnly","freedom","home","freedom-home","ConceptualMatch:noun","PositiveMismatch"
"2919","61481ecde9840ff139ea4955","control_MaxMatch_Positive_Verb","13","MaxMatch","admire","cherish","admire-cherish","VerbMatch","PositiveMatch"
"2920","61481ecde9840ff139ea4955","control_MaxMatch_Negative_Verb","64","MaxMatch","fester","criticize","fester-criticize","VerbMatch","NegativeMatch"
"2921","61481ecde9840ff139ea4955","control_MaxMatch_Positive_Noun","69","MaxMatch","gratitude","inspiration","gratitude-inspiration","NounMatch","PositiveMatch"
"2922","61481ecde9840ff139ea4955","test_ValenceMatch_Positive","71","ValenceMatchingOnly","inspiration","imagine","inspiration-imagine","NounMismatch","PositiveMatch"
"2923","61481ecde9840ff139ea4955","test_ValenceMatch_Negative","30","ValenceMatchingOnly","stab","anxiety","stab-anxiety","VerbMismatch","NegativeMatch"
"2924","61481ecde9840ff139ea4955","control_Dissimilar","0","DissimilarControl","push","pull","push-pull","",""
"2925","61481ecde9840ff139ea4955","test_ConceptualMatch_Verb","0","ConceptualMatchingOnly","cherish","eat","cherish-eat","ConceptualMatch:verb","PositiveMismatch"
"2926","5ef9df1812148a78af8e76dc","control_Similar","84","SimilarControl","ask","inquire","ask-inquire","",""
"2927","5ef9df1812148a78af8e76dc","control_Dissimilar","6","DissimilarControl","begin","end","begin-end","",""
"2928","5ef9df1812148a78af8e76dc","control_MaxMatch_Negative_Noun","73","MaxMatch","terror","anxiety","terror-anxiety","NounMatch","NegativeMatch"
"2929","5ef9df1812148a78af8e76dc","test_ValenceMatch_Positive","37","ValenceMatchingOnly","gratitude","enlighten","gratitude-enlighten","NounMismatch","PositiveMatch"
"2930","5ef9df1812148a78af8e76dc","test_ValenceMatch_Negative","0","ValenceMatchingOnly","choke","hatred","choke-hatred","VerbMismatch","NegativeMatch"
"2931","5ef9df1812148a78af8e76dc","control_MaxMatch_Positive_Verb","36","MaxMatch","cherish","fulfill","cherish-fulfill","VerbMatch","PositiveMatch"
"2932","5ef9df1812148a78af8e76dc","test_ConceptualMatch_Noun","0","ConceptualMatchingOnly","inspiration","chocolate","inspiration-chocolate","ConceptualMatch:noun","PositiveMismatch"
"2933","5ef9df1812148a78af8e76dc","control_Similar","62","SimilarControl","need","require","need-require","",""
"2934","5ef9df1812148a78af8e76dc","control_MaxMatch_Negative_Verb","0","MaxMatch","choke","befall","choke-befall","VerbMatch","NegativeMatch"
"2935","5ef9df1812148a78af8e76dc","control_MaxMismatch","0","MaxMismatch","cherish","running","cherish-running","VerbMismatch","PositiveMismatch"
"2936","5ef9df1812148a78af8e76dc","control_MaxMatch_Positive_Noun","37","MaxMatch","gratitude","inspiration","gratitude-inspiration","NounMatch","PositiveMatch"
"2937","5ef9df1812148a78af8e76dc","test_ConceptualMatch_Verb","0","ConceptualMatchingOnly","enlighten","glisten","enlighten-glisten","ConceptualMatch:verb","PositiveMismatch"
"2938","5ef9df1812148a78af8e76dc","control_Dissimilar","8","DissimilarControl","push","pull","push-pull","",""
"2939","5ef9df1812148a78af8e76dc","control_Similar","82","SimilarControl","show","display","show-display","",""
"2940","5ef9df1812148a78af8e76dc","control_Dissimilar","16","DissimilarControl","come","go","come-go","",""
"2941","5ef9df1812148a78af8e76dc","control_MaxMatch_Negative_Noun","0","MaxMatch","corpse","failure","corpse-failure","NounMatch","NegativeMatch"
"2942","5ef9df1812148a78af8e76dc","test_ValenceMatch_Positive","43","ValenceMatchingOnly","inspiration","enlighten","inspiration-enlighten","NounMismatch","PositiveMatch"
"2943","5ef9df1812148a78af8e76dc","test_ValenceMatch_Negative","15","ValenceMatchingOnly","writhe","grief","writhe-grief","VerbMismatch","NegativeMatch"
"2944","5ef9df1812148a78af8e76dc","control_MaxMatch_Positive_Verb","0","MaxMatch","fulfill","imagine","fulfill-imagine","VerbMatch","PositiveMatch"
"2945","5ef9df1812148a78af8e76dc","test_ConceptualMatch_Noun","14","ConceptualMatchingOnly","freedom","beach","freedom-beach","ConceptualMatch:noun","PositiveMismatch"
"2946","5ef9df1812148a78af8e76dc","control_Similar","99","SimilarControl","begin","start","begin-start","",""
"2947","5ef9df1812148a78af8e76dc","control_MaxMatch_Negative_Verb","19","MaxMatch","bleed","stab","bleed-stab","VerbMatch","NegativeMatch"
"2948","5ef9df1812148a78af8e76dc","control_MaxMismatch","0","MaxMismatch","admire","fireplace","admire-fireplace","VerbMismatch","PositiveMismatch"
"2949","5ef9df1812148a78af8e76dc","control_MaxMatch_Positive_Noun","21","MaxMatch","freedom","gratitude","freedom-gratitude","NounMatch","PositiveMatch"
"2950","5ef9df1812148a78af8e76dc","test_ConceptualMatch_Verb","0","ConceptualMatchingOnly","imagine","breathe","imagine-breathe","ConceptualMatch:verb","PositiveMismatch"
"2951","5ef9df1812148a78af8e76dc","control_Dissimilar","12","DissimilarControl","rise","fall","rise-fall","",""
"2952","5ef9df1812148a78af8e76dc","control_Similar","93","SimilarControl","get","obtain","get-obtain","",""
"2953","5ef9df1812148a78af8e76dc","control_Dissimilar","5","DissimilarControl","arrive","leave","arrive-leave","",""
"2954","5ef9df1812148a78af8e76dc","control_MaxMatch_Negative_Noun","0","MaxMatch","mud","hatred","mud-hatred","NounMatch","NegativeMatch"
"2955","5ef9df1812148a78af8e76dc","test_ValenceMatch_Positive","8","ValenceMatchingOnly","compassion","cherish","compassion-cherish","NounMismatch","PositiveMatch"
"2956","5ef9df1812148a78af8e76dc","test_ValenceMatch_Negative","0","ValenceMatchingOnly","writhe","anxiety","writhe-anxiety","VerbMismatch","NegativeMatch"
"2957","5ef9df1812148a78af8e76dc","control_MaxMatch_Positive_Verb","0","MaxMatch","admire","imagine","admire-imagine","VerbMatch","PositiveMatch"
"2958","5ef9df1812148a78af8e76dc","test_ConceptualMatch_Noun","58","ConceptualMatchingOnly","kindness","home","kindness-home","ConceptualMatch:noun","PositiveMismatch"
"2959","5ef9df1812148a78af8e76dc","control_Similar","99","SimilarControl","end","finish","end-finish","",""
"2960","5ef9df1812148a78af8e76dc","control_MaxMatch_Negative_Verb","0","MaxMatch","bleed","befall","bleed-befall","VerbMatch","NegativeMatch"
"2961","5ef9df1812148a78af8e76dc","control_MaxMismatch","0","MaxMismatch","enlighten","glide","enlighten-glide","VerbMismatch","PositiveMismatch"
"2962","5ef9df1812148a78af8e76dc","control_MaxMatch_Positive_Noun","8","MaxMatch","compassion","inspiration","compassion-inspiration","NounMatch","PositiveMatch"
"2963","5ef9df1812148a78af8e76dc","test_ConceptualMatch_Verb","0","ConceptualMatchingOnly","cherish","glisten","cherish-glisten","ConceptualMatch:verb","PositiveMismatch"
"2964","5ef9df1812148a78af8e76dc","control_Dissimilar","9","DissimilarControl","open","close","open-close","",""
"2965","5ef9df1812148a78af8e76dc","control_Similar","90","SimilarControl","speak","talk","speak-talk","",""
"2966","5ef9df1812148a78af8e76dc","control_Dissimilar","8","DissimilarControl","enter","exit","enter-exit","",""
"2967","5ef9df1812148a78af8e76dc","control_MaxMatch_Negative_Noun","16","MaxMatch","slave","anxiety","slave-anxiety","NounMatch","NegativeMatch"
"2968","5ef9df1812148a78af8e76dc","test_ValenceMatch_Positive","62","ValenceMatchingOnly","freedom","cherish","freedom-cherish","NounMismatch","PositiveMatch"
"2969","5ef9df1812148a78af8e76dc","test_ValenceMatch_Negative","53","ValenceMatchingOnly","fester","hatred","fester-hatred","VerbMismatch","NegativeMatch"
"2970","5ef9df1812148a78af8e76dc","control_MaxMatch_Positive_Verb","0","MaxMatch","enlighten","fulfill","enlighten-fulfill","VerbMatch","PositiveMatch"
"2971","5ef9df1812148a78af8e76dc","test_ConceptualMatch_Noun","35","ConceptualMatchingOnly","kindness","beach","kindness-beach","ConceptualMatch:noun","PositiveMismatch"
"2972","5ef9df1812148a78af8e76dc","control_Similar","92","SimilarControl","help","assist","help-assist","",""
"2973","5ef9df1812148a78af8e76dc","control_MaxMatch_Negative_Verb","0","MaxMatch","choke","obsess","choke-obsess","VerbMatch","NegativeMatch"
"2974","5ef9df1812148a78af8e76dc","control_MaxMismatch","0","MaxMismatch","fulfill","eat","fulfill-eat","VerbMismatch","PositiveMismatch"
"2975","5ef9df1812148a78af8e76dc","control_MaxMatch_Positive_Noun","59","MaxMatch","gratitude","kindness","gratitude-kindness","NounMatch","PositiveMatch"
"2976","5ef9df1812148a78af8e76dc","test_ConceptualMatch_Verb","0","ConceptualMatchingOnly","enlighten","running","enlighten-running","ConceptualMatch:verb","PositiveMismatch"
"2977","5ef9df1812148a78af8e76dc","control_Dissimilar","9","DissimilarControl","add","remove","add-remove","",""
"2978","5ef9df1812148a78af8e76dc","control_Similar","61","SimilarControl","use","employ","use-employ","",""
"2979","5ef9df1812148a78af8e76dc","control_Dissimilar","9","DissimilarControl","increase","decrease","increase-decrease","",""
"2980","5ef9df1812148a78af8e76dc","control_MaxMatch_Negative_Noun","39","MaxMatch","corpse","grief","corpse-grief","NounMatch","NegativeMatch"
"2981","5ef9df1812148a78af8e76dc","test_ValenceMatch_Positive","15","ValenceMatchingOnly","freedom","fulfill","freedom-fulfill","NounMismatch","PositiveMatch"
"2982","5ef9df1812148a78af8e76dc","test_ValenceMatch_Negative","67","ValenceMatchingOnly","stab","terror","stab-terror","VerbMismatch","NegativeMatch"
"2983","5ef9df1812148a78af8e76dc","control_MaxMatch_Positive_Verb","60","MaxMatch","admire","enlighten","admire-enlighten","VerbMatch","PositiveMatch"
"2984","5ef9df1812148a78af8e76dc","test_ConceptualMatch_Noun","0","ConceptualMatchingOnly","gratitude","chocolate","gratitude-chocolate","ConceptualMatch:noun","PositiveMismatch"
"2985","5ef9df1812148a78af8e76dc","control_Similar","99","SimilarControl","buy","purchase","buy-purchase","",""
"2986","5ef9df1812148a78af8e76dc","control_MaxMatch_Negative_Verb","4","MaxMatch","fester","stab","fester-stab","VerbMatch","NegativeMatch"
"2987","5ef9df1812148a78af8e76dc","control_MaxMismatch","58","MaxMismatch","cherish","beach","cherish-beach","VerbMismatch","PositiveMismatch"
"2988","5ef9df1812148a78af8e76dc","control_MaxMatch_Positive_Noun","39","MaxMatch","inspiration","kindness","inspiration-kindness","NounMatch","PositiveMatch"
"2989","5ef9df1812148a78af8e76dc","test_ConceptualMatch_Verb","0","ConceptualMatchingOnly","enlighten","breathe","enlighten-breathe","ConceptualMatch:verb","PositiveMismatch"
"2990","5ef9df1812148a78af8e76dc","control_Dissimilar","7","DissimilarControl","give","take","give-take","",""
"2991","59d7c0f750f88f000161eb21","control_Dissimilar","0","DissimilarControl","arrive","leave","arrive-leave","",""
"2992","59d7c0f750f88f000161eb21","control_Similar","79","SimilarControl","need","require","need-require","",""
"2993","59d7c0f750f88f000161eb21","control_MaxMatch_Positive_Verb","12","MaxMatch","enlighten","fulfill","enlighten-fulfill","VerbMatch","PositiveMatch"
"2994","59d7c0f750f88f000161eb21","test_ConceptualMatch_Noun","0","ConceptualMatchingOnly","gratitude","fireplace","gratitude-fireplace","ConceptualMatch:noun","PositiveMismatch"
"2995","59d7c0f750f88f000161eb21","control_MaxMatch_Positive_Noun","0","MaxMatch","compassion","inspiration","compassion-inspiration","NounMatch","PositiveMatch"
"2996","59d7c0f750f88f000161eb21","control_MaxMatch_Negative_Verb","83","MaxMatch","fester","obsess","fester-obsess","VerbMatch","NegativeMatch"
"2997","59d7c0f750f88f000161eb21","control_Dissimilar","0","DissimilarControl","come","go","come-go","",""
"2998","59d7c0f750f88f000161eb21","test_ValenceMatch_Negative","0","ValenceMatchingOnly","choke","hatred","choke-hatred","VerbMismatch","NegativeMatch"
"2999","59d7c0f750f88f000161eb21","control_MaxMismatch","18","MaxMismatch","enlighten","glisten","enlighten-glisten","VerbMismatch","PositiveMismatch"
"3000","59d7c0f750f88f000161eb21","control_Similar","76","SimilarControl","end","finish","end-finish","",""
"3001","59d7c0f750f88f000161eb21","test_ConceptualMatch_Verb","0","ConceptualMatchingOnly","cherish","running","cherish-running","ConceptualMatch:verb","PositiveMismatch"
"3002","59d7c0f750f88f000161eb21","test_ValenceMatch_Positive","24","ValenceMatchingOnly","inspiration","cherish","inspiration-cherish","NounMismatch","PositiveMatch"
"3003","59d7c0f750f88f000161eb21","control_MaxMatch_Negative_Noun","0","MaxMatch","hatred","anxiety","hatred-anxiety","NounMatch","NegativeMatch"
"3004","59d7c0f750f88f000161eb21","control_Dissimilar","0","DissimilarControl","increase","decrease","increase-decrease","",""
"3005","59d7c0f750f88f000161eb21","control_Similar","78","SimilarControl","buy","purchase","buy-purchase","",""
"3006","59d7c0f750f88f000161eb21","control_MaxMatch_Positive_Verb","0","MaxMatch","cherish","enlighten","cherish-enlighten","VerbMatch","PositiveMatch"
"3007","59d7c0f750f88f000161eb21","test_ConceptualMatch_Noun","0","ConceptualMatchingOnly","freedom","home","freedom-home","ConceptualMatch:noun","PositiveMismatch"
"3008","59d7c0f750f88f000161eb21","control_MaxMatch_Positive_Noun","0","MaxMatch","freedom","kindness","freedom-kindness","NounMatch","PositiveMatch"
"3009","59d7c0f750f88f000161eb21","control_MaxMatch_Negative_Verb","12","MaxMatch","choke","obsess","choke-obsess","VerbMatch","NegativeMatch"
"3010","59d7c0f750f88f000161eb21","control_Dissimilar","0","DissimilarControl","add","remove","add-remove","",""
"3011","59d7c0f750f88f000161eb21","test_ValenceMatch_Negative","53","ValenceMatchingOnly","choke","failure","choke-failure","VerbMismatch","NegativeMatch"
"3012","59d7c0f750f88f000161eb21","control_MaxMismatch","0","MaxMismatch","imagine","chocolate","imagine-chocolate","VerbMismatch","PositiveMismatch"
"3013","59d7c0f750f88f000161eb21","control_Similar","51","SimilarControl","show","display","show-display","",""
"3014","59d7c0f750f88f000161eb21","test_ConceptualMatch_Verb","0","ConceptualMatchingOnly","imagine","breathe","imagine-breathe","ConceptualMatch:verb","PositiveMismatch"
"3015","59d7c0f750f88f000161eb21","test_ValenceMatch_Positive","1","ValenceMatchingOnly","kindness","cherish","kindness-cherish","NounMismatch","PositiveMatch"
"3016","59d7c0f750f88f000161eb21","control_MaxMatch_Negative_Noun","0","MaxMatch","slave","grief","slave-grief","NounMatch","NegativeMatch"
"3017","59d7c0f750f88f000161eb21","control_Dissimilar","0","DissimilarControl","enter","exit","enter-exit","",""
"3018","59d7c0f750f88f000161eb21","control_Similar","89","SimilarControl","begin","start","begin-start","",""
"3019","59d7c0f750f88f000161eb21","control_MaxMatch_Positive_Verb","55","MaxMatch","admire","cherish","admire-cherish","VerbMatch","PositiveMatch"
"3020","59d7c0f750f88f000161eb21","test_ConceptualMatch_Noun","0","ConceptualMatchingOnly","compassion","flowers","compassion-flowers","ConceptualMatch:noun","PositiveMismatch"
"3021","59d7c0f750f88f000161eb21","control_MaxMatch_Positive_Noun","0","MaxMatch","compassion","freedom","compassion-freedom","NounMatch","PositiveMatch"
"3022","59d7c0f750f88f000161eb21","control_MaxMatch_Negative_Verb","0","MaxMatch","fester","stab","fester-stab","VerbMatch","NegativeMatch"
"3023","59d7c0f750f88f000161eb21","control_Dissimilar","0","DissimilarControl","begin","end","begin-end","",""
"3024","59d7c0f750f88f000161eb21","test_ValenceMatch_Negative","53","ValenceMatchingOnly","fester","anxiety","fester-anxiety","VerbMismatch","NegativeMatch"
"3025","59d7c0f750f88f000161eb21","control_MaxMismatch","2","MaxMismatch","cherish","glisten","cherish-glisten","VerbMismatch","PositiveMismatch"
"3026","59d7c0f750f88f000161eb21","control_Similar","88","SimilarControl","ask","inquire","ask-inquire","",""
"3027","59d7c0f750f88f000161eb21","test_ConceptualMatch_Verb","0","ConceptualMatchingOnly","imagine","eat","imagine-eat","ConceptualMatch:verb","PositiveMismatch"
"3028","59d7c0f750f88f000161eb21","test_ValenceMatch_Positive","0","ValenceMatchingOnly","gratitude","imagine","gratitude-imagine","NounMismatch","PositiveMatch"
"3029","59d7c0f750f88f000161eb21","control_MaxMatch_Negative_Noun","18","MaxMatch","anxiety","grief","anxiety-grief","NounMatch","NegativeMatch"
"3030","59d7c0f750f88f000161eb21","control_Dissimilar","0","DissimilarControl","push","pull","push-pull","",""
"3031","59d7c0f750f88f000161eb21","control_Similar","61","SimilarControl","use","employ","use-employ","",""
"3032","59d7c0f750f88f000161eb21","control_MaxMatch_Positive_Verb","10","MaxMatch","cherish","fulfill","cherish-fulfill","VerbMatch","PositiveMatch"
"3033","59d7c0f750f88f000161eb21","test_ConceptualMatch_Noun","0","ConceptualMatchingOnly","inspiration","fireplace","inspiration-fireplace","ConceptualMatch:noun","PositiveMismatch"
"3034","59d7c0f750f88f000161eb21","control_MaxMatch_Positive_Noun","61","MaxMatch","compassion","kindness","compassion-kindness","NounMatch","PositiveMatch"
"3035","59d7c0f750f88f000161eb21","control_MaxMatch_Negative_Verb","17","MaxMatch","fester","bleed","fester-bleed","VerbMatch","NegativeMatch"
"3036","59d7c0f750f88f000161eb21","control_Dissimilar","0","DissimilarControl","rise","fall","rise-fall","",""
"3037","59d7c0f750f88f000161eb21","test_ValenceMatch_Negative","0","ValenceMatchingOnly","writhe","hatred","writhe-hatred","VerbMismatch","NegativeMatch"
"3038","59d7c0f750f88f000161eb21","control_MaxMismatch","0","MaxMismatch","fulfill","beach","fulfill-beach","VerbMismatch","PositiveMismatch"
"3039","59d7c0f750f88f000161eb21","control_Similar","89","SimilarControl","speak","talk","speak-talk","",""
"3040","59d7c0f750f88f000161eb21","test_ConceptualMatch_Verb","0","ConceptualMatchingOnly","cherish","breathe","cherish-breathe","ConceptualMatch:verb","PositiveMismatch"
"3041","59d7c0f750f88f000161eb21","test_ValenceMatch_Positive","32","ValenceMatchingOnly","inspiration","enlighten","inspiration-enlighten","NounMismatch","PositiveMatch"
"3042","59d7c0f750f88f000161eb21","control_MaxMatch_Negative_Noun","0","MaxMatch","mud","terror","mud-terror","NounMatch","NegativeMatch"
"3043","59d7c0f750f88f000161eb21","control_Dissimilar","0","DissimilarControl","give","take","give-take","",""
"3044","59d7c0f750f88f000161eb21","control_Similar","80","SimilarControl","help","assist","help-assist","",""
"3045","59d7c0f750f88f000161eb21","control_MaxMatch_Positive_Verb","0","MaxMatch","enlighten","imagine","enlighten-imagine","VerbMatch","PositiveMatch"
"3046","59d7c0f750f88f000161eb21","test_ConceptualMatch_Noun","0","ConceptualMatchingOnly","inspiration","home","inspiration-home","ConceptualMatch:noun","PositiveMismatch"
"3047","59d7c0f750f88f000161eb21","control_MaxMatch_Positive_Noun","0","MaxMatch","freedom","gratitude","freedom-gratitude","NounMatch","PositiveMatch"
"3048","59d7c0f750f88f000161eb21","control_MaxMatch_Negative_Verb","7","MaxMatch","befall","resent","befall-resent","VerbMatch","NegativeMatch"
"3049","59d7c0f750f88f000161eb21","control_Dissimilar","0","DissimilarControl","open","close","open-close","",""
"3050","59d7c0f750f88f000161eb21","test_ValenceMatch_Negative","0","ValenceMatchingOnly","fester","grief","fester-grief","VerbMismatch","NegativeMatch"
"3051","59d7c0f750f88f000161eb21","control_MaxMismatch","0","MaxMismatch","cherish","breathe","cherish-breathe","VerbMismatch","PositiveMismatch"
"3052","59d7c0f750f88f000161eb21","control_Similar","80","SimilarControl","get","obtain","get-obtain","",""
"3053","59d7c0f750f88f000161eb21","test_ConceptualMatch_Verb","1","ConceptualMatchingOnly","fulfill","glide","fulfill-glide","ConceptualMatch:verb","PositiveMismatch"
"3054","59d7c0f750f88f000161eb21","test_ValenceMatch_Positive","8","ValenceMatchingOnly","gratitude","fulfill","gratitude-fulfill","NounMismatch","PositiveMatch"
"3055","59d7c0f750f88f000161eb21","control_MaxMatch_Negative_Noun","0","MaxMatch","corpse","anxiety","corpse-anxiety","NounMatch","NegativeMatch"
"3056","558d8d71fdf99b534f79b352","control_Similar","99","SimilarControl","buy","purchase","buy-purchase","",""
"3057","558d8d71fdf99b534f79b352","control_Dissimilar","0","DissimilarControl","add","remove","add-remove","",""
"3058","558d8d71fdf99b534f79b352","control_MaxMismatch","0","MaxMismatch","admire","beach","admire-beach","VerbMismatch","PositiveMismatch"
"3059","558d8d71fdf99b534f79b352","test_ValenceMatch_Positive","99","ValenceMatchingOnly","inspiration","imagine","inspiration-imagine","NounMismatch","PositiveMatch"
"3060","558d8d71fdf99b534f79b352","control_Similar","70","SimilarControl","need","require","need-require","",""
"3061","558d8d71fdf99b534f79b352","control_MaxMatch_Negative_Verb","9","MaxMatch","exploit","obsess","exploit-obsess","VerbMatch","NegativeMatch"
"3062","558d8d71fdf99b534f79b352","control_MaxMatch_Negative_Noun","80","MaxMatch","anxiety","grief","anxiety-grief","NounMatch","NegativeMatch"
"3063","558d8d71fdf99b534f79b352","control_MaxMatch_Positive_Verb","68","MaxMatch","cherish","fulfill","cherish-fulfill","VerbMatch","PositiveMatch"
"3064","558d8d71fdf99b534f79b352","test_ConceptualMatch_Verb","0","ConceptualMatchingOnly","fulfill","glide","fulfill-glide","ConceptualMatch:verb","PositiveMismatch"
"3065","558d8d71fdf99b534f79b352","control_MaxMatch_Positive_Noun","77","MaxMatch","compassion","gratitude","compassion-gratitude","NounMatch","PositiveMatch"
"3066","558d8d71fdf99b534f79b352","control_Dissimilar","0","DissimilarControl","give","take","give-take","",""
"3067","558d8d71fdf99b534f79b352","test_ConceptualMatch_Noun","0","ConceptualMatchingOnly","inspiration","flowers","inspiration-flowers","ConceptualMatch:noun","PositiveMismatch"
"3068","558d8d71fdf99b534f79b352","test_ValenceMatch_Negative","0","ValenceMatchingOnly","bleed","failure","bleed-failure","VerbMismatch","NegativeMatch"
"3069","558d8d71fdf99b534f79b352","control_Similar","99","SimilarControl","speak","talk","speak-talk","",""
"3070","558d8d71fdf99b534f79b352","control_Dissimilar","0","DissimilarControl","arrive","leave","arrive-leave","",""
"3071","558d8d71fdf99b534f79b352","control_MaxMismatch","0","MaxMismatch","fulfill","home","fulfill-home","VerbMismatch","PositiveMismatch"
"3072","558d8d71fdf99b534f79b352","test_ValenceMatch_Positive","28","ValenceMatchingOnly","gratitude","enlighten","gratitude-enlighten","NounMismatch","PositiveMatch"
"3073","558d8d71fdf99b534f79b352","control_Similar","99","SimilarControl","end","finish","end-finish","",""
"3074","558d8d71fdf99b534f79b352","control_MaxMatch_Negative_Verb","11","MaxMatch","writhe","befall","writhe-befall","VerbMatch","NegativeMatch"
"3075","558d8d71fdf99b534f79b352","control_MaxMatch_Negative_Noun","0","MaxMatch","mud","hatred","mud-hatred","NounMatch","NegativeMatch"
"3076","558d8d71fdf99b534f79b352","control_MaxMatch_Positive_Verb","33","MaxMatch","cherish","enlighten","cherish-enlighten","VerbMatch","PositiveMatch"
"3077","558d8d71fdf99b534f79b352","test_ConceptualMatch_Verb","15","ConceptualMatchingOnly","cherish","glisten","cherish-glisten","ConceptualMatch:verb","PositiveMismatch"
"3078","558d8d71fdf99b534f79b352","control_MaxMatch_Positive_Noun","85","MaxMatch","gratitude","kindness","gratitude-kindness","NounMatch","PositiveMatch"
"3079","558d8d71fdf99b534f79b352","control_Dissimilar","0","DissimilarControl","begin","end","begin-end","",""
"3080","558d8d71fdf99b534f79b352","test_ConceptualMatch_Noun","46","ConceptualMatchingOnly","gratitude","chocolate","gratitude-chocolate","ConceptualMatch:noun","PositiveMismatch"
"3081","558d8d71fdf99b534f79b352","test_ValenceMatch_Negative","30","ValenceMatchingOnly","bleed","terror","bleed-terror","VerbMismatch","NegativeMatch"
"3082","558d8d71fdf99b534f79b352","control_Similar","99","SimilarControl","get","obtain","get-obtain","",""
"3083","558d8d71fdf99b534f79b352","control_Dissimilar","0","DissimilarControl","push","pull","push-pull","",""
"3084","558d8d71fdf99b534f79b352","control_MaxMismatch","38","MaxMismatch","cherish","flowers","cherish-flowers","VerbMismatch","PositiveMismatch"
"3085","558d8d71fdf99b534f79b352","test_ValenceMatch_Positive","66","ValenceMatchingOnly","compassion","enlighten","compassion-enlighten","NounMismatch","PositiveMatch"
"3086","558d8d71fdf99b534f79b352","control_Similar","99","SimilarControl","begin","start","begin-start","",""
"3087","558d8d71fdf99b534f79b352","control_MaxMatch_Negative_Verb","0","MaxMatch","writhe","obsess","writhe-obsess","VerbMatch","NegativeMatch"
"3088","558d8d71fdf99b534f79b352","control_MaxMatch_Negative_Noun","31","MaxMatch","slave","grief","slave-grief","NounMatch","NegativeMatch"
"3089","558d8d71fdf99b534f79b352","control_MaxMatch_Positive_Verb","61","MaxMatch","admire","imagine","admire-imagine","VerbMatch","PositiveMatch"
"3090","558d8d71fdf99b534f79b352","test_ConceptualMatch_Verb","44","ConceptualMatchingOnly","cherish","eat","cherish-eat","ConceptualMatch:verb","PositiveMismatch"
"3091","558d8d71fdf99b534f79b352","control_MaxMatch_Positive_Noun","64","MaxMatch","compassion","inspiration","compassion-inspiration","NounMatch","PositiveMatch"
"3092","558d8d71fdf99b534f79b352","control_Dissimilar","0","DissimilarControl","rise","fall","rise-fall","",""
"3093","558d8d71fdf99b534f79b352","test_ConceptualMatch_Noun","37","ConceptualMatchingOnly","kindness","chocolate","kindness-chocolate","ConceptualMatch:noun","PositiveMismatch"
"3094","558d8d71fdf99b534f79b352","test_ValenceMatch_Negative","23","ValenceMatchingOnly","writhe","failure","writhe-failure","VerbMismatch","NegativeMatch"
"3095","558d8d71fdf99b534f79b352","control_Similar","99","SimilarControl","help","assist","help-assist","",""
"3096","558d8d71fdf99b534f79b352","control_Dissimilar","0","DissimilarControl","increase","decrease","increase-decrease","",""
"3097","558d8d71fdf99b534f79b352","control_MaxMismatch","15","MaxMismatch","fulfill","chocolate","fulfill-chocolate","VerbMismatch","PositiveMismatch"
"3098","558d8d71fdf99b534f79b352","test_ValenceMatch_Positive","74","ValenceMatchingOnly","inspiration","admire","inspiration-admire","NounMismatch","PositiveMatch"
"3099","558d8d71fdf99b534f79b352","control_Similar","99","SimilarControl","show","display","show-display","",""
"3100","558d8d71fdf99b534f79b352","control_MaxMatch_Negative_Verb","35","MaxMatch","writhe","stab","writhe-stab","VerbMatch","NegativeMatch"
"3101","558d8d71fdf99b534f79b352","control_MaxMatch_Negative_Noun","74","MaxMatch","hatred","grief","hatred-grief","NounMatch","NegativeMatch"
"3102","558d8d71fdf99b534f79b352","control_MaxMatch_Positive_Verb","32","MaxMatch","fulfill","imagine","fulfill-imagine","VerbMatch","PositiveMatch"
"3103","558d8d71fdf99b534f79b352","test_ConceptualMatch_Verb","0","ConceptualMatchingOnly","imagine","breathe","imagine-breathe","ConceptualMatch:verb","PositiveMismatch"
"3104","558d8d71fdf99b534f79b352","control_MaxMatch_Positive_Noun","66","MaxMatch","gratitude","inspiration","gratitude-inspiration","NounMatch","PositiveMatch"
"3105","558d8d71fdf99b534f79b352","control_Dissimilar","0","DissimilarControl","come","go","come-go","",""
"3106","558d8d71fdf99b534f79b352","test_ConceptualMatch_Noun","26","ConceptualMatchingOnly","freedom","flowers","freedom-flowers","ConceptualMatch:noun","PositiveMismatch"
"3107","558d8d71fdf99b534f79b352","test_ValenceMatch_Negative","79","ValenceMatchingOnly","fester","hatred","fester-hatred","VerbMismatch","NegativeMatch"
"3108","558d8d71fdf99b534f79b352","control_Similar","99","SimilarControl","ask","inquire","ask-inquire","",""
"3109","558d8d71fdf99b534f79b352","control_Dissimilar","0","DissimilarControl","open","close","open-close","",""
"3110","558d8d71fdf99b534f79b352","control_MaxMismatch","0","MaxMismatch","cherish","glide","cherish-glide","VerbMismatch","PositiveMismatch"
"3111","558d8d71fdf99b534f79b352","test_ValenceMatch_Positive","28","ValenceMatchingOnly","kindness","fulfill","kindness-fulfill","NounMismatch","PositiveMatch"
"3112","558d8d71fdf99b534f79b352","control_Similar","60","SimilarControl","use","employ","use-employ","",""
"3113","558d8d71fdf99b534f79b352","control_MaxMatch_Negative_Verb","23","MaxMatch","writhe","exploit","writhe-exploit","VerbMatch","NegativeMatch"
"3114","558d8d71fdf99b534f79b352","control_MaxMatch_Negative_Noun","0","MaxMatch","garbage","terror","garbage-terror","NounMatch","NegativeMatch"
"3115","558d8d71fdf99b534f79b352","control_MaxMatch_Positive_Verb","61","MaxMatch","admire","enlighten","admire-enlighten","VerbMatch","PositiveMatch"
"3116","558d8d71fdf99b534f79b352","test_ConceptualMatch_Verb","0","ConceptualMatchingOnly","admire","running","admire-running","ConceptualMatch:verb","PositiveMismatch"
"3117","558d8d71fdf99b534f79b352","control_MaxMatch_Positive_Noun","18","MaxMatch","compassion","freedom","compassion-freedom","NounMatch","PositiveMatch"
"3118","558d8d71fdf99b534f79b352","control_Dissimilar","0","DissimilarControl","enter","exit","enter-exit","",""
"3119","558d8d71fdf99b534f79b352","test_ConceptualMatch_Noun","0","ConceptualMatchingOnly","compassion","fireplace","compassion-fireplace","ConceptualMatch:noun","PositiveMismatch"
"3120","558d8d71fdf99b534f79b352","test_ValenceMatch_Negative","0","ValenceMatchingOnly","choke","failure","choke-failure","VerbMismatch","NegativeMatch"
"3121","65c14be50ad597a9eb201591","control_Dissimilar","0","DissimilarControl","arrive","leave","arrive-leave","",""
"3122","65c14be50ad597a9eb201591","control_Similar","99","SimilarControl","help","assist","help-assist","",""
"3123","65c14be50ad597a9eb201591","test_ValenceMatch_Positive","49","ValenceMatchingOnly","inspiration","fulfill","inspiration-fulfill","NounMismatch","PositiveMatch"
"3124","65c14be50ad597a9eb201591","test_ValenceMatch_Negative","47","ValenceMatchingOnly","stab","hatred","stab-hatred","VerbMismatch","NegativeMatch"
"3125","65c14be50ad597a9eb201591","control_Dissimilar","0","DissimilarControl","give","take","give-take","",""
"3126","65c14be50ad597a9eb201591","test_ConceptualMatch_Verb","13","ConceptualMatchingOnly","enlighten","eat","enlighten-eat","ConceptualMatch:verb","PositiveMismatch"
"3127","65c14be50ad597a9eb201591","control_MaxMatch_Negative_Verb","27","MaxMatch","criticize","obsess","criticize-obsess","VerbMatch","NegativeMatch"
"3128","65c14be50ad597a9eb201591","control_MaxMismatch","47","MaxMismatch","cherish","flowers","cherish-flowers","VerbMismatch","PositiveMismatch"
"3129","65c14be50ad597a9eb201591","control_MaxMatch_Positive_Noun","44","MaxMatch","freedom","gratitude","freedom-gratitude","NounMatch","PositiveMatch"
"3130","65c14be50ad597a9eb201591","control_Similar","99","SimilarControl","speak","talk","speak-talk","",""
"3131","65c14be50ad597a9eb201591","control_MaxMatch_Positive_Verb","30","MaxMatch","fulfill","imagine","fulfill-imagine","VerbMatch","PositiveMatch"
"3132","65c14be50ad597a9eb201591","control_MaxMatch_Negative_Noun","0","MaxMatch","garbage","hatred","garbage-hatred","NounMatch","NegativeMatch"
"3133","65c14be50ad597a9eb201591","test_ConceptualMatch_Noun","0","ConceptualMatchingOnly","kindness","home","kindness-home","ConceptualMatch:noun","PositiveMismatch"
"3134","65c14be50ad597a9eb201591","control_Dissimilar","0","DissimilarControl","come","go","come-go","",""
"3135","65c14be50ad597a9eb201591","control_Similar","99","SimilarControl","ask","inquire","ask-inquire","",""
"3136","65c14be50ad597a9eb201591","test_ValenceMatch_Positive","52","ValenceMatchingOnly","freedom","imagine","freedom-imagine","NounMismatch","PositiveMatch"
"3137","65c14be50ad597a9eb201591","test_ValenceMatch_Negative","57","ValenceMatchingOnly","writhe","terror","writhe-terror","VerbMismatch","NegativeMatch"
"3138","65c14be50ad597a9eb201591","control_Dissimilar","0","DissimilarControl","open","close","open-close","",""
"3139","65c14be50ad597a9eb201591","test_ConceptualMatch_Verb","29","ConceptualMatchingOnly","fulfill","glisten","fulfill-glisten","ConceptualMatch:verb","PositiveMismatch"
"3140","65c14be50ad597a9eb201591","control_MaxMatch_Negative_Verb","27","MaxMatch","befall","resent","befall-resent","VerbMatch","NegativeMatch"
"3141","65c14be50ad597a9eb201591","control_MaxMismatch","0","MaxMismatch","cherish","beach","cherish-beach","VerbMismatch","PositiveMismatch"
"3142","65c14be50ad597a9eb201591","control_MaxMatch_Positive_Noun","87","MaxMatch","gratitude","kindness","gratitude-kindness","NounMatch","PositiveMatch"
"3143","65c14be50ad597a9eb201591","control_Similar","99","SimilarControl","end","finish","end-finish","",""
"3144","65c14be50ad597a9eb201591","control_MaxMatch_Positive_Verb","87","MaxMatch","admire","cherish","admire-cherish","VerbMatch","PositiveMatch"
"3145","65c14be50ad597a9eb201591","control_MaxMatch_Negative_Noun","0","MaxMatch","toxin","mud","toxin-mud","NounMatch","NegativeMatch"
"3146","65c14be50ad597a9eb201591","test_ConceptualMatch_Noun","0","ConceptualMatchingOnly","freedom","fireplace","freedom-fireplace","ConceptualMatch:noun","PositiveMismatch"
"3147","65c14be50ad597a9eb201591","control_Dissimilar","0","DissimilarControl","rise","fall","rise-fall","",""
"3148","65c14be50ad597a9eb201591","control_Similar","99","SimilarControl","buy","purchase","buy-purchase","",""
"3149","65c14be50ad597a9eb201591","test_ValenceMatch_Positive","16","ValenceMatchingOnly","inspiration","imagine","inspiration-imagine","NounMismatch","PositiveMatch"
"3150","65c14be50ad597a9eb201591","test_ValenceMatch_Negative","0","ValenceMatchingOnly","bleed","hatred","bleed-hatred","VerbMismatch","NegativeMatch"
"3151","65c14be50ad597a9eb201591","control_Dissimilar","0","DissimilarControl","add","remove","add-remove","",""
"3152","65c14be50ad597a9eb201591","test_ConceptualMatch_Verb","0","ConceptualMatchingOnly","admire","glide","admire-glide","ConceptualMatch:verb","PositiveMismatch"
"3153","65c14be50ad597a9eb201591","control_MaxMatch_Negative_Verb","0","MaxMatch","stab","resent","stab-resent","VerbMatch","NegativeMatch"
"3154","65c14be50ad597a9eb201591","control_MaxMismatch","0","MaxMismatch","imagine","flowers","imagine-flowers","VerbMismatch","PositiveMismatch"
"3155","65c14be50ad597a9eb201591","control_MaxMatch_Positive_Noun","94","MaxMatch","compassion","kindness","compassion-kindness","NounMatch","PositiveMatch"
"3156","65c14be50ad597a9eb201591","control_Similar","0","SimilarControl","use","employ","use-employ","",""
"3157","65c14be50ad597a9eb201591","control_MaxMatch_Positive_Verb","6","MaxMatch","cherish","imagine","cherish-imagine","VerbMatch","PositiveMatch"
"3158","65c14be50ad597a9eb201591","control_MaxMatch_Negative_Noun","0","MaxMatch","mud","grief","mud-grief","NounMatch","NegativeMatch"
"3159","65c14be50ad597a9eb201591","test_ConceptualMatch_Noun","0","ConceptualMatchingOnly","freedom","beach","freedom-beach","ConceptualMatch:noun","PositiveMismatch"
"3160","65c14be50ad597a9eb201591","control_Dissimilar","0","DissimilarControl","begin","end","begin-end","",""
"3161","65c14be50ad597a9eb201591","control_Similar","99","SimilarControl","begin","start","begin-start","",""
"3162","65c14be50ad597a9eb201591","test_ValenceMatch_Positive","0","ValenceMatchingOnly","kindness","imagine","kindness-imagine","NounMismatch","PositiveMatch"
"3163","65c14be50ad597a9eb201591","test_ValenceMatch_Negative","0","ValenceMatchingOnly","choke","failure","choke-failure","VerbMismatch","NegativeMatch"
"3164","65c14be50ad597a9eb201591","control_Dissimilar","0","DissimilarControl","enter","exit","enter-exit","",""
"3165","65c14be50ad597a9eb201591","test_ConceptualMatch_Verb","46","ConceptualMatchingOnly","admire","glisten","admire-glisten","ConceptualMatch:verb","PositiveMismatch"
"3166","65c14be50ad597a9eb201591","control_MaxMatch_Negative_Verb","5","MaxMatch","fester","writhe","fester-writhe","VerbMatch","NegativeMatch"
"3167","65c14be50ad597a9eb201591","control_MaxMismatch","9","MaxMismatch","admire","glisten","admire-glisten","VerbMismatch","PositiveMismatch"
"3168","65c14be50ad597a9eb201591","control_MaxMatch_Positive_Noun","29","MaxMatch","freedom","inspiration","freedom-inspiration","NounMatch","PositiveMatch"
"3169","65c14be50ad597a9eb201591","control_Similar","99","SimilarControl","show","display","show-display","",""
"3170","65c14be50ad597a9eb201591","control_MaxMatch_Positive_Verb","43","MaxMatch","admire","enlighten","admire-enlighten","VerbMatch","PositiveMatch"
"3171","65c14be50ad597a9eb201591","control_MaxMatch_Negative_Noun","6","MaxMatch","hatred","grief","hatred-grief","NounMatch","NegativeMatch"
"3172","65c14be50ad597a9eb201591","test_ConceptualMatch_Noun","0","ConceptualMatchingOnly","kindness","fireplace","kindness-fireplace","ConceptualMatch:noun","PositiveMismatch"
"3173","65c14be50ad597a9eb201591","control_Dissimilar","0","DissimilarControl","increase","decrease","increase-decrease","",""
"3174","65c14be50ad597a9eb201591","control_Similar","99","SimilarControl","get","obtain","get-obtain","",""
"3175","65c14be50ad597a9eb201591","test_ValenceMatch_Positive","68","ValenceMatchingOnly","inspiration","admire","inspiration-admire","NounMismatch","PositiveMatch"
"3176","65c14be50ad597a9eb201591","test_ValenceMatch_Negative","17","ValenceMatchingOnly","bleed","terror","bleed-terror","VerbMismatch","NegativeMatch"
"3177","65c14be50ad597a9eb201591","control_Dissimilar","0","DissimilarControl","push","pull","push-pull","",""
"3178","65c14be50ad597a9eb201591","test_ConceptualMatch_Verb","0","ConceptualMatchingOnly","admire","running","admire-running","ConceptualMatch:verb","PositiveMismatch"
"3179","65c14be50ad597a9eb201591","control_MaxMatch_Negative_Verb","0","MaxMatch","befall","obsess","befall-obsess","VerbMatch","NegativeMatch"
"3180","65c14be50ad597a9eb201591","control_MaxMismatch","0","MaxMismatch","enlighten","flowers","enlighten-flowers","VerbMismatch","PositiveMismatch"
"3181","65c14be50ad597a9eb201591","control_MaxMatch_Positive_Noun","23","MaxMatch","compassion","freedom","compassion-freedom","NounMatch","PositiveMatch"
"3182","65c14be50ad597a9eb201591","control_Similar","55","SimilarControl","need","require","need-require","",""
"3183","65c14be50ad597a9eb201591","control_MaxMatch_Positive_Verb","82","MaxMatch","cherish","fulfill","cherish-fulfill","VerbMatch","PositiveMatch"
"3184","65c14be50ad597a9eb201591","control_MaxMatch_Negative_Noun","48","MaxMatch","toxin","failure","toxin-failure","NounMatch","NegativeMatch"
"3185","65c14be50ad597a9eb201591","test_ConceptualMatch_Noun","0","ConceptualMatchingOnly","compassion","chocolate","compassion-chocolate","ConceptualMatch:noun","PositiveMismatch"
"3186","5a2fd74c3eff6600016f21ee","control_Similar","99","SimilarControl","end","finish","end-finish","",""
"3187","5a2fd74c3eff6600016f21ee","control_Dissimilar","0","DissimilarControl","give","take","give-take","",""
"3188","5a2fd74c3eff6600016f21ee","control_MaxMatch_Positive_Verb","99","MaxMatch","cherish","enlighten","cherish-enlighten","VerbMatch","PositiveMatch"
"3189","5a2fd74c3eff6600016f21ee","test_ValenceMatch_Positive","75","ValenceMatchingOnly","kindness","fulfill","kindness-fulfill","NounMismatch","PositiveMatch"
"3190","5a2fd74c3eff6600016f21ee","control_MaxMatch_Negative_Noun","0","MaxMatch","mud","terror","mud-terror","NounMatch","NegativeMatch"
"3191","5a2fd74c3eff6600016f21ee","control_MaxMismatch","29","MaxMismatch","admire","home","admire-home","VerbMismatch","PositiveMismatch"
"3192","5a2fd74c3eff6600016f21ee","test_ValenceMatch_Negative","84","ValenceMatchingOnly","stab","terror","stab-terror","VerbMismatch","NegativeMatch"
"3193","5a2fd74c3eff6600016f21ee","test_ConceptualMatch_Verb","61","ConceptualMatchingOnly","admire","running","admire-running","ConceptualMatch:verb","PositiveMismatch"
"3194","5a2fd74c3eff6600016f21ee","control_Similar","99","SimilarControl","need","require","need-require","",""
"3195","5a2fd74c3eff6600016f21ee","control_MaxMatch_Positive_Noun","75","MaxMatch","compassion","freedom","compassion-freedom","NounMatch","PositiveMatch"
"3196","5a2fd74c3eff6600016f21ee","test_ConceptualMatch_Noun","23","ConceptualMatchingOnly","freedom","fireplace","freedom-fireplace","ConceptualMatch:noun","PositiveMismatch"
"3197","5a2fd74c3eff6600016f21ee","control_Dissimilar","0","DissimilarControl","add","remove","add-remove","",""
"3198","5a2fd74c3eff6600016f21ee","control_MaxMatch_Negative_Verb","71","MaxMatch","fester","writhe","fester-writhe","VerbMatch","NegativeMatch"
"3199","5a2fd74c3eff6600016f21ee","control_Similar","90","SimilarControl","use","employ","use-employ","",""
"3200","5a2fd74c3eff6600016f21ee","control_Dissimilar","0","DissimilarControl","begin","end","begin-end","",""
"3201","5a2fd74c3eff6600016f21ee","control_MaxMatch_Positive_Verb","67","MaxMatch","cherish","imagine","cherish-imagine","VerbMatch","PositiveMatch"
"3202","5a2fd74c3eff6600016f21ee","test_ValenceMatch_Positive","71","ValenceMatchingOnly","gratitude","cherish","gratitude-cherish","NounMismatch","PositiveMatch"
"3203","5a2fd74c3eff6600016f21ee","control_MaxMatch_Negative_Noun","58","MaxMatch","slave","hatred","slave-hatred","NounMatch","NegativeMatch"
"3204","5a2fd74c3eff6600016f21ee","control_MaxMismatch","66","MaxMismatch","cherish","breathe","cherish-breathe","VerbMismatch","PositiveMismatch"
"3205","5a2fd74c3eff6600016f21ee","test_ValenceMatch_Negative","80","ValenceMatchingOnly","writhe","grief","writhe-grief","VerbMismatch","NegativeMatch"
"3206","5a2fd74c3eff6600016f21ee","test_ConceptualMatch_Verb","11","ConceptualMatchingOnly","imagine","glide","imagine-glide","ConceptualMatch:verb","PositiveMismatch"
"3207","5a2fd74c3eff6600016f21ee","control_Similar","99","SimilarControl","ask","inquire","ask-inquire","",""
"3208","5a2fd74c3eff6600016f21ee","control_MaxMatch_Positive_Noun","99","MaxMatch","compassion","kindness","compassion-kindness","NounMatch","PositiveMatch"
"3209","5a2fd74c3eff6600016f21ee","test_ConceptualMatch_Noun","65","ConceptualMatchingOnly","freedom","home","freedom-home","ConceptualMatch:noun","PositiveMismatch"
"3210","5a2fd74c3eff6600016f21ee","control_Dissimilar","0","DissimilarControl","rise","fall","rise-fall","",""
"3211","5a2fd74c3eff6600016f21ee","control_MaxMatch_Negative_Verb","37","MaxMatch","writhe","befall","writhe-befall","VerbMatch","NegativeMatch"
"3212","5a2fd74c3eff6600016f21ee","control_Similar","99","SimilarControl","show","display","show-display","",""
"3213","5a2fd74c3eff6600016f21ee","control_Dissimilar","0","DissimilarControl","increase","decrease","increase-decrease","",""
"3214","5a2fd74c3eff6600016f21ee","control_MaxMatch_Positive_Verb","82","MaxMatch","admire","enlighten","admire-enlighten","VerbMatch","PositiveMatch"
"3215","5a2fd74c3eff6600016f21ee","test_ValenceMatch_Positive","62","ValenceMatchingOnly","freedom","enlighten","freedom-enlighten","NounMismatch","PositiveMatch"
"3216","5a2fd74c3eff6600016f21ee","control_MaxMatch_Negative_Noun","87","MaxMatch","garbage","corpse","garbage-corpse","NounMatch","NegativeMatch"
"3217","5a2fd74c3eff6600016f21ee","control_MaxMismatch","17","MaxMismatch","imagine","eat","imagine-eat","VerbMismatch","PositiveMismatch"
"3218","5a2fd74c3eff6600016f21ee","test_ValenceMatch_Negative","79","ValenceMatchingOnly","bleed","hatred","bleed-hatred","VerbMismatch","NegativeMatch"
"3219","5a2fd74c3eff6600016f21ee","test_ConceptualMatch_Verb","67","ConceptualMatchingOnly","imagine","running","imagine-running","ConceptualMatch:verb","PositiveMismatch"
"3220","5a2fd74c3eff6600016f21ee","control_Similar","99","SimilarControl","speak","talk","speak-talk","",""
"3221","5a2fd74c3eff6600016f21ee","control_MaxMatch_Positive_Noun","67","MaxMatch","compassion","inspiration","compassion-inspiration","NounMatch","PositiveMatch"
"3222","5a2fd74c3eff6600016f21ee","test_ConceptualMatch_Noun","23","ConceptualMatchingOnly","compassion","beach","compassion-beach","ConceptualMatch:noun","PositiveMismatch"
"3223","5a2fd74c3eff6600016f21ee","control_Dissimilar","0","DissimilarControl","enter","exit","enter-exit","",""
"3224","5a2fd74c3eff6600016f21ee","control_MaxMatch_Negative_Verb","61","MaxMatch","bleed","exploit","bleed-exploit","VerbMatch","NegativeMatch"
"3225","5a2fd74c3eff6600016f21ee","control_Similar","99","SimilarControl","help","assist","help-assist","",""
"3226","5a2fd74c3eff6600016f21ee","control_Dissimilar","0","DissimilarControl","push","pull","push-pull","",""
"3227","5a2fd74c3eff6600016f21ee","control_MaxMatch_Positive_Verb","81","MaxMatch","fulfill","imagine","fulfill-imagine","VerbMatch","PositiveMatch"
"3228","5a2fd74c3eff6600016f21ee","test_ValenceMatch_Positive","66","ValenceMatchingOnly","freedom","fulfill","freedom-fulfill","NounMismatch","PositiveMatch"
"3229","5a2fd74c3eff6600016f21ee","control_MaxMatch_Negative_Noun","83","MaxMatch","corpse","hatred","corpse-hatred","NounMatch","NegativeMatch"
"3230","5a2fd74c3eff6600016f21ee","control_MaxMismatch","73","MaxMismatch","enlighten","glide","enlighten-glide","VerbMismatch","PositiveMismatch"
"3231","5a2fd74c3eff6600016f21ee","test_ValenceMatch_Negative","67","ValenceMatchingOnly","choke","anxiety","choke-anxiety","VerbMismatch","NegativeMatch"
"3232","5a2fd74c3eff6600016f21ee","test_ConceptualMatch_Verb","71","ConceptualMatchingOnly","admire","breathe","admire-breathe","ConceptualMatch:verb","PositiveMismatch"
"3233","5a2fd74c3eff6600016f21ee","control_Similar","99","SimilarControl","buy","purchase","buy-purchase","",""
"3234","5a2fd74c3eff6600016f21ee","control_MaxMatch_Positive_Noun","66","MaxMatch","freedom","kindness","freedom-kindness","NounMatch","PositiveMatch"
"3235","5a2fd74c3eff6600016f21ee","test_ConceptualMatch_Noun","18","ConceptualMatchingOnly","kindness","fireplace","kindness-fireplace","ConceptualMatch:noun","PositiveMismatch"
"3236","5a2fd74c3eff6600016f21ee","control_Dissimilar","0","DissimilarControl","open","close","open-close","",""
"3237","5a2fd74c3eff6600016f21ee","control_MaxMatch_Negative_Verb","26","MaxMatch","choke","criticize","choke-criticize","VerbMatch","NegativeMatch"
"3238","5a2fd74c3eff6600016f21ee","control_Similar","99","SimilarControl","get","obtain","get-obtain","",""
"3239","5a2fd74c3eff6600016f21ee","control_Dissimilar","0","DissimilarControl","come","go","come-go","",""
"3240","5a2fd74c3eff6600016f21ee","control_MaxMatch_Positive_Verb","74","MaxMatch","cherish","fulfill","cherish-fulfill","VerbMatch","PositiveMatch"
"3241","5a2fd74c3eff6600016f21ee","test_ValenceMatch_Positive","78","ValenceMatchingOnly","compassion","cherish","compassion-cherish","NounMismatch","PositiveMatch"
"3242","5a2fd74c3eff6600016f21ee","control_MaxMatch_Negative_Noun","82","MaxMatch","failure","grief","failure-grief","NounMatch","NegativeMatch"
"3243","5a2fd74c3eff6600016f21ee","control_MaxMismatch","23","MaxMismatch","imagine","glide","imagine-glide","VerbMismatch","PositiveMismatch"
"3244","5a2fd74c3eff6600016f21ee","test_ValenceMatch_Negative","78","ValenceMatchingOnly","fester","terror","fester-terror","VerbMismatch","NegativeMatch"
"3245","5a2fd74c3eff6600016f21ee","test_ConceptualMatch_Verb","22","ConceptualMatchingOnly","fulfill","running","fulfill-running","ConceptualMatch:verb","PositiveMismatch"
"3246","5a2fd74c3eff6600016f21ee","control_Similar","99","SimilarControl","begin","start","begin-start","",""
"3247","5a2fd74c3eff6600016f21ee","control_MaxMatch_Positive_Noun","72","MaxMatch","gratitude","inspiration","gratitude-inspiration","NounMatch","PositiveMatch"
"3248","5a2fd74c3eff6600016f21ee","test_ConceptualMatch_Noun","30","ConceptualMatchingOnly","freedom","chocolate","freedom-chocolate","ConceptualMatch:noun","PositiveMismatch"
"3249","5a2fd74c3eff6600016f21ee","control_Dissimilar","0","DissimilarControl","arrive","leave","arrive-leave","",""
"3250","5a2fd74c3eff6600016f21ee","control_MaxMatch_Negative_Verb","77","MaxMatch","stab","criticize","stab-criticize","VerbMatch","NegativeMatch"
