,Word1,Word2,FeatureCombo1,FeatureCombo2,FeatureMatch,Valence,Conceptual,Group,W2VSimilarity,BertSimilarity1,BertSimilarity2
0,moldy,fluffy,physical-negative,physical-positive,ConceptualMatchingOnly,NegativeMismatch,ConceptualMatch:physical,,0.28800565004348755,0.40265897,0.26221097
1,moldy,sunny,physical-negative,physical-positive,ConceptualMatchingOnly,NegativeMismatch,ConceptualMatch:physical,,0.14839914441108704,0.18485841,0.26440817
2,moldy,blooming,physical-negative,physical-positive,ConceptualMatchingOnly,NegativeMismatch,ConceptualMatch:physical,,0.15337838232517242,0.29546958,0.26946115
3,moldy,floral,physical-negative,physical-positive,ConceptualMatchingOnly,NegativeMismatch,ConceptualMatch:physical,,0.0748869925737381,0.32518885,0.25024745
4,moldy,oceanic,physical-negative,physical-positive,ConceptualMatchingOnly,NegativeMismatch,ConceptualMatch:physical,,0.09423163533210754,0.25289378,0.21338342
5,moldy,decorative,physical-negative,physical-positive,ConceptualMatchingOnly,NegativeMismatch,ConceptualMatch:physical,,0.129842609167099,0.3904665,0.17846434
6,moldy,nutritious,physical-negative,physical-positive,ConceptualMatchingOnly,NegativeMismatch,ConceptualMatch:physical,,0.23509271442890167,0.26264715,0.40246558
7,moldy,homemade,physical-negative,physical-positive,ConceptualMatchingOnly,NegativeMismatch,ConceptualMatch:physical,,0.2771950960159302,0.40001556,0.25929087
8,moldy,radiant,physical-negative,physical-positive,ConceptualMatchingOnly,NegativeMismatch,ConceptualMatch:physical,,0.1542169451713562,0.16692412,0.19936074
9,moldy,newborn,physical-negative,physical-positive,ConceptualMatchingOnly,NegativeMismatch,ConceptualMatch:physical,,0.09584516286849976,0.29976165,0.20885623
10,nauseous,fluffy,physical-negative,physical-positive,ConceptualMatchingOnly,NegativeMismatch,ConceptualMatch:physical,,0.16463547945022583,0.3028986,0.18939257
11,nauseous,sunny,physical-negative,physical-positive,ConceptualMatchingOnly,NegativeMismatch,ConceptualMatch:physical,,0.15413308143615723,0.23170127,0.24380584
12,nauseous,blooming,physical-negative,physical-positive,ConceptualMatchingOnly,NegativeMismatch,ConceptualMatch:physical,,0.04071192815899849,0.20514622,0.21944295
13,nauseous,floral,physical-negative,physical-positive,ConceptualMatchingOnly,NegativeMismatch,ConceptualMatch:physical,,0.07430583983659744,0.21559317,0.14077213
14,nauseous,oceanic,physical-negative,physical-positive,ConceptualMatchingOnly,NegativeMismatch,ConceptualMatch:physical,,0.03264344856142998,0.25318754,0.18833193
15,nauseous,decorative,physical-negative,physical-positive,ConceptualMatchingOnly,NegativeMismatch,ConceptualMatch:physical,,0.025926632806658745,0.20513423,0.12967412
16,nauseous,nutritious,physical-negative,physical-positive,ConceptualMatchingOnly,NegativeMismatch,ConceptualMatch:physical,,0.18007299304008484,0.44139874,0.35363448
17,nauseous,homemade,physical-negative,physical-positive,ConceptualMatchingOnly,NegativeMismatch,ConceptualMatch:physical,,0.16533862054347992,0.31809324,0.15995604
18,nauseous,radiant,physical-negative,physical-positive,ConceptualMatchingOnly,NegativeMismatch,ConceptualMatch:physical,,0.1821715384721756,0.18770424,0.1532435
19,nauseous,newborn,physical-negative,physical-positive,ConceptualMatchingOnly,NegativeMismatch,ConceptualMatch:physical,,0.09492393583059311,0.19993265,0.19803412
20,excruciating,fluffy,physical-negative,physical-positive,ConceptualMatchingOnly,NegativeMismatch,ConceptualMatch:physical,,0.09764915704727173,0.28338498,0.18831603
21,excruciating,sunny,physical-negative,physical-positive,ConceptualMatchingOnly,NegativeMismatch,ConceptualMatch:physical,,0.12453833222389221,0.20553856,0.16224843
22,excruciating,blooming,physical-negative,physical-positive,ConceptualMatchingOnly,NegativeMismatch,ConceptualMatch:physical,,0.08273125439882278,0.26055425,0.24842288
23,excruciating,floral,physical-negative,physical-positive,ConceptualMatchingOnly,NegativeMismatch,ConceptualMatch:physical,,0.025590064004063606,0.1526945,0.1761086
24,excruciating,oceanic,physical-negative,physical-positive,ConceptualMatchingOnly,NegativeMismatch,ConceptualMatch:physical,,0.06377912312746048,0.1516574,0.17459679
25,excruciating,decorative,physical-negative,physical-positive,ConceptualMatchingOnly,NegativeMismatch,ConceptualMatch:physical,,-0.0011725068325176835,0.22225998,0.19595847
26,excruciating,nutritious,physical-negative,physical-positive,ConceptualMatchingOnly,NegativeMismatch,ConceptualMatch:physical,,0.046092450618743896,0.18377514,0.27562135
27,excruciating,homemade,physical-negative,physical-positive,ConceptualMatchingOnly,NegativeMismatch,ConceptualMatch:physical,,0.08786359429359436,0.21231285,0.16990492
28,excruciating,radiant,physical-negative,physical-positive,ConceptualMatchingOnly,NegativeMismatch,ConceptualMatch:physical,,0.11964714527130127,0.21397564,0.14384389
29,excruciating,newborn,physical-negative,physical-positive,ConceptualMatchingOnly,NegativeMismatch,ConceptualMatch:physical,,0.10286985337734222,0.14629534,0.19114982
30,comatose,fluffy,physical-negative,physical-positive,ConceptualMatchingOnly,NegativeMismatch,ConceptualMatch:physical,,0.13507215678691864,0.2579041,0.25689316
31,comatose,sunny,physical-negative,physical-positive,ConceptualMatchingOnly,NegativeMismatch,ConceptualMatch:physical,,0.11021830886602402,0.18727125,0.21297492
32,comatose,blooming,physical-negative,physical-positive,ConceptualMatchingOnly,NegativeMismatch,ConceptualMatch:physical,,0.13427720963954926,0.25268665,0.25278014
33,comatose,floral,physical-negative,physical-positive,ConceptualMatchingOnly,NegativeMismatch,ConceptualMatch:physical,,0.13794109225273132,0.20812519,0.17728588
34,comatose,oceanic,physical-negative,physical-positive,ConceptualMatchingOnly,NegativeMismatch,ConceptualMatch:physical,,0.08026031404733658,0.26567197,0.21209529
35,comatose,decorative,physical-negative,physical-positive,ConceptualMatchingOnly,NegativeMismatch,ConceptualMatch:physical,,0.07409247756004333,0.17581138,0.13568518
36,comatose,nutritious,physical-negative,physical-positive,ConceptualMatchingOnly,NegativeMismatch,ConceptualMatch:physical,,0.03685718774795532,0.27027965,0.32533324
37,comatose,homemade,physical-negative,physical-positive,ConceptualMatchingOnly,NegativeMismatch,ConceptualMatch:physical,,0.0559292733669281,0.2676897,0.12879126
38,comatose,radiant,physical-negative,physical-positive,ConceptualMatchingOnly,NegativeMismatch,ConceptualMatch:physical,,0.09806941449642181,0.22553325,0.18711516
39,comatose,newborn,physical-negative,physical-positive,ConceptualMatchingOnly,NegativeMismatch,ConceptualMatch:physical,,0.29863598942756653,0.27056578,0.3337564
40,obese,fluffy,physical-negative,physical-positive,ConceptualMatchingOnly,NegativeMismatch,ConceptualMatch:physical,,0.2069234848022461,0.18546726,0.30999017
41,obese,sunny,physical-negative,physical-positive,ConceptualMatchingOnly,NegativeMismatch,ConceptualMatch:physical,,0.02880282513797283,0.2373102,0.23645231
42,obese,blooming,physical-negative,physical-positive,ConceptualMatchingOnly,NegativeMismatch,ConceptualMatch:physical,,0.015165853314101696,0.18168044,0.2119176
43,obese,floral,physical-negative,physical-positive,ConceptualMatchingOnly,NegativeMismatch,ConceptualMatch:physical,,-0.00672938721254468,0.20185122,0.16397893
44,obese,oceanic,physical-negative,physical-positive,ConceptualMatchingOnly,NegativeMismatch,ConceptualMatch:physical,,0.12024008482694626,0.26442415,0.3232141
45,obese,decorative,physical-negative,physical-positive,ConceptualMatchingOnly,NegativeMismatch,ConceptualMatch:physical,,0.035841431468725204,0.21538597,0.23837695
46,obese,nutritious,physical-negative,physical-positive,ConceptualMatchingOnly,NegativeMismatch,ConceptualMatch:physical,,0.33168452978134155,0.4512748,0.4823676
47,obese,homemade,physical-negative,physical-positive,ConceptualMatchingOnly,NegativeMismatch,ConceptualMatch:physical,,0.038866035640239716,0.1994692,0.12978064
48,obese,radiant,physical-negative,physical-positive,ConceptualMatchingOnly,NegativeMismatch,ConceptualMatch:physical,,0.0847618579864502,0.11450557,0.23968434
49,obese,newborn,physical-negative,physical-positive,ConceptualMatchingOnly,NegativeMismatch,ConceptualMatch:physical,,0.2035999894142151,0.26083338,0.21399081
50,lifeless,fluffy,physical-negative,physical-positive,ConceptualMatchingOnly,NegativeMismatch,ConceptualMatch:physical,,0.26354658603668213,0.2589143,0.21930268
51,lifeless,sunny,physical-negative,physical-positive,ConceptualMatchingOnly,NegativeMismatch,ConceptualMatch:physical,,0.24468381702899933,0.20287223,0.21264829
52,lifeless,blooming,physical-negative,physical-positive,ConceptualMatchingOnly,NegativeMismatch,ConceptualMatch:physical,,0.14709880948066711,0.261293,0.23238492
53,lifeless,floral,physical-negative,physical-positive,ConceptualMatchingOnly,NegativeMismatch,ConceptualMatch:physical,,0.13021273910999298,0.19858417,0.16755491
54,lifeless,oceanic,physical-negative,physical-positive,ConceptualMatchingOnly,NegativeMismatch,ConceptualMatch:physical,,0.1540159434080124,0.23919961,0.2561692
55,lifeless,decorative,physical-negative,physical-positive,ConceptualMatchingOnly,NegativeMismatch,ConceptualMatch:physical,,0.13120593130588531,0.20296425,0.24669534
56,lifeless,nutritious,physical-negative,physical-positive,ConceptualMatchingOnly,NegativeMismatch,ConceptualMatch:physical,,0.06782715767621994,0.19812569,0.29890573
57,lifeless,homemade,physical-negative,physical-positive,ConceptualMatchingOnly,NegativeMismatch,ConceptualMatch:physical,,0.10517088323831558,0.34598577,0.15982296
58,lifeless,radiant,physical-negative,physical-positive,ConceptualMatchingOnly,NegativeMismatch,ConceptualMatch:physical,,0.2852485179901123,0.19876374,0.25382364
59,lifeless,newborn,physical-negative,physical-positive,ConceptualMatchingOnly,NegativeMismatch,ConceptualMatch:physical,,0.2967793047428131,0.41913164,0.2524739
60,rancid,fluffy,physical-negative,physical-positive,ConceptualMatchingOnly,NegativeMismatch,ConceptualMatch:physical,,0.2778800129890442,0.16609544,0.27335092
61,rancid,sunny,physical-negative,physical-positive,ConceptualMatchingOnly,NegativeMismatch,ConceptualMatch:physical,,0.19097594916820526,0.2878584,0.24627359
62,rancid,blooming,physical-negative,physical-positive,ConceptualMatchingOnly,NegativeMismatch,ConceptualMatch:physical,,0.1656038612127304,0.29538286,0.26847774
63,rancid,floral,physical-negative,physical-positive,ConceptualMatchingOnly,NegativeMismatch,ConceptualMatch:physical,,0.09167667478322983,0.22751822,0.2296361
64,rancid,oceanic,physical-negative,physical-positive,ConceptualMatchingOnly,NegativeMismatch,ConceptualMatch:physical,,0.1614185869693756,0.23877113,0.2727599
65,rancid,decorative,physical-negative,physical-positive,ConceptualMatchingOnly,NegativeMismatch,ConceptualMatch:physical,,0.08928948640823364,0.15789425,0.21930447
66,rancid,nutritious,physical-negative,physical-positive,ConceptualMatchingOnly,NegativeMismatch,ConceptualMatch:physical,,0.23260639607906342,0.19403899,0.47047937
67,rancid,homemade,physical-negative,physical-positive,ConceptualMatchingOnly,NegativeMismatch,ConceptualMatch:physical,,0.20490486919879913,0.20097943,0.27532595
68,rancid,radiant,physical-negative,physical-positive,ConceptualMatchingOnly,NegativeMismatch,ConceptualMatch:physical,,0.14230072498321533,0.2591262,0.35774797
69,rancid,newborn,physical-negative,physical-positive,ConceptualMatchingOnly,NegativeMismatch,ConceptualMatch:physical,,-0.010932713747024536,0.13452747,0.25893888
70,seasick,fluffy,physical-negative,physical-positive,ConceptualMatchingOnly,NegativeMismatch,ConceptualMatch:physical,,0.1306704729795456,0.32950795,0.24656829
71,seasick,sunny,physical-negative,physical-positive,ConceptualMatchingOnly,NegativeMismatch,ConceptualMatch:physical,,0.18192529678344727,0.3691587,0.2794884
72,seasick,blooming,physical-negative,physical-positive,ConceptualMatchingOnly,NegativeMismatch,ConceptualMatch:physical,,0.01797010749578476,0.25153196,0.22587942
73,seasick,floral,physical-negative,physical-positive,ConceptualMatchingOnly,NegativeMismatch,ConceptualMatch:physical,,0.0038403866346925497,0.18209422,0.15149862
74,seasick,oceanic,physical-negative,physical-positive,ConceptualMatchingOnly,NegativeMismatch,ConceptualMatch:physical,,0.19647353887557983,0.5175059,0.4549096
75,seasick,decorative,physical-negative,physical-positive,ConceptualMatchingOnly,NegativeMismatch,ConceptualMatch:physical,,0.018969330936670303,0.12660775,0.12251412
76,seasick,nutritious,physical-negative,physical-positive,ConceptualMatchingOnly,NegativeMismatch,ConceptualMatch:physical,,0.1378444880247116,0.2745636,0.29131848
77,seasick,homemade,physical-negative,physical-positive,ConceptualMatchingOnly,NegativeMismatch,ConceptualMatch:physical,,0.12715964019298553,0.19535622,0.1718687
78,seasick,radiant,physical-negative,physical-positive,ConceptualMatchingOnly,NegativeMismatch,ConceptualMatch:physical,,0.15960955619812012,0.1676328,0.14536591
79,seasick,newborn,physical-negative,physical-positive,ConceptualMatchingOnly,NegativeMismatch,ConceptualMatch:physical,,0.015632398426532745,0.17213061,0.15854754
80,itchy,fluffy,physical-negative,physical-positive,ConceptualMatchingOnly,NegativeMismatch,ConceptualMatch:physical,,0.23150822520256042,0.46480173,0.2808665
81,itchy,sunny,physical-negative,physical-positive,ConceptualMatchingOnly,NegativeMismatch,ConceptualMatch:physical,,0.14993396401405334,0.34407413,0.21088994
82,itchy,blooming,physical-negative,physical-positive,ConceptualMatchingOnly,NegativeMismatch,ConceptualMatch:physical,,0.2115553617477417,0.2523544,0.2658224
83,itchy,floral,physical-negative,physical-positive,ConceptualMatchingOnly,NegativeMismatch,ConceptualMatch:physical,,0.11009102314710617,0.21494946,0.21608692
84,itchy,oceanic,physical-negative,physical-positive,ConceptualMatchingOnly,NegativeMismatch,ConceptualMatch:physical,,0.008231294341385365,0.2462632,0.13786066
85,itchy,decorative,physical-negative,physical-positive,ConceptualMatchingOnly,NegativeMismatch,ConceptualMatch:physical,,0.08861080557107925,0.19780996,0.25184572
86,itchy,nutritious,physical-negative,physical-positive,ConceptualMatchingOnly,NegativeMismatch,ConceptualMatch:physical,,0.14715862274169922,0.27718943,0.3007522
87,itchy,homemade,physical-negative,physical-positive,ConceptualMatchingOnly,NegativeMismatch,ConceptualMatch:physical,,0.06292026489973068,0.27538726,0.18375608
88,itchy,radiant,physical-negative,physical-positive,ConceptualMatchingOnly,NegativeMismatch,ConceptualMatch:physical,,0.14531253278255463,0.1945392,0.16684274
89,itchy,newborn,physical-negative,physical-positive,ConceptualMatchingOnly,NegativeMismatch,ConceptualMatch:physical,,0.09367043524980545,0.18468446,0.20724793
90,smelly,fluffy,physical-negative,physical-positive,ConceptualMatchingOnly,NegativeMismatch,ConceptualMatch:physical,,0.3359289765357971,0.37847185,0.28440127
91,smelly,sunny,physical-negative,physical-positive,ConceptualMatchingOnly,NegativeMismatch,ConceptualMatch:physical,,0.1939128339290619,0.29660857,0.24118222
92,smelly,blooming,physical-negative,physical-positive,ConceptualMatchingOnly,NegativeMismatch,ConceptualMatch:physical,,0.13947343826293945,0.30572897,0.32556373
93,smelly,floral,physical-negative,physical-positive,ConceptualMatchingOnly,NegativeMismatch,ConceptualMatch:physical,,0.10684455186128616,0.40565348,0.31677032
94,smelly,oceanic,physical-negative,physical-positive,ConceptualMatchingOnly,NegativeMismatch,ConceptualMatch:physical,,0.06579485535621643,0.30349588,0.20134404
95,smelly,decorative,physical-negative,physical-positive,ConceptualMatchingOnly,NegativeMismatch,ConceptualMatch:physical,,0.08084557205438614,0.31933323,0.27867025
96,smelly,nutritious,physical-negative,physical-positive,ConceptualMatchingOnly,NegativeMismatch,ConceptualMatch:physical,,0.19048161804676056,0.35528213,0.46856928
97,smelly,homemade,physical-negative,physical-positive,ConceptualMatchingOnly,NegativeMismatch,ConceptualMatch:physical,,0.2330208718776703,0.34265372,0.25931075
98,smelly,radiant,physical-negative,physical-positive,ConceptualMatchingOnly,NegativeMismatch,ConceptualMatch:physical,,0.07326240092515945,0.16431093,0.22259656
99,smelly,newborn,physical-negative,physical-positive,ConceptualMatchingOnly,NegativeMismatch,ConceptualMatch:physical,,0.12017492949962616,0.2784301,0.2683928
100,brotherly,insulting,social-positive,social-negative,ConceptualMatchingOnly,PositiveMismatch,ConceptualMatch:social,,0.20366039872169495,0.26377577,0.23793873
101,brotherly,greedy,social-positive,social-negative,ConceptualMatchingOnly,PositiveMismatch,ConceptualMatch:social,,0.09012062102556229,0.14996931,0.31115508
102,brotherly,grumpy,social-positive,social-negative,ConceptualMatchingOnly,PositiveMismatch,ConceptualMatch:social,,0.14124137163162231,0.34971273,0.25426704
103,brotherly,heartbroken,social-positive,social-negative,ConceptualMatchingOnly,PositiveMismatch,ConceptualMatch:social,,0.13739275932312012,0.2713847,0.2992849
104,brotherly,racist,social-positive,social-negative,ConceptualMatchingOnly,PositiveMismatch,ConceptualMatch:social,,0.10572554916143417,0.2224156,0.244181
105,brotherly,dreaded,social-positive,social-negative,ConceptualMatchingOnly,PositiveMismatch,ConceptualMatch:social,,0.030640654265880585,0.35007602,0.30268735
106,brotherly,humiliating,social-positive,social-negative,ConceptualMatchingOnly,PositiveMismatch,ConceptualMatch:social,,0.13249899446964264,0.18448958,0.33196715
107,brotherly,stingy,social-positive,social-negative,ConceptualMatchingOnly,PositiveMismatch,ConceptualMatch:social,,0.08459687232971191,0.28000697,0.30532748
108,brotherly,infuriating,social-positive,social-negative,ConceptualMatchingOnly,PositiveMismatch,ConceptualMatch:social,,0.058091308921575546,0.26160768,0.24949548
109,brotherly,hateful,social-positive,social-negative,ConceptualMatchingOnly,PositiveMismatch,ConceptualMatch:social,,0.20480374991893768,0.36849105,0.36968282
110,joyful,insulting,social-positive,social-negative,ConceptualMatchingOnly,PositiveMismatch,ConceptualMatch:social,,0.10251142084598541,0.2204526,0.26705647
111,joyful,greedy,social-positive,social-negative,ConceptualMatchingOnly,PositiveMismatch,ConceptualMatch:social,,0.07571381330490112,0.2001459,0.34344518
112,joyful,grumpy,social-positive,social-negative,ConceptualMatchingOnly,PositiveMismatch,ConceptualMatch:social,,0.2834234833717346,0.4075315,0.41824126
113,joyful,heartbroken,social-positive,social-negative,ConceptualMatchingOnly,PositiveMismatch,ConceptualMatch:social,,0.34974440932273865,0.32240704,0.4181882
114,joyful,racist,social-positive,social-negative,ConceptualMatchingOnly,PositiveMismatch,ConceptualMatch:social,,0.05319490283727646,0.19592637,0.29119784
115,joyful,dreaded,social-positive,social-negative,ConceptualMatchingOnly,PositiveMismatch,ConceptualMatch:social,,0.11795351654291153,0.40857965,0.37275767
116,joyful,humiliating,social-positive,social-negative,ConceptualMatchingOnly,PositiveMismatch,ConceptualMatch:social,,0.2271548956632614,0.24557412,0.37890345
117,joyful,stingy,social-positive,social-negative,ConceptualMatchingOnly,PositiveMismatch,ConceptualMatch:social,,0.0910259559750557,0.34378377,0.28345042
118,joyful,infuriating,social-positive,social-negative,ConceptualMatchingOnly,PositiveMismatch,ConceptualMatch:social,,0.23860479891300201,0.39753526,0.33556917
119,joyful,hateful,social-positive,social-negative,ConceptualMatchingOnly,PositiveMismatch,ConceptualMatch:social,,0.2690104842185974,0.39117092,0.5728137
120,cheerful,insulting,social-positive,social-negative,ConceptualMatchingOnly,PositiveMismatch,ConceptualMatch:social,,0.13227464258670807,0.1835098,0.26337504
121,cheerful,greedy,social-positive,social-negative,ConceptualMatchingOnly,PositiveMismatch,ConceptualMatch:social,,0.16426561772823334,0.22157909,0.3641864
122,cheerful,grumpy,social-positive,social-negative,ConceptualMatchingOnly,PositiveMismatch,ConceptualMatch:social,,0.5019267797470093,0.43908593,0.54406244
123,cheerful,heartbroken,social-positive,social-negative,ConceptualMatchingOnly,PositiveMismatch,ConceptualMatch:social,,0.20543016493320465,0.2724046,0.36111087
124,cheerful,racist,social-positive,social-negative,ConceptualMatchingOnly,PositiveMismatch,ConceptualMatch:social,,0.09603255987167358,0.17869481,0.3167402
125,cheerful,dreaded,social-positive,social-negative,ConceptualMatchingOnly,PositiveMismatch,ConceptualMatch:social,,0.1427070051431656,0.35273242,0.31586242
126,cheerful,humiliating,social-positive,social-negative,ConceptualMatchingOnly,PositiveMismatch,ConceptualMatch:social,,0.10719939321279526,0.17745358,0.2478734
127,cheerful,stingy,social-positive,social-negative,ConceptualMatchingOnly,PositiveMismatch,ConceptualMatch:social,,0.21025781333446503,0.3018281,0.33636373
128,cheerful,infuriating,social-positive,social-negative,ConceptualMatchingOnly,PositiveMismatch,ConceptualMatch:social,,0.1824379861354828,0.3605377,0.25068355
129,cheerful,hateful,social-positive,social-negative,ConceptualMatchingOnly,PositiveMismatch,ConceptualMatch:social,,0.23055733740329742,0.33225712,0.40559393
130,easygoing,insulting,social-positive,social-negative,ConceptualMatchingOnly,PositiveMismatch,ConceptualMatch:social,,0.12636329233646393,0.3312463,0.25856572
131,easygoing,greedy,social-positive,social-negative,ConceptualMatchingOnly,PositiveMismatch,ConceptualMatch:social,,0.15031218528747559,0.24334815,0.25711444
132,easygoing,grumpy,social-positive,social-negative,ConceptualMatchingOnly,PositiveMismatch,ConceptualMatch:social,,0.4198044538497925,0.4281851,0.44090265
133,easygoing,heartbroken,social-positive,social-negative,ConceptualMatchingOnly,PositiveMismatch,ConceptualMatch:social,,0.19366616010665894,0.20873418,0.14919952
134,easygoing,racist,social-positive,social-negative,ConceptualMatchingOnly,PositiveMismatch,ConceptualMatch:social,,0.0858854204416275,0.28352177,0.25286585
135,easygoing,dreaded,social-positive,social-negative,ConceptualMatchingOnly,PositiveMismatch,ConceptualMatch:social,,0.018479065969586372,0.22193547,0.22401622
136,easygoing,humiliating,social-positive,social-negative,ConceptualMatchingOnly,PositiveMismatch,ConceptualMatch:social,,0.06516699492931366,0.13894664,0.2007762
137,easygoing,stingy,social-positive,social-negative,ConceptualMatchingOnly,PositiveMismatch,ConceptualMatch:social,,0.2097334861755371,0.22904249,0.3875556
138,easygoing,infuriating,social-positive,social-negative,ConceptualMatchingOnly,PositiveMismatch,ConceptualMatch:social,,0.17342130839824677,0.21627411,0.15910275
139,easygoing,hateful,social-positive,social-negative,ConceptualMatchingOnly,PositiveMismatch,ConceptualMatch:social,,0.17924441397190094,0.34259555,0.2757381
140,carefree,insulting,social-positive,social-negative,ConceptualMatchingOnly,PositiveMismatch,ConceptualMatch:social,,0.03012312389910221,0.1565551,0.09008647
141,carefree,greedy,social-positive,social-negative,ConceptualMatchingOnly,PositiveMismatch,ConceptualMatch:social,,0.18231920897960663,0.2216043,0.22006378
142,carefree,grumpy,social-positive,social-negative,ConceptualMatchingOnly,PositiveMismatch,ConceptualMatch:social,,0.3616001307964325,0.28689814,0.40381604
143,carefree,heartbroken,social-positive,social-negative,ConceptualMatchingOnly,PositiveMismatch,ConceptualMatch:social,,0.3042581081390381,0.19659519,0.30344075
144,carefree,racist,social-positive,social-negative,ConceptualMatchingOnly,PositiveMismatch,ConceptualMatch:social,,0.05797212943434715,0.23661685,0.14367154
145,carefree,dreaded,social-positive,social-negative,ConceptualMatchingOnly,PositiveMismatch,ConceptualMatch:social,,0.182001531124115,0.22786008,0.25034827
146,carefree,humiliating,social-positive,social-negative,ConceptualMatchingOnly,PositiveMismatch,ConceptualMatch:social,,0.1409125179052353,0.14436689,0.09937696
147,carefree,stingy,social-positive,social-negative,ConceptualMatchingOnly,PositiveMismatch,ConceptualMatch:social,,0.12705369293689728,0.22023842,0.33238626
148,carefree,infuriating,social-positive,social-negative,ConceptualMatchingOnly,PositiveMismatch,ConceptualMatch:social,,0.14420060813426971,0.20690277,0.12519799
149,carefree,hateful,social-positive,social-negative,ConceptualMatchingOnly,PositiveMismatch,ConceptualMatch:social,,0.163793683052063,0.3100186,0.24124792
150,hilarious,insulting,social-positive,social-negative,ConceptualMatchingOnly,PositiveMismatch,ConceptualMatch:social,,0.3142976462841034,0.3780021,0.42854917
151,hilarious,greedy,social-positive,social-negative,ConceptualMatchingOnly,PositiveMismatch,ConceptualMatch:social,,0.14626561105251312,0.26206613,0.2574486
152,hilarious,grumpy,social-positive,social-negative,ConceptualMatchingOnly,PositiveMismatch,ConceptualMatch:social,,0.36849749088287354,0.33137774,0.24690688
153,hilarious,heartbroken,social-positive,social-negative,ConceptualMatchingOnly,PositiveMismatch,ConceptualMatch:social,,0.2254095822572708,0.24408576,0.22976206
154,hilarious,racist,social-positive,social-negative,ConceptualMatchingOnly,PositiveMismatch,ConceptualMatch:social,,0.2661278247833252,0.33991718,0.36955535
155,hilarious,dreaded,social-positive,social-negative,ConceptualMatchingOnly,PositiveMismatch,ConceptualMatch:social,,0.1334221512079239,0.27082884,0.16707875
156,hilarious,humiliating,social-positive,social-negative,ConceptualMatchingOnly,PositiveMismatch,ConceptualMatch:social,,0.3123001456260681,0.3670295,0.36645997
157,hilarious,stingy,social-positive,social-negative,ConceptualMatchingOnly,PositiveMismatch,ConceptualMatch:social,,0.09070707112550735,0.2589363,0.18736464
158,hilarious,infuriating,social-positive,social-negative,ConceptualMatchingOnly,PositiveMismatch,ConceptualMatch:social,,0.45146307349205017,0.29609656,0.36047727
159,hilarious,hateful,social-positive,social-negative,ConceptualMatchingOnly,PositiveMismatch,ConceptualMatch:social,,0.343657523393631,0.3198797,0.39575753
160,selfless,insulting,social-positive,social-negative,ConceptualMatchingOnly,PositiveMismatch,ConceptualMatch:social,,0.233701691031456,0.23789005,0.260594
161,selfless,greedy,social-positive,social-negative,ConceptualMatchingOnly,PositiveMismatch,ConceptualMatch:social,,0.3081173598766327,0.28083092,0.46893102
162,selfless,grumpy,social-positive,social-negative,ConceptualMatchingOnly,PositiveMismatch,ConceptualMatch:social,,0.1886066347360611,0.27624252,0.36628783
163,selfless,heartbroken,social-positive,social-negative,ConceptualMatchingOnly,PositiveMismatch,ConceptualMatch:social,,0.2796207070350647,0.20341304,0.30661276
164,selfless,racist,social-positive,social-negative,ConceptualMatchingOnly,PositiveMismatch,ConceptualMatch:social,,0.1654272973537445,0.27424622,0.2860595
165,selfless,dreaded,social-positive,social-negative,ConceptualMatchingOnly,PositiveMismatch,ConceptualMatch:social,,-0.0007102781673893332,0.18821593,0.29946148
166,selfless,humiliating,social-positive,social-negative,ConceptualMatchingOnly,PositiveMismatch,ConceptualMatch:social,,0.14285992085933685,0.23355396,0.31129497
167,selfless,stingy,social-positive,social-negative,ConceptualMatchingOnly,PositiveMismatch,ConceptualMatch:social,,0.2575644254684448,0.2612958,0.42348725
168,selfless,infuriating,social-positive,social-negative,ConceptualMatchingOnly,PositiveMismatch,ConceptualMatch:social,,0.1859458088874817,0.24986787,0.25078264
169,selfless,hateful,social-positive,social-negative,ConceptualMatchingOnly,PositiveMismatch,ConceptualMatch:social,,0.2780035436153412,0.43306124,0.4541872
170,dependable,insulting,social-positive,social-negative,ConceptualMatchingOnly,PositiveMismatch,ConceptualMatch:social,,-0.026850512251257896,0.26271594,0.2105914
171,dependable,greedy,social-positive,social-negative,ConceptualMatchingOnly,PositiveMismatch,ConceptualMatch:social,,0.10719335824251175,0.2735125,0.23154327
172,dependable,grumpy,social-positive,social-negative,ConceptualMatchingOnly,PositiveMismatch,ConceptualMatch:social,,0.22586728632450104,0.2866367,0.32232538
173,dependable,heartbroken,social-positive,social-negative,ConceptualMatchingOnly,PositiveMismatch,ConceptualMatch:social,,0.07397643476724625,0.23919865,0.23894052
174,dependable,racist,social-positive,social-negative,ConceptualMatchingOnly,PositiveMismatch,ConceptualMatch:social,,-0.05494549497961998,0.17827271,0.25289464
175,dependable,dreaded,social-positive,social-negative,ConceptualMatchingOnly,PositiveMismatch,ConceptualMatch:social,,0.11528313159942627,0.25229123,0.25629807
176,dependable,humiliating,social-positive,social-negative,ConceptualMatchingOnly,PositiveMismatch,ConceptualMatch:social,,-0.002497549867257476,0.13594943,0.21026173
177,dependable,stingy,social-positive,social-negative,ConceptualMatchingOnly,PositiveMismatch,ConceptualMatch:social,,0.28014373779296875,0.31948406,0.40538728
178,dependable,infuriating,social-positive,social-negative,ConceptualMatchingOnly,PositiveMismatch,ConceptualMatch:social,,0.13634434342384338,0.25506958,0.26421943
179,dependable,hateful,social-positive,social-negative,ConceptualMatchingOnly,PositiveMismatch,ConceptualMatch:social,,-0.01339688804000616,0.33905584,0.32450974
180,courageous,insulting,social-positive,social-negative,ConceptualMatchingOnly,PositiveMismatch,ConceptualMatch:social,,0.20342375338077545,0.29011673,0.31220388
181,courageous,greedy,social-positive,social-negative,ConceptualMatchingOnly,PositiveMismatch,ConceptualMatch:social,,0.19890828430652618,0.24210653,0.3922705
182,courageous,grumpy,social-positive,social-negative,ConceptualMatchingOnly,PositiveMismatch,ConceptualMatch:social,,0.18502727150917053,0.3477621,0.34519854
183,courageous,heartbroken,social-positive,social-negative,ConceptualMatchingOnly,PositiveMismatch,ConceptualMatch:social,,0.24053944647312164,0.31297982,0.28950942
184,courageous,racist,social-positive,social-negative,ConceptualMatchingOnly,PositiveMismatch,ConceptualMatch:social,,0.1684446483850479,0.24705797,0.33696526
185,courageous,dreaded,social-positive,social-negative,ConceptualMatchingOnly,PositiveMismatch,ConceptualMatch:social,,0.022609777748584747,0.33263636,0.29408962
186,courageous,humiliating,social-positive,social-negative,ConceptualMatchingOnly,PositiveMismatch,ConceptualMatch:social,,0.23063573241233826,0.3115176,0.40947732
187,courageous,stingy,social-positive,social-negative,ConceptualMatchingOnly,PositiveMismatch,ConceptualMatch:social,,0.15764859318733215,0.24075808,0.4044421
188,courageous,infuriating,social-positive,social-negative,ConceptualMatchingOnly,PositiveMismatch,ConceptualMatch:social,,0.2080710232257843,0.3449946,0.25533497
189,courageous,hateful,social-positive,social-negative,ConceptualMatchingOnly,PositiveMismatch,ConceptualMatch:social,,0.28606539964675903,0.37634403,0.41134316
190,witty,insulting,social-positive,social-negative,ConceptualMatchingOnly,PositiveMismatch,ConceptualMatch:social,,0.25422272086143494,0.51298714,0.4165364
191,witty,greedy,social-positive,social-negative,ConceptualMatchingOnly,PositiveMismatch,ConceptualMatch:social,,0.10508531332015991,0.28410998,0.30880147
192,witty,grumpy,social-positive,social-negative,ConceptualMatchingOnly,PositiveMismatch,ConceptualMatch:social,,0.3248462677001953,0.38913673,0.30736274
193,witty,heartbroken,social-positive,social-negative,ConceptualMatchingOnly,PositiveMismatch,ConceptualMatch:social,,0.11764571815729141,0.23824722,0.17830494
194,witty,racist,social-positive,social-negative,ConceptualMatchingOnly,PositiveMismatch,ConceptualMatch:social,,0.18207891285419464,0.3171665,0.3365106
195,witty,dreaded,social-positive,social-negative,ConceptualMatchingOnly,PositiveMismatch,ConceptualMatch:social,,0.012684968300163746,0.23106119,0.26405263
196,witty,humiliating,social-positive,social-negative,ConceptualMatchingOnly,PositiveMismatch,ConceptualMatch:social,,0.11902639269828796,0.3328062,0.2942825
197,witty,stingy,social-positive,social-negative,ConceptualMatchingOnly,PositiveMismatch,ConceptualMatch:social,,0.130045548081398,0.41805983,0.32154715
198,witty,infuriating,social-positive,social-negative,ConceptualMatchingOnly,PositiveMismatch,ConceptualMatch:social,,0.24771451950073242,0.32436225,0.25665566
199,witty,hateful,social-positive,social-negative,ConceptualMatchingOnly,PositiveMismatch,ConceptualMatch:social,,0.29597175121307373,0.36256546,0.3782127
200,moldy,nauseous,physical-negative,physical-negative,MaxMatch,NegativeMatch,PhysicalMatch,,0.3405918478965759,0.3354452,0.43389112
201,moldy,excruciating,physical-negative,physical-negative,MaxMatch,NegativeMatch,PhysicalMatch,,0.13408586382865906,0.2691016,0.23792899
202,moldy,comatose,physical-negative,physical-negative,MaxMatch,NegativeMatch,PhysicalMatch,,0.16602623462677002,0.32840928,0.34403494
203,moldy,obese,physical-negative,physical-negative,MaxMatch,NegativeMatch,PhysicalMatch,,0.16508300602436066,0.26104212,0.45276457
204,moldy,lifeless,physical-negative,physical-negative,MaxMatch,NegativeMatch,PhysicalMatch,,0.3316976726055145,0.26421124,0.358819
205,moldy,rancid,physical-negative,physical-negative,MaxMatch,NegativeMatch,PhysicalMatch,,0.5636772513389587,0.24670547,0.44967946
206,moldy,seasick,physical-negative,physical-negative,MaxMatch,NegativeMatch,PhysicalMatch,,0.2518649697303772,0.2672099,0.44421494
207,moldy,itchy,physical-negative,physical-negative,MaxMatch,NegativeMatch,PhysicalMatch,,0.30810773372650146,0.40796497,0.4501266
208,moldy,smelly,physical-negative,physical-negative,MaxMatch,NegativeMatch,PhysicalMatch,,0.5596761703491211,0.5678446,0.6649051
209,nauseous,excruciating,physical-negative,physical-negative,MaxMatch,NegativeMatch,PhysicalMatch,,0.3335329294204712,0.22106676,0.29537022
210,nauseous,comatose,physical-negative,physical-negative,MaxMatch,NegativeMatch,PhysicalMatch,,0.2894539535045624,0.40553916,0.3943293
211,nauseous,obese,physical-negative,physical-negative,MaxMatch,NegativeMatch,PhysicalMatch,,0.2194567769765854,0.25315034,0.40043348
212,nauseous,lifeless,physical-negative,physical-negative,MaxMatch,NegativeMatch,PhysicalMatch,,0.36315858364105225,0.2551694,0.32708037
213,nauseous,rancid,physical-negative,physical-negative,MaxMatch,NegativeMatch,PhysicalMatch,,0.34084439277648926,0.19952166,0.44344527
214,nauseous,seasick,physical-negative,physical-negative,MaxMatch,NegativeMatch,PhysicalMatch,,0.5713610053062439,0.4918843,0.5233033
215,nauseous,itchy,physical-negative,physical-negative,MaxMatch,NegativeMatch,PhysicalMatch,,0.4650469720363617,0.37097532,0.3315829
216,nauseous,smelly,physical-negative,physical-negative,MaxMatch,NegativeMatch,PhysicalMatch,,0.3617918789386749,0.44054893,0.56143636
217,excruciating,comatose,physical-negative,physical-negative,MaxMatch,NegativeMatch,PhysicalMatch,,0.25689420104026794,0.19270653,0.28556883
218,excruciating,obese,physical-negative,physical-negative,MaxMatch,NegativeMatch,PhysicalMatch,,0.14822973310947418,0.18825698,0.2244103
219,excruciating,lifeless,physical-negative,physical-negative,MaxMatch,NegativeMatch,PhysicalMatch,,0.3094768226146698,0.20368546,0.18782428
220,excruciating,rancid,physical-negative,physical-negative,MaxMatch,NegativeMatch,PhysicalMatch,,0.2765803933143616,0.270331,0.25935546
221,excruciating,seasick,physical-negative,physical-negative,MaxMatch,NegativeMatch,PhysicalMatch,,0.22502095997333527,0.21685922,0.2086256
222,excruciating,itchy,physical-negative,physical-negative,MaxMatch,NegativeMatch,PhysicalMatch,,0.2690054476261139,0.27295974,0.2644245
223,excruciating,smelly,physical-negative,physical-negative,MaxMatch,NegativeMatch,PhysicalMatch,,0.19906482100486755,0.23017576,0.28137386
224,comatose,obese,physical-negative,physical-negative,MaxMatch,NegativeMatch,PhysicalMatch,,0.18889914453029633,0.30684403,0.42263222
225,comatose,lifeless,physical-negative,physical-negative,MaxMatch,NegativeMatch,PhysicalMatch,,0.5088030099868774,0.43451944,0.5766902
226,comatose,rancid,physical-negative,physical-negative,MaxMatch,NegativeMatch,PhysicalMatch,,0.23203492164611816,0.19874516,0.43385231
227,comatose,seasick,physical-negative,physical-negative,MaxMatch,NegativeMatch,PhysicalMatch,,0.17071908712387085,0.25365013,0.3545897
228,comatose,itchy,physical-negative,physical-negative,MaxMatch,NegativeMatch,PhysicalMatch,,0.11389968544244766,0.24076363,0.121382385
229,comatose,smelly,physical-negative,physical-negative,MaxMatch,NegativeMatch,PhysicalMatch,,0.14814908802509308,0.2040983,0.30632967
230,obese,lifeless,physical-negative,physical-negative,MaxMatch,NegativeMatch,PhysicalMatch,,0.12685951590538025,0.22936976,0.40899825
231,obese,rancid,physical-negative,physical-negative,MaxMatch,NegativeMatch,PhysicalMatch,,0.14197729527950287,0.16536121,0.44619483
232,obese,seasick,physical-negative,physical-negative,MaxMatch,NegativeMatch,PhysicalMatch,,0.1548946350812912,0.17874514,0.32034728
233,obese,itchy,physical-negative,physical-negative,MaxMatch,NegativeMatch,PhysicalMatch,,0.11307460814714432,0.18323243,0.25681758
234,obese,smelly,physical-negative,physical-negative,MaxMatch,NegativeMatch,PhysicalMatch,,0.1686263531446457,0.3139679,0.5033132
235,lifeless,rancid,physical-negative,physical-negative,MaxMatch,NegativeMatch,PhysicalMatch,,0.3249182403087616,0.26160485,0.33267105
236,lifeless,seasick,physical-negative,physical-negative,MaxMatch,NegativeMatch,PhysicalMatch,,0.2091347575187683,0.20609647,0.2816982
237,lifeless,itchy,physical-negative,physical-negative,MaxMatch,NegativeMatch,PhysicalMatch,,0.19302038848400116,0.18372783,0.12900649
238,lifeless,smelly,physical-negative,physical-negative,MaxMatch,NegativeMatch,PhysicalMatch,,0.27338823676109314,0.28038567,0.33341053
239,rancid,seasick,physical-negative,physical-negative,MaxMatch,NegativeMatch,PhysicalMatch,,0.21544887125492096,0.23237464,0.38578075
240,rancid,itchy,physical-negative,physical-negative,MaxMatch,NegativeMatch,PhysicalMatch,,0.2079544961452484,0.18055022,0.32851326
241,rancid,smelly,physical-negative,physical-negative,MaxMatch,NegativeMatch,PhysicalMatch,,0.4974434971809387,0.24834874,0.53428406
242,seasick,itchy,physical-negative,physical-negative,MaxMatch,NegativeMatch,PhysicalMatch,,0.38200312852859497,0.49657682,0.3860892
243,seasick,smelly,physical-negative,physical-negative,MaxMatch,NegativeMatch,PhysicalMatch,,0.30602186918258667,0.4114511,0.44817472
244,itchy,smelly,physical-negative,physical-negative,MaxMatch,NegativeMatch,PhysicalMatch,,0.467609703540802,0.51999635,0.47449723
245,insulting,greedy,social-negative,social-negative,MaxMatch,NegativeMatch,SocialMatch,,0.24578356742858887,0.24967176,0.29051322
246,insulting,grumpy,social-negative,social-negative,MaxMatch,NegativeMatch,SocialMatch,,0.30028045177459717,0.280984,0.33622724
247,insulting,heartbroken,social-negative,social-negative,MaxMatch,NegativeMatch,SocialMatch,,0.16001233458518982,0.18438496,0.23125328
248,insulting,racist,social-negative,social-negative,MaxMatch,NegativeMatch,SocialMatch,,0.5893634557723999,0.4893334,0.5092273
249,insulting,dreaded,social-negative,social-negative,MaxMatch,NegativeMatch,SocialMatch,,0.0799676701426506,0.29865584,0.20260957
250,insulting,humiliating,social-negative,social-negative,MaxMatch,NegativeMatch,SocialMatch,,0.4677218198776245,0.4440729,0.56665444
251,insulting,stingy,social-negative,social-negative,MaxMatch,NegativeMatch,SocialMatch,,0.227861225605011,0.31532848,0.21309283
252,insulting,infuriating,social-negative,social-negative,MaxMatch,NegativeMatch,SocialMatch,,0.42427197098731995,0.29399788,0.418368
253,insulting,hateful,social-negative,social-negative,MaxMatch,NegativeMatch,SocialMatch,,0.5098894238471985,0.5201244,0.48493844
254,greedy,grumpy,social-negative,social-negative,MaxMatch,NegativeMatch,SocialMatch,,0.4044269323348999,0.22019362,0.3745711
255,greedy,heartbroken,social-negative,social-negative,MaxMatch,NegativeMatch,SocialMatch,,0.2401452660560608,0.26201326,0.24751475
256,greedy,racist,social-negative,social-negative,MaxMatch,NegativeMatch,SocialMatch,,0.2619500756263733,0.34438252,0.43685025
257,greedy,dreaded,social-negative,social-negative,MaxMatch,NegativeMatch,SocialMatch,,0.07789228856563568,0.24451688,0.27228016
258,greedy,humiliating,social-negative,social-negative,MaxMatch,NegativeMatch,SocialMatch,,0.13980311155319214,0.22062582,0.33247972
259,greedy,stingy,social-negative,social-negative,MaxMatch,NegativeMatch,SocialMatch,,0.37573620676994324,0.2550335,0.6556201
260,greedy,infuriating,social-negative,social-negative,MaxMatch,NegativeMatch,SocialMatch,,0.29390308260917664,0.2317754,0.31589732
261,greedy,hateful,social-negative,social-negative,MaxMatch,NegativeMatch,SocialMatch,,0.3091922402381897,0.28324026,0.47033447
262,grumpy,heartbroken,social-negative,social-negative,MaxMatch,NegativeMatch,SocialMatch,,0.2617312967777252,0.3723796,0.39235196
263,grumpy,racist,social-negative,social-negative,MaxMatch,NegativeMatch,SocialMatch,,0.253656804561615,0.31103557,0.3197899
264,grumpy,dreaded,social-negative,social-negative,MaxMatch,NegativeMatch,SocialMatch,,0.23186489939689636,0.2889618,0.38531363
265,grumpy,humiliating,social-negative,social-negative,MaxMatch,NegativeMatch,SocialMatch,,0.21588274836540222,0.28831616,0.26975685
266,grumpy,stingy,social-negative,social-negative,MaxMatch,NegativeMatch,SocialMatch,,0.30072277784347534,0.36117333,0.4310545
267,grumpy,infuriating,social-negative,social-negative,MaxMatch,NegativeMatch,SocialMatch,,0.3645049035549164,0.34743795,0.309192
268,grumpy,hateful,social-negative,social-negative,MaxMatch,NegativeMatch,SocialMatch,,0.29872357845306396,0.3833416,0.44174266
269,heartbroken,racist,social-negative,social-negative,MaxMatch,NegativeMatch,SocialMatch,,0.18608863651752472,0.20647508,0.18858168
270,heartbroken,dreaded,social-negative,social-negative,MaxMatch,NegativeMatch,SocialMatch,,0.07745102792978287,0.2918465,0.3030639
271,heartbroken,humiliating,social-negative,social-negative,MaxMatch,NegativeMatch,SocialMatch,,0.2597193419933319,0.15598829,0.27795047
272,heartbroken,stingy,social-negative,social-negative,MaxMatch,NegativeMatch,SocialMatch,,0.1385575234889984,0.2584916,0.18329114
273,heartbroken,infuriating,social-negative,social-negative,MaxMatch,NegativeMatch,SocialMatch,,0.24902616441249847,0.29968327,0.32170853
274,heartbroken,hateful,social-negative,social-negative,MaxMatch,NegativeMatch,SocialMatch,,0.28154030442237854,0.25920835,0.2827408
275,racist,dreaded,social-negative,social-negative,MaxMatch,NegativeMatch,SocialMatch,,0.06141112744808197,0.19694316,0.24530277
276,racist,humiliating,social-negative,social-negative,MaxMatch,NegativeMatch,SocialMatch,,0.3248412609100342,0.3635549,0.2829613
277,racist,stingy,social-negative,social-negative,MaxMatch,NegativeMatch,SocialMatch,,0.10660732537508011,0.28572845,0.2958067
278,racist,infuriating,social-negative,social-negative,MaxMatch,NegativeMatch,SocialMatch,,0.2844611406326294,0.23914675,0.26144755
279,racist,hateful,social-negative,social-negative,MaxMatch,NegativeMatch,SocialMatch,,0.6945871710777283,0.46437192,0.5451304
280,dreaded,humiliating,social-negative,social-negative,MaxMatch,NegativeMatch,SocialMatch,,0.2903755009174347,0.3128435,0.2793367
281,dreaded,stingy,social-negative,social-negative,MaxMatch,NegativeMatch,SocialMatch,,0.1033262386918068,0.33099502,0.25550967
282,dreaded,infuriating,social-negative,social-negative,MaxMatch,NegativeMatch,SocialMatch,,0.22334569692611694,0.4243171,0.23921497
283,dreaded,hateful,social-negative,social-negative,MaxMatch,NegativeMatch,SocialMatch,,0.147951140999794,0.39492363,0.40879303
284,humiliating,stingy,social-negative,social-negative,MaxMatch,NegativeMatch,SocialMatch,,0.11685072630643845,0.289076,0.2768972
285,humiliating,infuriating,social-negative,social-negative,MaxMatch,NegativeMatch,SocialMatch,,0.4402105212211609,0.35064107,0.42119336
286,humiliating,hateful,social-negative,social-negative,MaxMatch,NegativeMatch,SocialMatch,,0.2675853371620178,0.3990839,0.3645083
287,stingy,infuriating,social-negative,social-negative,MaxMatch,NegativeMatch,SocialMatch,,0.2574573755264282,0.3252315,0.23104085
288,stingy,hateful,social-negative,social-negative,MaxMatch,NegativeMatch,SocialMatch,,0.1556149423122406,0.3582719,0.39483288
289,infuriating,hateful,social-negative,social-negative,MaxMatch,NegativeMatch,SocialMatch,,0.32684236764907837,0.35577893,0.4334883
290,fluffy,sunny,physical-positive,physical-positive,MaxMatch,PositiveMatch,PhysicalMatch,,0.27900055050849915,0.47530204,0.36998197
291,fluffy,blooming,physical-positive,physical-positive,MaxMatch,PositiveMatch,PhysicalMatch,,0.2260286509990692,0.32759553,0.2068004
292,fluffy,floral,physical-positive,physical-positive,MaxMatch,PositiveMatch,PhysicalMatch,,0.25925499200820923,0.32117927,0.2639309
293,fluffy,oceanic,physical-positive,physical-positive,MaxMatch,PositiveMatch,PhysicalMatch,,0.16074886918067932,0.30641013,0.2181882
294,fluffy,decorative,physical-positive,physical-positive,MaxMatch,PositiveMatch,PhysicalMatch,,0.266659677028656,0.40450937,0.27296907
295,fluffy,nutritious,physical-positive,physical-positive,MaxMatch,PositiveMatch,PhysicalMatch,,0.2195490300655365,0.3330259,0.33645898
296,fluffy,homemade,physical-positive,physical-positive,MaxMatch,PositiveMatch,PhysicalMatch,,0.2736109495162964,0.31323576,0.19369921
297,fluffy,radiant,physical-positive,physical-positive,MaxMatch,PositiveMatch,PhysicalMatch,,0.24817794561386108,0.34114075,0.22141796
298,fluffy,newborn,physical-positive,physical-positive,MaxMatch,PositiveMatch,PhysicalMatch,,0.18945705890655518,0.31472504,0.28186
299,sunny,blooming,physical-positive,physical-positive,MaxMatch,PositiveMatch,PhysicalMatch,,0.3555769920349121,0.3841045,0.32963604
300,sunny,floral,physical-positive,physical-positive,MaxMatch,PositiveMatch,PhysicalMatch,,0.22588606178760529,0.2969578,0.32423946
301,sunny,oceanic,physical-positive,physical-positive,MaxMatch,PositiveMatch,PhysicalMatch,,0.1770324409008026,0.3516947,0.30601624
302,sunny,decorative,physical-positive,physical-positive,MaxMatch,PositiveMatch,PhysicalMatch,,0.14038199186325073,0.23452985,0.25137907
303,sunny,nutritious,physical-positive,physical-positive,MaxMatch,PositiveMatch,PhysicalMatch,,0.13467371463775635,0.29554442,0.33391958
304,sunny,homemade,physical-positive,physical-positive,MaxMatch,PositiveMatch,PhysicalMatch,,0.10782691091299057,0.22732052,0.14537194
305,sunny,radiant,physical-positive,physical-positive,MaxMatch,PositiveMatch,PhysicalMatch,,0.3243272602558136,0.56857896,0.3927281
306,sunny,newborn,physical-positive,physical-positive,MaxMatch,PositiveMatch,PhysicalMatch,,0.12549848854541779,0.24869429,0.17975232
307,blooming,floral,physical-positive,physical-positive,MaxMatch,PositiveMatch,PhysicalMatch,,0.4121277630329132,0.5619134,0.58606184
308,blooming,oceanic,physical-positive,physical-positive,MaxMatch,PositiveMatch,PhysicalMatch,,0.09555775672197342,0.31293997,0.16181485
309,blooming,decorative,physical-positive,physical-positive,MaxMatch,PositiveMatch,PhysicalMatch,,0.23770521581172943,0.41051435,0.40028232
310,blooming,nutritious,physical-positive,physical-positive,MaxMatch,PositiveMatch,PhysicalMatch,,0.14048543572425842,0.31273937,0.3170147
311,blooming,homemade,physical-positive,physical-positive,MaxMatch,PositiveMatch,PhysicalMatch,,0.058402810245752335,0.30171126,0.13365993
312,blooming,radiant,physical-positive,physical-positive,MaxMatch,PositiveMatch,PhysicalMatch,,0.2730843126773834,0.33485118,0.3582797
313,blooming,newborn,physical-positive,physical-positive,MaxMatch,PositiveMatch,PhysicalMatch,,0.1551973819732666,0.18753844,0.30744803
314,floral,oceanic,physical-positive,physical-positive,MaxMatch,PositiveMatch,PhysicalMatch,,0.21528692543506622,0.30579603,0.23454355
315,floral,decorative,physical-positive,physical-positive,MaxMatch,PositiveMatch,PhysicalMatch,,0.5569549798965454,0.5603434,0.4569135
316,floral,nutritious,physical-positive,physical-positive,MaxMatch,PositiveMatch,PhysicalMatch,,0.17047475278377533,0.2721557,0.29445034
317,floral,homemade,physical-positive,physical-positive,MaxMatch,PositiveMatch,PhysicalMatch,,0.2500600516796112,0.29924756,0.25210103
318,floral,radiant,physical-positive,physical-positive,MaxMatch,PositiveMatch,PhysicalMatch,,0.27133265137672424,0.25915328,0.30851737
319,floral,newborn,physical-positive,physical-positive,MaxMatch,PositiveMatch,PhysicalMatch,,0.11666654050350189,0.22685155,0.25971404
320,oceanic,decorative,physical-positive,physical-positive,MaxMatch,PositiveMatch,PhysicalMatch,,0.08397281914949417,0.20997939,0.1891125
321,oceanic,nutritious,physical-positive,physical-positive,MaxMatch,PositiveMatch,PhysicalMatch,,0.06534338742494583,0.20800525,0.23805305
322,oceanic,homemade,physical-positive,physical-positive,MaxMatch,PositiveMatch,PhysicalMatch,,-0.03447125852108002,0.21800455,0.14421615
323,oceanic,radiant,physical-positive,physical-positive,MaxMatch,PositiveMatch,PhysicalMatch,,0.21488507091999054,0.31385133,0.33646995
324,oceanic,newborn,physical-positive,physical-positive,MaxMatch,PositiveMatch,PhysicalMatch,,0.08365415036678314,0.24636483,0.23506124
325,decorative,nutritious,physical-positive,physical-positive,MaxMatch,PositiveMatch,PhysicalMatch,,0.17864924669265747,0.2448273,0.3666113
326,decorative,homemade,physical-positive,physical-positive,MaxMatch,PositiveMatch,PhysicalMatch,,0.33835074305534363,0.40627718,0.31968766
327,decorative,radiant,physical-positive,physical-positive,MaxMatch,PositiveMatch,PhysicalMatch,,0.2827264070510864,0.38410363,0.3590123
328,decorative,newborn,physical-positive,physical-positive,MaxMatch,PositiveMatch,PhysicalMatch,,0.023392662405967712,0.22225389,0.23758025
329,nutritious,homemade,physical-positive,physical-positive,MaxMatch,PositiveMatch,PhysicalMatch,,0.25475478172302246,0.3843639,0.28684768
330,nutritious,radiant,physical-positive,physical-positive,MaxMatch,PositiveMatch,PhysicalMatch,,0.13921689987182617,0.19570324,0.33241814
331,nutritious,newborn,physical-positive,physical-positive,MaxMatch,PositiveMatch,PhysicalMatch,,0.12499155104160309,0.12307116,0.24069679
332,homemade,radiant,physical-positive,physical-positive,MaxMatch,PositiveMatch,PhysicalMatch,,0.08889830112457275,0.20038703,0.18439493
333,homemade,newborn,physical-positive,physical-positive,MaxMatch,PositiveMatch,PhysicalMatch,,0.12315551936626434,0.3178259,0.21849023
334,radiant,newborn,physical-positive,physical-positive,MaxMatch,PositiveMatch,PhysicalMatch,,0.21110853552818298,0.16392107,0.25113142
335,brotherly,joyful,social-positive,social-positive,MaxMatch,PositiveMatch,SocialMatch,,0.3039097189903259,0.42155987,0.33644027
336,brotherly,cheerful,social-positive,social-positive,MaxMatch,PositiveMatch,SocialMatch,,0.20342974364757538,0.2550705,0.25678715
337,brotherly,easygoing,social-positive,social-positive,MaxMatch,PositiveMatch,SocialMatch,,0.2780892848968506,0.25229752,0.29216546
338,brotherly,carefree,social-positive,social-positive,MaxMatch,PositiveMatch,SocialMatch,,0.14617827534675598,0.2483547,0.19910517
339,brotherly,hilarious,social-positive,social-positive,MaxMatch,PositiveMatch,SocialMatch,,0.22232221066951752,0.3167939,0.25148666
340,brotherly,selfless,social-positive,social-positive,MaxMatch,PositiveMatch,SocialMatch,,0.33532974123954773,0.25145748,0.53834605
341,brotherly,dependable,social-positive,social-positive,MaxMatch,PositiveMatch,SocialMatch,,0.1313716322183609,0.32514337,0.3488859
342,brotherly,courageous,social-positive,social-positive,MaxMatch,PositiveMatch,SocialMatch,,0.193375825881958,0.34475625,0.40977722
343,brotherly,witty,social-positive,social-positive,MaxMatch,PositiveMatch,SocialMatch,,0.20080354809761047,0.27035236,0.29299742
344,joyful,cheerful,social-positive,social-positive,MaxMatch,PositiveMatch,SocialMatch,,0.5811518430709839,0.551746,0.59716636
345,joyful,easygoing,social-positive,social-positive,MaxMatch,PositiveMatch,SocialMatch,,0.39028647541999817,0.26916945,0.3149559
346,joyful,carefree,social-positive,social-positive,MaxMatch,PositiveMatch,SocialMatch,,0.5462090969085693,0.25431764,0.41024917
347,joyful,hilarious,social-positive,social-positive,MaxMatch,PositiveMatch,SocialMatch,,0.37700262665748596,0.3378581,0.44210145
348,joyful,selfless,social-positive,social-positive,MaxMatch,PositiveMatch,SocialMatch,,0.34062549471855164,0.29795843,0.39720893
349,joyful,dependable,social-positive,social-positive,MaxMatch,PositiveMatch,SocialMatch,,0.19309596717357635,0.24832922,0.27443212
350,joyful,courageous,social-positive,social-positive,MaxMatch,PositiveMatch,SocialMatch,,0.28205403685569763,0.43426687,0.39080834
351,joyful,witty,social-positive,social-positive,MaxMatch,PositiveMatch,SocialMatch,,0.39308249950408936,0.37918547,0.3500998
352,cheerful,easygoing,social-positive,social-positive,MaxMatch,PositiveMatch,SocialMatch,,0.5142807364463806,0.41715142,0.499356
353,cheerful,carefree,social-positive,social-positive,MaxMatch,PositiveMatch,SocialMatch,,0.4921131134033203,0.26675242,0.4603866
354,cheerful,hilarious,social-positive,social-positive,MaxMatch,PositiveMatch,SocialMatch,,0.3360866904258728,0.22800031,0.3033053
355,cheerful,selfless,social-positive,social-positive,MaxMatch,PositiveMatch,SocialMatch,,0.33065661787986755,0.2985851,0.3670932
356,cheerful,dependable,social-positive,social-positive,MaxMatch,PositiveMatch,SocialMatch,,0.32252615690231323,0.24158756,0.34323293
357,cheerful,courageous,social-positive,social-positive,MaxMatch,PositiveMatch,SocialMatch,,0.30322590470314026,0.3945387,0.47026244
358,cheerful,witty,social-positive,social-positive,MaxMatch,PositiveMatch,SocialMatch,,0.5045766234397888,0.34790552,0.40308022
359,easygoing,carefree,social-positive,social-positive,MaxMatch,PositiveMatch,SocialMatch,,0.5436865091323853,0.28395241,0.45574576
360,easygoing,hilarious,social-positive,social-positive,MaxMatch,PositiveMatch,SocialMatch,,0.2589348554611206,0.24446014,0.15776391
361,easygoing,selfless,social-positive,social-positive,MaxMatch,PositiveMatch,SocialMatch,,0.32970061898231506,0.4148684,0.38509244
362,easygoing,dependable,social-positive,social-positive,MaxMatch,PositiveMatch,SocialMatch,,0.3664880096912384,0.35741186,0.3919587
363,easygoing,courageous,social-positive,social-positive,MaxMatch,PositiveMatch,SocialMatch,,0.2484237402677536,0.40895241,0.3658594
364,easygoing,witty,social-positive,social-positive,MaxMatch,PositiveMatch,SocialMatch,,0.4171679615974426,0.30943424,0.3159708
365,carefree,hilarious,social-positive,social-positive,MaxMatch,PositiveMatch,SocialMatch,,0.24015317857265472,0.22962041,0.13725755
366,carefree,selfless,social-positive,social-positive,MaxMatch,PositiveMatch,SocialMatch,,0.21950283646583557,0.4231546,0.40311265
367,carefree,dependable,social-positive,social-positive,MaxMatch,PositiveMatch,SocialMatch,,0.283163845539093,0.30964744,0.27019995
368,carefree,courageous,social-positive,social-positive,MaxMatch,PositiveMatch,SocialMatch,,0.1534401774406433,0.37705222,0.32818684
369,carefree,witty,social-positive,social-positive,MaxMatch,PositiveMatch,SocialMatch,,0.2741032540798187,0.2567478,0.20879492
370,hilarious,selfless,social-positive,social-positive,MaxMatch,PositiveMatch,SocialMatch,,0.20091965794563293,0.22915852,0.21073079
371,hilarious,dependable,social-positive,social-positive,MaxMatch,PositiveMatch,SocialMatch,,0.1298661231994629,0.22355042,0.2225422
372,hilarious,courageous,social-positive,social-positive,MaxMatch,PositiveMatch,SocialMatch,,0.2109198272228241,0.23554996,0.2710594
373,hilarious,witty,social-positive,social-positive,MaxMatch,PositiveMatch,SocialMatch,,0.7061588168144226,0.46762145,0.5268315
374,selfless,dependable,social-positive,social-positive,MaxMatch,PositiveMatch,SocialMatch,,0.3266635537147522,0.37271726,0.37292385
375,selfless,courageous,social-positive,social-positive,MaxMatch,PositiveMatch,SocialMatch,,0.6194683313369751,0.38245314,0.57194865
376,selfless,witty,social-positive,social-positive,MaxMatch,PositiveMatch,SocialMatch,,0.260676771402359,0.26906016,0.29227877
377,dependable,courageous,social-positive,social-positive,MaxMatch,PositiveMatch,SocialMatch,,0.20910941064357758,0.28783983,0.40232745
378,dependable,witty,social-positive,social-positive,MaxMatch,PositiveMatch,SocialMatch,,0.24403199553489685,0.33471173,0.2762311
379,courageous,witty,social-positive,social-positive,MaxMatch,PositiveMatch,SocialMatch,,0.3171631991863251,0.33616,0.36906368
380,fluffy,insulting,physical-positive,social-negative,MaxMismatch,PositiveMismatch,PhysicalMismatch,,0.1355016678571701,0.35652757,0.1905086
381,fluffy,greedy,physical-positive,social-negative,MaxMismatch,PositiveMismatch,PhysicalMismatch,,0.13058070838451385,0.3095141,0.24414894
382,fluffy,grumpy,physical-positive,social-negative,MaxMismatch,PositiveMismatch,PhysicalMismatch,,0.3086925745010376,0.38275307,0.36990845
383,fluffy,heartbroken,physical-positive,social-negative,MaxMismatch,PositiveMismatch,PhysicalMismatch,,0.1397995948791504,0.22403197,0.20641866
384,fluffy,racist,physical-positive,social-negative,MaxMismatch,PositiveMismatch,PhysicalMismatch,,0.1403593271970749,0.27083278,0.2594746
385,fluffy,dreaded,physical-positive,social-negative,MaxMismatch,PositiveMismatch,PhysicalMismatch,,0.10403532534837723,0.33385727,0.2908252
386,fluffy,humiliating,physical-positive,social-negative,MaxMismatch,PositiveMismatch,PhysicalMismatch,,0.033213771879673004,0.26243246,0.170041
387,fluffy,stingy,physical-positive,social-negative,MaxMismatch,PositiveMismatch,PhysicalMismatch,,0.17703190445899963,0.34160236,0.29668862
388,fluffy,infuriating,physical-positive,social-negative,MaxMismatch,PositiveMismatch,PhysicalMismatch,,0.11856385320425034,0.31916487,0.19737357
389,fluffy,hateful,physical-positive,social-negative,MaxMismatch,PositiveMismatch,PhysicalMismatch,,0.14862391352653503,0.294598,0.21353436
390,sunny,insulting,physical-positive,social-negative,MaxMismatch,PositiveMismatch,PhysicalMismatch,,0.02461547963321209,0.24098518,0.21345441
391,sunny,greedy,physical-positive,social-negative,MaxMismatch,PositiveMismatch,PhysicalMismatch,,0.07944703847169876,0.23642753,0.24805057
392,sunny,grumpy,physical-positive,social-negative,MaxMismatch,PositiveMismatch,PhysicalMismatch,,0.27339738607406616,0.25773615,0.3537296
393,sunny,heartbroken,physical-positive,social-negative,MaxMismatch,PositiveMismatch,PhysicalMismatch,,0.126581072807312,0.19260661,0.2237768
394,sunny,racist,physical-positive,social-negative,MaxMismatch,PositiveMismatch,PhysicalMismatch,,0.09508884698152542,0.26802048,0.34320343
395,sunny,dreaded,physical-positive,social-negative,MaxMismatch,PositiveMismatch,PhysicalMismatch,,0.12487957626581192,0.24669519,0.25520855
396,sunny,humiliating,physical-positive,social-negative,MaxMismatch,PositiveMismatch,PhysicalMismatch,,0.05815362557768822,0.17164174,0.19386765
397,sunny,stingy,physical-positive,social-negative,MaxMismatch,PositiveMismatch,PhysicalMismatch,,0.11458585411310196,0.36252534,0.28217483
398,sunny,infuriating,physical-positive,social-negative,MaxMismatch,PositiveMismatch,PhysicalMismatch,,0.12162426859140396,0.13353594,0.19592862
399,sunny,hateful,physical-positive,social-negative,MaxMismatch,PositiveMismatch,PhysicalMismatch,,0.15658098459243774,0.22795925,0.23459269
400,blooming,insulting,physical-positive,social-negative,MaxMismatch,PositiveMismatch,PhysicalMismatch,,0.012039710767567158,0.15642262,0.2537003
401,blooming,greedy,physical-positive,social-negative,MaxMismatch,PositiveMismatch,PhysicalMismatch,,0.05799483880400658,0.30941305,0.18759936
402,blooming,grumpy,physical-positive,social-negative,MaxMismatch,PositiveMismatch,PhysicalMismatch,,0.14290279150009155,0.19866475,0.27926254
403,blooming,heartbroken,physical-positive,social-negative,MaxMismatch,PositiveMismatch,PhysicalMismatch,,0.1315603405237198,0.19864005,0.25599733
404,blooming,racist,physical-positive,social-negative,MaxMismatch,PositiveMismatch,PhysicalMismatch,,0.0008339459891431034,0.17937858,0.17312047
405,blooming,dreaded,physical-positive,social-negative,MaxMismatch,PositiveMismatch,PhysicalMismatch,,0.10983794182538986,0.25835264,0.25265577
406,blooming,humiliating,physical-positive,social-negative,MaxMismatch,PositiveMismatch,PhysicalMismatch,,0.003607726888731122,0.16041744,0.3067758
407,blooming,stingy,physical-positive,social-negative,MaxMismatch,PositiveMismatch,PhysicalMismatch,,0.08661939203739166,0.23461959,0.18431568
408,blooming,infuriating,physical-positive,social-negative,MaxMismatch,PositiveMismatch,PhysicalMismatch,,0.0905580222606659,0.26331744,0.26304603
409,blooming,hateful,physical-positive,social-negative,MaxMismatch,PositiveMismatch,PhysicalMismatch,,0.08635219931602478,0.24839754,0.15564506
410,floral,insulting,physical-positive,social-negative,MaxMismatch,PositiveMismatch,PhysicalMismatch,,0.07632134109735489,0.11647141,0.15751946
411,floral,greedy,physical-positive,social-negative,MaxMismatch,PositiveMismatch,PhysicalMismatch,,0.016901176422834396,0.1853422,0.18410431
412,floral,grumpy,physical-positive,social-negative,MaxMismatch,PositiveMismatch,PhysicalMismatch,,0.046945180743932724,0.18715534,0.26827353
413,floral,heartbroken,physical-positive,social-negative,MaxMismatch,PositiveMismatch,PhysicalMismatch,,0.055464763194322586,0.1611817,0.21799058
414,floral,racist,physical-positive,social-negative,MaxMismatch,PositiveMismatch,PhysicalMismatch,,0.05009542405605316,0.13328646,0.16132462
415,floral,dreaded,physical-positive,social-negative,MaxMismatch,PositiveMismatch,PhysicalMismatch,,-0.04014621302485466,0.18963794,0.3255877
416,floral,humiliating,physical-positive,social-negative,MaxMismatch,PositiveMismatch,PhysicalMismatch,,0.031901679933071136,0.11204395,0.17293827
417,floral,stingy,physical-positive,social-negative,MaxMismatch,PositiveMismatch,PhysicalMismatch,,0.05618402734398842,0.2105741,0.23176709
418,floral,infuriating,physical-positive,social-negative,MaxMismatch,PositiveMismatch,PhysicalMismatch,,0.043765898793935776,0.14767718,0.13913648
419,floral,hateful,physical-positive,social-negative,MaxMismatch,PositiveMismatch,PhysicalMismatch,,0.08686593174934387,0.21889487,0.17965797
420,oceanic,insulting,physical-positive,social-negative,MaxMismatch,PositiveMismatch,PhysicalMismatch,,0.036099545657634735,0.24272278,0.13741782
421,oceanic,greedy,physical-positive,social-negative,MaxMismatch,PositiveMismatch,PhysicalMismatch,,-0.0008846333366818726,0.21616098,0.18556133
422,oceanic,grumpy,physical-positive,social-negative,MaxMismatch,PositiveMismatch,PhysicalMismatch,,0.10767243802547455,0.2425486,0.18268648
423,oceanic,heartbroken,physical-positive,social-negative,MaxMismatch,PositiveMismatch,PhysicalMismatch,,0.020675886422395706,0.21469995,0.17132245
424,oceanic,racist,physical-positive,social-negative,MaxMismatch,PositiveMismatch,PhysicalMismatch,,0.09769058227539062,0.22633922,0.20358455
425,oceanic,dreaded,physical-positive,social-negative,MaxMismatch,PositiveMismatch,PhysicalMismatch,,-0.0061403303407132626,0.24154688,0.25963286
426,oceanic,humiliating,physical-positive,social-negative,MaxMismatch,PositiveMismatch,PhysicalMismatch,,0.005180316511541605,0.19799009,0.15823597
427,oceanic,stingy,physical-positive,social-negative,MaxMismatch,PositiveMismatch,PhysicalMismatch,,-0.011204751208424568,0.2519116,0.14591622
428,oceanic,infuriating,physical-positive,social-negative,MaxMismatch,PositiveMismatch,PhysicalMismatch,,0.06673858314752579,0.21922816,0.12400733
429,oceanic,hateful,physical-positive,social-negative,MaxMismatch,PositiveMismatch,PhysicalMismatch,,0.0749254822731018,0.24050462,0.15174705
430,decorative,insulting,physical-positive,social-negative,MaxMismatch,PositiveMismatch,PhysicalMismatch,,0.15630261600017548,0.25308937,0.2894376
431,decorative,greedy,physical-positive,social-negative,MaxMismatch,PositiveMismatch,PhysicalMismatch,,0.03382077440619469,0.25046715,0.30016014
432,decorative,grumpy,physical-positive,social-negative,MaxMismatch,PositiveMismatch,PhysicalMismatch,,0.038237571716308594,0.23350003,0.27060863
433,decorative,heartbroken,physical-positive,social-negative,MaxMismatch,PositiveMismatch,PhysicalMismatch,,0.010434184223413467,0.11751729,0.14178737
434,decorative,racist,physical-positive,social-negative,MaxMismatch,PositiveMismatch,PhysicalMismatch,,0.08242862671613693,0.20229314,0.28844738
435,decorative,dreaded,physical-positive,social-negative,MaxMismatch,PositiveMismatch,PhysicalMismatch,,-0.034438516944646835,0.191454,0.26523793
436,decorative,humiliating,physical-positive,social-negative,MaxMismatch,PositiveMismatch,PhysicalMismatch,,0.03484214469790459,0.2129885,0.29749995
437,decorative,stingy,physical-positive,social-negative,MaxMismatch,PositiveMismatch,PhysicalMismatch,,0.07925380766391754,0.26541692,0.23642427
438,decorative,infuriating,physical-positive,social-negative,MaxMismatch,PositiveMismatch,PhysicalMismatch,,0.059558358043432236,0.21632865,0.2345416
439,decorative,hateful,physical-positive,social-negative,MaxMismatch,PositiveMismatch,PhysicalMismatch,,0.1492438167333603,0.21379621,0.2823344
440,nutritious,insulting,physical-positive,social-negative,MaxMismatch,PositiveMismatch,PhysicalMismatch,,0.07522518932819366,0.24547708,0.19665901
441,nutritious,greedy,physical-positive,social-negative,MaxMismatch,PositiveMismatch,PhysicalMismatch,,0.1480531096458435,0.2173337,0.392811
442,nutritious,grumpy,physical-positive,social-negative,MaxMismatch,PositiveMismatch,PhysicalMismatch,,0.10126497596502304,0.24375798,0.3598616
443,nutritious,heartbroken,physical-positive,social-negative,MaxMismatch,PositiveMismatch,PhysicalMismatch,,0.07389581948518753,0.18930826,0.22926459
444,nutritious,racist,physical-positive,social-negative,MaxMismatch,PositiveMismatch,PhysicalMismatch,,0.06056385114789009,0.23956752,0.3006643
445,nutritious,dreaded,physical-positive,social-negative,MaxMismatch,PositiveMismatch,PhysicalMismatch,,0.050574205815792084,0.28033233,0.32436576
446,nutritious,humiliating,physical-positive,social-negative,MaxMismatch,PositiveMismatch,PhysicalMismatch,,0.06509164720773697,0.1636084,0.22436817
447,nutritious,stingy,physical-positive,social-negative,MaxMismatch,PositiveMismatch,PhysicalMismatch,,0.17805267870426178,0.26476005,0.38848683
448,nutritious,infuriating,physical-positive,social-negative,MaxMismatch,PositiveMismatch,PhysicalMismatch,,0.0949632078409195,0.19587788,0.28693756
449,nutritious,hateful,physical-positive,social-negative,MaxMismatch,PositiveMismatch,PhysicalMismatch,,0.11567720770835876,0.3684679,0.43203428
450,homemade,insulting,physical-positive,social-negative,MaxMismatch,PositiveMismatch,PhysicalMismatch,,0.10608724504709244,0.21574709,0.14833823
451,homemade,greedy,physical-positive,social-negative,MaxMismatch,PositiveMismatch,PhysicalMismatch,,0.025212986394762993,0.28277725,0.17003526
452,homemade,grumpy,physical-positive,social-negative,MaxMismatch,PositiveMismatch,PhysicalMismatch,,0.07073577493429184,0.2724887,0.16481355
453,homemade,heartbroken,physical-positive,social-negative,MaxMismatch,PositiveMismatch,PhysicalMismatch,,0.06432931125164032,0.15295288,0.11151533
454,homemade,racist,physical-positive,social-negative,MaxMismatch,PositiveMismatch,PhysicalMismatch,,0.1437261998653412,0.23521426,0.19543949
455,homemade,dreaded,physical-positive,social-negative,MaxMismatch,PositiveMismatch,PhysicalMismatch,,0.027081336826086044,0.18132067,0.21556108
456,homemade,humiliating,physical-positive,social-negative,MaxMismatch,PositiveMismatch,PhysicalMismatch,,0.057547274976968765,0.16669838,0.14937702
457,homemade,stingy,physical-positive,social-negative,MaxMismatch,PositiveMismatch,PhysicalMismatch,,0.07000581920146942,0.24394283,0.2006487
458,homemade,infuriating,physical-positive,social-negative,MaxMismatch,PositiveMismatch,PhysicalMismatch,,0.1072019636631012,0.18737596,0.121871814
459,homemade,hateful,physical-positive,social-negative,MaxMismatch,PositiveMismatch,PhysicalMismatch,,0.15292848646640778,0.28568786,0.24139544
460,radiant,insulting,physical-positive,social-negative,MaxMismatch,PositiveMismatch,PhysicalMismatch,,-0.019596349447965622,0.15180147,0.23797733
461,radiant,greedy,physical-positive,social-negative,MaxMismatch,PositiveMismatch,PhysicalMismatch,,-0.005571496672928333,0.22612706,0.20898381
462,radiant,grumpy,physical-positive,social-negative,MaxMismatch,PositiveMismatch,PhysicalMismatch,,0.19346071779727936,0.16749883,0.26053932
463,radiant,heartbroken,physical-positive,social-negative,MaxMismatch,PositiveMismatch,PhysicalMismatch,,0.21872088313102722,0.1612392,0.19772856
464,radiant,racist,physical-positive,social-negative,MaxMismatch,PositiveMismatch,PhysicalMismatch,,-0.0526118129491806,0.18347365,0.15500951
465,radiant,dreaded,physical-positive,social-negative,MaxMismatch,PositiveMismatch,PhysicalMismatch,,0.04819951951503754,0.2624453,0.30963808
466,radiant,humiliating,physical-positive,social-negative,MaxMismatch,PositiveMismatch,PhysicalMismatch,,0.016159186139702797,0.16654043,0.2565155
467,radiant,stingy,physical-positive,social-negative,MaxMismatch,PositiveMismatch,PhysicalMismatch,,0.04374336451292038,0.28634813,0.22000983
468,radiant,infuriating,physical-positive,social-negative,MaxMismatch,PositiveMismatch,PhysicalMismatch,,0.04941549524664879,0.16824074,0.13444321
469,radiant,hateful,physical-positive,social-negative,MaxMismatch,PositiveMismatch,PhysicalMismatch,,0.1719205230474472,0.1727376,0.2089045
470,newborn,insulting,physical-positive,social-negative,MaxMismatch,PositiveMismatch,PhysicalMismatch,,0.04154391586780548,0.26093668,0.19968516
471,newborn,greedy,physical-positive,social-negative,MaxMismatch,PositiveMismatch,PhysicalMismatch,,0.017058704048395157,0.21930149,0.19520089
472,newborn,grumpy,physical-positive,social-negative,MaxMismatch,PositiveMismatch,PhysicalMismatch,,0.09353463351726532,0.24987781,0.24919692
473,newborn,heartbroken,physical-positive,social-negative,MaxMismatch,PositiveMismatch,PhysicalMismatch,,0.18838107585906982,0.12043866,0.17428619
474,newborn,racist,physical-positive,social-negative,MaxMismatch,PositiveMismatch,PhysicalMismatch,,0.01925952546298504,0.2989542,0.24992086
475,newborn,dreaded,physical-positive,social-negative,MaxMismatch,PositiveMismatch,PhysicalMismatch,,0.06400355696678162,0.09065119,0.26999176
476,newborn,humiliating,physical-positive,social-negative,MaxMismatch,PositiveMismatch,PhysicalMismatch,,0.051481377333402634,0.16893032,0.19489485
477,newborn,stingy,physical-positive,social-negative,MaxMismatch,PositiveMismatch,PhysicalMismatch,,0.0817623883485794,0.2289848,0.1804274
478,newborn,infuriating,physical-positive,social-negative,MaxMismatch,PositiveMismatch,PhysicalMismatch,,0.01562598906457424,0.19167459,0.20789489
479,newborn,hateful,physical-positive,social-negative,MaxMismatch,PositiveMismatch,PhysicalMismatch,,0.07851038128137589,0.26001656,0.24738073
480,moldy,moldy,physical-negative,physical-negative,SelfPair,,,A,0.9999999403953552,0.99999994,0.99999994
481,nauseous,nauseous,physical-negative,physical-negative,SelfPair,,,B,1.0000001192092896,1.0000001,0.9999999
482,excruciating,excruciating,physical-negative,physical-negative,SelfPair,,,C,1.0,1.0000001,1.0000001
483,comatose,comatose,physical-negative,physical-negative,SelfPair,,,D,1.0,1.0000002,1.0000001
484,obese,obese,physical-negative,physical-negative,SelfPair,,,E,1.0,1.0,1.0000001
485,lifeless,lifeless,physical-negative,physical-negative,SelfPair,,,F,1.0,1.0000001,1.0
486,rancid,rancid,physical-negative,physical-negative,SelfPair,,,G,1.0,1.0,1.0000001
487,seasick,seasick,physical-negative,physical-negative,SelfPair,,,H,0.9999999403953552,1.0,1.0000001
488,itchy,itchy,physical-negative,physical-negative,SelfPair,,,I,1.0,1.0,1.0
489,smelly,smelly,physical-negative,physical-negative,SelfPair,,,J,1.0,1.0,1.0000002
490,brotherly,brotherly,social-positive,social-positive,SelfPair,,,AA,1.0,1.0,1.0
491,joyful,joyful,social-positive,social-positive,SelfPair,,,BB,1.0,1.0000001,0.99999964
492,cheerful,cheerful,social-positive,social-positive,SelfPair,,,CC,1.0,1.0,1.0
493,easygoing,easygoing,social-positive,social-positive,SelfPair,,,DD,1.0,1.0000002,0.99999994
494,carefree,carefree,social-positive,social-positive,SelfPair,,,EE,1.0,1.0,0.99999994
495,hilarious,hilarious,social-positive,social-positive,SelfPair,,,FF,1.0,1.0,1.0000002
496,selfless,selfless,social-positive,social-positive,SelfPair,,,GG,1.0,1.0,1.0000002
497,dependable,dependable,social-positive,social-positive,SelfPair,,,HH,1.0,1.0,0.9999998
498,courageous,courageous,social-positive,social-positive,SelfPair,,,II,1.0,1.0000001,0.9999999
499,witty,witty,social-positive,social-positive,SelfPair,,,JJ,1.0,1.0000001,0.9999999
500,fluffy,fluffy,physical-positive,physical-positive,SelfPair,,,AAA,1.0,1.0000001,1.0000001
501,sunny,sunny,physical-positive,physical-positive,SelfPair,,,BBB,1.0,0.99999994,1.0000002
502,blooming,blooming,physical-positive,physical-positive,SelfPair,,,CCC,0.9999999403953552,1.0000001,1.0000001
503,floral,floral,physical-positive,physical-positive,SelfPair,,,DDD,1.0,1.0,1.0000001
504,oceanic,oceanic,physical-positive,physical-positive,SelfPair,,,EEE,0.9999999403953552,1.0,1.0000002
505,decorative,decorative,physical-positive,physical-positive,SelfPair,,,FFF,1.0,1.0000001,1.0000001
506,nutritious,nutritious,physical-positive,physical-positive,SelfPair,,,GGG,0.9999999403953552,1.0,1.0000001
507,homemade,homemade,physical-positive,physical-positive,SelfPair,,,HHH,0.9999998807907104,1.0000002,1.0000002
508,radiant,radiant,physical-positive,physical-positive,SelfPair,,,III,1.0,1.0000001,1.0000002
509,newborn,newborn,physical-positive,physical-positive,SelfPair,,,JJJ,0.9999999403953552,1.0000001,0.9999999
510,insulting,insulting,social-negative,social-negative,SelfPair,,,AAAA,1.0,1.0,0.9999999
511,greedy,greedy,social-negative,social-negative,SelfPair,,,BBBB,1.0,1.0,0.9999999
512,grumpy,grumpy,social-negative,social-negative,SelfPair,,,CCCC,1.0,0.99999994,0.9999998
513,heartbroken,heartbroken,social-negative,social-negative,SelfPair,,,DDDD,1.0000001192092896,1.0,1.0000001
514,racist,racist,social-negative,social-negative,SelfPair,,,EEEE,1.0,1.0,1.0000002
515,dreaded,dreaded,social-negative,social-negative,SelfPair,,,FFFF,1.0,1.0,0.9999999
516,humiliating,humiliating,social-negative,social-negative,SelfPair,,,GGGG,1.0,1.0,1.0
517,stingy,stingy,social-negative,social-negative,SelfPair,,,HHHH,1.0,1.0,1.0
518,infuriating,infuriating,social-negative,social-negative,SelfPair,,,IIII,1.0,1.0000001,1.0
519,hateful,hateful,social-negative,social-negative,SelfPair,,,JJJJ,1.0,1.0000001,1.0000001
520,moldy,insulting,physical-negative,social-negative,ValenceMatchingOnly,NegativeMatch,PhysicalMismatch,,0.1627470999956131,0.25383234,0.18890598
521,moldy,greedy,physical-negative,social-negative,ValenceMatchingOnly,NegativeMatch,PhysicalMismatch,,0.1462603360414505,0.16383146,0.2958485
522,moldy,grumpy,physical-negative,social-negative,ValenceMatchingOnly,NegativeMatch,PhysicalMismatch,,0.3225283622741699,0.32731313,0.43729118
523,moldy,heartbroken,physical-negative,social-negative,ValenceMatchingOnly,NegativeMatch,PhysicalMismatch,,0.10967208445072174,0.1275621,0.2457573
524,moldy,racist,physical-negative,social-negative,ValenceMatchingOnly,NegativeMatch,PhysicalMismatch,,0.14737801253795624,0.2858454,0.2365789
525,moldy,dreaded,physical-negative,social-negative,ValenceMatchingOnly,NegativeMatch,PhysicalMismatch,,0.1508844941854477,0.24687527,0.4028365
526,moldy,humiliating,physical-negative,social-negative,ValenceMatchingOnly,NegativeMatch,PhysicalMismatch,,0.14657391607761383,0.2638427,0.26815087
527,moldy,stingy,physical-negative,social-negative,ValenceMatchingOnly,NegativeMatch,PhysicalMismatch,,0.12326519936323166,0.2770244,0.29632258
528,moldy,infuriating,physical-negative,social-negative,ValenceMatchingOnly,NegativeMatch,PhysicalMismatch,,0.1825384646654129,0.21756504,0.24881652
529,moldy,hateful,physical-negative,social-negative,ValenceMatchingOnly,NegativeMatch,PhysicalMismatch,,0.20296812057495117,0.30575868,0.3513083
530,nauseous,insulting,physical-negative,social-negative,ValenceMatchingOnly,NegativeMatch,PhysicalMismatch,,0.21291837096214294,0.22223306,0.2084477
531,nauseous,greedy,physical-negative,social-negative,ValenceMatchingOnly,NegativeMatch,PhysicalMismatch,,0.1597544401884079,0.17593777,0.27020362
532,nauseous,grumpy,physical-negative,social-negative,ValenceMatchingOnly,NegativeMatch,PhysicalMismatch,,0.302622526884079,0.4047372,0.37500972
533,nauseous,heartbroken,physical-negative,social-negative,ValenceMatchingOnly,NegativeMatch,PhysicalMismatch,,0.24263852834701538,0.23385541,0.3101142
534,nauseous,racist,physical-negative,social-negative,ValenceMatchingOnly,NegativeMatch,PhysicalMismatch,,0.18112754821777344,0.24536441,0.22858861
535,nauseous,dreaded,physical-negative,social-negative,ValenceMatchingOnly,NegativeMatch,PhysicalMismatch,,0.20262154936790466,0.27753717,0.25517678
536,nauseous,humiliating,physical-negative,social-negative,ValenceMatchingOnly,NegativeMatch,PhysicalMismatch,,0.2338857352733612,0.19970247,0.26757807
537,nauseous,stingy,physical-negative,social-negative,ValenceMatchingOnly,NegativeMatch,PhysicalMismatch,,0.116691954433918,0.30760148,0.17680174
538,nauseous,infuriating,physical-negative,social-negative,ValenceMatchingOnly,NegativeMatch,PhysicalMismatch,,0.17739835381507874,0.32831573,0.20167427
539,nauseous,hateful,physical-negative,social-negative,ValenceMatchingOnly,NegativeMatch,PhysicalMismatch,,0.22939695417881012,0.3093261,0.27191257
540,excruciating,insulting,physical-negative,social-negative,ValenceMatchingOnly,NegativeMatch,PhysicalMismatch,,0.09154374897480011,0.188148,0.33244085
541,excruciating,greedy,physical-negative,social-negative,ValenceMatchingOnly,NegativeMatch,PhysicalMismatch,,0.051247626543045044,0.26870242,0.2661147
542,excruciating,grumpy,physical-negative,social-negative,ValenceMatchingOnly,NegativeMatch,PhysicalMismatch,,0.20191526412963867,0.27518463,0.27199784
543,excruciating,heartbroken,physical-negative,social-negative,ValenceMatchingOnly,NegativeMatch,PhysicalMismatch,,0.26678743958473206,0.1899395,0.26521188
544,excruciating,racist,physical-negative,social-negative,ValenceMatchingOnly,NegativeMatch,PhysicalMismatch,,0.026231268420815468,0.20094278,0.20017692
545,excruciating,dreaded,physical-negative,social-negative,ValenceMatchingOnly,NegativeMatch,PhysicalMismatch,,0.3845467269420624,0.2830096,0.2624157
546,excruciating,humiliating,physical-negative,social-negative,ValenceMatchingOnly,NegativeMatch,PhysicalMismatch,,0.4798851013183594,0.2937389,0.47064924
547,excruciating,stingy,physical-negative,social-negative,ValenceMatchingOnly,NegativeMatch,PhysicalMismatch,,0.10699474811553955,0.3095486,0.17380318
548,excruciating,infuriating,physical-negative,social-negative,ValenceMatchingOnly,NegativeMatch,PhysicalMismatch,,0.47449854016304016,0.44534972,0.67022425
549,excruciating,hateful,physical-negative,social-negative,ValenceMatchingOnly,NegativeMatch,PhysicalMismatch,,0.12292825430631638,0.2551945,0.32537
550,comatose,insulting,physical-negative,social-negative,ValenceMatchingOnly,NegativeMatch,PhysicalMismatch,,0.1692560911178589,0.018673286,0.21032155
551,comatose,greedy,physical-negative,social-negative,ValenceMatchingOnly,NegativeMatch,PhysicalMismatch,,0.1120939552783966,0.16304189,0.22078405
552,comatose,grumpy,physical-negative,social-negative,ValenceMatchingOnly,NegativeMatch,PhysicalMismatch,,0.1709541529417038,0.2692734,0.33737856
553,comatose,heartbroken,physical-negative,social-negative,ValenceMatchingOnly,NegativeMatch,PhysicalMismatch,,0.21493516862392426,0.15925452,0.35731512
554,comatose,racist,physical-negative,social-negative,ValenceMatchingOnly,NegativeMatch,PhysicalMismatch,,0.10679146647453308,0.109736234,0.2008697
555,comatose,dreaded,physical-negative,social-negative,ValenceMatchingOnly,NegativeMatch,PhysicalMismatch,,0.08367010205984116,0.20624305,0.3505262
556,comatose,humiliating,physical-negative,social-negative,ValenceMatchingOnly,NegativeMatch,PhysicalMismatch,,0.18328633904457092,0.16250205,0.24805586
557,comatose,stingy,physical-negative,social-negative,ValenceMatchingOnly,NegativeMatch,PhysicalMismatch,,0.12632302939891815,0.28508672,0.19996095
558,comatose,infuriating,physical-negative,social-negative,ValenceMatchingOnly,NegativeMatch,PhysicalMismatch,,0.11019342392683029,0.21570584,0.23957403
559,comatose,hateful,physical-negative,social-negative,ValenceMatchingOnly,NegativeMatch,PhysicalMismatch,,0.14575809240341187,0.1648319,0.20706427
560,obese,insulting,physical-negative,social-negative,ValenceMatchingOnly,NegativeMatch,PhysicalMismatch,,0.19752709567546844,0.2554487,0.30619538
561,obese,greedy,physical-negative,social-negative,ValenceMatchingOnly,NegativeMatch,PhysicalMismatch,,0.16456037759780884,0.20810941,0.4101336
562,obese,grumpy,physical-negative,social-negative,ValenceMatchingOnly,NegativeMatch,PhysicalMismatch,,0.26334550976753235,0.15962648,0.4202457
563,obese,heartbroken,physical-negative,social-negative,ValenceMatchingOnly,NegativeMatch,PhysicalMismatch,,0.09187125414609909,0.11077534,0.27717102
564,obese,racist,physical-negative,social-negative,ValenceMatchingOnly,NegativeMatch,PhysicalMismatch,,0.25482380390167236,0.26880607,0.36645555
565,obese,dreaded,physical-negative,social-negative,ValenceMatchingOnly,NegativeMatch,PhysicalMismatch,,0.04745551943778992,0.1994487,0.40163082
566,obese,humiliating,physical-negative,social-negative,ValenceMatchingOnly,NegativeMatch,PhysicalMismatch,,0.1437673717737198,0.21646266,0.33489543
567,obese,stingy,physical-negative,social-negative,ValenceMatchingOnly,NegativeMatch,PhysicalMismatch,,0.12314070016145706,0.19279355,0.42775068
568,obese,infuriating,physical-negative,social-negative,ValenceMatchingOnly,NegativeMatch,PhysicalMismatch,,0.134380504488945,0.108532,0.25442654
569,obese,hateful,physical-negative,social-negative,ValenceMatchingOnly,NegativeMatch,PhysicalMismatch,,0.22273416817188263,0.2965376,0.4269959
570,lifeless,insulting,physical-negative,social-negative,ValenceMatchingOnly,NegativeMatch,PhysicalMismatch,,0.16579073667526245,0.21840937,0.20731384
571,lifeless,greedy,physical-negative,social-negative,ValenceMatchingOnly,NegativeMatch,PhysicalMismatch,,0.12983155250549316,0.1494714,0.2218771
572,lifeless,grumpy,physical-negative,social-negative,ValenceMatchingOnly,NegativeMatch,PhysicalMismatch,,0.2434125542640686,0.22816586,0.35573846
573,lifeless,heartbroken,physical-negative,social-negative,ValenceMatchingOnly,NegativeMatch,PhysicalMismatch,,0.298502117395401,0.21848492,0.33264354
574,lifeless,racist,physical-negative,social-negative,ValenceMatchingOnly,NegativeMatch,PhysicalMismatch,,0.07732848823070526,0.22489633,0.22284797
575,lifeless,dreaded,physical-negative,social-negative,ValenceMatchingOnly,NegativeMatch,PhysicalMismatch,,0.14226622879505157,0.2739101,0.35880762
576,lifeless,humiliating,physical-negative,social-negative,ValenceMatchingOnly,NegativeMatch,PhysicalMismatch,,0.2581113278865814,0.24223672,0.19317517
577,lifeless,stingy,physical-negative,social-negative,ValenceMatchingOnly,NegativeMatch,PhysicalMismatch,,0.23461031913757324,0.21297634,0.18970706
578,lifeless,infuriating,physical-negative,social-negative,ValenceMatchingOnly,NegativeMatch,PhysicalMismatch,,0.19405992329120636,0.32741234,0.21813232
579,lifeless,hateful,physical-negative,social-negative,ValenceMatchingOnly,NegativeMatch,PhysicalMismatch,,0.1918071210384369,0.26664367,0.29155254
580,rancid,insulting,physical-negative,social-negative,ValenceMatchingOnly,NegativeMatch,PhysicalMismatch,,0.24617905914783478,0.19295351,0.2782449
581,rancid,greedy,physical-negative,social-negative,ValenceMatchingOnly,NegativeMatch,PhysicalMismatch,,0.27971452474594116,0.23064813,0.3120134
582,rancid,grumpy,physical-negative,social-negative,ValenceMatchingOnly,NegativeMatch,PhysicalMismatch,,0.31281980872154236,0.105692185,0.43571135
583,rancid,heartbroken,physical-negative,social-negative,ValenceMatchingOnly,NegativeMatch,PhysicalMismatch,,0.06753788888454437,0.13226064,0.30173194
584,rancid,racist,physical-negative,social-negative,ValenceMatchingOnly,NegativeMatch,PhysicalMismatch,,0.2838277816772461,0.22900942,0.34724998
585,rancid,dreaded,physical-negative,social-negative,ValenceMatchingOnly,NegativeMatch,PhysicalMismatch,,0.2574853003025055,0.28493735,0.44681317
586,rancid,humiliating,physical-negative,social-negative,ValenceMatchingOnly,NegativeMatch,PhysicalMismatch,,0.2468346804380417,0.22556187,0.21836129
587,rancid,stingy,physical-negative,social-negative,ValenceMatchingOnly,NegativeMatch,PhysicalMismatch,,0.20367400348186493,0.24212688,0.33637202
588,rancid,infuriating,physical-negative,social-negative,ValenceMatchingOnly,NegativeMatch,PhysicalMismatch,,0.28651684522628784,0.21414277,0.28378478
589,rancid,hateful,physical-negative,social-negative,ValenceMatchingOnly,NegativeMatch,PhysicalMismatch,,0.35281941294670105,0.28278336,0.40554842
590,seasick,insulting,physical-negative,social-negative,ValenceMatchingOnly,NegativeMatch,PhysicalMismatch,,0.11050873249769211,0.22701403,0.18006055
591,seasick,greedy,physical-negative,social-negative,ValenceMatchingOnly,NegativeMatch,PhysicalMismatch,,0.1874009519815445,0.20382905,0.24619019
592,seasick,grumpy,physical-negative,social-negative,ValenceMatchingOnly,NegativeMatch,PhysicalMismatch,,0.41343486309051514,0.34537226,0.29600805
593,seasick,heartbroken,physical-negative,social-negative,ValenceMatchingOnly,NegativeMatch,PhysicalMismatch,,0.2072121798992157,0.22577807,0.3198207
594,seasick,racist,physical-negative,social-negative,ValenceMatchingOnly,NegativeMatch,PhysicalMismatch,,0.06985238194465637,0.27137914,0.23728764
595,seasick,dreaded,physical-negative,social-negative,ValenceMatchingOnly,NegativeMatch,PhysicalMismatch,,0.16117212176322937,0.30058753,0.28411943
596,seasick,humiliating,physical-negative,social-negative,ValenceMatchingOnly,NegativeMatch,PhysicalMismatch,,0.13340908288955688,0.28266847,0.22318065
597,seasick,stingy,physical-negative,social-negative,ValenceMatchingOnly,NegativeMatch,PhysicalMismatch,,0.12258880585432053,0.40241295,0.25312173
598,seasick,infuriating,physical-negative,social-negative,ValenceMatchingOnly,NegativeMatch,PhysicalMismatch,,0.1564503014087677,0.3701304,0.26649946
599,seasick,hateful,physical-negative,social-negative,ValenceMatchingOnly,NegativeMatch,PhysicalMismatch,,0.09271575510501862,0.30501753,0.23064141
600,itchy,insulting,physical-negative,social-negative,ValenceMatchingOnly,NegativeMatch,PhysicalMismatch,,0.06948653608560562,0.24503371,0.18208137
601,itchy,greedy,physical-negative,social-negative,ValenceMatchingOnly,NegativeMatch,PhysicalMismatch,,0.22423402965068817,0.24596493,0.27167717
602,itchy,grumpy,physical-negative,social-negative,ValenceMatchingOnly,NegativeMatch,PhysicalMismatch,,0.3505210876464844,0.29861742,0.2949452
603,itchy,heartbroken,physical-negative,social-negative,ValenceMatchingOnly,NegativeMatch,PhysicalMismatch,,0.14482998847961426,0.18208122,0.124084786
604,itchy,racist,physical-negative,social-negative,ValenceMatchingOnly,NegativeMatch,PhysicalMismatch,,0.05636345595121384,0.31036597,0.2217112
605,itchy,dreaded,physical-negative,social-negative,ValenceMatchingOnly,NegativeMatch,PhysicalMismatch,,0.29265937209129333,0.29613018,0.26136145
606,itchy,humiliating,physical-negative,social-negative,ValenceMatchingOnly,NegativeMatch,PhysicalMismatch,,0.13899201154708862,0.25856316,0.22360188
607,itchy,stingy,physical-negative,social-negative,ValenceMatchingOnly,NegativeMatch,PhysicalMismatch,,0.12184970080852509,0.42425597,0.2256072
608,itchy,infuriating,physical-negative,social-negative,ValenceMatchingOnly,NegativeMatch,PhysicalMismatch,,0.15677107870578766,0.29115766,0.3040732
609,itchy,hateful,physical-negative,social-negative,ValenceMatchingOnly,NegativeMatch,PhysicalMismatch,,0.1293882578611374,0.26515955,0.23783703
610,smelly,insulting,physical-negative,social-negative,ValenceMatchingOnly,NegativeMatch,PhysicalMismatch,,0.2376103699207306,0.31808126,0.30176228
611,smelly,greedy,physical-negative,social-negative,ValenceMatchingOnly,NegativeMatch,PhysicalMismatch,,0.2165537178516388,0.21137229,0.40690255
612,smelly,grumpy,physical-negative,social-negative,ValenceMatchingOnly,NegativeMatch,PhysicalMismatch,,0.4134269058704376,0.39320502,0.49632305
613,smelly,heartbroken,physical-negative,social-negative,ValenceMatchingOnly,NegativeMatch,PhysicalMismatch,,0.08310868591070175,0.18899298,0.23566757
614,smelly,racist,physical-negative,social-negative,ValenceMatchingOnly,NegativeMatch,PhysicalMismatch,,0.20249272882938385,0.34405008,0.3440267
615,smelly,dreaded,physical-negative,social-negative,ValenceMatchingOnly,NegativeMatch,PhysicalMismatch,,0.24441882967948914,0.3473336,0.35029265
616,smelly,humiliating,physical-negative,social-negative,ValenceMatchingOnly,NegativeMatch,PhysicalMismatch,,0.26398348808288574,0.29568267,0.32543886
617,smelly,stingy,physical-negative,social-negative,ValenceMatchingOnly,NegativeMatch,PhysicalMismatch,,0.14844608306884766,0.42897558,0.41332674
618,smelly,infuriating,physical-negative,social-negative,ValenceMatchingOnly,NegativeMatch,PhysicalMismatch,,0.2535109519958496,0.22383806,0.3205375
619,smelly,hateful,physical-negative,social-negative,ValenceMatchingOnly,NegativeMatch,PhysicalMismatch,,0.25117218494415283,0.3892225,0.4819991
620,brotherly,fluffy,social-positive,physical-positive,ValenceMatchingOnly,PositiveMatch,SocialMismatch,,0.1343534141778946,0.31350553,0.29103896
621,brotherly,sunny,social-positive,physical-positive,ValenceMatchingOnly,PositiveMatch,SocialMismatch,,0.0709971934556961,0.26707703,0.21394558
622,brotherly,blooming,social-positive,physical-positive,ValenceMatchingOnly,PositiveMatch,SocialMismatch,,0.06630647927522659,0.2687758,0.18491954
623,brotherly,floral,social-positive,physical-positive,ValenceMatchingOnly,PositiveMatch,SocialMismatch,,0.07645593583583832,0.22588474,0.20750087
624,brotherly,oceanic,social-positive,physical-positive,ValenceMatchingOnly,PositiveMatch,SocialMismatch,,0.12952645123004913,0.2693603,0.25273848
625,brotherly,decorative,social-positive,physical-positive,ValenceMatchingOnly,PositiveMatch,SocialMismatch,,0.10476046055555344,0.2353908,0.18578893
626,brotherly,nutritious,social-positive,physical-positive,ValenceMatchingOnly,PositiveMatch,SocialMismatch,,0.045234568417072296,0.30508822,0.3495049
627,brotherly,homemade,social-positive,physical-positive,ValenceMatchingOnly,PositiveMatch,SocialMismatch,,0.162065327167511,0.23275673,0.22710982
628,brotherly,radiant,social-positive,physical-positive,ValenceMatchingOnly,PositiveMatch,SocialMismatch,,0.1529402732849121,0.13633905,0.23054035
629,brotherly,newborn,social-positive,physical-positive,ValenceMatchingOnly,PositiveMatch,SocialMismatch,,0.10805930197238922,0.13460039,0.19302942
630,joyful,fluffy,social-positive,physical-positive,ValenceMatchingOnly,PositiveMatch,SocialMismatch,,0.2528993487358093,0.3875789,0.28790957
631,joyful,sunny,social-positive,physical-positive,ValenceMatchingOnly,PositiveMatch,SocialMismatch,,0.33484888076782227,0.27399474,0.30561954
632,joyful,blooming,social-positive,physical-positive,ValenceMatchingOnly,PositiveMatch,SocialMismatch,,0.214019775390625,0.32172835,0.2903667
633,joyful,floral,social-positive,physical-positive,ValenceMatchingOnly,PositiveMatch,SocialMismatch,,0.20077063143253326,0.21590675,0.2431854
634,joyful,oceanic,social-positive,physical-positive,ValenceMatchingOnly,PositiveMatch,SocialMismatch,,0.10955893248319626,0.255808,0.19127494
635,joyful,decorative,social-positive,physical-positive,ValenceMatchingOnly,PositiveMatch,SocialMismatch,,0.19107945263385773,0.24254347,0.31346232
636,joyful,nutritious,social-positive,physical-positive,ValenceMatchingOnly,PositiveMatch,SocialMismatch,,0.20800162851810455,0.40481293,0.45265764
637,joyful,homemade,social-positive,physical-positive,ValenceMatchingOnly,PositiveMatch,SocialMismatch,,0.2218971997499466,0.21138918,0.18600774
638,joyful,radiant,social-positive,physical-positive,ValenceMatchingOnly,PositiveMatch,SocialMismatch,,0.4281446933746338,0.287728,0.26834792
639,joyful,newborn,social-positive,physical-positive,ValenceMatchingOnly,PositiveMatch,SocialMismatch,,0.20283223688602448,0.16624802,0.25068343
640,cheerful,fluffy,social-positive,physical-positive,ValenceMatchingOnly,PositiveMatch,SocialMismatch,,0.27856600284576416,0.4679347,0.38857993
641,cheerful,sunny,social-positive,physical-positive,ValenceMatchingOnly,PositiveMatch,SocialMismatch,,0.4492555856704712,0.51716137,0.51484644
642,cheerful,blooming,social-positive,physical-positive,ValenceMatchingOnly,PositiveMatch,SocialMismatch,,0.2415459007024765,0.34694815,0.27656034
643,cheerful,floral,social-positive,physical-positive,ValenceMatchingOnly,PositiveMatch,SocialMismatch,,0.2436026781797409,0.38123715,0.30423987
644,cheerful,oceanic,social-positive,physical-positive,ValenceMatchingOnly,PositiveMatch,SocialMismatch,,0.06847785413265228,0.3247537,0.18695702
645,cheerful,decorative,social-positive,physical-positive,ValenceMatchingOnly,PositiveMatch,SocialMismatch,,0.2240578532218933,0.4112228,0.3718329
646,cheerful,nutritious,social-positive,physical-positive,ValenceMatchingOnly,PositiveMatch,SocialMismatch,,0.2133162021636963,0.36601555,0.40236044
647,cheerful,homemade,social-positive,physical-positive,ValenceMatchingOnly,PositiveMatch,SocialMismatch,,0.1889246255159378,0.26641786,0.16631407
648,cheerful,radiant,social-positive,physical-positive,ValenceMatchingOnly,PositiveMatch,SocialMismatch,,0.41542214155197144,0.4019653,0.34127676
649,cheerful,newborn,social-positive,physical-positive,ValenceMatchingOnly,PositiveMatch,SocialMismatch,,0.09325620532035828,0.20809995,0.25292522
650,easygoing,fluffy,social-positive,physical-positive,ValenceMatchingOnly,PositiveMatch,SocialMismatch,,0.20031656324863434,0.31634447,0.35386252
651,easygoing,sunny,social-positive,physical-positive,ValenceMatchingOnly,PositiveMatch,SocialMismatch,,0.32867175340652466,0.26556438,0.35721743
652,easygoing,blooming,social-positive,physical-positive,ValenceMatchingOnly,PositiveMatch,SocialMismatch,,0.15945690870285034,0.18511492,0.27169716
653,easygoing,floral,social-positive,physical-positive,ValenceMatchingOnly,PositiveMatch,SocialMismatch,,0.10562624782323837,0.23141605,0.25574204
654,easygoing,oceanic,social-positive,physical-positive,ValenceMatchingOnly,PositiveMatch,SocialMismatch,,0.13749690353870392,0.25344083,0.21965444
655,easygoing,decorative,social-positive,physical-positive,ValenceMatchingOnly,PositiveMatch,SocialMismatch,,0.12070529162883759,0.20902337,0.26799566
656,easygoing,nutritious,social-positive,physical-positive,ValenceMatchingOnly,PositiveMatch,SocialMismatch,,0.16470077633857727,0.2918525,0.29417306
657,easygoing,homemade,social-positive,physical-positive,ValenceMatchingOnly,PositiveMatch,SocialMismatch,,0.12409916520118713,0.21086702,0.10466497
658,easygoing,radiant,social-positive,physical-positive,ValenceMatchingOnly,PositiveMatch,SocialMismatch,,0.21654658019542694,0.17171586,0.28356135
659,easygoing,newborn,social-positive,physical-positive,ValenceMatchingOnly,PositiveMatch,SocialMismatch,,0.07209444046020508,0.34693438,0.1611664
660,carefree,fluffy,social-positive,physical-positive,ValenceMatchingOnly,PositiveMatch,SocialMismatch,,0.22895899415016174,0.27035776,0.30189425
661,carefree,sunny,social-positive,physical-positive,ValenceMatchingOnly,PositiveMatch,SocialMismatch,,0.4111267030239105,0.23170349,0.35289586
662,carefree,blooming,social-positive,physical-positive,ValenceMatchingOnly,PositiveMatch,SocialMismatch,,0.2386797070503235,0.15912671,0.28078136
663,carefree,floral,social-positive,physical-positive,ValenceMatchingOnly,PositiveMatch,SocialMismatch,,0.1256309151649475,0.18118961,0.30371264
664,carefree,oceanic,social-positive,physical-positive,ValenceMatchingOnly,PositiveMatch,SocialMismatch,,0.1297067254781723,0.21149041,0.22496754
665,carefree,decorative,social-positive,physical-positive,ValenceMatchingOnly,PositiveMatch,SocialMismatch,,0.08307577669620514,0.18629521,0.26743656
666,carefree,nutritious,social-positive,physical-positive,ValenceMatchingOnly,PositiveMatch,SocialMismatch,,0.13177870213985443,0.25565335,0.31771848
667,carefree,homemade,social-positive,physical-positive,ValenceMatchingOnly,PositiveMatch,SocialMismatch,,0.09547167271375656,0.28286946,0.17828402
668,carefree,radiant,social-positive,physical-positive,ValenceMatchingOnly,PositiveMatch,SocialMismatch,,0.3505214750766754,0.1935027,0.3088426
669,carefree,newborn,social-positive,physical-positive,ValenceMatchingOnly,PositiveMatch,SocialMismatch,,0.1455070525407791,0.2601885,0.24220005
670,hilarious,fluffy,social-positive,physical-positive,ValenceMatchingOnly,PositiveMatch,SocialMismatch,,0.25502634048461914,0.27983838,0.2975259
671,hilarious,sunny,social-positive,physical-positive,ValenceMatchingOnly,PositiveMatch,SocialMismatch,,0.14911316335201263,0.2498107,0.23956831
672,hilarious,blooming,social-positive,physical-positive,ValenceMatchingOnly,PositiveMatch,SocialMismatch,,0.10388485342264175,0.17653942,0.14371262
673,hilarious,floral,social-positive,physical-positive,ValenceMatchingOnly,PositiveMatch,SocialMismatch,,0.10036812722682953,0.12540697,0.15613818
674,hilarious,oceanic,social-positive,physical-positive,ValenceMatchingOnly,PositiveMatch,SocialMismatch,,0.12680111825466156,0.14609796,0.10153134
675,hilarious,decorative,social-positive,physical-positive,ValenceMatchingOnly,PositiveMatch,SocialMismatch,,0.09858875721693039,0.18086365,0.22336873
676,hilarious,nutritious,social-positive,physical-positive,ValenceMatchingOnly,PositiveMatch,SocialMismatch,,0.14378578960895538,0.23846547,0.2936833
677,hilarious,homemade,social-positive,physical-positive,ValenceMatchingOnly,PositiveMatch,SocialMismatch,,0.23013900220394135,0.23056065,0.1948895
678,hilarious,radiant,social-positive,physical-positive,ValenceMatchingOnly,PositiveMatch,SocialMismatch,,0.20007237792015076,0.123551056,0.16608223
679,hilarious,newborn,social-positive,physical-positive,ValenceMatchingOnly,PositiveMatch,SocialMismatch,,0.05041982978582382,0.12193494,0.17259483
680,selfless,fluffy,social-positive,physical-positive,ValenceMatchingOnly,PositiveMatch,SocialMismatch,,0.04834712669253349,0.27825534,0.26866314
681,selfless,sunny,social-positive,physical-positive,ValenceMatchingOnly,PositiveMatch,SocialMismatch,,0.11444523185491562,0.21907257,0.24563679
682,selfless,blooming,social-positive,physical-positive,ValenceMatchingOnly,PositiveMatch,SocialMismatch,,0.10561948269605637,0.22963609,0.2091428
683,selfless,floral,social-positive,physical-positive,ValenceMatchingOnly,PositiveMatch,SocialMismatch,,0.17463377118110657,0.16604704,0.20546383
684,selfless,oceanic,social-positive,physical-positive,ValenceMatchingOnly,PositiveMatch,SocialMismatch,,0.07110898941755295,0.22966793,0.21642548
685,selfless,decorative,social-positive,physical-positive,ValenceMatchingOnly,PositiveMatch,SocialMismatch,,0.08879011124372482,0.17910913,0.27262664
686,selfless,nutritious,social-positive,physical-positive,ValenceMatchingOnly,PositiveMatch,SocialMismatch,,0.17894166707992554,0.21598446,0.4223434
687,selfless,homemade,social-positive,physical-positive,ValenceMatchingOnly,PositiveMatch,SocialMismatch,,0.11783915758132935,0.33140028,0.2734926
688,selfless,radiant,social-positive,physical-positive,ValenceMatchingOnly,PositiveMatch,SocialMismatch,,0.17392051219940186,0.22870642,0.2812265
689,selfless,newborn,social-positive,physical-positive,ValenceMatchingOnly,PositiveMatch,SocialMismatch,,0.10288289934396744,0.29713804,0.22867343
690,dependable,fluffy,social-positive,physical-positive,ValenceMatchingOnly,PositiveMatch,SocialMismatch,,0.09917892515659332,0.24923709,0.26275146
691,dependable,sunny,social-positive,physical-positive,ValenceMatchingOnly,PositiveMatch,SocialMismatch,,0.11270003020763397,0.23548299,0.25507903
692,dependable,blooming,social-positive,physical-positive,ValenceMatchingOnly,PositiveMatch,SocialMismatch,,0.15584586560726166,0.24526578,0.17054453
693,dependable,floral,social-positive,physical-positive,ValenceMatchingOnly,PositiveMatch,SocialMismatch,,0.07548705488443375,0.20133322,0.14626247
694,dependable,oceanic,social-positive,physical-positive,ValenceMatchingOnly,PositiveMatch,SocialMismatch,,0.044449273496866226,0.28184825,0.16492498
695,dependable,decorative,social-positive,physical-positive,ValenceMatchingOnly,PositiveMatch,SocialMismatch,,0.08128179609775543,0.2152046,0.2037386
696,dependable,nutritious,social-positive,physical-positive,ValenceMatchingOnly,PositiveMatch,SocialMismatch,,0.2736597955226898,0.35833895,0.3932585
697,dependable,homemade,social-positive,physical-positive,ValenceMatchingOnly,PositiveMatch,SocialMismatch,,0.10647125542163849,0.3189414,0.1729253
698,dependable,radiant,social-positive,physical-positive,ValenceMatchingOnly,PositiveMatch,SocialMismatch,,0.20759855210781097,0.176344,0.19429427
699,dependable,newborn,social-positive,physical-positive,ValenceMatchingOnly,PositiveMatch,SocialMismatch,,0.0037899152375757694,0.2384124,0.17138779
700,courageous,fluffy,social-positive,physical-positive,ValenceMatchingOnly,PositiveMatch,SocialMismatch,,0.028198329731822014,0.26717517,0.28255078
701,courageous,sunny,social-positive,physical-positive,ValenceMatchingOnly,PositiveMatch,SocialMismatch,,0.12178336083889008,0.17364234,0.33327198
702,courageous,blooming,social-positive,physical-positive,ValenceMatchingOnly,PositiveMatch,SocialMismatch,,0.06751196831464767,0.22374967,0.22845945
703,courageous,floral,social-positive,physical-positive,ValenceMatchingOnly,PositiveMatch,SocialMismatch,,0.0679711177945137,0.24088961,0.26436695
704,courageous,oceanic,social-positive,physical-positive,ValenceMatchingOnly,PositiveMatch,SocialMismatch,,0.005921943578869104,0.26963213,0.25457162
705,courageous,decorative,social-positive,physical-positive,ValenceMatchingOnly,PositiveMatch,SocialMismatch,,-0.008905956521630287,0.25926903,0.31764442
706,courageous,nutritious,social-positive,physical-positive,ValenceMatchingOnly,PositiveMatch,SocialMismatch,,0.09515653550624847,0.21299374,0.33547768
707,courageous,homemade,social-positive,physical-positive,ValenceMatchingOnly,PositiveMatch,SocialMismatch,,0.02584245800971985,0.18145728,0.21736589
708,courageous,radiant,social-positive,physical-positive,ValenceMatchingOnly,PositiveMatch,SocialMismatch,,0.18910223245620728,0.23303907,0.33175957
709,courageous,newborn,social-positive,physical-positive,ValenceMatchingOnly,PositiveMatch,SocialMismatch,,0.03436196222901344,0.22107108,0.2599398
710,witty,fluffy,social-positive,physical-positive,ValenceMatchingOnly,PositiveMatch,SocialMismatch,,0.23219965398311615,0.33969963,0.21801282
711,witty,sunny,social-positive,physical-positive,ValenceMatchingOnly,PositiveMatch,SocialMismatch,,0.20015296339988708,0.2893322,0.30423734
712,witty,blooming,social-positive,physical-positive,ValenceMatchingOnly,PositiveMatch,SocialMismatch,,0.10511793196201324,0.32770976,0.18834859
713,witty,floral,social-positive,physical-positive,ValenceMatchingOnly,PositiveMatch,SocialMismatch,,0.1786569356918335,0.23324578,0.22582476
714,witty,oceanic,social-positive,physical-positive,ValenceMatchingOnly,PositiveMatch,SocialMismatch,,0.09501925855875015,0.2675982,0.13725398
715,witty,decorative,social-positive,physical-positive,ValenceMatchingOnly,PositiveMatch,SocialMismatch,,0.20406948029994965,0.34127516,0.3299495
716,witty,nutritious,social-positive,physical-positive,ValenceMatchingOnly,PositiveMatch,SocialMismatch,,0.17362141609191895,0.35730964,0.39532465
717,witty,homemade,social-positive,physical-positive,ValenceMatchingOnly,PositiveMatch,SocialMismatch,,0.1937159150838852,0.31501803,0.20963001
718,witty,radiant,social-positive,physical-positive,ValenceMatchingOnly,PositiveMatch,SocialMismatch,,0.2755384147167206,0.21071526,0.25616002
719,witty,newborn,social-positive,physical-positive,ValenceMatchingOnly,PositiveMatch,SocialMismatch,,0.031468506902456284,0.2097795,0.16645789
720,worthless,honest,abstract-negative,abstract-positive,ConceptualMatchingOnly,NegativeMismatch,ConceptualMatch:abstract,,0.2076183259487152,0.2684936,0.24444544
721,worthless,lovable,abstract-negative,abstract-positive,ConceptualMatchingOnly,NegativeMismatch,ConceptualMatch:abstract,,0.18290746212005615,0.34037462,0.21868008
722,worthless,thankful,abstract-negative,abstract-positive,ConceptualMatchingOnly,NegativeMismatch,ConceptualMatch:abstract,,0.09915829449892044,0.3465792,0.18261878
723,worthless,splendid,abstract-negative,abstract-positive,ConceptualMatchingOnly,NegativeMismatch,ConceptualMatch:abstract,,0.06190195307135582,0.2573197,0.21226203
724,worthless,possible,abstract-negative,abstract-positive,ConceptualMatchingOnly,NegativeMismatch,ConceptualMatch:abstract,,0.13187840580940247,0.2659126,0.11342791
725,worthless,sensible,abstract-negative,abstract-positive,ConceptualMatchingOnly,NegativeMismatch,ConceptualMatch:abstract,,0.19954535365104675,0.29940674,0.35379165
726,worthless,mindful,abstract-negative,abstract-positive,ConceptualMatchingOnly,NegativeMismatch,ConceptualMatch:abstract,,-0.009558835066854954,0.23545021,0.1705316
727,worthless,pleasant,abstract-negative,abstract-positive,ConceptualMatchingOnly,NegativeMismatch,ConceptualMatch:abstract,,0.0772053673863411,0.2997988,0.26112568
728,worthless,helpful,abstract-negative,abstract-positive,ConceptualMatchingOnly,NegativeMismatch,ConceptualMatch:abstract,,0.205669566988945,0.3213813,0.2850535
729,worthless,divine,abstract-negative,abstract-positive,ConceptualMatchingOnly,NegativeMismatch,ConceptualMatch:abstract,,0.15201963484287262,0.24555701,0.23570025
730,awful,honest,abstract-negative,abstract-positive,ConceptualMatchingOnly,NegativeMismatch,ConceptualMatch:abstract,,0.3508254885673523,0.2718983,0.3295309
731,awful,lovable,abstract-negative,abstract-positive,ConceptualMatchingOnly,NegativeMismatch,ConceptualMatch:abstract,,0.1743527352809906,0.38501698,0.29373905
732,awful,thankful,abstract-negative,abstract-positive,ConceptualMatchingOnly,NegativeMismatch,ConceptualMatch:abstract,,0.20868998765945435,0.25904483,0.32746765
733,awful,splendid,abstract-negative,abstract-positive,ConceptualMatchingOnly,NegativeMismatch,ConceptualMatch:abstract,,0.2990973889827728,0.4199256,0.3838014
734,awful,possible,abstract-negative,abstract-positive,ConceptualMatchingOnly,NegativeMismatch,ConceptualMatch:abstract,,0.08511213213205338,0.2971905,0.2044227
735,awful,sensible,abstract-negative,abstract-positive,ConceptualMatchingOnly,NegativeMismatch,ConceptualMatch:abstract,,0.2722439169883728,0.31789684,0.3677342
736,awful,mindful,abstract-negative,abstract-positive,ConceptualMatchingOnly,NegativeMismatch,ConceptualMatch:abstract,,0.1151166781783104,0.32720375,0.21338606
737,awful,pleasant,abstract-negative,abstract-positive,ConceptualMatchingOnly,NegativeMismatch,ConceptualMatch:abstract,,0.3177102208137512,0.37530136,0.4458115
738,awful,helpful,abstract-negative,abstract-positive,ConceptualMatchingOnly,NegativeMismatch,ConceptualMatch:abstract,,0.17139017581939697,0.2675286,0.3507982
739,awful,divine,abstract-negative,abstract-positive,ConceptualMatchingOnly,NegativeMismatch,ConceptualMatch:abstract,,0.1725856065750122,0.16323417,0.35626766
740,evil,honest,abstract-negative,abstract-positive,ConceptualMatchingOnly,NegativeMismatch,ConceptualMatch:abstract,,0.21654678881168365,0.29883313,0.33506644
741,evil,lovable,abstract-negative,abstract-positive,ConceptualMatchingOnly,NegativeMismatch,ConceptualMatch:abstract,,0.3049211800098419,0.32817167,0.30415848
742,evil,thankful,abstract-negative,abstract-positive,ConceptualMatchingOnly,NegativeMismatch,ConceptualMatch:abstract,,0.11367416381835938,0.22817275,0.28754097
743,evil,splendid,abstract-negative,abstract-positive,ConceptualMatchingOnly,NegativeMismatch,ConceptualMatch:abstract,,0.10121260583400726,0.18720484,0.23232487
744,evil,possible,abstract-negative,abstract-positive,ConceptualMatchingOnly,NegativeMismatch,ConceptualMatch:abstract,,0.08922968059778214,0.19615848,0.20275378
745,evil,sensible,abstract-negative,abstract-positive,ConceptualMatchingOnly,NegativeMismatch,ConceptualMatch:abstract,,0.15056289732456207,0.28486943,0.3095162
746,evil,mindful,abstract-negative,abstract-positive,ConceptualMatchingOnly,NegativeMismatch,ConceptualMatch:abstract,,0.04409381374716759,0.28377444,0.32638502
747,evil,pleasant,abstract-negative,abstract-positive,ConceptualMatchingOnly,NegativeMismatch,ConceptualMatch:abstract,,0.10452780872583389,0.47393996,0.35569054
748,evil,helpful,abstract-negative,abstract-positive,ConceptualMatchingOnly,NegativeMismatch,ConceptualMatch:abstract,,0.09824790805578232,0.31665218,0.31953976
749,evil,divine,abstract-negative,abstract-positive,ConceptualMatchingOnly,NegativeMismatch,ConceptualMatch:abstract,,0.45483314990997314,0.40053827,0.3801692
750,soulless,honest,abstract-negative,abstract-positive,ConceptualMatchingOnly,NegativeMismatch,ConceptualMatch:abstract,,0.21853888034820557,0.28107145,0.24376112
751,soulless,lovable,abstract-negative,abstract-positive,ConceptualMatchingOnly,NegativeMismatch,ConceptualMatch:abstract,,0.32756945490837097,0.3715164,0.2961784
752,soulless,thankful,abstract-negative,abstract-positive,ConceptualMatchingOnly,NegativeMismatch,ConceptualMatch:abstract,,0.034282658249139786,0.22021021,0.22602955
753,soulless,splendid,abstract-negative,abstract-positive,ConceptualMatchingOnly,NegativeMismatch,ConceptualMatch:abstract,,0.25029411911964417,0.21416196,0.20577763
754,soulless,possible,abstract-negative,abstract-positive,ConceptualMatchingOnly,NegativeMismatch,ConceptualMatch:abstract,,0.021553218364715576,0.16955608,0.105976075
755,soulless,sensible,abstract-negative,abstract-positive,ConceptualMatchingOnly,NegativeMismatch,ConceptualMatch:abstract,,0.23098477721214294,0.21370038,0.22009483
756,soulless,mindful,abstract-negative,abstract-positive,ConceptualMatchingOnly,NegativeMismatch,ConceptualMatch:abstract,,0.02415534295141697,0.4102203,0.43505096
757,soulless,pleasant,abstract-negative,abstract-positive,ConceptualMatchingOnly,NegativeMismatch,ConceptualMatch:abstract,,0.26932433247566223,0.29976687,0.32634985
758,soulless,helpful,abstract-negative,abstract-positive,ConceptualMatchingOnly,NegativeMismatch,ConceptualMatch:abstract,,0.03386201709508896,0.1973215,0.1535033
759,soulless,divine,abstract-negative,abstract-positive,ConceptualMatchingOnly,NegativeMismatch,ConceptualMatch:abstract,,0.20516151189804077,0.37785578,0.45947203
760,heartless,honest,abstract-negative,abstract-positive,ConceptualMatchingOnly,NegativeMismatch,ConceptualMatch:abstract,,0.29189711809158325,0.29837152,0.3190596
761,heartless,lovable,abstract-negative,abstract-positive,ConceptualMatchingOnly,NegativeMismatch,ConceptualMatch:abstract,,0.4118616580963135,0.4036332,0.35238993
762,heartless,thankful,abstract-negative,abstract-positive,ConceptualMatchingOnly,NegativeMismatch,ConceptualMatch:abstract,,0.18209552764892578,0.24901089,0.2805792
763,heartless,splendid,abstract-negative,abstract-positive,ConceptualMatchingOnly,NegativeMismatch,ConceptualMatch:abstract,,0.17629288136959076,0.20853981,0.19135019
764,heartless,possible,abstract-negative,abstract-positive,ConceptualMatchingOnly,NegativeMismatch,ConceptualMatch:abstract,,0.050089627504348755,0.2010966,0.10483153
765,heartless,sensible,abstract-negative,abstract-positive,ConceptualMatchingOnly,NegativeMismatch,ConceptualMatch:abstract,,0.29006603360176086,0.20635393,0.34826663
766,heartless,mindful,abstract-negative,abstract-positive,ConceptualMatchingOnly,NegativeMismatch,ConceptualMatch:abstract,,0.09840050339698792,0.40047005,0.44565773
767,heartless,pleasant,abstract-negative,abstract-positive,ConceptualMatchingOnly,NegativeMismatch,ConceptualMatch:abstract,,0.1519429087638855,0.2736407,0.32176405
768,heartless,helpful,abstract-negative,abstract-positive,ConceptualMatchingOnly,NegativeMismatch,ConceptualMatch:abstract,,0.12921227514743805,0.21272701,0.17846465
769,heartless,divine,abstract-negative,abstract-positive,ConceptualMatchingOnly,NegativeMismatch,ConceptualMatch:abstract,,0.21582409739494324,0.29537874,0.30585092
770,sexist,honest,abstract-negative,abstract-positive,ConceptualMatchingOnly,NegativeMismatch,ConceptualMatch:abstract,,0.24083241820335388,0.25725275,0.28639567
771,sexist,lovable,abstract-negative,abstract-positive,ConceptualMatchingOnly,NegativeMismatch,ConceptualMatch:abstract,,0.2196304202079773,0.21699156,0.22100563
772,sexist,thankful,abstract-negative,abstract-positive,ConceptualMatchingOnly,NegativeMismatch,ConceptualMatch:abstract,,0.07789431512355804,0.1869626,0.20322323
773,sexist,splendid,abstract-negative,abstract-positive,ConceptualMatchingOnly,NegativeMismatch,ConceptualMatch:abstract,,0.09257838129997253,0.19389662,0.15216988
774,sexist,possible,abstract-negative,abstract-positive,ConceptualMatchingOnly,NegativeMismatch,ConceptualMatch:abstract,,0.03692937642335892,0.1353574,0.095740944
775,sexist,sensible,abstract-negative,abstract-positive,ConceptualMatchingOnly,NegativeMismatch,ConceptualMatch:abstract,,0.24953584372997284,0.3067002,0.27296013
776,sexist,mindful,abstract-negative,abstract-positive,ConceptualMatchingOnly,NegativeMismatch,ConceptualMatch:abstract,,0.08544879406690598,0.302517,0.12319452
777,sexist,pleasant,abstract-negative,abstract-positive,ConceptualMatchingOnly,NegativeMismatch,ConceptualMatch:abstract,,0.14100266993045807,0.21243832,0.17580764
778,sexist,helpful,abstract-negative,abstract-positive,ConceptualMatchingOnly,NegativeMismatch,ConceptualMatch:abstract,,0.17401334643363953,0.25850403,0.18100351
779,sexist,divine,abstract-negative,abstract-positive,ConceptualMatchingOnly,NegativeMismatch,ConceptualMatch:abstract,,0.1654476523399353,0.21438043,0.13463399
780,crappy,honest,abstract-negative,abstract-positive,ConceptualMatchingOnly,NegativeMismatch,ConceptualMatch:abstract,,0.2500588297843933,0.3840133,0.3021443
781,crappy,lovable,abstract-negative,abstract-positive,ConceptualMatchingOnly,NegativeMismatch,ConceptualMatch:abstract,,0.22483323514461517,0.36408824,0.26309273
782,crappy,thankful,abstract-negative,abstract-positive,ConceptualMatchingOnly,NegativeMismatch,ConceptualMatch:abstract,,0.17052896320819855,0.39090562,0.25151485
783,crappy,splendid,abstract-negative,abstract-positive,ConceptualMatchingOnly,NegativeMismatch,ConceptualMatch:abstract,,0.2105201929807663,0.44929907,0.2213699
784,crappy,possible,abstract-negative,abstract-positive,ConceptualMatchingOnly,NegativeMismatch,ConceptualMatch:abstract,,0.037733159959316254,0.3188334,0.16529152
785,crappy,sensible,abstract-negative,abstract-positive,ConceptualMatchingOnly,NegativeMismatch,ConceptualMatch:abstract,,0.230338454246521,0.37544453,0.39499664
786,crappy,mindful,abstract-negative,abstract-positive,ConceptualMatchingOnly,NegativeMismatch,ConceptualMatch:abstract,,-0.022607717663049698,0.34765664,0.19238403
787,crappy,pleasant,abstract-negative,abstract-positive,ConceptualMatchingOnly,NegativeMismatch,ConceptualMatch:abstract,,0.2809709310531616,0.35282093,0.32834458
788,crappy,helpful,abstract-negative,abstract-positive,ConceptualMatchingOnly,NegativeMismatch,ConceptualMatch:abstract,,0.15555724501609802,0.2921543,0.2683415
789,crappy,divine,abstract-negative,abstract-positive,ConceptualMatchingOnly,NegativeMismatch,ConceptualMatch:abstract,,0.09838825464248657,0.19219264,0.24098733
790,stupid,honest,abstract-negative,abstract-positive,ConceptualMatchingOnly,NegativeMismatch,ConceptualMatch:abstract,,0.40382078289985657,0.2734542,0.31515673
791,stupid,lovable,abstract-negative,abstract-positive,ConceptualMatchingOnly,NegativeMismatch,ConceptualMatch:abstract,,0.32446831464767456,0.24773386,0.26458827
792,stupid,thankful,abstract-negative,abstract-positive,ConceptualMatchingOnly,NegativeMismatch,ConceptualMatch:abstract,,0.22843807935714722,0.17493585,0.28254727
793,stupid,splendid,abstract-negative,abstract-positive,ConceptualMatchingOnly,NegativeMismatch,ConceptualMatch:abstract,,0.11488831788301468,0.29369295,0.27611798
794,stupid,possible,abstract-negative,abstract-positive,ConceptualMatchingOnly,NegativeMismatch,ConceptualMatch:abstract,,0.1345483511686325,0.3718657,0.22642547
795,stupid,sensible,abstract-negative,abstract-positive,ConceptualMatchingOnly,NegativeMismatch,ConceptualMatch:abstract,,0.4135385751724243,0.39416045,0.56358474
796,stupid,mindful,abstract-negative,abstract-positive,ConceptualMatchingOnly,NegativeMismatch,ConceptualMatch:abstract,,0.1416446715593338,0.3710196,0.24230129
797,stupid,pleasant,abstract-negative,abstract-positive,ConceptualMatchingOnly,NegativeMismatch,ConceptualMatch:abstract,,0.1791095733642578,0.22165254,0.26402926
798,stupid,helpful,abstract-negative,abstract-positive,ConceptualMatchingOnly,NegativeMismatch,ConceptualMatch:abstract,,0.2352284938097,0.37556708,0.30150247
799,stupid,divine,abstract-negative,abstract-positive,ConceptualMatchingOnly,NegativeMismatch,ConceptualMatch:abstract,,0.16852325201034546,0.18143165,0.21304676
800,sinful,honest,abstract-negative,abstract-positive,ConceptualMatchingOnly,NegativeMismatch,ConceptualMatch:abstract,,0.2389230728149414,0.34610027,0.4125839
801,sinful,lovable,abstract-negative,abstract-positive,ConceptualMatchingOnly,NegativeMismatch,ConceptualMatch:abstract,,0.18406078219413757,0.4318144,0.36593723
802,sinful,thankful,abstract-negative,abstract-positive,ConceptualMatchingOnly,NegativeMismatch,ConceptualMatch:abstract,,0.10955257713794708,0.351805,0.39978433
803,sinful,splendid,abstract-negative,abstract-positive,ConceptualMatchingOnly,NegativeMismatch,ConceptualMatch:abstract,,0.19040068984031677,0.31359398,0.3018309
804,sinful,possible,abstract-negative,abstract-positive,ConceptualMatchingOnly,NegativeMismatch,ConceptualMatch:abstract,,0.05999963358044624,0.18420337,0.14947262
805,sinful,sensible,abstract-negative,abstract-positive,ConceptualMatchingOnly,NegativeMismatch,ConceptualMatch:abstract,,0.148839071393013,0.22572146,0.35922986
806,sinful,mindful,abstract-negative,abstract-positive,ConceptualMatchingOnly,NegativeMismatch,ConceptualMatch:abstract,,0.1446988582611084,0.5370364,0.39938012
807,sinful,pleasant,abstract-negative,abstract-positive,ConceptualMatchingOnly,NegativeMismatch,ConceptualMatch:abstract,,0.1841174215078354,0.44564152,0.36848402
808,sinful,helpful,abstract-negative,abstract-positive,ConceptualMatchingOnly,NegativeMismatch,ConceptualMatch:abstract,,0.08945664018392563,0.2635818,0.3022339
809,sinful,divine,abstract-negative,abstract-positive,ConceptualMatchingOnly,NegativeMismatch,ConceptualMatch:abstract,,0.5071402192115784,0.328631,0.389516
810,disloyal,honest,abstract-negative,abstract-positive,ConceptualMatchingOnly,NegativeMismatch,ConceptualMatch:abstract,,0.3473900854587555,0.2508758,0.33283246
811,disloyal,lovable,abstract-negative,abstract-positive,ConceptualMatchingOnly,NegativeMismatch,ConceptualMatch:abstract,,0.21602724492549896,0.34446803,0.36546612
812,disloyal,thankful,abstract-negative,abstract-positive,ConceptualMatchingOnly,NegativeMismatch,ConceptualMatch:abstract,,0.1379006952047348,0.20322111,0.26222473
813,disloyal,splendid,abstract-negative,abstract-positive,ConceptualMatchingOnly,NegativeMismatch,ConceptualMatch:abstract,,0.041454434394836426,0.10929155,0.24438775
814,disloyal,possible,abstract-negative,abstract-positive,ConceptualMatchingOnly,NegativeMismatch,ConceptualMatch:abstract,,0.10499967634677887,0.18474469,0.09794714
815,disloyal,sensible,abstract-negative,abstract-positive,ConceptualMatchingOnly,NegativeMismatch,ConceptualMatch:abstract,,0.1559409499168396,0.16977766,0.34409714
816,disloyal,mindful,abstract-negative,abstract-positive,ConceptualMatchingOnly,NegativeMismatch,ConceptualMatch:abstract,,0.13863162696361542,0.2936426,0.25795883
817,disloyal,pleasant,abstract-negative,abstract-positive,ConceptualMatchingOnly,NegativeMismatch,ConceptualMatch:abstract,,0.07299934327602386,0.20468195,0.31172997
818,disloyal,helpful,abstract-negative,abstract-positive,ConceptualMatchingOnly,NegativeMismatch,ConceptualMatch:abstract,,0.1751675009727478,0.10966993,0.25198025
819,disloyal,divine,abstract-negative,abstract-positive,ConceptualMatchingOnly,NegativeMismatch,ConceptualMatch:abstract,,0.17114785313606262,0.26235828,0.30337796
820,sunny,toothless,concrete-positive,concrete-negative,ConceptualMatchingOnly,PositiveMismatch,ConceptualMatch:concrete,,0.09773268550634384,0.16468644,0.19926795
821,sunny,headless,concrete-positive,concrete-negative,ConceptualMatchingOnly,PositiveMismatch,ConceptualMatch:concrete,,0.022732466459274292,0.25803757,0.01290503
822,sunny,bloodshot,concrete-positive,concrete-negative,ConceptualMatchingOnly,PositiveMismatch,ConceptualMatch:concrete,,0.10709470510482788,0.30986366,0.24353269
823,sunny,rusted,concrete-positive,concrete-negative,ConceptualMatchingOnly,PositiveMismatch,ConceptualMatch:concrete,,0.13160023093223572,0.29318288,0.2614222
824,sunny,thorny,concrete-positive,concrete-negative,ConceptualMatchingOnly,PositiveMismatch,ConceptualMatch:concrete,,0.1249077320098877,0.30705047,0.3971599
825,sunny,hairy,concrete-positive,concrete-negative,ConceptualMatchingOnly,PositiveMismatch,ConceptualMatch:concrete,,0.15643958747386932,0.5234506,0.31763366
826,sunny,dirty,concrete-positive,concrete-negative,ConceptualMatchingOnly,PositiveMismatch,ConceptualMatch:concrete,,0.1320461928844452,0.39444745,0.39163402
827,sunny,wrinkled,concrete-positive,concrete-negative,ConceptualMatchingOnly,PositiveMismatch,ConceptualMatch:concrete,,0.15741468966007233,0.40810618,0.21920829
828,sunny,freezing,concrete-positive,concrete-negative,ConceptualMatchingOnly,PositiveMismatch,ConceptualMatch:concrete,,0.2898636758327484,0.27643546,0.23324332
829,sunny,bloody,concrete-positive,concrete-negative,ConceptualMatchingOnly,PositiveMismatch,ConceptualMatch:concrete,,0.10218766331672668,0.21182305,0.25644934
830,lilac,toothless,concrete-positive,concrete-negative,ConceptualMatchingOnly,PositiveMismatch,ConceptualMatch:concrete,,-0.014635477215051651,0.22117701,0.1523127
831,lilac,headless,concrete-positive,concrete-negative,ConceptualMatchingOnly,PositiveMismatch,ConceptualMatch:concrete,,0.12323977053165436,0.19078897,0.031255733
832,lilac,bloodshot,concrete-positive,concrete-negative,ConceptualMatchingOnly,PositiveMismatch,ConceptualMatch:concrete,,0.17215126752853394,0.2750477,0.29604495
833,lilac,rusted,concrete-positive,concrete-negative,ConceptualMatchingOnly,PositiveMismatch,ConceptualMatch:concrete,,0.11022381484508514,0.2822984,0.25432682
834,lilac,thorny,concrete-positive,concrete-negative,ConceptualMatchingOnly,PositiveMismatch,ConceptualMatch:concrete,,0.17479518055915833,0.3470124,0.38686663
835,lilac,hairy,concrete-positive,concrete-negative,ConceptualMatchingOnly,PositiveMismatch,ConceptualMatch:concrete,,0.2743808925151825,0.26064873,0.27253568
836,lilac,dirty,concrete-positive,concrete-negative,ConceptualMatchingOnly,PositiveMismatch,ConceptualMatch:concrete,,0.06635499000549316,0.28853017,0.22134048
837,lilac,wrinkled,concrete-positive,concrete-negative,ConceptualMatchingOnly,PositiveMismatch,ConceptualMatch:concrete,,0.3275425434112549,0.30947223,0.15769237
838,lilac,freezing,concrete-positive,concrete-negative,ConceptualMatchingOnly,PositiveMismatch,ConceptualMatch:concrete,,0.1080894023180008,0.21143824,0.16716819
839,lilac,bloody,concrete-positive,concrete-negative,ConceptualMatchingOnly,PositiveMismatch,ConceptualMatch:concrete,,0.12252508848905563,0.21142693,0.20399047
840,human,toothless,concrete-positive,concrete-negative,ConceptualMatchingOnly,PositiveMismatch,ConceptualMatch:concrete,,0.16102150082588196,0.25929722,0.24291608
841,human,headless,concrete-positive,concrete-negative,ConceptualMatchingOnly,PositiveMismatch,ConceptualMatch:concrete,,0.22956281900405884,0.30159703,0.23072942
842,human,bloodshot,concrete-positive,concrete-negative,ConceptualMatchingOnly,PositiveMismatch,ConceptualMatch:concrete,,-0.05914953351020813,0.20253125,0.19699892
843,human,rusted,concrete-positive,concrete-negative,ConceptualMatchingOnly,PositiveMismatch,ConceptualMatch:concrete,,0.0702192559838295,0.2307681,0.24604821
844,human,thorny,concrete-positive,concrete-negative,ConceptualMatchingOnly,PositiveMismatch,ConceptualMatch:concrete,,0.10488272458314896,0.21672547,0.23653111
845,human,hairy,concrete-positive,concrete-negative,ConceptualMatchingOnly,PositiveMismatch,ConceptualMatch:concrete,,0.20030367374420166,0.38615707,0.34967673
846,human,dirty,concrete-positive,concrete-negative,ConceptualMatchingOnly,PositiveMismatch,ConceptualMatch:concrete,,0.08486264944076538,0.36138916,0.33295923
847,human,wrinkled,concrete-positive,concrete-negative,ConceptualMatchingOnly,PositiveMismatch,ConceptualMatch:concrete,,0.12359894067049026,0.31368756,0.24045058
848,human,freezing,concrete-positive,concrete-negative,ConceptualMatchingOnly,PositiveMismatch,ConceptualMatch:concrete,,0.09142797440290451,0.2880243,0.18569772
849,human,bloody,concrete-positive,concrete-negative,ConceptualMatchingOnly,PositiveMismatch,ConceptualMatch:concrete,,0.18764683604240417,0.21691754,0.25660956
850,female,toothless,concrete-positive,concrete-negative,ConceptualMatchingOnly,PositiveMismatch,ConceptualMatch:concrete,,0.15109993517398834,0.21853143,0.27097726
851,female,headless,concrete-positive,concrete-negative,ConceptualMatchingOnly,PositiveMismatch,ConceptualMatch:concrete,,0.2504872679710388,0.23124465,0.22272976
852,female,bloodshot,concrete-positive,concrete-negative,ConceptualMatchingOnly,PositiveMismatch,ConceptualMatch:concrete,,0.061383191496133804,0.19322418,0.1936473
853,female,rusted,concrete-positive,concrete-negative,ConceptualMatchingOnly,PositiveMismatch,ConceptualMatch:concrete,,0.023144852370023727,0.21503738,0.17488155
854,female,thorny,concrete-positive,concrete-negative,ConceptualMatchingOnly,PositiveMismatch,ConceptualMatch:concrete,,0.10384783893823624,0.18316229,0.23461089
855,female,hairy,concrete-positive,concrete-negative,ConceptualMatchingOnly,PositiveMismatch,ConceptualMatch:concrete,,0.20277409255504608,0.35079753,0.33693898
856,female,dirty,concrete-positive,concrete-negative,ConceptualMatchingOnly,PositiveMismatch,ConceptualMatch:concrete,,0.08012395352125168,0.3183092,0.27351695
857,female,wrinkled,concrete-positive,concrete-negative,ConceptualMatchingOnly,PositiveMismatch,ConceptualMatch:concrete,,0.09423400461673737,0.27565837,0.1527871
858,female,freezing,concrete-positive,concrete-negative,ConceptualMatchingOnly,PositiveMismatch,ConceptualMatch:concrete,,-0.03583875671029091,0.22125953,0.19079521
859,female,bloody,concrete-positive,concrete-negative,ConceptualMatchingOnly,PositiveMismatch,ConceptualMatch:concrete,,0.10118964314460754,0.1744015,0.20318821
860,newborn,toothless,concrete-positive,concrete-negative,ConceptualMatchingOnly,PositiveMismatch,ConceptualMatch:concrete,,0.07931183278560638,0.32792547,0.31053102
861,newborn,headless,concrete-positive,concrete-negative,ConceptualMatchingOnly,PositiveMismatch,ConceptualMatch:concrete,,0.11908571422100067,0.2832419,0.19609523
862,newborn,bloodshot,concrete-positive,concrete-negative,ConceptualMatchingOnly,PositiveMismatch,ConceptualMatch:concrete,,0.06055036187171936,0.16447325,0.2813383
863,newborn,rusted,concrete-positive,concrete-negative,ConceptualMatchingOnly,PositiveMismatch,ConceptualMatch:concrete,,0.07202331721782684,0.1898572,0.1915446
864,newborn,thorny,concrete-positive,concrete-negative,ConceptualMatchingOnly,PositiveMismatch,ConceptualMatch:concrete,,0.06378157436847687,0.16785854,0.2248822
865,newborn,hairy,concrete-positive,concrete-negative,ConceptualMatchingOnly,PositiveMismatch,ConceptualMatch:concrete,,0.1169552281498909,0.2420982,0.21009251
866,newborn,dirty,concrete-positive,concrete-negative,ConceptualMatchingOnly,PositiveMismatch,ConceptualMatch:concrete,,0.05368757247924805,0.30278304,0.26780802
867,newborn,wrinkled,concrete-positive,concrete-negative,ConceptualMatchingOnly,PositiveMismatch,ConceptualMatch:concrete,,0.2129632532596588,0.2742899,0.24067417
868,newborn,freezing,concrete-positive,concrete-negative,ConceptualMatchingOnly,PositiveMismatch,ConceptualMatch:concrete,,0.13199347257614136,0.21412627,0.21454841
869,newborn,bloody,concrete-positive,concrete-negative,ConceptualMatchingOnly,PositiveMismatch,ConceptualMatch:concrete,,0.1395508497953415,0.15972447,0.3338619
870,blooming,toothless,concrete-positive,concrete-negative,ConceptualMatchingOnly,PositiveMismatch,ConceptualMatch:concrete,,0.006866603158414364,0.19405402,0.18920508
871,blooming,headless,concrete-positive,concrete-negative,ConceptualMatchingOnly,PositiveMismatch,ConceptualMatch:concrete,,0.08637648075819016,0.19090728,0.09329829
872,blooming,bloodshot,concrete-positive,concrete-negative,ConceptualMatchingOnly,PositiveMismatch,ConceptualMatch:concrete,,0.08500795811414719,0.28762063,0.29357064
873,blooming,rusted,concrete-positive,concrete-negative,ConceptualMatchingOnly,PositiveMismatch,ConceptualMatch:concrete,,0.11414720118045807,0.36861026,0.31468552
874,blooming,thorny,concrete-positive,concrete-negative,ConceptualMatchingOnly,PositiveMismatch,ConceptualMatch:concrete,,0.1838819533586502,0.27210346,0.32738954
875,blooming,hairy,concrete-positive,concrete-negative,ConceptualMatchingOnly,PositiveMismatch,ConceptualMatch:concrete,,0.22296252846717834,0.3299811,0.26138097
876,blooming,dirty,concrete-positive,concrete-negative,ConceptualMatchingOnly,PositiveMismatch,ConceptualMatch:concrete,,0.10414580255746841,0.24609037,0.28862208
877,blooming,wrinkled,concrete-positive,concrete-negative,ConceptualMatchingOnly,PositiveMismatch,ConceptualMatch:concrete,,0.2153342068195343,0.28084192,0.2409488
878,blooming,freezing,concrete-positive,concrete-negative,ConceptualMatchingOnly,PositiveMismatch,ConceptualMatch:concrete,,0.14732520282268524,0.2106182,0.3984382
879,blooming,bloody,concrete-positive,concrete-negative,ConceptualMatchingOnly,PositiveMismatch,ConceptualMatch:concrete,,0.09710577875375748,0.17942254,0.31491083
880,orange,toothless,concrete-positive,concrete-negative,ConceptualMatchingOnly,PositiveMismatch,ConceptualMatch:concrete,,0.0756383091211319,0.21598187,0.31453153
881,orange,headless,concrete-positive,concrete-negative,ConceptualMatchingOnly,PositiveMismatch,ConceptualMatch:concrete,,0.13331221044063568,0.15792462,0.08991279
882,orange,bloodshot,concrete-positive,concrete-negative,ConceptualMatchingOnly,PositiveMismatch,ConceptualMatch:concrete,,0.15942198038101196,0.25852883,0.2618287
883,orange,rusted,concrete-positive,concrete-negative,ConceptualMatchingOnly,PositiveMismatch,ConceptualMatch:concrete,,0.18753142654895782,0.424516,0.35845768
884,orange,thorny,concrete-positive,concrete-negative,ConceptualMatchingOnly,PositiveMismatch,ConceptualMatch:concrete,,0.08428274095058441,0.2711107,0.25416845
885,orange,hairy,concrete-positive,concrete-negative,ConceptualMatchingOnly,PositiveMismatch,ConceptualMatch:concrete,,0.22420451045036316,0.35734358,0.24489604
886,orange,dirty,concrete-positive,concrete-negative,ConceptualMatchingOnly,PositiveMismatch,ConceptualMatch:concrete,,0.13619086146354675,0.3696971,0.39427787
887,orange,wrinkled,concrete-positive,concrete-negative,ConceptualMatchingOnly,PositiveMismatch,ConceptualMatch:concrete,,0.2480621337890625,0.36170042,0.24604174
888,orange,freezing,concrete-positive,concrete-negative,ConceptualMatchingOnly,PositiveMismatch,ConceptualMatch:concrete,,0.1165299043059349,0.22009137,0.22950096
889,orange,bloody,concrete-positive,concrete-negative,ConceptualMatchingOnly,PositiveMismatch,ConceptualMatch:concrete,,0.21201322972774506,0.27593213,0.24603802
890,starry,toothless,concrete-positive,concrete-negative,ConceptualMatchingOnly,PositiveMismatch,ConceptualMatch:concrete,,0.13486923277378082,0.2326266,0.37845963
891,starry,headless,concrete-positive,concrete-negative,ConceptualMatchingOnly,PositiveMismatch,ConceptualMatch:concrete,,0.1389671117067337,0.20215939,0.18722992
892,starry,bloodshot,concrete-positive,concrete-negative,ConceptualMatchingOnly,PositiveMismatch,ConceptualMatch:concrete,,0.15504145622253418,0.21009792,0.34158787
893,starry,rusted,concrete-positive,concrete-negative,ConceptualMatchingOnly,PositiveMismatch,ConceptualMatch:concrete,,0.10408522188663483,0.19561267,0.26098096
894,starry,thorny,concrete-positive,concrete-negative,ConceptualMatchingOnly,PositiveMismatch,ConceptualMatch:concrete,,0.16287732124328613,0.38205367,0.5012843
895,starry,hairy,concrete-positive,concrete-negative,ConceptualMatchingOnly,PositiveMismatch,ConceptualMatch:concrete,,0.2105114907026291,0.31618387,0.2589187
896,starry,dirty,concrete-positive,concrete-negative,ConceptualMatchingOnly,PositiveMismatch,ConceptualMatch:concrete,,0.08862271159887314,0.35720292,0.33502173
897,starry,wrinkled,concrete-positive,concrete-negative,ConceptualMatchingOnly,PositiveMismatch,ConceptualMatch:concrete,,0.19451430439949036,0.23832154,0.25156695
898,starry,freezing,concrete-positive,concrete-negative,ConceptualMatchingOnly,PositiveMismatch,ConceptualMatch:concrete,,0.12547358870506287,0.08224066,0.2353616
899,starry,bloody,concrete-positive,concrete-negative,ConceptualMatchingOnly,PositiveMismatch,ConceptualMatch:concrete,,0.10014941543340683,0.25074464,0.24316254
900,pregnant,toothless,concrete-positive,concrete-negative,ConceptualMatchingOnly,PositiveMismatch,ConceptualMatch:concrete,,0.07655799388885498,0.18437518,0.24487966
901,pregnant,headless,concrete-positive,concrete-negative,ConceptualMatchingOnly,PositiveMismatch,ConceptualMatch:concrete,,0.16573268175125122,0.17037806,0.14808917
902,pregnant,bloodshot,concrete-positive,concrete-negative,ConceptualMatchingOnly,PositiveMismatch,ConceptualMatch:concrete,,0.0644909143447876,0.19529657,0.2378919
903,pregnant,rusted,concrete-positive,concrete-negative,ConceptualMatchingOnly,PositiveMismatch,ConceptualMatch:concrete,,0.05311330035328865,0.30609995,0.28066504
904,pregnant,thorny,concrete-positive,concrete-negative,ConceptualMatchingOnly,PositiveMismatch,ConceptualMatch:concrete,,0.026998333632946014,0.15740356,0.22058761
905,pregnant,hairy,concrete-positive,concrete-negative,ConceptualMatchingOnly,PositiveMismatch,ConceptualMatch:concrete,,0.1212102472782135,0.2953824,0.26495928
906,pregnant,dirty,concrete-positive,concrete-negative,ConceptualMatchingOnly,PositiveMismatch,ConceptualMatch:concrete,,0.07791745662689209,0.31518728,0.3852209
907,pregnant,wrinkled,concrete-positive,concrete-negative,ConceptualMatchingOnly,PositiveMismatch,ConceptualMatch:concrete,,0.15777114033699036,0.24783906,0.36304638
908,pregnant,freezing,concrete-positive,concrete-negative,ConceptualMatchingOnly,PositiveMismatch,ConceptualMatch:concrete,,0.08518988639116287,0.23955968,0.34414336
909,pregnant,bloody,concrete-positive,concrete-negative,ConceptualMatchingOnly,PositiveMismatch,ConceptualMatch:concrete,,0.13015399873256683,0.21853188,0.3367601
910,handmade,toothless,concrete-positive,concrete-negative,ConceptualMatchingOnly,PositiveMismatch,ConceptualMatch:concrete,,0.06531419605016708,0.32771677,0.18763109
911,handmade,headless,concrete-positive,concrete-negative,ConceptualMatchingOnly,PositiveMismatch,ConceptualMatch:concrete,,0.18465441465377808,0.2618655,0.26529816
912,handmade,bloodshot,concrete-positive,concrete-negative,ConceptualMatchingOnly,PositiveMismatch,ConceptualMatch:concrete,,0.05085901543498039,0.22548667,0.21894443
913,handmade,rusted,concrete-positive,concrete-negative,ConceptualMatchingOnly,PositiveMismatch,ConceptualMatch:concrete,,0.24641408026218414,0.41155344,0.29373944
914,handmade,thorny,concrete-positive,concrete-negative,ConceptualMatchingOnly,PositiveMismatch,ConceptualMatch:concrete,,0.006990861147642136,0.19498132,0.2049911
915,handmade,hairy,concrete-positive,concrete-negative,ConceptualMatchingOnly,PositiveMismatch,ConceptualMatch:concrete,,0.11952638626098633,0.19997372,0.26692456
916,handmade,dirty,concrete-positive,concrete-negative,ConceptualMatchingOnly,PositiveMismatch,ConceptualMatch:concrete,,0.10557901859283447,0.2660313,0.19514084
917,handmade,wrinkled,concrete-positive,concrete-negative,ConceptualMatchingOnly,PositiveMismatch,ConceptualMatch:concrete,,0.24614819884300232,0.27422968,0.30128342
918,handmade,freezing,concrete-positive,concrete-negative,ConceptualMatchingOnly,PositiveMismatch,ConceptualMatch:concrete,,0.054791409522295,0.15935324,0.13597925
919,handmade,bloody,concrete-positive,concrete-negative,ConceptualMatchingOnly,PositiveMismatch,ConceptualMatch:concrete,,0.11220718175172806,0.22412592,0.255652
920,worthless,awful,abstract-negative,abstract-negative,MaxMatch,NegativeMatch,AbstractMatch,,0.29545339941978455,0.3765402,0.36982322
921,worthless,evil,abstract-negative,abstract-negative,MaxMatch,NegativeMatch,AbstractMatch,,0.1598198562860489,0.34901065,0.2498353
922,worthless,soulless,abstract-negative,abstract-negative,MaxMatch,NegativeMatch,AbstractMatch,,0.36416590213775635,0.40434965,0.44632322
923,worthless,heartless,abstract-negative,abstract-negative,MaxMatch,NegativeMatch,AbstractMatch,,0.31150829792022705,0.40073723,0.43095347
924,worthless,sexist,abstract-negative,abstract-negative,MaxMatch,NegativeMatch,AbstractMatch,,0.23077784478664398,0.17240556,0.18544486
925,worthless,crappy,abstract-negative,abstract-negative,MaxMatch,NegativeMatch,AbstractMatch,,0.37019431591033936,0.38414252,0.368849
926,worthless,stupid,abstract-negative,abstract-negative,MaxMatch,NegativeMatch,AbstractMatch,,0.46442052721977234,0.34211773,0.4084764
927,worthless,sinful,abstract-negative,abstract-negative,MaxMatch,NegativeMatch,AbstractMatch,,0.17043712735176086,0.29691747,0.28392816
928,worthless,disloyal,abstract-negative,abstract-negative,MaxMatch,NegativeMatch,AbstractMatch,,0.3325216472148895,0.21440125,0.28069514
929,awful,evil,abstract-negative,abstract-negative,MaxMatch,NegativeMatch,AbstractMatch,,0.30141761898994446,0.42662632,0.4206646
930,awful,soulless,abstract-negative,abstract-negative,MaxMatch,NegativeMatch,AbstractMatch,,0.37180453538894653,0.29763174,0.28403673
931,awful,heartless,abstract-negative,abstract-negative,MaxMatch,NegativeMatch,AbstractMatch,,0.309830904006958,0.3218382,0.31557313
932,awful,sexist,abstract-negative,abstract-negative,MaxMatch,NegativeMatch,AbstractMatch,,0.28917405009269714,0.20630491,0.21798772
933,awful,crappy,abstract-negative,abstract-negative,MaxMatch,NegativeMatch,AbstractMatch,,0.549927294254303,0.5130973,0.5499096
934,awful,stupid,abstract-negative,abstract-negative,MaxMatch,NegativeMatch,AbstractMatch,,0.5393929481506348,0.38384473,0.4508761
935,awful,sinful,abstract-negative,abstract-negative,MaxMatch,NegativeMatch,AbstractMatch,,0.25481879711151123,0.3335292,0.48339647
936,awful,disloyal,abstract-negative,abstract-negative,MaxMatch,NegativeMatch,AbstractMatch,,0.1451851725578308,0.1991063,0.35737306
937,evil,soulless,abstract-negative,abstract-negative,MaxMatch,NegativeMatch,AbstractMatch,,0.37919870018959045,0.37416434,0.3444023
938,evil,heartless,abstract-negative,abstract-negative,MaxMatch,NegativeMatch,AbstractMatch,,0.46342799067497253,0.2888297,0.35093707
939,evil,sexist,abstract-negative,abstract-negative,MaxMatch,NegativeMatch,AbstractMatch,,0.21229057013988495,0.23565707,0.19731489
940,evil,crappy,abstract-negative,abstract-negative,MaxMatch,NegativeMatch,AbstractMatch,,0.21969550848007202,0.25182885,0.29445714
941,evil,stupid,abstract-negative,abstract-negative,MaxMatch,NegativeMatch,AbstractMatch,,0.36789897084236145,0.26987118,0.35621926
942,evil,sinful,abstract-negative,abstract-negative,MaxMatch,NegativeMatch,AbstractMatch,,0.4670340120792389,0.40187317,0.5033194
943,evil,disloyal,abstract-negative,abstract-negative,MaxMatch,NegativeMatch,AbstractMatch,,0.2754025161266327,0.33920917,0.41666955
944,soulless,heartless,abstract-negative,abstract-negative,MaxMatch,NegativeMatch,AbstractMatch,,0.5175387263298035,0.7057456,0.7069411
945,soulless,sexist,abstract-negative,abstract-negative,MaxMatch,NegativeMatch,AbstractMatch,,0.27274832129478455,0.23824,0.16307455
946,soulless,crappy,abstract-negative,abstract-negative,MaxMatch,NegativeMatch,AbstractMatch,,0.4742234945297241,0.20584172,0.35911295
947,soulless,stupid,abstract-negative,abstract-negative,MaxMatch,NegativeMatch,AbstractMatch,,0.350640207529068,0.21610962,0.1939319
948,soulless,sinful,abstract-negative,abstract-negative,MaxMatch,NegativeMatch,AbstractMatch,,0.30385124683380127,0.3918272,0.4124778
949,soulless,disloyal,abstract-negative,abstract-negative,MaxMatch,NegativeMatch,AbstractMatch,,0.23081524670124054,0.34765682,0.31368485
950,heartless,sexist,abstract-negative,abstract-negative,MaxMatch,NegativeMatch,AbstractMatch,,0.37447217106819153,0.2157206,0.23637074
951,heartless,crappy,abstract-negative,abstract-negative,MaxMatch,NegativeMatch,AbstractMatch,,0.2882669270038605,0.2420111,0.3227576
952,heartless,stupid,abstract-negative,abstract-negative,MaxMatch,NegativeMatch,AbstractMatch,,0.5167984366416931,0.24701911,0.29982418
953,heartless,sinful,abstract-negative,abstract-negative,MaxMatch,NegativeMatch,AbstractMatch,,0.3706355392932892,0.39047578,0.4074397
954,heartless,disloyal,abstract-negative,abstract-negative,MaxMatch,NegativeMatch,AbstractMatch,,0.42445823550224304,0.38799924,0.44753352
955,sexist,crappy,abstract-negative,abstract-negative,MaxMatch,NegativeMatch,AbstractMatch,,0.3381052315235138,0.19885063,0.28594947
956,sexist,stupid,abstract-negative,abstract-negative,MaxMatch,NegativeMatch,AbstractMatch,,0.48524925112724304,0.2699639,0.3318351
957,sexist,sinful,abstract-negative,abstract-negative,MaxMatch,NegativeMatch,AbstractMatch,,0.32410165667533875,0.21549495,0.36596996
958,sexist,disloyal,abstract-negative,abstract-negative,MaxMatch,NegativeMatch,AbstractMatch,,0.36493584513664246,0.2653255,0.32214314
959,crappy,stupid,abstract-negative,abstract-negative,MaxMatch,NegativeMatch,AbstractMatch,,0.5291298627853394,0.49216226,0.3582951
960,crappy,sinful,abstract-negative,abstract-negative,MaxMatch,NegativeMatch,AbstractMatch,,0.20103105902671814,0.32372123,0.42848456
961,crappy,disloyal,abstract-negative,abstract-negative,MaxMatch,NegativeMatch,AbstractMatch,,0.1602918952703476,0.14590159,0.35493928
962,stupid,sinful,abstract-negative,abstract-negative,MaxMatch,NegativeMatch,AbstractMatch,,0.3534489572048187,0.21273215,0.45628545
963,stupid,disloyal,abstract-negative,abstract-negative,MaxMatch,NegativeMatch,AbstractMatch,,0.4239185154438019,0.18682699,0.3273482
964,sinful,disloyal,abstract-negative,abstract-negative,MaxMatch,NegativeMatch,AbstractMatch,,0.2957296669483185,0.32775182,0.53330475
965,toothless,headless,concrete-negative,concrete-negative,MaxMatch,NegativeMatch,ConcreteMatch,,0.40753915905952454,0.56544805,0.4130131
966,toothless,bloodshot,concrete-negative,concrete-negative,MaxMatch,NegativeMatch,ConcreteMatch,,0.1406276971101761,0.22532459,0.3406391
967,toothless,rusted,concrete-negative,concrete-negative,MaxMatch,NegativeMatch,ConcreteMatch,,0.22573122382164001,0.23946552,0.37220955
968,toothless,thorny,concrete-negative,concrete-negative,MaxMatch,NegativeMatch,ConcreteMatch,,0.17455628514289856,0.31430468,0.36397368
969,toothless,hairy,concrete-negative,concrete-negative,MaxMatch,NegativeMatch,ConcreteMatch,,0.2786847949028015,0.32963687,0.35607433
970,toothless,dirty,concrete-negative,concrete-negative,MaxMatch,NegativeMatch,ConcreteMatch,,0.23128625750541687,0.29772794,0.2690963
971,toothless,wrinkled,concrete-negative,concrete-negative,MaxMatch,NegativeMatch,ConcreteMatch,,0.22172829508781433,0.27379066,0.24541417
972,toothless,freezing,concrete-negative,concrete-negative,MaxMatch,NegativeMatch,ConcreteMatch,,0.08777495473623276,0.17788903,0.23836902
973,toothless,bloody,concrete-negative,concrete-negative,MaxMatch,NegativeMatch,ConcreteMatch,,0.20972417294979095,0.27463037,0.3053593
974,headless,bloodshot,concrete-negative,concrete-negative,MaxMatch,NegativeMatch,ConcreteMatch,,0.12722770869731903,0.281861,0.19652647
975,headless,rusted,concrete-negative,concrete-negative,MaxMatch,NegativeMatch,ConcreteMatch,,0.25902625918388367,0.24340703,0.11098435
976,headless,thorny,concrete-negative,concrete-negative,MaxMatch,NegativeMatch,ConcreteMatch,,0.13083674013614655,0.17685997,0.10258477
977,headless,hairy,concrete-negative,concrete-negative,MaxMatch,NegativeMatch,ConcreteMatch,,0.31582874059677124,0.37128288,0.2149381
978,headless,dirty,concrete-negative,concrete-negative,MaxMatch,NegativeMatch,ConcreteMatch,,0.15099889039993286,0.2555644,0.083299145
979,headless,wrinkled,concrete-negative,concrete-negative,MaxMatch,NegativeMatch,ConcreteMatch,,0.27227798104286194,0.2792339,0.042817336
980,headless,freezing,concrete-negative,concrete-negative,MaxMatch,NegativeMatch,ConcreteMatch,,0.022202005609869957,0.20324518,0.13190237
981,headless,bloody,concrete-negative,concrete-negative,MaxMatch,NegativeMatch,ConcreteMatch,,0.3028169572353363,0.19901907,0.16595642
982,bloodshot,rusted,concrete-negative,concrete-negative,MaxMatch,NegativeMatch,ConcreteMatch,,0.2008223831653595,0.2964161,0.31518131
983,bloodshot,thorny,concrete-negative,concrete-negative,MaxMatch,NegativeMatch,ConcreteMatch,,-0.03941504657268524,0.16918302,0.35960293
984,bloodshot,hairy,concrete-negative,concrete-negative,MaxMatch,NegativeMatch,ConcreteMatch,,0.1837986558675766,0.2753713,0.27793968
985,bloodshot,dirty,concrete-negative,concrete-negative,MaxMatch,NegativeMatch,ConcreteMatch,,0.15263627469539642,0.3582769,0.35654598
986,bloodshot,wrinkled,concrete-negative,concrete-negative,MaxMatch,NegativeMatch,ConcreteMatch,,0.34213411808013916,0.1916269,0.23217994
987,bloodshot,freezing,concrete-negative,concrete-negative,MaxMatch,NegativeMatch,ConcreteMatch,,0.039177343249320984,0.15239504,0.1659059
988,bloodshot,bloody,concrete-negative,concrete-negative,MaxMatch,NegativeMatch,ConcreteMatch,,0.12579123675823212,0.46955666,0.47378033
989,rusted,thorny,concrete-negative,concrete-negative,MaxMatch,NegativeMatch,ConcreteMatch,,0.15012328326702118,0.27135468,0.34759265
990,rusted,hairy,concrete-negative,concrete-negative,MaxMatch,NegativeMatch,ConcreteMatch,,0.21407538652420044,0.33883858,0.3227288
991,rusted,dirty,concrete-negative,concrete-negative,MaxMatch,NegativeMatch,ConcreteMatch,,0.2829607129096985,0.40423644,0.4757146
992,rusted,wrinkled,concrete-negative,concrete-negative,MaxMatch,NegativeMatch,ConcreteMatch,,0.43501052260398865,0.3929195,0.5430175
993,rusted,freezing,concrete-negative,concrete-negative,MaxMatch,NegativeMatch,ConcreteMatch,,0.07068953663110733,0.34492743,0.28928277
994,rusted,bloody,concrete-negative,concrete-negative,MaxMatch,NegativeMatch,ConcreteMatch,,0.2342069149017334,0.38313246,0.3898216
995,thorny,hairy,concrete-negative,concrete-negative,MaxMatch,NegativeMatch,ConcreteMatch,,0.28148308396339417,0.3891254,0.41411823
996,thorny,dirty,concrete-negative,concrete-negative,MaxMatch,NegativeMatch,ConcreteMatch,,0.1658443808555603,0.318413,0.35021433
997,thorny,wrinkled,concrete-negative,concrete-negative,MaxMatch,NegativeMatch,ConcreteMatch,,0.2096574604511261,0.26972768,0.40463492
998,thorny,freezing,concrete-negative,concrete-negative,MaxMatch,NegativeMatch,ConcreteMatch,,0.10347621887922287,0.1588395,0.17302427
999,thorny,bloody,concrete-negative,concrete-negative,MaxMatch,NegativeMatch,ConcreteMatch,,0.19285713136196136,0.22486664,0.38124552
1000,hairy,dirty,concrete-negative,concrete-negative,MaxMatch,NegativeMatch,ConcreteMatch,,0.36083170771598816,0.4931785,0.3760392
1001,hairy,wrinkled,concrete-negative,concrete-negative,MaxMatch,NegativeMatch,ConcreteMatch,,0.4473912715911865,0.5310531,0.38701388
1002,hairy,freezing,concrete-negative,concrete-negative,MaxMatch,NegativeMatch,ConcreteMatch,,0.1458905190229416,0.21428367,0.19242439
1003,hairy,bloody,concrete-negative,concrete-negative,MaxMatch,NegativeMatch,ConcreteMatch,,0.30960726737976074,0.30904317,0.3385567
1004,dirty,wrinkled,concrete-negative,concrete-negative,MaxMatch,NegativeMatch,ConcreteMatch,,0.3308395743370056,0.39432877,0.44191754
1005,dirty,freezing,concrete-negative,concrete-negative,MaxMatch,NegativeMatch,ConcreteMatch,,0.18123175203800201,0.1965891,0.30070215
1006,dirty,bloody,concrete-negative,concrete-negative,MaxMatch,NegativeMatch,ConcreteMatch,,0.40923529863357544,0.40058842,0.45940048
1007,wrinkled,freezing,concrete-negative,concrete-negative,MaxMatch,NegativeMatch,ConcreteMatch,,0.13818779587745667,0.25693274,0.31184238
1008,wrinkled,bloody,concrete-negative,concrete-negative,MaxMatch,NegativeMatch,ConcreteMatch,,0.2358192503452301,0.26920664,0.35449272
1009,freezing,bloody,concrete-negative,concrete-negative,MaxMatch,NegativeMatch,ConcreteMatch,,0.13020636141300201,0.1696588,0.27427918
1010,honest,lovable,abstract-positive,abstract-positive,MaxMatch,PositiveMatch,AbstractMatch,,0.22583888471126556,0.3175909,0.30037668
1011,honest,thankful,abstract-positive,abstract-positive,MaxMatch,PositiveMatch,AbstractMatch,,0.3004668951034546,0.38237298,0.30831367
1012,honest,splendid,abstract-positive,abstract-positive,MaxMatch,PositiveMatch,AbstractMatch,,0.11180948466062546,0.2543196,0.23997606
1013,honest,possible,abstract-positive,abstract-positive,MaxMatch,PositiveMatch,AbstractMatch,,0.1931866705417633,0.18520883,0.170007
1014,honest,sensible,abstract-positive,abstract-positive,MaxMatch,PositiveMatch,AbstractMatch,,0.3964308202266693,0.28351897,0.3893662
1015,honest,mindful,abstract-positive,abstract-positive,MaxMatch,PositiveMatch,AbstractMatch,,0.29105618596076965,0.39727238,0.33904427
1016,honest,pleasant,abstract-positive,abstract-positive,MaxMatch,PositiveMatch,AbstractMatch,,0.32527753710746765,0.40670326,0.3726578
1017,honest,helpful,abstract-positive,abstract-positive,MaxMatch,PositiveMatch,AbstractMatch,,0.2874770760536194,0.31655103,0.29780614
1018,honest,divine,abstract-positive,abstract-positive,MaxMatch,PositiveMatch,AbstractMatch,,0.16846199333667755,0.24705754,0.2523612
1019,lovable,thankful,abstract-positive,abstract-positive,MaxMatch,PositiveMatch,AbstractMatch,,0.2075442224740982,0.3257439,0.34907892
1020,lovable,splendid,abstract-positive,abstract-positive,MaxMatch,PositiveMatch,AbstractMatch,,0.20540623366832733,0.33198273,0.4119935
1021,lovable,possible,abstract-positive,abstract-positive,MaxMatch,PositiveMatch,AbstractMatch,,-0.005133340135216713,0.30220598,0.1454895
1022,lovable,sensible,abstract-positive,abstract-positive,MaxMatch,PositiveMatch,AbstractMatch,,0.16519847512245178,0.24876451,0.29182696
1023,lovable,mindful,abstract-positive,abstract-positive,MaxMatch,PositiveMatch,AbstractMatch,,0.0761202722787857,0.3662619,0.3145312
1024,lovable,pleasant,abstract-positive,abstract-positive,MaxMatch,PositiveMatch,AbstractMatch,,0.32755744457244873,0.36812642,0.45045525
1025,lovable,helpful,abstract-positive,abstract-positive,MaxMatch,PositiveMatch,AbstractMatch,,0.16515296697616577,0.23596841,0.29182744
1026,lovable,divine,abstract-positive,abstract-positive,MaxMatch,PositiveMatch,AbstractMatch,,0.12293031811714172,0.4145411,0.40905258
1027,thankful,splendid,abstract-positive,abstract-positive,MaxMatch,PositiveMatch,AbstractMatch,,0.1727619469165802,0.43670166,0.43803987
1028,thankful,possible,abstract-positive,abstract-positive,MaxMatch,PositiveMatch,AbstractMatch,,0.12726664543151855,0.1892258,0.15010652
1029,thankful,sensible,abstract-positive,abstract-positive,MaxMatch,PositiveMatch,AbstractMatch,,0.13987071812152863,0.24647543,0.25548342
1030,thankful,mindful,abstract-positive,abstract-positive,MaxMatch,PositiveMatch,AbstractMatch,,0.4040069580078125,0.41741323,0.39603692
1031,thankful,pleasant,abstract-positive,abstract-positive,MaxMatch,PositiveMatch,AbstractMatch,,0.2677825093269348,0.4113859,0.51324856
1032,thankful,helpful,abstract-positive,abstract-positive,MaxMatch,PositiveMatch,AbstractMatch,,0.3077520430088043,0.44577736,0.44776568
1033,thankful,divine,abstract-positive,abstract-positive,MaxMatch,PositiveMatch,AbstractMatch,,0.18324656784534454,0.34447104,0.33082736
1034,splendid,possible,abstract-positive,abstract-positive,MaxMatch,PositiveMatch,AbstractMatch,,0.03353789821267128,0.26771927,0.17132428
1035,splendid,sensible,abstract-positive,abstract-positive,MaxMatch,PositiveMatch,AbstractMatch,,0.2518783509731293,0.34464175,0.38151452
1036,splendid,mindful,abstract-positive,abstract-positive,MaxMatch,PositiveMatch,AbstractMatch,,0.04032280668616295,0.37174457,0.2720696
1037,splendid,pleasant,abstract-positive,abstract-positive,MaxMatch,PositiveMatch,AbstractMatch,,0.4549587368965149,0.54698837,0.5105754
1038,splendid,helpful,abstract-positive,abstract-positive,MaxMatch,PositiveMatch,AbstractMatch,,0.1094224750995636,0.36433506,0.34223437
1039,splendid,divine,abstract-positive,abstract-positive,MaxMatch,PositiveMatch,AbstractMatch,,0.26477211713790894,0.32489362,0.4703321
1040,possible,sensible,abstract-positive,abstract-positive,MaxMatch,PositiveMatch,AbstractMatch,,0.3263952434062958,0.28622544,0.10681461
1041,possible,mindful,abstract-positive,abstract-positive,MaxMatch,PositiveMatch,AbstractMatch,,0.23909789323806763,0.22126994,0.10691658
1042,possible,pleasant,abstract-positive,abstract-positive,MaxMatch,PositiveMatch,AbstractMatch,,0.1971585750579834,0.2069385,0.18938693
1043,possible,helpful,abstract-positive,abstract-positive,MaxMatch,PositiveMatch,AbstractMatch,,0.33191782236099243,0.33340192,0.25703207
1044,possible,divine,abstract-positive,abstract-positive,MaxMatch,PositiveMatch,AbstractMatch,,0.12556910514831543,0.24193005,0.21284322
1045,sensible,mindful,abstract-positive,abstract-positive,MaxMatch,PositiveMatch,AbstractMatch,,0.2639760673046112,0.43438146,0.42170396
1046,sensible,pleasant,abstract-positive,abstract-positive,MaxMatch,PositiveMatch,AbstractMatch,,0.40203118324279785,0.375905,0.31407988
1047,sensible,helpful,abstract-positive,abstract-positive,MaxMatch,PositiveMatch,AbstractMatch,,0.3958199620246887,0.35990056,0.33154064
1048,sensible,divine,abstract-positive,abstract-positive,MaxMatch,PositiveMatch,AbstractMatch,,0.1601428985595703,0.28346688,0.31049246
1049,mindful,pleasant,abstract-positive,abstract-positive,MaxMatch,PositiveMatch,AbstractMatch,,0.20540054142475128,0.4701265,0.39256364
1050,mindful,helpful,abstract-positive,abstract-positive,MaxMatch,PositiveMatch,AbstractMatch,,0.2340097576379776,0.45183095,0.37089068
1051,mindful,divine,abstract-positive,abstract-positive,MaxMatch,PositiveMatch,AbstractMatch,,0.16686813533306122,0.3829087,0.37924808
1052,pleasant,helpful,abstract-positive,abstract-positive,MaxMatch,PositiveMatch,AbstractMatch,,0.41870975494384766,0.399621,0.39411616
1053,pleasant,divine,abstract-positive,abstract-positive,MaxMatch,PositiveMatch,AbstractMatch,,0.16001099348068237,0.42492396,0.37906107
1054,helpful,divine,abstract-positive,abstract-positive,MaxMatch,PositiveMatch,AbstractMatch,,0.11973007768392563,0.32530773,0.28317302
1055,sunny,lilac,concrete-positive,concrete-positive,MaxMatch,PositiveMatch,ConcreteMatch,,0.2879136800765991,0.3655509,0.39497653
1056,sunny,human,concrete-positive,concrete-positive,MaxMatch,PositiveMatch,ConcreteMatch,,-0.006038934923708439,0.33830732,0.31909204
1057,sunny,female,concrete-positive,concrete-positive,MaxMatch,PositiveMatch,ConcreteMatch,,0.07367604225873947,0.32622206,0.2506812
1058,sunny,newborn,concrete-positive,concrete-positive,MaxMatch,PositiveMatch,ConcreteMatch,,0.12549848854541779,0.24869429,0.17975232
1059,sunny,blooming,concrete-positive,concrete-positive,MaxMatch,PositiveMatch,ConcreteMatch,,0.3555769920349121,0.3841045,0.32963604
1060,sunny,orange,concrete-positive,concrete-positive,MaxMatch,PositiveMatch,ConcreteMatch,,0.1933981329202652,0.44716263,0.41405255
1061,sunny,starry,concrete-positive,concrete-positive,MaxMatch,PositiveMatch,ConcreteMatch,,0.388208270072937,0.46335578,0.47651204
1062,sunny,pregnant,concrete-positive,concrete-positive,MaxMatch,PositiveMatch,ConcreteMatch,,0.08790180087089539,0.24462043,0.2625854
1063,sunny,handmade,concrete-positive,concrete-positive,MaxMatch,PositiveMatch,ConcreteMatch,,0.13561289012432098,0.15508354,0.13588163
1064,lilac,human,concrete-positive,concrete-positive,MaxMatch,PositiveMatch,ConcreteMatch,,-0.026407113298773766,0.2597864,0.25237983
1065,lilac,female,concrete-positive,concrete-positive,MaxMatch,PositiveMatch,ConcreteMatch,,0.07462649792432785,0.30305943,0.2653091
1066,lilac,newborn,concrete-positive,concrete-positive,MaxMatch,PositiveMatch,ConcreteMatch,,0.09084862470626831,0.24557728,0.24356511
1067,lilac,blooming,concrete-positive,concrete-positive,MaxMatch,PositiveMatch,ConcreteMatch,,0.4511730372905731,0.36182722,0.47929126
1068,lilac,orange,concrete-positive,concrete-positive,MaxMatch,PositiveMatch,ConcreteMatch,,0.33908289670944214,0.40222397,0.47488415
1069,lilac,starry,concrete-positive,concrete-positive,MaxMatch,PositiveMatch,ConcreteMatch,,0.2984420955181122,0.41137147,0.34329903
1070,lilac,pregnant,concrete-positive,concrete-positive,MaxMatch,PositiveMatch,ConcreteMatch,,0.09852171689271927,0.23655912,0.20614937
1071,lilac,handmade,concrete-positive,concrete-positive,MaxMatch,PositiveMatch,ConcreteMatch,,0.28536680340766907,0.2393023,0.23093292
1072,human,female,concrete-positive,concrete-positive,MaxMatch,PositiveMatch,ConcreteMatch,,0.2493927925825119,0.54020274,0.54833853
1073,human,newborn,concrete-positive,concrete-positive,MaxMatch,PositiveMatch,ConcreteMatch,,0.22743001580238342,0.33671904,0.3244889
1074,human,blooming,concrete-positive,concrete-positive,MaxMatch,PositiveMatch,ConcreteMatch,,0.04289887472987175,0.15854758,0.23372829
1075,human,orange,concrete-positive,concrete-positive,MaxMatch,PositiveMatch,ConcreteMatch,,0.043660685420036316,0.30951402,0.3266695
1076,human,starry,concrete-positive,concrete-positive,MaxMatch,PositiveMatch,ConcreteMatch,,0.06156844273209572,0.21919961,0.2327156
1077,human,pregnant,concrete-positive,concrete-positive,MaxMatch,PositiveMatch,ConcreteMatch,,0.17735639214515686,0.30971313,0.31275803
1078,human,handmade,concrete-positive,concrete-positive,MaxMatch,PositiveMatch,ConcreteMatch,,0.06743232160806656,0.26036,0.30296752
1079,female,newborn,concrete-positive,concrete-positive,MaxMatch,PositiveMatch,ConcreteMatch,,0.15821212530136108,0.29365164,0.30681944
1080,female,blooming,concrete-positive,concrete-positive,MaxMatch,PositiveMatch,ConcreteMatch,,0.06815943866968155,0.21170679,0.29420233
1081,female,orange,concrete-positive,concrete-positive,MaxMatch,PositiveMatch,ConcreteMatch,,0.09865068644285202,0.36652905,0.3166712
1082,female,starry,concrete-positive,concrete-positive,MaxMatch,PositiveMatch,ConcreteMatch,,0.06743967533111572,0.20927873,0.2378416
1083,female,pregnant,concrete-positive,concrete-positive,MaxMatch,PositiveMatch,ConcreteMatch,,0.33307281136512756,0.38979962,0.35389495
1084,female,handmade,concrete-positive,concrete-positive,MaxMatch,PositiveMatch,ConcreteMatch,,0.07260514050722122,0.25367594,0.26956365
1085,newborn,blooming,concrete-positive,concrete-positive,MaxMatch,PositiveMatch,ConcreteMatch,,0.1551973819732666,0.18753844,0.30744803
1086,newborn,orange,concrete-positive,concrete-positive,MaxMatch,PositiveMatch,ConcreteMatch,,0.05816755071282387,0.29811242,0.2717544
1087,newborn,starry,concrete-positive,concrete-positive,MaxMatch,PositiveMatch,ConcreteMatch,,0.10824545472860336,0.20183551,0.21136542
1088,newborn,pregnant,concrete-positive,concrete-positive,MaxMatch,PositiveMatch,ConcreteMatch,,0.515674889087677,0.5164556,0.45814678
1089,newborn,handmade,concrete-positive,concrete-positive,MaxMatch,PositiveMatch,ConcreteMatch,,0.13994646072387695,0.21115692,0.26549104
1090,blooming,orange,concrete-positive,concrete-positive,MaxMatch,PositiveMatch,ConcreteMatch,,0.1317235678434372,0.28221563,0.287086
1091,blooming,starry,concrete-positive,concrete-positive,MaxMatch,PositiveMatch,ConcreteMatch,,0.28262558579444885,0.36832994,0.33788976
1092,blooming,pregnant,concrete-positive,concrete-positive,MaxMatch,PositiveMatch,ConcreteMatch,,0.11125075817108154,0.28966707,0.3634989
1093,blooming,handmade,concrete-positive,concrete-positive,MaxMatch,PositiveMatch,ConcreteMatch,,0.13108797371387482,0.22991525,0.25108814
1094,orange,starry,concrete-positive,concrete-positive,MaxMatch,PositiveMatch,ConcreteMatch,,0.14662635326385498,0.29456103,0.31881538
1095,orange,pregnant,concrete-positive,concrete-positive,MaxMatch,PositiveMatch,ConcreteMatch,,0.04103074222803116,0.27943385,0.31089267
1096,orange,handmade,concrete-positive,concrete-positive,MaxMatch,PositiveMatch,ConcreteMatch,,0.23053640127182007,0.26824898,0.15906611
1097,starry,pregnant,concrete-positive,concrete-positive,MaxMatch,PositiveMatch,ConcreteMatch,,0.06645649671554565,0.20000961,0.22766274
1098,starry,handmade,concrete-positive,concrete-positive,MaxMatch,PositiveMatch,ConcreteMatch,,0.1359192430973053,0.2035841,0.23865241
1099,pregnant,handmade,concrete-positive,concrete-positive,MaxMatch,PositiveMatch,ConcreteMatch,,0.0684460699558258,0.19384246,0.20821004
1100,honest,toothless,abstract-positive,concrete-negative,MaxMismatch,PositiveMismatch,AbstractMismatch,,0.23250944912433624,0.24289402,0.23686966
1101,honest,headless,abstract-positive,concrete-negative,MaxMismatch,PositiveMismatch,AbstractMismatch,,0.04102848470211029,0.19685283,0.16025889
1102,honest,bloodshot,abstract-positive,concrete-negative,MaxMismatch,PositiveMismatch,AbstractMismatch,,0.14794695377349854,0.21420379,0.17194399
1103,honest,rusted,abstract-positive,concrete-negative,MaxMismatch,PositiveMismatch,AbstractMismatch,,0.05117436870932579,0.16324466,0.18279941
1104,honest,thorny,abstract-positive,concrete-negative,MaxMismatch,PositiveMismatch,AbstractMismatch,,0.1212255135178566,0.14858963,0.23585458
1105,honest,hairy,abstract-positive,concrete-negative,MaxMismatch,PositiveMismatch,AbstractMismatch,,0.07832015305757523,0.35091507,0.2401244
1106,honest,dirty,abstract-positive,concrete-negative,MaxMismatch,PositiveMismatch,AbstractMismatch,,0.24816955626010895,0.3404059,0.37851983
1107,honest,wrinkled,abstract-positive,concrete-negative,MaxMismatch,PositiveMismatch,AbstractMismatch,,0.0852629765868187,0.17914027,0.18322253
1108,honest,freezing,abstract-positive,concrete-negative,MaxMismatch,PositiveMismatch,AbstractMismatch,,0.048799145966768265,0.054011684,0.18848975
1109,honest,bloody,abstract-positive,concrete-negative,MaxMismatch,PositiveMismatch,AbstractMismatch,,0.12062476575374603,0.3349415,0.24037111
1110,lovable,toothless,abstract-positive,concrete-negative,MaxMismatch,PositiveMismatch,AbstractMismatch,,0.27622926235198975,0.3258683,0.2714662
1111,lovable,headless,abstract-positive,concrete-negative,MaxMismatch,PositiveMismatch,AbstractMismatch,,0.22359053790569305,0.27599567,0.1403836
1112,lovable,bloodshot,abstract-positive,concrete-negative,MaxMismatch,PositiveMismatch,AbstractMismatch,,0.13529182970523834,0.18718605,0.17352197
1113,lovable,rusted,abstract-positive,concrete-negative,MaxMismatch,PositiveMismatch,AbstractMismatch,,0.1604050248861313,0.27829984,0.16451442
1114,lovable,thorny,abstract-positive,concrete-negative,MaxMismatch,PositiveMismatch,AbstractMismatch,,0.11271805316209793,0.29270995,0.30305126
1115,lovable,hairy,abstract-positive,concrete-negative,MaxMismatch,PositiveMismatch,AbstractMismatch,,0.3672413229942322,0.39683038,0.2229765
1116,lovable,dirty,abstract-positive,concrete-negative,MaxMismatch,PositiveMismatch,AbstractMismatch,,0.16575266420841217,0.25390676,0.25591287
1117,lovable,wrinkled,abstract-positive,concrete-negative,MaxMismatch,PositiveMismatch,AbstractMismatch,,0.23900750279426575,0.33091098,0.19230168
1118,lovable,freezing,abstract-positive,concrete-negative,MaxMismatch,PositiveMismatch,AbstractMismatch,,0.015190988779067993,0.1574282,0.1871439
1119,lovable,bloody,abstract-positive,concrete-negative,MaxMismatch,PositiveMismatch,AbstractMismatch,,0.1429997980594635,0.28439504,0.26042277
1120,thankful,toothless,abstract-positive,concrete-negative,MaxMismatch,PositiveMismatch,AbstractMismatch,,0.05760379880666733,0.23319894,0.26212883
1121,thankful,headless,abstract-positive,concrete-negative,MaxMismatch,PositiveMismatch,AbstractMismatch,,-0.05217645689845085,0.1574733,0.11151957
1122,thankful,bloodshot,abstract-positive,concrete-negative,MaxMismatch,PositiveMismatch,AbstractMismatch,,0.12130427360534668,0.15963306,0.19226398
1123,thankful,rusted,abstract-positive,concrete-negative,MaxMismatch,PositiveMismatch,AbstractMismatch,,0.08029312640428543,0.24070439,0.18421084
1124,thankful,thorny,abstract-positive,concrete-negative,MaxMismatch,PositiveMismatch,AbstractMismatch,,0.048883166164159775,0.17453974,0.254995
1125,thankful,hairy,abstract-positive,concrete-negative,MaxMismatch,PositiveMismatch,AbstractMismatch,,0.1344272345304489,0.34685323,0.22155057
1126,thankful,dirty,abstract-positive,concrete-negative,MaxMismatch,PositiveMismatch,AbstractMismatch,,0.0875253900885582,0.23627743,0.27951628
1127,thankful,wrinkled,abstract-positive,concrete-negative,MaxMismatch,PositiveMismatch,AbstractMismatch,,0.0893058031797409,0.20606025,0.19429511
1128,thankful,freezing,abstract-positive,concrete-negative,MaxMismatch,PositiveMismatch,AbstractMismatch,,0.041462771594524384,0.106749654,0.18123043
1129,thankful,bloody,abstract-positive,concrete-negative,MaxMismatch,PositiveMismatch,AbstractMismatch,,0.1017836481332779,0.3815356,0.3129259
1130,splendid,toothless,abstract-positive,concrete-negative,MaxMismatch,PositiveMismatch,AbstractMismatch,,0.1540033221244812,0.23172158,0.22964108
1131,splendid,headless,abstract-positive,concrete-negative,MaxMismatch,PositiveMismatch,AbstractMismatch,,0.19912463426589966,0.21990165,0.1014643
1132,splendid,bloodshot,abstract-positive,concrete-negative,MaxMismatch,PositiveMismatch,AbstractMismatch,,0.04383096471428871,0.13495025,0.11537635
1133,splendid,rusted,abstract-positive,concrete-negative,MaxMismatch,PositiveMismatch,AbstractMismatch,,0.13051067292690277,0.21820092,0.23842391
1134,splendid,thorny,abstract-positive,concrete-negative,MaxMismatch,PositiveMismatch,AbstractMismatch,,0.1367294043302536,0.20100605,0.23488465
1135,splendid,hairy,abstract-positive,concrete-negative,MaxMismatch,PositiveMismatch,AbstractMismatch,,0.18972481787204742,0.3280118,0.19428188
1136,splendid,dirty,abstract-positive,concrete-negative,MaxMismatch,PositiveMismatch,AbstractMismatch,,0.08737457543611526,0.26759422,0.21249387
1137,splendid,wrinkled,abstract-positive,concrete-negative,MaxMismatch,PositiveMismatch,AbstractMismatch,,0.08802101761102676,0.27986425,0.18656793
1138,splendid,freezing,abstract-positive,concrete-negative,MaxMismatch,PositiveMismatch,AbstractMismatch,,0.07267028093338013,0.164874,0.22557923
1139,splendid,bloody,abstract-positive,concrete-negative,MaxMismatch,PositiveMismatch,AbstractMismatch,,0.15991276502609253,0.33924168,0.32102355
1140,possible,toothless,abstract-positive,concrete-negative,MaxMismatch,PositiveMismatch,AbstractMismatch,,-0.007000264711678028,0.19917099,0.08057973
1141,possible,headless,abstract-positive,concrete-negative,MaxMismatch,PositiveMismatch,AbstractMismatch,,-0.0209822915494442,0.2329584,0.13250703
1142,possible,bloodshot,abstract-positive,concrete-negative,MaxMismatch,PositiveMismatch,AbstractMismatch,,-0.041054584085941315,0.17719376,0.12840472
1143,possible,rusted,abstract-positive,concrete-negative,MaxMismatch,PositiveMismatch,AbstractMismatch,,0.010875742882490158,0.23987713,0.17190199
1144,possible,thorny,abstract-positive,concrete-negative,MaxMismatch,PositiveMismatch,AbstractMismatch,,0.16376450657844543,0.17861074,0.12879354
1145,possible,hairy,abstract-positive,concrete-negative,MaxMismatch,PositiveMismatch,AbstractMismatch,,0.05369294807314873,0.25718567,0.10395657
1146,possible,dirty,abstract-positive,concrete-negative,MaxMismatch,PositiveMismatch,AbstractMismatch,,0.0719829872250557,0.18306243,0.17912027
1147,possible,wrinkled,abstract-positive,concrete-negative,MaxMismatch,PositiveMismatch,AbstractMismatch,,-0.009498235769569874,0.24076492,0.16196623
1148,possible,freezing,abstract-positive,concrete-negative,MaxMismatch,PositiveMismatch,AbstractMismatch,,0.16047795116901398,0.26589125,0.14330873
1149,possible,bloody,abstract-positive,concrete-negative,MaxMismatch,PositiveMismatch,AbstractMismatch,,0.05086389556527138,0.33493507,0.12411717
1150,sensible,toothless,abstract-positive,concrete-negative,MaxMismatch,PositiveMismatch,AbstractMismatch,,0.23400428891181946,0.15188166,0.26800004
1151,sensible,headless,abstract-positive,concrete-negative,MaxMismatch,PositiveMismatch,AbstractMismatch,,0.10833331942558289,0.2193708,0.1750812
1152,sensible,bloodshot,abstract-positive,concrete-negative,MaxMismatch,PositiveMismatch,AbstractMismatch,,-0.006853591650724411,0.13524239,0.15778582
1153,sensible,rusted,abstract-positive,concrete-negative,MaxMismatch,PositiveMismatch,AbstractMismatch,,0.02209813892841339,0.20893691,0.2749006
1154,sensible,thorny,abstract-positive,concrete-negative,MaxMismatch,PositiveMismatch,AbstractMismatch,,0.25041627883911133,0.19806328,0.275121
1155,sensible,hairy,abstract-positive,concrete-negative,MaxMismatch,PositiveMismatch,AbstractMismatch,,0.1777251958847046,0.27534083,0.27434924
1156,sensible,dirty,abstract-positive,concrete-negative,MaxMismatch,PositiveMismatch,AbstractMismatch,,0.12350235879421234,0.30349094,0.3591559
1157,sensible,wrinkled,abstract-positive,concrete-negative,MaxMismatch,PositiveMismatch,AbstractMismatch,,0.05629275366663933,0.24277385,0.25284368
1158,sensible,freezing,abstract-positive,concrete-negative,MaxMismatch,PositiveMismatch,AbstractMismatch,,0.15156127512454987,0.18009594,0.23189831
1159,sensible,bloody,abstract-positive,concrete-negative,MaxMismatch,PositiveMismatch,AbstractMismatch,,0.1237344741821289,0.31770954,0.31904316
1160,mindful,toothless,abstract-positive,concrete-negative,MaxMismatch,PositiveMismatch,AbstractMismatch,,0.09829162061214447,0.2539281,0.31061542
1161,mindful,headless,abstract-positive,concrete-negative,MaxMismatch,PositiveMismatch,AbstractMismatch,,-0.04086029529571533,0.33069038,0.25384954
1162,mindful,bloodshot,abstract-positive,concrete-negative,MaxMismatch,PositiveMismatch,AbstractMismatch,,0.13724155724048615,0.13599177,0.2054672
1163,mindful,rusted,abstract-positive,concrete-negative,MaxMismatch,PositiveMismatch,AbstractMismatch,,-0.026407433673739433,0.26474983,0.21544379
1164,mindful,thorny,abstract-positive,concrete-negative,MaxMismatch,PositiveMismatch,AbstractMismatch,,0.1642093062400818,0.262923,0.24443166
1165,mindful,hairy,abstract-positive,concrete-negative,MaxMismatch,PositiveMismatch,AbstractMismatch,,0.036976464092731476,0.30132508,0.17464566
1166,mindful,dirty,abstract-positive,concrete-negative,MaxMismatch,PositiveMismatch,AbstractMismatch,,0.10759573429822922,0.33589336,0.27383506
1167,mindful,wrinkled,abstract-positive,concrete-negative,MaxMismatch,PositiveMismatch,AbstractMismatch,,0.026579197496175766,0.21889453,0.24709845
1168,mindful,freezing,abstract-positive,concrete-negative,MaxMismatch,PositiveMismatch,AbstractMismatch,,0.0539996474981308,0.17360148,0.24289839
1169,mindful,bloody,abstract-positive,concrete-negative,MaxMismatch,PositiveMismatch,AbstractMismatch,,0.09324738383293152,0.24234033,0.2153152
1170,pleasant,toothless,abstract-positive,concrete-negative,MaxMismatch,PositiveMismatch,AbstractMismatch,,0.16763989627361298,0.27061287,0.33542076
1171,pleasant,headless,abstract-positive,concrete-negative,MaxMismatch,PositiveMismatch,AbstractMismatch,,0.07422908395528793,0.24806893,0.124348976
1172,pleasant,bloodshot,abstract-positive,concrete-negative,MaxMismatch,PositiveMismatch,AbstractMismatch,,0.15567417442798615,0.22713277,0.17898917
1173,pleasant,rusted,abstract-positive,concrete-negative,MaxMismatch,PositiveMismatch,AbstractMismatch,,0.10168460756540298,0.34753364,0.23779157
1174,pleasant,thorny,abstract-positive,concrete-negative,MaxMismatch,PositiveMismatch,AbstractMismatch,,0.18924401700496674,0.26802748,0.39286238
1175,pleasant,hairy,abstract-positive,concrete-negative,MaxMismatch,PositiveMismatch,AbstractMismatch,,0.28191423416137695,0.41910535,0.26112577
1176,pleasant,dirty,abstract-positive,concrete-negative,MaxMismatch,PositiveMismatch,AbstractMismatch,,0.21637649834156036,0.39502248,0.33750266
1177,pleasant,wrinkled,abstract-positive,concrete-negative,MaxMismatch,PositiveMismatch,AbstractMismatch,,0.18379490077495575,0.30174822,0.23166461
1178,pleasant,freezing,abstract-positive,concrete-negative,MaxMismatch,PositiveMismatch,AbstractMismatch,,0.16263175010681152,0.09287511,0.26272014
1179,pleasant,bloody,abstract-positive,concrete-negative,MaxMismatch,PositiveMismatch,AbstractMismatch,,0.16310594975948334,0.32004005,0.36011437
1180,helpful,toothless,abstract-positive,concrete-negative,MaxMismatch,PositiveMismatch,AbstractMismatch,,0.14083003997802734,0.20948899,0.14803903
1181,helpful,headless,abstract-positive,concrete-negative,MaxMismatch,PositiveMismatch,AbstractMismatch,,0.002881665714085102,0.23535043,0.11364432
1182,helpful,bloodshot,abstract-positive,concrete-negative,MaxMismatch,PositiveMismatch,AbstractMismatch,,0.05842241272330284,0.18227825,0.12010521
1183,helpful,rusted,abstract-positive,concrete-negative,MaxMismatch,PositiveMismatch,AbstractMismatch,,0.07016177475452423,0.23545846,0.21110572
1184,helpful,thorny,abstract-positive,concrete-negative,MaxMismatch,PositiveMismatch,AbstractMismatch,,0.21945440769195557,0.20238382,0.22201988
1185,helpful,hairy,abstract-positive,concrete-negative,MaxMismatch,PositiveMismatch,AbstractMismatch,,0.18687179684638977,0.39255524,0.14962941
1186,helpful,dirty,abstract-positive,concrete-negative,MaxMismatch,PositiveMismatch,AbstractMismatch,,0.15953098237514496,0.37265742,0.21396689
1187,helpful,wrinkled,abstract-positive,concrete-negative,MaxMismatch,PositiveMismatch,AbstractMismatch,,0.0671023577451706,0.26040253,0.16731255
1188,helpful,freezing,abstract-positive,concrete-negative,MaxMismatch,PositiveMismatch,AbstractMismatch,,0.04614346846938133,0.18059132,0.22562578
1189,helpful,bloody,abstract-positive,concrete-negative,MaxMismatch,PositiveMismatch,AbstractMismatch,,0.06544404476881027,0.29557666,0.25548902
1190,divine,toothless,abstract-positive,concrete-negative,MaxMismatch,PositiveMismatch,AbstractMismatch,,0.12755423784255981,0.2245001,0.2542907
1191,divine,headless,abstract-positive,concrete-negative,MaxMismatch,PositiveMismatch,AbstractMismatch,,0.2029222846031189,0.24257535,0.1343893
1192,divine,bloodshot,abstract-positive,concrete-negative,MaxMismatch,PositiveMismatch,AbstractMismatch,,0.07587853074073792,0.26800662,0.23498219
1193,divine,rusted,abstract-positive,concrete-negative,MaxMismatch,PositiveMismatch,AbstractMismatch,,0.06790530681610107,0.27765748,0.2205061
1194,divine,thorny,abstract-positive,concrete-negative,MaxMismatch,PositiveMismatch,AbstractMismatch,,0.0985436663031578,0.20710343,0.26482606
1195,divine,hairy,abstract-positive,concrete-negative,MaxMismatch,PositiveMismatch,AbstractMismatch,,0.14504490792751312,0.3570239,0.24112776
1196,divine,dirty,abstract-positive,concrete-negative,MaxMismatch,PositiveMismatch,AbstractMismatch,,0.09640052169561386,0.32409954,0.30913496
1197,divine,wrinkled,abstract-positive,concrete-negative,MaxMismatch,PositiveMismatch,AbstractMismatch,,0.11073918640613556,0.23365408,0.19399294
1198,divine,freezing,abstract-positive,concrete-negative,MaxMismatch,PositiveMismatch,AbstractMismatch,,0.037501655519008636,0.14451051,0.21043761
1199,divine,bloody,abstract-positive,concrete-negative,MaxMismatch,PositiveMismatch,AbstractMismatch,,0.12733042240142822,0.20105052,0.34026715
1200,worthless,worthless,abstract-negative,abstract-negative,SelfPair,,,A,1.0,1.0,0.99999994
1201,awful,awful,abstract-negative,abstract-negative,SelfPair,,,B,0.9999999403953552,1.0,1.0
1202,evil,evil,abstract-negative,abstract-negative,SelfPair,,,C,1.0,1.0,1.0
1203,soulless,soulless,abstract-negative,abstract-negative,SelfPair,,,D,1.0,1.0,1.0000002
1204,heartless,heartless,abstract-negative,abstract-negative,SelfPair,,,E,1.0,1.0,1.0000002
1205,sexist,sexist,abstract-negative,abstract-negative,SelfPair,,,F,1.0,1.0000001,1.0000001
1206,crappy,crappy,abstract-negative,abstract-negative,SelfPair,,,G,1.0000001192092896,1.0,1.0000001
1207,stupid,stupid,abstract-negative,abstract-negative,SelfPair,,,H,1.0,1.0000001,0.9999999
1208,sinful,sinful,abstract-negative,abstract-negative,SelfPair,,,I,1.0,1.0,1.0
1209,disloyal,disloyal,abstract-negative,abstract-negative,SelfPair,,,J,1.0,1.0000002,1.0000002
1210,sunny,sunny,concrete-positive,concrete-positive,SelfPair,,,AA,1.0,0.99999994,1.0000002
1211,lilac,lilac,concrete-positive,concrete-positive,SelfPair,,,BB,1.0,1.0,1.0
1212,human,human,concrete-positive,concrete-positive,SelfPair,,,CC,0.9999999403953552,1.0,1.0000002
1213,female,female,concrete-positive,concrete-positive,SelfPair,,,DD,0.9999999403953552,0.9999998,1.0000001
1214,newborn,newborn,concrete-positive,concrete-positive,SelfPair,,,EE,0.9999999403953552,1.0000001,0.9999999
1215,blooming,blooming,concrete-positive,concrete-positive,SelfPair,,,FF,0.9999999403953552,1.0000001,1.0000001
1216,orange,orange,concrete-positive,concrete-positive,SelfPair,,,GG,0.9999999403953552,1.0000001,1.0000002
1217,starry,starry,concrete-positive,concrete-positive,SelfPair,,,HH,1.0,1.0000001,1.0000001
1218,pregnant,pregnant,concrete-positive,concrete-positive,SelfPair,,,II,1.0,1.0000001,1.0000002
1219,handmade,handmade,concrete-positive,concrete-positive,SelfPair,,,JJ,1.0,1.0000002,1.0
1220,honest,honest,abstract-positive,abstract-positive,SelfPair,,,AAA,1.0,1.0,1.0000002
1221,lovable,lovable,abstract-positive,abstract-positive,SelfPair,,,BBB,1.0,1.0000001,1.0
1222,thankful,thankful,abstract-positive,abstract-positive,SelfPair,,,CCC,1.0,1.0,0.9999999
1223,splendid,splendid,abstract-positive,abstract-positive,SelfPair,,,DDD,1.0000001192092896,1.0000001,0.9999999
1224,possible,possible,abstract-positive,abstract-positive,SelfPair,,,EEE,1.0,1.0000002,0.99999994
1225,sensible,sensible,abstract-positive,abstract-positive,SelfPair,,,FFF,1.0,1.0,1.0
1226,mindful,mindful,abstract-positive,abstract-positive,SelfPair,,,GGG,0.9999999403953552,0.9999999,1.0000001
1227,pleasant,pleasant,abstract-positive,abstract-positive,SelfPair,,,HHH,1.0,1.0,1.0000004
1228,helpful,helpful,abstract-positive,abstract-positive,SelfPair,,,III,1.0,1.0,1.0
1229,divine,divine,abstract-positive,abstract-positive,SelfPair,,,JJJ,0.9999999403953552,1.0,1.0000001
1230,toothless,toothless,concrete-negative,concrete-negative,SelfPair,,,AAAA,1.0,1.0000002,1.0000001
1231,headless,headless,concrete-negative,concrete-negative,SelfPair,,,BBBB,1.0,1.0000001,1.0
1232,bloodshot,bloodshot,concrete-negative,concrete-negative,SelfPair,,,CCCC,1.0,1.0000002,1.0
1233,rusted,rusted,concrete-negative,concrete-negative,SelfPair,,,DDDD,1.0,1.0,1.0
1234,thorny,thorny,concrete-negative,concrete-negative,SelfPair,,,EEEE,1.0,1.0000001,0.9999999
1235,hairy,hairy,concrete-negative,concrete-negative,SelfPair,,,FFFF,0.9999999403953552,1.0000001,1.0000002
1236,dirty,dirty,concrete-negative,concrete-negative,SelfPair,,,GGGG,0.9999999403953552,1.0000002,1.0
1237,wrinkled,wrinkled,concrete-negative,concrete-negative,SelfPair,,,HHHH,1.0,1.0,1.0
1238,freezing,freezing,concrete-negative,concrete-negative,SelfPair,,,IIII,1.0,1.0,0.9999999
1239,bloody,bloody,concrete-negative,concrete-negative,SelfPair,,,JJJJ,0.9999999403953552,1.0,1.0000002
1240,worthless,toothless,abstract-negative,concrete-negative,ValenceMatchingOnly,NegativeMatch,AbstractMismatch,,0.3647242784500122,0.46654046,0.41616875
1241,worthless,headless,abstract-negative,concrete-negative,ValenceMatchingOnly,NegativeMatch,AbstractMismatch,,0.22325585782527924,0.31013063,0.21855316
1242,worthless,bloodshot,abstract-negative,concrete-negative,ValenceMatchingOnly,NegativeMatch,AbstractMismatch,,0.08333490043878555,0.1913194,0.1421116
1243,worthless,rusted,abstract-negative,concrete-negative,ValenceMatchingOnly,NegativeMatch,AbstractMismatch,,0.27211806178092957,0.31026247,0.34264097
1244,worthless,thorny,abstract-negative,concrete-negative,ValenceMatchingOnly,NegativeMatch,AbstractMismatch,,0.07022786140441895,0.22889392,0.18612446
1245,worthless,hairy,abstract-negative,concrete-negative,ValenceMatchingOnly,NegativeMatch,AbstractMismatch,,0.11986684054136276,0.27081823,0.17193347
1246,worthless,dirty,abstract-negative,concrete-negative,ValenceMatchingOnly,NegativeMatch,AbstractMismatch,,0.26369085907936096,0.2813741,0.29442203
1247,worthless,wrinkled,abstract-negative,concrete-negative,ValenceMatchingOnly,NegativeMatch,AbstractMismatch,,0.20215857028961182,0.3090232,0.23132265
1248,worthless,freezing,abstract-negative,concrete-negative,ValenceMatchingOnly,NegativeMatch,AbstractMismatch,,0.17287926375865936,0.16865875,0.18996245
1249,worthless,bloody,abstract-negative,concrete-negative,ValenceMatchingOnly,NegativeMatch,AbstractMismatch,,0.1634805053472519,0.32038754,0.2582773
1250,awful,toothless,abstract-negative,concrete-negative,ValenceMatchingOnly,NegativeMatch,AbstractMismatch,,0.2320135533809662,0.28409678,0.2973833
1251,awful,headless,abstract-negative,concrete-negative,ValenceMatchingOnly,NegativeMatch,AbstractMismatch,,0.18756398558616638,0.24850896,0.14281972
1252,awful,bloodshot,abstract-negative,concrete-negative,ValenceMatchingOnly,NegativeMatch,AbstractMismatch,,0.0910038873553276,0.17823091,0.23137793
1253,awful,rusted,abstract-negative,concrete-negative,ValenceMatchingOnly,NegativeMatch,AbstractMismatch,,0.2179153859615326,0.27314195,0.3359832
1254,awful,thorny,abstract-negative,concrete-negative,ValenceMatchingOnly,NegativeMatch,AbstractMismatch,,0.10044901818037033,0.2857883,0.2852824
1255,awful,hairy,abstract-negative,concrete-negative,ValenceMatchingOnly,NegativeMatch,AbstractMismatch,,0.28719866275787354,0.27487114,0.23386
1256,awful,dirty,abstract-negative,concrete-negative,ValenceMatchingOnly,NegativeMatch,AbstractMismatch,,0.3439564108848572,0.27246213,0.41937625
1257,awful,wrinkled,abstract-negative,concrete-negative,ValenceMatchingOnly,NegativeMatch,AbstractMismatch,,0.1463225781917572,0.27872902,0.22676438
1258,awful,freezing,abstract-negative,concrete-negative,ValenceMatchingOnly,NegativeMatch,AbstractMismatch,,0.15037691593170166,0.21211581,0.2694381
1259,awful,bloody,abstract-negative,concrete-negative,ValenceMatchingOnly,NegativeMatch,AbstractMismatch,,0.31772544980049133,0.37357312,0.4305143
1260,evil,toothless,abstract-negative,concrete-negative,ValenceMatchingOnly,NegativeMatch,AbstractMismatch,,0.1201721653342247,0.33255607,0.2817124
1261,evil,headless,abstract-negative,concrete-negative,ValenceMatchingOnly,NegativeMatch,AbstractMismatch,,0.20222729444503784,0.28429234,0.14315629
1262,evil,bloodshot,abstract-negative,concrete-negative,ValenceMatchingOnly,NegativeMatch,AbstractMismatch,,0.07470690459012985,0.29384613,0.30034634
1263,evil,rusted,abstract-negative,concrete-negative,ValenceMatchingOnly,NegativeMatch,AbstractMismatch,,0.11701645702123642,0.24079213,0.21721022
1264,evil,thorny,abstract-negative,concrete-negative,ValenceMatchingOnly,NegativeMatch,AbstractMismatch,,0.06477884948253632,0.39961994,0.31097126
1265,evil,hairy,abstract-negative,concrete-negative,ValenceMatchingOnly,NegativeMatch,AbstractMismatch,,0.2504669427871704,0.34825748,0.22048637
1266,evil,dirty,abstract-negative,concrete-negative,ValenceMatchingOnly,NegativeMatch,AbstractMismatch,,0.28959527611732483,0.37822664,0.40397906
1267,evil,wrinkled,abstract-negative,concrete-negative,ValenceMatchingOnly,NegativeMatch,AbstractMismatch,,0.08356955647468567,0.25391155,0.13442841
1268,evil,freezing,abstract-negative,concrete-negative,ValenceMatchingOnly,NegativeMatch,AbstractMismatch,,0.03850964456796646,0.14323212,0.15217316
1269,evil,bloody,abstract-negative,concrete-negative,ValenceMatchingOnly,NegativeMatch,AbstractMismatch,,0.2828906178474426,0.27828342,0.27601314
1270,soulless,toothless,abstract-negative,concrete-negative,ValenceMatchingOnly,NegativeMatch,AbstractMismatch,,0.3391086161136627,0.5908719,0.575625
1271,soulless,headless,abstract-negative,concrete-negative,ValenceMatchingOnly,NegativeMatch,AbstractMismatch,,0.3079417049884796,0.61447036,0.45205986
1272,soulless,bloodshot,abstract-negative,concrete-negative,ValenceMatchingOnly,NegativeMatch,AbstractMismatch,,0.11237774789333344,0.28204834,0.3296411
1273,soulless,rusted,abstract-negative,concrete-negative,ValenceMatchingOnly,NegativeMatch,AbstractMismatch,,0.23652268946170807,0.23532656,0.31354317
1274,soulless,thorny,abstract-negative,concrete-negative,ValenceMatchingOnly,NegativeMatch,AbstractMismatch,,0.05419893190264702,0.30862474,0.29774892
1275,soulless,hairy,abstract-negative,concrete-negative,ValenceMatchingOnly,NegativeMatch,AbstractMismatch,,0.23727157711982727,0.33326688,0.17974532
1276,soulless,dirty,abstract-negative,concrete-negative,ValenceMatchingOnly,NegativeMatch,AbstractMismatch,,0.28309229016304016,0.23117694,0.2851784
1277,soulless,wrinkled,abstract-negative,concrete-negative,ValenceMatchingOnly,NegativeMatch,AbstractMismatch,,0.14742211997509003,0.23896024,0.18736619
1278,soulless,freezing,abstract-negative,concrete-negative,ValenceMatchingOnly,NegativeMatch,AbstractMismatch,,0.06850496679544449,0.19706404,0.26844013
1279,soulless,bloody,abstract-negative,concrete-negative,ValenceMatchingOnly,NegativeMatch,AbstractMismatch,,0.24106614291667938,0.22064441,0.27330768
1280,heartless,toothless,abstract-negative,concrete-negative,ValenceMatchingOnly,NegativeMatch,AbstractMismatch,,0.349444717168808,0.6101206,0.561185
1281,heartless,headless,abstract-negative,concrete-negative,ValenceMatchingOnly,NegativeMatch,AbstractMismatch,,0.2792927622795105,0.54276425,0.40995765
1282,heartless,bloodshot,abstract-negative,concrete-negative,ValenceMatchingOnly,NegativeMatch,AbstractMismatch,,0.042872603982686996,0.28821528,0.3856551
1283,heartless,rusted,abstract-negative,concrete-negative,ValenceMatchingOnly,NegativeMatch,AbstractMismatch,,0.1681341975927353,0.22419745,0.3047044
1284,heartless,thorny,abstract-negative,concrete-negative,ValenceMatchingOnly,NegativeMatch,AbstractMismatch,,0.009955991990864277,0.32042366,0.30740356
1285,heartless,hairy,abstract-negative,concrete-negative,ValenceMatchingOnly,NegativeMatch,AbstractMismatch,,0.1904076337814331,0.24899694,0.19232558
1286,heartless,dirty,abstract-negative,concrete-negative,ValenceMatchingOnly,NegativeMatch,AbstractMismatch,,0.2735534608364105,0.222564,0.2906062
1287,heartless,wrinkled,abstract-negative,concrete-negative,ValenceMatchingOnly,NegativeMatch,AbstractMismatch,,0.07472870498895645,0.21207388,0.21842542
1288,heartless,freezing,abstract-negative,concrete-negative,ValenceMatchingOnly,NegativeMatch,AbstractMismatch,,0.2234060913324356,0.1557586,0.22933723
1289,heartless,bloody,abstract-negative,concrete-negative,ValenceMatchingOnly,NegativeMatch,AbstractMismatch,,0.22114333510398865,0.26590186,0.2939386
1290,sexist,toothless,abstract-negative,concrete-negative,ValenceMatchingOnly,NegativeMatch,AbstractMismatch,,0.2509872019290924,0.25248754,0.18517183
1291,sexist,headless,abstract-negative,concrete-negative,ValenceMatchingOnly,NegativeMatch,AbstractMismatch,,0.17364665865898132,0.27070042,0.119654715
1292,sexist,bloodshot,abstract-negative,concrete-negative,ValenceMatchingOnly,NegativeMatch,AbstractMismatch,,0.0650307685136795,0.10623786,0.11551005
1293,sexist,rusted,abstract-negative,concrete-negative,ValenceMatchingOnly,NegativeMatch,AbstractMismatch,,0.16146542131900787,0.20967409,0.18700425
1294,sexist,thorny,abstract-negative,concrete-negative,ValenceMatchingOnly,NegativeMatch,AbstractMismatch,,0.07096243649721146,0.20307764,0.152778
1295,sexist,hairy,abstract-negative,concrete-negative,ValenceMatchingOnly,NegativeMatch,AbstractMismatch,,0.2297467440366745,0.28475362,0.20704377
1296,sexist,dirty,abstract-negative,concrete-negative,ValenceMatchingOnly,NegativeMatch,AbstractMismatch,,0.31821393966674805,0.2629289,0.27803147
1297,sexist,wrinkled,abstract-negative,concrete-negative,ValenceMatchingOnly,NegativeMatch,AbstractMismatch,,0.15174691379070282,0.21493216,0.14182416
1298,sexist,freezing,abstract-negative,concrete-negative,ValenceMatchingOnly,NegativeMatch,AbstractMismatch,,0.026514124125242233,0.20301741,0.12164612
1299,sexist,bloody,abstract-negative,concrete-negative,ValenceMatchingOnly,NegativeMatch,AbstractMismatch,,0.16699525713920593,0.11697378,0.17462404
1300,crappy,toothless,abstract-negative,concrete-negative,ValenceMatchingOnly,NegativeMatch,AbstractMismatch,,0.2067316621541977,0.20371547,0.31171268
1301,crappy,headless,abstract-negative,concrete-negative,ValenceMatchingOnly,NegativeMatch,AbstractMismatch,,0.14856964349746704,0.16882178,0.18779302
1302,crappy,bloodshot,abstract-negative,concrete-negative,ValenceMatchingOnly,NegativeMatch,AbstractMismatch,,0.04054191708564758,0.20188227,0.2678114
1303,crappy,rusted,abstract-negative,concrete-negative,ValenceMatchingOnly,NegativeMatch,AbstractMismatch,,0.24939213693141937,0.25850642,0.30680615
1304,crappy,thorny,abstract-negative,concrete-negative,ValenceMatchingOnly,NegativeMatch,AbstractMismatch,,0.08378086239099503,0.25390255,0.38739374
1305,crappy,hairy,abstract-negative,concrete-negative,ValenceMatchingOnly,NegativeMatch,AbstractMismatch,,0.31180718541145325,0.3055679,0.24771613
1306,crappy,dirty,abstract-negative,concrete-negative,ValenceMatchingOnly,NegativeMatch,AbstractMismatch,,0.3522425889968872,0.29249874,0.41020587
1307,crappy,wrinkled,abstract-negative,concrete-negative,ValenceMatchingOnly,NegativeMatch,AbstractMismatch,,0.16019108891487122,0.24451497,0.227464
1308,crappy,freezing,abstract-negative,concrete-negative,ValenceMatchingOnly,NegativeMatch,AbstractMismatch,,0.15399675071239471,0.17237106,0.2791784
1309,crappy,bloody,abstract-negative,concrete-negative,ValenceMatchingOnly,NegativeMatch,AbstractMismatch,,0.21025513112545013,0.4213112,0.30028284
1310,stupid,toothless,abstract-negative,concrete-negative,ValenceMatchingOnly,NegativeMatch,AbstractMismatch,,0.3256266117095947,0.26330572,0.23468155
1311,stupid,headless,abstract-negative,concrete-negative,ValenceMatchingOnly,NegativeMatch,AbstractMismatch,,0.21251912415027618,0.23126891,0.14598444
1312,stupid,bloodshot,abstract-negative,concrete-negative,ValenceMatchingOnly,NegativeMatch,AbstractMismatch,,0.15965820848941803,0.20576894,0.19491562
1313,stupid,rusted,abstract-negative,concrete-negative,ValenceMatchingOnly,NegativeMatch,AbstractMismatch,,0.198787122964859,0.265684,0.24493778
1314,stupid,thorny,abstract-negative,concrete-negative,ValenceMatchingOnly,NegativeMatch,AbstractMismatch,,0.12253843247890472,0.16274537,0.20276445
1315,stupid,hairy,abstract-negative,concrete-negative,ValenceMatchingOnly,NegativeMatch,AbstractMismatch,,0.3303890526294708,0.27419305,0.24546283
1316,stupid,dirty,abstract-negative,concrete-negative,ValenceMatchingOnly,NegativeMatch,AbstractMismatch,,0.4230935573577881,0.27510786,0.40342557
1317,stupid,wrinkled,abstract-negative,concrete-negative,ValenceMatchingOnly,NegativeMatch,AbstractMismatch,,0.2242448329925537,0.21317606,0.17429115
1318,stupid,freezing,abstract-negative,concrete-negative,ValenceMatchingOnly,NegativeMatch,AbstractMismatch,,0.1490689516067505,0.15105629,0.27257365
1319,stupid,bloody,abstract-negative,concrete-negative,ValenceMatchingOnly,NegativeMatch,AbstractMismatch,,0.28564393520355225,0.27898294,0.31007963
1320,sinful,toothless,abstract-negative,concrete-negative,ValenceMatchingOnly,NegativeMatch,AbstractMismatch,,0.1091281846165657,0.34162784,0.3068261
1321,sinful,headless,abstract-negative,concrete-negative,ValenceMatchingOnly,NegativeMatch,AbstractMismatch,,0.16459448635578156,0.17179523,0.12698808
1322,sinful,bloodshot,abstract-negative,concrete-negative,ValenceMatchingOnly,NegativeMatch,AbstractMismatch,,0.10331252217292786,0.1174214,0.2416133
1323,sinful,rusted,abstract-negative,concrete-negative,ValenceMatchingOnly,NegativeMatch,AbstractMismatch,,0.14159423112869263,0.23548345,0.24848422
1324,sinful,thorny,abstract-negative,concrete-negative,ValenceMatchingOnly,NegativeMatch,AbstractMismatch,,0.040791671723127365,0.3654644,0.31371918
1325,sinful,hairy,abstract-negative,concrete-negative,ValenceMatchingOnly,NegativeMatch,AbstractMismatch,,0.19532501697540283,0.27753365,0.21019804
1326,sinful,dirty,abstract-negative,concrete-negative,ValenceMatchingOnly,NegativeMatch,AbstractMismatch,,0.2888929843902588,0.29369867,0.4708161
1327,sinful,wrinkled,abstract-negative,concrete-negative,ValenceMatchingOnly,NegativeMatch,AbstractMismatch,,0.18291075527668,0.2687218,0.23744476
1328,sinful,freezing,abstract-negative,concrete-negative,ValenceMatchingOnly,NegativeMatch,AbstractMismatch,,0.08319079875946045,0.13902077,0.21382295
1329,sinful,bloody,abstract-negative,concrete-negative,ValenceMatchingOnly,NegativeMatch,AbstractMismatch,,0.16245192289352417,0.30310452,0.37155592
1330,disloyal,toothless,abstract-negative,concrete-negative,ValenceMatchingOnly,NegativeMatch,AbstractMismatch,,0.2070814073085785,0.17580365,0.3204422
1331,disloyal,headless,abstract-negative,concrete-negative,ValenceMatchingOnly,NegativeMatch,AbstractMismatch,,0.13165247440338135,0.29308113,0.1543892
1332,disloyal,bloodshot,abstract-negative,concrete-negative,ValenceMatchingOnly,NegativeMatch,AbstractMismatch,,0.12654441595077515,0.18957448,0.24787779
1333,disloyal,rusted,abstract-negative,concrete-negative,ValenceMatchingOnly,NegativeMatch,AbstractMismatch,,0.082292340695858,0.25209424,0.23633485
1334,disloyal,thorny,abstract-negative,concrete-negative,ValenceMatchingOnly,NegativeMatch,AbstractMismatch,,0.03139572590589523,0.17966606,0.37463805
1335,disloyal,hairy,abstract-negative,concrete-negative,ValenceMatchingOnly,NegativeMatch,AbstractMismatch,,0.08133973181247711,0.12745547,0.19896592
1336,disloyal,dirty,abstract-negative,concrete-negative,ValenceMatchingOnly,NegativeMatch,AbstractMismatch,,0.27404913306236267,0.16887581,0.35814184
1337,disloyal,wrinkled,abstract-negative,concrete-negative,ValenceMatchingOnly,NegativeMatch,AbstractMismatch,,0.08339091390371323,0.20312688,0.2337633
1338,disloyal,freezing,abstract-negative,concrete-negative,ValenceMatchingOnly,NegativeMatch,AbstractMismatch,,0.13167297840118408,0.1691184,0.16333249
1339,disloyal,bloody,abstract-negative,concrete-negative,ValenceMatchingOnly,NegativeMatch,AbstractMismatch,,0.13761048018932343,0.20337348,0.29130584
1340,sunny,honest,concrete-positive,abstract-positive,ValenceMatchingOnly,PositiveMatch,ConcreteMismatch,,0.16224052011966705,0.26229897,0.2778725
1341,sunny,lovable,concrete-positive,abstract-positive,ValenceMatchingOnly,PositiveMatch,ConcreteMismatch,,0.1888650357723236,0.3053134,0.21657118
1342,sunny,thankful,concrete-positive,abstract-positive,ValenceMatchingOnly,PositiveMatch,ConcreteMismatch,,0.12719273567199707,0.34179816,0.27334496
1343,sunny,splendid,concrete-positive,abstract-positive,ValenceMatchingOnly,PositiveMatch,ConcreteMismatch,,0.31582045555114746,0.3459301,0.2784407
1344,sunny,possible,concrete-positive,abstract-positive,ValenceMatchingOnly,PositiveMatch,ConcreteMismatch,,0.065745048224926,0.20531043,0.14507559
1345,sunny,sensible,concrete-positive,abstract-positive,ValenceMatchingOnly,PositiveMatch,ConcreteMismatch,,0.19275404512882233,0.25607407,0.35733774
1346,sunny,mindful,concrete-positive,abstract-positive,ValenceMatchingOnly,PositiveMatch,ConcreteMismatch,,0.07352247089147568,0.2662363,0.23441614
1347,sunny,pleasant,concrete-positive,abstract-positive,ValenceMatchingOnly,PositiveMatch,ConcreteMismatch,,0.5354838967323303,0.46835977,0.40749258
1348,sunny,helpful,concrete-positive,abstract-positive,ValenceMatchingOnly,PositiveMatch,ConcreteMismatch,,0.10920053720474243,0.2882535,0.25533283
1349,sunny,divine,concrete-positive,abstract-positive,ValenceMatchingOnly,PositiveMatch,ConcreteMismatch,,0.10405638068914413,0.4247485,0.27110416
1350,lilac,honest,concrete-positive,abstract-positive,ValenceMatchingOnly,PositiveMatch,ConcreteMismatch,,0.03613430634140968,0.15716998,0.22171493
1351,lilac,lovable,concrete-positive,abstract-positive,ValenceMatchingOnly,PositiveMatch,ConcreteMismatch,,0.16635018587112427,0.20547068,0.18654811
1352,lilac,thankful,concrete-positive,abstract-positive,ValenceMatchingOnly,PositiveMatch,ConcreteMismatch,,0.0494803786277771,0.14468607,0.22367215
1353,lilac,splendid,concrete-positive,abstract-positive,ValenceMatchingOnly,PositiveMatch,ConcreteMismatch,,0.1776844561100006,0.23208278,0.23984662
1354,lilac,possible,concrete-positive,abstract-positive,ValenceMatchingOnly,PositiveMatch,ConcreteMismatch,,0.034010812640190125,0.19998044,0.094317704
1355,lilac,sensible,concrete-positive,abstract-positive,ValenceMatchingOnly,PositiveMatch,ConcreteMismatch,,0.1105271428823471,0.11946026,0.16535175
1356,lilac,mindful,concrete-positive,abstract-positive,ValenceMatchingOnly,PositiveMatch,ConcreteMismatch,,0.004577463958412409,0.24690875,0.18978721
1357,lilac,pleasant,concrete-positive,abstract-positive,ValenceMatchingOnly,PositiveMatch,ConcreteMismatch,,0.17630527913570404,0.28417397,0.29377168
1358,lilac,helpful,concrete-positive,abstract-positive,ValenceMatchingOnly,PositiveMatch,ConcreteMismatch,,0.09890374541282654,0.1809231,0.15083215
1359,lilac,divine,concrete-positive,abstract-positive,ValenceMatchingOnly,PositiveMatch,ConcreteMismatch,,0.142849400639534,0.28215435,0.2638749
1360,human,honest,concrete-positive,abstract-positive,ValenceMatchingOnly,PositiveMatch,ConcreteMismatch,,0.1708376109600067,0.2277531,0.3102951
1361,human,lovable,concrete-positive,abstract-positive,ValenceMatchingOnly,PositiveMatch,ConcreteMismatch,,0.16230744123458862,0.283113,0.3420841
1362,human,thankful,concrete-positive,abstract-positive,ValenceMatchingOnly,PositiveMatch,ConcreteMismatch,,0.0696677416563034,0.22725338,0.21359353
1363,human,splendid,concrete-positive,abstract-positive,ValenceMatchingOnly,PositiveMatch,ConcreteMismatch,,0.05619174242019653,0.22509456,0.22034362
1364,human,possible,concrete-positive,abstract-positive,ValenceMatchingOnly,PositiveMatch,ConcreteMismatch,,0.2081069052219391,0.25861305,0.18919739
1365,human,sensible,concrete-positive,abstract-positive,ValenceMatchingOnly,PositiveMatch,ConcreteMismatch,,0.08191578090190887,0.26989308,0.3200286
1366,human,mindful,concrete-positive,abstract-positive,ValenceMatchingOnly,PositiveMatch,ConcreteMismatch,,0.1576223075389862,0.26534653,0.32931346
1367,human,pleasant,concrete-positive,abstract-positive,ValenceMatchingOnly,PositiveMatch,ConcreteMismatch,,0.06865651905536652,0.34303877,0.30678776
1368,human,helpful,concrete-positive,abstract-positive,ValenceMatchingOnly,PositiveMatch,ConcreteMismatch,,0.0795326679944992,0.33291093,0.21859358
1369,human,divine,concrete-positive,abstract-positive,ValenceMatchingOnly,PositiveMatch,ConcreteMismatch,,0.35699573159217834,0.3690555,0.30748332
1370,female,honest,concrete-positive,abstract-positive,ValenceMatchingOnly,PositiveMatch,ConcreteMismatch,,0.10346120595932007,0.18397766,0.21314037
1371,female,lovable,concrete-positive,abstract-positive,ValenceMatchingOnly,PositiveMatch,ConcreteMismatch,,0.15761542320251465,0.22022896,0.23171319
1372,female,thankful,concrete-positive,abstract-positive,ValenceMatchingOnly,PositiveMatch,ConcreteMismatch,,0.014735796488821507,0.23246747,0.17703171
1373,female,splendid,concrete-positive,abstract-positive,ValenceMatchingOnly,PositiveMatch,ConcreteMismatch,,0.03189484030008316,0.22720245,0.21660632
1374,female,possible,concrete-positive,abstract-positive,ValenceMatchingOnly,PositiveMatch,ConcreteMismatch,,0.06582475453615189,0.2401551,0.19264679
1375,female,sensible,concrete-positive,abstract-positive,ValenceMatchingOnly,PositiveMatch,ConcreteMismatch,,0.030794519931077957,0.17754354,0.16807427
1376,female,mindful,concrete-positive,abstract-positive,ValenceMatchingOnly,PositiveMatch,ConcreteMismatch,,0.03701788932085037,0.17426294,0.13999525
1377,female,pleasant,concrete-positive,abstract-positive,ValenceMatchingOnly,PositiveMatch,ConcreteMismatch,,0.08978031575679779,0.23665313,0.2502442
1378,female,helpful,concrete-positive,abstract-positive,ValenceMatchingOnly,PositiveMatch,ConcreteMismatch,,0.020490745082497597,0.3189256,0.24073976
1379,female,divine,concrete-positive,abstract-positive,ValenceMatchingOnly,PositiveMatch,ConcreteMismatch,,0.11373249441385269,0.27219713,0.2377997
1380,newborn,honest,concrete-positive,abstract-positive,ValenceMatchingOnly,PositiveMatch,ConcreteMismatch,,-0.016858551651239395,0.1755364,0.16447242
1381,newborn,lovable,concrete-positive,abstract-positive,ValenceMatchingOnly,PositiveMatch,ConcreteMismatch,,0.1368924081325531,0.21014604,0.19159289
1382,newborn,thankful,concrete-positive,abstract-positive,ValenceMatchingOnly,PositiveMatch,ConcreteMismatch,,0.11149541288614273,0.11966533,0.22195646
1383,newborn,splendid,concrete-positive,abstract-positive,ValenceMatchingOnly,PositiveMatch,ConcreteMismatch,,0.011394654400646687,0.16850144,0.24169701
1384,newborn,possible,concrete-positive,abstract-positive,ValenceMatchingOnly,PositiveMatch,ConcreteMismatch,,0.046177200973033905,0.19089785,0.12502751
1385,newborn,sensible,concrete-positive,abstract-positive,ValenceMatchingOnly,PositiveMatch,ConcreteMismatch,,0.03266661614179611,0.16863413,0.15849727
1386,newborn,mindful,concrete-positive,abstract-positive,ValenceMatchingOnly,PositiveMatch,ConcreteMismatch,,0.01757381483912468,0.16973716,0.20084724
1387,newborn,pleasant,concrete-positive,abstract-positive,ValenceMatchingOnly,PositiveMatch,ConcreteMismatch,,0.057548049837350845,0.2783576,0.24313946
1388,newborn,helpful,concrete-positive,abstract-positive,ValenceMatchingOnly,PositiveMatch,ConcreteMismatch,,0.027035266160964966,0.19917494,0.16396978
1389,newborn,divine,concrete-positive,abstract-positive,ValenceMatchingOnly,PositiveMatch,ConcreteMismatch,,0.13676849007606506,0.1792633,0.24164197
1390,blooming,honest,concrete-positive,abstract-positive,ValenceMatchingOnly,PositiveMatch,ConcreteMismatch,,0.03535957634449005,0.14238109,0.19873577
1391,blooming,lovable,concrete-positive,abstract-positive,ValenceMatchingOnly,PositiveMatch,ConcreteMismatch,,0.1288486272096634,0.30814868,0.2115973
1392,blooming,thankful,concrete-positive,abstract-positive,ValenceMatchingOnly,PositiveMatch,ConcreteMismatch,,0.10183226317167282,0.24333507,0.2104167
1393,blooming,splendid,concrete-positive,abstract-positive,ValenceMatchingOnly,PositiveMatch,ConcreteMismatch,,0.29999852180480957,0.3023812,0.2547759
1394,blooming,possible,concrete-positive,abstract-positive,ValenceMatchingOnly,PositiveMatch,ConcreteMismatch,,0.11083802580833435,0.22628218,0.1546191
1395,blooming,sensible,concrete-positive,abstract-positive,ValenceMatchingOnly,PositiveMatch,ConcreteMismatch,,0.01357361301779747,0.14381163,0.1664938
1396,blooming,mindful,concrete-positive,abstract-positive,ValenceMatchingOnly,PositiveMatch,ConcreteMismatch,,0.039648860692977905,0.2738304,0.2740737
1397,blooming,pleasant,concrete-positive,abstract-positive,ValenceMatchingOnly,PositiveMatch,ConcreteMismatch,,0.22856545448303223,0.32777742,0.29617766
1398,blooming,helpful,concrete-positive,abstract-positive,ValenceMatchingOnly,PositiveMatch,ConcreteMismatch,,0.0615067295730114,0.23145364,0.23188096
1399,blooming,divine,concrete-positive,abstract-positive,ValenceMatchingOnly,PositiveMatch,ConcreteMismatch,,0.10499414801597595,0.36830404,0.24547467
1400,orange,honest,concrete-positive,abstract-positive,ValenceMatchingOnly,PositiveMatch,ConcreteMismatch,,-0.02354520373046398,0.18473531,0.26784533
1401,orange,lovable,concrete-positive,abstract-positive,ValenceMatchingOnly,PositiveMatch,ConcreteMismatch,,0.11571434140205383,0.27694762,0.19414085
1402,orange,thankful,concrete-positive,abstract-positive,ValenceMatchingOnly,PositiveMatch,ConcreteMismatch,,0.06324340403079987,0.21412325,0.2581849
1403,orange,splendid,concrete-positive,abstract-positive,ValenceMatchingOnly,PositiveMatch,ConcreteMismatch,,0.04194054752588272,0.21012586,0.19672498
1404,orange,possible,concrete-positive,abstract-positive,ValenceMatchingOnly,PositiveMatch,ConcreteMismatch,,0.06682628393173218,0.24897611,0.19016147
1405,orange,sensible,concrete-positive,abstract-positive,ValenceMatchingOnly,PositiveMatch,ConcreteMismatch,,0.037445951253175735,0.28392282,0.23535688
1406,orange,mindful,concrete-positive,abstract-positive,ValenceMatchingOnly,PositiveMatch,ConcreteMismatch,,-0.006845938507467508,0.21509105,0.1799199
1407,orange,pleasant,concrete-positive,abstract-positive,ValenceMatchingOnly,PositiveMatch,ConcreteMismatch,,0.08337302505970001,0.3456193,0.33442822
1408,orange,helpful,concrete-positive,abstract-positive,ValenceMatchingOnly,PositiveMatch,ConcreteMismatch,,0.012095706537365913,0.29690027,0.26237163
1409,orange,divine,concrete-positive,abstract-positive,ValenceMatchingOnly,PositiveMatch,ConcreteMismatch,,0.09806385636329651,0.30985537,0.14529859
1410,starry,honest,concrete-positive,abstract-positive,ValenceMatchingOnly,PositiveMatch,ConcreteMismatch,,0.05185302719473839,0.1935328,0.29759416
1411,starry,lovable,concrete-positive,abstract-positive,ValenceMatchingOnly,PositiveMatch,ConcreteMismatch,,0.23581562936306,0.29825777,0.30482465
1412,starry,thankful,concrete-positive,abstract-positive,ValenceMatchingOnly,PositiveMatch,ConcreteMismatch,,0.10768411308526993,0.26166624,0.24353142
1413,starry,splendid,concrete-positive,abstract-positive,ValenceMatchingOnly,PositiveMatch,ConcreteMismatch,,0.4621327221393585,0.28418806,0.25924277
1414,starry,possible,concrete-positive,abstract-positive,ValenceMatchingOnly,PositiveMatch,ConcreteMismatch,,0.05842328071594238,0.18358855,0.1393686
1415,starry,sensible,concrete-positive,abstract-positive,ValenceMatchingOnly,PositiveMatch,ConcreteMismatch,,0.13883143663406372,0.21873228,0.28834474
1416,starry,mindful,concrete-positive,abstract-positive,ValenceMatchingOnly,PositiveMatch,ConcreteMismatch,,0.058128103613853455,0.35999697,0.28523546
1417,starry,pleasant,concrete-positive,abstract-positive,ValenceMatchingOnly,PositiveMatch,ConcreteMismatch,,0.3677171468734741,0.36543584,0.34565932
1418,starry,helpful,concrete-positive,abstract-positive,ValenceMatchingOnly,PositiveMatch,ConcreteMismatch,,0.037752941250801086,0.19642547,0.19376838
1419,starry,divine,concrete-positive,abstract-positive,ValenceMatchingOnly,PositiveMatch,ConcreteMismatch,,0.25013309717178345,0.4347766,0.33328465
1420,pregnant,honest,concrete-positive,abstract-positive,ValenceMatchingOnly,PositiveMatch,ConcreteMismatch,,0.09073854237794876,0.1787467,0.23504391
1421,pregnant,lovable,concrete-positive,abstract-positive,ValenceMatchingOnly,PositiveMatch,ConcreteMismatch,,0.056750837713479996,0.230155,0.24196686
1422,pregnant,thankful,concrete-positive,abstract-positive,ValenceMatchingOnly,PositiveMatch,ConcreteMismatch,,0.08496443927288055,0.19920969,0.31372184
1423,pregnant,splendid,concrete-positive,abstract-positive,ValenceMatchingOnly,PositiveMatch,ConcreteMismatch,,-0.056304898113012314,0.20121205,0.247787
1424,pregnant,possible,concrete-positive,abstract-positive,ValenceMatchingOnly,PositiveMatch,ConcreteMismatch,,0.09344518929719925,0.28400293,0.25314602
1425,pregnant,sensible,concrete-positive,abstract-positive,ValenceMatchingOnly,PositiveMatch,ConcreteMismatch,,0.05327920243144035,0.26019573,0.2520327
1426,pregnant,mindful,concrete-positive,abstract-positive,ValenceMatchingOnly,PositiveMatch,ConcreteMismatch,,0.052971236407756805,0.16731852,0.21629259
1427,pregnant,pleasant,concrete-positive,abstract-positive,ValenceMatchingOnly,PositiveMatch,ConcreteMismatch,,0.04252185672521591,0.2343207,0.2754292
1428,pregnant,helpful,concrete-positive,abstract-positive,ValenceMatchingOnly,PositiveMatch,ConcreteMismatch,,0.08632445335388184,0.2544655,0.26104596
1429,pregnant,divine,concrete-positive,abstract-positive,ValenceMatchingOnly,PositiveMatch,ConcreteMismatch,,0.10036260634660721,0.25853026,0.21341144
1430,handmade,honest,concrete-positive,abstract-positive,ValenceMatchingOnly,PositiveMatch,ConcreteMismatch,,0.03358577936887741,0.17485987,0.12570173
1431,handmade,lovable,concrete-positive,abstract-positive,ValenceMatchingOnly,PositiveMatch,ConcreteMismatch,,0.12134316563606262,0.2561372,0.23575276
1432,handmade,thankful,concrete-positive,abstract-positive,ValenceMatchingOnly,PositiveMatch,ConcreteMismatch,,0.12276803702116013,0.16508299,0.21397322
1433,handmade,splendid,concrete-positive,abstract-positive,ValenceMatchingOnly,PositiveMatch,ConcreteMismatch,,0.15123683214187622,0.19471838,0.22662887
1434,handmade,possible,concrete-positive,abstract-positive,ValenceMatchingOnly,PositiveMatch,ConcreteMismatch,,-0.029886633157730103,0.24895138,0.1778689
1435,handmade,sensible,concrete-positive,abstract-positive,ValenceMatchingOnly,PositiveMatch,ConcreteMismatch,,0.00620367843657732,0.19638363,0.1428644
1436,handmade,mindful,concrete-positive,abstract-positive,ValenceMatchingOnly,PositiveMatch,ConcreteMismatch,,0.06505628675222397,0.23227292,0.215783
1437,handmade,pleasant,concrete-positive,abstract-positive,ValenceMatchingOnly,PositiveMatch,ConcreteMismatch,,0.10630235821008682,0.21322915,0.161664
1438,handmade,helpful,concrete-positive,abstract-positive,ValenceMatchingOnly,PositiveMatch,ConcreteMismatch,,0.047225192189216614,0.17052872,0.14846328
1439,handmade,divine,concrete-positive,abstract-positive,ValenceMatchingOnly,PositiveMatch,ConcreteMismatch,,0.1378951221704483,0.22402176,0.26190525
1440,slave,comedian,animate-negative,animate-positive,ConceptualMatchingOnly,NegativeMismatch,ConceptualMatch:animate,,0.045471616089344025,0.21623507,0.29281297
1441,slave,puppy,animate-negative,animate-positive,ConceptualMatchingOnly,NegativeMismatch,ConceptualMatch:animate,,0.20842252671718597,0.3676891,0.33598942
1442,slave,sibling,animate-negative,animate-positive,ConceptualMatchingOnly,NegativeMismatch,ConceptualMatch:animate,,0.07376299798488617,0.3610583,0.3254065
1443,slave,duckling,animate-negative,animate-positive,ConceptualMatchingOnly,NegativeMismatch,ConceptualMatch:animate,,0.11875809729099274,0.2833589,0.21297555
1444,slave,kitten,animate-negative,animate-positive,ConceptualMatchingOnly,NegativeMismatch,ConceptualMatch:animate,,0.22626768052577972,0.28716588,0.32101893
1445,slave,bunny,animate-negative,animate-positive,ConceptualMatchingOnly,NegativeMismatch,ConceptualMatch:animate,,0.1207105740904808,0.33286738,0.30072355
1446,slave,child,animate-negative,animate-positive,ConceptualMatchingOnly,NegativeMismatch,ConceptualMatch:animate,,0.17397387325763702,0.27489716,0.38721648
1447,slave,princess,animate-negative,animate-positive,ConceptualMatchingOnly,NegativeMismatch,ConceptualMatch:animate,,0.25051379203796387,0.38026714,0.42203557
1448,slave,chipmunk,animate-negative,animate-positive,ConceptualMatchingOnly,NegativeMismatch,ConceptualMatch:animate,,0.08332649618387222,0.31946614,0.23002926
1449,slave,husband,animate-negative,animate-positive,ConceptualMatchingOnly,NegativeMismatch,ConceptualMatch:animate,,0.16758358478546143,0.37365633,0.38622183
1450,asshole,comedian,animate-negative,animate-positive,ConceptualMatchingOnly,NegativeMismatch,ConceptualMatch:animate,,0.3429286777973175,0.3392149,0.334261
1451,asshole,puppy,animate-negative,animate-positive,ConceptualMatchingOnly,NegativeMismatch,ConceptualMatch:animate,,0.24812427163124084,0.37684816,0.2823776
1452,asshole,sibling,animate-negative,animate-positive,ConceptualMatchingOnly,NegativeMismatch,ConceptualMatch:animate,,0.164249449968338,0.28957373,0.33613384
1453,asshole,duckling,animate-negative,animate-positive,ConceptualMatchingOnly,NegativeMismatch,ConceptualMatch:animate,,0.11781378090381622,0.25062197,0.20127982
1454,asshole,kitten,animate-negative,animate-positive,ConceptualMatchingOnly,NegativeMismatch,ConceptualMatch:animate,,0.21158741414546967,0.36535886,0.2920988
1455,asshole,bunny,animate-negative,animate-positive,ConceptualMatchingOnly,NegativeMismatch,ConceptualMatch:animate,,0.2239616960287094,0.23186153,0.32790822
1456,asshole,child,animate-negative,animate-positive,ConceptualMatchingOnly,NegativeMismatch,ConceptualMatch:animate,,0.13442543148994446,0.3560448,0.34345436
1457,asshole,princess,animate-negative,animate-positive,ConceptualMatchingOnly,NegativeMismatch,ConceptualMatch:animate,,0.1418648064136505,0.25581437,0.2396422
1458,asshole,chipmunk,animate-negative,animate-positive,ConceptualMatchingOnly,NegativeMismatch,ConceptualMatch:animate,,0.28731971979141235,0.20864645,0.3272671
1459,asshole,husband,animate-negative,animate-positive,ConceptualMatchingOnly,NegativeMismatch,ConceptualMatch:animate,,0.15250341594219208,0.3951972,0.27612436
1460,maggot,comedian,animate-negative,animate-positive,ConceptualMatchingOnly,NegativeMismatch,ConceptualMatch:animate,,0.20637619495391846,0.20725681,0.21560428
1461,maggot,puppy,animate-negative,animate-positive,ConceptualMatchingOnly,NegativeMismatch,ConceptualMatch:animate,,0.19906486570835114,0.20036292,0.22628939
1462,maggot,sibling,animate-negative,animate-positive,ConceptualMatchingOnly,NegativeMismatch,ConceptualMatch:animate,,0.029752464964985847,0.19923118,0.26526076
1463,maggot,duckling,animate-negative,animate-positive,ConceptualMatchingOnly,NegativeMismatch,ConceptualMatch:animate,,0.3321056365966797,0.33822,0.336092
1464,maggot,kitten,animate-negative,animate-positive,ConceptualMatchingOnly,NegativeMismatch,ConceptualMatch:animate,,0.21763718128204346,0.28093648,0.3216079
1465,maggot,bunny,animate-negative,animate-positive,ConceptualMatchingOnly,NegativeMismatch,ConceptualMatch:animate,,0.2593114674091339,0.35450444,0.3433248
1466,maggot,child,animate-negative,animate-positive,ConceptualMatchingOnly,NegativeMismatch,ConceptualMatch:animate,,0.07852011919021606,0.30091378,0.28949234
1467,maggot,princess,animate-negative,animate-positive,ConceptualMatchingOnly,NegativeMismatch,ConceptualMatch:animate,,0.11597684025764465,0.3214916,0.2504572
1468,maggot,chipmunk,animate-negative,animate-positive,ConceptualMatchingOnly,NegativeMismatch,ConceptualMatch:animate,,0.1913922131061554,0.263171,0.33069602
1469,maggot,husband,animate-negative,animate-positive,ConceptualMatchingOnly,NegativeMismatch,ConceptualMatch:animate,,0.11648531258106232,0.23062125,0.26914322
1470,widow,comedian,animate-negative,animate-positive,ConceptualMatchingOnly,NegativeMismatch,ConceptualMatch:animate,,0.21273082494735718,0.25217015,0.2841458
1471,widow,puppy,animate-negative,animate-positive,ConceptualMatchingOnly,NegativeMismatch,ConceptualMatch:animate,,0.19134175777435303,0.3305202,0.20176868
1472,widow,sibling,animate-negative,animate-positive,ConceptualMatchingOnly,NegativeMismatch,ConceptualMatch:animate,,0.21468321979045868,0.37528917,0.32334787
1473,widow,duckling,animate-negative,animate-positive,ConceptualMatchingOnly,NegativeMismatch,ConceptualMatch:animate,,0.12038171291351318,0.26654714,0.28770393
1474,widow,kitten,animate-negative,animate-positive,ConceptualMatchingOnly,NegativeMismatch,ConceptualMatch:animate,,0.17827190458774567,0.28672397,0.34430695
1475,widow,bunny,animate-negative,animate-positive,ConceptualMatchingOnly,NegativeMismatch,ConceptualMatch:animate,,0.04646586626768112,0.33251783,0.32562563
1476,widow,child,animate-negative,animate-positive,ConceptualMatchingOnly,NegativeMismatch,ConceptualMatch:animate,,0.25565582513809204,0.31417128,0.23306611
1477,widow,princess,animate-negative,animate-positive,ConceptualMatchingOnly,NegativeMismatch,ConceptualMatch:animate,,0.32376354932785034,0.3886453,0.431244
1478,widow,chipmunk,animate-negative,animate-positive,ConceptualMatchingOnly,NegativeMismatch,ConceptualMatch:animate,,0.05368291586637497,0.2297806,0.23974925
1479,widow,husband,animate-negative,animate-positive,ConceptualMatchingOnly,NegativeMismatch,ConceptualMatch:animate,,0.6175139546394348,0.48086613,0.42093477
1480,inmate,comedian,animate-negative,animate-positive,ConceptualMatchingOnly,NegativeMismatch,ConceptualMatch:animate,,0.14152322709560394,0.21358201,0.3574501
1481,inmate,puppy,animate-negative,animate-positive,ConceptualMatchingOnly,NegativeMismatch,ConceptualMatch:animate,,0.1508105993270874,0.32580748,0.2548688
1482,inmate,sibling,animate-negative,animate-positive,ConceptualMatchingOnly,NegativeMismatch,ConceptualMatch:animate,,0.10857056826353073,0.18964161,0.24096572
1483,inmate,duckling,animate-negative,animate-positive,ConceptualMatchingOnly,NegativeMismatch,ConceptualMatch:animate,,0.14271356165409088,0.14594263,0.26128262
1484,inmate,kitten,animate-negative,animate-positive,ConceptualMatchingOnly,NegativeMismatch,ConceptualMatch:animate,,0.23253192007541656,0.31780395,0.31232548
1485,inmate,bunny,animate-negative,animate-positive,ConceptualMatchingOnly,NegativeMismatch,ConceptualMatch:animate,,0.12144678086042404,0.28886563,0.23870033
1486,inmate,child,animate-negative,animate-positive,ConceptualMatchingOnly,NegativeMismatch,ConceptualMatch:animate,,0.3181079924106598,0.27361524,0.30183193
1487,inmate,princess,animate-negative,animate-positive,ConceptualMatchingOnly,NegativeMismatch,ConceptualMatch:animate,,0.11707116663455963,0.11089899,0.2940458
1488,inmate,chipmunk,animate-negative,animate-positive,ConceptualMatchingOnly,NegativeMismatch,ConceptualMatch:animate,,0.1622384637594223,0.20278348,0.23424569
1489,inmate,husband,animate-negative,animate-positive,ConceptualMatchingOnly,NegativeMismatch,ConceptualMatch:animate,,0.1814640462398529,0.16615427,0.31617337
1490,dictator,comedian,animate-negative,animate-positive,ConceptualMatchingOnly,NegativeMismatch,ConceptualMatch:animate,,0.22023531794548035,0.3648738,0.42959443
1491,dictator,puppy,animate-negative,animate-positive,ConceptualMatchingOnly,NegativeMismatch,ConceptualMatch:animate,,0.17230354249477386,0.32676992,0.29098958
1492,dictator,sibling,animate-negative,animate-positive,ConceptualMatchingOnly,NegativeMismatch,ConceptualMatch:animate,,0.07753966748714447,0.22430421,0.24008055
1493,dictator,duckling,animate-negative,animate-positive,ConceptualMatchingOnly,NegativeMismatch,ConceptualMatch:animate,,0.14959627389907837,0.20760198,0.22074437
1494,dictator,kitten,animate-negative,animate-positive,ConceptualMatchingOnly,NegativeMismatch,ConceptualMatch:animate,,0.13073891401290894,0.3006593,0.31253165
1495,dictator,bunny,animate-negative,animate-positive,ConceptualMatchingOnly,NegativeMismatch,ConceptualMatch:animate,,0.11116977035999298,0.28608233,0.3270914
1496,dictator,child,animate-negative,animate-positive,ConceptualMatchingOnly,NegativeMismatch,ConceptualMatch:animate,,0.17118990421295166,0.30931917,0.29273283
1497,dictator,princess,animate-negative,animate-positive,ConceptualMatchingOnly,NegativeMismatch,ConceptualMatch:animate,,0.29319316148757935,0.3468433,0.36736026
1498,dictator,chipmunk,animate-negative,animate-positive,ConceptualMatchingOnly,NegativeMismatch,ConceptualMatch:animate,,0.09902650117874146,0.22117457,0.2804505
1499,dictator,husband,animate-negative,animate-positive,ConceptualMatchingOnly,NegativeMismatch,ConceptualMatch:animate,,0.1943078339099884,0.34646493,0.31416833
1500,leech,comedian,animate-negative,animate-positive,ConceptualMatchingOnly,NegativeMismatch,ConceptualMatch:animate,,0.07034804672002792,0.31640553,0.27135932
1501,leech,puppy,animate-negative,animate-positive,ConceptualMatchingOnly,NegativeMismatch,ConceptualMatch:animate,,0.1610834002494812,0.24215494,0.20695004
1502,leech,sibling,animate-negative,animate-positive,ConceptualMatchingOnly,NegativeMismatch,ConceptualMatch:animate,,0.11085645109415054,0.19328536,0.239781
1503,leech,duckling,animate-negative,animate-positive,ConceptualMatchingOnly,NegativeMismatch,ConceptualMatch:animate,,0.21936887502670288,0.2982977,0.32343033
1504,leech,kitten,animate-negative,animate-positive,ConceptualMatchingOnly,NegativeMismatch,ConceptualMatch:animate,,0.2141820788383484,0.22548848,0.31154287
1505,leech,bunny,animate-negative,animate-positive,ConceptualMatchingOnly,NegativeMismatch,ConceptualMatch:animate,,0.162721648812294,0.28894478,0.28026462
1506,leech,child,animate-negative,animate-positive,ConceptualMatchingOnly,NegativeMismatch,ConceptualMatch:animate,,0.20074303448200226,0.23093185,0.24770054
1507,leech,princess,animate-negative,animate-positive,ConceptualMatchingOnly,NegativeMismatch,ConceptualMatch:animate,,0.15077020227909088,0.23736605,0.18128026
1508,leech,chipmunk,animate-negative,animate-positive,ConceptualMatchingOnly,NegativeMismatch,ConceptualMatch:animate,,0.23426684737205505,0.294946,0.37643167
1509,leech,husband,animate-negative,animate-positive,ConceptualMatchingOnly,NegativeMismatch,ConceptualMatch:animate,,0.13585028052330017,0.28125912,0.23983052
1510,tapeworm,comedian,animate-negative,animate-positive,ConceptualMatchingOnly,NegativeMismatch,ConceptualMatch:animate,,0.146876260638237,0.2378171,0.18247584
1511,tapeworm,puppy,animate-negative,animate-positive,ConceptualMatchingOnly,NegativeMismatch,ConceptualMatch:animate,,0.2364141047000885,0.3121235,0.2625752
1512,tapeworm,sibling,animate-negative,animate-positive,ConceptualMatchingOnly,NegativeMismatch,ConceptualMatch:animate,,0.0922383964061737,0.23318325,0.23393907
1513,tapeworm,duckling,animate-negative,animate-positive,ConceptualMatchingOnly,NegativeMismatch,ConceptualMatch:animate,,0.306241512298584,0.3003568,0.32736668
1514,tapeworm,kitten,animate-negative,animate-positive,ConceptualMatchingOnly,NegativeMismatch,ConceptualMatch:animate,,0.24918217957019806,0.3673416,0.35745817
1515,tapeworm,bunny,animate-negative,animate-positive,ConceptualMatchingOnly,NegativeMismatch,ConceptualMatch:animate,,0.28159141540527344,0.22001363,0.2895798
1516,tapeworm,child,animate-negative,animate-positive,ConceptualMatchingOnly,NegativeMismatch,ConceptualMatch:animate,,0.1335846185684204,0.25258875,0.25919038
1517,tapeworm,princess,animate-negative,animate-positive,ConceptualMatchingOnly,NegativeMismatch,ConceptualMatch:animate,,0.14833533763885498,0.09584181,0.20301557
1518,tapeworm,chipmunk,animate-negative,animate-positive,ConceptualMatchingOnly,NegativeMismatch,ConceptualMatch:animate,,0.3158448040485382,0.20706496,0.35698634
1519,tapeworm,husband,animate-negative,animate-positive,ConceptualMatchingOnly,NegativeMismatch,ConceptualMatch:animate,,0.08252836018800735,0.21218622,0.22486582
1520,intruder,comedian,animate-negative,animate-positive,ConceptualMatchingOnly,NegativeMismatch,ConceptualMatch:animate,,0.10685621201992035,0.21907026,0.33914337
1521,intruder,puppy,animate-negative,animate-positive,ConceptualMatchingOnly,NegativeMismatch,ConceptualMatch:animate,,0.20464985072612762,0.3383733,0.23713338
1522,intruder,sibling,animate-negative,animate-positive,ConceptualMatchingOnly,NegativeMismatch,ConceptualMatch:animate,,0.12867885828018188,0.32781082,0.3208959
1523,intruder,duckling,animate-negative,animate-positive,ConceptualMatchingOnly,NegativeMismatch,ConceptualMatch:animate,,0.24920625984668732,0.2981149,0.2875086
1524,intruder,kitten,animate-negative,animate-positive,ConceptualMatchingOnly,NegativeMismatch,ConceptualMatch:animate,,0.24700236320495605,0.30633312,0.3326618
1525,intruder,bunny,animate-negative,animate-positive,ConceptualMatchingOnly,NegativeMismatch,ConceptualMatch:animate,,0.18619224429130554,0.33552393,0.3643924
1526,intruder,child,animate-negative,animate-positive,ConceptualMatchingOnly,NegativeMismatch,ConceptualMatch:animate,,0.18228942155838013,0.3126883,0.29504266
1527,intruder,princess,animate-negative,animate-positive,ConceptualMatchingOnly,NegativeMismatch,ConceptualMatch:animate,,0.14096246659755707,0.25511912,0.34323245
1528,intruder,chipmunk,animate-negative,animate-positive,ConceptualMatchingOnly,NegativeMismatch,ConceptualMatch:animate,,0.2720358669757843,0.30393243,0.2518193
1529,intruder,husband,animate-negative,animate-positive,ConceptualMatchingOnly,NegativeMismatch,ConceptualMatch:animate,,0.24883385002613068,0.31709397,0.35152274
1530,mugger,comedian,animate-negative,animate-positive,ConceptualMatchingOnly,NegativeMismatch,ConceptualMatch:animate,,0.18022561073303223,0.3428286,0.40819803
1531,mugger,puppy,animate-negative,animate-positive,ConceptualMatchingOnly,NegativeMismatch,ConceptualMatch:animate,,0.2688088119029999,0.2952742,0.32241553
1532,mugger,sibling,animate-negative,animate-positive,ConceptualMatchingOnly,NegativeMismatch,ConceptualMatch:animate,,0.10544712096452713,0.17059961,0.2724207
1533,mugger,duckling,animate-negative,animate-positive,ConceptualMatchingOnly,NegativeMismatch,ConceptualMatch:animate,,0.21862351894378662,0.37087202,0.3616924
1534,mugger,kitten,animate-negative,animate-positive,ConceptualMatchingOnly,NegativeMismatch,ConceptualMatch:animate,,0.26683494448661804,0.23477657,0.33019587
1535,mugger,bunny,animate-negative,animate-positive,ConceptualMatchingOnly,NegativeMismatch,ConceptualMatch:animate,,0.25819337368011475,0.24354158,0.36264396
1536,mugger,child,animate-negative,animate-positive,ConceptualMatchingOnly,NegativeMismatch,ConceptualMatch:animate,,0.1909560114145279,0.27834034,0.35312137
1537,mugger,princess,animate-negative,animate-positive,ConceptualMatchingOnly,NegativeMismatch,ConceptualMatch:animate,,0.18285125494003296,0.32386976,0.2755366
1538,mugger,chipmunk,animate-negative,animate-positive,ConceptualMatchingOnly,NegativeMismatch,ConceptualMatch:animate,,0.2862410843372345,0.32720053,0.3347344
1539,mugger,husband,animate-negative,animate-positive,ConceptualMatchingOnly,NegativeMismatch,ConceptualMatch:animate,,0.24728739261627197,0.2816913,0.30067772
1540,heroin,prize,inanimate-negative,inanimate-positive,ConceptualMatchingOnly,NegativeMismatch,ConceptualMatch:inanimate,,0.11632707715034485,0.29875064,0.28300655
1541,heroin,sunshine,inanimate-negative,inanimate-positive,ConceptualMatchingOnly,NegativeMismatch,ConceptualMatch:inanimate,,0.08049661666154861,0.23670277,0.31052774
1542,heroin,award,inanimate-negative,inanimate-positive,ConceptualMatchingOnly,NegativeMismatch,ConceptualMatch:inanimate,,0.007763289380818605,0.2572049,0.29002547
1543,heroin,pizza,inanimate-negative,inanimate-positive,ConceptualMatchingOnly,NegativeMismatch,ConceptualMatch:inanimate,,0.19334231317043304,0.39400703,0.40496963
1544,heroin,laughter,inanimate-negative,inanimate-positive,ConceptualMatchingOnly,NegativeMismatch,ConceptualMatch:inanimate,,0.14902697503566742,0.31932133,0.40366423
1545,heroin,feast,inanimate-negative,inanimate-positive,ConceptualMatchingOnly,NegativeMismatch,ConceptualMatch:inanimate,,-8.033981430344284e-05,0.28485578,0.29098827
1546,heroin,doughnut,inanimate-negative,inanimate-positive,ConceptualMatchingOnly,NegativeMismatch,ConceptualMatch:inanimate,,,0.302482,0.39348385
1547,heroin,dollar,inanimate-negative,inanimate-positive,ConceptualMatchingOnly,NegativeMismatch,ConceptualMatch:inanimate,,0.13599762320518494,0.3080849,0.21062732
1548,heroin,sandwich,inanimate-negative,inanimate-positive,ConceptualMatchingOnly,NegativeMismatch,ConceptualMatch:inanimate,,0.12519286572933197,0.35866046,0.32707515
1549,heroin,meadow,inanimate-negative,inanimate-positive,ConceptualMatchingOnly,NegativeMismatch,ConceptualMatch:inanimate,,0.07110929489135742,0.23787254,0.17582628
1550,swastika,prize,inanimate-negative,inanimate-positive,ConceptualMatchingOnly,NegativeMismatch,ConceptualMatch:inanimate,,0.070297971367836,0.2554083,0.21129502
1551,swastika,sunshine,inanimate-negative,inanimate-positive,ConceptualMatchingOnly,NegativeMismatch,ConceptualMatch:inanimate,,0.0658869668841362,0.288826,0.22631271
1552,swastika,award,inanimate-negative,inanimate-positive,ConceptualMatchingOnly,NegativeMismatch,ConceptualMatch:inanimate,,-0.01145888864994049,0.27712998,0.21113373
1553,swastika,pizza,inanimate-negative,inanimate-positive,ConceptualMatchingOnly,NegativeMismatch,ConceptualMatch:inanimate,,0.14538955688476562,0.26115495,0.2693301
1554,swastika,laughter,inanimate-negative,inanimate-positive,ConceptualMatchingOnly,NegativeMismatch,ConceptualMatch:inanimate,,0.057641249150037766,0.25997403,0.24995083
1555,swastika,feast,inanimate-negative,inanimate-positive,ConceptualMatchingOnly,NegativeMismatch,ConceptualMatch:inanimate,,0.047138676047325134,0.2416373,0.2202157
1556,swastika,doughnut,inanimate-negative,inanimate-positive,ConceptualMatchingOnly,NegativeMismatch,ConceptualMatch:inanimate,,,0.26423958,0.22633635
1557,swastika,dollar,inanimate-negative,inanimate-positive,ConceptualMatchingOnly,NegativeMismatch,ConceptualMatch:inanimate,,0.06790533661842346,0.18427047,0.21305962
1558,swastika,sandwich,inanimate-negative,inanimate-positive,ConceptualMatchingOnly,NegativeMismatch,ConceptualMatch:inanimate,,0.1653451770544052,0.23454098,0.3128595
1559,swastika,meadow,inanimate-negative,inanimate-positive,ConceptualMatchingOnly,NegativeMismatch,ConceptualMatch:inanimate,,0.17292718589305878,0.09345297,0.109900035
1560,wiretap,prize,inanimate-negative,inanimate-positive,ConceptualMatchingOnly,NegativeMismatch,ConceptualMatch:inanimate,,-0.012138532474637032,0.23962839,0.2293036
1561,wiretap,sunshine,inanimate-negative,inanimate-positive,ConceptualMatchingOnly,NegativeMismatch,ConceptualMatch:inanimate,,-0.007805719040334225,0.12579496,0.28369057
1562,wiretap,award,inanimate-negative,inanimate-positive,ConceptualMatchingOnly,NegativeMismatch,ConceptualMatch:inanimate,,0.07633712142705917,0.2328787,0.27962938
1563,wiretap,pizza,inanimate-negative,inanimate-positive,ConceptualMatchingOnly,NegativeMismatch,ConceptualMatch:inanimate,,0.09799562394618988,0.17181969,0.27872813
1564,wiretap,laughter,inanimate-negative,inanimate-positive,ConceptualMatchingOnly,NegativeMismatch,ConceptualMatch:inanimate,,0.12287213653326035,0.1319152,0.30018505
1565,wiretap,feast,inanimate-negative,inanimate-positive,ConceptualMatchingOnly,NegativeMismatch,ConceptualMatch:inanimate,,0.03416164964437485,0.06841482,0.20741762
1566,wiretap,doughnut,inanimate-negative,inanimate-positive,ConceptualMatchingOnly,NegativeMismatch,ConceptualMatch:inanimate,,,0.15019,0.21578877
1567,wiretap,dollar,inanimate-negative,inanimate-positive,ConceptualMatchingOnly,NegativeMismatch,ConceptualMatch:inanimate,,0.01396255660802126,0.15855432,0.20821296
1568,wiretap,sandwich,inanimate-negative,inanimate-positive,ConceptualMatchingOnly,NegativeMismatch,ConceptualMatch:inanimate,,0.039558712393045425,0.16625999,0.2959524
1569,wiretap,meadow,inanimate-negative,inanimate-positive,ConceptualMatchingOnly,NegativeMismatch,ConceptualMatch:inanimate,,-0.03622318431735039,0.07198516,0.2260737
1570,cocaine,prize,inanimate-negative,inanimate-positive,ConceptualMatchingOnly,NegativeMismatch,ConceptualMatch:inanimate,,0.13982288539409637,0.36518717,0.34298718
1571,cocaine,sunshine,inanimate-negative,inanimate-positive,ConceptualMatchingOnly,NegativeMismatch,ConceptualMatch:inanimate,,0.0812392458319664,0.29902998,0.33262265
1572,cocaine,award,inanimate-negative,inanimate-positive,ConceptualMatchingOnly,NegativeMismatch,ConceptualMatch:inanimate,,0.025017136707901955,0.3126645,0.3063851
1573,cocaine,pizza,inanimate-negative,inanimate-positive,ConceptualMatchingOnly,NegativeMismatch,ConceptualMatch:inanimate,,0.21526426076889038,0.4569909,0.42990792
1574,cocaine,laughter,inanimate-negative,inanimate-positive,ConceptualMatchingOnly,NegativeMismatch,ConceptualMatch:inanimate,,0.1349526196718216,0.36552507,0.41858536
1575,cocaine,feast,inanimate-negative,inanimate-positive,ConceptualMatchingOnly,NegativeMismatch,ConceptualMatch:inanimate,,0.027221983298659325,0.16844979,0.24972883
1576,cocaine,doughnut,inanimate-negative,inanimate-positive,ConceptualMatchingOnly,NegativeMismatch,ConceptualMatch:inanimate,,,0.3409661,0.27664876
1577,cocaine,dollar,inanimate-negative,inanimate-positive,ConceptualMatchingOnly,NegativeMismatch,ConceptualMatch:inanimate,,0.1427551507949829,0.34968618,0.20086011
1578,cocaine,sandwich,inanimate-negative,inanimate-positive,ConceptualMatchingOnly,NegativeMismatch,ConceptualMatch:inanimate,,0.12355342507362366,0.33906344,0.2935658
1579,cocaine,meadow,inanimate-negative,inanimate-positive,ConceptualMatchingOnly,NegativeMismatch,ConceptualMatch:inanimate,,0.05855850875377655,0.18783203,0.19341981
1580,excrement,prize,inanimate-negative,inanimate-positive,ConceptualMatchingOnly,NegativeMismatch,ConceptualMatch:inanimate,,0.08861041069030762,0.3645574,0.26610947
1581,excrement,sunshine,inanimate-negative,inanimate-positive,ConceptualMatchingOnly,NegativeMismatch,ConceptualMatch:inanimate,,0.08821795135736465,0.10410167,0.31851608
1582,excrement,award,inanimate-negative,inanimate-positive,ConceptualMatchingOnly,NegativeMismatch,ConceptualMatch:inanimate,,0.03670749440789223,0.33490443,0.27818456
1583,excrement,pizza,inanimate-negative,inanimate-positive,ConceptualMatchingOnly,NegativeMismatch,ConceptualMatch:inanimate,,0.14050206542015076,0.35454804,0.35897776
1584,excrement,laughter,inanimate-negative,inanimate-positive,ConceptualMatchingOnly,NegativeMismatch,ConceptualMatch:inanimate,,0.2067236751317978,0.31545535,0.45077568
1585,excrement,feast,inanimate-negative,inanimate-positive,ConceptualMatchingOnly,NegativeMismatch,ConceptualMatch:inanimate,,0.2059810757637024,0.27328303,0.34398675
1586,excrement,doughnut,inanimate-negative,inanimate-positive,ConceptualMatchingOnly,NegativeMismatch,ConceptualMatch:inanimate,,,0.30825582,0.32565194
1587,excrement,dollar,inanimate-negative,inanimate-positive,ConceptualMatchingOnly,NegativeMismatch,ConceptualMatch:inanimate,,0.0746750682592392,0.2858405,0.1912561
1588,excrement,sandwich,inanimate-negative,inanimate-positive,ConceptualMatchingOnly,NegativeMismatch,ConceptualMatch:inanimate,,0.16679401695728302,0.30186424,0.2728377
1589,excrement,meadow,inanimate-negative,inanimate-positive,ConceptualMatchingOnly,NegativeMismatch,ConceptualMatch:inanimate,,0.23381295800209045,0.10189103,0.13113788
1590,poison,prize,inanimate-negative,inanimate-positive,ConceptualMatchingOnly,NegativeMismatch,ConceptualMatch:inanimate,,0.05115382745862007,0.31822032,0.21994188
1591,poison,sunshine,inanimate-negative,inanimate-positive,ConceptualMatchingOnly,NegativeMismatch,ConceptualMatch:inanimate,,0.04854729026556015,0.28235304,0.22798298
1592,poison,award,inanimate-negative,inanimate-positive,ConceptualMatchingOnly,NegativeMismatch,ConceptualMatch:inanimate,,-0.020684488117694855,0.26148415,0.21336576
1593,poison,pizza,inanimate-negative,inanimate-positive,ConceptualMatchingOnly,NegativeMismatch,ConceptualMatch:inanimate,,0.12972374260425568,0.31411564,0.29073876
1594,poison,laughter,inanimate-negative,inanimate-positive,ConceptualMatchingOnly,NegativeMismatch,ConceptualMatch:inanimate,,0.120944082736969,0.29477692,0.30018193
1595,poison,feast,inanimate-negative,inanimate-positive,ConceptualMatchingOnly,NegativeMismatch,ConceptualMatch:inanimate,,0.11591494083404541,0.26303008,0.21802011
1596,poison,doughnut,inanimate-negative,inanimate-positive,ConceptualMatchingOnly,NegativeMismatch,ConceptualMatch:inanimate,,,0.2634204,0.20791537
1597,poison,dollar,inanimate-negative,inanimate-positive,ConceptualMatchingOnly,NegativeMismatch,ConceptualMatch:inanimate,,0.02143586426973343,0.26780012,0.15306652
1598,poison,sandwich,inanimate-negative,inanimate-positive,ConceptualMatchingOnly,NegativeMismatch,ConceptualMatch:inanimate,,0.10701189935207367,0.31601596,0.23598832
1599,poison,meadow,inanimate-negative,inanimate-positive,ConceptualMatchingOnly,NegativeMismatch,ConceptualMatch:inanimate,,0.11177191883325577,0.17823693,0.21852954
1600,gunshot,prize,inanimate-negative,inanimate-positive,ConceptualMatchingOnly,NegativeMismatch,ConceptualMatch:inanimate,,0.06150215491652489,0.2815941,0.29412627
1601,gunshot,sunshine,inanimate-negative,inanimate-positive,ConceptualMatchingOnly,NegativeMismatch,ConceptualMatch:inanimate,,0.044347863644361496,0.17146863,0.21271873
1602,gunshot,award,inanimate-negative,inanimate-positive,ConceptualMatchingOnly,NegativeMismatch,ConceptualMatch:inanimate,,0.04888905584812164,0.27859432,0.3165953
1603,gunshot,pizza,inanimate-negative,inanimate-positive,ConceptualMatchingOnly,NegativeMismatch,ConceptualMatch:inanimate,,0.06397417187690735,0.28210655,0.25700244
1604,gunshot,laughter,inanimate-negative,inanimate-positive,ConceptualMatchingOnly,NegativeMismatch,ConceptualMatch:inanimate,,0.20996633172035217,0.39641446,0.3867893
1605,gunshot,feast,inanimate-negative,inanimate-positive,ConceptualMatchingOnly,NegativeMismatch,ConceptualMatch:inanimate,,0.0462920218706131,0.26572275,0.18198976
1606,gunshot,doughnut,inanimate-negative,inanimate-positive,ConceptualMatchingOnly,NegativeMismatch,ConceptualMatch:inanimate,,,0.18605144,0.28334516
1607,gunshot,dollar,inanimate-negative,inanimate-positive,ConceptualMatchingOnly,NegativeMismatch,ConceptualMatch:inanimate,,0.07449395954608917,0.26613623,0.22365439
1608,gunshot,sandwich,inanimate-negative,inanimate-positive,ConceptualMatchingOnly,NegativeMismatch,ConceptualMatch:inanimate,,0.06038711965084076,0.27426618,0.22022998
1609,gunshot,meadow,inanimate-negative,inanimate-positive,ConceptualMatchingOnly,NegativeMismatch,ConceptualMatch:inanimate,,0.11580866575241089,0.1207819,0.20376614
1610,flood,prize,inanimate-negative,inanimate-positive,ConceptualMatchingOnly,NegativeMismatch,ConceptualMatch:inanimate,,0.04028971120715141,0.30278844,0.1900321
1611,flood,sunshine,inanimate-negative,inanimate-positive,ConceptualMatchingOnly,NegativeMismatch,ConceptualMatch:inanimate,,0.08971745520830154,0.31990784,0.29861692
1612,flood,award,inanimate-negative,inanimate-positive,ConceptualMatchingOnly,NegativeMismatch,ConceptualMatch:inanimate,,0.021731985732913017,0.29176316,0.19297978
1613,flood,pizza,inanimate-negative,inanimate-positive,ConceptualMatchingOnly,NegativeMismatch,ConceptualMatch:inanimate,,-0.024401189759373665,0.22029927,0.2436299
1614,flood,laughter,inanimate-negative,inanimate-positive,ConceptualMatchingOnly,NegativeMismatch,ConceptualMatch:inanimate,,0.10909020900726318,0.2673138,0.2737837
1615,flood,feast,inanimate-negative,inanimate-positive,ConceptualMatchingOnly,NegativeMismatch,ConceptualMatch:inanimate,,0.04617549106478691,0.2562508,0.34992495
1616,flood,doughnut,inanimate-negative,inanimate-positive,ConceptualMatchingOnly,NegativeMismatch,ConceptualMatch:inanimate,,,0.11006676,0.20610765
1617,flood,dollar,inanimate-negative,inanimate-positive,ConceptualMatchingOnly,NegativeMismatch,ConceptualMatch:inanimate,,0.11571890115737915,0.2523918,0.17081621
1618,flood,sandwich,inanimate-negative,inanimate-positive,ConceptualMatchingOnly,NegativeMismatch,ConceptualMatch:inanimate,,-0.06580554693937302,0.32701167,0.20126557
1619,flood,meadow,inanimate-negative,inanimate-positive,ConceptualMatchingOnly,NegativeMismatch,ConceptualMatch:inanimate,,0.10300151258707047,0.31810963,0.25456327
1620,smallpox,prize,inanimate-negative,inanimate-positive,ConceptualMatchingOnly,NegativeMismatch,ConceptualMatch:inanimate,,0.05682600289583206,0.28612125,0.24798648
1621,smallpox,sunshine,inanimate-negative,inanimate-positive,ConceptualMatchingOnly,NegativeMismatch,ConceptualMatch:inanimate,,-0.038200389593839645,0.14943887,0.34244698
1622,smallpox,award,inanimate-negative,inanimate-positive,ConceptualMatchingOnly,NegativeMismatch,ConceptualMatch:inanimate,,0.013675098307430744,0.22643313,0.21698248
1623,smallpox,pizza,inanimate-negative,inanimate-positive,ConceptualMatchingOnly,NegativeMismatch,ConceptualMatch:inanimate,,-0.018588818609714508,0.21887432,0.33410984
1624,smallpox,laughter,inanimate-negative,inanimate-positive,ConceptualMatchingOnly,NegativeMismatch,ConceptualMatch:inanimate,,0.0778583511710167,0.22079799,0.3125279
1625,smallpox,feast,inanimate-negative,inanimate-positive,ConceptualMatchingOnly,NegativeMismatch,ConceptualMatch:inanimate,,0.0277140773832798,0.32721317,0.2846086
1626,smallpox,doughnut,inanimate-negative,inanimate-positive,ConceptualMatchingOnly,NegativeMismatch,ConceptualMatch:inanimate,,,0.20895278,0.23917766
1627,smallpox,dollar,inanimate-negative,inanimate-positive,ConceptualMatchingOnly,NegativeMismatch,ConceptualMatch:inanimate,,0.11495547741651535,0.14868128,0.13893808
1628,smallpox,sandwich,inanimate-negative,inanimate-positive,ConceptualMatchingOnly,NegativeMismatch,ConceptualMatch:inanimate,,0.029798299074172974,0.23883542,0.28867507
1629,smallpox,meadow,inanimate-negative,inanimate-positive,ConceptualMatchingOnly,NegativeMismatch,ConceptualMatch:inanimate,,0.1144474595785141,0.20608081,0.19440007
1630,corpse,prize,inanimate-negative,inanimate-positive,ConceptualMatchingOnly,NegativeMismatch,ConceptualMatch:inanimate,,0.07832769304513931,0.34045866,0.29456913
1631,corpse,sunshine,inanimate-negative,inanimate-positive,ConceptualMatchingOnly,NegativeMismatch,ConceptualMatch:inanimate,,0.07718493789434433,0.23599623,0.19234823
1632,corpse,award,inanimate-negative,inanimate-positive,ConceptualMatchingOnly,NegativeMismatch,ConceptualMatch:inanimate,,-0.028621625155210495,0.33110067,0.23675364
1633,corpse,pizza,inanimate-negative,inanimate-positive,ConceptualMatchingOnly,NegativeMismatch,ConceptualMatch:inanimate,,0.1716359406709671,0.34978074,0.2132605
1634,corpse,laughter,inanimate-negative,inanimate-positive,ConceptualMatchingOnly,NegativeMismatch,ConceptualMatch:inanimate,,0.12610694766044617,0.37080625,0.2635991
1635,corpse,feast,inanimate-negative,inanimate-positive,ConceptualMatchingOnly,NegativeMismatch,ConceptualMatch:inanimate,,0.2042776197195053,0.28488392,0.24823688
1636,corpse,doughnut,inanimate-negative,inanimate-positive,ConceptualMatchingOnly,NegativeMismatch,ConceptualMatch:inanimate,,,0.33981758,0.25143212
1637,corpse,dollar,inanimate-negative,inanimate-positive,ConceptualMatchingOnly,NegativeMismatch,ConceptualMatch:inanimate,,0.030029308050870895,0.3274616,0.2105142
1638,corpse,sandwich,inanimate-negative,inanimate-positive,ConceptualMatchingOnly,NegativeMismatch,ConceptualMatch:inanimate,,0.16904984414577484,0.4427591,0.30648047
1639,corpse,meadow,inanimate-negative,inanimate-positive,ConceptualMatchingOnly,NegativeMismatch,ConceptualMatch:inanimate,,0.24797019362449646,0.24086648,0.13558164
1640,slave,asshole,animate-negative,animate-negative,MaxMatch,NegativeMatch,AnimateMatch,,0.18338604271411896,0.24827234,0.28552064
1641,slave,maggot,animate-negative,animate-negative,MaxMatch,NegativeMatch,AnimateMatch,,0.06192706152796745,0.27719563,0.34742773
1642,slave,widow,animate-negative,animate-negative,MaxMatch,NegativeMatch,AnimateMatch,,0.17287811636924744,0.3147139,0.3458717
1643,slave,inmate,animate-negative,animate-negative,MaxMatch,NegativeMatch,AnimateMatch,,0.22018387913703918,0.25724047,0.51112497
1644,slave,dictator,animate-negative,animate-negative,MaxMatch,NegativeMatch,AnimateMatch,,0.27379825711250305,0.39043808,0.4449422
1645,slave,leech,animate-negative,animate-negative,MaxMatch,NegativeMatch,AnimateMatch,,0.1452803760766983,0.2473138,0.31755197
1646,slave,tapeworm,animate-negative,animate-negative,MaxMatch,NegativeMatch,AnimateMatch,,0.14494147896766663,0.24719736,0.27746993
1647,slave,intruder,animate-negative,animate-negative,MaxMatch,NegativeMatch,AnimateMatch,,0.08907825499773026,0.37966987,0.37180474
1648,slave,mugger,animate-negative,animate-negative,MaxMatch,NegativeMatch,AnimateMatch,,0.17590415477752686,0.38454378,0.40332738
1649,asshole,maggot,animate-negative,animate-negative,MaxMatch,NegativeMatch,AnimateMatch,,0.23815226554870605,0.15468402,0.23144627
1650,asshole,widow,animate-negative,animate-negative,MaxMatch,NegativeMatch,AnimateMatch,,0.07233642041683197,0.3495996,0.19672202
1651,asshole,inmate,animate-negative,animate-negative,MaxMatch,NegativeMatch,AnimateMatch,,0.1555858701467514,0.269608,0.33631927
1652,asshole,dictator,animate-negative,animate-negative,MaxMatch,NegativeMatch,AnimateMatch,,0.2940670847892761,0.35926613,0.4203279
1653,asshole,leech,animate-negative,animate-negative,MaxMatch,NegativeMatch,AnimateMatch,,0.233995720744133,0.18499646,0.28564417
1654,asshole,tapeworm,animate-negative,animate-negative,MaxMatch,NegativeMatch,AnimateMatch,,0.20205499231815338,0.2627296,0.23840262
1655,asshole,intruder,animate-negative,animate-negative,MaxMatch,NegativeMatch,AnimateMatch,,0.168132022023201,0.32657328,0.39389896
1656,asshole,mugger,animate-negative,animate-negative,MaxMatch,NegativeMatch,AnimateMatch,,0.25186777114868164,0.29802287,0.3466929
1657,maggot,widow,animate-negative,animate-negative,MaxMatch,NegativeMatch,AnimateMatch,,0.06839857995510101,0.23750757,0.3038238
1658,maggot,inmate,animate-negative,animate-negative,MaxMatch,NegativeMatch,AnimateMatch,,0.0719977542757988,0.17094462,0.28434104
1659,maggot,dictator,animate-negative,animate-negative,MaxMatch,NegativeMatch,AnimateMatch,,0.1937960535287857,0.26747867,0.27724773
1660,maggot,leech,animate-negative,animate-negative,MaxMatch,NegativeMatch,AnimateMatch,,0.42357248067855835,0.31583804,0.5002538
1661,maggot,tapeworm,animate-negative,animate-negative,MaxMatch,NegativeMatch,AnimateMatch,,0.33594030141830444,0.24502206,0.55518687
1662,maggot,intruder,animate-negative,animate-negative,MaxMatch,NegativeMatch,AnimateMatch,,0.09849023073911667,0.17475124,0.334705
1663,maggot,mugger,animate-negative,animate-negative,MaxMatch,NegativeMatch,AnimateMatch,,0.1283329725265503,0.39323354,0.4035405
1664,widow,inmate,animate-negative,animate-negative,MaxMatch,NegativeMatch,AnimateMatch,,0.1467156559228897,0.21910638,0.23076585
1665,widow,dictator,animate-negative,animate-negative,MaxMatch,NegativeMatch,AnimateMatch,,0.1880425661802292,0.27272552,0.22157076
1666,widow,leech,animate-negative,animate-negative,MaxMatch,NegativeMatch,AnimateMatch,,0.11694089323282242,0.2587483,0.2853418
1667,widow,tapeworm,animate-negative,animate-negative,MaxMatch,NegativeMatch,AnimateMatch,,0.058096516877412796,0.177842,0.20086804
1668,widow,intruder,animate-negative,animate-negative,MaxMatch,NegativeMatch,AnimateMatch,,0.1841670274734497,0.3561418,0.3117978
1669,widow,mugger,animate-negative,animate-negative,MaxMatch,NegativeMatch,AnimateMatch,,0.22994717955589294,0.22639811,0.28665185
1670,inmate,dictator,animate-negative,animate-negative,MaxMatch,NegativeMatch,AnimateMatch,,0.21584011614322662,0.22756025,0.39992416
1671,inmate,leech,animate-negative,animate-negative,MaxMatch,NegativeMatch,AnimateMatch,,0.07991541922092438,0.13516551,0.25587916
1672,inmate,tapeworm,animate-negative,animate-negative,MaxMatch,NegativeMatch,AnimateMatch,,0.13019269704818726,0.12701114,0.25404137
1673,inmate,intruder,animate-negative,animate-negative,MaxMatch,NegativeMatch,AnimateMatch,,0.3154412806034088,0.37217999,0.45126086
1674,inmate,mugger,animate-negative,animate-negative,MaxMatch,NegativeMatch,AnimateMatch,,0.2286398708820343,0.25721148,0.4110021
1675,dictator,leech,animate-negative,animate-negative,MaxMatch,NegativeMatch,AnimateMatch,,0.18782354891300201,0.18064155,0.27019417
1676,dictator,tapeworm,animate-negative,animate-negative,MaxMatch,NegativeMatch,AnimateMatch,,0.1902475655078888,0.24234547,0.26565418
1677,dictator,intruder,animate-negative,animate-negative,MaxMatch,NegativeMatch,AnimateMatch,,0.1517784595489502,0.24257597,0.39290375
1678,dictator,mugger,animate-negative,animate-negative,MaxMatch,NegativeMatch,AnimateMatch,,0.19957756996154785,0.36539677,0.44188502
1679,leech,tapeworm,animate-negative,animate-negative,MaxMatch,NegativeMatch,AnimateMatch,,0.3365691304206848,0.24346325,0.52039653
1680,leech,intruder,animate-negative,animate-negative,MaxMatch,NegativeMatch,AnimateMatch,,0.15212410688400269,0.17918418,0.36866733
1681,leech,mugger,animate-negative,animate-negative,MaxMatch,NegativeMatch,AnimateMatch,,0.19383691251277924,0.316117,0.40064156
1682,tapeworm,intruder,animate-negative,animate-negative,MaxMatch,NegativeMatch,AnimateMatch,,0.24837803840637207,0.13764656,0.24812892
1683,tapeworm,mugger,animate-negative,animate-negative,MaxMatch,NegativeMatch,AnimateMatch,,0.2606447637081146,0.18326119,0.2170718
1684,intruder,mugger,animate-negative,animate-negative,MaxMatch,NegativeMatch,AnimateMatch,,0.5569055676460266,0.29885453,0.42510515
1685,heroin,swastika,inanimate-negative,inanimate-negative,MaxMatch,NegativeMatch,InanimateMatch,,0.10624588280916214,0.14559287,0.25181922
1686,heroin,wiretap,inanimate-negative,inanimate-negative,MaxMatch,NegativeMatch,InanimateMatch,,0.14679266512393951,0.24917102,0.3685584
1687,heroin,cocaine,inanimate-negative,inanimate-negative,MaxMatch,NegativeMatch,InanimateMatch,,0.8294119238853455,0.73727274,0.799085
1688,heroin,excrement,inanimate-negative,inanimate-negative,MaxMatch,NegativeMatch,InanimateMatch,,0.1699470728635788,0.44518015,0.3801184
1689,heroin,poison,inanimate-negative,inanimate-negative,MaxMatch,NegativeMatch,InanimateMatch,,0.2834879159927368,0.54091763,0.5555011
1690,heroin,gunshot,inanimate-negative,inanimate-negative,MaxMatch,NegativeMatch,InanimateMatch,,0.20278669893741608,0.3873623,0.31936014
1691,heroin,flood,inanimate-negative,inanimate-negative,MaxMatch,NegativeMatch,InanimateMatch,,0.13316692411899567,0.2540003,0.24658465
1692,heroin,smallpox,inanimate-negative,inanimate-negative,MaxMatch,NegativeMatch,InanimateMatch,,0.13255859911441803,0.3951752,0.45347777
1693,heroin,corpse,inanimate-negative,inanimate-negative,MaxMatch,NegativeMatch,InanimateMatch,,0.17687927186489105,0.4744416,0.25573215
1694,swastika,wiretap,inanimate-negative,inanimate-negative,MaxMatch,NegativeMatch,InanimateMatch,,0.003535723313689232,0.16987672,0.19944137
1695,swastika,cocaine,inanimate-negative,inanimate-negative,MaxMatch,NegativeMatch,InanimateMatch,,0.10308530926704407,0.14635688,0.223607
1696,swastika,excrement,inanimate-negative,inanimate-negative,MaxMatch,NegativeMatch,InanimateMatch,,0.29720422625541687,0.12680048,0.257886
1697,swastika,poison,inanimate-negative,inanimate-negative,MaxMatch,NegativeMatch,InanimateMatch,,0.16629095375537872,0.2275019,0.22827207
1698,swastika,gunshot,inanimate-negative,inanimate-negative,MaxMatch,NegativeMatch,InanimateMatch,,0.14048105478286743,0.22225788,0.23529488
1699,swastika,flood,inanimate-negative,inanimate-negative,MaxMatch,NegativeMatch,InanimateMatch,,-0.03810863569378853,0.24840125,0.18295471
1700,swastika,smallpox,inanimate-negative,inanimate-negative,MaxMatch,NegativeMatch,InanimateMatch,,0.1198260635137558,0.24440445,0.30124807
1701,swastika,corpse,inanimate-negative,inanimate-negative,MaxMatch,NegativeMatch,InanimateMatch,,0.25665104389190674,0.27523172,0.20378608
1702,wiretap,cocaine,inanimate-negative,inanimate-negative,MaxMatch,NegativeMatch,InanimateMatch,,0.16167694330215454,0.31807554,0.3951792
1703,wiretap,excrement,inanimate-negative,inanimate-negative,MaxMatch,NegativeMatch,InanimateMatch,,0.003965530078858137,0.19040176,0.3112356
1704,wiretap,poison,inanimate-negative,inanimate-negative,MaxMatch,NegativeMatch,InanimateMatch,,0.06922722607851028,0.18195105,0.25601533
1705,wiretap,gunshot,inanimate-negative,inanimate-negative,MaxMatch,NegativeMatch,InanimateMatch,,0.07411322742700577,0.2415977,0.31723422
1706,wiretap,flood,inanimate-negative,inanimate-negative,MaxMatch,NegativeMatch,InanimateMatch,,0.07907436788082123,0.19046734,0.21382307
1707,wiretap,smallpox,inanimate-negative,inanimate-negative,MaxMatch,NegativeMatch,InanimateMatch,,0.09732770174741745,0.106494084,0.21577172
1708,wiretap,corpse,inanimate-negative,inanimate-negative,MaxMatch,NegativeMatch,InanimateMatch,,0.04048224538564682,0.21168193,0.2096191
1709,cocaine,excrement,inanimate-negative,inanimate-negative,MaxMatch,NegativeMatch,InanimateMatch,,0.1933836191892624,0.43983695,0.3695719
1710,cocaine,poison,inanimate-negative,inanimate-negative,MaxMatch,NegativeMatch,InanimateMatch,,0.22248806059360504,0.52842075,0.5160502
1711,cocaine,gunshot,inanimate-negative,inanimate-negative,MaxMatch,NegativeMatch,InanimateMatch,,0.1935534030199051,0.30669305,0.2919427
1712,cocaine,flood,inanimate-negative,inanimate-negative,MaxMatch,NegativeMatch,InanimateMatch,,0.05819689482450485,0.21533024,0.22501256
1713,cocaine,smallpox,inanimate-negative,inanimate-negative,MaxMatch,NegativeMatch,InanimateMatch,,0.09413710236549377,0.29934114,0.38264218
1714,cocaine,corpse,inanimate-negative,inanimate-negative,MaxMatch,NegativeMatch,InanimateMatch,,0.1777077466249466,0.44157284,0.19952193
1715,excrement,poison,inanimate-negative,inanimate-negative,MaxMatch,NegativeMatch,InanimateMatch,,0.31511080265045166,0.36428115,0.34808815
1716,excrement,gunshot,inanimate-negative,inanimate-negative,MaxMatch,NegativeMatch,InanimateMatch,,0.09999342262744904,0.28714788,0.21678299
1717,excrement,flood,inanimate-negative,inanimate-negative,MaxMatch,NegativeMatch,InanimateMatch,,0.04958758503198624,0.2160732,0.30386162
1718,excrement,smallpox,inanimate-negative,inanimate-negative,MaxMatch,NegativeMatch,InanimateMatch,,0.1192706748843193,0.3351531,0.3794747
1719,excrement,corpse,inanimate-negative,inanimate-negative,MaxMatch,NegativeMatch,InanimateMatch,,0.3934996426105499,0.48773718,0.32071352
1720,poison,gunshot,inanimate-negative,inanimate-negative,MaxMatch,NegativeMatch,InanimateMatch,,0.2162850797176361,0.40173674,0.3341593
1721,poison,flood,inanimate-negative,inanimate-negative,MaxMatch,NegativeMatch,InanimateMatch,,0.05556881055235863,0.25817657,0.24024835
1722,poison,smallpox,inanimate-negative,inanimate-negative,MaxMatch,NegativeMatch,InanimateMatch,,0.22824381291866302,0.40345758,0.43078104
1723,poison,corpse,inanimate-negative,inanimate-negative,MaxMatch,NegativeMatch,InanimateMatch,,0.24004462361335754,0.45442376,0.28404543
1724,gunshot,flood,inanimate-negative,inanimate-negative,MaxMatch,NegativeMatch,InanimateMatch,,0.10759437829256058,0.28187704,0.3104732
1725,gunshot,smallpox,inanimate-negative,inanimate-negative,MaxMatch,NegativeMatch,InanimateMatch,,0.19206088781356812,0.24359171,0.28575045
1726,gunshot,corpse,inanimate-negative,inanimate-negative,MaxMatch,NegativeMatch,InanimateMatch,,0.2869666516780853,0.3962623,0.35893497
1727,flood,smallpox,inanimate-negative,inanimate-negative,MaxMatch,NegativeMatch,InanimateMatch,,0.16903899610042572,0.27768266,0.29165232
1728,flood,corpse,inanimate-negative,inanimate-negative,MaxMatch,NegativeMatch,InanimateMatch,,0.0014005538541823626,0.27102524,0.19348325
1729,smallpox,corpse,inanimate-negative,inanimate-negative,MaxMatch,NegativeMatch,InanimateMatch,,0.14749270677566528,0.29515827,0.25834012
1730,comedian,puppy,animate-positive,animate-positive,MaxMatch,PositiveMatch,AnimateMatch,,0.14774103462696075,0.2134968,0.2793668
1731,comedian,sibling,animate-positive,animate-positive,MaxMatch,PositiveMatch,AnimateMatch,,0.09024962782859802,0.20301703,0.27467966
1732,comedian,duckling,animate-positive,animate-positive,MaxMatch,PositiveMatch,AnimateMatch,,0.0665898397564888,0.30320686,0.2591425
1733,comedian,kitten,animate-positive,animate-positive,MaxMatch,PositiveMatch,AnimateMatch,,0.1705572009086609,0.26719722,0.32389212
1734,comedian,bunny,animate-positive,animate-positive,MaxMatch,PositiveMatch,AnimateMatch,,0.17449557781219482,0.39079133,0.3576063
1735,comedian,child,animate-positive,animate-positive,MaxMatch,PositiveMatch,AnimateMatch,,0.09672293812036514,0.28084317,0.33931702
1736,comedian,princess,animate-positive,animate-positive,MaxMatch,PositiveMatch,AnimateMatch,,0.10809466242790222,0.2477558,0.27743322
1737,comedian,chipmunk,animate-positive,animate-positive,MaxMatch,PositiveMatch,AnimateMatch,,0.241389200091362,0.31479692,0.27229807
1738,comedian,husband,animate-positive,animate-positive,MaxMatch,PositiveMatch,AnimateMatch,,0.25640684366226196,0.40908307,0.38265857
1739,puppy,sibling,animate-positive,animate-positive,MaxMatch,PositiveMatch,AnimateMatch,,0.3524895906448364,0.4156506,0.33913743
1740,puppy,duckling,animate-positive,animate-positive,MaxMatch,PositiveMatch,AnimateMatch,,0.46904149651527405,0.3311298,0.31371963
1741,puppy,kitten,animate-positive,animate-positive,MaxMatch,PositiveMatch,AnimateMatch,,0.7805572152137756,0.6146345,0.59823453
1742,puppy,bunny,animate-positive,animate-positive,MaxMatch,PositiveMatch,AnimateMatch,,0.5179828405380249,0.48902574,0.47460657
1743,puppy,child,animate-positive,animate-positive,MaxMatch,PositiveMatch,AnimateMatch,,0.47973504662513733,0.51413774,0.41408852
1744,puppy,princess,animate-positive,animate-positive,MaxMatch,PositiveMatch,AnimateMatch,,0.2921966016292572,0.34863847,0.29517347
1745,puppy,chipmunk,animate-positive,animate-positive,MaxMatch,PositiveMatch,AnimateMatch,,0.39475342631340027,0.25095037,0.3940572
1746,puppy,husband,animate-positive,animate-positive,MaxMatch,PositiveMatch,AnimateMatch,,0.32664579153060913,0.41764736,0.26634118
1747,sibling,duckling,animate-positive,animate-positive,MaxMatch,PositiveMatch,AnimateMatch,,0.30637693405151367,0.31187248,0.3100605
1748,sibling,kitten,animate-positive,animate-positive,MaxMatch,PositiveMatch,AnimateMatch,,0.35757994651794434,0.3953684,0.38682288
1749,sibling,bunny,animate-positive,animate-positive,MaxMatch,PositiveMatch,AnimateMatch,,0.20610052347183228,0.35859036,0.22864094
1750,sibling,child,animate-positive,animate-positive,MaxMatch,PositiveMatch,AnimateMatch,,0.43559396266937256,0.53267044,0.4757799
1751,sibling,princess,animate-positive,animate-positive,MaxMatch,PositiveMatch,AnimateMatch,,0.18789678812026978,0.3577957,0.31698883
1752,sibling,chipmunk,animate-positive,animate-positive,MaxMatch,PositiveMatch,AnimateMatch,,0.24668480455875397,0.25900793,0.2610637
1753,sibling,husband,animate-positive,animate-positive,MaxMatch,PositiveMatch,AnimateMatch,,0.3154442310333252,0.4776163,0.43325984
1754,duckling,kitten,animate-positive,animate-positive,MaxMatch,PositiveMatch,AnimateMatch,,0.499304860830307,0.26902384,0.40289447
1755,duckling,bunny,animate-positive,animate-positive,MaxMatch,PositiveMatch,AnimateMatch,,0.45765066146850586,0.4267781,0.46736044
1756,duckling,child,animate-positive,animate-positive,MaxMatch,PositiveMatch,AnimateMatch,,0.3086690902709961,0.28330886,0.31862596
1757,duckling,princess,animate-positive,animate-positive,MaxMatch,PositiveMatch,AnimateMatch,,0.27753594517707825,0.28248143,0.28729928
1758,duckling,chipmunk,animate-positive,animate-positive,MaxMatch,PositiveMatch,AnimateMatch,,0.4051257371902466,0.27464047,0.44400436
1759,duckling,husband,animate-positive,animate-positive,MaxMatch,PositiveMatch,AnimateMatch,,0.21605631709098816,0.26657483,0.2691869
1760,kitten,bunny,animate-positive,animate-positive,MaxMatch,PositiveMatch,AnimateMatch,,0.5431498289108276,0.4600506,0.43402728
1761,kitten,child,animate-positive,animate-positive,MaxMatch,PositiveMatch,AnimateMatch,,0.4664948284626007,0.44845912,0.37891
1762,kitten,princess,animate-positive,animate-positive,MaxMatch,PositiveMatch,AnimateMatch,,0.3102656304836273,0.35762614,0.40855002
1763,kitten,chipmunk,animate-positive,animate-positive,MaxMatch,PositiveMatch,AnimateMatch,,0.49794092774391174,0.26512334,0.40494454
1764,kitten,husband,animate-positive,animate-positive,MaxMatch,PositiveMatch,AnimateMatch,,0.2594392001628876,0.39278084,0.30157977
1765,bunny,child,animate-positive,animate-positive,MaxMatch,PositiveMatch,AnimateMatch,,0.2724095582962036,0.39360917,0.3099658
1766,bunny,princess,animate-positive,animate-positive,MaxMatch,PositiveMatch,AnimateMatch,,0.3599613606929779,0.3600925,0.37761313
1767,bunny,chipmunk,animate-positive,animate-positive,MaxMatch,PositiveMatch,AnimateMatch,,0.5461516380310059,0.3891397,0.48694128
1768,bunny,husband,animate-positive,animate-positive,MaxMatch,PositiveMatch,AnimateMatch,,0.16349421441555023,0.32696354,0.29614788
1769,child,princess,animate-positive,animate-positive,MaxMatch,PositiveMatch,AnimateMatch,,0.2791318893432617,0.34872198,0.318448
1770,child,chipmunk,animate-positive,animate-positive,MaxMatch,PositiveMatch,AnimateMatch,,0.21358029544353485,0.22882143,0.27742118
1771,child,husband,animate-positive,animate-positive,MaxMatch,PositiveMatch,AnimateMatch,,0.3832300305366516,0.37610716,0.30618554
1772,princess,chipmunk,animate-positive,animate-positive,MaxMatch,PositiveMatch,AnimateMatch,,0.2556343674659729,0.15116096,0.20519891
1773,princess,husband,animate-positive,animate-positive,MaxMatch,PositiveMatch,AnimateMatch,,0.27565300464630127,0.34737766,0.28077757
1774,chipmunk,husband,animate-positive,animate-positive,MaxMatch,PositiveMatch,AnimateMatch,,0.10863066464662552,0.24595898,0.2498672
1775,prize,sunshine,inanimate-positive,inanimate-positive,MaxMatch,PositiveMatch,InanimateMatch,,0.07761061191558838,0.25965345,0.31962666
1776,prize,award,inanimate-positive,inanimate-positive,MaxMatch,PositiveMatch,InanimateMatch,,0.6151348352432251,0.7901207,0.73273313
1777,prize,pizza,inanimate-positive,inanimate-positive,MaxMatch,PositiveMatch,InanimateMatch,,0.1423722207546234,0.35398674,0.29790163
1778,prize,laughter,inanimate-positive,inanimate-positive,MaxMatch,PositiveMatch,InanimateMatch,,0.0813179761171341,0.3789584,0.2977621
1779,prize,feast,inanimate-positive,inanimate-positive,MaxMatch,PositiveMatch,InanimateMatch,,0.13396474719047546,0.26537496,0.28463212
1780,prize,doughnut,inanimate-positive,inanimate-positive,MaxMatch,PositiveMatch,InanimateMatch,,,0.3005507,0.36682677
1781,prize,dollar,inanimate-positive,inanimate-positive,MaxMatch,PositiveMatch,InanimateMatch,,0.14678512513637543,0.37107298,0.32989806
1782,prize,sandwich,inanimate-positive,inanimate-positive,MaxMatch,PositiveMatch,InanimateMatch,,0.12847554683685303,0.30476856,0.2659438
1783,prize,meadow,inanimate-positive,inanimate-positive,MaxMatch,PositiveMatch,InanimateMatch,,0.009407336823642254,0.19159217,0.20247322
1784,sunshine,award,inanimate-positive,inanimate-positive,MaxMatch,PositiveMatch,InanimateMatch,,-0.040054984390735626,0.24818486,0.23577268
1785,sunshine,pizza,inanimate-positive,inanimate-positive,MaxMatch,PositiveMatch,InanimateMatch,,0.08393930643796921,0.29908082,0.3398038
1786,sunshine,laughter,inanimate-positive,inanimate-positive,MaxMatch,PositiveMatch,InanimateMatch,,0.2558705806732178,0.26930603,0.39999002
1787,sunshine,feast,inanimate-positive,inanimate-positive,MaxMatch,PositiveMatch,InanimateMatch,,0.1947321891784668,0.34702638,0.2521949
1788,sunshine,doughnut,inanimate-positive,inanimate-positive,MaxMatch,PositiveMatch,InanimateMatch,,,0.18608624,0.3456841
1789,sunshine,dollar,inanimate-positive,inanimate-positive,MaxMatch,PositiveMatch,InanimateMatch,,0.13491100072860718,0.20746972,0.18791346
1790,sunshine,sandwich,inanimate-positive,inanimate-positive,MaxMatch,PositiveMatch,InanimateMatch,,0.06682001799345016,0.26469642,0.32911637
1791,sunshine,meadow,inanimate-positive,inanimate-positive,MaxMatch,PositiveMatch,InanimateMatch,,0.2730277180671692,0.397858,0.2913469
1792,award,pizza,inanimate-positive,inanimate-positive,MaxMatch,PositiveMatch,InanimateMatch,,0.023682214319705963,0.2656843,0.2881652
1793,award,laughter,inanimate-positive,inanimate-positive,MaxMatch,PositiveMatch,InanimateMatch,,0.07508622854948044,0.32694405,0.30494994
1794,award,feast,inanimate-positive,inanimate-positive,MaxMatch,PositiveMatch,InanimateMatch,,0.046968307346105576,0.35431308,0.28868005
1795,award,doughnut,inanimate-positive,inanimate-positive,MaxMatch,PositiveMatch,InanimateMatch,,,0.26347166,0.30162835
1796,award,dollar,inanimate-positive,inanimate-positive,MaxMatch,PositiveMatch,InanimateMatch,,0.10260038077831268,0.2840827,0.2641591
1797,award,sandwich,inanimate-positive,inanimate-positive,MaxMatch,PositiveMatch,InanimateMatch,,0.04415508359670639,0.26046073,0.25447035
1798,award,meadow,inanimate-positive,inanimate-positive,MaxMatch,PositiveMatch,InanimateMatch,,-0.05097886919975281,0.19865924,0.19073513
1799,pizza,laughter,inanimate-positive,inanimate-positive,MaxMatch,PositiveMatch,InanimateMatch,,0.13213764131069183,0.36331475,0.30390564
1800,pizza,feast,inanimate-positive,inanimate-positive,MaxMatch,PositiveMatch,InanimateMatch,,0.28043246269226074,0.33672515,0.36540368
1801,pizza,doughnut,inanimate-positive,inanimate-positive,MaxMatch,PositiveMatch,InanimateMatch,,,0.44503063,0.4388326
1802,pizza,dollar,inanimate-positive,inanimate-positive,MaxMatch,PositiveMatch,InanimateMatch,,0.041898325085639954,0.33096343,0.2009796
1803,pizza,sandwich,inanimate-positive,inanimate-positive,MaxMatch,PositiveMatch,InanimateMatch,,0.6840401291847229,0.5274665,0.5371912
1804,pizza,meadow,inanimate-positive,inanimate-positive,MaxMatch,PositiveMatch,InanimateMatch,,0.07780887931585312,0.22382718,0.21278511
1805,laughter,feast,inanimate-positive,inanimate-positive,MaxMatch,PositiveMatch,InanimateMatch,,0.11700335144996643,0.26685402,0.29032418
1806,laughter,doughnut,inanimate-positive,inanimate-positive,MaxMatch,PositiveMatch,InanimateMatch,,,0.20253941,0.31475094
1807,laughter,dollar,inanimate-positive,inanimate-positive,MaxMatch,PositiveMatch,InanimateMatch,,0.06919758021831512,0.2501536,0.22782195
1808,laughter,sandwich,inanimate-positive,inanimate-positive,MaxMatch,PositiveMatch,InanimateMatch,,0.07316619902849197,0.32192028,0.30174717
1809,laughter,meadow,inanimate-positive,inanimate-positive,MaxMatch,PositiveMatch,InanimateMatch,,0.1992022693157196,0.10510071,0.15770635
1810,feast,doughnut,inanimate-positive,inanimate-positive,MaxMatch,PositiveMatch,InanimateMatch,,,0.21503273,0.34150875
1811,feast,dollar,inanimate-positive,inanimate-positive,MaxMatch,PositiveMatch,InanimateMatch,,0.038867250084877014,0.18341297,0.12594806
1812,feast,sandwich,inanimate-positive,inanimate-positive,MaxMatch,PositiveMatch,InanimateMatch,,0.24720484018325806,0.33405325,0.42799652
1813,feast,meadow,inanimate-positive,inanimate-positive,MaxMatch,PositiveMatch,InanimateMatch,,0.173010915517807,0.26703638,0.25921658
1814,doughnut,dollar,inanimate-positive,inanimate-positive,MaxMatch,PositiveMatch,InanimateMatch,,,0.2625051,0.21013606
1815,doughnut,sandwich,inanimate-positive,inanimate-positive,MaxMatch,PositiveMatch,InanimateMatch,,,0.4505055,0.47507396
1816,doughnut,meadow,inanimate-positive,inanimate-positive,MaxMatch,PositiveMatch,InanimateMatch,,,0.19951469,0.1346913
1817,dollar,sandwich,inanimate-positive,inanimate-positive,MaxMatch,PositiveMatch,InanimateMatch,,0.058567944914102554,0.2741503,0.23680183
1818,dollar,meadow,inanimate-positive,inanimate-positive,MaxMatch,PositiveMatch,InanimateMatch,,0.07368835806846619,0.13342002,0.094492026
1819,sandwich,meadow,inanimate-positive,inanimate-positive,MaxMatch,PositiveMatch,InanimateMatch,,0.091917023062706,0.14687875,0.19539534
1820,slave,comedian,animate-negative,animate-positive,MaxMismatch,NegativeMismatch,AnimateMismatch,,0.045471616089344025,0.21623507,0.29281297
1821,slave,puppy,animate-negative,animate-positive,MaxMismatch,NegativeMismatch,AnimateMismatch,,0.20842252671718597,0.3676891,0.33598942
1822,slave,sibling,animate-negative,animate-positive,MaxMismatch,NegativeMismatch,AnimateMismatch,,0.07376299798488617,0.3610583,0.3254065
1823,slave,duckling,animate-negative,animate-positive,MaxMismatch,NegativeMismatch,AnimateMismatch,,0.11875809729099274,0.2833589,0.21297555
1824,slave,kitten,animate-negative,animate-positive,MaxMismatch,NegativeMismatch,AnimateMismatch,,0.22626768052577972,0.28716588,0.32101893
1825,slave,bunny,animate-negative,animate-positive,MaxMismatch,NegativeMismatch,AnimateMismatch,,0.1207105740904808,0.33286738,0.30072355
1826,slave,child,animate-negative,animate-positive,MaxMismatch,NegativeMismatch,AnimateMismatch,,0.17397387325763702,0.27489716,0.38721648
1827,slave,princess,animate-negative,animate-positive,MaxMismatch,NegativeMismatch,AnimateMismatch,,0.25051379203796387,0.38026714,0.42203557
1828,slave,chipmunk,animate-negative,animate-positive,MaxMismatch,NegativeMismatch,AnimateMismatch,,0.08332649618387222,0.31946614,0.23002926
1829,slave,husband,animate-negative,animate-positive,MaxMismatch,NegativeMismatch,AnimateMismatch,,0.16758358478546143,0.37365633,0.38622183
1830,asshole,comedian,animate-negative,animate-positive,MaxMismatch,NegativeMismatch,AnimateMismatch,,0.3429286777973175,0.3392149,0.334261
1831,asshole,puppy,animate-negative,animate-positive,MaxMismatch,NegativeMismatch,AnimateMismatch,,0.24812427163124084,0.37684816,0.2823776
1832,asshole,sibling,animate-negative,animate-positive,MaxMismatch,NegativeMismatch,AnimateMismatch,,0.164249449968338,0.28957373,0.33613384
1833,asshole,duckling,animate-negative,animate-positive,MaxMismatch,NegativeMismatch,AnimateMismatch,,0.11781378090381622,0.25062197,0.20127982
1834,asshole,kitten,animate-negative,animate-positive,MaxMismatch,NegativeMismatch,AnimateMismatch,,0.21158741414546967,0.36535886,0.2920988
1835,asshole,bunny,animate-negative,animate-positive,MaxMismatch,NegativeMismatch,AnimateMismatch,,0.2239616960287094,0.23186153,0.32790822
1836,asshole,child,animate-negative,animate-positive,MaxMismatch,NegativeMismatch,AnimateMismatch,,0.13442543148994446,0.3560448,0.34345436
1837,asshole,princess,animate-negative,animate-positive,MaxMismatch,NegativeMismatch,AnimateMismatch,,0.1418648064136505,0.25581437,0.2396422
1838,asshole,chipmunk,animate-negative,animate-positive,MaxMismatch,NegativeMismatch,AnimateMismatch,,0.28731971979141235,0.20864645,0.3272671
1839,asshole,husband,animate-negative,animate-positive,MaxMismatch,NegativeMismatch,AnimateMismatch,,0.15250341594219208,0.3951972,0.27612436
1840,maggot,comedian,animate-negative,animate-positive,MaxMismatch,NegativeMismatch,AnimateMismatch,,0.20637619495391846,0.20725681,0.21560428
1841,maggot,puppy,animate-negative,animate-positive,MaxMismatch,NegativeMismatch,AnimateMismatch,,0.19906486570835114,0.20036292,0.22628939
1842,maggot,sibling,animate-negative,animate-positive,MaxMismatch,NegativeMismatch,AnimateMismatch,,0.029752464964985847,0.19923118,0.26526076
1843,maggot,duckling,animate-negative,animate-positive,MaxMismatch,NegativeMismatch,AnimateMismatch,,0.3321056365966797,0.33822,0.336092
1844,maggot,kitten,animate-negative,animate-positive,MaxMismatch,NegativeMismatch,AnimateMismatch,,0.21763718128204346,0.28093648,0.3216079
1845,maggot,bunny,animate-negative,animate-positive,MaxMismatch,NegativeMismatch,AnimateMismatch,,0.2593114674091339,0.35450444,0.3433248
1846,maggot,child,animate-negative,animate-positive,MaxMismatch,NegativeMismatch,AnimateMismatch,,0.07852011919021606,0.30091378,0.28949234
1847,maggot,princess,animate-negative,animate-positive,MaxMismatch,NegativeMismatch,AnimateMismatch,,0.11597684025764465,0.3214916,0.2504572
1848,maggot,chipmunk,animate-negative,animate-positive,MaxMismatch,NegativeMismatch,AnimateMismatch,,0.1913922131061554,0.263171,0.33069602
1849,maggot,husband,animate-negative,animate-positive,MaxMismatch,NegativeMismatch,AnimateMismatch,,0.11648531258106232,0.23062125,0.26914322
1850,widow,comedian,animate-negative,animate-positive,MaxMismatch,NegativeMismatch,AnimateMismatch,,0.21273082494735718,0.25217015,0.2841458
1851,widow,puppy,animate-negative,animate-positive,MaxMismatch,NegativeMismatch,AnimateMismatch,,0.19134175777435303,0.3305202,0.20176868
1852,widow,sibling,animate-negative,animate-positive,MaxMismatch,NegativeMismatch,AnimateMismatch,,0.21468321979045868,0.37528917,0.32334787
1853,widow,duckling,animate-negative,animate-positive,MaxMismatch,NegativeMismatch,AnimateMismatch,,0.12038171291351318,0.26654714,0.28770393
1854,widow,kitten,animate-negative,animate-positive,MaxMismatch,NegativeMismatch,AnimateMismatch,,0.17827190458774567,0.28672397,0.34430695
1855,widow,bunny,animate-negative,animate-positive,MaxMismatch,NegativeMismatch,AnimateMismatch,,0.04646586626768112,0.33251783,0.32562563
1856,widow,child,animate-negative,animate-positive,MaxMismatch,NegativeMismatch,AnimateMismatch,,0.25565582513809204,0.31417128,0.23306611
1857,widow,princess,animate-negative,animate-positive,MaxMismatch,NegativeMismatch,AnimateMismatch,,0.32376354932785034,0.3886453,0.431244
1858,widow,chipmunk,animate-negative,animate-positive,MaxMismatch,NegativeMismatch,AnimateMismatch,,0.05368291586637497,0.2297806,0.23974925
1859,widow,husband,animate-negative,animate-positive,MaxMismatch,NegativeMismatch,AnimateMismatch,,0.6175139546394348,0.48086613,0.42093477
1860,inmate,comedian,animate-negative,animate-positive,MaxMismatch,NegativeMismatch,AnimateMismatch,,0.14152322709560394,0.21358201,0.3574501
1861,inmate,puppy,animate-negative,animate-positive,MaxMismatch,NegativeMismatch,AnimateMismatch,,0.1508105993270874,0.32580748,0.2548688
1862,inmate,sibling,animate-negative,animate-positive,MaxMismatch,NegativeMismatch,AnimateMismatch,,0.10857056826353073,0.18964161,0.24096572
1863,inmate,duckling,animate-negative,animate-positive,MaxMismatch,NegativeMismatch,AnimateMismatch,,0.14271356165409088,0.14594263,0.26128262
1864,inmate,kitten,animate-negative,animate-positive,MaxMismatch,NegativeMismatch,AnimateMismatch,,0.23253192007541656,0.31780395,0.31232548
1865,inmate,bunny,animate-negative,animate-positive,MaxMismatch,NegativeMismatch,AnimateMismatch,,0.12144678086042404,0.28886563,0.23870033
1866,inmate,child,animate-negative,animate-positive,MaxMismatch,NegativeMismatch,AnimateMismatch,,0.3181079924106598,0.27361524,0.30183193
1867,inmate,princess,animate-negative,animate-positive,MaxMismatch,NegativeMismatch,AnimateMismatch,,0.11707116663455963,0.11089899,0.2940458
1868,inmate,chipmunk,animate-negative,animate-positive,MaxMismatch,NegativeMismatch,AnimateMismatch,,0.1622384637594223,0.20278348,0.23424569
1869,inmate,husband,animate-negative,animate-positive,MaxMismatch,NegativeMismatch,AnimateMismatch,,0.1814640462398529,0.16615427,0.31617337
1870,dictator,comedian,animate-negative,animate-positive,MaxMismatch,NegativeMismatch,AnimateMismatch,,0.22023531794548035,0.3648738,0.42959443
1871,dictator,puppy,animate-negative,animate-positive,MaxMismatch,NegativeMismatch,AnimateMismatch,,0.17230354249477386,0.32676992,0.29098958
1872,dictator,sibling,animate-negative,animate-positive,MaxMismatch,NegativeMismatch,AnimateMismatch,,0.07753966748714447,0.22430421,0.24008055
1873,dictator,duckling,animate-negative,animate-positive,MaxMismatch,NegativeMismatch,AnimateMismatch,,0.14959627389907837,0.20760198,0.22074437
1874,dictator,kitten,animate-negative,animate-positive,MaxMismatch,NegativeMismatch,AnimateMismatch,,0.13073891401290894,0.3006593,0.31253165
1875,dictator,bunny,animate-negative,animate-positive,MaxMismatch,NegativeMismatch,AnimateMismatch,,0.11116977035999298,0.28608233,0.3270914
1876,dictator,child,animate-negative,animate-positive,MaxMismatch,NegativeMismatch,AnimateMismatch,,0.17118990421295166,0.30931917,0.29273283
1877,dictator,princess,animate-negative,animate-positive,MaxMismatch,NegativeMismatch,AnimateMismatch,,0.29319316148757935,0.3468433,0.36736026
1878,dictator,chipmunk,animate-negative,animate-positive,MaxMismatch,NegativeMismatch,AnimateMismatch,,0.09902650117874146,0.22117457,0.2804505
1879,dictator,husband,animate-negative,animate-positive,MaxMismatch,NegativeMismatch,AnimateMismatch,,0.1943078339099884,0.34646493,0.31416833
1880,leech,comedian,animate-negative,animate-positive,MaxMismatch,NegativeMismatch,AnimateMismatch,,0.07034804672002792,0.31640553,0.27135932
1881,leech,puppy,animate-negative,animate-positive,MaxMismatch,NegativeMismatch,AnimateMismatch,,0.1610834002494812,0.24215494,0.20695004
1882,leech,sibling,animate-negative,animate-positive,MaxMismatch,NegativeMismatch,AnimateMismatch,,0.11085645109415054,0.19328536,0.239781
1883,leech,duckling,animate-negative,animate-positive,MaxMismatch,NegativeMismatch,AnimateMismatch,,0.21936887502670288,0.2982977,0.32343033
1884,leech,kitten,animate-negative,animate-positive,MaxMismatch,NegativeMismatch,AnimateMismatch,,0.2141820788383484,0.22548848,0.31154287
1885,leech,bunny,animate-negative,animate-positive,MaxMismatch,NegativeMismatch,AnimateMismatch,,0.162721648812294,0.28894478,0.28026462
1886,leech,child,animate-negative,animate-positive,MaxMismatch,NegativeMismatch,AnimateMismatch,,0.20074303448200226,0.23093185,0.24770054
1887,leech,princess,animate-negative,animate-positive,MaxMismatch,NegativeMismatch,AnimateMismatch,,0.15077020227909088,0.23736605,0.18128026
1888,leech,chipmunk,animate-negative,animate-positive,MaxMismatch,NegativeMismatch,AnimateMismatch,,0.23426684737205505,0.294946,0.37643167
1889,leech,husband,animate-negative,animate-positive,MaxMismatch,NegativeMismatch,AnimateMismatch,,0.13585028052330017,0.28125912,0.23983052
1890,tapeworm,comedian,animate-negative,animate-positive,MaxMismatch,NegativeMismatch,AnimateMismatch,,0.146876260638237,0.2378171,0.18247584
1891,tapeworm,puppy,animate-negative,animate-positive,MaxMismatch,NegativeMismatch,AnimateMismatch,,0.2364141047000885,0.3121235,0.2625752
1892,tapeworm,sibling,animate-negative,animate-positive,MaxMismatch,NegativeMismatch,AnimateMismatch,,0.0922383964061737,0.23318325,0.23393907
1893,tapeworm,duckling,animate-negative,animate-positive,MaxMismatch,NegativeMismatch,AnimateMismatch,,0.306241512298584,0.3003568,0.32736668
1894,tapeworm,kitten,animate-negative,animate-positive,MaxMismatch,NegativeMismatch,AnimateMismatch,,0.24918217957019806,0.3673416,0.35745817
1895,tapeworm,bunny,animate-negative,animate-positive,MaxMismatch,NegativeMismatch,AnimateMismatch,,0.28159141540527344,0.22001363,0.2895798
1896,tapeworm,child,animate-negative,animate-positive,MaxMismatch,NegativeMismatch,AnimateMismatch,,0.1335846185684204,0.25258875,0.25919038
1897,tapeworm,princess,animate-negative,animate-positive,MaxMismatch,NegativeMismatch,AnimateMismatch,,0.14833533763885498,0.09584181,0.20301557
1898,tapeworm,chipmunk,animate-negative,animate-positive,MaxMismatch,NegativeMismatch,AnimateMismatch,,0.3158448040485382,0.20706496,0.35698634
1899,tapeworm,husband,animate-negative,animate-positive,MaxMismatch,NegativeMismatch,AnimateMismatch,,0.08252836018800735,0.21218622,0.22486582
1900,intruder,comedian,animate-negative,animate-positive,MaxMismatch,NegativeMismatch,AnimateMismatch,,0.10685621201992035,0.21907026,0.33914337
1901,intruder,puppy,animate-negative,animate-positive,MaxMismatch,NegativeMismatch,AnimateMismatch,,0.20464985072612762,0.3383733,0.23713338
1902,intruder,sibling,animate-negative,animate-positive,MaxMismatch,NegativeMismatch,AnimateMismatch,,0.12867885828018188,0.32781082,0.3208959
1903,intruder,duckling,animate-negative,animate-positive,MaxMismatch,NegativeMismatch,AnimateMismatch,,0.24920625984668732,0.2981149,0.2875086
1904,intruder,kitten,animate-negative,animate-positive,MaxMismatch,NegativeMismatch,AnimateMismatch,,0.24700236320495605,0.30633312,0.3326618
1905,intruder,bunny,animate-negative,animate-positive,MaxMismatch,NegativeMismatch,AnimateMismatch,,0.18619224429130554,0.33552393,0.3643924
1906,intruder,child,animate-negative,animate-positive,MaxMismatch,NegativeMismatch,AnimateMismatch,,0.18228942155838013,0.3126883,0.29504266
1907,intruder,princess,animate-negative,animate-positive,MaxMismatch,NegativeMismatch,AnimateMismatch,,0.14096246659755707,0.25511912,0.34323245
1908,intruder,chipmunk,animate-negative,animate-positive,MaxMismatch,NegativeMismatch,AnimateMismatch,,0.2720358669757843,0.30393243,0.2518193
1909,intruder,husband,animate-negative,animate-positive,MaxMismatch,NegativeMismatch,AnimateMismatch,,0.24883385002613068,0.31709397,0.35152274
1910,mugger,comedian,animate-negative,animate-positive,MaxMismatch,NegativeMismatch,AnimateMismatch,,0.18022561073303223,0.3428286,0.40819803
1911,mugger,puppy,animate-negative,animate-positive,MaxMismatch,NegativeMismatch,AnimateMismatch,,0.2688088119029999,0.2952742,0.32241553
1912,mugger,sibling,animate-negative,animate-positive,MaxMismatch,NegativeMismatch,AnimateMismatch,,0.10544712096452713,0.17059961,0.2724207
1913,mugger,duckling,animate-negative,animate-positive,MaxMismatch,NegativeMismatch,AnimateMismatch,,0.21862351894378662,0.37087202,0.3616924
1914,mugger,kitten,animate-negative,animate-positive,MaxMismatch,NegativeMismatch,AnimateMismatch,,0.26683494448661804,0.23477657,0.33019587
1915,mugger,bunny,animate-negative,animate-positive,MaxMismatch,NegativeMismatch,AnimateMismatch,,0.25819337368011475,0.24354158,0.36264396
1916,mugger,child,animate-negative,animate-positive,MaxMismatch,NegativeMismatch,AnimateMismatch,,0.1909560114145279,0.27834034,0.35312137
1917,mugger,princess,animate-negative,animate-positive,MaxMismatch,NegativeMismatch,AnimateMismatch,,0.18285125494003296,0.32386976,0.2755366
1918,mugger,chipmunk,animate-negative,animate-positive,MaxMismatch,NegativeMismatch,AnimateMismatch,,0.2862410843372345,0.32720053,0.3347344
1919,mugger,husband,animate-negative,animate-positive,MaxMismatch,NegativeMismatch,AnimateMismatch,,0.24728739261627197,0.2816913,0.30067772
1920,heroin,heroin,inanimate-negative,inanimate-negative,SelfPair,,,A,1.0,1.0,1.0
1921,swastika,swastika,inanimate-negative,inanimate-negative,SelfPair,,,B,1.0,0.9999999,1.0
1922,wiretap,wiretap,inanimate-negative,inanimate-negative,SelfPair,,,C,1.0,1.0,1.0000001
1923,cocaine,cocaine,inanimate-negative,inanimate-negative,SelfPair,,,D,1.0,0.9999999,1.0000001
1924,excrement,excrement,inanimate-negative,inanimate-negative,SelfPair,,,E,1.0,1.0000001,1.0
1925,poison,poison,inanimate-negative,inanimate-negative,SelfPair,,,F,1.0,1.0,1.0000001
1926,gunshot,gunshot,inanimate-negative,inanimate-negative,SelfPair,,,G,1.0,1.0000001,1.0000002
1927,flood,flood,inanimate-negative,inanimate-negative,SelfPair,,,H,1.0,1.0,1.0000002
1928,smallpox,smallpox,inanimate-negative,inanimate-negative,SelfPair,,,I,0.9999999403953552,1.0000001,1.0
1929,corpse,corpse,inanimate-negative,inanimate-negative,SelfPair,,,J,0.9999999403953552,1.0,1.0
1930,prize,prize,inanimate-positive,inanimate-positive,SelfPair,,,AA,1.0,1.0000002,1.0000001
1931,sunshine,sunshine,inanimate-positive,inanimate-positive,SelfPair,,,BB,1.0,0.99999994,1.0000002
1932,award,award,inanimate-positive,inanimate-positive,SelfPair,,,CC,0.9999999403953552,1.0000002,1.0000002
1933,pizza,pizza,inanimate-positive,inanimate-positive,SelfPair,,,DD,1.0,0.99999994,1.0
1934,laughter,laughter,inanimate-positive,inanimate-positive,SelfPair,,,EE,1.0,1.0000001,1.0000002
1935,feast,feast,inanimate-positive,inanimate-positive,SelfPair,,,FF,1.0,1.0,1.0000001
1936,doughnut,doughnut,inanimate-positive,inanimate-positive,SelfPair,,,GG,,1.0000002,1.0
1937,dollar,dollar,inanimate-positive,inanimate-positive,SelfPair,,,HH,1.0,1.0000002,0.99999994
1938,sandwich,sandwich,inanimate-positive,inanimate-positive,SelfPair,,,II,0.9999999403953552,1.0000002,1.0000001
1939,meadow,meadow,inanimate-positive,inanimate-positive,SelfPair,,,JJ,1.0,1.0,1.0
1940,slave,slave,animate-negative,animate-negative,SelfPair,,,AAA,0.9999999403953552,1.0000002,1.0
1941,asshole,asshole,animate-negative,animate-negative,SelfPair,,,BBB,1.0,0.99999994,1.0
1942,maggot,maggot,animate-negative,animate-negative,SelfPair,,,CCC,1.0,0.99999994,1.0
1943,widow,widow,animate-negative,animate-negative,SelfPair,,,DDD,1.0,1.0000002,1.0000002
1944,inmate,inmate,animate-negative,animate-negative,SelfPair,,,EEE,1.0,1.0,1.0000001
1945,dictator,dictator,animate-negative,animate-negative,SelfPair,,,FFF,1.0,0.9999999,1.0000002
1946,leech,leech,animate-negative,animate-negative,SelfPair,,,GGG,1.0,1.0000001,1.0000001
1947,tapeworm,tapeworm,animate-negative,animate-negative,SelfPair,,,HHH,1.0,1.0000001,1.0
1948,intruder,intruder,animate-negative,animate-negative,SelfPair,,,III,1.0,1.0000001,1.0
1949,mugger,mugger,animate-negative,animate-negative,SelfPair,,,JJJ,0.9999999403953552,1.0,1.0
1950,comedian,comedian,animate-positive,animate-positive,SelfPair,,,AAAA,1.0,1.0,0.99999994
1951,puppy,puppy,animate-positive,animate-positive,SelfPair,,,BBBB,1.0,0.9999999,1.0000001
1952,sibling,sibling,animate-positive,animate-positive,SelfPair,,,CCCC,1.0,1.0,1.0
1953,duckling,duckling,animate-positive,animate-positive,SelfPair,,,DDDD,0.9999999403953552,1.0,1.0
1954,kitten,kitten,animate-positive,animate-positive,SelfPair,,,EEEE,1.0,1.0,0.9999999
1955,bunny,bunny,animate-positive,animate-positive,SelfPair,,,FFFF,1.0,0.9999999,0.99999994
1956,child,child,animate-positive,animate-positive,SelfPair,,,GGGG,1.0,1.0,1.0000001
1957,princess,princess,animate-positive,animate-positive,SelfPair,,,HHHH,1.0000001192092896,1.0000001,1.0
1958,chipmunk,chipmunk,animate-positive,animate-positive,SelfPair,,,IIII,1.0,1.0,0.99999976
1959,husband,husband,animate-positive,animate-positive,SelfPair,,,JJJJ,1.0,1.0000002,1.0000002
1960,heroin,slave,inanimate-negative,animate-negative,ValenceMatchingOnly,NegativeMatch,InanimateMismatch,,0.1958390176296234,0.2795918,0.24021384
1961,heroin,asshole,inanimate-negative,animate-negative,ValenceMatchingOnly,NegativeMatch,InanimateMismatch,,0.11054634302854538,0.2705043,0.23874778
1962,heroin,maggot,inanimate-negative,animate-negative,ValenceMatchingOnly,NegativeMatch,InanimateMismatch,,0.165832981467247,0.2401554,0.20847242
1963,heroin,widow,inanimate-negative,animate-negative,ValenceMatchingOnly,NegativeMatch,InanimateMismatch,,0.07525535672903061,0.24761494,0.21175276
1964,heroin,inmate,inanimate-negative,animate-negative,ValenceMatchingOnly,NegativeMatch,InanimateMismatch,,0.17400166392326355,0.25168866,0.29298744
1965,heroin,dictator,inanimate-negative,animate-negative,ValenceMatchingOnly,NegativeMatch,InanimateMismatch,,0.11706298589706421,0.2960776,0.21443504
1966,heroin,leech,inanimate-negative,animate-negative,ValenceMatchingOnly,NegativeMatch,InanimateMismatch,,0.13611027598381042,0.1789353,0.2794248
1967,heroin,tapeworm,inanimate-negative,animate-negative,ValenceMatchingOnly,NegativeMatch,InanimateMismatch,,0.09936505556106567,0.24377748,0.26190302
1968,heroin,intruder,inanimate-negative,animate-negative,ValenceMatchingOnly,NegativeMatch,InanimateMismatch,,0.11107682436704636,0.23929629,0.25637108
1969,heroin,mugger,inanimate-negative,animate-negative,ValenceMatchingOnly,NegativeMatch,InanimateMismatch,,0.19330330193042755,0.28486788,0.2269297
1970,swastika,slave,inanimate-negative,animate-negative,ValenceMatchingOnly,NegativeMatch,InanimateMismatch,,0.13792134821414948,0.20160818,0.22684236
1971,swastika,asshole,inanimate-negative,animate-negative,ValenceMatchingOnly,NegativeMatch,InanimateMismatch,,0.22842289507389069,0.24913126,0.20566985
1972,swastika,maggot,inanimate-negative,animate-negative,ValenceMatchingOnly,NegativeMatch,InanimateMismatch,,0.2765226662158966,0.29072475,0.26909128
1973,swastika,widow,inanimate-negative,animate-negative,ValenceMatchingOnly,NegativeMatch,InanimateMismatch,,0.03062359429895878,0.25265074,0.16844961
1974,swastika,inmate,inanimate-negative,animate-negative,ValenceMatchingOnly,NegativeMatch,InanimateMismatch,,0.14180895686149597,0.04022055,0.16118811
1975,swastika,dictator,inanimate-negative,animate-negative,ValenceMatchingOnly,NegativeMatch,InanimateMismatch,,0.16241587698459625,0.31261486,0.2602316
1976,swastika,leech,inanimate-negative,animate-negative,ValenceMatchingOnly,NegativeMatch,InanimateMismatch,,0.14813834428787231,0.22683755,0.16617225
1977,swastika,tapeworm,inanimate-negative,animate-negative,ValenceMatchingOnly,NegativeMatch,InanimateMismatch,,0.13854219019412994,0.20074731,0.20876896
1978,swastika,intruder,inanimate-negative,animate-negative,ValenceMatchingOnly,NegativeMatch,InanimateMismatch,,0.18581941723823547,0.20749664,0.18889123
1979,swastika,mugger,inanimate-negative,animate-negative,ValenceMatchingOnly,NegativeMatch,InanimateMismatch,,0.17609097063541412,0.26697773,0.27872467
1980,wiretap,slave,inanimate-negative,animate-negative,ValenceMatchingOnly,NegativeMatch,InanimateMismatch,,0.06342193484306335,0.21598776,0.28039283
1981,wiretap,asshole,inanimate-negative,animate-negative,ValenceMatchingOnly,NegativeMatch,InanimateMismatch,,0.14586830139160156,0.1407668,0.22972745
1982,wiretap,maggot,inanimate-negative,animate-negative,ValenceMatchingOnly,NegativeMatch,InanimateMismatch,,-0.005004137754440308,0.20119517,0.2770996
1983,wiretap,widow,inanimate-negative,animate-negative,ValenceMatchingOnly,NegativeMatch,InanimateMismatch,,0.06437745690345764,0.113328226,0.1956318
1984,wiretap,inmate,inanimate-negative,animate-negative,ValenceMatchingOnly,NegativeMatch,InanimateMismatch,,0.1582777053117752,0.25748384,0.38250136
1985,wiretap,dictator,inanimate-negative,animate-negative,ValenceMatchingOnly,NegativeMatch,InanimateMismatch,,0.11109035462141037,0.170067,0.32325545
1986,wiretap,leech,inanimate-negative,animate-negative,ValenceMatchingOnly,NegativeMatch,InanimateMismatch,,0.03236527740955353,0.16872144,0.29373237
1987,wiretap,tapeworm,inanimate-negative,animate-negative,ValenceMatchingOnly,NegativeMatch,InanimateMismatch,,0.0913747176527977,0.20533733,0.28656113
1988,wiretap,intruder,inanimate-negative,animate-negative,ValenceMatchingOnly,NegativeMatch,InanimateMismatch,,0.23678754270076752,0.32816026,0.39592025
1989,wiretap,mugger,inanimate-negative,animate-negative,ValenceMatchingOnly,NegativeMatch,InanimateMismatch,,0.13896942138671875,0.1417656,0.29771513
1990,cocaine,slave,inanimate-negative,animate-negative,ValenceMatchingOnly,NegativeMatch,InanimateMismatch,,0.2525072395801544,0.3295086,0.22392723
1991,cocaine,asshole,inanimate-negative,animate-negative,ValenceMatchingOnly,NegativeMatch,InanimateMismatch,,0.11079409718513489,0.292449,0.23624837
1992,cocaine,maggot,inanimate-negative,animate-negative,ValenceMatchingOnly,NegativeMatch,InanimateMismatch,,0.15146832168102264,0.24010205,0.22596768
1993,cocaine,widow,inanimate-negative,animate-negative,ValenceMatchingOnly,NegativeMatch,InanimateMismatch,,0.0707363486289978,0.18875436,0.13070817
1994,cocaine,inmate,inanimate-negative,animate-negative,ValenceMatchingOnly,NegativeMatch,InanimateMismatch,,0.12934176623821259,0.28156722,0.28644815
1995,cocaine,dictator,inanimate-negative,animate-negative,ValenceMatchingOnly,NegativeMatch,InanimateMismatch,,0.09575453400611877,0.36167926,0.26374698
1996,cocaine,leech,inanimate-negative,animate-negative,ValenceMatchingOnly,NegativeMatch,InanimateMismatch,,0.13420546054840088,0.24031721,0.22554305
1997,cocaine,tapeworm,inanimate-negative,animate-negative,ValenceMatchingOnly,NegativeMatch,InanimateMismatch,,0.12495729327201843,0.25009695,0.24501708
1998,cocaine,intruder,inanimate-negative,animate-negative,ValenceMatchingOnly,NegativeMatch,InanimateMismatch,,0.13328702747821808,0.21685053,0.21732596
1999,cocaine,mugger,inanimate-negative,animate-negative,ValenceMatchingOnly,NegativeMatch,InanimateMismatch,,0.14514413475990295,0.28524423,0.20669834
2000,excrement,slave,inanimate-negative,animate-negative,ValenceMatchingOnly,NegativeMatch,InanimateMismatch,,0.11107489466667175,0.26840913,0.20317782
2001,excrement,asshole,inanimate-negative,animate-negative,ValenceMatchingOnly,NegativeMatch,InanimateMismatch,,0.24630425870418549,0.22973707,0.3056323
2002,excrement,maggot,inanimate-negative,animate-negative,ValenceMatchingOnly,NegativeMatch,InanimateMismatch,,0.3771989047527313,0.227292,0.35488603
2003,excrement,widow,inanimate-negative,animate-negative,ValenceMatchingOnly,NegativeMatch,InanimateMismatch,,0.014552416279911995,0.2130122,0.13845894
2004,excrement,inmate,inanimate-negative,animate-negative,ValenceMatchingOnly,NegativeMatch,InanimateMismatch,,0.12239734828472137,0.27224177,0.278093
2005,excrement,dictator,inanimate-negative,animate-negative,ValenceMatchingOnly,NegativeMatch,InanimateMismatch,,0.14279696345329285,0.20927571,0.2218628
2006,excrement,leech,inanimate-negative,animate-negative,ValenceMatchingOnly,NegativeMatch,InanimateMismatch,,0.2575872242450714,0.22949287,0.3769986
2007,excrement,tapeworm,inanimate-negative,animate-negative,ValenceMatchingOnly,NegativeMatch,InanimateMismatch,,0.303018182516098,0.20064461,0.34614077
2008,excrement,intruder,inanimate-negative,animate-negative,ValenceMatchingOnly,NegativeMatch,InanimateMismatch,,0.08105046302080154,0.18954766,0.30567303
2009,excrement,mugger,inanimate-negative,animate-negative,ValenceMatchingOnly,NegativeMatch,InanimateMismatch,,0.061111122369766235,0.18142796,0.17985234
2010,poison,slave,inanimate-negative,animate-negative,ValenceMatchingOnly,NegativeMatch,InanimateMismatch,,0.09003107249736786,0.23898667,0.16537347
2011,poison,asshole,inanimate-negative,animate-negative,ValenceMatchingOnly,NegativeMatch,InanimateMismatch,,0.09541838616132736,0.25758523,0.21993786
2012,poison,maggot,inanimate-negative,animate-negative,ValenceMatchingOnly,NegativeMatch,InanimateMismatch,,0.33427873253822327,0.25236613,0.27708676
2013,poison,widow,inanimate-negative,animate-negative,ValenceMatchingOnly,NegativeMatch,InanimateMismatch,,0.12499581277370453,0.45712674,0.26620558
2014,poison,inmate,inanimate-negative,animate-negative,ValenceMatchingOnly,NegativeMatch,InanimateMismatch,,0.12501809000968933,0.2949708,0.18453148
2015,poison,dictator,inanimate-negative,animate-negative,ValenceMatchingOnly,NegativeMatch,InanimateMismatch,,0.19194002449512482,0.28161043,0.1672844
2016,poison,leech,inanimate-negative,animate-negative,ValenceMatchingOnly,NegativeMatch,InanimateMismatch,,0.30739325284957886,0.27814206,0.40004748
2017,poison,tapeworm,inanimate-negative,animate-negative,ValenceMatchingOnly,NegativeMatch,InanimateMismatch,,0.2638305723667145,0.3702501,0.33536392
2018,poison,intruder,inanimate-negative,animate-negative,ValenceMatchingOnly,NegativeMatch,InanimateMismatch,,0.14491446316242218,0.33855712,0.23952773
2019,poison,mugger,inanimate-negative,animate-negative,ValenceMatchingOnly,NegativeMatch,InanimateMismatch,,0.10904236137866974,0.3156126,0.19242471
2020,gunshot,slave,inanimate-negative,animate-negative,ValenceMatchingOnly,NegativeMatch,InanimateMismatch,,0.10188636928796768,0.2308643,0.15911219
2021,gunshot,asshole,inanimate-negative,animate-negative,ValenceMatchingOnly,NegativeMatch,InanimateMismatch,,0.10230343788862228,0.28654882,0.31148058
2022,gunshot,maggot,inanimate-negative,animate-negative,ValenceMatchingOnly,NegativeMatch,InanimateMismatch,,0.06874220818281174,0.21854183,0.20443192
2023,gunshot,widow,inanimate-negative,animate-negative,ValenceMatchingOnly,NegativeMatch,InanimateMismatch,,0.1817484200000763,0.32197517,0.28677696
2024,gunshot,inmate,inanimate-negative,animate-negative,ValenceMatchingOnly,NegativeMatch,InanimateMismatch,,0.23999932408332825,0.25239864,0.2612641
2025,gunshot,dictator,inanimate-negative,animate-negative,ValenceMatchingOnly,NegativeMatch,InanimateMismatch,,0.17692291736602783,0.17508563,0.19982563
2026,gunshot,leech,inanimate-negative,animate-negative,ValenceMatchingOnly,NegativeMatch,InanimateMismatch,,0.07412741333246231,0.24043879,0.18733263
2027,gunshot,tapeworm,inanimate-negative,animate-negative,ValenceMatchingOnly,NegativeMatch,InanimateMismatch,,0.16992942988872528,0.13812199,0.15805438
2028,gunshot,intruder,inanimate-negative,animate-negative,ValenceMatchingOnly,NegativeMatch,InanimateMismatch,,0.4334762990474701,0.394032,0.37621278
2029,gunshot,mugger,inanimate-negative,animate-negative,ValenceMatchingOnly,NegativeMatch,InanimateMismatch,,0.29492801427841187,0.28523794,0.28330728
2030,flood,slave,inanimate-negative,animate-negative,ValenceMatchingOnly,NegativeMatch,InanimateMismatch,,0.08391369879245758,0.27512467,0.16431513
2031,flood,asshole,inanimate-negative,animate-negative,ValenceMatchingOnly,NegativeMatch,InanimateMismatch,,-0.0011589311761781573,0.20968644,0.20573911
2032,flood,maggot,inanimate-negative,animate-negative,ValenceMatchingOnly,NegativeMatch,InanimateMismatch,,-0.014010717160999775,0.19247684,0.236359
2033,flood,widow,inanimate-negative,animate-negative,ValenceMatchingOnly,NegativeMatch,InanimateMismatch,,0.10872024297714233,0.1416116,0.15083075
2034,flood,inmate,inanimate-negative,animate-negative,ValenceMatchingOnly,NegativeMatch,InanimateMismatch,,0.07226620614528656,0.11925924,0.17478776
2035,flood,dictator,inanimate-negative,animate-negative,ValenceMatchingOnly,NegativeMatch,InanimateMismatch,,0.03529719263315201,0.25629658,0.24006373
2036,flood,leech,inanimate-negative,animate-negative,ValenceMatchingOnly,NegativeMatch,InanimateMismatch,,0.05330343917012215,0.21287948,0.3633532
2037,flood,tapeworm,inanimate-negative,animate-negative,ValenceMatchingOnly,NegativeMatch,InanimateMismatch,,0.05119641125202179,0.23133603,0.20006579
2038,flood,intruder,inanimate-negative,animate-negative,ValenceMatchingOnly,NegativeMatch,InanimateMismatch,,0.13841882348060608,0.2145325,0.3139255
2039,flood,mugger,inanimate-negative,animate-negative,ValenceMatchingOnly,NegativeMatch,InanimateMismatch,,0.11162982881069183,0.24614103,0.21035334
2040,smallpox,slave,inanimate-negative,animate-negative,ValenceMatchingOnly,NegativeMatch,InanimateMismatch,,0.26448389887809753,0.30559993,0.18459144
2041,smallpox,asshole,inanimate-negative,animate-negative,ValenceMatchingOnly,NegativeMatch,InanimateMismatch,,0.046611130237579346,0.15794195,0.19380018
2042,smallpox,maggot,inanimate-negative,animate-negative,ValenceMatchingOnly,NegativeMatch,InanimateMismatch,,0.11821114271879196,0.25863025,0.36146313
2043,smallpox,widow,inanimate-negative,animate-negative,ValenceMatchingOnly,NegativeMatch,InanimateMismatch,,0.10775649547576904,0.17967024,0.1713489
2044,smallpox,inmate,inanimate-negative,animate-negative,ValenceMatchingOnly,NegativeMatch,InanimateMismatch,,0.1757318675518036,0.18844366,0.17398313
2045,smallpox,dictator,inanimate-negative,animate-negative,ValenceMatchingOnly,NegativeMatch,InanimateMismatch,,0.20887453854084015,0.27835375,0.19899674
2046,smallpox,leech,inanimate-negative,animate-negative,ValenceMatchingOnly,NegativeMatch,InanimateMismatch,,0.06489050388336182,0.12639382,0.2950495
2047,smallpox,tapeworm,inanimate-negative,animate-negative,ValenceMatchingOnly,NegativeMatch,InanimateMismatch,,0.30667150020599365,0.43119448,0.44762513
2048,smallpox,intruder,inanimate-negative,animate-negative,ValenceMatchingOnly,NegativeMatch,InanimateMismatch,,0.18786557018756866,0.2693025,0.19276658
2049,smallpox,mugger,inanimate-negative,animate-negative,ValenceMatchingOnly,NegativeMatch,InanimateMismatch,,0.1261252611875534,0.21453252,0.19682288
2050,corpse,slave,inanimate-negative,animate-negative,ValenceMatchingOnly,NegativeMatch,InanimateMismatch,,0.2066410481929779,0.38355938,0.32426512
2051,corpse,asshole,inanimate-negative,animate-negative,ValenceMatchingOnly,NegativeMatch,InanimateMismatch,,0.20241694152355194,0.33527827,0.25746834
2052,corpse,maggot,inanimate-negative,animate-negative,ValenceMatchingOnly,NegativeMatch,InanimateMismatch,,0.23550589382648468,0.29915607,0.3752672
2053,corpse,widow,inanimate-negative,animate-negative,ValenceMatchingOnly,NegativeMatch,InanimateMismatch,,0.292126327753067,0.5098084,0.5382972
2054,corpse,inmate,inanimate-negative,animate-negative,ValenceMatchingOnly,NegativeMatch,InanimateMismatch,,0.2668165862560272,0.30580074,0.30969536
2055,corpse,dictator,inanimate-negative,animate-negative,ValenceMatchingOnly,NegativeMatch,InanimateMismatch,,0.2775241434574127,0.32034546,0.27238023
2056,corpse,leech,inanimate-negative,animate-negative,ValenceMatchingOnly,NegativeMatch,InanimateMismatch,,0.2991730272769928,0.28612489,0.31860393
2057,corpse,tapeworm,inanimate-negative,animate-negative,ValenceMatchingOnly,NegativeMatch,InanimateMismatch,,0.21687167882919312,0.28032103,0.30743298
2058,corpse,intruder,inanimate-negative,animate-negative,ValenceMatchingOnly,NegativeMatch,InanimateMismatch,,0.18958158791065216,0.28658396,0.32974848
2059,corpse,mugger,inanimate-negative,animate-negative,ValenceMatchingOnly,NegativeMatch,InanimateMismatch,,0.1627611517906189,0.27176255,0.3316926
2060,prize,comedian,inanimate-positive,animate-positive,ValenceMatchingOnly,PositiveMatch,InanimateMismatch,,0.11089306324720383,0.29090318,0.20441091
2061,prize,puppy,inanimate-positive,animate-positive,ValenceMatchingOnly,PositiveMatch,InanimateMismatch,,0.0862337276339531,0.36960423,0.28752238
2062,prize,sibling,inanimate-positive,animate-positive,ValenceMatchingOnly,PositiveMatch,InanimateMismatch,,0.10039591789245605,0.2717545,0.3711567
2063,prize,duckling,inanimate-positive,animate-positive,ValenceMatchingOnly,PositiveMatch,InanimateMismatch,,0.09553639590740204,0.27358615,0.22393666
2064,prize,kitten,inanimate-positive,animate-positive,ValenceMatchingOnly,PositiveMatch,InanimateMismatch,,0.06105818971991539,0.38382536,0.3206101
2065,prize,bunny,inanimate-positive,animate-positive,ValenceMatchingOnly,PositiveMatch,InanimateMismatch,,0.13575564324855804,0.32025307,0.26036134
2066,prize,child,inanimate-positive,animate-positive,ValenceMatchingOnly,PositiveMatch,InanimateMismatch,,0.10196524113416672,0.35519743,0.2935872
2067,prize,princess,inanimate-positive,animate-positive,ValenceMatchingOnly,PositiveMatch,InanimateMismatch,,0.04692541062831879,0.3600728,0.25784078
2068,prize,chipmunk,inanimate-positive,animate-positive,ValenceMatchingOnly,PositiveMatch,InanimateMismatch,,0.05429810658097267,0.2606726,0.20537245
2069,prize,husband,inanimate-positive,animate-positive,ValenceMatchingOnly,PositiveMatch,InanimateMismatch,,0.08217273652553558,0.33603007,0.23493819
2070,sunshine,comedian,inanimate-positive,animate-positive,ValenceMatchingOnly,PositiveMatch,InanimateMismatch,,0.04286222904920578,0.22170669,0.23103571
2071,sunshine,puppy,inanimate-positive,animate-positive,ValenceMatchingOnly,PositiveMatch,InanimateMismatch,,0.1604241281747818,0.28527758,0.2615865
2072,sunshine,sibling,inanimate-positive,animate-positive,ValenceMatchingOnly,PositiveMatch,InanimateMismatch,,-0.02136535942554474,0.24377275,0.2249985
2073,sunshine,duckling,inanimate-positive,animate-positive,ValenceMatchingOnly,PositiveMatch,InanimateMismatch,,0.06595019996166229,0.2175099,0.25245756
2074,sunshine,kitten,inanimate-positive,animate-positive,ValenceMatchingOnly,PositiveMatch,InanimateMismatch,,0.11579779535531998,0.270972,0.2763667
2075,sunshine,bunny,inanimate-positive,animate-positive,ValenceMatchingOnly,PositiveMatch,InanimateMismatch,,0.17047154903411865,0.28142238,0.25688538
2076,sunshine,child,inanimate-positive,animate-positive,ValenceMatchingOnly,PositiveMatch,InanimateMismatch,,0.08984896540641785,0.3138435,0.2963639
2077,sunshine,princess,inanimate-positive,animate-positive,ValenceMatchingOnly,PositiveMatch,InanimateMismatch,,0.1235654428601265,0.2785561,0.2963032
2078,sunshine,chipmunk,inanimate-positive,animate-positive,ValenceMatchingOnly,PositiveMatch,InanimateMismatch,,0.06446004658937454,0.13790706,0.27592534
2079,sunshine,husband,inanimate-positive,animate-positive,ValenceMatchingOnly,PositiveMatch,InanimateMismatch,,0.13196082413196564,0.35413057,0.22086102
2080,award,comedian,inanimate-positive,animate-positive,ValenceMatchingOnly,PositiveMatch,InanimateMismatch,,0.09049154818058014,0.29851535,0.27321768
2081,award,puppy,inanimate-positive,animate-positive,ValenceMatchingOnly,PositiveMatch,InanimateMismatch,,0.03718065842986107,0.345572,0.29449332
2082,award,sibling,inanimate-positive,animate-positive,ValenceMatchingOnly,PositiveMatch,InanimateMismatch,,0.03610136732459068,0.23500733,0.32951987
2083,award,duckling,inanimate-positive,animate-positive,ValenceMatchingOnly,PositiveMatch,InanimateMismatch,,0.046827785670757294,0.2820654,0.23575085
2084,award,kitten,inanimate-positive,animate-positive,ValenceMatchingOnly,PositiveMatch,InanimateMismatch,,-0.00846936460584402,0.3615137,0.29884216
2085,award,bunny,inanimate-positive,animate-positive,ValenceMatchingOnly,PositiveMatch,InanimateMismatch,,0.015658726915717125,0.2916507,0.26574513
2086,award,child,inanimate-positive,animate-positive,ValenceMatchingOnly,PositiveMatch,InanimateMismatch,,0.038172174245119095,0.34576887,0.2667296
2087,award,princess,inanimate-positive,animate-positive,ValenceMatchingOnly,PositiveMatch,InanimateMismatch,,0.011754357255995274,0.3460508,0.27231768
2088,award,chipmunk,inanimate-positive,animate-positive,ValenceMatchingOnly,PositiveMatch,InanimateMismatch,,-0.035749055445194244,0.26958868,0.1713821
2089,award,husband,inanimate-positive,animate-positive,ValenceMatchingOnly,PositiveMatch,InanimateMismatch,,0.034599825739860535,0.3350781,0.28244284
2090,pizza,comedian,inanimate-positive,animate-positive,ValenceMatchingOnly,PositiveMatch,InanimateMismatch,,0.1511429101228714,0.27951133,0.27487126
2091,pizza,puppy,inanimate-positive,animate-positive,ValenceMatchingOnly,PositiveMatch,InanimateMismatch,,0.21654899418354034,0.3300336,0.24580136
2092,pizza,sibling,inanimate-positive,animate-positive,ValenceMatchingOnly,PositiveMatch,InanimateMismatch,,0.06799691915512085,0.31495178,0.23119816
2093,pizza,duckling,inanimate-positive,animate-positive,ValenceMatchingOnly,PositiveMatch,InanimateMismatch,,0.18252265453338623,0.2941662,0.30666414
2094,pizza,kitten,inanimate-positive,animate-positive,ValenceMatchingOnly,PositiveMatch,InanimateMismatch,,0.16656947135925293,0.32898682,0.34811458
2095,pizza,bunny,inanimate-positive,animate-positive,ValenceMatchingOnly,PositiveMatch,InanimateMismatch,,0.20722857117652893,0.2901072,0.31530917
2096,pizza,child,inanimate-positive,animate-positive,ValenceMatchingOnly,PositiveMatch,InanimateMismatch,,0.15934370458126068,0.34672832,0.27310038
2097,pizza,princess,inanimate-positive,animate-positive,ValenceMatchingOnly,PositiveMatch,InanimateMismatch,,0.08698348701000214,0.2662751,0.2711208
2098,pizza,chipmunk,inanimate-positive,animate-positive,ValenceMatchingOnly,PositiveMatch,InanimateMismatch,,0.14440806210041046,0.27234882,0.28476682
2099,pizza,husband,inanimate-positive,animate-positive,ValenceMatchingOnly,PositiveMatch,InanimateMismatch,,0.10396906733512878,0.39359453,0.24061581
2100,laughter,comedian,inanimate-positive,animate-positive,ValenceMatchingOnly,PositiveMatch,InanimateMismatch,,0.24945195019245148,0.40642077,0.47899523
2101,laughter,puppy,inanimate-positive,animate-positive,ValenceMatchingOnly,PositiveMatch,InanimateMismatch,,0.17545746266841888,0.33755678,0.24703243
2102,laughter,sibling,inanimate-positive,animate-positive,ValenceMatchingOnly,PositiveMatch,InanimateMismatch,,0.05711464583873749,0.26167232,0.27570814
2103,laughter,duckling,inanimate-positive,animate-positive,ValenceMatchingOnly,PositiveMatch,InanimateMismatch,,0.0037783116567879915,0.38275802,0.3137474
2104,laughter,kitten,inanimate-positive,animate-positive,ValenceMatchingOnly,PositiveMatch,InanimateMismatch,,0.12695038318634033,0.33523595,0.28423867
2105,laughter,bunny,inanimate-positive,animate-positive,ValenceMatchingOnly,PositiveMatch,InanimateMismatch,,0.14066773653030396,0.30089748,0.30843055
2106,laughter,child,inanimate-positive,animate-positive,ValenceMatchingOnly,PositiveMatch,InanimateMismatch,,0.1304774135351181,0.34115,0.33894688
2107,laughter,princess,inanimate-positive,animate-positive,ValenceMatchingOnly,PositiveMatch,InanimateMismatch,,0.09295354038476944,0.32507387,0.22181578
2108,laughter,chipmunk,inanimate-positive,animate-positive,ValenceMatchingOnly,PositiveMatch,InanimateMismatch,,0.2581956386566162,0.2184812,0.2551718
2109,laughter,husband,inanimate-positive,animate-positive,ValenceMatchingOnly,PositiveMatch,InanimateMismatch,,0.1436968743801117,0.3915714,0.3279232
2110,feast,comedian,inanimate-positive,animate-positive,ValenceMatchingOnly,PositiveMatch,InanimateMismatch,,0.09107739478349686,0.17825226,0.2121505
2111,feast,puppy,inanimate-positive,animate-positive,ValenceMatchingOnly,PositiveMatch,InanimateMismatch,,0.04211749881505966,0.29744935,0.11598804
2112,feast,sibling,inanimate-positive,animate-positive,ValenceMatchingOnly,PositiveMatch,InanimateMismatch,,0.04247564449906349,0.26914373,0.17236227
2113,feast,duckling,inanimate-positive,animate-positive,ValenceMatchingOnly,PositiveMatch,InanimateMismatch,,0.09713608771562576,0.26278841,0.20277959
2114,feast,kitten,inanimate-positive,animate-positive,ValenceMatchingOnly,PositiveMatch,InanimateMismatch,,0.08709483593702316,0.2953991,0.22996241
2115,feast,bunny,inanimate-positive,animate-positive,ValenceMatchingOnly,PositiveMatch,InanimateMismatch,,0.16067270934581757,0.2574054,0.20854215
2116,feast,child,inanimate-positive,animate-positive,ValenceMatchingOnly,PositiveMatch,InanimateMismatch,,0.009668144397437572,0.26065725,0.18958038
2117,feast,princess,inanimate-positive,animate-positive,ValenceMatchingOnly,PositiveMatch,InanimateMismatch,,0.17396685481071472,0.21853492,0.2735266
2118,feast,chipmunk,inanimate-positive,animate-positive,ValenceMatchingOnly,PositiveMatch,InanimateMismatch,,0.052429553121328354,0.24003685,0.17397876
2119,feast,husband,inanimate-positive,animate-positive,ValenceMatchingOnly,PositiveMatch,InanimateMismatch,,0.059429802000522614,0.30136102,0.21967179
2120,doughnut,comedian,inanimate-positive,animate-positive,ValenceMatchingOnly,PositiveMatch,InanimateMismatch,,,0.31517696,0.29111633
2121,doughnut,puppy,inanimate-positive,animate-positive,ValenceMatchingOnly,PositiveMatch,InanimateMismatch,,,0.38236162,0.34236622
2122,doughnut,sibling,inanimate-positive,animate-positive,ValenceMatchingOnly,PositiveMatch,InanimateMismatch,,,0.2754736,0.2928973
2123,doughnut,duckling,inanimate-positive,animate-positive,ValenceMatchingOnly,PositiveMatch,InanimateMismatch,,,0.22846437,0.38880336
2124,doughnut,kitten,inanimate-positive,animate-positive,ValenceMatchingOnly,PositiveMatch,InanimateMismatch,,,0.19580004,0.31686884
2125,doughnut,bunny,inanimate-positive,animate-positive,ValenceMatchingOnly,PositiveMatch,InanimateMismatch,,,0.4067437,0.32596102
2126,doughnut,child,inanimate-positive,animate-positive,ValenceMatchingOnly,PositiveMatch,InanimateMismatch,,,0.31303668,0.32041633
2127,doughnut,princess,inanimate-positive,animate-positive,ValenceMatchingOnly,PositiveMatch,InanimateMismatch,,,0.2566915,0.29606286
2128,doughnut,chipmunk,inanimate-positive,animate-positive,ValenceMatchingOnly,PositiveMatch,InanimateMismatch,,,0.40217108,0.36367652
2129,doughnut,husband,inanimate-positive,animate-positive,ValenceMatchingOnly,PositiveMatch,InanimateMismatch,,,0.31157464,0.26594216
2130,dollar,comedian,inanimate-positive,animate-positive,ValenceMatchingOnly,PositiveMatch,InanimateMismatch,,0.10238870233297348,0.2174976,0.22238033
2131,dollar,puppy,inanimate-positive,animate-positive,ValenceMatchingOnly,PositiveMatch,InanimateMismatch,,0.16352811455726624,0.29479563,0.29789796
2132,dollar,sibling,inanimate-positive,animate-positive,ValenceMatchingOnly,PositiveMatch,InanimateMismatch,,0.030594144016504288,0.24388042,0.228138
2133,dollar,duckling,inanimate-positive,animate-positive,ValenceMatchingOnly,PositiveMatch,InanimateMismatch,,0.10364094376564026,0.2586917,0.2038807
2134,dollar,kitten,inanimate-positive,animate-positive,ValenceMatchingOnly,PositiveMatch,InanimateMismatch,,0.10121789574623108,0.26186988,0.21694526
2135,dollar,bunny,inanimate-positive,animate-positive,ValenceMatchingOnly,PositiveMatch,InanimateMismatch,,0.12843087315559387,0.30064827,0.24946815
2136,dollar,child,inanimate-positive,animate-positive,ValenceMatchingOnly,PositiveMatch,InanimateMismatch,,0.144894540309906,0.3178265,0.24476574
2137,dollar,princess,inanimate-positive,animate-positive,ValenceMatchingOnly,PositiveMatch,InanimateMismatch,,0.08140061795711517,0.24249643,0.18859884
2138,dollar,chipmunk,inanimate-positive,animate-positive,ValenceMatchingOnly,PositiveMatch,InanimateMismatch,,0.0827898234128952,0.24370398,0.19779329
2139,dollar,husband,inanimate-positive,animate-positive,ValenceMatchingOnly,PositiveMatch,InanimateMismatch,,0.12746410071849823,0.2847843,0.17827146
2140,sandwich,comedian,inanimate-positive,animate-positive,ValenceMatchingOnly,PositiveMatch,InanimateMismatch,,0.15686894953250885,0.33185413,0.31440282
2141,sandwich,puppy,inanimate-positive,animate-positive,ValenceMatchingOnly,PositiveMatch,InanimateMismatch,,0.19880445301532745,0.4245054,0.3542056
2142,sandwich,sibling,inanimate-positive,animate-positive,ValenceMatchingOnly,PositiveMatch,InanimateMismatch,,0.0810307115316391,0.32228374,0.3080513
2143,sandwich,duckling,inanimate-positive,animate-positive,ValenceMatchingOnly,PositiveMatch,InanimateMismatch,,0.24740128219127655,0.3059772,0.26400906
2144,sandwich,kitten,inanimate-positive,animate-positive,ValenceMatchingOnly,PositiveMatch,InanimateMismatch,,0.17114728689193726,0.3184906,0.3452614
2145,sandwich,bunny,inanimate-positive,animate-positive,ValenceMatchingOnly,PositiveMatch,InanimateMismatch,,0.23170819878578186,0.32629493,0.28145128
2146,sandwich,child,inanimate-positive,animate-positive,ValenceMatchingOnly,PositiveMatch,InanimateMismatch,,0.10468919575214386,0.38167146,0.2875756
2147,sandwich,princess,inanimate-positive,animate-positive,ValenceMatchingOnly,PositiveMatch,InanimateMismatch,,0.06631113588809967,0.2208916,0.32108423
2148,sandwich,chipmunk,inanimate-positive,animate-positive,ValenceMatchingOnly,PositiveMatch,InanimateMismatch,,0.1557522416114807,0.3570304,0.3313148
2149,sandwich,husband,inanimate-positive,animate-positive,ValenceMatchingOnly,PositiveMatch,InanimateMismatch,,0.10277187824249268,0.40245157,0.32236028
2150,meadow,comedian,inanimate-positive,animate-positive,ValenceMatchingOnly,PositiveMatch,InanimateMismatch,,0.02901759184896946,0.18866807,0.1299313
2151,meadow,puppy,inanimate-positive,animate-positive,ValenceMatchingOnly,PositiveMatch,InanimateMismatch,,0.21718519926071167,0.30880162,0.17784992
2152,meadow,sibling,inanimate-positive,animate-positive,ValenceMatchingOnly,PositiveMatch,InanimateMismatch,,-0.00025954641751013696,0.13355157,0.115422264
2153,meadow,duckling,inanimate-positive,animate-positive,ValenceMatchingOnly,PositiveMatch,InanimateMismatch,,0.25955697894096375,0.2423732,0.15939724
2154,meadow,kitten,inanimate-positive,animate-positive,ValenceMatchingOnly,PositiveMatch,InanimateMismatch,,0.22268781065940857,0.24187493,0.21036185
2155,meadow,bunny,inanimate-positive,animate-positive,ValenceMatchingOnly,PositiveMatch,InanimateMismatch,,0.2817476987838745,0.34199518,0.2254122
2156,meadow,child,inanimate-positive,animate-positive,ValenceMatchingOnly,PositiveMatch,InanimateMismatch,,0.09256869554519653,0.18793452,0.1531886
2157,meadow,princess,inanimate-positive,animate-positive,ValenceMatchingOnly,PositiveMatch,InanimateMismatch,,0.24083270132541656,0.19934794,0.25219938
2158,meadow,chipmunk,inanimate-positive,animate-positive,ValenceMatchingOnly,PositiveMatch,InanimateMismatch,,0.33510297536849976,0.19981141,0.15430963
2159,meadow,husband,inanimate-positive,animate-positive,ValenceMatchingOnly,PositiveMatch,InanimateMismatch,,0.0980268269777298,0.14862326,0.107034035
2160,lonliness,love,abstract-negative,abstract-positive,ConceptualMatchingOnly,NegativeMismatch,ConceptualMatch:abstract,,0.3913344442844391,0.36633885,0.41784352
2161,lonliness,hope,abstract-negative,abstract-positive,ConceptualMatchingOnly,NegativeMismatch,ConceptualMatch:abstract,,0.25102323293685913,0.20741397,0.2920151
2162,lonliness,joy,abstract-negative,abstract-positive,ConceptualMatchingOnly,NegativeMismatch,ConceptualMatch:abstract,,0.420596182346344,0.36337727,0.46709883
2163,lonliness,peace,abstract-negative,abstract-positive,ConceptualMatchingOnly,NegativeMismatch,ConceptualMatch:abstract,,0.22871777415275574,0.26955855,0.379644
2164,lonliness,freedom,abstract-negative,abstract-positive,ConceptualMatchingOnly,NegativeMismatch,ConceptualMatch:abstract,,0.2395731508731842,0.24814188,0.35462558
2165,lonliness,kindness,abstract-negative,abstract-positive,ConceptualMatchingOnly,NegativeMismatch,ConceptualMatch:abstract,,0.31526240706443787,0.34251952,0.39403358
2166,lonliness,happiness,abstract-negative,abstract-positive,ConceptualMatchingOnly,NegativeMismatch,ConceptualMatch:abstract,,0.430348664522171,0.5752304,0.62652177
2167,lonliness,compassion,abstract-negative,abstract-positive,ConceptualMatchingOnly,NegativeMismatch,ConceptualMatch:abstract,,0.42270204424858093,0.30144903,0.42017376
2168,lonliness,gratitude,abstract-negative,abstract-positive,ConceptualMatchingOnly,NegativeMismatch,ConceptualMatch:abstract,,0.25497063994407654,0.44943893,0.29107776
2169,lonliness,inspiration,abstract-negative,abstract-positive,ConceptualMatchingOnly,NegativeMismatch,ConceptualMatch:abstract,,0.19890514016151428,0.26474047,0.2777412
2170,regret,love,abstract-negative,abstract-positive,ConceptualMatchingOnly,NegativeMismatch,ConceptualMatch:abstract,,0.3571934700012207,0.32390237,0.397929
2171,regret,hope,abstract-negative,abstract-positive,ConceptualMatchingOnly,NegativeMismatch,ConceptualMatch:abstract,,0.40090832114219666,0.4000086,0.33056736
2172,regret,joy,abstract-negative,abstract-positive,ConceptualMatchingOnly,NegativeMismatch,ConceptualMatch:abstract,,0.3904932141304016,0.33084252,0.36219817
2173,regret,peace,abstract-negative,abstract-positive,ConceptualMatchingOnly,NegativeMismatch,ConceptualMatch:abstract,,0.1762647032737732,0.3199709,0.26326036
2174,regret,freedom,abstract-negative,abstract-positive,ConceptualMatchingOnly,NegativeMismatch,ConceptualMatch:abstract,,0.14741243422031403,0.29795748,0.2941925
2175,regret,kindness,abstract-negative,abstract-positive,ConceptualMatchingOnly,NegativeMismatch,ConceptualMatch:abstract,,0.2509523034095764,0.22928342,0.31933635
2176,regret,happiness,abstract-negative,abstract-positive,ConceptualMatchingOnly,NegativeMismatch,ConceptualMatch:abstract,,0.2680695950984955,0.4109094,0.41276163
2177,regret,compassion,abstract-negative,abstract-positive,ConceptualMatchingOnly,NegativeMismatch,ConceptualMatch:abstract,,0.2854858934879303,0.3613897,0.36292747
2178,regret,gratitude,abstract-negative,abstract-positive,ConceptualMatchingOnly,NegativeMismatch,ConceptualMatch:abstract,,0.5016787648200989,0.4069049,0.3748048
2179,regret,inspiration,abstract-negative,abstract-positive,ConceptualMatchingOnly,NegativeMismatch,ConceptualMatch:abstract,,0.16853252053260803,0.36797625,0.33661428
2180,anxiety,love,abstract-negative,abstract-positive,ConceptualMatchingOnly,NegativeMismatch,ConceptualMatch:abstract,,0.2020266205072403,0.33662012,0.34277296
2181,anxiety,hope,abstract-negative,abstract-positive,ConceptualMatchingOnly,NegativeMismatch,ConceptualMatch:abstract,,0.22570277750492096,0.21516305,0.2628524
2182,anxiety,joy,abstract-negative,abstract-positive,ConceptualMatchingOnly,NegativeMismatch,ConceptualMatch:abstract,,0.4304434657096863,0.31955492,0.40980804
2183,anxiety,peace,abstract-negative,abstract-positive,ConceptualMatchingOnly,NegativeMismatch,ConceptualMatch:abstract,,0.12285913527011871,0.32094967,0.38023773
2184,anxiety,freedom,abstract-negative,abstract-positive,ConceptualMatchingOnly,NegativeMismatch,ConceptualMatch:abstract,,0.1421179473400116,0.2712779,0.3617837
2185,anxiety,kindness,abstract-negative,abstract-positive,ConceptualMatchingOnly,NegativeMismatch,ConceptualMatch:abstract,,0.14814990758895874,0.24317303,0.3854632
2186,anxiety,happiness,abstract-negative,abstract-positive,ConceptualMatchingOnly,NegativeMismatch,ConceptualMatch:abstract,,0.39007532596588135,0.45180774,0.5711775
2187,anxiety,compassion,abstract-negative,abstract-positive,ConceptualMatchingOnly,NegativeMismatch,ConceptualMatch:abstract,,0.2515023946762085,0.4042075,0.48687512
2188,anxiety,gratitude,abstract-negative,abstract-positive,ConceptualMatchingOnly,NegativeMismatch,ConceptualMatch:abstract,,0.23175618052482605,0.27357796,0.28763872
2189,anxiety,inspiration,abstract-negative,abstract-positive,ConceptualMatchingOnly,NegativeMismatch,ConceptualMatch:abstract,,0.07610662281513214,0.3079491,0.32433897
2190,despair,love,abstract-negative,abstract-positive,ConceptualMatchingOnly,NegativeMismatch,ConceptualMatch:abstract,,0.37277495861053467,0.24201539,0.37382263
2191,despair,hope,abstract-negative,abstract-positive,ConceptualMatchingOnly,NegativeMismatch,ConceptualMatch:abstract,,0.34248828887939453,0.3839284,0.47621813
2192,despair,joy,abstract-negative,abstract-positive,ConceptualMatchingOnly,NegativeMismatch,ConceptualMatch:abstract,,0.5528499484062195,0.40536198,0.52494293
2193,despair,peace,abstract-negative,abstract-positive,ConceptualMatchingOnly,NegativeMismatch,ConceptualMatch:abstract,,0.2552565634250641,0.3358526,0.33837974
2194,despair,freedom,abstract-negative,abstract-positive,ConceptualMatchingOnly,NegativeMismatch,ConceptualMatch:abstract,,0.1994294673204422,0.19509459,0.32193094
2195,despair,kindness,abstract-negative,abstract-positive,ConceptualMatchingOnly,NegativeMismatch,ConceptualMatch:abstract,,0.32980629801750183,0.12774295,0.33259112
2196,despair,happiness,abstract-negative,abstract-positive,ConceptualMatchingOnly,NegativeMismatch,ConceptualMatch:abstract,,0.45953840017318726,0.37154028,0.5517374
2197,despair,compassion,abstract-negative,abstract-positive,ConceptualMatchingOnly,NegativeMismatch,ConceptualMatch:abstract,,0.4419504702091217,0.36413813,0.41703728
2198,despair,gratitude,abstract-negative,abstract-positive,ConceptualMatchingOnly,NegativeMismatch,ConceptualMatch:abstract,,0.33377164602279663,0.37817302,0.27528653
2199,despair,inspiration,abstract-negative,abstract-positive,ConceptualMatchingOnly,NegativeMismatch,ConceptualMatch:abstract,,0.286697119474411,0.2906633,0.3293759
2200,guilt,love,abstract-negative,abstract-positive,ConceptualMatchingOnly,NegativeMismatch,ConceptualMatch:abstract,,0.21438780426979065,0.33713484,0.3426076
2201,guilt,hope,abstract-negative,abstract-positive,ConceptualMatchingOnly,NegativeMismatch,ConceptualMatch:abstract,,0.14005117118358612,0.2992104,0.28125083
2202,guilt,joy,abstract-negative,abstract-positive,ConceptualMatchingOnly,NegativeMismatch,ConceptualMatch:abstract,,0.28227460384368896,0.4076855,0.4360797
2203,guilt,peace,abstract-negative,abstract-positive,ConceptualMatchingOnly,NegativeMismatch,ConceptualMatch:abstract,,0.1389823704957962,0.3435688,0.3663572
2204,guilt,freedom,abstract-negative,abstract-positive,ConceptualMatchingOnly,NegativeMismatch,ConceptualMatch:abstract,,0.1307971030473709,0.3309361,0.3791574
2205,guilt,kindness,abstract-negative,abstract-positive,ConceptualMatchingOnly,NegativeMismatch,ConceptualMatch:abstract,,0.2129536271095276,0.2802407,0.38088506
2206,guilt,happiness,abstract-negative,abstract-positive,ConceptualMatchingOnly,NegativeMismatch,ConceptualMatch:abstract,,0.29363319277763367,0.42100748,0.5137394
2207,guilt,compassion,abstract-negative,abstract-positive,ConceptualMatchingOnly,NegativeMismatch,ConceptualMatch:abstract,,0.3317790925502777,0.5281124,0.48740682
2208,guilt,gratitude,abstract-negative,abstract-positive,ConceptualMatchingOnly,NegativeMismatch,ConceptualMatch:abstract,,0.2770879864692688,0.45981723,0.3735484
2209,guilt,inspiration,abstract-negative,abstract-positive,ConceptualMatchingOnly,NegativeMismatch,ConceptualMatch:abstract,,0.06900976598262787,0.33072853,0.33664048
2210,grief,love,abstract-negative,abstract-positive,ConceptualMatchingOnly,NegativeMismatch,ConceptualMatch:abstract,,0.31534868478775024,0.38572067,0.4358104
2211,grief,hope,abstract-negative,abstract-positive,ConceptualMatchingOnly,NegativeMismatch,ConceptualMatch:abstract,,0.29941633343696594,0.37142605,0.38933963
2212,grief,joy,abstract-negative,abstract-positive,ConceptualMatchingOnly,NegativeMismatch,ConceptualMatch:abstract,,0.4796917140483856,0.30462676,0.5182936
2213,grief,peace,abstract-negative,abstract-positive,ConceptualMatchingOnly,NegativeMismatch,ConceptualMatch:abstract,,0.23574811220169067,0.32050538,0.35676786
2214,grief,freedom,abstract-negative,abstract-positive,ConceptualMatchingOnly,NegativeMismatch,ConceptualMatch:abstract,,0.11360251903533936,0.19060181,0.30777478
2215,grief,kindness,abstract-negative,abstract-positive,ConceptualMatchingOnly,NegativeMismatch,ConceptualMatch:abstract,,0.374055415391922,0.30306447,0.38872975
2216,grief,happiness,abstract-negative,abstract-positive,ConceptualMatchingOnly,NegativeMismatch,ConceptualMatch:abstract,,0.3625217080116272,0.3472674,0.5178373
2217,grief,compassion,abstract-negative,abstract-positive,ConceptualMatchingOnly,NegativeMismatch,ConceptualMatch:abstract,,0.46938660740852356,0.4307602,0.45989364
2218,grief,gratitude,abstract-negative,abstract-positive,ConceptualMatchingOnly,NegativeMismatch,ConceptualMatch:abstract,,0.43546369671821594,0.38533297,0.39308512
2219,grief,inspiration,abstract-negative,abstract-positive,ConceptualMatchingOnly,NegativeMismatch,ConceptualMatch:abstract,,0.26041367650032043,0.31664068,0.28309727
2220,resentment,love,abstract-negative,abstract-positive,ConceptualMatchingOnly,NegativeMismatch,ConceptualMatch:abstract,,0.20669327676296234,0.3768195,0.35383058
2221,resentment,hope,abstract-negative,abstract-positive,ConceptualMatchingOnly,NegativeMismatch,ConceptualMatch:abstract,,0.23968005180358887,0.2574783,0.29699653
2222,resentment,joy,abstract-negative,abstract-positive,ConceptualMatchingOnly,NegativeMismatch,ConceptualMatch:abstract,,0.25967642664909363,0.3123942,0.41375288
2223,resentment,peace,abstract-negative,abstract-positive,ConceptualMatchingOnly,NegativeMismatch,ConceptualMatch:abstract,,0.14158481359481812,0.3679721,0.36065233
2224,resentment,freedom,abstract-negative,abstract-positive,ConceptualMatchingOnly,NegativeMismatch,ConceptualMatch:abstract,,0.09586509317159653,0.32660156,0.38503486
2225,resentment,kindness,abstract-negative,abstract-positive,ConceptualMatchingOnly,NegativeMismatch,ConceptualMatch:abstract,,0.24114064872264862,0.38320115,0.46932244
2226,resentment,happiness,abstract-negative,abstract-positive,ConceptualMatchingOnly,NegativeMismatch,ConceptualMatch:abstract,,0.23399557173252106,0.43195224,0.49281773
2227,resentment,compassion,abstract-negative,abstract-positive,ConceptualMatchingOnly,NegativeMismatch,ConceptualMatch:abstract,,0.3348769545555115,0.46895254,0.49476323
2228,resentment,gratitude,abstract-negative,abstract-positive,ConceptualMatchingOnly,NegativeMismatch,ConceptualMatch:abstract,,0.345501571893692,0.52462316,0.4336324
2229,resentment,inspiration,abstract-negative,abstract-positive,ConceptualMatchingOnly,NegativeMismatch,ConceptualMatch:abstract,,0.15156754851341248,0.33442444,0.34005463
2230,failure,love,abstract-negative,abstract-positive,ConceptualMatchingOnly,NegativeMismatch,ConceptualMatch:abstract,,0.018214549869298935,0.33017743,0.38607162
2231,failure,hope,abstract-negative,abstract-positive,ConceptualMatchingOnly,NegativeMismatch,ConceptualMatch:abstract,,0.13701952993869781,0.36225283,0.32941878
2232,failure,joy,abstract-negative,abstract-positive,ConceptualMatchingOnly,NegativeMismatch,ConceptualMatch:abstract,,0.09256972372531891,0.32239467,0.34152097
2233,failure,peace,abstract-negative,abstract-positive,ConceptualMatchingOnly,NegativeMismatch,ConceptualMatch:abstract,,0.144875630736351,0.29828238,0.25494576
2234,failure,freedom,abstract-negative,abstract-positive,ConceptualMatchingOnly,NegativeMismatch,ConceptualMatch:abstract,,0.08244898915290833,0.28791812,0.37286517
2235,failure,kindness,abstract-negative,abstract-positive,ConceptualMatchingOnly,NegativeMismatch,ConceptualMatch:abstract,,0.040303390473127365,0.22405833,0.3258018
2236,failure,happiness,abstract-negative,abstract-positive,ConceptualMatchingOnly,NegativeMismatch,ConceptualMatch:abstract,,0.10473626852035522,0.32345253,0.35551852
2237,failure,compassion,abstract-negative,abstract-positive,ConceptualMatchingOnly,NegativeMismatch,ConceptualMatch:abstract,,0.08478192985057831,0.28311652,0.32381183
2238,failure,gratitude,abstract-negative,abstract-positive,ConceptualMatchingOnly,NegativeMismatch,ConceptualMatch:abstract,,0.04231295362114906,0.31605598,0.26432237
2239,failure,inspiration,abstract-negative,abstract-positive,ConceptualMatchingOnly,NegativeMismatch,ConceptualMatch:abstract,,0.003966750111430883,0.35450828,0.2911654
2240,shame,love,abstract-negative,abstract-positive,ConceptualMatchingOnly,NegativeMismatch,ConceptualMatch:abstract,,0.31511130928993225,0.20140918,0.22577609
2241,shame,hope,abstract-negative,abstract-positive,ConceptualMatchingOnly,NegativeMismatch,ConceptualMatch:abstract,,0.3138362467288971,0.40879792,0.27407235
2242,shame,joy,abstract-negative,abstract-positive,ConceptualMatchingOnly,NegativeMismatch,ConceptualMatch:abstract,,0.41177791357040405,0.2834074,0.36980522
2243,shame,peace,abstract-negative,abstract-positive,ConceptualMatchingOnly,NegativeMismatch,ConceptualMatch:abstract,,0.15040931105613708,0.20911288,0.24209878
2244,shame,freedom,abstract-negative,abstract-positive,ConceptualMatchingOnly,NegativeMismatch,ConceptualMatch:abstract,,0.1877557337284088,0.18432152,0.20060578
2245,shame,kindness,abstract-negative,abstract-positive,ConceptualMatchingOnly,NegativeMismatch,ConceptualMatch:abstract,,0.20892024040222168,0.14756799,0.17050278
2246,shame,happiness,abstract-negative,abstract-positive,ConceptualMatchingOnly,NegativeMismatch,ConceptualMatch:abstract,,0.22966256737709045,0.12187788,0.27627513
2247,shame,compassion,abstract-negative,abstract-positive,ConceptualMatchingOnly,NegativeMismatch,ConceptualMatch:abstract,,0.2958545982837677,0.22368005,0.25832766
2248,shame,gratitude,abstract-negative,abstract-positive,ConceptualMatchingOnly,NegativeMismatch,ConceptualMatch:abstract,,0.2805138826370239,0.2652521,0.2868495
2249,shame,inspiration,abstract-negative,abstract-positive,ConceptualMatchingOnly,NegativeMismatch,ConceptualMatch:abstract,,0.20475754141807556,0.24932975,0.21903321
2250,envy,love,abstract-negative,abstract-positive,ConceptualMatchingOnly,NegativeMismatch,ConceptualMatch:abstract,,0.34278175234794617,0.3377224,0.39149678
2251,envy,hope,abstract-negative,abstract-positive,ConceptualMatchingOnly,NegativeMismatch,ConceptualMatch:abstract,,0.23538479208946228,0.3036864,0.2579689
2252,envy,joy,abstract-negative,abstract-positive,ConceptualMatchingOnly,NegativeMismatch,ConceptualMatch:abstract,,0.3164985775947571,0.4425911,0.47331738
2253,envy,peace,abstract-negative,abstract-positive,ConceptualMatchingOnly,NegativeMismatch,ConceptualMatch:abstract,,0.04130472242832184,0.32112888,0.30543965
2254,envy,freedom,abstract-negative,abstract-positive,ConceptualMatchingOnly,NegativeMismatch,ConceptualMatch:abstract,,0.08154742419719696,0.18136548,0.3214798
2255,envy,kindness,abstract-negative,abstract-positive,ConceptualMatchingOnly,NegativeMismatch,ConceptualMatch:abstract,,0.18657812476158142,0.41293937,0.34669656
2256,envy,happiness,abstract-negative,abstract-positive,ConceptualMatchingOnly,NegativeMismatch,ConceptualMatch:abstract,,0.2655370533466339,0.46494675,0.48011154
2257,envy,compassion,abstract-negative,abstract-positive,ConceptualMatchingOnly,NegativeMismatch,ConceptualMatch:abstract,,0.23992548882961273,0.28643316,0.4286285
2258,envy,gratitude,abstract-negative,abstract-positive,ConceptualMatchingOnly,NegativeMismatch,ConceptualMatch:abstract,,0.2330879271030426,0.38799027,0.5118917
2259,envy,inspiration,abstract-negative,abstract-positive,ConceptualMatchingOnly,NegativeMismatch,ConceptualMatch:abstract,,0.23343592882156372,0.34758168,0.41797614
2260,sunshine,smoke,concrete-positive,concrete-negative,ConceptualMatchingOnly,PositiveMismatch,ConceptualMatch:concrete,,0.19728098809719086,0.28544408,0.3488475
2261,sunshine,rot,concrete-positive,concrete-negative,ConceptualMatchingOnly,PositiveMismatch,ConceptualMatch:concrete,,0.1624189168214798,0.17560586,0.18343946
2262,sunshine,mud,concrete-positive,concrete-negative,ConceptualMatchingOnly,PositiveMismatch,ConceptualMatch:concrete,,0.1632300317287445,0.34414196,0.2913218
2263,sunshine,vomit,concrete-positive,concrete-negative,ConceptualMatchingOnly,PositiveMismatch,ConceptualMatch:concrete,,0.10967572778463364,0.17380527,0.19825023
2264,sunshine,garbage,concrete-positive,concrete-negative,ConceptualMatchingOnly,PositiveMismatch,ConceptualMatch:concrete,,0.07210215926170349,0.20749629,0.27829242
2265,sunshine,rust,concrete-positive,concrete-negative,ConceptualMatchingOnly,PositiveMismatch,ConceptualMatch:concrete,,0.19660653173923492,0.35283482,0.28834322
2266,sunshine,mold,concrete-positive,concrete-negative,ConceptualMatchingOnly,PositiveMismatch,ConceptualMatch:concrete,,0.08691830933094025,0.16710334,0.32412875
2267,sunshine,injury,concrete-positive,concrete-negative,ConceptualMatchingOnly,PositiveMismatch,ConceptualMatch:concrete,,0.053766846656799316,0.24149786,0.15906492
2268,sunshine,stench,concrete-positive,concrete-negative,ConceptualMatchingOnly,PositiveMismatch,ConceptualMatch:concrete,,0.1688256561756134,0.22527692,0.24571064
2269,sunshine,filth,concrete-positive,concrete-negative,ConceptualMatchingOnly,PositiveMismatch,ConceptualMatch:concrete,,0.18763451278209686,0.2828145,0.26374146
2270,laughter,smoke,concrete-positive,concrete-negative,ConceptualMatchingOnly,PositiveMismatch,ConceptualMatch:concrete,,0.2227112352848053,0.439315,0.3475899
2271,laughter,rot,concrete-positive,concrete-negative,ConceptualMatchingOnly,PositiveMismatch,ConceptualMatch:concrete,,0.0875222235918045,0.3865989,0.37987316
2272,laughter,mud,concrete-positive,concrete-negative,ConceptualMatchingOnly,PositiveMismatch,ConceptualMatch:concrete,,0.204424649477005,0.34745187,0.28156784
2273,laughter,vomit,concrete-positive,concrete-negative,ConceptualMatchingOnly,PositiveMismatch,ConceptualMatch:concrete,,0.28885436058044434,0.49227464,0.3499128
2274,laughter,garbage,concrete-positive,concrete-negative,ConceptualMatchingOnly,PositiveMismatch,ConceptualMatch:concrete,,0.05947701260447502,0.253977,0.283638
2275,laughter,rust,concrete-positive,concrete-negative,ConceptualMatchingOnly,PositiveMismatch,ConceptualMatch:concrete,,0.06425677239894867,0.2849636,0.32387838
2276,laughter,mold,concrete-positive,concrete-negative,ConceptualMatchingOnly,PositiveMismatch,ConceptualMatch:concrete,,0.08409583568572998,0.3045904,0.34357995
2277,laughter,injury,concrete-positive,concrete-negative,ConceptualMatchingOnly,PositiveMismatch,ConceptualMatch:concrete,,0.035440266132354736,0.44243926,0.3319202
2278,laughter,stench,concrete-positive,concrete-negative,ConceptualMatchingOnly,PositiveMismatch,ConceptualMatch:concrete,,0.18314367532730103,0.3059985,0.27267247
2279,laughter,filth,concrete-positive,concrete-negative,ConceptualMatchingOnly,PositiveMismatch,ConceptualMatch:concrete,,0.17905859649181366,0.28488058,0.2982636
2280,flowers,smoke,concrete-positive,concrete-negative,ConceptualMatchingOnly,PositiveMismatch,ConceptualMatch:concrete,,0.14752477407455444,0.302563,0.34828216
2281,flowers,rot,concrete-positive,concrete-negative,ConceptualMatchingOnly,PositiveMismatch,ConceptualMatch:concrete,,0.2294119894504547,0.2443956,0.20007272
2282,flowers,mud,concrete-positive,concrete-negative,ConceptualMatchingOnly,PositiveMismatch,ConceptualMatch:concrete,,0.15317413210868835,0.27452976,0.2135805
2283,flowers,vomit,concrete-positive,concrete-negative,ConceptualMatchingOnly,PositiveMismatch,ConceptualMatch:concrete,,0.19891448318958282,0.2398948,0.19269696
2284,flowers,garbage,concrete-positive,concrete-negative,ConceptualMatchingOnly,PositiveMismatch,ConceptualMatch:concrete,,0.2364419847726822,0.21936665,0.26759535
2285,flowers,rust,concrete-positive,concrete-negative,ConceptualMatchingOnly,PositiveMismatch,ConceptualMatch:concrete,,0.12028396874666214,0.31301808,0.25437972
2286,flowers,mold,concrete-positive,concrete-negative,ConceptualMatchingOnly,PositiveMismatch,ConceptualMatch:concrete,,0.03710492327809334,0.25072503,0.31463414
2287,flowers,injury,concrete-positive,concrete-negative,ConceptualMatchingOnly,PositiveMismatch,ConceptualMatch:concrete,,-0.008457419462502003,0.27223897,0.19357571
2288,flowers,stench,concrete-positive,concrete-negative,ConceptualMatchingOnly,PositiveMismatch,ConceptualMatch:concrete,,0.1693878024816513,0.25261238,0.32790425
2289,flowers,filth,concrete-positive,concrete-negative,ConceptualMatchingOnly,PositiveMismatch,ConceptualMatch:concrete,,0.14673571288585663,0.1072115,0.21122953
2290,music,smoke,concrete-positive,concrete-negative,ConceptualMatchingOnly,PositiveMismatch,ConceptualMatch:concrete,,0.13802987337112427,0.39682138,0.3436343
2291,music,rot,concrete-positive,concrete-negative,ConceptualMatchingOnly,PositiveMismatch,ConceptualMatch:concrete,,0.03255550563335419,0.24421668,0.27336717
2292,music,mud,concrete-positive,concrete-negative,ConceptualMatchingOnly,PositiveMismatch,ConceptualMatch:concrete,,0.09966303408145905,0.3246518,0.26962066
2293,music,vomit,concrete-positive,concrete-negative,ConceptualMatchingOnly,PositiveMismatch,ConceptualMatch:concrete,,0.07460466027259827,0.32497847,0.2211649
2294,music,garbage,concrete-positive,concrete-negative,ConceptualMatchingOnly,PositiveMismatch,ConceptualMatch:concrete,,0.09164023399353027,0.30106992,0.3152781
2295,music,rust,concrete-positive,concrete-negative,ConceptualMatchingOnly,PositiveMismatch,ConceptualMatch:concrete,,-0.04759877920150757,0.27325514,0.3054737
2296,music,mold,concrete-positive,concrete-negative,ConceptualMatchingOnly,PositiveMismatch,ConceptualMatch:concrete,,0.03867800906300545,0.27933085,0.2943169
2297,music,injury,concrete-positive,concrete-negative,ConceptualMatchingOnly,PositiveMismatch,ConceptualMatch:concrete,,-0.03021162375807762,0.3315003,0.24324511
2298,music,stench,concrete-positive,concrete-negative,ConceptualMatchingOnly,PositiveMismatch,ConceptualMatch:concrete,,0.04434391111135483,0.21172558,0.23707294
2299,music,filth,concrete-positive,concrete-negative,ConceptualMatchingOnly,PositiveMismatch,ConceptualMatch:concrete,,0.1673480123281479,0.29428962,0.2994948
2300,beach,smoke,concrete-positive,concrete-negative,ConceptualMatchingOnly,PositiveMismatch,ConceptualMatch:concrete,,0.11611964553594589,0.29880804,0.19815676
2301,beach,rot,concrete-positive,concrete-negative,ConceptualMatchingOnly,PositiveMismatch,ConceptualMatch:concrete,,0.06272388249635696,0.19855615,0.16562617
2302,beach,mud,concrete-positive,concrete-negative,ConceptualMatchingOnly,PositiveMismatch,ConceptualMatch:concrete,,0.2396472543478012,0.409615,0.3498165
2303,beach,vomit,concrete-positive,concrete-negative,ConceptualMatchingOnly,PositiveMismatch,ConceptualMatch:concrete,,0.17963866889476776,0.2158397,0.15955678
2304,beach,garbage,concrete-positive,concrete-negative,ConceptualMatchingOnly,PositiveMismatch,ConceptualMatch:concrete,,0.2123831808567047,0.2868724,0.20520617
2305,beach,rust,concrete-positive,concrete-negative,ConceptualMatchingOnly,PositiveMismatch,ConceptualMatch:concrete,,0.14238041639328003,0.27733815,0.16875501
2306,beach,mold,concrete-positive,concrete-negative,ConceptualMatchingOnly,PositiveMismatch,ConceptualMatch:concrete,,0.025269493460655212,0.19978556,0.1955595
2307,beach,injury,concrete-positive,concrete-negative,ConceptualMatchingOnly,PositiveMismatch,ConceptualMatch:concrete,,0.06741061061620712,0.25611073,0.23646754
2308,beach,stench,concrete-positive,concrete-negative,ConceptualMatchingOnly,PositiveMismatch,ConceptualMatch:concrete,,0.12119477987289429,0.2471467,0.1864962
2309,beach,filth,concrete-positive,concrete-negative,ConceptualMatchingOnly,PositiveMismatch,ConceptualMatch:concrete,,0.193330779671669,0.26640236,0.17594127
2310,hug,smoke,concrete-positive,concrete-negative,ConceptualMatchingOnly,PositiveMismatch,ConceptualMatch:concrete,,0.13644742965698242,0.30514795,0.21503511
2311,hug,rot,concrete-positive,concrete-negative,ConceptualMatchingOnly,PositiveMismatch,ConceptualMatch:concrete,,0.09561074525117874,0.2029072,0.20924388
2312,hug,mud,concrete-positive,concrete-negative,ConceptualMatchingOnly,PositiveMismatch,ConceptualMatch:concrete,,0.15084193646907806,0.2633702,0.124838814
2313,hug,vomit,concrete-positive,concrete-negative,ConceptualMatchingOnly,PositiveMismatch,ConceptualMatch:concrete,,0.2373989373445511,0.41279978,0.26620117
2314,hug,garbage,concrete-positive,concrete-negative,ConceptualMatchingOnly,PositiveMismatch,ConceptualMatch:concrete,,0.04329675808548927,0.17869067,0.19340381
2315,hug,rust,concrete-positive,concrete-negative,ConceptualMatchingOnly,PositiveMismatch,ConceptualMatch:concrete,,0.06728009879589081,0.27215925,0.09110181
2316,hug,mold,concrete-positive,concrete-negative,ConceptualMatchingOnly,PositiveMismatch,ConceptualMatch:concrete,,0.09313703328371048,0.19979265,0.18723269
2317,hug,injury,concrete-positive,concrete-negative,ConceptualMatchingOnly,PositiveMismatch,ConceptualMatch:concrete,,0.09343411773443222,0.29531217,0.26116437
2318,hug,stench,concrete-positive,concrete-negative,ConceptualMatchingOnly,PositiveMismatch,ConceptualMatch:concrete,,0.12643542885780334,0.24278644,0.2128896
2319,hug,filth,concrete-positive,concrete-negative,ConceptualMatchingOnly,PositiveMismatch,ConceptualMatch:concrete,,0.06064198911190033,0.30211216,0.1719599
2320,home,smoke,concrete-positive,concrete-negative,ConceptualMatchingOnly,PositiveMismatch,ConceptualMatch:concrete,,0.07802220433950424,0.37491906,0.21344239
2321,home,rot,concrete-positive,concrete-negative,ConceptualMatchingOnly,PositiveMismatch,ConceptualMatch:concrete,,0.09118928015232086,0.29116648,0.24262789
2322,home,mud,concrete-positive,concrete-negative,ConceptualMatchingOnly,PositiveMismatch,ConceptualMatch:concrete,,0.036881715059280396,0.33784303,0.24978249
2323,home,vomit,concrete-positive,concrete-negative,ConceptualMatchingOnly,PositiveMismatch,ConceptualMatch:concrete,,0.03654700890183449,0.3249753,0.19695793
2324,home,garbage,concrete-positive,concrete-negative,ConceptualMatchingOnly,PositiveMismatch,ConceptualMatch:concrete,,0.10703112185001373,0.29923904,0.24860664
2325,home,rust,concrete-positive,concrete-negative,ConceptualMatchingOnly,PositiveMismatch,ConceptualMatch:concrete,,0.0761481374502182,0.26810846,0.24316356
2326,home,mold,concrete-positive,concrete-negative,ConceptualMatchingOnly,PositiveMismatch,ConceptualMatch:concrete,,0.12320175021886826,0.26295447,0.16869181
2327,home,injury,concrete-positive,concrete-negative,ConceptualMatchingOnly,PositiveMismatch,ConceptualMatch:concrete,,0.12412397563457489,0.29856795,0.26366043
2328,home,stench,concrete-positive,concrete-negative,ConceptualMatchingOnly,PositiveMismatch,ConceptualMatch:concrete,,0.06946171075105667,0.2379851,0.22019175
2329,home,filth,concrete-positive,concrete-negative,ConceptualMatchingOnly,PositiveMismatch,ConceptualMatch:concrete,,0.08815647661685944,0.2282308,0.28596824
2330,rain,smoke,concrete-positive,concrete-negative,ConceptualMatchingOnly,PositiveMismatch,ConceptualMatch:concrete,,0.23522143065929413,0.4329592,0.29835093
2331,rain,rot,concrete-positive,concrete-negative,ConceptualMatchingOnly,PositiveMismatch,ConceptualMatch:concrete,,0.22345800697803497,0.32534066,0.33094433
2332,rain,mud,concrete-positive,concrete-negative,ConceptualMatchingOnly,PositiveMismatch,ConceptualMatch:concrete,,0.4152739346027374,0.5144786,0.41852063
2333,rain,vomit,concrete-positive,concrete-negative,ConceptualMatchingOnly,PositiveMismatch,ConceptualMatch:concrete,,0.13671304285526276,0.44968635,0.3106177
2334,rain,garbage,concrete-positive,concrete-negative,ConceptualMatchingOnly,PositiveMismatch,ConceptualMatch:concrete,,0.16793084144592285,0.33950728,0.20823118
2335,rain,rust,concrete-positive,concrete-negative,ConceptualMatchingOnly,PositiveMismatch,ConceptualMatch:concrete,,0.26379990577697754,0.41895968,0.37893108
2336,rain,mold,concrete-positive,concrete-negative,ConceptualMatchingOnly,PositiveMismatch,ConceptualMatch:concrete,,0.16282284259796143,0.3460551,0.30916202
2337,rain,injury,concrete-positive,concrete-negative,ConceptualMatchingOnly,PositiveMismatch,ConceptualMatch:concrete,,0.16799534857273102,0.3618462,0.27636015
2338,rain,stench,concrete-positive,concrete-negative,ConceptualMatchingOnly,PositiveMismatch,ConceptualMatch:concrete,,0.20715312659740448,0.27855462,0.24532676
2339,rain,filth,concrete-positive,concrete-negative,ConceptualMatchingOnly,PositiveMismatch,ConceptualMatch:concrete,,0.16053588688373566,0.27738485,0.262598
2340,chocolate,smoke,concrete-positive,concrete-negative,ConceptualMatchingOnly,PositiveMismatch,ConceptualMatch:concrete,,0.24052880704402924,0.4098689,0.3795432
2341,chocolate,rot,concrete-positive,concrete-negative,ConceptualMatchingOnly,PositiveMismatch,ConceptualMatch:concrete,,0.10296294093132019,0.20990269,0.27401704
2342,chocolate,mud,concrete-positive,concrete-negative,ConceptualMatchingOnly,PositiveMismatch,ConceptualMatch:concrete,,0.18847450613975525,0.26933485,0.28901082
2343,chocolate,vomit,concrete-positive,concrete-negative,ConceptualMatchingOnly,PositiveMismatch,ConceptualMatch:concrete,,0.25246620178222656,0.3861984,0.300458
2344,chocolate,garbage,concrete-positive,concrete-negative,ConceptualMatchingOnly,PositiveMismatch,ConceptualMatch:concrete,,0.05368436127901077,0.23605308,0.23252042
2345,chocolate,rust,concrete-positive,concrete-negative,ConceptualMatchingOnly,PositiveMismatch,ConceptualMatch:concrete,,0.10797138512134552,0.36262947,0.3712654
2346,chocolate,mold,concrete-positive,concrete-negative,ConceptualMatchingOnly,PositiveMismatch,ConceptualMatch:concrete,,0.1308656632900238,0.40309024,0.4488379
2347,chocolate,injury,concrete-positive,concrete-negative,ConceptualMatchingOnly,PositiveMismatch,ConceptualMatch:concrete,,0.017588499933481216,0.29014745,0.20793255
2348,chocolate,stench,concrete-positive,concrete-negative,ConceptualMatchingOnly,PositiveMismatch,ConceptualMatch:concrete,,0.10292227566242218,0.27216673,0.2939608
2349,chocolate,filth,concrete-positive,concrete-negative,ConceptualMatchingOnly,PositiveMismatch,ConceptualMatch:concrete,,0.15108080208301544,0.2331415,0.21687466
2350,fireplace,smoke,concrete-positive,concrete-negative,ConceptualMatchingOnly,PositiveMismatch,ConceptualMatch:concrete,,0.28033336997032166,0.5272388,0.4590785
2351,fireplace,rot,concrete-positive,concrete-negative,ConceptualMatchingOnly,PositiveMismatch,ConceptualMatch:concrete,,0.05251016467809677,0.23713097,0.22562861
2352,fireplace,mud,concrete-positive,concrete-negative,ConceptualMatchingOnly,PositiveMismatch,ConceptualMatch:concrete,,0.14550016820430756,0.22140092,0.18572041
2353,fireplace,vomit,concrete-positive,concrete-negative,ConceptualMatchingOnly,PositiveMismatch,ConceptualMatch:concrete,,0.1335560530424118,0.21471834,0.21733445
2354,fireplace,garbage,concrete-positive,concrete-negative,ConceptualMatchingOnly,PositiveMismatch,ConceptualMatch:concrete,,0.10842631012201309,0.239642,0.17208704
2355,fireplace,rust,concrete-positive,concrete-negative,ConceptualMatchingOnly,PositiveMismatch,ConceptualMatch:concrete,,0.11964836716651917,0.2273685,0.2736471
2356,fireplace,mold,concrete-positive,concrete-negative,ConceptualMatchingOnly,PositiveMismatch,ConceptualMatch:concrete,,0.1958092749118805,0.36032254,0.29035822
2357,fireplace,injury,concrete-positive,concrete-negative,ConceptualMatchingOnly,PositiveMismatch,ConceptualMatch:concrete,,0.06239421293139458,0.21612503,0.18033542
2358,fireplace,stench,concrete-positive,concrete-negative,ConceptualMatchingOnly,PositiveMismatch,ConceptualMatch:concrete,,0.12402724474668503,0.34093767,0.25903073
2359,fireplace,filth,concrete-positive,concrete-negative,ConceptualMatchingOnly,PositiveMismatch,ConceptualMatch:concrete,,0.09535199403762817,0.13331401,0.21745937
2360,lonliness,regret,abstract-negative,abstract-negative,MaxMatch,NegativeMatch,AbstractMatch,,0.2947113811969757,0.23487046,0.3648107
2361,lonliness,anxiety,abstract-negative,abstract-negative,MaxMatch,NegativeMatch,AbstractMatch,,0.4207058846950531,0.28612244,0.5696859
2362,lonliness,despair,abstract-negative,abstract-negative,MaxMatch,NegativeMatch,AbstractMatch,,0.5363524556159973,0.28385922,0.62497354
2363,lonliness,guilt,abstract-negative,abstract-negative,MaxMatch,NegativeMatch,AbstractMatch,,0.3909575939178467,0.2958517,0.5286566
2364,lonliness,grief,abstract-negative,abstract-negative,MaxMatch,NegativeMatch,AbstractMatch,,0.47832900285720825,0.31913766,0.5635586
2365,lonliness,resentment,abstract-negative,abstract-negative,MaxMatch,NegativeMatch,AbstractMatch,,0.3443421721458435,0.34714663,0.5099068
2366,lonliness,failure,abstract-negative,abstract-negative,MaxMatch,NegativeMatch,AbstractMatch,,0.23198573291301727,0.28002614,0.39145324
2367,lonliness,shame,abstract-negative,abstract-negative,MaxMatch,NegativeMatch,AbstractMatch,,0.3886939585208893,0.14040016,0.23760729
2368,lonliness,envy,abstract-negative,abstract-negative,MaxMatch,NegativeMatch,AbstractMatch,,0.2357369065284729,0.28528318,0.42715982
2369,regret,anxiety,abstract-negative,abstract-negative,MaxMatch,NegativeMatch,AbstractMatch,,0.30558469891548157,0.4054236,0.33001065
2370,regret,despair,abstract-negative,abstract-negative,MaxMatch,NegativeMatch,AbstractMatch,,0.41409575939178467,0.52887595,0.42418343
2371,regret,guilt,abstract-negative,abstract-negative,MaxMatch,NegativeMatch,AbstractMatch,,0.36101511120796204,0.6279212,0.6332904
2372,regret,grief,abstract-negative,abstract-negative,MaxMatch,NegativeMatch,AbstractMatch,,0.44150856137275696,0.42286485,0.4599679
2373,regret,resentment,abstract-negative,abstract-negative,MaxMatch,NegativeMatch,AbstractMatch,,0.3651715815067291,0.42389673,0.48136416
2374,regret,failure,abstract-negative,abstract-negative,MaxMatch,NegativeMatch,AbstractMatch,,0.1249716579914093,0.37692744,0.42961526
2375,regret,shame,abstract-negative,abstract-negative,MaxMatch,NegativeMatch,AbstractMatch,,0.5027794241905212,0.38161263,0.5640518
2376,regret,envy,abstract-negative,abstract-negative,MaxMatch,NegativeMatch,AbstractMatch,,0.23229461908340454,0.40810075,0.4755163
2377,anxiety,despair,abstract-negative,abstract-negative,MaxMatch,NegativeMatch,AbstractMatch,,0.4982888996601105,0.35998452,0.46177104
2378,anxiety,guilt,abstract-negative,abstract-negative,MaxMatch,NegativeMatch,AbstractMatch,,0.430410236120224,0.3996092,0.5132792
2379,anxiety,grief,abstract-negative,abstract-negative,MaxMatch,NegativeMatch,AbstractMatch,,0.4902114272117615,0.34078544,0.45917147
2380,anxiety,resentment,abstract-negative,abstract-negative,MaxMatch,NegativeMatch,AbstractMatch,,0.5230547785758972,0.34465975,0.45502198
2381,anxiety,failure,abstract-negative,abstract-negative,MaxMatch,NegativeMatch,AbstractMatch,,0.13688893616199493,0.29546726,0.3111895
2382,anxiety,shame,abstract-negative,abstract-negative,MaxMatch,NegativeMatch,AbstractMatch,,0.25446146726608276,0.12607804,0.17715591
2383,anxiety,envy,abstract-negative,abstract-negative,MaxMatch,NegativeMatch,AbstractMatch,,0.32117971777915955,0.298525,0.37394702
2384,despair,guilt,abstract-negative,abstract-negative,MaxMatch,NegativeMatch,AbstractMatch,,0.38114356994628906,0.48814902,0.5170471
2385,despair,grief,abstract-negative,abstract-negative,MaxMatch,NegativeMatch,AbstractMatch,,0.565420925617218,0.59131515,0.6335659
2386,despair,resentment,abstract-negative,abstract-negative,MaxMatch,NegativeMatch,AbstractMatch,,0.432209312915802,0.46911734,0.5976115
2387,despair,failure,abstract-negative,abstract-negative,MaxMatch,NegativeMatch,AbstractMatch,,0.19766800105571747,0.45972157,0.49129987
2388,despair,shame,abstract-negative,abstract-negative,MaxMatch,NegativeMatch,AbstractMatch,,0.4339873790740967,0.40720323,0.32352495
2389,despair,envy,abstract-negative,abstract-negative,MaxMatch,NegativeMatch,AbstractMatch,,0.3560170531272888,0.3649185,0.44223213
2390,guilt,grief,abstract-negative,abstract-negative,MaxMatch,NegativeMatch,AbstractMatch,,0.45895376801490784,0.4690875,0.5167019
2391,guilt,resentment,abstract-negative,abstract-negative,MaxMatch,NegativeMatch,AbstractMatch,,0.3640715479850769,0.5003661,0.6463343
2392,guilt,failure,abstract-negative,abstract-negative,MaxMatch,NegativeMatch,AbstractMatch,,0.14051014184951782,0.33162877,0.31432343
2393,guilt,shame,abstract-negative,abstract-negative,MaxMatch,NegativeMatch,AbstractMatch,,0.3209395110607147,0.35333145,0.45032972
2394,guilt,envy,abstract-negative,abstract-negative,MaxMatch,NegativeMatch,AbstractMatch,,0.18382206559181213,0.35789555,0.46556544
2395,grief,resentment,abstract-negative,abstract-negative,MaxMatch,NegativeMatch,AbstractMatch,,0.4307110905647278,0.5219749,0.49847645
2396,grief,failure,abstract-negative,abstract-negative,MaxMatch,NegativeMatch,AbstractMatch,,0.07109948992729187,0.49439642,0.42192858
2397,grief,shame,abstract-negative,abstract-negative,MaxMatch,NegativeMatch,AbstractMatch,,0.3859855830669403,0.2949162,0.3873174
2398,grief,envy,abstract-negative,abstract-negative,MaxMatch,NegativeMatch,AbstractMatch,,0.2268177568912506,0.3291998,0.42686003
2399,resentment,failure,abstract-negative,abstract-negative,MaxMatch,NegativeMatch,AbstractMatch,,0.11711370944976807,0.36030722,0.37315166
2400,resentment,shame,abstract-negative,abstract-negative,MaxMatch,NegativeMatch,AbstractMatch,,0.314283549785614,0.24763277,0.28565064
2401,resentment,envy,abstract-negative,abstract-negative,MaxMatch,NegativeMatch,AbstractMatch,,0.47066131234169006,0.46425962,0.5389937
2402,failure,shame,abstract-negative,abstract-negative,MaxMatch,NegativeMatch,AbstractMatch,,0.20563291013240814,0.25617412,0.3442664
2403,failure,envy,abstract-negative,abstract-negative,MaxMatch,NegativeMatch,AbstractMatch,,0.05791589990258217,0.28367376,0.26284975
2404,shame,envy,abstract-negative,abstract-negative,MaxMatch,NegativeMatch,AbstractMatch,,0.3832709491252899,0.34796667,0.35647812
2405,smoke,rot,concrete-negative,concrete-negative,MaxMatch,NegativeMatch,ConcreteMatch,,0.14280098676681519,0.38564184,0.3350126
2406,smoke,mud,concrete-negative,concrete-negative,MaxMatch,NegativeMatch,ConcreteMatch,,0.24583901464939117,0.3753851,0.26500696
2407,smoke,vomit,concrete-negative,concrete-negative,MaxMatch,NegativeMatch,ConcreteMatch,,0.2709531784057617,0.47021937,0.3045535
2408,smoke,garbage,concrete-negative,concrete-negative,MaxMatch,NegativeMatch,ConcreteMatch,,0.21689336001873016,0.3835816,0.3829836
2409,smoke,rust,concrete-negative,concrete-negative,MaxMatch,NegativeMatch,ConcreteMatch,,0.1705952137708664,0.33301473,0.3388965
2410,smoke,mold,concrete-negative,concrete-negative,MaxMatch,NegativeMatch,ConcreteMatch,,0.25574931502342224,0.4142552,0.47056404
2411,smoke,injury,concrete-negative,concrete-negative,MaxMatch,NegativeMatch,ConcreteMatch,,0.13676860928535461,0.3690194,0.24388501
2412,smoke,stench,concrete-negative,concrete-negative,MaxMatch,NegativeMatch,ConcreteMatch,,0.37265560030937195,0.54458034,0.50046694
2413,smoke,filth,concrete-negative,concrete-negative,MaxMatch,NegativeMatch,ConcreteMatch,,0.2556297779083252,0.40454185,0.3964363
2414,rot,mud,concrete-negative,concrete-negative,MaxMatch,NegativeMatch,ConcreteMatch,,0.18503442406654358,0.40572435,0.31490242
2415,rot,vomit,concrete-negative,concrete-negative,MaxMatch,NegativeMatch,ConcreteMatch,,0.21847420930862427,0.5234486,0.3659573
2416,rot,garbage,concrete-negative,concrete-negative,MaxMatch,NegativeMatch,ConcreteMatch,,0.26802653074264526,0.41315222,0.41803452
2417,rot,rust,concrete-negative,concrete-negative,MaxMatch,NegativeMatch,ConcreteMatch,,0.3596539795398712,0.43372792,0.49608964
2418,rot,mold,concrete-negative,concrete-negative,MaxMatch,NegativeMatch,ConcreteMatch,,0.3039981424808502,0.37185103,0.40264577
2419,rot,injury,concrete-negative,concrete-negative,MaxMatch,NegativeMatch,ConcreteMatch,,0.10410010814666748,0.40547192,0.2537461
2420,rot,stench,concrete-negative,concrete-negative,MaxMatch,NegativeMatch,ConcreteMatch,,0.33896100521087646,0.37809283,0.39489582
2421,rot,filth,concrete-negative,concrete-negative,MaxMatch,NegativeMatch,ConcreteMatch,,0.3476237952709198,0.3177741,0.4462065
2422,mud,vomit,concrete-negative,concrete-negative,MaxMatch,NegativeMatch,ConcreteMatch,,0.33473390340805054,0.38651574,0.3013761
2423,mud,garbage,concrete-negative,concrete-negative,MaxMatch,NegativeMatch,ConcreteMatch,,0.2994995713233948,0.38179207,0.30948967
2424,mud,rust,concrete-negative,concrete-negative,MaxMatch,NegativeMatch,ConcreteMatch,,0.22000396251678467,0.48402733,0.45037073
2425,mud,mold,concrete-negative,concrete-negative,MaxMatch,NegativeMatch,ConcreteMatch,,0.2323163002729416,0.3933825,0.38593823
2426,mud,injury,concrete-negative,concrete-negative,MaxMatch,NegativeMatch,ConcreteMatch,,0.09022997319698334,0.3586388,0.23286673
2427,mud,stench,concrete-negative,concrete-negative,MaxMatch,NegativeMatch,ConcreteMatch,,0.38593509793281555,0.3935805,0.39055824
2428,mud,filth,concrete-negative,concrete-negative,MaxMatch,NegativeMatch,ConcreteMatch,,0.4208776354789734,0.32544613,0.41337603
2429,vomit,garbage,concrete-negative,concrete-negative,MaxMatch,NegativeMatch,ConcreteMatch,,0.2453872114419937,0.44113952,0.36631823
2430,vomit,rust,concrete-negative,concrete-negative,MaxMatch,NegativeMatch,ConcreteMatch,,0.11981672048568726,0.35993862,0.23392239
2431,vomit,mold,concrete-negative,concrete-negative,MaxMatch,NegativeMatch,ConcreteMatch,,0.1766086220741272,0.38412988,0.3762797
2432,vomit,injury,concrete-negative,concrete-negative,MaxMatch,NegativeMatch,ConcreteMatch,,0.11061860620975494,0.40037382,0.20131543
2433,vomit,stench,concrete-negative,concrete-negative,MaxMatch,NegativeMatch,ConcreteMatch,,0.39246034622192383,0.41601408,0.50285023
2434,vomit,filth,concrete-negative,concrete-negative,MaxMatch,NegativeMatch,ConcreteMatch,,0.4864616394042969,0.3475652,0.40661183
2435,garbage,rust,concrete-negative,concrete-negative,MaxMatch,NegativeMatch,ConcreteMatch,,0.2231326550245285,0.3808825,0.32595965
2436,garbage,mold,concrete-negative,concrete-negative,MaxMatch,NegativeMatch,ConcreteMatch,,0.15590399503707886,0.30091614,0.22411032
2437,garbage,injury,concrete-negative,concrete-negative,MaxMatch,NegativeMatch,ConcreteMatch,,0.0841749981045723,0.26540333,0.2215424
2438,garbage,stench,concrete-negative,concrete-negative,MaxMatch,NegativeMatch,ConcreteMatch,,0.37084630131721497,0.46422923,0.38182586
2439,garbage,filth,concrete-negative,concrete-negative,MaxMatch,NegativeMatch,ConcreteMatch,,0.5046193599700928,0.41084823,0.53128076
2440,rust,mold,concrete-negative,concrete-negative,MaxMatch,NegativeMatch,ConcreteMatch,,0.35777732729911804,0.43588024,0.43779954
2441,rust,injury,concrete-negative,concrete-negative,MaxMatch,NegativeMatch,ConcreteMatch,,0.3128105103969574,0.33279163,0.24795593
2442,rust,stench,concrete-negative,concrete-negative,MaxMatch,NegativeMatch,ConcreteMatch,,0.22941429913043976,0.32727432,0.34618604
2443,rust,filth,concrete-negative,concrete-negative,MaxMatch,NegativeMatch,ConcreteMatch,,0.16698580980300903,0.26258627,0.37470752
2444,mold,injury,concrete-negative,concrete-negative,MaxMatch,NegativeMatch,ConcreteMatch,,0.18125364184379578,0.31771445,0.25951326
2445,mold,stench,concrete-negative,concrete-negative,MaxMatch,NegativeMatch,ConcreteMatch,,0.2513938248157501,0.42711002,0.5016116
2446,mold,filth,concrete-negative,concrete-negative,MaxMatch,NegativeMatch,ConcreteMatch,,0.2566700279712677,0.39021873,0.39705613
2447,injury,stench,concrete-negative,concrete-negative,MaxMatch,NegativeMatch,ConcreteMatch,,0.08119504153728485,0.1909864,0.21396373
2448,injury,filth,concrete-negative,concrete-negative,MaxMatch,NegativeMatch,ConcreteMatch,,0.03722090274095535,0.27934456,0.17744157
2449,stench,filth,concrete-negative,concrete-negative,MaxMatch,NegativeMatch,ConcreteMatch,,0.5613978505134583,0.40685275,0.5105728
2450,love,hope,abstract-positive,abstract-positive,MaxMatch,PositiveMatch,AbstractMatch,,0.35967180132865906,0.3870135,0.34645432
2451,love,joy,abstract-positive,abstract-positive,MaxMatch,PositiveMatch,AbstractMatch,,0.5145766735076904,0.5039897,0.4615572
2452,love,peace,abstract-positive,abstract-positive,MaxMatch,PositiveMatch,AbstractMatch,,0.2225780487060547,0.45532635,0.39649624
2453,love,freedom,abstract-positive,abstract-positive,MaxMatch,PositiveMatch,AbstractMatch,,0.27407705783843994,0.33389986,0.38906348
2454,love,kindness,abstract-positive,abstract-positive,MaxMatch,PositiveMatch,AbstractMatch,,0.4359944760799408,0.4032401,0.57556367
2455,love,happiness,abstract-positive,abstract-positive,MaxMatch,PositiveMatch,AbstractMatch,,0.45027482509613037,0.5107716,0.5707365
2456,love,compassion,abstract-positive,abstract-positive,MaxMatch,PositiveMatch,AbstractMatch,,0.41109350323677063,0.45609844,0.44514006
2457,love,gratitude,abstract-positive,abstract-positive,MaxMatch,PositiveMatch,AbstractMatch,,0.35365915298461914,0.5079946,0.48078942
2458,love,inspiration,abstract-positive,abstract-positive,MaxMatch,PositiveMatch,AbstractMatch,,0.3805355727672577,0.38184792,0.30377167
2459,hope,joy,abstract-positive,abstract-positive,MaxMatch,PositiveMatch,AbstractMatch,,0.373948335647583,0.43094844,0.42511326
2460,hope,peace,abstract-positive,abstract-positive,MaxMatch,PositiveMatch,AbstractMatch,,0.27394193410873413,0.32185036,0.33032277
2461,hope,freedom,abstract-positive,abstract-positive,MaxMatch,PositiveMatch,AbstractMatch,,0.17084623873233795,0.17852283,0.23436521
2462,hope,kindness,abstract-positive,abstract-positive,MaxMatch,PositiveMatch,AbstractMatch,,0.2576625347137451,0.29766232,0.29038104
2463,hope,happiness,abstract-positive,abstract-positive,MaxMatch,PositiveMatch,AbstractMatch,,0.30547240376472473,0.36230433,0.41052458
2464,hope,compassion,abstract-positive,abstract-positive,MaxMatch,PositiveMatch,AbstractMatch,,0.28802984952926636,0.25877255,0.31815365
2465,hope,gratitude,abstract-positive,abstract-positive,MaxMatch,PositiveMatch,AbstractMatch,,0.3521503210067749,0.37866265,0.28961384
2466,hope,inspiration,abstract-positive,abstract-positive,MaxMatch,PositiveMatch,AbstractMatch,,0.24502532184123993,0.26557818,0.22859783
2467,joy,peace,abstract-positive,abstract-positive,MaxMatch,PositiveMatch,AbstractMatch,,0.1957753300666809,0.4265312,0.401124
2468,joy,freedom,abstract-positive,abstract-positive,MaxMatch,PositiveMatch,AbstractMatch,,0.2701303958892822,0.2928484,0.44150013
2469,joy,kindness,abstract-positive,abstract-positive,MaxMatch,PositiveMatch,AbstractMatch,,0.38969120383262634,0.3557369,0.3437283
2470,joy,happiness,abstract-positive,abstract-positive,MaxMatch,PositiveMatch,AbstractMatch,,0.6182846426963806,0.58788586,0.7818163
2471,joy,compassion,abstract-positive,abstract-positive,MaxMatch,PositiveMatch,AbstractMatch,,0.36664918065071106,0.37036562,0.45399514
2472,joy,gratitude,abstract-positive,abstract-positive,MaxMatch,PositiveMatch,AbstractMatch,,0.44374218583106995,0.53383964,0.39473808
2473,joy,inspiration,abstract-positive,abstract-positive,MaxMatch,PositiveMatch,AbstractMatch,,0.3783160150051117,0.39132482,0.28623307
2474,peace,freedom,abstract-positive,abstract-positive,MaxMatch,PositiveMatch,AbstractMatch,,0.38452327251434326,0.4216792,0.4415874
2475,peace,kindness,abstract-positive,abstract-positive,MaxMatch,PositiveMatch,AbstractMatch,,0.2577860355377197,0.45808482,0.49572206
2476,peace,happiness,abstract-positive,abstract-positive,MaxMatch,PositiveMatch,AbstractMatch,,0.3892468512058258,0.5388826,0.5341799
2477,peace,compassion,abstract-positive,abstract-positive,MaxMatch,PositiveMatch,AbstractMatch,,0.28364938497543335,0.4535256,0.48246986
2478,peace,gratitude,abstract-positive,abstract-positive,MaxMatch,PositiveMatch,AbstractMatch,,0.19408690929412842,0.48008555,0.42112714
2479,peace,inspiration,abstract-positive,abstract-positive,MaxMatch,PositiveMatch,AbstractMatch,,0.1040802076458931,0.3225239,0.30281073
2480,freedom,kindness,abstract-positive,abstract-positive,MaxMatch,PositiveMatch,AbstractMatch,,0.22576524317264557,0.3037569,0.40319967
2481,freedom,happiness,abstract-positive,abstract-positive,MaxMatch,PositiveMatch,AbstractMatch,,0.4085211455821991,0.3925826,0.48980582
2482,freedom,compassion,abstract-positive,abstract-positive,MaxMatch,PositiveMatch,AbstractMatch,,0.28083014488220215,0.37321845,0.44990012
2483,freedom,gratitude,abstract-positive,abstract-positive,MaxMatch,PositiveMatch,AbstractMatch,,0.2429121732711792,0.28933442,0.30389783
2484,freedom,inspiration,abstract-positive,abstract-positive,MaxMatch,PositiveMatch,AbstractMatch,,0.22963577508926392,0.33080783,0.4038334
2485,kindness,happiness,abstract-positive,abstract-positive,MaxMatch,PositiveMatch,AbstractMatch,,0.36123648285865784,0.5365926,0.55785227
2486,kindness,compassion,abstract-positive,abstract-positive,MaxMatch,PositiveMatch,AbstractMatch,,0.7420227527618408,0.6123523,0.692495
2487,kindness,gratitude,abstract-positive,abstract-positive,MaxMatch,PositiveMatch,AbstractMatch,,0.5677070617675781,0.6123311,0.5443671
2488,kindness,inspiration,abstract-positive,abstract-positive,MaxMatch,PositiveMatch,AbstractMatch,,0.34666740894317627,0.38145086,0.3314969
2489,happiness,compassion,abstract-positive,abstract-positive,MaxMatch,PositiveMatch,AbstractMatch,,0.35576847195625305,0.5100045,0.5685002
2490,happiness,gratitude,abstract-positive,abstract-positive,MaxMatch,PositiveMatch,AbstractMatch,,0.35102182626724243,0.5773957,0.44936207
2491,happiness,inspiration,abstract-positive,abstract-positive,MaxMatch,PositiveMatch,AbstractMatch,,0.29010093212127686,0.3852732,0.34030554
2492,compassion,gratitude,abstract-positive,abstract-positive,MaxMatch,PositiveMatch,AbstractMatch,,0.5533902049064636,0.51176953,0.457987
2493,compassion,inspiration,abstract-positive,abstract-positive,MaxMatch,PositiveMatch,AbstractMatch,,0.2884500026702881,0.36265483,0.35710016
2494,gratitude,inspiration,abstract-positive,abstract-positive,MaxMatch,PositiveMatch,AbstractMatch,,0.3000147044658661,0.37885028,0.3816359
2495,sunshine,laughter,concrete-positive,concrete-positive,MaxMatch,PositiveMatch,ConcreteMatch,,0.2558705806732178,0.26930603,0.39999002
2496,sunshine,flowers,concrete-positive,concrete-positive,MaxMatch,PositiveMatch,ConcreteMatch,,0.28414931893348694,0.3968972,0.5243393
2497,sunshine,music,concrete-positive,concrete-positive,MaxMatch,PositiveMatch,ConcreteMatch,,0.11593369394540787,0.36090153,0.41169128
2498,sunshine,beach,concrete-positive,concrete-positive,MaxMatch,PositiveMatch,ConcreteMatch,,0.33379191160202026,0.4500665,0.40671808
2499,sunshine,hug,concrete-positive,concrete-positive,MaxMatch,PositiveMatch,ConcreteMatch,,0.19669274985790253,0.2887255,0.3057913
2500,sunshine,home,concrete-positive,concrete-positive,MaxMatch,PositiveMatch,ConcreteMatch,,0.19329620897769928,0.29543328,0.30897966
2501,sunshine,rain,concrete-positive,concrete-positive,MaxMatch,PositiveMatch,ConcreteMatch,,0.5085523724555969,0.45624197,0.48493218
2502,sunshine,chocolate,concrete-positive,concrete-positive,MaxMatch,PositiveMatch,ConcreteMatch,,0.22651228308677673,0.2859199,0.49993896
2503,sunshine,fireplace,concrete-positive,concrete-positive,MaxMatch,PositiveMatch,ConcreteMatch,,0.1547914445400238,0.2832731,0.25716096
2504,laughter,flowers,concrete-positive,concrete-positive,MaxMatch,PositiveMatch,ConcreteMatch,,0.15487663447856903,0.23868255,0.34948164
2505,laughter,music,concrete-positive,concrete-positive,MaxMatch,PositiveMatch,ConcreteMatch,,0.20491762459278107,0.3656919,0.42047203
2506,laughter,beach,concrete-positive,concrete-positive,MaxMatch,PositiveMatch,ConcreteMatch,,0.0586509071290493,0.17713732,0.22185218
2507,laughter,hug,concrete-positive,concrete-positive,MaxMatch,PositiveMatch,ConcreteMatch,,0.3692444860935211,0.43037385,0.4330674
2508,laughter,home,concrete-positive,concrete-positive,MaxMatch,PositiveMatch,ConcreteMatch,,0.06083075702190399,0.34271652,0.2238732
2509,laughter,rain,concrete-positive,concrete-positive,MaxMatch,PositiveMatch,ConcreteMatch,,0.17563451826572418,0.40963924,0.3508879
2510,laughter,chocolate,concrete-positive,concrete-positive,MaxMatch,PositiveMatch,ConcreteMatch,,0.20214839279651642,0.32397622,0.4418711
2511,laughter,fireplace,concrete-positive,concrete-positive,MaxMatch,PositiveMatch,ConcreteMatch,,0.15442301332950592,0.24150637,0.27342993
2512,flowers,music,concrete-positive,concrete-positive,MaxMatch,PositiveMatch,ConcreteMatch,,0.20618857443332672,0.3140731,0.3290286
2513,flowers,beach,concrete-positive,concrete-positive,MaxMatch,PositiveMatch,ConcreteMatch,,0.1707151234149933,0.23858249,0.24141736
2514,flowers,hug,concrete-positive,concrete-positive,MaxMatch,PositiveMatch,ConcreteMatch,,0.30298200249671936,0.22335747,0.3059088
2515,flowers,home,concrete-positive,concrete-positive,MaxMatch,PositiveMatch,ConcreteMatch,,0.14701445400714874,0.2745967,0.2790222
2516,flowers,rain,concrete-positive,concrete-positive,MaxMatch,PositiveMatch,ConcreteMatch,,0.1790904551744461,0.37414926,0.29153225
2517,flowers,chocolate,concrete-positive,concrete-positive,MaxMatch,PositiveMatch,ConcreteMatch,,0.3137047290802002,0.32955736,0.41525924
2518,flowers,fireplace,concrete-positive,concrete-positive,MaxMatch,PositiveMatch,ConcreteMatch,,0.20402608811855316,0.3062087,0.22016208
2519,music,beach,concrete-positive,concrete-positive,MaxMatch,PositiveMatch,ConcreteMatch,,0.13007713854312897,0.36451364,0.27060235
2520,music,hug,concrete-positive,concrete-positive,MaxMatch,PositiveMatch,ConcreteMatch,,0.09884823113679886,0.26371676,0.24289504
2521,music,home,concrete-positive,concrete-positive,MaxMatch,PositiveMatch,ConcreteMatch,,0.08134356886148453,0.37870646,0.24393517
2522,music,rain,concrete-positive,concrete-positive,MaxMatch,PositiveMatch,ConcreteMatch,,0.14093586802482605,0.4339101,0.37654656
2523,music,chocolate,concrete-positive,concrete-positive,MaxMatch,PositiveMatch,ConcreteMatch,,0.22972270846366882,0.37914008,0.34901667
2524,music,fireplace,concrete-positive,concrete-positive,MaxMatch,PositiveMatch,ConcreteMatch,,0.11356661468744278,0.29152954,0.2527448
2525,beach,hug,concrete-positive,concrete-positive,MaxMatch,PositiveMatch,ConcreteMatch,,0.16127997636795044,0.18052843,0.19628635
2526,beach,home,concrete-positive,concrete-positive,MaxMatch,PositiveMatch,ConcreteMatch,,0.20396552979946136,0.42521593,0.31887668
2527,beach,rain,concrete-positive,concrete-positive,MaxMatch,PositiveMatch,ConcreteMatch,,0.15486645698547363,0.41056377,0.29817998
2528,beach,chocolate,concrete-positive,concrete-positive,MaxMatch,PositiveMatch,ConcreteMatch,,0.13185596466064453,0.22660258,0.27382243
2529,beach,fireplace,concrete-positive,concrete-positive,MaxMatch,PositiveMatch,ConcreteMatch,,0.18904045224189758,0.32584748,0.2511341
2530,hug,home,concrete-positive,concrete-positive,MaxMatch,PositiveMatch,ConcreteMatch,,0.16902533173561096,0.28698897,0.21059668
2531,hug,rain,concrete-positive,concrete-positive,MaxMatch,PositiveMatch,ConcreteMatch,,0.12701097130775452,0.26437563,0.22945932
2532,hug,chocolate,concrete-positive,concrete-positive,MaxMatch,PositiveMatch,ConcreteMatch,,0.1737367808818817,0.3172052,0.2699442
2533,hug,fireplace,concrete-positive,concrete-positive,MaxMatch,PositiveMatch,ConcreteMatch,,0.12539254128932953,0.20396739,0.17091298
2534,home,rain,concrete-positive,concrete-positive,MaxMatch,PositiveMatch,ConcreteMatch,,0.0841435045003891,0.39654914,0.26751328
2535,home,chocolate,concrete-positive,concrete-positive,MaxMatch,PositiveMatch,ConcreteMatch,,0.053910426795482635,0.34788412,0.20779827
2536,home,fireplace,concrete-positive,concrete-positive,MaxMatch,PositiveMatch,ConcreteMatch,,0.24877984821796417,0.3891406,0.2957386
2537,rain,chocolate,concrete-positive,concrete-positive,MaxMatch,PositiveMatch,ConcreteMatch,,0.15331311523914337,0.30807102,0.24280146
2538,rain,fireplace,concrete-positive,concrete-positive,MaxMatch,PositiveMatch,ConcreteMatch,,0.09088028967380524,0.31662917,0.19595096
2539,chocolate,fireplace,concrete-positive,concrete-positive,MaxMatch,PositiveMatch,ConcreteMatch,,0.17550775408744812,0.34557104,0.22305605
2540,love,smoke,abstract-positive,concrete-negative,MaxMismatch,PositiveMismatch,AbstractMismatch,,0.1568102091550827,0.37471431,0.3260395
2541,love,rot,abstract-positive,concrete-negative,MaxMismatch,PositiveMismatch,AbstractMismatch,,0.11100534349679947,0.27827632,0.29117712
2542,love,mud,abstract-positive,concrete-negative,MaxMismatch,PositiveMismatch,AbstractMismatch,,0.14260752499103546,0.25387034,0.23949844
2543,love,vomit,abstract-positive,concrete-negative,MaxMismatch,PositiveMismatch,AbstractMismatch,,0.1976744830608368,0.3695935,0.29806918
2544,love,garbage,abstract-positive,concrete-negative,MaxMismatch,PositiveMismatch,AbstractMismatch,,0.10549350827932358,0.24075592,0.2980368
2545,love,rust,abstract-positive,concrete-negative,MaxMismatch,PositiveMismatch,AbstractMismatch,,0.07374275475740433,0.26697975,0.26884377
2546,love,mold,abstract-positive,concrete-negative,MaxMismatch,PositiveMismatch,AbstractMismatch,,0.10398685932159424,0.25375366,0.3194865
2547,love,injury,abstract-positive,concrete-negative,MaxMismatch,PositiveMismatch,AbstractMismatch,,0.024649817496538162,0.3301564,0.26673105
2548,love,stench,abstract-positive,concrete-negative,MaxMismatch,PositiveMismatch,AbstractMismatch,,0.15349391102790833,0.26577768,0.26772577
2549,love,filth,abstract-positive,concrete-negative,MaxMismatch,PositiveMismatch,AbstractMismatch,,0.1911620795726776,0.27997386,0.31214318
2550,hope,smoke,abstract-positive,concrete-negative,MaxMismatch,PositiveMismatch,AbstractMismatch,,0.08713996410369873,0.24287188,0.21203144
2551,hope,rot,abstract-positive,concrete-negative,MaxMismatch,PositiveMismatch,AbstractMismatch,,0.18853630125522614,0.27261436,0.2815615
2552,hope,mud,abstract-positive,concrete-negative,MaxMismatch,PositiveMismatch,AbstractMismatch,,0.07869850844144821,0.20591621,0.1840415
2553,hope,vomit,abstract-positive,concrete-negative,MaxMismatch,PositiveMismatch,AbstractMismatch,,0.07616346329450607,0.28340402,0.22222555
2554,hope,garbage,abstract-positive,concrete-negative,MaxMismatch,PositiveMismatch,AbstractMismatch,,0.10780809819698334,0.21323739,0.23742096
2555,hope,rust,abstract-positive,concrete-negative,MaxMismatch,PositiveMismatch,AbstractMismatch,,0.13125421106815338,0.20077649,0.17798747
2556,hope,mold,abstract-positive,concrete-negative,MaxMismatch,PositiveMismatch,AbstractMismatch,,0.0630074292421341,0.1604105,0.1807014
2557,hope,injury,abstract-positive,concrete-negative,MaxMismatch,PositiveMismatch,AbstractMismatch,,0.05724208429455757,0.27658057,0.2817806
2558,hope,stench,abstract-positive,concrete-negative,MaxMismatch,PositiveMismatch,AbstractMismatch,,0.15095365047454834,0.20037273,0.17619497
2559,hope,filth,abstract-positive,concrete-negative,MaxMismatch,PositiveMismatch,AbstractMismatch,,0.09767487645149231,0.17490906,0.19457847
2560,joy,smoke,abstract-positive,concrete-negative,MaxMismatch,PositiveMismatch,AbstractMismatch,,0.0965457558631897,0.3341724,0.23751697
2561,joy,rot,abstract-positive,concrete-negative,MaxMismatch,PositiveMismatch,AbstractMismatch,,0.06465121358633041,0.28978086,0.24490865
2562,joy,mud,abstract-positive,concrete-negative,MaxMismatch,PositiveMismatch,AbstractMismatch,,0.1651633232831955,0.25264108,0.28906146
2563,joy,vomit,abstract-positive,concrete-negative,MaxMismatch,PositiveMismatch,AbstractMismatch,,0.2070913016796112,0.32985646,0.30764776
2564,joy,garbage,abstract-positive,concrete-negative,MaxMismatch,PositiveMismatch,AbstractMismatch,,0.08177211880683899,0.2143219,0.28381345
2565,joy,rust,abstract-positive,concrete-negative,MaxMismatch,PositiveMismatch,AbstractMismatch,,0.07279957085847855,0.2501806,0.20138034
2566,joy,mold,abstract-positive,concrete-negative,MaxMismatch,PositiveMismatch,AbstractMismatch,,0.005424355622380972,0.19822174,0.23748058
2567,joy,injury,abstract-positive,concrete-negative,MaxMismatch,PositiveMismatch,AbstractMismatch,,0.09155480563640594,0.28397343,0.25365347
2568,joy,stench,abstract-positive,concrete-negative,MaxMismatch,PositiveMismatch,AbstractMismatch,,0.19674192368984222,0.1820311,0.2880711
2569,joy,filth,abstract-positive,concrete-negative,MaxMismatch,PositiveMismatch,AbstractMismatch,,0.24108000099658966,0.22352505,0.32178697
2570,peace,smoke,abstract-positive,concrete-negative,MaxMismatch,PositiveMismatch,AbstractMismatch,,0.09843973070383072,0.41953433,0.303228
2571,peace,rot,abstract-positive,concrete-negative,MaxMismatch,PositiveMismatch,AbstractMismatch,,0.0686902329325676,0.2985868,0.28580388
2572,peace,mud,abstract-positive,concrete-negative,MaxMismatch,PositiveMismatch,AbstractMismatch,,0.10146312415599823,0.33598757,0.21626325
2573,peace,vomit,abstract-positive,concrete-negative,MaxMismatch,PositiveMismatch,AbstractMismatch,,0.05678906664252281,0.22155705,0.17594373
2574,peace,garbage,abstract-positive,concrete-negative,MaxMismatch,PositiveMismatch,AbstractMismatch,,0.0379536934196949,0.30664825,0.33124506
2575,peace,rust,abstract-positive,concrete-negative,MaxMismatch,PositiveMismatch,AbstractMismatch,,0.009934632107615471,0.3062126,0.23183402
2576,peace,mold,abstract-positive,concrete-negative,MaxMismatch,PositiveMismatch,AbstractMismatch,,0.04706018790602684,0.27040172,0.18732616
2577,peace,injury,abstract-positive,concrete-negative,MaxMismatch,PositiveMismatch,AbstractMismatch,,0.05165871977806091,0.30360368,0.21744338
2578,peace,stench,abstract-positive,concrete-negative,MaxMismatch,PositiveMismatch,AbstractMismatch,,0.0463494211435318,0.2570492,0.28590637
2579,peace,filth,abstract-positive,concrete-negative,MaxMismatch,PositiveMismatch,AbstractMismatch,,0.10981156677007675,0.32309628,0.27587327
2580,freedom,smoke,abstract-positive,concrete-negative,MaxMismatch,PositiveMismatch,AbstractMismatch,,0.11659276485443115,0.3135795,0.24044445
2581,freedom,rot,abstract-positive,concrete-negative,MaxMismatch,PositiveMismatch,AbstractMismatch,,0.10591546446084976,0.28377184,0.21533303
2582,freedom,mud,abstract-positive,concrete-negative,MaxMismatch,PositiveMismatch,AbstractMismatch,,-0.05907649174332619,0.21838242,0.2522009
2583,freedom,vomit,abstract-positive,concrete-negative,MaxMismatch,PositiveMismatch,AbstractMismatch,,0.04026194289326668,0.25345767,0.18836856
2584,freedom,garbage,abstract-positive,concrete-negative,MaxMismatch,PositiveMismatch,AbstractMismatch,,-0.01846962608397007,0.32137784,0.26088947
2585,freedom,rust,abstract-positive,concrete-negative,MaxMismatch,PositiveMismatch,AbstractMismatch,,0.015538295730948448,0.2507161,0.25613725
2586,freedom,mold,abstract-positive,concrete-negative,MaxMismatch,PositiveMismatch,AbstractMismatch,,0.064303919672966,0.19896494,0.22797352
2587,freedom,injury,abstract-positive,concrete-negative,MaxMismatch,PositiveMismatch,AbstractMismatch,,0.06193776801228523,0.2949725,0.23445179
2588,freedom,stench,abstract-positive,concrete-negative,MaxMismatch,PositiveMismatch,AbstractMismatch,,-0.004390578716993332,0.20820577,0.19640365
2589,freedom,filth,abstract-positive,concrete-negative,MaxMismatch,PositiveMismatch,AbstractMismatch,,0.13633832335472107,0.25156295,0.31385437
2590,kindness,smoke,abstract-positive,concrete-negative,MaxMismatch,PositiveMismatch,AbstractMismatch,,0.0309470072388649,0.27440852,0.2621715
2591,kindness,rot,abstract-positive,concrete-negative,MaxMismatch,PositiveMismatch,AbstractMismatch,,0.07310887426137924,0.18923385,0.27766466
2592,kindness,mud,abstract-positive,concrete-negative,MaxMismatch,PositiveMismatch,AbstractMismatch,,0.12489054352045059,0.23409396,0.16903678
2593,kindness,vomit,abstract-positive,concrete-negative,MaxMismatch,PositiveMismatch,AbstractMismatch,,0.1657198965549469,0.18919435,0.189597
2594,kindness,garbage,abstract-positive,concrete-negative,MaxMismatch,PositiveMismatch,AbstractMismatch,,0.08226121962070465,0.20905848,0.23673868
2595,kindness,rust,abstract-positive,concrete-negative,MaxMismatch,PositiveMismatch,AbstractMismatch,,0.0297764390707016,0.19259171,0.24792022
2596,kindness,mold,abstract-positive,concrete-negative,MaxMismatch,PositiveMismatch,AbstractMismatch,,0.04208515211939812,0.23762313,0.27686065
2597,kindness,injury,abstract-positive,concrete-negative,MaxMismatch,PositiveMismatch,AbstractMismatch,,0.025565197691321373,0.3022663,0.20215598
2598,kindness,stench,abstract-positive,concrete-negative,MaxMismatch,PositiveMismatch,AbstractMismatch,,0.14647209644317627,0.25408486,0.26166487
2599,kindness,filth,abstract-positive,concrete-negative,MaxMismatch,PositiveMismatch,AbstractMismatch,,0.16498690843582153,0.29565173,0.28071553
2600,happiness,smoke,abstract-positive,concrete-negative,MaxMismatch,PositiveMismatch,AbstractMismatch,,0.12172092497348785,0.37589538,0.27252197
2601,happiness,rot,abstract-positive,concrete-negative,MaxMismatch,PositiveMismatch,AbstractMismatch,,0.047888144850730896,0.28482646,0.26024267
2602,happiness,mud,abstract-positive,concrete-negative,MaxMismatch,PositiveMismatch,AbstractMismatch,,0.06247488036751747,0.24620295,0.2276001
2603,happiness,vomit,abstract-positive,concrete-negative,MaxMismatch,PositiveMismatch,AbstractMismatch,,0.12262729555368423,0.30949467,0.28761566
2604,happiness,garbage,abstract-positive,concrete-negative,MaxMismatch,PositiveMismatch,AbstractMismatch,,0.057656168937683105,0.20773123,0.29046455
2605,happiness,rust,abstract-positive,concrete-negative,MaxMismatch,PositiveMismatch,AbstractMismatch,,0.021023359149694443,0.2620062,0.21091367
2606,happiness,mold,abstract-positive,concrete-negative,MaxMismatch,PositiveMismatch,AbstractMismatch,,0.037105973809957504,0.21945095,0.28731436
2607,happiness,injury,abstract-positive,concrete-negative,MaxMismatch,PositiveMismatch,AbstractMismatch,,0.08238881826400757,0.3671908,0.26069447
2608,happiness,stench,abstract-positive,concrete-negative,MaxMismatch,PositiveMismatch,AbstractMismatch,,0.08314460515975952,0.277408,0.2616024
2609,happiness,filth,abstract-positive,concrete-negative,MaxMismatch,PositiveMismatch,AbstractMismatch,,0.15749706327915192,0.27207094,0.2971449
2610,compassion,smoke,abstract-positive,concrete-negative,MaxMismatch,PositiveMismatch,AbstractMismatch,,0.0745844915509224,0.25475997,0.31493628
2611,compassion,rot,abstract-positive,concrete-negative,MaxMismatch,PositiveMismatch,AbstractMismatch,,0.13090059161186218,0.26912004,0.27264732
2612,compassion,mud,abstract-positive,concrete-negative,MaxMismatch,PositiveMismatch,AbstractMismatch,,0.09075255692005157,0.25826484,0.15469387
2613,compassion,vomit,abstract-positive,concrete-negative,MaxMismatch,PositiveMismatch,AbstractMismatch,,0.1293741911649704,0.30824286,0.2543186
2614,compassion,garbage,abstract-positive,concrete-negative,MaxMismatch,PositiveMismatch,AbstractMismatch,,0.042165160179138184,0.23837294,0.26890096
2615,compassion,rust,abstract-positive,concrete-negative,MaxMismatch,PositiveMismatch,AbstractMismatch,,0.02140938676893711,0.2595442,0.19609025
2616,compassion,mold,abstract-positive,concrete-negative,MaxMismatch,PositiveMismatch,AbstractMismatch,,0.07613497972488403,0.21603274,0.2757339
2617,compassion,injury,abstract-positive,concrete-negative,MaxMismatch,PositiveMismatch,AbstractMismatch,,0.0070483083836734295,0.35873714,0.30859932
2618,compassion,stench,abstract-positive,concrete-negative,MaxMismatch,PositiveMismatch,AbstractMismatch,,0.11477336287498474,0.23619005,0.2722736
2619,compassion,filth,abstract-positive,concrete-negative,MaxMismatch,PositiveMismatch,AbstractMismatch,,0.18821585178375244,0.30106586,0.3177574
2620,gratitude,smoke,abstract-positive,concrete-negative,MaxMismatch,PositiveMismatch,AbstractMismatch,,0.07175765931606293,0.2709712,0.25099504
2621,gratitude,rot,abstract-positive,concrete-negative,MaxMismatch,PositiveMismatch,AbstractMismatch,,0.033257000148296356,0.3050577,0.23028426
2622,gratitude,mud,abstract-positive,concrete-negative,MaxMismatch,PositiveMismatch,AbstractMismatch,,0.06286760419607162,0.24175689,0.14694141
2623,gratitude,vomit,abstract-positive,concrete-negative,MaxMismatch,PositiveMismatch,AbstractMismatch,,0.12077935039997101,0.32044286,0.16171396
2624,gratitude,garbage,abstract-positive,concrete-negative,MaxMismatch,PositiveMismatch,AbstractMismatch,,0.031916212290525436,0.26385593,0.21289676
2625,gratitude,rust,abstract-positive,concrete-negative,MaxMismatch,PositiveMismatch,AbstractMismatch,,0.04181721806526184,0.26743236,0.1558934
2626,gratitude,mold,abstract-positive,concrete-negative,MaxMismatch,PositiveMismatch,AbstractMismatch,,-0.025400329381227493,0.17552507,0.2755118
2627,gratitude,injury,abstract-positive,concrete-negative,MaxMismatch,PositiveMismatch,AbstractMismatch,,-0.0422404520213604,0.30958194,0.16863266
2628,gratitude,stench,abstract-positive,concrete-negative,MaxMismatch,PositiveMismatch,AbstractMismatch,,0.14163343608379364,0.29572558,0.26830465
2629,gratitude,filth,abstract-positive,concrete-negative,MaxMismatch,PositiveMismatch,AbstractMismatch,,0.1339607685804367,0.24585153,0.2849357
2630,inspiration,smoke,abstract-positive,concrete-negative,MaxMismatch,PositiveMismatch,AbstractMismatch,,0.07633461058139801,0.41175398,0.31987405
2631,inspiration,rot,abstract-positive,concrete-negative,MaxMismatch,PositiveMismatch,AbstractMismatch,,0.012798501178622246,0.24711412,0.16781425
2632,inspiration,mud,abstract-positive,concrete-negative,MaxMismatch,PositiveMismatch,AbstractMismatch,,0.055015068501234055,0.21791425,0.23271379
2633,inspiration,vomit,abstract-positive,concrete-negative,MaxMismatch,PositiveMismatch,AbstractMismatch,,0.08112012594938278,0.3278332,0.18706691
2634,inspiration,garbage,abstract-positive,concrete-negative,MaxMismatch,PositiveMismatch,AbstractMismatch,,0.019954485818743706,0.3303795,0.22912015
2635,inspiration,rust,abstract-positive,concrete-negative,MaxMismatch,PositiveMismatch,AbstractMismatch,,0.028038140386343002,0.21512915,0.2816074
2636,inspiration,mold,abstract-positive,concrete-negative,MaxMismatch,PositiveMismatch,AbstractMismatch,,0.12558071315288544,0.2542425,0.29969466
2637,inspiration,injury,abstract-positive,concrete-negative,MaxMismatch,PositiveMismatch,AbstractMismatch,,0.07230772078037262,0.22381188,0.17846797
2638,inspiration,stench,abstract-positive,concrete-negative,MaxMismatch,PositiveMismatch,AbstractMismatch,,0.07353777438402176,0.31466186,0.27459204
2639,inspiration,filth,abstract-positive,concrete-negative,MaxMismatch,PositiveMismatch,AbstractMismatch,,0.09464205801486969,0.25169897,0.28698123
2640,lonliness,lonliness,abstract-negative,abstract-negative,SelfPair,,,A,1.0,1.0000001,1.0
2641,regret,regret,abstract-negative,abstract-negative,SelfPair,,,B,1.0,0.99999994,1.0
2642,anxiety,anxiety,abstract-negative,abstract-negative,SelfPair,,,C,1.0,1.0,0.99999994
2643,despair,despair,abstract-negative,abstract-negative,SelfPair,,,D,1.0000001192092896,1.0,1.0
2644,guilt,guilt,abstract-negative,abstract-negative,SelfPair,,,E,0.9999999403953552,1.0,1.0000001
2645,grief,grief,abstract-negative,abstract-negative,SelfPair,,,F,1.0,1.0000001,1.0000001
2646,resentment,resentment,abstract-negative,abstract-negative,SelfPair,,,G,1.0000001192092896,0.9999999,1.0000002
2647,failure,failure,abstract-negative,abstract-negative,SelfPair,,,H,0.9999999403953552,1.0,1.0000001
2648,shame,shame,abstract-negative,abstract-negative,SelfPair,,,I,1.0,1.0,0.9999999
2649,envy,envy,abstract-negative,abstract-negative,SelfPair,,,J,0.9999999403953552,1.0,1.0
2650,sunshine,sunshine,concrete-positive,concrete-positive,SelfPair,,,AA,1.0,0.99999994,1.0000002
2651,laughter,laughter,concrete-positive,concrete-positive,SelfPair,,,BB,1.0,1.0000001,1.0000002
2652,flowers,flowers,concrete-positive,concrete-positive,SelfPair,,,CC,0.9999999403953552,1.0000001,1.0000001
2653,music,music,concrete-positive,concrete-positive,SelfPair,,,DD,1.0,0.99999994,0.9999999
2654,beach,beach,concrete-positive,concrete-positive,SelfPair,,,EE,1.0,0.99999994,1.0000001
2655,hug,hug,concrete-positive,concrete-positive,SelfPair,,,FF,0.9999999403953552,1.0000001,1.0000002
2656,home,home,concrete-positive,concrete-positive,SelfPair,,,GG,1.0,1.0,1.0
2657,rain,rain,concrete-positive,concrete-positive,SelfPair,,,HH,1.0,1.0000002,0.99999994
2658,chocolate,chocolate,concrete-positive,concrete-positive,SelfPair,,,II,1.0,0.99999994,0.9999998
2659,fireplace,fireplace,concrete-positive,concrete-positive,SelfPair,,,JJ,1.0,1.0000001,0.9999999
2660,love,love,abstract-positive,abstract-positive,SelfPair,,,AAA,1.0000001192092896,0.9999999,1.0000001
2661,hope,hope,abstract-positive,abstract-positive,SelfPair,,,BBB,1.0,0.9999999,1.0000002
2662,joy,joy,abstract-positive,abstract-positive,SelfPair,,,CCC,1.0,1.0000002,1.0000001
2663,peace,peace,abstract-positive,abstract-positive,SelfPair,,,DDD,1.0,1.0,1.0
2664,freedom,freedom,abstract-positive,abstract-positive,SelfPair,,,EEE,1.0,1.0,1.0
2665,kindness,kindness,abstract-positive,abstract-positive,SelfPair,,,FFF,0.9999999403953552,1.0000001,0.99999994
2666,happiness,happiness,abstract-positive,abstract-positive,SelfPair,,,GGG,1.0,1.0000001,1.0
2667,compassion,compassion,abstract-positive,abstract-positive,SelfPair,,,HHH,0.9999999403953552,1.0,0.9999999
2668,gratitude,gratitude,abstract-positive,abstract-positive,SelfPair,,,III,1.0,1.0,1.0
2669,inspiration,inspiration,abstract-positive,abstract-positive,SelfPair,,,JJJ,0.9999999403953552,1.0,1.0000001
2670,smoke,smoke,concrete-negative,concrete-negative,SelfPair,,,AAAA,1.0,1.0000001,1.0000002
2671,rot,rot,concrete-negative,concrete-negative,SelfPair,,,BBBB,1.0,0.99999994,1.0000002
2672,mud,mud,concrete-negative,concrete-negative,SelfPair,,,CCCC,1.0,1.0,1.0000002
2673,vomit,vomit,concrete-negative,concrete-negative,SelfPair,,,DDDD,0.9999999403953552,1.0,1.0
2674,garbage,garbage,concrete-negative,concrete-negative,SelfPair,,,EEEE,1.0,1.0000001,1.0000001
2675,rust,rust,concrete-negative,concrete-negative,SelfPair,,,FFFF,1.0,1.0000001,1.0
2676,mold,mold,concrete-negative,concrete-negative,SelfPair,,,GGGG,1.0000001192092896,1.0000001,1.0
2677,injury,injury,concrete-negative,concrete-negative,SelfPair,,,HHHH,1.0,1.0,1.0
2678,stench,stench,concrete-negative,concrete-negative,SelfPair,,,IIII,1.0,1.0000001,1.0000001
2679,filth,filth,concrete-negative,concrete-negative,SelfPair,,,JJJJ,1.0,1.0000002,1.0
2680,lonliness,smoke,abstract-negative,concrete-negative,ValenceMatchingOnly,NegativeMatch,AbstractMismatch,,0.10614834725856781,0.24025205,0.26541042
2681,lonliness,rot,abstract-negative,concrete-negative,ValenceMatchingOnly,NegativeMatch,AbstractMismatch,,0.1693529337644577,0.2511015,0.34192228
2682,lonliness,mud,abstract-negative,concrete-negative,ValenceMatchingOnly,NegativeMatch,AbstractMismatch,,0.1262008100748062,0.23712455,0.2584496
2683,lonliness,vomit,abstract-negative,concrete-negative,ValenceMatchingOnly,NegativeMatch,AbstractMismatch,,0.23133815824985504,0.28798467,0.2642914
2684,lonliness,garbage,abstract-negative,concrete-negative,ValenceMatchingOnly,NegativeMatch,AbstractMismatch,,0.09478287398815155,0.28535214,0.28940475
2685,lonliness,rust,abstract-negative,concrete-negative,ValenceMatchingOnly,NegativeMatch,AbstractMismatch,,0.06898683309555054,0.25122154,0.26265198
2686,lonliness,mold,abstract-negative,concrete-negative,ValenceMatchingOnly,NegativeMatch,AbstractMismatch,,0.07574309408664703,0.17149696,0.3173092
2687,lonliness,injury,abstract-negative,concrete-negative,ValenceMatchingOnly,NegativeMatch,AbstractMismatch,,0.14536361396312714,0.25095665,0.29572952
2688,lonliness,stench,abstract-negative,concrete-negative,ValenceMatchingOnly,NegativeMatch,AbstractMismatch,,0.24992957711219788,0.2184689,0.30813694
2689,lonliness,filth,abstract-negative,concrete-negative,ValenceMatchingOnly,NegativeMatch,AbstractMismatch,,0.28819555044174194,0.3009609,0.34261638
2690,regret,smoke,abstract-negative,concrete-negative,ValenceMatchingOnly,NegativeMatch,AbstractMismatch,,0.12334729731082916,0.3564189,0.2568103
2691,regret,rot,abstract-negative,concrete-negative,ValenceMatchingOnly,NegativeMatch,AbstractMismatch,,0.11913298070430756,0.31786177,0.30697688
2692,regret,mud,abstract-negative,concrete-negative,ValenceMatchingOnly,NegativeMatch,AbstractMismatch,,0.07013903558254242,0.25020492,0.18167375
2693,regret,vomit,abstract-negative,concrete-negative,ValenceMatchingOnly,NegativeMatch,AbstractMismatch,,0.18128329515457153,0.3195401,0.26603067
2694,regret,garbage,abstract-negative,concrete-negative,ValenceMatchingOnly,NegativeMatch,AbstractMismatch,,0.04730616509914398,0.3020884,0.30443132
2695,regret,rust,abstract-negative,concrete-negative,ValenceMatchingOnly,NegativeMatch,AbstractMismatch,,0.06347282975912094,0.2483016,0.26429555
2696,regret,mold,abstract-negative,concrete-negative,ValenceMatchingOnly,NegativeMatch,AbstractMismatch,,-0.009549440816044807,0.17846802,0.23942366
2697,regret,injury,abstract-negative,concrete-negative,ValenceMatchingOnly,NegativeMatch,AbstractMismatch,,0.0831509456038475,0.24787223,0.23091877
2698,regret,stench,abstract-negative,concrete-negative,ValenceMatchingOnly,NegativeMatch,AbstractMismatch,,0.17296454310417175,0.32202485,0.32370085
2699,regret,filth,abstract-negative,concrete-negative,ValenceMatchingOnly,NegativeMatch,AbstractMismatch,,0.10929739475250244,0.19574565,0.26203102
2700,anxiety,smoke,abstract-negative,concrete-negative,ValenceMatchingOnly,NegativeMatch,AbstractMismatch,,0.20872507989406586,0.41844177,0.29651326
2701,anxiety,rot,abstract-negative,concrete-negative,ValenceMatchingOnly,NegativeMatch,AbstractMismatch,,0.06998573988676071,0.15022618,0.21719941
2702,anxiety,mud,abstract-negative,concrete-negative,ValenceMatchingOnly,NegativeMatch,AbstractMismatch,,0.0791073814034462,0.2635962,0.18539691
2703,anxiety,vomit,abstract-negative,concrete-negative,ValenceMatchingOnly,NegativeMatch,AbstractMismatch,,0.22005097568035126,0.37928823,0.30947587
2704,anxiety,garbage,abstract-negative,concrete-negative,ValenceMatchingOnly,NegativeMatch,AbstractMismatch,,0.04549789801239967,0.20494795,0.15505618
2705,anxiety,rust,abstract-negative,concrete-negative,ValenceMatchingOnly,NegativeMatch,AbstractMismatch,,0.155320942401886,0.26955545,0.30062005
2706,anxiety,mold,abstract-negative,concrete-negative,ValenceMatchingOnly,NegativeMatch,AbstractMismatch,,0.06622897833585739,0.28509772,0.3459426
2707,anxiety,injury,abstract-negative,concrete-negative,ValenceMatchingOnly,NegativeMatch,AbstractMismatch,,0.16557101905345917,0.3489113,0.33871937
2708,anxiety,stench,abstract-negative,concrete-negative,ValenceMatchingOnly,NegativeMatch,AbstractMismatch,,0.23355713486671448,0.24336404,0.28165945
2709,anxiety,filth,abstract-negative,concrete-negative,ValenceMatchingOnly,NegativeMatch,AbstractMismatch,,0.1694696694612503,0.30229408,0.18110436
2710,despair,smoke,abstract-negative,concrete-negative,ValenceMatchingOnly,NegativeMatch,AbstractMismatch,,0.15149778127670288,0.20168824,0.2553649
2711,despair,rot,abstract-negative,concrete-negative,ValenceMatchingOnly,NegativeMatch,AbstractMismatch,,0.28535085916519165,0.3230863,0.43561804
2712,despair,mud,abstract-negative,concrete-negative,ValenceMatchingOnly,NegativeMatch,AbstractMismatch,,0.1846112459897995,0.26798323,0.3064422
2713,despair,vomit,abstract-negative,concrete-negative,ValenceMatchingOnly,NegativeMatch,AbstractMismatch,,0.2664124071598053,0.38862154,0.37729648
2714,despair,garbage,abstract-negative,concrete-negative,ValenceMatchingOnly,NegativeMatch,AbstractMismatch,,0.12607762217521667,0.36042804,0.3316198
2715,despair,rust,abstract-negative,concrete-negative,ValenceMatchingOnly,NegativeMatch,AbstractMismatch,,0.09055968374013901,0.25811815,0.31560093
2716,despair,mold,abstract-negative,concrete-negative,ValenceMatchingOnly,NegativeMatch,AbstractMismatch,,0.06510920077562332,0.176153,0.31601605
2717,despair,injury,abstract-negative,concrete-negative,ValenceMatchingOnly,NegativeMatch,AbstractMismatch,,0.054360710084438324,0.18680471,0.28498465
2718,despair,stench,abstract-negative,concrete-negative,ValenceMatchingOnly,NegativeMatch,AbstractMismatch,,0.2811104655265808,0.29412234,0.32396987
2719,despair,filth,abstract-negative,concrete-negative,ValenceMatchingOnly,NegativeMatch,AbstractMismatch,,0.35676300525665283,0.26655146,0.36358178
2720,guilt,smoke,abstract-negative,concrete-negative,ValenceMatchingOnly,NegativeMatch,AbstractMismatch,,0.19566570222377777,0.33411068,0.20248903
2721,guilt,rot,abstract-negative,concrete-negative,ValenceMatchingOnly,NegativeMatch,AbstractMismatch,,0.12286446988582611,0.29195625,0.28012443
2722,guilt,mud,abstract-negative,concrete-negative,ValenceMatchingOnly,NegativeMatch,AbstractMismatch,,0.16317643225193024,0.26740104,0.20454308
2723,guilt,vomit,abstract-negative,concrete-negative,ValenceMatchingOnly,NegativeMatch,AbstractMismatch,,0.24608512222766876,0.34616214,0.28565872
2724,guilt,garbage,abstract-negative,concrete-negative,ValenceMatchingOnly,NegativeMatch,AbstractMismatch,,0.15783220529556274,0.23838484,0.23617408
2725,guilt,rust,abstract-negative,concrete-negative,ValenceMatchingOnly,NegativeMatch,AbstractMismatch,,0.1749645322561264,0.26513472,0.15710586
2726,guilt,mold,abstract-negative,concrete-negative,ValenceMatchingOnly,NegativeMatch,AbstractMismatch,,0.01801302470266819,0.19777521,0.26169297
2727,guilt,injury,abstract-negative,concrete-negative,ValenceMatchingOnly,NegativeMatch,AbstractMismatch,,0.13409526646137238,0.32893005,0.19140777
2728,guilt,stench,abstract-negative,concrete-negative,ValenceMatchingOnly,NegativeMatch,AbstractMismatch,,0.24980050325393677,0.28688326,0.34292006
2729,guilt,filth,abstract-negative,concrete-negative,ValenceMatchingOnly,NegativeMatch,AbstractMismatch,,0.22461971640586853,0.23400727,0.31906155
2730,grief,smoke,abstract-negative,concrete-negative,ValenceMatchingOnly,NegativeMatch,AbstractMismatch,,0.15168152749538422,0.3008723,0.28659493
2731,grief,rot,abstract-negative,concrete-negative,ValenceMatchingOnly,NegativeMatch,AbstractMismatch,,0.09184931218624115,0.39833653,0.4411906
2732,grief,mud,abstract-negative,concrete-negative,ValenceMatchingOnly,NegativeMatch,AbstractMismatch,,0.14323736727237701,0.28406495,0.31199113
2733,grief,vomit,abstract-negative,concrete-negative,ValenceMatchingOnly,NegativeMatch,AbstractMismatch,,0.19149620831012726,0.42705125,0.3375616
2734,grief,garbage,abstract-negative,concrete-negative,ValenceMatchingOnly,NegativeMatch,AbstractMismatch,,0.14561064541339874,0.2989937,0.37445244
2735,grief,rust,abstract-negative,concrete-negative,ValenceMatchingOnly,NegativeMatch,AbstractMismatch,,0.12359455227851868,0.2873991,0.310436
2736,grief,mold,abstract-negative,concrete-negative,ValenceMatchingOnly,NegativeMatch,AbstractMismatch,,0.017711009830236435,0.29971159,0.30372405
2737,grief,injury,abstract-negative,concrete-negative,ValenceMatchingOnly,NegativeMatch,AbstractMismatch,,0.16947028040885925,0.37529153,0.31950593
2738,grief,stench,abstract-negative,concrete-negative,ValenceMatchingOnly,NegativeMatch,AbstractMismatch,,0.23561197519302368,0.3780241,0.34481937
2739,grief,filth,abstract-negative,concrete-negative,ValenceMatchingOnly,NegativeMatch,AbstractMismatch,,0.1603318750858307,0.30957374,0.36854905
2740,resentment,smoke,abstract-negative,concrete-negative,ValenceMatchingOnly,NegativeMatch,AbstractMismatch,,0.15270347893238068,0.2731191,0.23296991
2741,resentment,rot,abstract-negative,concrete-negative,ValenceMatchingOnly,NegativeMatch,AbstractMismatch,,0.15559129416942596,0.4267593,0.28584182
2742,resentment,mud,abstract-negative,concrete-negative,ValenceMatchingOnly,NegativeMatch,AbstractMismatch,,0.09605376422405243,0.23057055,0.19399804
2743,resentment,vomit,abstract-negative,concrete-negative,ValenceMatchingOnly,NegativeMatch,AbstractMismatch,,0.134892538189888,0.31663027,0.22367258
2744,resentment,garbage,abstract-negative,concrete-negative,ValenceMatchingOnly,NegativeMatch,AbstractMismatch,,0.15184670686721802,0.2724684,0.32594228
2745,resentment,rust,abstract-negative,concrete-negative,ValenceMatchingOnly,NegativeMatch,AbstractMismatch,,0.13113713264465332,0.26924002,0.24021953
2746,resentment,mold,abstract-negative,concrete-negative,ValenceMatchingOnly,NegativeMatch,AbstractMismatch,,0.11771457642316818,0.20898433,0.28908247
2747,resentment,injury,abstract-negative,concrete-negative,ValenceMatchingOnly,NegativeMatch,AbstractMismatch,,0.029921147972345352,0.35476846,0.24527821
2748,resentment,stench,abstract-negative,concrete-negative,ValenceMatchingOnly,NegativeMatch,AbstractMismatch,,0.23745833337306976,0.30351353,0.3212073
2749,resentment,filth,abstract-negative,concrete-negative,ValenceMatchingOnly,NegativeMatch,AbstractMismatch,,0.17988716065883636,0.19583067,0.32156903
2750,failure,smoke,abstract-negative,concrete-negative,ValenceMatchingOnly,NegativeMatch,AbstractMismatch,,0.061522722244262695,0.355334,0.26471147
2751,failure,rot,abstract-negative,concrete-negative,ValenceMatchingOnly,NegativeMatch,AbstractMismatch,,0.21698890626430511,0.412798,0.40178072
2752,failure,mud,abstract-negative,concrete-negative,ValenceMatchingOnly,NegativeMatch,AbstractMismatch,,0.024075854569673538,0.28468025,0.23563436
2753,failure,vomit,abstract-negative,concrete-negative,ValenceMatchingOnly,NegativeMatch,AbstractMismatch,,0.10853579640388489,0.37958956,0.3002873
2754,failure,garbage,abstract-negative,concrete-negative,ValenceMatchingOnly,NegativeMatch,AbstractMismatch,,0.04967649653553963,0.37874112,0.38382447
2755,failure,rust,abstract-negative,concrete-negative,ValenceMatchingOnly,NegativeMatch,AbstractMismatch,,0.06123051419854164,0.2960042,0.34596092
2756,failure,mold,abstract-negative,concrete-negative,ValenceMatchingOnly,NegativeMatch,AbstractMismatch,,0.06457224488258362,0.2681225,0.3129148
2757,failure,injury,abstract-negative,concrete-negative,ValenceMatchingOnly,NegativeMatch,AbstractMismatch,,0.14716124534606934,0.419468,0.3712162
2758,failure,stench,abstract-negative,concrete-negative,ValenceMatchingOnly,NegativeMatch,AbstractMismatch,,0.14186544716358185,0.2774592,0.31093335
2759,failure,filth,abstract-negative,concrete-negative,ValenceMatchingOnly,NegativeMatch,AbstractMismatch,,0.13332006335258484,0.25158787,0.3503839
2760,shame,smoke,abstract-negative,concrete-negative,ValenceMatchingOnly,NegativeMatch,AbstractMismatch,,0.09664987027645111,0.1840365,0.18169144
2761,shame,rot,abstract-negative,concrete-negative,ValenceMatchingOnly,NegativeMatch,AbstractMismatch,,0.3043115437030792,0.18508795,0.27299795
2762,shame,mud,abstract-negative,concrete-negative,ValenceMatchingOnly,NegativeMatch,AbstractMismatch,,0.16678236424922943,0.20722032,0.22805478
2763,shame,vomit,abstract-negative,concrete-negative,ValenceMatchingOnly,NegativeMatch,AbstractMismatch,,0.26626816391944885,0.1623846,0.2026636
2764,shame,garbage,abstract-negative,concrete-negative,ValenceMatchingOnly,NegativeMatch,AbstractMismatch,,0.1672224998474121,0.2241883,0.28334564
2765,shame,rust,abstract-negative,concrete-negative,ValenceMatchingOnly,NegativeMatch,AbstractMismatch,,0.12556135654449463,0.13558263,0.24200451
2766,shame,mold,abstract-negative,concrete-negative,ValenceMatchingOnly,NegativeMatch,AbstractMismatch,,0.05760221183300018,0.14589249,0.19226655
2767,shame,injury,abstract-negative,concrete-negative,ValenceMatchingOnly,NegativeMatch,AbstractMismatch,,0.13320201635360718,0.22367744,0.1855489
2768,shame,stench,abstract-negative,concrete-negative,ValenceMatchingOnly,NegativeMatch,AbstractMismatch,,0.30229195952415466,0.25570142,0.28199577
2769,shame,filth,abstract-negative,concrete-negative,ValenceMatchingOnly,NegativeMatch,AbstractMismatch,,0.35418981313705444,0.2786285,0.2771691
2770,envy,smoke,abstract-negative,concrete-negative,ValenceMatchingOnly,NegativeMatch,AbstractMismatch,,0.1661706268787384,0.25401124,0.24185166
2771,envy,rot,abstract-negative,concrete-negative,ValenceMatchingOnly,NegativeMatch,AbstractMismatch,,0.20623518526554108,0.19882292,0.26998264
2772,envy,mud,abstract-negative,concrete-negative,ValenceMatchingOnly,NegativeMatch,AbstractMismatch,,0.06994814425706863,0.20980778,0.17225991
2773,envy,vomit,abstract-negative,concrete-negative,ValenceMatchingOnly,NegativeMatch,AbstractMismatch,,0.21202261745929718,0.26212597,0.21095428
2774,envy,garbage,abstract-negative,concrete-negative,ValenceMatchingOnly,NegativeMatch,AbstractMismatch,,0.1635148823261261,0.13383682,0.27905375
2775,envy,rust,abstract-negative,concrete-negative,ValenceMatchingOnly,NegativeMatch,AbstractMismatch,,0.13111340999603271,0.1862825,0.22273427
2776,envy,mold,abstract-negative,concrete-negative,ValenceMatchingOnly,NegativeMatch,AbstractMismatch,,0.11510315537452698,0.22022827,0.28587818
2777,envy,injury,abstract-negative,concrete-negative,ValenceMatchingOnly,NegativeMatch,AbstractMismatch,,-0.016332928091287613,0.24912052,0.16108075
2778,envy,stench,abstract-negative,concrete-negative,ValenceMatchingOnly,NegativeMatch,AbstractMismatch,,0.1626712828874588,0.29806975,0.31972203
2779,envy,filth,abstract-negative,concrete-negative,ValenceMatchingOnly,NegativeMatch,AbstractMismatch,,0.24471746385097504,0.29936957,0.37169507
2780,sunshine,love,concrete-positive,abstract-positive,ValenceMatchingOnly,PositiveMatch,ConcreteMismatch,,0.20514123141765594,0.3467663,0.42709264
2781,sunshine,hope,concrete-positive,abstract-positive,ValenceMatchingOnly,PositiveMatch,ConcreteMismatch,,0.2585221529006958,0.14123796,0.24276692
2782,sunshine,joy,concrete-positive,abstract-positive,ValenceMatchingOnly,PositiveMatch,ConcreteMismatch,,0.28914621472358704,0.27790922,0.46900925
2783,sunshine,peace,concrete-positive,abstract-positive,ValenceMatchingOnly,PositiveMatch,ConcreteMismatch,,0.17789915204048157,0.33801323,0.3710069
2784,sunshine,freedom,concrete-positive,abstract-positive,ValenceMatchingOnly,PositiveMatch,ConcreteMismatch,,0.20781604945659637,0.22663502,0.4263107
2785,sunshine,kindness,concrete-positive,abstract-positive,ValenceMatchingOnly,PositiveMatch,ConcreteMismatch,,0.2192850261926651,0.28649086,0.39430344
2786,sunshine,happiness,concrete-positive,abstract-positive,ValenceMatchingOnly,PositiveMatch,ConcreteMismatch,,0.2713967263698578,0.4041622,0.5573734
2787,sunshine,compassion,concrete-positive,abstract-positive,ValenceMatchingOnly,PositiveMatch,ConcreteMismatch,,0.1631217747926712,0.34958786,0.3519168
2788,sunshine,gratitude,concrete-positive,abstract-positive,ValenceMatchingOnly,PositiveMatch,ConcreteMismatch,,0.1579495221376419,0.35458657,0.32787555
2789,sunshine,inspiration,concrete-positive,abstract-positive,ValenceMatchingOnly,PositiveMatch,ConcreteMismatch,,0.19361348450183868,0.23837943,0.3702036
2790,laughter,love,concrete-positive,abstract-positive,ValenceMatchingOnly,PositiveMatch,ConcreteMismatch,,0.3016693592071533,0.4473853,0.4984219
2791,laughter,hope,concrete-positive,abstract-positive,ValenceMatchingOnly,PositiveMatch,ConcreteMismatch,,0.19409748911857605,0.3864154,0.35153985
2792,laughter,joy,concrete-positive,abstract-positive,ValenceMatchingOnly,PositiveMatch,ConcreteMismatch,,0.4971259832382202,0.56971514,0.64728075
2793,laughter,peace,concrete-positive,abstract-positive,ValenceMatchingOnly,PositiveMatch,ConcreteMismatch,,0.13642768561840057,0.3785799,0.42090714
2794,laughter,freedom,concrete-positive,abstract-positive,ValenceMatchingOnly,PositiveMatch,ConcreteMismatch,,0.04426284506917,0.29283893,0.39834046
2795,laughter,kindness,concrete-positive,abstract-positive,ValenceMatchingOnly,PositiveMatch,ConcreteMismatch,,0.28483355045318604,0.24538448,0.47666964
2796,laughter,happiness,concrete-positive,abstract-positive,ValenceMatchingOnly,PositiveMatch,ConcreteMismatch,,0.3762070834636688,0.5597439,0.67799807
2797,laughter,compassion,concrete-positive,abstract-positive,ValenceMatchingOnly,PositiveMatch,ConcreteMismatch,,0.3286045491695404,0.38999733,0.49763566
2798,laughter,gratitude,concrete-positive,abstract-positive,ValenceMatchingOnly,PositiveMatch,ConcreteMismatch,,0.26700013875961304,0.41189927,0.34880263
2799,laughter,inspiration,concrete-positive,abstract-positive,ValenceMatchingOnly,PositiveMatch,ConcreteMismatch,,0.1924339234828949,0.28505182,0.3102815
2800,flowers,love,concrete-positive,abstract-positive,ValenceMatchingOnly,PositiveMatch,ConcreteMismatch,,0.28694096207618713,0.3623764,0.4452806
2801,flowers,hope,concrete-positive,abstract-positive,ValenceMatchingOnly,PositiveMatch,ConcreteMismatch,,0.17098106443881989,0.15050603,0.22972816
2802,flowers,joy,concrete-positive,abstract-positive,ValenceMatchingOnly,PositiveMatch,ConcreteMismatch,,0.19716230034828186,0.26090682,0.3375013
2803,flowers,peace,concrete-positive,abstract-positive,ValenceMatchingOnly,PositiveMatch,ConcreteMismatch,,0.15540796518325806,0.2865206,0.34924126
2804,flowers,freedom,concrete-positive,abstract-positive,ValenceMatchingOnly,PositiveMatch,ConcreteMismatch,,0.1053389236330986,0.16687101,0.2886275
2805,flowers,kindness,concrete-positive,abstract-positive,ValenceMatchingOnly,PositiveMatch,ConcreteMismatch,,0.3114790916442871,0.30747503,0.41601652
2806,flowers,happiness,concrete-positive,abstract-positive,ValenceMatchingOnly,PositiveMatch,ConcreteMismatch,,0.20063871145248413,0.3079117,0.42451295
2807,flowers,compassion,concrete-positive,abstract-positive,ValenceMatchingOnly,PositiveMatch,ConcreteMismatch,,0.1911637932062149,0.40835363,0.40650508
2808,flowers,gratitude,concrete-positive,abstract-positive,ValenceMatchingOnly,PositiveMatch,ConcreteMismatch,,0.24845530092716217,0.35358572,0.36286795
2809,flowers,inspiration,concrete-positive,abstract-positive,ValenceMatchingOnly,PositiveMatch,ConcreteMismatch,,0.1463085412979126,0.30173284,0.29599082
2810,music,love,concrete-positive,abstract-positive,ValenceMatchingOnly,PositiveMatch,ConcreteMismatch,,0.2724010944366455,0.37424508,0.4058314
2811,music,hope,concrete-positive,abstract-positive,ValenceMatchingOnly,PositiveMatch,ConcreteMismatch,,0.09831659495830536,0.21956803,0.2069326
2812,music,joy,concrete-positive,abstract-positive,ValenceMatchingOnly,PositiveMatch,ConcreteMismatch,,0.20154273509979248,0.3644861,0.31292534
2813,music,peace,concrete-positive,abstract-positive,ValenceMatchingOnly,PositiveMatch,ConcreteMismatch,,0.14431673288345337,0.37546128,0.28012872
2814,music,freedom,concrete-positive,abstract-positive,ValenceMatchingOnly,PositiveMatch,ConcreteMismatch,,0.1613142341375351,0.331304,0.35239193
2815,music,kindness,concrete-positive,abstract-positive,ValenceMatchingOnly,PositiveMatch,ConcreteMismatch,,0.08137476444244385,0.27681577,0.33264714
2816,music,happiness,concrete-positive,abstract-positive,ValenceMatchingOnly,PositiveMatch,ConcreteMismatch,,0.1542351096868515,0.40952408,0.42992702
2817,music,compassion,concrete-positive,abstract-positive,ValenceMatchingOnly,PositiveMatch,ConcreteMismatch,,0.06517086923122406,0.31159315,0.2826625
2818,music,gratitude,concrete-positive,abstract-positive,ValenceMatchingOnly,PositiveMatch,ConcreteMismatch,,0.09346634894609451,0.32969052,0.29066542
2819,music,inspiration,concrete-positive,abstract-positive,ValenceMatchingOnly,PositiveMatch,ConcreteMismatch,,0.18557487428188324,0.38134137,0.4157789
2820,beach,love,concrete-positive,abstract-positive,ValenceMatchingOnly,PositiveMatch,ConcreteMismatch,,0.11550970375537872,0.20207138,0.22798082
2821,beach,hope,concrete-positive,abstract-positive,ValenceMatchingOnly,PositiveMatch,ConcreteMismatch,,0.048307497054338455,0.14989686,0.123872966
2822,beach,joy,concrete-positive,abstract-positive,ValenceMatchingOnly,PositiveMatch,ConcreteMismatch,,0.06930521130561829,0.22709706,0.2741182
2823,beach,peace,concrete-positive,abstract-positive,ValenceMatchingOnly,PositiveMatch,ConcreteMismatch,,0.11135169118642807,0.28297457,0.24230269
2824,beach,freedom,concrete-positive,abstract-positive,ValenceMatchingOnly,PositiveMatch,ConcreteMismatch,,0.07626941800117493,0.22909565,0.22012448
2825,beach,kindness,concrete-positive,abstract-positive,ValenceMatchingOnly,PositiveMatch,ConcreteMismatch,,0.04314476624131203,0.16017468,0.13948047
2826,beach,happiness,concrete-positive,abstract-positive,ValenceMatchingOnly,PositiveMatch,ConcreteMismatch,,0.13348501920700073,0.2370291,0.2630431
2827,beach,compassion,concrete-positive,abstract-positive,ValenceMatchingOnly,PositiveMatch,ConcreteMismatch,,-0.009257142432034016,0.16917251,0.1529879
2828,beach,gratitude,concrete-positive,abstract-positive,ValenceMatchingOnly,PositiveMatch,ConcreteMismatch,,0.010896988213062286,0.181612,0.15756947
2829,beach,inspiration,concrete-positive,abstract-positive,ValenceMatchingOnly,PositiveMatch,ConcreteMismatch,,0.05459335073828697,0.2648445,0.17657682
2830,hug,love,concrete-positive,abstract-positive,ValenceMatchingOnly,PositiveMatch,ConcreteMismatch,,0.3415771722793579,0.52154016,0.5307403
2831,hug,hope,concrete-positive,abstract-positive,ValenceMatchingOnly,PositiveMatch,ConcreteMismatch,,0.22568902373313904,0.34258968,0.35643703
2832,hug,joy,concrete-positive,abstract-positive,ValenceMatchingOnly,PositiveMatch,ConcreteMismatch,,0.37027570605278015,0.45097065,0.424577
2833,hug,peace,concrete-positive,abstract-positive,ValenceMatchingOnly,PositiveMatch,ConcreteMismatch,,0.179240882396698,0.42419523,0.3849172
2834,hug,freedom,concrete-positive,abstract-positive,ValenceMatchingOnly,PositiveMatch,ConcreteMismatch,,0.1330559253692627,0.21167928,0.2133153
2835,hug,kindness,concrete-positive,abstract-positive,ValenceMatchingOnly,PositiveMatch,ConcreteMismatch,,0.3322603404521942,0.4829925,0.43058786
2836,hug,happiness,concrete-positive,abstract-positive,ValenceMatchingOnly,PositiveMatch,ConcreteMismatch,,0.2447531521320343,0.45009592,0.52658767
2837,hug,compassion,concrete-positive,abstract-positive,ValenceMatchingOnly,PositiveMatch,ConcreteMismatch,,0.2766626179218292,0.44085175,0.39750236
2838,hug,gratitude,concrete-positive,abstract-positive,ValenceMatchingOnly,PositiveMatch,ConcreteMismatch,,0.3260013163089752,0.49690065,0.3273189
2839,hug,inspiration,concrete-positive,abstract-positive,ValenceMatchingOnly,PositiveMatch,ConcreteMismatch,,0.2526862919330597,0.28438726,0.1504098
2840,home,love,concrete-positive,abstract-positive,ValenceMatchingOnly,PositiveMatch,ConcreteMismatch,,0.17418444156646729,0.33839428,0.2376711
2841,home,hope,concrete-positive,abstract-positive,ValenceMatchingOnly,PositiveMatch,ConcreteMismatch,,0.13021543622016907,0.31341875,0.22896841
2842,home,joy,concrete-positive,abstract-positive,ValenceMatchingOnly,PositiveMatch,ConcreteMismatch,,0.18958470225334167,0.32494557,0.31646344
2843,home,peace,concrete-positive,abstract-positive,ValenceMatchingOnly,PositiveMatch,ConcreteMismatch,,0.10719770938158035,0.3530852,0.34552848
2844,home,freedom,concrete-positive,abstract-positive,ValenceMatchingOnly,PositiveMatch,ConcreteMismatch,,0.1364481896162033,0.32891876,0.28017733
2845,home,kindness,concrete-positive,abstract-positive,ValenceMatchingOnly,PositiveMatch,ConcreteMismatch,,0.10230275243520737,0.28096944,0.17920384
2846,home,happiness,concrete-positive,abstract-positive,ValenceMatchingOnly,PositiveMatch,ConcreteMismatch,,0.1758660525083542,0.35048786,0.30489212
2847,home,compassion,concrete-positive,abstract-positive,ValenceMatchingOnly,PositiveMatch,ConcreteMismatch,,0.07571740448474884,0.28001046,0.21625876
2848,home,gratitude,concrete-positive,abstract-positive,ValenceMatchingOnly,PositiveMatch,ConcreteMismatch,,0.060647476464509964,0.26536602,0.2769973
2849,home,inspiration,concrete-positive,abstract-positive,ValenceMatchingOnly,PositiveMatch,ConcreteMismatch,,0.10721169412136078,0.3396181,0.24841917
2850,rain,love,concrete-positive,abstract-positive,ValenceMatchingOnly,PositiveMatch,ConcreteMismatch,,0.19805194437503815,0.32815552,0.33407548
2851,rain,hope,concrete-positive,abstract-positive,ValenceMatchingOnly,PositiveMatch,ConcreteMismatch,,0.12870390713214874,0.27030283,0.25013882
2852,rain,joy,concrete-positive,abstract-positive,ValenceMatchingOnly,PositiveMatch,ConcreteMismatch,,0.165053129196167,0.27645352,0.2588434
2853,rain,peace,concrete-positive,abstract-positive,ValenceMatchingOnly,PositiveMatch,ConcreteMismatch,,0.15453892946243286,0.34874502,0.21351522
2854,rain,freedom,concrete-positive,abstract-positive,ValenceMatchingOnly,PositiveMatch,ConcreteMismatch,,0.021362530067563057,0.29814088,0.20920728
2855,rain,kindness,concrete-positive,abstract-positive,ValenceMatchingOnly,PositiveMatch,ConcreteMismatch,,0.14549364149570465,0.21711312,0.28354782
2856,rain,happiness,concrete-positive,abstract-positive,ValenceMatchingOnly,PositiveMatch,ConcreteMismatch,,0.1493840515613556,0.29068637,0.28544948
2857,rain,compassion,concrete-positive,abstract-positive,ValenceMatchingOnly,PositiveMatch,ConcreteMismatch,,0.09705901890993118,0.29510048,0.17402494
2858,rain,gratitude,concrete-positive,abstract-positive,ValenceMatchingOnly,PositiveMatch,ConcreteMismatch,,0.06473898142576218,0.32536986,0.23400351
2859,rain,inspiration,concrete-positive,abstract-positive,ValenceMatchingOnly,PositiveMatch,ConcreteMismatch,,0.0785035565495491,0.27021384,0.28327447
2860,chocolate,love,concrete-positive,abstract-positive,ValenceMatchingOnly,PositiveMatch,ConcreteMismatch,,0.22985109686851501,0.37438548,0.38089842
2861,chocolate,hope,concrete-positive,abstract-positive,ValenceMatchingOnly,PositiveMatch,ConcreteMismatch,,0.09025004506111145,0.21891116,0.19825092
2862,chocolate,joy,concrete-positive,abstract-positive,ValenceMatchingOnly,PositiveMatch,ConcreteMismatch,,0.17440561950206757,0.30345017,0.40313545
2863,chocolate,peace,concrete-positive,abstract-positive,ValenceMatchingOnly,PositiveMatch,ConcreteMismatch,,0.17244772613048553,0.33104056,0.30022007
2864,chocolate,freedom,concrete-positive,abstract-positive,ValenceMatchingOnly,PositiveMatch,ConcreteMismatch,,0.11008299142122269,0.27360353,0.361488
2865,chocolate,kindness,concrete-positive,abstract-positive,ValenceMatchingOnly,PositiveMatch,ConcreteMismatch,,0.18070805072784424,0.30445197,0.33999866
2866,chocolate,happiness,concrete-positive,abstract-positive,ValenceMatchingOnly,PositiveMatch,ConcreteMismatch,,0.2651228904724121,0.38771695,0.46626592
2867,chocolate,compassion,concrete-positive,abstract-positive,ValenceMatchingOnly,PositiveMatch,ConcreteMismatch,,0.1327357441186905,0.2817959,0.3436478
2868,chocolate,gratitude,concrete-positive,abstract-positive,ValenceMatchingOnly,PositiveMatch,ConcreteMismatch,,0.05694695934653282,0.35618335,0.27154922
2869,chocolate,inspiration,concrete-positive,abstract-positive,ValenceMatchingOnly,PositiveMatch,ConcreteMismatch,,0.061403270810842514,0.25574756,0.28033003
2870,fireplace,love,concrete-positive,abstract-positive,ValenceMatchingOnly,PositiveMatch,ConcreteMismatch,,0.1447807252407074,0.27595592,0.22754502
2871,fireplace,hope,concrete-positive,abstract-positive,ValenceMatchingOnly,PositiveMatch,ConcreteMismatch,,0.022213637828826904,0.2048297,0.15318957
2872,fireplace,joy,concrete-positive,abstract-positive,ValenceMatchingOnly,PositiveMatch,ConcreteMismatch,,0.08284768462181091,0.2553949,0.23670554
2873,fireplace,peace,concrete-positive,abstract-positive,ValenceMatchingOnly,PositiveMatch,ConcreteMismatch,,0.037788961082696915,0.25087154,0.20219195
2874,fireplace,freedom,concrete-positive,abstract-positive,ValenceMatchingOnly,PositiveMatch,ConcreteMismatch,,0.037819717079401016,0.18349984,0.19879086
2875,fireplace,kindness,concrete-positive,abstract-positive,ValenceMatchingOnly,PositiveMatch,ConcreteMismatch,,0.04581641033291817,0.16677585,0.19397761
2876,fireplace,happiness,concrete-positive,abstract-positive,ValenceMatchingOnly,PositiveMatch,ConcreteMismatch,,0.06401718407869339,0.250367,0.252473
2877,fireplace,compassion,concrete-positive,abstract-positive,ValenceMatchingOnly,PositiveMatch,ConcreteMismatch,,0.04177256301045418,0.17173147,0.22180873
2878,fireplace,gratitude,concrete-positive,abstract-positive,ValenceMatchingOnly,PositiveMatch,ConcreteMismatch,,0.025906862691044807,0.187993,0.24561173
2879,fireplace,inspiration,concrete-positive,abstract-positive,ValenceMatchingOnly,PositiveMatch,ConcreteMismatch,,0.07778587192296982,0.29588118,0.2739265
2880,compassion,beach,noun-positive,noun-postiive,ConceptualMatchingOnly,PositiveMismatch,ConceptualMatch:noun,,-0.009257142432034016,0.16917251,0.1529879
2881,compassion,chocolate,noun-positive,noun-postiive,ConceptualMatchingOnly,PositiveMismatch,ConceptualMatch:noun,,0.1327357441186905,0.2817959,0.3436478
2882,compassion,fireplace,noun-positive,noun-postiive,ConceptualMatchingOnly,PositiveMismatch,ConceptualMatch:noun,,0.04177256301045418,0.17173147,0.22180873
2883,compassion,flowers,noun-positive,noun-postiive,ConceptualMatchingOnly,PositiveMismatch,ConceptualMatch:noun,,0.1911637932062149,0.40835363,0.40650508
2884,compassion,home,noun-positive,noun-postiive,ConceptualMatchingOnly,PositiveMismatch,ConceptualMatch:noun,,0.07571740448474884,0.28001046,0.21625876
2885,freedom,beach,noun-positive,noun-postiive,ConceptualMatchingOnly,PositiveMismatch,ConceptualMatch:noun,,0.07626941800117493,0.22909565,0.22012448
2886,freedom,chocolate,noun-positive,noun-postiive,ConceptualMatchingOnly,PositiveMismatch,ConceptualMatch:noun,,0.11008299142122269,0.27360353,0.361488
2887,freedom,fireplace,noun-positive,noun-postiive,ConceptualMatchingOnly,PositiveMismatch,ConceptualMatch:noun,,0.037819717079401016,0.18349984,0.19879086
2888,freedom,flowers,noun-positive,noun-postiive,ConceptualMatchingOnly,PositiveMismatch,ConceptualMatch:noun,,0.1053389236330986,0.16687101,0.2886275
2889,freedom,home,noun-positive,noun-postiive,ConceptualMatchingOnly,PositiveMismatch,ConceptualMatch:noun,,0.1364481896162033,0.32891876,0.28017733
2890,gratitude,beach,noun-positive,noun-postiive,ConceptualMatchingOnly,PositiveMismatch,ConceptualMatch:noun,,0.010896988213062286,0.181612,0.15756947
2891,gratitude,chocolate,noun-positive,noun-postiive,ConceptualMatchingOnly,PositiveMismatch,ConceptualMatch:noun,,0.05694695934653282,0.35618335,0.27154922
2892,gratitude,fireplace,noun-positive,noun-postiive,ConceptualMatchingOnly,PositiveMismatch,ConceptualMatch:noun,,0.025906862691044807,0.187993,0.24561173
2893,gratitude,flowers,noun-positive,noun-postiive,ConceptualMatchingOnly,PositiveMismatch,ConceptualMatch:noun,,0.24845530092716217,0.35358572,0.36286795
2894,gratitude,home,noun-positive,noun-postiive,ConceptualMatchingOnly,PositiveMismatch,ConceptualMatch:noun,,0.060647476464509964,0.26536602,0.2769973
2895,inspiration,beach,noun-positive,noun-postiive,ConceptualMatchingOnly,PositiveMismatch,ConceptualMatch:noun,,0.05459335073828697,0.2648445,0.17657682
2896,inspiration,chocolate,noun-positive,noun-postiive,ConceptualMatchingOnly,PositiveMismatch,ConceptualMatch:noun,,0.061403270810842514,0.25574756,0.28033003
2897,inspiration,fireplace,noun-positive,noun-postiive,ConceptualMatchingOnly,PositiveMismatch,ConceptualMatch:noun,,0.07778587192296982,0.29588118,0.2739265
2898,inspiration,flowers,noun-positive,noun-postiive,ConceptualMatchingOnly,PositiveMismatch,ConceptualMatch:noun,,0.1463085412979126,0.30173284,0.29599082
2899,inspiration,home,noun-positive,noun-postiive,ConceptualMatchingOnly,PositiveMismatch,ConceptualMatch:noun,,0.10721169412136078,0.3396181,0.24841917
2900,kindness,beach,noun-positive,noun-postiive,ConceptualMatchingOnly,PositiveMismatch,ConceptualMatch:noun,,0.04314476624131203,0.16017468,0.13948047
2901,kindness,chocolate,noun-positive,noun-postiive,ConceptualMatchingOnly,PositiveMismatch,ConceptualMatch:noun,,0.18070805072784424,0.30445197,0.33999866
2902,kindness,fireplace,noun-positive,noun-postiive,ConceptualMatchingOnly,PositiveMismatch,ConceptualMatch:noun,,0.04581641033291817,0.16677585,0.19397761
2903,kindness,flowers,noun-positive,noun-postiive,ConceptualMatchingOnly,PositiveMismatch,ConceptualMatch:noun,,0.3114790916442871,0.30747503,0.41601652
2904,kindness,home,noun-positive,noun-postiive,ConceptualMatchingOnly,PositiveMismatch,ConceptualMatch:noun,,0.10230275243520737,0.28096944,0.17920384
2905,admire,glide,verb-positive,verb-postiive,ConceptualMatchingOnly,PositiveMismatch,ConceptualMatch:verb,,0.2631632387638092,0.2768955,0.17972279
2906,admire,breathe,verb-positive,verb-postiive,ConceptualMatchingOnly,PositiveMismatch,ConceptualMatch:verb,,0.22082117199897766,0.30221012,0.3161212
2907,admire,glisten,verb-positive,verb-postiive,ConceptualMatchingOnly,PositiveMismatch,ConceptualMatch:verb,,0.20158343017101288,0.19523677,0.1861417
2908,admire,eat,verb-positive,verb-postiive,ConceptualMatchingOnly,PositiveMismatch,ConceptualMatch:verb,,0.24654047191143036,0.31570014,0.31012738
2909,admire,running,verb-positive,verb-postiive,ConceptualMatchingOnly,PositiveMismatch,ConceptualMatch:verb,,0.09178933501243591,0.2786337,0.14124763
2910,cherish,glide,verb-positive,verb-postiive,ConceptualMatchingOnly,PositiveMismatch,ConceptualMatch:verb,,0.13218536972999573,0.27067134,0.21151005
2911,cherish,breathe,verb-positive,verb-postiive,ConceptualMatchingOnly,PositiveMismatch,ConceptualMatch:verb,,0.2286294400691986,0.22981983,0.26012918
2912,cherish,glisten,verb-positive,verb-postiive,ConceptualMatchingOnly,PositiveMismatch,ConceptualMatch:verb,,0.2520434260368347,0.28619295,0.34298003
2913,cherish,eat,verb-positive,verb-postiive,ConceptualMatchingOnly,PositiveMismatch,ConceptualMatch:verb,,0.28494992852211,0.24255115,0.29610008
2914,cherish,running,verb-positive,verb-postiive,ConceptualMatchingOnly,PositiveMismatch,ConceptualMatch:verb,,0.035493820905685425,0.17867088,0.15540552
2915,enlighten,glide,verb-positive,verb-postiive,ConceptualMatchingOnly,PositiveMismatch,ConceptualMatch:verb,,0.0902368351817131,0.18411624,0.15194319
2916,enlighten,breathe,verb-positive,verb-postiive,ConceptualMatchingOnly,PositiveMismatch,ConceptualMatch:verb,,0.1702336072921753,0.23120776,0.22650996
2917,enlighten,glisten,verb-positive,verb-postiive,ConceptualMatchingOnly,PositiveMismatch,ConceptualMatch:verb,,0.19985468685626984,0.2734564,0.36098915
2918,enlighten,eat,verb-positive,verb-postiive,ConceptualMatchingOnly,PositiveMismatch,ConceptualMatch:verb,,0.16712313890457153,0.20526624,0.30435508
2919,enlighten,running,verb-positive,verb-postiive,ConceptualMatchingOnly,PositiveMismatch,ConceptualMatch:verb,,-0.05390319228172302,0.2123295,0.13507381
2920,fulfill,glide,verb-positive,verb-postiive,ConceptualMatchingOnly,PositiveMismatch,ConceptualMatch:verb,,0.03606712445616722,0.34645656,0.09250198
2921,fulfill,breathe,verb-positive,verb-postiive,ConceptualMatchingOnly,PositiveMismatch,ConceptualMatch:verb,,0.2071315497159958,0.3178971,0.2024903
2922,fulfill,glisten,verb-positive,verb-postiive,ConceptualMatchingOnly,PositiveMismatch,ConceptualMatch:verb,,0.07206062227487564,0.19678442,0.24286021
2923,fulfill,eat,verb-positive,verb-postiive,ConceptualMatchingOnly,PositiveMismatch,ConceptualMatch:verb,,0.1354086697101593,0.41001865,0.39585224
2924,fulfill,running,verb-positive,verb-postiive,ConceptualMatchingOnly,PositiveMismatch,ConceptualMatch:verb,,0.04133298248052597,0.30930424,0.15820828
2925,imagine,glide,verb-positive,verb-postiive,ConceptualMatchingOnly,PositiveMismatch,ConceptualMatch:verb,,0.1935368925333023,0.2429389,0.1875998
2926,imagine,breathe,verb-positive,verb-postiive,ConceptualMatchingOnly,PositiveMismatch,ConceptualMatch:verb,,0.31589439511299133,0.3177653,0.36534396
2927,imagine,glisten,verb-positive,verb-postiive,ConceptualMatchingOnly,PositiveMismatch,ConceptualMatch:verb,,0.12044119089841843,0.17667669,0.26825702
2928,imagine,eat,verb-positive,verb-postiive,ConceptualMatchingOnly,PositiveMismatch,ConceptualMatch:verb,,0.2322326898574829,0.19505727,0.29215154
2929,imagine,running,verb-positive,verb-postiive,ConceptualMatchingOnly,PositiveMismatch,ConceptualMatch:verb,,0.09575135260820389,0.26998112,0.18990692
2930,toxin,garbage,noun-negative,noun-negative,MaxMatch,NegativeMatch,NounMatch,,0.17458707094192505,0.3138855,0.228284
2931,toxin,mud,noun-negative,noun-negative,MaxMatch,NegativeMatch,NounMatch,,0.16828064620494843,0.26576307,0.33281863
2932,toxin,corpse,noun-negative,noun-negative,MaxMatch,NegativeMatch,NounMatch,,0.2105148881673813,0.35936216,0.34462386
2933,toxin,slave,noun-negative,noun-negative,MaxMatch,NegativeMatch,NounMatch,,0.03690192475914955,0.10855774,0.19373296
2934,toxin,terror,noun-negative,noun-negative,MaxMatch,NegativeMatch,NounMatch,,0.14307266473770142,0.3101289,0.4433016
2935,toxin,hatred,noun-negative,noun-negative,MaxMatch,NegativeMatch,NounMatch,,0.18982146680355072,0.33856076,0.29342675
2936,toxin,anxiety,noun-negative,noun-negative,MaxMatch,NegativeMatch,NounMatch,,0.1992238163948059,0.39842445,0.2997213
2937,toxin,failure,noun-negative,noun-negative,MaxMatch,NegativeMatch,NounMatch,,0.03995473310351372,0.23776057,0.27640733
2938,toxin,grief,noun-negative,noun-negative,MaxMatch,NegativeMatch,NounMatch,,0.125860333442688,0.3161372,0.29129997
2939,garbage,mud,noun-negative,noun-negative,MaxMatch,NegativeMatch,NounMatch,,0.2994995713233948,0.38179207,0.30948967
2940,garbage,corpse,noun-negative,noun-negative,MaxMatch,NegativeMatch,NounMatch,,0.318164199590683,0.48212272,0.41973743
2941,garbage,slave,noun-negative,noun-negative,MaxMatch,NegativeMatch,NounMatch,,0.068868488073349,0.23121092,0.29088688
2942,garbage,terror,noun-negative,noun-negative,MaxMatch,NegativeMatch,NounMatch,,0.03807123005390167,0.3112558,0.24056439
2943,garbage,hatred,noun-negative,noun-negative,MaxMatch,NegativeMatch,NounMatch,,0.1431223750114441,0.36643955,0.30730772
2944,garbage,anxiety,noun-negative,noun-negative,MaxMatch,NegativeMatch,NounMatch,,0.04549789801239967,0.20494795,0.15505618
2945,garbage,failure,noun-negative,noun-negative,MaxMatch,NegativeMatch,NounMatch,,0.04967649653553963,0.37874112,0.38382447
2946,garbage,grief,noun-negative,noun-negative,MaxMatch,NegativeMatch,NounMatch,,0.14561064541339874,0.2989937,0.37445244
2947,mud,corpse,noun-negative,noun-negative,MaxMatch,NegativeMatch,NounMatch,,0.26373594999313354,0.4425958,0.29637218
2948,mud,slave,noun-negative,noun-negative,MaxMatch,NegativeMatch,NounMatch,,0.04828721657395363,0.24073257,0.16988961
2949,mud,terror,noun-negative,noun-negative,MaxMatch,NegativeMatch,NounMatch,,0.007091740146279335,0.32075822,0.22574791
2950,mud,hatred,noun-negative,noun-negative,MaxMatch,NegativeMatch,NounMatch,,0.07418731600046158,0.27149782,0.2575241
2951,mud,anxiety,noun-negative,noun-negative,MaxMatch,NegativeMatch,NounMatch,,0.0791073814034462,0.2635962,0.18539691
2952,mud,failure,noun-negative,noun-negative,MaxMatch,NegativeMatch,NounMatch,,0.024075854569673538,0.28468025,0.23563436
2953,mud,grief,noun-negative,noun-negative,MaxMatch,NegativeMatch,NounMatch,,0.14323736727237701,0.28406495,0.31199113
2954,corpse,slave,noun-negative,noun-negative,MaxMatch,NegativeMatch,NounMatch,,0.2066410481929779,0.38355938,0.32426512
2955,corpse,terror,noun-negative,noun-negative,MaxMatch,NegativeMatch,NounMatch,,0.052438266575336456,0.36375314,0.2783808
2956,corpse,hatred,noun-negative,noun-negative,MaxMatch,NegativeMatch,NounMatch,,0.09281869232654572,0.30788025,0.15636276
2957,corpse,anxiety,noun-negative,noun-negative,MaxMatch,NegativeMatch,NounMatch,,0.055550914257764816,0.27648985,0.18913864
2958,corpse,failure,noun-negative,noun-negative,MaxMatch,NegativeMatch,NounMatch,,0.06507105380296707,0.34156767,0.27241653
2959,corpse,grief,noun-negative,noun-negative,MaxMatch,NegativeMatch,NounMatch,,0.1570327877998352,0.44657218,0.5259963
2960,slave,terror,noun-negative,noun-negative,MaxMatch,NegativeMatch,NounMatch,,0.12285728007555008,0.2966342,0.30464137
2961,slave,hatred,noun-negative,noun-negative,MaxMatch,NegativeMatch,NounMatch,,0.16682343184947968,0.31521603,0.21834666
2962,slave,anxiety,noun-negative,noun-negative,MaxMatch,NegativeMatch,NounMatch,,0.10862090438604355,0.20059581,0.23549381
2963,slave,failure,noun-negative,noun-negative,MaxMatch,NegativeMatch,NounMatch,,0.07418820261955261,0.28372464,0.27174103
2964,slave,grief,noun-negative,noun-negative,MaxMatch,NegativeMatch,NounMatch,,0.037430424243211746,0.22012858,0.23282222
2965,terror,hatred,noun-negative,noun-negative,MaxMatch,NegativeMatch,NounMatch,,0.3421412408351898,0.48993325,0.56252676
2966,terror,anxiety,noun-negative,noun-negative,MaxMatch,NegativeMatch,NounMatch,,0.2395615130662918,0.52622694,0.5316969
2967,terror,failure,noun-negative,noun-negative,MaxMatch,NegativeMatch,NounMatch,,0.14451681077480316,0.31621552,0.36830887
2968,terror,grief,noun-negative,noun-negative,MaxMatch,NegativeMatch,NounMatch,,0.2187497615814209,0.3591619,0.46707827
2969,hatred,anxiety,noun-negative,noun-negative,MaxMatch,NegativeMatch,NounMatch,,0.377512663602829,0.36669433,0.4112782
2970,hatred,failure,noun-negative,noun-negative,MaxMatch,NegativeMatch,NounMatch,,0.12222321331501007,0.35466182,0.39612162
2971,hatred,grief,noun-negative,noun-negative,MaxMatch,NegativeMatch,NounMatch,,0.40326347947120667,0.4886248,0.430494
2972,anxiety,failure,noun-negative,noun-negative,MaxMatch,NegativeMatch,NounMatch,,0.13688893616199493,0.29546726,0.3111895
2973,anxiety,grief,noun-negative,noun-negative,MaxMatch,NegativeMatch,NounMatch,,0.4902114272117615,0.34078544,0.45917147
2974,failure,grief,noun-negative,noun-negative,MaxMatch,NegativeMatch,NounMatch,,0.07109948992729187,0.49439642,0.42192858
2975,choke,fester,verb-negative,verb-negative,MaxMatch,NegativeMatch,VerbMatch,,0.14761506021022797,0.23315787,0.28845924
2976,choke,writhe,verb-negative,verb-negative,MaxMatch,NegativeMatch,VerbMatch,,0.2877908945083618,0.2458579,0.24626851
2977,choke,bleed,verb-negative,verb-negative,MaxMatch,NegativeMatch,VerbMatch,,0.46397435665130615,0.44490707,0.3666385
2978,choke,stab,verb-negative,verb-negative,MaxMatch,NegativeMatch,VerbMatch,,0.26361873745918274,0.3259343,0.36953703
2979,choke,befall,verb-negative,verb-negative,MaxMatch,NegativeMatch,VerbMatch,,0.16240371763706207,0.19828227,0.2060583
2980,choke,criticize,verb-negative,verb-negative,MaxMatch,NegativeMatch,VerbMatch,,0.18856634199619293,0.23030035,0.2527114
2981,choke,exploit,verb-negative,verb-negative,MaxMatch,NegativeMatch,VerbMatch,,0.18260468542575836,0.28293824,0.25290853
2982,choke,resent,verb-negative,verb-negative,MaxMatch,NegativeMatch,VerbMatch,,0.17289482057094574,0.24699937,0.16930375
2983,choke,obsess,verb-negative,verb-negative,MaxMatch,NegativeMatch,VerbMatch,,0.16698820888996124,0.37856853,0.28371292
2984,fester,writhe,verb-negative,verb-negative,MaxMatch,NegativeMatch,VerbMatch,,0.2542511820793152,0.23557669,0.31037515
2985,fester,bleed,verb-negative,verb-negative,MaxMatch,NegativeMatch,VerbMatch,,0.3610253632068634,0.28662178,0.38782895
2986,fester,stab,verb-negative,verb-negative,MaxMatch,NegativeMatch,VerbMatch,,0.06993328034877777,0.13258177,0.28551146
2987,fester,befall,verb-negative,verb-negative,MaxMatch,NegativeMatch,VerbMatch,,0.30372533202171326,0.23125026,0.2316668
2988,fester,criticize,verb-negative,verb-negative,MaxMatch,NegativeMatch,VerbMatch,,0.20198214054107666,0.19152053,0.20021108
2989,fester,exploit,verb-negative,verb-negative,MaxMatch,NegativeMatch,VerbMatch,,0.27109602093696594,0.14064425,0.19444421
2990,fester,resent,verb-negative,verb-negative,MaxMatch,NegativeMatch,VerbMatch,,0.21526269614696503,0.22524267,0.2819085
2991,fester,obsess,verb-negative,verb-negative,MaxMatch,NegativeMatch,VerbMatch,,0.2835972309112549,0.20343061,0.2535301
2992,writhe,bleed,verb-negative,verb-negative,MaxMatch,NegativeMatch,VerbMatch,,0.38456663489341736,0.41987294,0.3153073
2993,writhe,stab,verb-negative,verb-negative,MaxMatch,NegativeMatch,VerbMatch,,0.19630524516105652,0.3058738,0.2638579
2994,writhe,befall,verb-negative,verb-negative,MaxMatch,NegativeMatch,VerbMatch,,0.26335999369621277,0.31314778,0.28163856
2995,writhe,criticize,verb-negative,verb-negative,MaxMatch,NegativeMatch,VerbMatch,,0.12493208050727844,0.20325628,0.30435485
2996,writhe,exploit,verb-negative,verb-negative,MaxMatch,NegativeMatch,VerbMatch,,0.18576495349407196,0.2453284,0.22212294
2997,writhe,resent,verb-negative,verb-negative,MaxMatch,NegativeMatch,VerbMatch,,0.17737506330013275,0.3544373,0.27328855
2998,writhe,obsess,verb-negative,verb-negative,MaxMatch,NegativeMatch,VerbMatch,,0.3307212293148041,0.35148257,0.2672633
2999,bleed,stab,verb-negative,verb-negative,MaxMatch,NegativeMatch,VerbMatch,,0.2960246205329895,0.27671394,0.29830372
3000,bleed,befall,verb-negative,verb-negative,MaxMatch,NegativeMatch,VerbMatch,,0.16123853623867035,0.34051627,0.27378964
3001,bleed,criticize,verb-negative,verb-negative,MaxMatch,NegativeMatch,VerbMatch,,0.18374410271644592,0.16269319,0.23909302
3002,bleed,exploit,verb-negative,verb-negative,MaxMatch,NegativeMatch,VerbMatch,,0.20807792246341705,0.16070224,0.30643797
3003,bleed,resent,verb-negative,verb-negative,MaxMatch,NegativeMatch,VerbMatch,,0.20190489292144775,0.31145713,0.24463761
3004,bleed,obsess,verb-negative,verb-negative,MaxMatch,NegativeMatch,VerbMatch,,0.32954710721969604,0.30836186,0.29868898
3005,stab,befall,verb-negative,verb-negative,MaxMatch,NegativeMatch,VerbMatch,,0.10067448019981384,0.32178998,0.15670405
3006,stab,criticize,verb-negative,verb-negative,MaxMatch,NegativeMatch,VerbMatch,,0.21764275431632996,0.19634828,0.26769817
3007,stab,exploit,verb-negative,verb-negative,MaxMatch,NegativeMatch,VerbMatch,,0.09967413544654846,0.339648,0.29198036
3008,stab,resent,verb-negative,verb-negative,MaxMatch,NegativeMatch,VerbMatch,,0.1280869096517563,0.25372684,0.21594676
3009,stab,obsess,verb-negative,verb-negative,MaxMatch,NegativeMatch,VerbMatch,,0.09874742478132248,0.17028373,0.18427145
3010,befall,criticize,verb-negative,verb-negative,MaxMatch,NegativeMatch,VerbMatch,,0.11359024047851562,0.20292145,0.23291054
3011,befall,exploit,verb-negative,verb-negative,MaxMatch,NegativeMatch,VerbMatch,,0.258736789226532,0.26881966,0.20169103
3012,befall,resent,verb-negative,verb-negative,MaxMatch,NegativeMatch,VerbMatch,,0.15438693761825562,0.28345424,0.21856128
3013,befall,obsess,verb-negative,verb-negative,MaxMatch,NegativeMatch,VerbMatch,,0.2479192614555359,0.231406,0.22349045
3014,criticize,exploit,verb-negative,verb-negative,MaxMatch,NegativeMatch,VerbMatch,,0.25064730644226074,0.1966894,0.31691462
3015,criticize,resent,verb-negative,verb-negative,MaxMatch,NegativeMatch,VerbMatch,,0.47178587317466736,0.2141158,0.37185156
3016,criticize,obsess,verb-negative,verb-negative,MaxMatch,NegativeMatch,VerbMatch,,0.3421121835708618,0.33083153,0.39309973
3017,exploit,resent,verb-negative,verb-negative,MaxMatch,NegativeMatch,VerbMatch,,0.17344486713409424,0.15313624,0.23375244
3018,exploit,obsess,verb-negative,verb-negative,MaxMatch,NegativeMatch,VerbMatch,,0.16020672023296356,0.27548695,0.23175886
3019,resent,obsess,verb-negative,verb-negative,MaxMatch,NegativeMatch,VerbMatch,,0.3685333728790283,0.1356669,0.18025228
3020,compassion,freedom,noun-positive,noun-positive,MaxMatch,PositiveMatch,NounMatch,,0.28083014488220215,0.37321845,0.44990012
3021,compassion,gratitude,noun-positive,noun-positive,MaxMatch,PositiveMatch,NounMatch,,0.5533902049064636,0.51176953,0.457987
3022,compassion,inspiration,noun-positive,noun-positive,MaxMatch,PositiveMatch,NounMatch,,0.2884500026702881,0.36265483,0.35710016
3023,compassion,kindness,noun-positive,noun-positive,MaxMatch,PositiveMatch,NounMatch,,0.7420227527618408,0.6123523,0.692495
3024,freedom,gratitude,noun-positive,noun-positive,MaxMatch,PositiveMatch,NounMatch,,0.2429121732711792,0.28933442,0.30389783
3025,freedom,inspiration,noun-positive,noun-positive,MaxMatch,PositiveMatch,NounMatch,,0.22963577508926392,0.33080783,0.4038334
3026,freedom,kindness,noun-positive,noun-positive,MaxMatch,PositiveMatch,NounMatch,,0.22576524317264557,0.3037569,0.40319967
3027,gratitude,inspiration,noun-positive,noun-positive,MaxMatch,PositiveMatch,NounMatch,,0.3000147044658661,0.37885028,0.3816359
3028,gratitude,kindness,noun-positive,noun-positive,MaxMatch,PositiveMatch,NounMatch,,0.5677070617675781,0.6123311,0.5443671
3029,inspiration,kindness,noun-positive,noun-positive,MaxMatch,PositiveMatch,NounMatch,,0.34666740894317627,0.38145086,0.3314969
3030,admire,cherish,verb-positive,verb-positive,MaxMatch,PositiveMatch,VerbMatch,,0.44756901264190674,0.36377406,0.38484478
3031,admire,enlighten,verb-positive,verb-positive,MaxMatch,PositiveMatch,VerbMatch,,0.2487061619758606,0.2923719,0.2809432
3032,admire,fulfill,verb-positive,verb-positive,MaxMatch,PositiveMatch,VerbMatch,,0.13876990973949432,0.38507065,0.26518565
3033,admire,imagine,verb-positive,verb-positive,MaxMatch,PositiveMatch,VerbMatch,,0.3561934232711792,0.302584,0.31564415
3034,cherish,enlighten,verb-positive,verb-positive,MaxMatch,PositiveMatch,VerbMatch,,0.254953533411026,0.22873731,0.30763838
3035,cherish,fulfill,verb-positive,verb-positive,MaxMatch,PositiveMatch,VerbMatch,,0.22089290618896484,0.30301347,0.36791652
3036,cherish,imagine,verb-positive,verb-positive,MaxMatch,PositiveMatch,VerbMatch,,0.23148410022258759,0.22681463,0.21149671
3037,enlighten,fulfill,verb-positive,verb-positive,MaxMatch,PositiveMatch,VerbMatch,,0.2831318974494934,0.224608,0.34680876
3038,enlighten,imagine,verb-positive,verb-positive,MaxMatch,PositiveMatch,VerbMatch,,0.20196698606014252,0.3196547,0.2967479
3039,fulfill,imagine,verb-positive,verb-positive,MaxMatch,PositiveMatch,VerbMatch,,0.1426963359117508,0.3247891,0.30705225
3040,admire,beach,verb-positive,noun-postiive,MaxMismatch,PositiveMismatch,VerbMismatch,,0.08507192134857178,0.13533509,0.09302448
3041,admire,chocolate,verb-positive,noun-postiive,MaxMismatch,PositiveMismatch,VerbMismatch,,0.09840454161167145,0.23519433,0.14973354
3042,admire,fireplace,verb-positive,noun-postiive,MaxMismatch,PositiveMismatch,VerbMismatch,,0.10811510682106018,0.16317514,0.2004969
3043,admire,flowers,verb-positive,noun-postiive,MaxMismatch,PositiveMismatch,VerbMismatch,,0.23869094252586365,0.30116367,0.27990866
3044,admire,home,verb-positive,noun-postiive,MaxMismatch,PositiveMismatch,VerbMismatch,,0.049354977905750275,0.22473855,0.12311287
3045,admire,glide,verb-positive,verb-postiive,MaxMismatch,PositiveMismatch,VerbMismatch,,0.2631632387638092,0.2768955,0.17972279
3046,admire,breathe,verb-positive,verb-postiive,MaxMismatch,PositiveMismatch,VerbMismatch,,0.22082117199897766,0.30221012,0.3161212
3047,admire,glisten,verb-positive,verb-postiive,MaxMismatch,PositiveMismatch,VerbMismatch,,0.20158343017101288,0.19523677,0.1861417
3048,admire,eat,verb-positive,verb-postiive,MaxMismatch,PositiveMismatch,VerbMismatch,,0.24654047191143036,0.31570014,0.31012738
3049,admire,running,verb-positive,verb-postiive,MaxMismatch,PositiveMismatch,VerbMismatch,,0.09178933501243591,0.2786337,0.14124763
3050,cherish,beach,verb-positive,noun-postiive,MaxMismatch,PositiveMismatch,VerbMismatch,,0.10317632555961609,0.22549655,0.13075022
3051,cherish,chocolate,verb-positive,noun-postiive,MaxMismatch,PositiveMismatch,VerbMismatch,,0.08627431094646454,0.34016275,0.3272409
3052,cherish,fireplace,verb-positive,noun-postiive,MaxMismatch,PositiveMismatch,VerbMismatch,,0.11043436080217361,0.15030442,0.21814391
3053,cherish,flowers,verb-positive,noun-postiive,MaxMismatch,PositiveMismatch,VerbMismatch,,0.2601557672023773,0.33689559,0.37050676
3054,cherish,home,verb-positive,noun-postiive,MaxMismatch,PositiveMismatch,VerbMismatch,,0.22486338019371033,0.19899352,0.20908816
3055,cherish,glide,verb-positive,verb-postiive,MaxMismatch,PositiveMismatch,VerbMismatch,,0.13218536972999573,0.27067134,0.21151005
3056,cherish,breathe,verb-positive,verb-postiive,MaxMismatch,PositiveMismatch,VerbMismatch,,0.2286294400691986,0.22981983,0.26012918
3057,cherish,glisten,verb-positive,verb-postiive,MaxMismatch,PositiveMismatch,VerbMismatch,,0.2520434260368347,0.28619295,0.34298003
3058,cherish,eat,verb-positive,verb-postiive,MaxMismatch,PositiveMismatch,VerbMismatch,,0.28494992852211,0.24255115,0.29610008
3059,cherish,running,verb-positive,verb-postiive,MaxMismatch,PositiveMismatch,VerbMismatch,,0.035493820905685425,0.17867088,0.15540552
3060,enlighten,beach,verb-positive,noun-postiive,MaxMismatch,PositiveMismatch,VerbMismatch,,0.04323386400938034,0.10633807,0.1409106
3061,enlighten,chocolate,verb-positive,noun-postiive,MaxMismatch,PositiveMismatch,VerbMismatch,,0.04317022114992142,0.15499534,0.16245133
3062,enlighten,fireplace,verb-positive,noun-postiive,MaxMismatch,PositiveMismatch,VerbMismatch,,0.04042669013142586,0.14258456,0.13822949
3063,enlighten,flowers,verb-positive,noun-postiive,MaxMismatch,PositiveMismatch,VerbMismatch,,-0.0019514573505148292,0.17730047,0.18232928
3064,enlighten,home,verb-positive,noun-postiive,MaxMismatch,PositiveMismatch,VerbMismatch,,-0.04870957136154175,0.24571362,0.16690096
3065,enlighten,glide,verb-positive,verb-postiive,MaxMismatch,PositiveMismatch,VerbMismatch,,0.0902368351817131,0.18411624,0.15194319
3066,enlighten,breathe,verb-positive,verb-postiive,MaxMismatch,PositiveMismatch,VerbMismatch,,0.1702336072921753,0.23120776,0.22650996
3067,enlighten,glisten,verb-positive,verb-postiive,MaxMismatch,PositiveMismatch,VerbMismatch,,0.19985468685626984,0.2734564,0.36098915
3068,enlighten,eat,verb-positive,verb-postiive,MaxMismatch,PositiveMismatch,VerbMismatch,,0.16712313890457153,0.20526624,0.30435508
3069,enlighten,running,verb-positive,verb-postiive,MaxMismatch,PositiveMismatch,VerbMismatch,,-0.05390319228172302,0.2123295,0.13507381
3070,fulfill,beach,verb-positive,noun-postiive,MaxMismatch,PositiveMismatch,VerbMismatch,,-0.013526110909879208,0.22938018,0.13013293
3071,fulfill,chocolate,verb-positive,noun-postiive,MaxMismatch,PositiveMismatch,VerbMismatch,,0.04463943466544151,0.26657134,0.22925843
3072,fulfill,fireplace,verb-positive,noun-postiive,MaxMismatch,PositiveMismatch,VerbMismatch,,-0.009568148292601109,0.27913284,0.20028347
3073,fulfill,flowers,verb-positive,noun-postiive,MaxMismatch,PositiveMismatch,VerbMismatch,,0.031240608543157578,0.20144121,0.1830555
3074,fulfill,home,verb-positive,noun-postiive,MaxMismatch,PositiveMismatch,VerbMismatch,,0.07518608868122101,0.2974448,0.2130923
3075,fulfill,glide,verb-positive,verb-postiive,MaxMismatch,PositiveMismatch,VerbMismatch,,0.03606712445616722,0.34645656,0.09250198
3076,fulfill,breathe,verb-positive,verb-postiive,MaxMismatch,PositiveMismatch,VerbMismatch,,0.2071315497159958,0.3178971,0.2024903
3077,fulfill,glisten,verb-positive,verb-postiive,MaxMismatch,PositiveMismatch,VerbMismatch,,0.07206062227487564,0.19678442,0.24286021
3078,fulfill,eat,verb-positive,verb-postiive,MaxMismatch,PositiveMismatch,VerbMismatch,,0.1354086697101593,0.41001865,0.39585224
3079,fulfill,running,verb-positive,verb-postiive,MaxMismatch,PositiveMismatch,VerbMismatch,,0.04133298248052597,0.30930424,0.15820828
3080,imagine,beach,verb-positive,noun-postiive,MaxMismatch,PositiveMismatch,VerbMismatch,,0.05802777409553528,0.1847365,0.1443752
3081,imagine,chocolate,verb-positive,noun-postiive,MaxMismatch,PositiveMismatch,VerbMismatch,,0.10873322933912277,0.25183678,0.21183784
3082,imagine,fireplace,verb-positive,noun-postiive,MaxMismatch,PositiveMismatch,VerbMismatch,,0.07238899171352386,0.23298702,0.24340141
3083,imagine,flowers,verb-positive,noun-postiive,MaxMismatch,PositiveMismatch,VerbMismatch,,0.05498699098825455,0.1658741,0.19244286
3084,imagine,home,verb-positive,noun-postiive,MaxMismatch,PositiveMismatch,VerbMismatch,,0.09716308861970901,0.20809984,0.17253345
3085,imagine,glide,verb-positive,verb-postiive,MaxMismatch,PositiveMismatch,VerbMismatch,,0.1935368925333023,0.2429389,0.1875998
3086,imagine,breathe,verb-positive,verb-postiive,MaxMismatch,PositiveMismatch,VerbMismatch,,0.31589439511299133,0.3177653,0.36534396
3087,imagine,glisten,verb-positive,verb-postiive,MaxMismatch,PositiveMismatch,VerbMismatch,,0.12044119089841843,0.17667669,0.26825702
3088,imagine,eat,verb-positive,verb-postiive,MaxMismatch,PositiveMismatch,VerbMismatch,,0.2322326898574829,0.19505727,0.29215154
3089,imagine,running,verb-positive,verb-postiive,MaxMismatch,PositiveMismatch,VerbMismatch,,0.09575135260820389,0.26998112,0.18990692
3090,toxin,toxin,noun-negative,noun-negative,SelfPair,,,A,0.9999999403953552,0.99999994,1.0
3091,garbage,garbage,noun-negative,noun-negative,SelfPair,,,B,1.0,1.0000001,1.0000001
3092,mud,mud,noun-negative,noun-negative,SelfPair,,,C,1.0,1.0,1.0000002
3093,corpse,corpse,noun-negative,noun-negative,SelfPair,,,D,0.9999999403953552,1.0,1.0
3094,slave,slave,noun-negative,noun-negative,SelfPair,,,E,0.9999999403953552,1.0000002,1.0
3095,choke,choke,verb-negative,verb-negative,SelfPair,,,F,1.0,1.0,1.0000001
3096,fester,fester,verb-negative,verb-negative,SelfPair,,,G,1.0,1.0000002,1.0000001
3097,writhe,writhe,verb-negative,verb-negative,SelfPair,,,H,1.0,1.0000001,1.0000001
3098,bleed,bleed,verb-negative,verb-negative,SelfPair,,,I,1.0,1.0,1.0000001
3099,stab,stab,verb-negative,verb-negative,SelfPair,,,J,0.9999999403953552,1.0,1.0000001
3100,terror,terror,noun-negative,noun-negative,SelfPair,,,AA,1.0,0.99999994,1.0000002
3101,hatred,hatred,noun-negative,noun-negative,SelfPair,,,BB,0.9999999403953552,0.99999994,1.0
3102,anxiety,anxiety,noun-negative,noun-negative,SelfPair,,,CC,1.0,1.0,0.99999994
3103,failure,failure,noun-negative,noun-negative,SelfPair,,,DD,0.9999999403953552,1.0,1.0000001
3104,grief,grief,noun-negative,noun-negative,SelfPair,,,EE,1.0,1.0000001,1.0000001
3105,befall,befall,verb-negative,verb-negative,SelfPair,,,FF,1.0,0.99999994,0.9999999
3106,criticize,criticize,verb-negative,verb-negative,SelfPair,,,GG,1.0,1.0,1.0
3107,exploit,exploit,verb-negative,verb-negative,SelfPair,,,HH,1.0,0.9999998,1.0000001
3108,resent,resent,verb-negative,verb-negative,SelfPair,,,II,1.0,1.0,1.0
3109,obsess,obsess,verb-negative,verb-negative,SelfPair,,,JJ,1.0,1.0000002,1.0000001
3110,compassion,compassion,noun-positive,noun-positive,SelfPair,,,AAA,0.9999999403953552,1.0,0.9999999
3111,freedom,freedom,noun-positive,noun-positive,SelfPair,,,BBB,1.0,1.0,1.0
3112,gratitude,gratitude,noun-positive,noun-positive,SelfPair,,,CCC,1.0,1.0,1.0
3113,inspiration,inspiration,noun-positive,noun-positive,SelfPair,,,DDD,0.9999999403953552,1.0,1.0000001
3114,kindness,kindness,noun-positive,noun-positive,SelfPair,,,EEE,0.9999999403953552,1.0000001,0.99999994
3115,admire,admire,verb-positive,verb-positive,SelfPair,,,FFF,1.0000001192092896,1.0000001,1.0
3116,cherish,cherish,verb-positive,verb-positive,SelfPair,,,GGG,1.0,1.0,1.0
3117,enlighten,enlighten,verb-positive,verb-positive,SelfPair,,,HHH,1.0,1.0,1.0000001
3118,fulfill,fulfill,verb-positive,verb-positive,SelfPair,,,III,1.0,1.0,1.0
3119,imagine,imagine,verb-positive,verb-positive,SelfPair,,,JJJ,1.0,1.0,1.0000001
3120,beach,beach,noun-postiive,noun-postiive,SelfPair,,,AAAA,1.0,0.99999994,1.0000001
3121,chocolate,chocolate,noun-postiive,noun-postiive,SelfPair,,,BBBB,1.0,0.99999994,0.9999998
3122,fireplace,fireplace,noun-postiive,noun-postiive,SelfPair,,,CCCC,1.0,1.0000001,0.9999999
3123,flowers,flowers,noun-postiive,noun-postiive,SelfPair,,,DDDD,0.9999999403953552,1.0000001,1.0000001
3124,home,home,noun-postiive,noun-postiive,SelfPair,,,EEEE,1.0,1.0,1.0
3125,glide,glide,verb-postiive,verb-postiive,SelfPair,,,FFFF,1.0,1.0,1.0
3126,breathe,breathe,verb-postiive,verb-postiive,SelfPair,,,GGGG,0.9999999403953552,1.0000001,1.0
3127,glisten,glisten,verb-postiive,verb-postiive,SelfPair,,,HHHH,1.0000001192092896,1.0000001,1.0
3128,eat,eat,verb-postiive,verb-postiive,SelfPair,,,IIII,1.0,1.0,1.0
3129,running,running,verb-postiive,verb-postiive,SelfPair,,,JJJJ,1.0,1.0000001,1.0000002
3130,choke,terror,verb-negative,noun-negative,ValenceMatchingOnly,NegativeMatch,VerbMismatch,,0.06961733102798462,0.3069746,0.2836765
3131,choke,hatred,verb-negative,noun-negative,ValenceMatchingOnly,NegativeMatch,VerbMismatch,,0.07960132509469986,0.32656118,0.22519782
3132,choke,anxiety,verb-negative,noun-negative,ValenceMatchingOnly,NegativeMatch,VerbMismatch,,0.1170702576637268,0.34093517,0.2819485
3133,choke,failure,verb-negative,noun-negative,ValenceMatchingOnly,NegativeMatch,VerbMismatch,,0.10349732637405396,0.3532668,0.29132017
3134,choke,grief,verb-negative,noun-negative,ValenceMatchingOnly,NegativeMatch,VerbMismatch,,0.08439981937408447,0.3702922,0.28406203
3135,fester,terror,verb-negative,noun-negative,ValenceMatchingOnly,NegativeMatch,VerbMismatch,,0.10469134151935577,0.21349746,0.24754964
3136,fester,hatred,verb-negative,noun-negative,ValenceMatchingOnly,NegativeMatch,VerbMismatch,,0.3263927102088928,0.22184616,0.21509004
3137,fester,anxiety,verb-negative,noun-negative,ValenceMatchingOnly,NegativeMatch,VerbMismatch,,0.14197276532649994,0.1208411,0.13505848
3138,fester,failure,verb-negative,noun-negative,ValenceMatchingOnly,NegativeMatch,VerbMismatch,,0.13351283967494965,0.22852696,0.24185027
3139,fester,grief,verb-negative,noun-negative,ValenceMatchingOnly,NegativeMatch,VerbMismatch,,0.12792301177978516,0.28922594,0.29068813
3140,writhe,terror,verb-negative,noun-negative,ValenceMatchingOnly,NegativeMatch,VerbMismatch,,0.06116105243563652,0.22178037,0.20541655
3141,writhe,hatred,verb-negative,noun-negative,ValenceMatchingOnly,NegativeMatch,VerbMismatch,,0.08979281783103943,0.2605462,0.10925779
3142,writhe,anxiety,verb-negative,noun-negative,ValenceMatchingOnly,NegativeMatch,VerbMismatch,,0.10188300907611847,0.20342302,0.18092659
3143,writhe,failure,verb-negative,noun-negative,ValenceMatchingOnly,NegativeMatch,VerbMismatch,,0.04353524371981621,0.29578632,0.16177075
3144,writhe,grief,verb-negative,noun-negative,ValenceMatchingOnly,NegativeMatch,VerbMismatch,,0.13972151279449463,0.26493713,0.25938666
3145,bleed,terror,verb-negative,noun-negative,ValenceMatchingOnly,NegativeMatch,VerbMismatch,,0.10030324757099152,0.27039087,0.2648851
3146,bleed,hatred,verb-negative,noun-negative,ValenceMatchingOnly,NegativeMatch,VerbMismatch,,0.19717325270175934,0.2915827,0.23979636
3147,bleed,anxiety,verb-negative,noun-negative,ValenceMatchingOnly,NegativeMatch,VerbMismatch,,0.17319832742214203,0.29646322,0.18290612
3148,bleed,failure,verb-negative,noun-negative,ValenceMatchingOnly,NegativeMatch,VerbMismatch,,0.11286058276891708,0.34865808,0.27673838
3149,bleed,grief,verb-negative,noun-negative,ValenceMatchingOnly,NegativeMatch,VerbMismatch,,0.16575254499912262,0.31277087,0.34807527
3150,stab,terror,verb-negative,noun-negative,ValenceMatchingOnly,NegativeMatch,VerbMismatch,,0.05349493399262428,0.31827986,0.37145016
3151,stab,hatred,verb-negative,noun-negative,ValenceMatchingOnly,NegativeMatch,VerbMismatch,,0.08828845620155334,0.23124212,0.27561408
3152,stab,anxiety,verb-negative,noun-negative,ValenceMatchingOnly,NegativeMatch,VerbMismatch,,0.018929289653897285,0.20016372,0.31015265
3153,stab,failure,verb-negative,noun-negative,ValenceMatchingOnly,NegativeMatch,VerbMismatch,,-0.00490104453638196,0.25683036,0.22855319
3154,stab,grief,verb-negative,noun-negative,ValenceMatchingOnly,NegativeMatch,VerbMismatch,,0.07445988059043884,0.2741801,0.24719873
3155,compassion,admire,noun-positive,verb-positive,ValenceMatchingOnly,PositiveMatch,NounMismatch,,0.3195365369319916,0.3698778,0.34833252
3156,compassion,cherish,noun-positive,verb-positive,ValenceMatchingOnly,PositiveMatch,NounMismatch,,0.2687964141368866,0.2307725,0.3652409
3157,compassion,enlighten,noun-positive,verb-positive,ValenceMatchingOnly,PositiveMatch,NounMismatch,,0.21612463891506195,0.28559637,0.25576386
3158,compassion,fulfill,noun-positive,verb-positive,ValenceMatchingOnly,PositiveMatch,NounMismatch,,0.16545060276985168,0.25974518,0.20988864
3159,compassion,imagine,noun-positive,verb-positive,ValenceMatchingOnly,PositiveMatch,NounMismatch,,0.10476669669151306,0.23218188,0.24092257
3160,freedom,admire,noun-positive,verb-positive,ValenceMatchingOnly,PositiveMatch,NounMismatch,,0.17341630160808563,0.22390218,0.24949254
3161,freedom,cherish,noun-positive,verb-positive,ValenceMatchingOnly,PositiveMatch,NounMismatch,,0.33043020963668823,0.1872749,0.18433753
3162,freedom,enlighten,noun-positive,verb-positive,ValenceMatchingOnly,PositiveMatch,NounMismatch,,0.17469583451747894,0.2859745,0.24545577
3163,freedom,fulfill,noun-positive,verb-positive,ValenceMatchingOnly,PositiveMatch,NounMismatch,,0.19539682567119598,0.2597109,0.33645207
3164,freedom,imagine,noun-positive,verb-positive,ValenceMatchingOnly,PositiveMatch,NounMismatch,,0.07892780005931854,0.2805382,0.25184217
3165,gratitude,admire,noun-positive,verb-positive,ValenceMatchingOnly,PositiveMatch,NounMismatch,,0.28183430433273315,0.4918239,0.5806105
3166,gratitude,cherish,noun-positive,verb-positive,ValenceMatchingOnly,PositiveMatch,NounMismatch,,0.3487089276313782,0.30622596,0.35018831
3167,gratitude,enlighten,noun-positive,verb-positive,ValenceMatchingOnly,PositiveMatch,NounMismatch,,0.1886972188949585,0.2691043,0.26582283
3168,gratitude,fulfill,noun-positive,verb-positive,ValenceMatchingOnly,PositiveMatch,NounMismatch,,0.2095777839422226,0.35382435,0.3401906
3169,gratitude,imagine,noun-positive,verb-positive,ValenceMatchingOnly,PositiveMatch,NounMismatch,,0.11141469329595566,0.20805678,0.29784644
3170,inspiration,admire,noun-positive,verb-positive,ValenceMatchingOnly,PositiveMatch,NounMismatch,,0.39514973759651184,0.45023012,0.4271304
3171,inspiration,cherish,noun-positive,verb-positive,ValenceMatchingOnly,PositiveMatch,NounMismatch,,0.33453139662742615,0.25409108,0.14071517
3172,inspiration,enlighten,noun-positive,verb-positive,ValenceMatchingOnly,PositiveMatch,NounMismatch,,0.2387692779302597,0.29982817,0.22071454
3173,inspiration,fulfill,noun-positive,verb-positive,ValenceMatchingOnly,PositiveMatch,NounMismatch,,0.18657360970973969,0.33835107,0.23573458
3174,inspiration,imagine,noun-positive,verb-positive,ValenceMatchingOnly,PositiveMatch,NounMismatch,,0.12659095227718353,0.34894514,0.4086368
3175,kindness,admire,noun-positive,verb-positive,ValenceMatchingOnly,PositiveMatch,NounMismatch,,0.303647518157959,0.45599496,0.43632403
3176,kindness,cherish,noun-positive,verb-positive,ValenceMatchingOnly,PositiveMatch,NounMismatch,,0.3266529142856598,0.18739492,0.36233386
3177,kindness,enlighten,noun-positive,verb-positive,ValenceMatchingOnly,PositiveMatch,NounMismatch,,0.16391631960868835,0.22941872,0.251244
3178,kindness,fulfill,noun-positive,verb-positive,ValenceMatchingOnly,PositiveMatch,NounMismatch,,0.11117125302553177,0.18702859,0.28562772
3179,kindness,imagine,noun-positive,verb-positive,ValenceMatchingOnly,PositiveMatch,NounMismatch,,0.08145907521247864,0.22467388,0.2250902
3180,cuddle,rust,physical-positive,physical-negative,ConceptualMatchingOnly,PositiveMismatch,ConceptualMatch:physical,,0.08562919497489929,0.28049225,0.10140489
3181,cuddle,slaughter,physical-positive,physical-negative,ConceptualMatchingOnly,PositiveMismatch,ConceptualMatch:physical,,0.07439212501049042,0.16893129,0.1739793
3182,cuddle,slash,physical-positive,physical-negative,ConceptualMatchingOnly,PositiveMismatch,ConceptualMatch:physical,,0.05793878808617592,0.20527658,0.11258382
3183,cuddle,crash,physical-positive,physical-negative,ConceptualMatchingOnly,PositiveMismatch,ConceptualMatch:physical,,0.01838708110153675,0.25829545,0.23901558
3184,cuddle,tear,physical-positive,physical-negative,ConceptualMatchingOnly,PositiveMismatch,ConceptualMatch:physical,,0.16746602952480316,0.24382392,0.3121769
3185,cuddle,burn,physical-positive,physical-negative,ConceptualMatchingOnly,PositiveMismatch,ConceptualMatch:physical,,0.15921542048454285,0.18039453,0.26522875
3186,cuddle,hit,physical-positive,physical-negative,ConceptualMatchingOnly,PositiveMismatch,ConceptualMatch:physical,,0.07454530149698257,0.21067338,0.20340455
3187,cuddle,stain,physical-positive,physical-negative,ConceptualMatchingOnly,PositiveMismatch,ConceptualMatch:physical,,0.08221275359392166,0.19737524,0.16078073
3188,cuddle,delete,physical-positive,physical-negative,ConceptualMatchingOnly,PositiveMismatch,ConceptualMatch:physical,,0.14446592330932617,0.23625383,0.21679024
3189,cuddle,corrode,physical-positive,physical-negative,ConceptualMatchingOnly,PositiveMismatch,ConceptualMatch:physical,,0.10093715041875839,0.22794664,0.11861785
3190,build,rust,physical-positive,physical-negative,ConceptualMatchingOnly,PositiveMismatch,ConceptualMatch:physical,,0.0868762657046318,0.31397718,0.26994812
3191,build,slaughter,physical-positive,physical-negative,ConceptualMatchingOnly,PositiveMismatch,ConceptualMatch:physical,,0.07967480272054672,0.27092072,0.18651383
3192,build,slash,physical-positive,physical-negative,ConceptualMatchingOnly,PositiveMismatch,ConceptualMatch:physical,,0.1884058266878128,0.35131657,0.12979424
3193,build,crash,physical-positive,physical-negative,ConceptualMatchingOnly,PositiveMismatch,ConceptualMatch:physical,,0.061295513063669205,0.39912045,0.30676085
3194,build,tear,physical-positive,physical-negative,ConceptualMatchingOnly,PositiveMismatch,ConceptualMatch:physical,,0.3223213255405426,0.25742388,0.1636668
3195,build,burn,physical-positive,physical-negative,ConceptualMatchingOnly,PositiveMismatch,ConceptualMatch:physical,,0.25155872106552124,0.2527697,0.13359673
3196,build,hit,physical-positive,physical-negative,ConceptualMatchingOnly,PositiveMismatch,ConceptualMatch:physical,,0.15207676589488983,0.35421938,0.24663906
3197,build,stain,physical-positive,physical-negative,ConceptualMatchingOnly,PositiveMismatch,ConceptualMatch:physical,,0.13318219780921936,0.18262303,0.17307273
3198,build,delete,physical-positive,physical-negative,ConceptualMatchingOnly,PositiveMismatch,ConceptualMatch:physical,,0.11029330641031265,0.34226727,0.20886886
3199,build,corrode,physical-positive,physical-negative,ConceptualMatchingOnly,PositiveMismatch,ConceptualMatch:physical,,0.29059693217277527,0.21262935,0.18680498
3200,repair,rust,physical-positive,physical-negative,ConceptualMatchingOnly,PositiveMismatch,ConceptualMatch:physical,,0.21801181137561798,0.39458686,0.3469122
3201,repair,slaughter,physical-positive,physical-negative,ConceptualMatchingOnly,PositiveMismatch,ConceptualMatch:physical,,0.047861967235803604,0.28945082,0.16583046
3202,repair,slash,physical-positive,physical-negative,ConceptualMatchingOnly,PositiveMismatch,ConceptualMatch:physical,,0.1679004579782486,0.3202655,0.20566745
3203,repair,crash,physical-positive,physical-negative,ConceptualMatchingOnly,PositiveMismatch,ConceptualMatch:physical,,0.11029291152954102,0.48006785,0.35930917
3204,repair,tear,physical-positive,physical-negative,ConceptualMatchingOnly,PositiveMismatch,ConceptualMatch:physical,,0.34281206130981445,0.45054817,0.29211557
3205,repair,burn,physical-positive,physical-negative,ConceptualMatchingOnly,PositiveMismatch,ConceptualMatch:physical,,0.15186113119125366,0.30576563,0.14825235
3206,repair,hit,physical-positive,physical-negative,ConceptualMatchingOnly,PositiveMismatch,ConceptualMatch:physical,,0.15167967975139618,0.3066747,0.20128924
3207,repair,stain,physical-positive,physical-negative,ConceptualMatchingOnly,PositiveMismatch,ConceptualMatch:physical,,0.17861339449882507,0.3938089,0.2517587
3208,repair,delete,physical-positive,physical-negative,ConceptualMatchingOnly,PositiveMismatch,ConceptualMatch:physical,,0.13056664168834686,0.3352709,0.31367183
3209,repair,corrode,physical-positive,physical-negative,ConceptualMatchingOnly,PositiveMismatch,ConceptualMatch:physical,,0.3364732265472412,0.4120151,0.39326036
3210,caress,rust,physical-positive,physical-negative,ConceptualMatchingOnly,PositiveMismatch,ConceptualMatch:physical,,0.12528887391090393,0.23272629,0.14536898
3211,caress,slaughter,physical-positive,physical-negative,ConceptualMatchingOnly,PositiveMismatch,ConceptualMatch:physical,,0.1466297209262848,0.22810708,0.22511774
3212,caress,slash,physical-positive,physical-negative,ConceptualMatchingOnly,PositiveMismatch,ConceptualMatch:physical,,0.1376250833272934,0.24232125,0.2090024
3213,caress,crash,physical-positive,physical-negative,ConceptualMatchingOnly,PositiveMismatch,ConceptualMatch:physical,,-0.040278300642967224,0.1881186,0.18891206
3214,caress,tear,physical-positive,physical-negative,ConceptualMatchingOnly,PositiveMismatch,ConceptualMatch:physical,,0.14267748594284058,0.26385558,0.31943947
3215,caress,burn,physical-positive,physical-negative,ConceptualMatchingOnly,PositiveMismatch,ConceptualMatch:physical,,0.195717915892601,0.14622208,0.24029313
3216,caress,hit,physical-positive,physical-negative,ConceptualMatchingOnly,PositiveMismatch,ConceptualMatch:physical,,0.10346496850252151,0.29749465,0.25091267
3217,caress,stain,physical-positive,physical-negative,ConceptualMatchingOnly,PositiveMismatch,ConceptualMatch:physical,,0.14353081583976746,0.2992587,0.283149
3218,caress,delete,physical-positive,physical-negative,ConceptualMatchingOnly,PositiveMismatch,ConceptualMatch:physical,,0.13823464512825012,0.18310158,0.15967882
3219,caress,corrode,physical-positive,physical-negative,ConceptualMatchingOnly,PositiveMismatch,ConceptualMatch:physical,,0.19239026308059692,0.18939787,0.12179379
3220,hug,rust,physical-positive,physical-negative,ConceptualMatchingOnly,PositiveMismatch,ConceptualMatch:physical,,0.06728009879589081,0.27215925,0.09110181
3221,hug,slaughter,physical-positive,physical-negative,ConceptualMatchingOnly,PositiveMismatch,ConceptualMatch:physical,,0.07890939712524414,0.27424198,0.20323744
3222,hug,slash,physical-positive,physical-negative,ConceptualMatchingOnly,PositiveMismatch,ConceptualMatch:physical,,-0.014707940630614758,0.18115225,0.19089161
3223,hug,crash,physical-positive,physical-negative,ConceptualMatchingOnly,PositiveMismatch,ConceptualMatch:physical,,0.07864590734243393,0.25670952,0.32992864
3224,hug,tear,physical-positive,physical-negative,ConceptualMatchingOnly,PositiveMismatch,ConceptualMatch:physical,,0.19151830673217773,0.39972627,0.45744538
3225,hug,burn,physical-positive,physical-negative,ConceptualMatchingOnly,PositiveMismatch,ConceptualMatch:physical,,0.09804144501686096,0.21675709,0.3000813
3226,hug,hit,physical-positive,physical-negative,ConceptualMatchingOnly,PositiveMismatch,ConceptualMatch:physical,,0.1868508905172348,0.3455599,0.2976326
3227,hug,stain,physical-positive,physical-negative,ConceptualMatchingOnly,PositiveMismatch,ConceptualMatch:physical,,0.09205055236816406,0.16585034,0.14199752
3228,hug,delete,physical-positive,physical-negative,ConceptualMatchingOnly,PositiveMismatch,ConceptualMatch:physical,,0.11548003554344177,0.24515033,0.21911512
3229,hug,corrode,physical-positive,physical-negative,ConceptualMatchingOnly,PositiveMismatch,ConceptualMatch:physical,,0.012656576000154018,0.12107098,0.026302386
3230,produce,rust,physical-positive,physical-negative,ConceptualMatchingOnly,PositiveMismatch,ConceptualMatch:physical,,0.07496457546949387,0.28645927,0.16237938
3231,produce,slaughter,physical-positive,physical-negative,ConceptualMatchingOnly,PositiveMismatch,ConceptualMatch:physical,,0.17803794145584106,0.2652856,0.3449884
3232,produce,slash,physical-positive,physical-negative,ConceptualMatchingOnly,PositiveMismatch,ConceptualMatch:physical,,0.2087996006011963,0.18235597,0.09984199
3233,produce,crash,physical-positive,physical-negative,ConceptualMatchingOnly,PositiveMismatch,ConceptualMatch:physical,,-0.006281662732362747,0.23955686,0.1517947
3234,produce,tear,physical-positive,physical-negative,ConceptualMatchingOnly,PositiveMismatch,ConceptualMatch:physical,,0.06663746386766434,0.1141751,0.1833502
3235,produce,burn,physical-positive,physical-negative,ConceptualMatchingOnly,PositiveMismatch,ConceptualMatch:physical,,0.21481966972351074,0.23958385,0.24449492
3236,produce,hit,physical-positive,physical-negative,ConceptualMatchingOnly,PositiveMismatch,ConceptualMatch:physical,,0.15564848482608795,0.22935823,0.23525342
3237,produce,stain,physical-positive,physical-negative,ConceptualMatchingOnly,PositiveMismatch,ConceptualMatch:physical,,0.05367128178477287,0.2002475,0.23046085
3238,produce,delete,physical-positive,physical-negative,ConceptualMatchingOnly,PositiveMismatch,ConceptualMatch:physical,,0.11016492545604706,0.25933492,0.13492951
3239,produce,corrode,physical-positive,physical-negative,ConceptualMatchingOnly,PositiveMismatch,ConceptualMatch:physical,,0.2173137217760086,0.21308593,0.11726621
3240,sculpt,rust,physical-positive,physical-negative,ConceptualMatchingOnly,PositiveMismatch,ConceptualMatch:physical,,0.06430506706237793,0.15142833,0.21622239
3241,sculpt,slaughter,physical-positive,physical-negative,ConceptualMatchingOnly,PositiveMismatch,ConceptualMatch:physical,,0.10191310942173004,0.21226498,0.18094309
3242,sculpt,slash,physical-positive,physical-negative,ConceptualMatchingOnly,PositiveMismatch,ConceptualMatch:physical,,0.1752004772424698,0.28878516,0.17825231
3243,sculpt,crash,physical-positive,physical-negative,ConceptualMatchingOnly,PositiveMismatch,ConceptualMatch:physical,,-0.015462617389857769,0.14760353,0.1236634
3244,sculpt,tear,physical-positive,physical-negative,ConceptualMatchingOnly,PositiveMismatch,ConceptualMatch:physical,,0.11115806549787521,0.30176452,0.2543757
3245,sculpt,burn,physical-positive,physical-negative,ConceptualMatchingOnly,PositiveMismatch,ConceptualMatch:physical,,0.25605309009552,0.18826404,0.19369006
3246,sculpt,hit,physical-positive,physical-negative,ConceptualMatchingOnly,PositiveMismatch,ConceptualMatch:physical,,0.11831914633512497,0.15976524,0.18451239
3247,sculpt,stain,physical-positive,physical-negative,ConceptualMatchingOnly,PositiveMismatch,ConceptualMatch:physical,,0.11434237658977509,0.2136457,0.28927767
3248,sculpt,delete,physical-positive,physical-negative,ConceptualMatchingOnly,PositiveMismatch,ConceptualMatch:physical,,0.1164424866437912,0.19933851,0.2121453
3249,sculpt,corrode,physical-positive,physical-negative,ConceptualMatchingOnly,PositiveMismatch,ConceptualMatch:physical,,0.17869147658348083,0.18663168,0.21265593
3250,twinkle,rust,physical-positive,physical-negative,ConceptualMatchingOnly,PositiveMismatch,ConceptualMatch:physical,,0.10302753001451492,0.14654508,0.23193014
3251,twinkle,slaughter,physical-positive,physical-negative,ConceptualMatchingOnly,PositiveMismatch,ConceptualMatch:physical,,-0.013371643610298634,0.11575352,0.18214488
3252,twinkle,slash,physical-positive,physical-negative,ConceptualMatchingOnly,PositiveMismatch,ConceptualMatch:physical,,0.08068918436765671,0.1200503,0.26174647
3253,twinkle,crash,physical-positive,physical-negative,ConceptualMatchingOnly,PositiveMismatch,ConceptualMatch:physical,,0.043526533991098404,0.20818451,0.168499
3254,twinkle,tear,physical-positive,physical-negative,ConceptualMatchingOnly,PositiveMismatch,ConceptualMatch:physical,,0.24248287081718445,0.3191153,0.29289714
3255,twinkle,burn,physical-positive,physical-negative,ConceptualMatchingOnly,PositiveMismatch,ConceptualMatch:physical,,0.12011022120714188,0.28900412,0.16571707
3256,twinkle,hit,physical-positive,physical-negative,ConceptualMatchingOnly,PositiveMismatch,ConceptualMatch:physical,,0.13549289107322693,0.24115178,0.20109008
3257,twinkle,stain,physical-positive,physical-negative,ConceptualMatchingOnly,PositiveMismatch,ConceptualMatch:physical,,0.07765635848045349,0.276895,0.22332855
3258,twinkle,delete,physical-positive,physical-negative,ConceptualMatchingOnly,PositiveMismatch,ConceptualMatch:physical,,0.08800627291202545,0.1422649,0.15123293
3259,twinkle,corrode,physical-positive,physical-negative,ConceptualMatchingOnly,PositiveMismatch,ConceptualMatch:physical,,0.07717234641313553,0.17482147,0.16137923
3260,decorate,rust,physical-positive,physical-negative,ConceptualMatchingOnly,PositiveMismatch,ConceptualMatch:physical,,0.13785074651241302,0.25798455,0.20923156
3261,decorate,slaughter,physical-positive,physical-negative,ConceptualMatchingOnly,PositiveMismatch,ConceptualMatch:physical,,0.0924212783575058,0.16513312,0.13632905
3262,decorate,slash,physical-positive,physical-negative,ConceptualMatchingOnly,PositiveMismatch,ConceptualMatch:physical,,0.18462452292442322,0.22558127,0.12722126
3263,decorate,crash,physical-positive,physical-negative,ConceptualMatchingOnly,PositiveMismatch,ConceptualMatch:physical,,0.011555948294699192,0.06226042,0.11673422
3264,decorate,tear,physical-positive,physical-negative,ConceptualMatchingOnly,PositiveMismatch,ConceptualMatch:physical,,0.19172972440719604,0.25895163,0.11951418
3265,decorate,burn,physical-positive,physical-negative,ConceptualMatchingOnly,PositiveMismatch,ConceptualMatch:physical,,0.24568693339824677,0.3045235,0.14478438
3266,decorate,hit,physical-positive,physical-negative,ConceptualMatchingOnly,PositiveMismatch,ConceptualMatch:physical,,0.16128717362880707,0.2017164,0.16328631
3267,decorate,stain,physical-positive,physical-negative,ConceptualMatchingOnly,PositiveMismatch,ConceptualMatch:physical,,0.1447758674621582,0.3129874,0.30554292
3268,decorate,delete,physical-positive,physical-negative,ConceptualMatchingOnly,PositiveMismatch,ConceptualMatch:physical,,0.1152004599571228,0.1646668,0.1697074
3269,decorate,corrode,physical-positive,physical-negative,ConceptualMatchingOnly,PositiveMismatch,ConceptualMatch:physical,,0.15622557699680328,0.14423615,0.16819838
3270,clean,rust,physical-positive,physical-negative,ConceptualMatchingOnly,PositiveMismatch,ConceptualMatch:physical,,0.1797625571489334,0.41668105,0.28976327
3271,clean,slaughter,physical-positive,physical-negative,ConceptualMatchingOnly,PositiveMismatch,ConceptualMatch:physical,,0.08238601684570312,0.4032053,0.21576273
3272,clean,slash,physical-positive,physical-negative,ConceptualMatchingOnly,PositiveMismatch,ConceptualMatch:physical,,0.11075066775083542,0.34576285,0.16983849
3273,clean,crash,physical-positive,physical-negative,ConceptualMatchingOnly,PositiveMismatch,ConceptualMatch:physical,,-0.015680890530347824,0.35218787,0.21930885
3274,clean,tear,physical-positive,physical-negative,ConceptualMatchingOnly,PositiveMismatch,ConceptualMatch:physical,,0.2056439220905304,0.3521669,0.23801214
3275,clean,burn,physical-positive,physical-negative,ConceptualMatchingOnly,PositiveMismatch,ConceptualMatch:physical,,0.22306157648563385,0.40746564,0.29405427
3276,clean,hit,physical-positive,physical-negative,ConceptualMatchingOnly,PositiveMismatch,ConceptualMatch:physical,,0.12297353893518448,0.43746603,0.2719643
3277,clean,stain,physical-positive,physical-negative,ConceptualMatchingOnly,PositiveMismatch,ConceptualMatch:physical,,0.31761279702186584,0.46740764,0.3850299
3278,clean,delete,physical-positive,physical-negative,ConceptualMatchingOnly,PositiveMismatch,ConceptualMatch:physical,,0.13094596564769745,0.5795151,0.40231466
3279,clean,corrode,physical-positive,physical-negative,ConceptualMatchingOnly,PositiveMismatch,ConceptualMatch:physical,,0.09082166850566864,0.3549165,0.24437308
3280,content,offend,psychological-positive,psychological-negative,ConceptualMatchingOnly,PositiveMismatch,ConceptualMatch:psychological,,0.23598584532737732,0.21882379,0.26369354
3281,content,despair,psychological-positive,psychological-negative,ConceptualMatchingOnly,PositiveMismatch,ConceptualMatch:psychological,,0.07680365443229675,0.17278281,0.29919994
3282,content,irritate,psychological-positive,psychological-negative,ConceptualMatchingOnly,PositiveMismatch,ConceptualMatch:psychological,,0.1504257321357727,0.17953534,0.19664043
3283,content,displease,psychological-positive,psychological-negative,ConceptualMatchingOnly,PositiveMismatch,ConceptualMatch:psychological,,0.14013078808784485,0.25848275,0.22471449
3284,content,dishonor,psychological-positive,psychological-negative,ConceptualMatchingOnly,PositiveMismatch,ConceptualMatch:psychological,,0.021344348788261414,0.20795827,0.18042931
3285,content,embarrass,psychological-positive,psychological-negative,ConceptualMatchingOnly,PositiveMismatch,ConceptualMatch:psychological,,0.08628164976835251,0.24263246,0.18787614
3286,content,discourage,psychological-positive,psychological-negative,ConceptualMatchingOnly,PositiveMismatch,ConceptualMatch:psychological,,0.10346969217061996,0.18704262,0.16670118
3287,content,dismay,psychological-positive,psychological-negative,ConceptualMatchingOnly,PositiveMismatch,ConceptualMatch:psychological,,0.09282739460468292,0.19123502,0.29353026
3288,content,criticize,psychological-positive,psychological-negative,ConceptualMatchingOnly,PositiveMismatch,ConceptualMatch:psychological,,0.13394351303577423,0.23615792,0.25549698
3289,content,dread,psychological-positive,psychological-negative,ConceptualMatchingOnly,PositiveMismatch,ConceptualMatch:psychological,,0.04183998331427574,0.18409432,0.23301445
3290,encourage,offend,psychological-positive,psychological-negative,ConceptualMatchingOnly,PositiveMismatch,ConceptualMatch:psychological,,0.3028319478034973,0.22548062,0.28105736
3291,encourage,despair,psychological-positive,psychological-negative,ConceptualMatchingOnly,PositiveMismatch,ConceptualMatch:psychological,,0.1007402092218399,0.24094492,0.29080248
3292,encourage,irritate,psychological-positive,psychological-negative,ConceptualMatchingOnly,PositiveMismatch,ConceptualMatch:psychological,,0.28100594878196716,0.25226524,0.30067432
3293,encourage,displease,psychological-positive,psychological-negative,ConceptualMatchingOnly,PositiveMismatch,ConceptualMatch:psychological,,0.17845188081264496,0.19995148,0.22863004
3294,encourage,dishonor,psychological-positive,psychological-negative,ConceptualMatchingOnly,PositiveMismatch,ConceptualMatch:psychological,,0.10626890510320663,0.14684744,0.10255334
3295,encourage,embarrass,psychological-positive,psychological-negative,ConceptualMatchingOnly,PositiveMismatch,ConceptualMatch:psychological,,0.2986193597316742,0.2454176,0.3099869
3296,encourage,discourage,psychological-positive,psychological-negative,ConceptualMatchingOnly,PositiveMismatch,ConceptualMatch:psychological,,0.6204318404197693,0.6044004,0.73266333
3297,encourage,dismay,psychological-positive,psychological-negative,ConceptualMatchingOnly,PositiveMismatch,ConceptualMatch:psychological,,0.047071319073438644,0.26791784,0.19788583
3298,encourage,criticize,psychological-positive,psychological-negative,ConceptualMatchingOnly,PositiveMismatch,ConceptualMatch:psychological,,0.21943362057209015,0.43622667,0.3664192
3299,encourage,dread,psychological-positive,psychological-negative,ConceptualMatchingOnly,PositiveMismatch,ConceptualMatch:psychological,,0.07011443376541138,0.19828528,0.15457904
3300,appreciate,offend,psychological-positive,psychological-negative,ConceptualMatchingOnly,PositiveMismatch,ConceptualMatch:psychological,,0.25775018334388733,0.2541573,0.1618533
3301,appreciate,despair,psychological-positive,psychological-negative,ConceptualMatchingOnly,PositiveMismatch,ConceptualMatch:psychological,,0.10516815632581711,0.24543858,0.09068185
3302,appreciate,irritate,psychological-positive,psychological-negative,ConceptualMatchingOnly,PositiveMismatch,ConceptualMatch:psychological,,0.3157413601875305,0.22542089,0.12399413
3303,appreciate,displease,psychological-positive,psychological-negative,ConceptualMatchingOnly,PositiveMismatch,ConceptualMatch:psychological,,0.23167133331298828,0.21043889,0.13974258
3304,appreciate,dishonor,psychological-positive,psychological-negative,ConceptualMatchingOnly,PositiveMismatch,ConceptualMatch:psychological,,0.16218550503253937,0.08769876,0.13146164
3305,appreciate,embarrass,psychological-positive,psychological-negative,ConceptualMatchingOnly,PositiveMismatch,ConceptualMatch:psychological,,0.23357124626636505,0.20989169,0.1063298
3306,appreciate,discourage,psychological-positive,psychological-negative,ConceptualMatchingOnly,PositiveMismatch,ConceptualMatch:psychological,,0.23434576392173767,0.24410614,0.10127461
3307,appreciate,dismay,psychological-positive,psychological-negative,ConceptualMatchingOnly,PositiveMismatch,ConceptualMatch:psychological,,0.1606377512216568,0.26288858,0.13903525
3308,appreciate,criticize,psychological-positive,psychological-negative,ConceptualMatchingOnly,PositiveMismatch,ConceptualMatch:psychological,,0.3312365412712097,0.27829322,0.15649794
3309,appreciate,dread,psychological-positive,psychological-negative,ConceptualMatchingOnly,PositiveMismatch,ConceptualMatch:psychological,,0.11064372211694717,0.2345775,0.16519983
3310,impress,offend,psychological-positive,psychological-negative,ConceptualMatchingOnly,PositiveMismatch,ConceptualMatch:psychological,,0.3808492422103882,0.2792796,0.381539
3311,impress,despair,psychological-positive,psychological-negative,ConceptualMatchingOnly,PositiveMismatch,ConceptualMatch:psychological,,0.1155746802687645,0.29844052,0.226856
3312,impress,irritate,psychological-positive,psychological-negative,ConceptualMatchingOnly,PositiveMismatch,ConceptualMatch:psychological,,0.33536869287490845,0.2646553,0.38921827
3313,impress,displease,psychological-positive,psychological-negative,ConceptualMatchingOnly,PositiveMismatch,ConceptualMatch:psychological,,0.37915587425231934,0.31016475,0.30981138
3314,impress,dishonor,psychological-positive,psychological-negative,ConceptualMatchingOnly,PositiveMismatch,ConceptualMatch:psychological,,0.13103936612606049,0.1574472,0.19763783
3315,impress,embarrass,psychological-positive,psychological-negative,ConceptualMatchingOnly,PositiveMismatch,ConceptualMatch:psychological,,0.48164406418800354,0.3809986,0.45760563
3316,impress,discourage,psychological-positive,psychological-negative,ConceptualMatchingOnly,PositiveMismatch,ConceptualMatch:psychological,,0.2696007788181305,0.2862063,0.30316675
3317,impress,dismay,psychological-positive,psychological-negative,ConceptualMatchingOnly,PositiveMismatch,ConceptualMatch:psychological,,0.2100307196378708,0.3322628,0.35433355
3318,impress,criticize,psychological-positive,psychological-negative,ConceptualMatchingOnly,PositiveMismatch,ConceptualMatch:psychological,,0.3115272521972656,0.22196278,0.26471016
3319,impress,dread,psychological-positive,psychological-negative,ConceptualMatchingOnly,PositiveMismatch,ConceptualMatch:psychological,,0.14040882885456085,0.11614001,0.20630775
3320,like,offend,psychological-positive,psychological-negative,ConceptualMatchingOnly,PositiveMismatch,ConceptualMatch:psychological,,0.20634825527668,0.24580193,0.24408588
3321,like,despair,psychological-positive,psychological-negative,ConceptualMatchingOnly,PositiveMismatch,ConceptualMatch:psychological,,0.17109067738056183,0.15875871,0.29919654
3322,like,irritate,psychological-positive,psychological-negative,ConceptualMatchingOnly,PositiveMismatch,ConceptualMatch:psychological,,0.2366897612810135,0.24164385,0.24738976
3323,like,displease,psychological-positive,psychological-negative,ConceptualMatchingOnly,PositiveMismatch,ConceptualMatch:psychological,,0.2302074134349823,0.23391573,0.18664292
3324,like,dishonor,psychological-positive,psychological-negative,ConceptualMatchingOnly,PositiveMismatch,ConceptualMatch:psychological,,0.12175160646438599,0.11908397,0.17223698
3325,like,embarrass,psychological-positive,psychological-negative,ConceptualMatchingOnly,PositiveMismatch,ConceptualMatch:psychological,,0.2125789225101471,0.26294115,0.28316694
3326,like,discourage,psychological-positive,psychological-negative,ConceptualMatchingOnly,PositiveMismatch,ConceptualMatch:psychological,,0.271900475025177,0.23297769,0.19330135
3327,like,dismay,psychological-positive,psychological-negative,ConceptualMatchingOnly,PositiveMismatch,ConceptualMatch:psychological,,0.13148602843284607,0.14471471,0.25840765
3328,like,criticize,psychological-positive,psychological-negative,ConceptualMatchingOnly,PositiveMismatch,ConceptualMatch:psychological,,0.22737015783786774,0.27645248,0.22518907
3329,like,dread,psychological-positive,psychological-negative,ConceptualMatchingOnly,PositiveMismatch,ConceptualMatch:psychological,,0.2789795994758606,0.23793049,0.27128294
3330,reassure,offend,psychological-positive,psychological-negative,ConceptualMatchingOnly,PositiveMismatch,ConceptualMatch:psychological,,0.38083675503730774,0.25821373,0.27224225
3331,reassure,despair,psychological-positive,psychological-negative,ConceptualMatchingOnly,PositiveMismatch,ConceptualMatch:psychological,,0.10325780510902405,0.4146967,0.31181717
3332,reassure,irritate,psychological-positive,psychological-negative,ConceptualMatchingOnly,PositiveMismatch,ConceptualMatch:psychological,,0.3328695297241211,0.3141947,0.34832475
3333,reassure,displease,psychological-positive,psychological-negative,ConceptualMatchingOnly,PositiveMismatch,ConceptualMatch:psychological,,0.28374794125556946,0.22472432,0.19516161
3334,reassure,dishonor,psychological-positive,psychological-negative,ConceptualMatchingOnly,PositiveMismatch,ConceptualMatch:psychological,,0.08325991034507751,0.1344263,0.09995721
3335,reassure,embarrass,psychological-positive,psychological-negative,ConceptualMatchingOnly,PositiveMismatch,ConceptualMatch:psychological,,0.43422529101371765,0.21665148,0.3262263
3336,reassure,discourage,psychological-positive,psychological-negative,ConceptualMatchingOnly,PositiveMismatch,ConceptualMatch:psychological,,0.3430783152580261,0.46146894,0.43733397
3337,reassure,dismay,psychological-positive,psychological-negative,ConceptualMatchingOnly,PositiveMismatch,ConceptualMatch:psychological,,0.18977685272693634,0.35449052,0.31256816
3338,reassure,criticize,psychological-positive,psychological-negative,ConceptualMatchingOnly,PositiveMismatch,ConceptualMatch:psychological,,0.26764971017837524,0.31773087,0.28931972
3339,reassure,dread,psychological-positive,psychological-negative,ConceptualMatchingOnly,PositiveMismatch,ConceptualMatch:psychological,,0.12885738909244537,0.33208328,0.23266956
3340,respect,offend,psychological-positive,psychological-negative,ConceptualMatchingOnly,PositiveMismatch,ConceptualMatch:psychological,,0.24309730529785156,0.2767052,0.35089508
3341,respect,despair,psychological-positive,psychological-negative,ConceptualMatchingOnly,PositiveMismatch,ConceptualMatch:psychological,,0.10603831708431244,0.23027149,0.29938847
3342,respect,irritate,psychological-positive,psychological-negative,ConceptualMatchingOnly,PositiveMismatch,ConceptualMatch:psychological,,0.16018837690353394,0.27122355,0.31270424
3343,respect,displease,psychological-positive,psychological-negative,ConceptualMatchingOnly,PositiveMismatch,ConceptualMatch:psychological,,0.25932931900024414,0.31667787,0.3161878
3344,respect,dishonor,psychological-positive,psychological-negative,ConceptualMatchingOnly,PositiveMismatch,ConceptualMatch:psychological,,0.3439047932624817,0.19345441,0.33014184
3345,respect,embarrass,psychological-positive,psychological-negative,ConceptualMatchingOnly,PositiveMismatch,ConceptualMatch:psychological,,0.21921414136886597,0.27745965,0.3079356
3346,respect,discourage,psychological-positive,psychological-negative,ConceptualMatchingOnly,PositiveMismatch,ConceptualMatch:psychological,,0.08991896361112595,0.25594234,0.28873256
3347,respect,dismay,psychological-positive,psychological-negative,ConceptualMatchingOnly,PositiveMismatch,ConceptualMatch:psychological,,0.2670007050037384,0.23491879,0.34475267
3348,respect,criticize,psychological-positive,psychological-negative,ConceptualMatchingOnly,PositiveMismatch,ConceptualMatch:psychological,,0.323713093996048,0.29781443,0.2622416
3349,respect,dread,psychological-positive,psychological-negative,ConceptualMatchingOnly,PositiveMismatch,ConceptualMatch:psychological,,0.10854419320821762,0.37652236,0.27622548
3350,admire,offend,psychological-positive,psychological-negative,ConceptualMatchingOnly,PositiveMismatch,ConceptualMatch:psychological,,0.24232269823551178,0.19858313,0.32487485
3351,admire,despair,psychological-positive,psychological-negative,ConceptualMatchingOnly,PositiveMismatch,ConceptualMatch:psychological,,0.16755026578903198,0.2869776,0.20954901
3352,admire,irritate,psychological-positive,psychological-negative,ConceptualMatchingOnly,PositiveMismatch,ConceptualMatch:psychological,,0.3049784302711487,0.26651663,0.3128013
3353,admire,displease,psychological-positive,psychological-negative,ConceptualMatchingOnly,PositiveMismatch,ConceptualMatch:psychological,,0.291925847530365,0.33383518,0.28178275
3354,admire,dishonor,psychological-positive,psychological-negative,ConceptualMatchingOnly,PositiveMismatch,ConceptualMatch:psychological,,0.20640476047992706,0.22223713,0.16220763
3355,admire,embarrass,psychological-positive,psychological-negative,ConceptualMatchingOnly,PositiveMismatch,ConceptualMatch:psychological,,0.2871256470680237,0.29418758,0.35064298
3356,admire,discourage,psychological-positive,psychological-negative,ConceptualMatchingOnly,PositiveMismatch,ConceptualMatch:psychological,,0.13922502100467682,0.22956376,0.33365673
3357,admire,dismay,psychological-positive,psychological-negative,ConceptualMatchingOnly,PositiveMismatch,ConceptualMatch:psychological,,0.18800467252731323,0.28988367,0.2496081
3358,admire,criticize,psychological-positive,psychological-negative,ConceptualMatchingOnly,PositiveMismatch,ConceptualMatch:psychological,,0.44617530703544617,0.32806966,0.43941444
3359,admire,dread,psychological-positive,psychological-negative,ConceptualMatchingOnly,PositiveMismatch,ConceptualMatch:psychological,,0.16079607605934143,0.23763475,0.23750453
3360,adore,offend,psychological-positive,psychological-negative,ConceptualMatchingOnly,PositiveMismatch,ConceptualMatch:psychological,,0.30793821811676025,0.30438018,0.34593463
3361,adore,despair,psychological-positive,psychological-negative,ConceptualMatchingOnly,PositiveMismatch,ConceptualMatch:psychological,,0.1656564176082611,0.24525434,0.27040958
3362,adore,irritate,psychological-positive,psychological-negative,ConceptualMatchingOnly,PositiveMismatch,ConceptualMatch:psychological,,0.34906262159347534,0.23884083,0.33309114
3363,adore,displease,psychological-positive,psychological-negative,ConceptualMatchingOnly,PositiveMismatch,ConceptualMatch:psychological,,0.31743451952934265,0.18670739,0.33297485
3364,adore,dishonor,psychological-positive,psychological-negative,ConceptualMatchingOnly,PositiveMismatch,ConceptualMatch:psychological,,0.15105530619621277,0.22018585,0.20779788
3365,adore,embarrass,psychological-positive,psychological-negative,ConceptualMatchingOnly,PositiveMismatch,ConceptualMatch:psychological,,0.2477305680513382,0.19867012,0.32623374
3366,adore,discourage,psychological-positive,psychological-negative,ConceptualMatchingOnly,PositiveMismatch,ConceptualMatch:psychological,,0.09499708563089371,0.2543769,0.25071847
3367,adore,dismay,psychological-positive,psychological-negative,ConceptualMatchingOnly,PositiveMismatch,ConceptualMatch:psychological,,0.20937350392341614,0.24331237,0.28090733
3368,adore,criticize,psychological-positive,psychological-negative,ConceptualMatchingOnly,PositiveMismatch,ConceptualMatch:psychological,,0.30579179525375366,0.2646812,0.3669683
3369,adore,dread,psychological-positive,psychological-negative,ConceptualMatchingOnly,PositiveMismatch,ConceptualMatch:psychological,,0.2630346715450287,0.25891337,0.2563743
3370,cherish,offend,psychological-positive,psychological-negative,ConceptualMatchingOnly,PositiveMismatch,ConceptualMatch:psychological,,0.201667919754982,0.22465256,0.3058092
3371,cherish,despair,psychological-positive,psychological-negative,ConceptualMatchingOnly,PositiveMismatch,ConceptualMatch:psychological,,0.21068766713142395,0.30103704,0.27800375
3372,cherish,irritate,psychological-positive,psychological-negative,ConceptualMatchingOnly,PositiveMismatch,ConceptualMatch:psychological,,0.25615954399108887,0.31083077,0.336411
3373,cherish,displease,psychological-positive,psychological-negative,ConceptualMatchingOnly,PositiveMismatch,ConceptualMatch:psychological,,0.20100218057632446,0.3656937,0.2771654
3374,cherish,dishonor,psychological-positive,psychological-negative,ConceptualMatchingOnly,PositiveMismatch,ConceptualMatch:psychological,,0.30558955669403076,0.21165007,0.23762399
3375,cherish,embarrass,psychological-positive,psychological-negative,ConceptualMatchingOnly,PositiveMismatch,ConceptualMatch:psychological,,0.20208211243152618,0.21356049,0.35864094
3376,cherish,discourage,psychological-positive,psychological-negative,ConceptualMatchingOnly,PositiveMismatch,ConceptualMatch:psychological,,0.11422570794820786,0.21075648,0.21111706
3377,cherish,dismay,psychological-positive,psychological-negative,ConceptualMatchingOnly,PositiveMismatch,ConceptualMatch:psychological,,0.16512125730514526,0.33954066,0.26670676
3378,cherish,criticize,psychological-positive,psychological-negative,ConceptualMatchingOnly,PositiveMismatch,ConceptualMatch:psychological,,0.20847123861312866,0.21612209,0.29371244
3379,cherish,dread,psychological-positive,psychological-negative,ConceptualMatchingOnly,PositiveMismatch,ConceptualMatch:psychological,,0.249536395072937,0.34998846,0.296219
3380,rust,slaughter,physical-negative,physical-negative,MaxMatch,NegativeMatch,PhysicalMatch,,-0.04539443552494049,0.3717255,0.32868713
3381,rust,slash,physical-negative,physical-negative,MaxMatch,NegativeMatch,PhysicalMatch,,-0.0006811318453401327,0.35471058,0.28840026
3382,rust,crash,physical-negative,physical-negative,MaxMatch,NegativeMatch,PhysicalMatch,,0.14065730571746826,0.34079742,0.33023894
3383,rust,tear,physical-negative,physical-negative,MaxMatch,NegativeMatch,PhysicalMatch,,0.3245721459388733,0.30700243,0.25897738
3384,rust,burn,physical-negative,physical-negative,MaxMatch,NegativeMatch,PhysicalMatch,,0.1404423862695694,0.29165775,0.16515115
3385,rust,hit,physical-negative,physical-negative,MaxMatch,NegativeMatch,PhysicalMatch,,0.07575840502977371,0.2401046,0.16192955
3386,rust,stain,physical-negative,physical-negative,MaxMatch,NegativeMatch,PhysicalMatch,,0.32185155153274536,0.42448926,0.45442104
3387,rust,delete,physical-negative,physical-negative,MaxMatch,NegativeMatch,PhysicalMatch,,0.019144518300890923,0.31254372,0.18636385
3388,rust,corrode,physical-negative,physical-negative,MaxMatch,NegativeMatch,PhysicalMatch,,0.3757258951663971,0.5578883,0.56068945
3389,slaughter,slash,physical-negative,physical-negative,MaxMatch,NegativeMatch,PhysicalMatch,,0.1374601274728775,0.34341732,0.33869237
3390,slaughter,crash,physical-negative,physical-negative,MaxMatch,NegativeMatch,PhysicalMatch,,0.07062619179487228,0.31913683,0.19941933
3391,slaughter,tear,physical-negative,physical-negative,MaxMatch,NegativeMatch,PhysicalMatch,,0.11318354308605194,0.33114493,0.3247601
3392,slaughter,burn,physical-negative,physical-negative,MaxMatch,NegativeMatch,PhysicalMatch,,0.11620765179395676,0.33519402,0.25644603
3393,slaughter,hit,physical-negative,physical-negative,MaxMatch,NegativeMatch,PhysicalMatch,,-0.008490119129419327,0.34892625,0.28293973
3394,slaughter,stain,physical-negative,physical-negative,MaxMatch,NegativeMatch,PhysicalMatch,,0.043244149535894394,0.19566405,0.29085767
3395,slaughter,delete,physical-negative,physical-negative,MaxMatch,NegativeMatch,PhysicalMatch,,0.0870465636253357,0.30523646,0.2660225
3396,slaughter,corrode,physical-negative,physical-negative,MaxMatch,NegativeMatch,PhysicalMatch,,0.0011350857093930244,0.17080808,0.13343799
3397,slash,crash,physical-negative,physical-negative,MaxMatch,NegativeMatch,PhysicalMatch,,0.05396730825304985,0.32867336,0.29808792
3398,slash,tear,physical-negative,physical-negative,MaxMatch,NegativeMatch,PhysicalMatch,,0.21094459295272827,0.30830386,0.34183878
3399,slash,burn,physical-negative,physical-negative,MaxMatch,NegativeMatch,PhysicalMatch,,0.35870784521102905,0.36283278,0.2758763
3400,slash,hit,physical-negative,physical-negative,MaxMatch,NegativeMatch,PhysicalMatch,,0.19928935170173645,0.33424062,0.27390668
3401,slash,stain,physical-negative,physical-negative,MaxMatch,NegativeMatch,PhysicalMatch,,0.015316319651901722,0.28134412,0.21147677
3402,slash,delete,physical-negative,physical-negative,MaxMatch,NegativeMatch,PhysicalMatch,,0.17573310434818268,0.3558662,0.21029738
3403,slash,corrode,physical-negative,physical-negative,MaxMatch,NegativeMatch,PhysicalMatch,,0.09106037020683289,0.2493555,0.15291393
3404,crash,tear,physical-negative,physical-negative,MaxMatch,NegativeMatch,PhysicalMatch,,0.11698465794324875,0.30328584,0.4279005
3405,crash,burn,physical-negative,physical-negative,MaxMatch,NegativeMatch,PhysicalMatch,,0.20082181692123413,0.24339534,0.2427409
3406,crash,hit,physical-negative,physical-negative,MaxMatch,NegativeMatch,PhysicalMatch,,0.29239338636398315,0.3263272,0.33248353
3407,crash,stain,physical-negative,physical-negative,MaxMatch,NegativeMatch,PhysicalMatch,,0.05717433616518974,0.2403108,0.22451523
3408,crash,delete,physical-negative,physical-negative,MaxMatch,NegativeMatch,PhysicalMatch,,0.024645846337080002,0.34694937,0.23101133
3409,crash,corrode,physical-negative,physical-negative,MaxMatch,NegativeMatch,PhysicalMatch,,0.06965982168912888,0.17485145,0.24692279
3410,tear,burn,physical-negative,physical-negative,MaxMatch,NegativeMatch,PhysicalMatch,,0.32563427090644836,0.38540223,0.30824572
3411,tear,hit,physical-negative,physical-negative,MaxMatch,NegativeMatch,PhysicalMatch,,0.1526414006948471,0.30950442,0.3170371
3412,tear,stain,physical-negative,physical-negative,MaxMatch,NegativeMatch,PhysicalMatch,,0.29401731491088867,0.34564537,0.328404
3413,tear,delete,physical-negative,physical-negative,MaxMatch,NegativeMatch,PhysicalMatch,,0.14030058681964874,0.25689667,0.24953982
3414,tear,corrode,physical-negative,physical-negative,MaxMatch,NegativeMatch,PhysicalMatch,,0.2847411036491394,0.28739643,0.25704578
3415,burn,hit,physical-negative,physical-negative,MaxMatch,NegativeMatch,PhysicalMatch,,0.13814257085323334,0.44320568,0.3254307
3416,burn,stain,physical-negative,physical-negative,MaxMatch,NegativeMatch,PhysicalMatch,,0.18677835166454315,0.38080338,0.28056931
3417,burn,delete,physical-negative,physical-negative,MaxMatch,NegativeMatch,PhysicalMatch,,0.18089509010314941,0.43808722,0.38327366
3418,burn,corrode,physical-negative,physical-negative,MaxMatch,NegativeMatch,PhysicalMatch,,0.2388920783996582,0.23846869,0.20418471
3419,hit,stain,physical-negative,physical-negative,MaxMatch,NegativeMatch,PhysicalMatch,,0.025043778121471405,0.28067005,0.18808311
3420,hit,delete,physical-negative,physical-negative,MaxMatch,NegativeMatch,PhysicalMatch,,0.08423534035682678,0.3906095,0.28754115
3421,hit,corrode,physical-negative,physical-negative,MaxMatch,NegativeMatch,PhysicalMatch,,0.03909236937761307,0.18734595,0.1362196
3422,stain,delete,physical-negative,physical-negative,MaxMatch,NegativeMatch,PhysicalMatch,,0.13779249787330627,0.2600889,0.23015697
3423,stain,corrode,physical-negative,physical-negative,MaxMatch,NegativeMatch,PhysicalMatch,,0.3539230227470398,0.3729754,0.41946554
3424,delete,corrode,physical-negative,physical-negative,MaxMatch,NegativeMatch,PhysicalMatch,,0.12022706121206284,0.2356925,0.2528379
3425,offend,despair,psychological-negative,psychological-negative,MaxMatch,NegativeMatch,PsychologicalMatch,,0.10707473009824753,0.26063374,0.35297874
3426,offend,irritate,psychological-negative,psychological-negative,MaxMatch,NegativeMatch,PsychologicalMatch,,0.49591749906539917,0.32011926,0.70491815
3427,offend,displease,psychological-negative,psychological-negative,MaxMatch,NegativeMatch,PsychologicalMatch,,0.5067552924156189,0.19122753,0.5307896
3428,offend,dishonor,psychological-negative,psychological-negative,MaxMatch,NegativeMatch,PsychologicalMatch,,0.3014046251773834,0.177917,0.32824922
3429,offend,embarrass,psychological-negative,psychological-negative,MaxMatch,NegativeMatch,PsychologicalMatch,,0.5208923816680908,0.2466217,0.5104289
3430,offend,discourage,psychological-negative,psychological-negative,MaxMatch,NegativeMatch,PsychologicalMatch,,0.35086432099342346,0.3367062,0.36637914
3431,offend,dismay,psychological-negative,psychological-negative,MaxMatch,NegativeMatch,PsychologicalMatch,,0.20127135515213013,0.4006945,0.4821373
3432,offend,criticize,psychological-negative,psychological-negative,MaxMatch,NegativeMatch,PsychologicalMatch,,0.3806599974632263,0.26240972,0.4030736
3433,offend,dread,psychological-negative,psychological-negative,MaxMatch,NegativeMatch,PsychologicalMatch,,0.1620199829339981,0.20604202,0.25145137
3434,despair,irritate,psychological-negative,psychological-negative,MaxMatch,NegativeMatch,PsychologicalMatch,,0.032987259328365326,0.40213627,0.48716584
3435,despair,displease,psychological-negative,psychological-negative,MaxMatch,NegativeMatch,PsychologicalMatch,,0.11378878355026245,0.34435892,0.47748598
3436,despair,dishonor,psychological-negative,psychological-negative,MaxMatch,NegativeMatch,PsychologicalMatch,,0.2616664171218872,0.17905983,0.26517075
3437,despair,embarrass,psychological-negative,psychological-negative,MaxMatch,NegativeMatch,PsychologicalMatch,,0.10221496224403381,0.19401343,0.3289954
3438,despair,discourage,psychological-negative,psychological-negative,MaxMatch,NegativeMatch,PsychologicalMatch,,0.08378882706165314,0.40195748,0.3399111
3439,despair,dismay,psychological-negative,psychological-negative,MaxMatch,NegativeMatch,PsychologicalMatch,,0.42772629857063293,0.6475892,0.67578566
3440,despair,criticize,psychological-negative,psychological-negative,MaxMatch,NegativeMatch,PsychologicalMatch,,0.11457562446594238,0.35582283,0.30780607
3441,despair,dread,psychological-negative,psychological-negative,MaxMatch,NegativeMatch,PsychologicalMatch,,0.5685483813285828,0.47482902,0.43536747
3442,irritate,displease,psychological-negative,psychological-negative,MaxMatch,NegativeMatch,PsychologicalMatch,,0.5679619908332825,0.2863224,0.62502897
3443,irritate,dishonor,psychological-negative,psychological-negative,MaxMatch,NegativeMatch,PsychologicalMatch,,0.1450793445110321,0.15263522,0.25766063
3444,irritate,embarrass,psychological-negative,psychological-negative,MaxMatch,NegativeMatch,PsychologicalMatch,,0.4855218529701233,0.41036677,0.51876116
3445,irritate,discourage,psychological-negative,psychological-negative,MaxMatch,NegativeMatch,PsychologicalMatch,,0.3713817298412323,0.3608228,0.41176963
3446,irritate,dismay,psychological-negative,psychological-negative,MaxMatch,NegativeMatch,PsychologicalMatch,,0.26520493626594543,0.52737266,0.5988817
3447,irritate,criticize,psychological-negative,psychological-negative,MaxMatch,NegativeMatch,PsychologicalMatch,,0.33522269129753113,0.3349154,0.4680069
3448,irritate,dread,psychological-negative,psychological-negative,MaxMatch,NegativeMatch,PsychologicalMatch,,0.18436786532402039,0.27555266,0.25798565
3449,displease,dishonor,psychological-negative,psychological-negative,MaxMatch,NegativeMatch,PsychologicalMatch,,0.2510037422180176,0.2132487,0.33152294
3450,displease,embarrass,psychological-negative,psychological-negative,MaxMatch,NegativeMatch,PsychologicalMatch,,0.45492851734161377,0.2476559,0.49063897
3451,displease,discourage,psychological-negative,psychological-negative,MaxMatch,NegativeMatch,PsychologicalMatch,,0.3165840208530426,0.27354768,0.3876179
3452,displease,dismay,psychological-negative,psychological-negative,MaxMatch,NegativeMatch,PsychologicalMatch,,0.34212443232536316,0.3062837,0.65918964
3453,displease,criticize,psychological-negative,psychological-negative,MaxMatch,NegativeMatch,PsychologicalMatch,,0.45619329810142517,0.2814673,0.39640647
3454,displease,dread,psychological-negative,psychological-negative,MaxMatch,NegativeMatch,PsychologicalMatch,,0.21199944615364075,0.25239632,0.25264853
3455,dishonor,embarrass,psychological-negative,psychological-negative,MaxMatch,NegativeMatch,PsychologicalMatch,,0.3721555471420288,0.14409429,0.30145058
3456,dishonor,discourage,psychological-negative,psychological-negative,MaxMatch,NegativeMatch,PsychologicalMatch,,0.2167377769947052,0.14007828,0.1728996
3457,dishonor,dismay,psychological-negative,psychological-negative,MaxMatch,NegativeMatch,PsychologicalMatch,,0.21175146102905273,0.14455281,0.30784154
3458,dishonor,criticize,psychological-negative,psychological-negative,MaxMatch,NegativeMatch,PsychologicalMatch,,0.24736127257347107,0.18931562,0.20460507
3459,dishonor,dread,psychological-negative,psychological-negative,MaxMatch,NegativeMatch,PsychologicalMatch,,0.21479222178459167,0.15835091,0.314457
3460,embarrass,discourage,psychological-negative,psychological-negative,MaxMatch,NegativeMatch,PsychologicalMatch,,0.3966325521469116,0.30277255,0.4060254
3461,embarrass,dismay,psychological-negative,psychological-negative,MaxMatch,NegativeMatch,PsychologicalMatch,,0.2334006130695343,0.35005367,0.42434105
3462,embarrass,criticize,psychological-negative,psychological-negative,MaxMatch,NegativeMatch,PsychologicalMatch,,0.5081514120101929,0.24037147,0.4014827
3463,embarrass,dread,psychological-negative,psychological-negative,MaxMatch,NegativeMatch,PsychologicalMatch,,0.10366269946098328,0.2605039,0.18768279
3464,discourage,dismay,psychological-negative,psychological-negative,MaxMatch,NegativeMatch,PsychologicalMatch,,0.10712818801403046,0.44380468,0.306253
3465,discourage,criticize,psychological-negative,psychological-negative,MaxMatch,NegativeMatch,PsychologicalMatch,,0.2573847770690918,0.532645,0.4435963
3466,discourage,dread,psychological-negative,psychological-negative,MaxMatch,NegativeMatch,PsychologicalMatch,,0.17316043376922607,0.26480395,0.21525475
3467,dismay,criticize,psychological-negative,psychological-negative,MaxMatch,NegativeMatch,PsychologicalMatch,,0.23979228734970093,0.32761207,0.29499796
3468,dismay,dread,psychological-negative,psychological-negative,MaxMatch,NegativeMatch,PsychologicalMatch,,0.42982688546180725,0.43035,0.41219962
3469,criticize,dread,psychological-negative,psychological-negative,MaxMatch,NegativeMatch,PsychologicalMatch,,0.06325031071901321,0.28991663,0.22045982
3470,cuddle,build,physical-positive,physical-positive,MaxMatch,PositiveMatch,PhysicalMatch,,0.09541716426610947,0.18042557,0.13972381
3471,cuddle,repair,physical-positive,physical-positive,MaxMatch,PositiveMatch,PhysicalMatch,,0.017021723091602325,0.27475902,0.1492976
3472,cuddle,caress,physical-positive,physical-positive,MaxMatch,PositiveMatch,PhysicalMatch,,0.48879683017730713,0.38829708,0.55314094
3473,cuddle,hug,physical-positive,physical-positive,MaxMatch,PositiveMatch,PhysicalMatch,,0.5291231870651245,0.5109733,0.6714952
3474,cuddle,produce,physical-positive,physical-positive,MaxMatch,PositiveMatch,PhysicalMatch,,0.047184769064188004,0.18804786,0.13474126
3475,cuddle,sculpt,physical-positive,physical-positive,MaxMatch,PositiveMatch,PhysicalMatch,,0.20844519138336182,0.18606523,0.17273512
3476,cuddle,twinkle,physical-positive,physical-positive,MaxMatch,PositiveMatch,PhysicalMatch,,0.28532013297080994,0.13690862,0.11560856
3477,cuddle,decorate,physical-positive,physical-positive,MaxMatch,PositiveMatch,PhysicalMatch,,0.2999470829963684,0.18896489,0.20719208
3478,cuddle,clean,physical-positive,physical-positive,MaxMatch,PositiveMatch,PhysicalMatch,,0.1681160181760788,0.3678057,0.19702381
3479,build,repair,physical-positive,physical-positive,MaxMatch,PositiveMatch,PhysicalMatch,,0.3308221697807312,0.35206023,0.354059
3480,build,caress,physical-positive,physical-positive,MaxMatch,PositiveMatch,PhysicalMatch,,0.05632404610514641,0.14986463,0.098519504
3481,build,hug,physical-positive,physical-positive,MaxMatch,PositiveMatch,PhysicalMatch,,0.11147281527519226,0.21955049,0.20082949
3482,build,produce,physical-positive,physical-positive,MaxMatch,PositiveMatch,PhysicalMatch,,0.4018864631652832,0.31006095,0.3613504
3483,build,sculpt,physical-positive,physical-positive,MaxMatch,PositiveMatch,PhysicalMatch,,0.30622872710227966,0.26696628,0.27352756
3484,build,twinkle,physical-positive,physical-positive,MaxMatch,PositiveMatch,PhysicalMatch,,0.1037323996424675,0.16301666,0.099743344
3485,build,decorate,physical-positive,physical-positive,MaxMatch,PositiveMatch,PhysicalMatch,,0.3526977300643921,0.26291716,0.428896
3486,build,clean,physical-positive,physical-positive,MaxMatch,PositiveMatch,PhysicalMatch,,0.2252195030450821,0.31678116,0.23015577
3487,repair,caress,physical-positive,physical-positive,MaxMatch,PositiveMatch,PhysicalMatch,,0.0490255132317543,0.20110899,0.1770524
3488,repair,hug,physical-positive,physical-positive,MaxMatch,PositiveMatch,PhysicalMatch,,0.014583469368517399,0.2911489,0.17668384
3489,repair,produce,physical-positive,physical-positive,MaxMatch,PositiveMatch,PhysicalMatch,,0.11649859696626663,0.21022174,0.19429596
3490,repair,sculpt,physical-positive,physical-positive,MaxMatch,PositiveMatch,PhysicalMatch,,0.19635982811450958,0.31244737,0.22843957
3491,repair,twinkle,physical-positive,physical-positive,MaxMatch,PositiveMatch,PhysicalMatch,,0.04793120175600052,0.19666784,0.20909943
3492,repair,decorate,physical-positive,physical-positive,MaxMatch,PositiveMatch,PhysicalMatch,,0.20312362909317017,0.20157963,0.3133859
3493,repair,clean,physical-positive,physical-positive,MaxMatch,PositiveMatch,PhysicalMatch,,0.2982885241508484,0.4787684,0.3407892
3494,caress,hug,physical-positive,physical-positive,MaxMatch,PositiveMatch,PhysicalMatch,,0.4138570725917816,0.42625737,0.48062155
3495,caress,produce,physical-positive,physical-positive,MaxMatch,PositiveMatch,PhysicalMatch,,0.11293157935142517,0.16044086,0.14400351
3496,caress,sculpt,physical-positive,physical-positive,MaxMatch,PositiveMatch,PhysicalMatch,,0.36326584219932556,0.25569138,0.34983203
3497,caress,twinkle,physical-positive,physical-positive,MaxMatch,PositiveMatch,PhysicalMatch,,0.29254046082496643,0.28521124,0.2639262
3498,caress,decorate,physical-positive,physical-positive,MaxMatch,PositiveMatch,PhysicalMatch,,0.20117683708667755,0.17718464,0.23591992
3499,caress,clean,physical-positive,physical-positive,MaxMatch,PositiveMatch,PhysicalMatch,,0.08730162680149078,0.28121465,0.26631355
3500,hug,produce,physical-positive,physical-positive,MaxMatch,PositiveMatch,PhysicalMatch,,-0.021255848929286003,0.15433113,0.16889828
3501,hug,sculpt,physical-positive,physical-positive,MaxMatch,PositiveMatch,PhysicalMatch,,0.16348962485790253,0.16495262,0.18911375
3502,hug,twinkle,physical-positive,physical-positive,MaxMatch,PositiveMatch,PhysicalMatch,,0.23113736510276794,0.17972486,0.14151382
3503,hug,decorate,physical-positive,physical-positive,MaxMatch,PositiveMatch,PhysicalMatch,,0.2415410727262497,0.23683418,0.13244584
3504,hug,clean,physical-positive,physical-positive,MaxMatch,PositiveMatch,PhysicalMatch,,0.1118711456656456,0.32424513,0.16305843
3505,produce,sculpt,physical-positive,physical-positive,MaxMatch,PositiveMatch,PhysicalMatch,,0.24833032488822937,0.15906867,0.2081073
3506,produce,twinkle,physical-positive,physical-positive,MaxMatch,PositiveMatch,PhysicalMatch,,0.044491276144981384,0.173592,0.07552309
3507,produce,decorate,physical-positive,physical-positive,MaxMatch,PositiveMatch,PhysicalMatch,,0.2161639779806137,0.15507098,0.25856563
3508,produce,clean,physical-positive,physical-positive,MaxMatch,PositiveMatch,PhysicalMatch,,0.1746353656053543,0.29032928,0.22382978
3509,sculpt,twinkle,physical-positive,physical-positive,MaxMatch,PositiveMatch,PhysicalMatch,,0.1720706671476364,0.13253349,0.20953685
3510,sculpt,decorate,physical-positive,physical-positive,MaxMatch,PositiveMatch,PhysicalMatch,,0.4793703556060791,0.32924962,0.41212362
3511,sculpt,clean,physical-positive,physical-positive,MaxMatch,PositiveMatch,PhysicalMatch,,0.15045645833015442,0.2232919,0.20206794
3512,twinkle,decorate,physical-positive,physical-positive,MaxMatch,PositiveMatch,PhysicalMatch,,0.2695760428905487,0.24510522,0.23558134
3513,twinkle,clean,physical-positive,physical-positive,MaxMatch,PositiveMatch,PhysicalMatch,,0.11908330023288727,0.2163578,0.16207403
3514,decorate,clean,physical-positive,physical-positive,MaxMatch,PositiveMatch,PhysicalMatch,,0.21806934475898743,0.29945374,0.29727483
3515,content,encourage,psychological-positive,psychological-positive,MaxMatch,PositiveMatch,PsychologicalMatch,,0.14379248023033142,0.31209964,0.2433075
3516,content,appreciate,psychological-positive,psychological-positive,MaxMatch,PositiveMatch,PsychologicalMatch,,0.11546795070171356,0.23778608,0.19704615
3517,content,impress,psychological-positive,psychological-positive,MaxMatch,PositiveMatch,PsychologicalMatch,,0.01014922745525837,0.24809174,0.24756676
3518,content,like,psychological-positive,psychological-positive,MaxMatch,PositiveMatch,PsychologicalMatch,,0.08164362609386444,0.27645624,0.20308879
3519,content,reassure,psychological-positive,psychological-positive,MaxMatch,PositiveMatch,PsychologicalMatch,,0.019141480326652527,0.23768824,0.21908289
3520,content,respect,psychological-positive,psychological-positive,MaxMatch,PositiveMatch,PsychologicalMatch,,0.07057762891054153,0.3393989,0.33845437
3521,content,admire,psychological-positive,psychological-positive,MaxMatch,PositiveMatch,PsychologicalMatch,,0.05809246748685837,0.26158476,0.18296492
3522,content,adore,psychological-positive,psychological-positive,MaxMatch,PositiveMatch,PsychologicalMatch,,0.10255840420722961,0.25530827,0.16906069
3523,content,cherish,psychological-positive,psychological-positive,MaxMatch,PositiveMatch,PsychologicalMatch,,0.04414628818631172,0.23442394,0.3126811
3524,encourage,appreciate,psychological-positive,psychological-positive,MaxMatch,PositiveMatch,PsychologicalMatch,,0.32594946026802063,0.31812528,0.16213402
3525,encourage,impress,psychological-positive,psychological-positive,MaxMatch,PositiveMatch,PsychologicalMatch,,0.2375175505876541,0.43243366,0.41248813
3526,encourage,like,psychological-positive,psychological-positive,MaxMatch,PositiveMatch,PsychologicalMatch,,0.2520996034145355,0.27148923,0.16931394
3527,encourage,reassure,psychological-positive,psychological-positive,MaxMatch,PositiveMatch,PsychologicalMatch,,0.34891873598098755,0.40633234,0.4713546
3528,encourage,respect,psychological-positive,psychological-positive,MaxMatch,PositiveMatch,PsychologicalMatch,,0.14800913631916046,0.33650887,0.32410806
3529,encourage,admire,psychological-positive,psychological-positive,MaxMatch,PositiveMatch,PsychologicalMatch,,0.20867222547531128,0.3831095,0.43620777
3530,encourage,adore,psychological-positive,psychological-positive,MaxMatch,PositiveMatch,PsychologicalMatch,,0.13942325115203857,0.34725726,0.3237778
3531,encourage,cherish,psychological-positive,psychological-positive,MaxMatch,PositiveMatch,PsychologicalMatch,,0.25090327858924866,0.1856599,0.27672708
3532,appreciate,impress,psychological-positive,psychological-positive,MaxMatch,PositiveMatch,PsychologicalMatch,,0.3615514636039734,0.26075935,0.25177965
3533,appreciate,like,psychological-positive,psychological-positive,MaxMatch,PositiveMatch,PsychologicalMatch,,0.2829884886741638,0.21769768,0.20264365
3534,appreciate,reassure,psychological-positive,psychological-positive,MaxMatch,PositiveMatch,PsychologicalMatch,,0.2738235592842102,0.237176,0.16672081
3535,appreciate,respect,psychological-positive,psychological-positive,MaxMatch,PositiveMatch,PsychologicalMatch,,0.4087972640991211,0.40765846,0.36078784
3536,appreciate,admire,psychological-positive,psychological-positive,MaxMatch,PositiveMatch,PsychologicalMatch,,0.6343227028846741,0.4196348,0.38763642
3537,appreciate,adore,psychological-positive,psychological-positive,MaxMatch,PositiveMatch,PsychologicalMatch,,0.5097678303718567,0.46122313,0.31660682
3538,appreciate,cherish,psychological-positive,psychological-positive,MaxMatch,PositiveMatch,PsychologicalMatch,,0.4956810176372528,0.28080824,0.24558687
3539,impress,like,psychological-positive,psychological-positive,MaxMatch,PositiveMatch,PsychologicalMatch,,0.21358025074005127,0.2520607,0.2774672
3540,impress,reassure,psychological-positive,psychological-positive,MaxMatch,PositiveMatch,PsychologicalMatch,,0.4343515634536743,0.32565916,0.3971677
3541,impress,respect,psychological-positive,psychological-positive,MaxMatch,PositiveMatch,PsychologicalMatch,,0.2147790640592575,0.2877595,0.5260719
3542,impress,admire,psychological-positive,psychological-positive,MaxMatch,PositiveMatch,PsychologicalMatch,,0.3349081873893738,0.50811577,0.48964038
3543,impress,adore,psychological-positive,psychological-positive,MaxMatch,PositiveMatch,PsychologicalMatch,,0.33202603459358215,0.38823277,0.30521816
3544,impress,cherish,psychological-positive,psychological-positive,MaxMatch,PositiveMatch,PsychologicalMatch,,0.2462044209241867,0.33075517,0.32438636
3545,like,reassure,psychological-positive,psychological-positive,MaxMatch,PositiveMatch,PsychologicalMatch,,0.11863329261541367,0.20511287,0.14540224
3546,like,respect,psychological-positive,psychological-positive,MaxMatch,PositiveMatch,PsychologicalMatch,,0.21883638203144073,0.27485216,0.32342386
3547,like,admire,psychological-positive,psychological-positive,MaxMatch,PositiveMatch,PsychologicalMatch,,0.2937455475330353,0.24597396,0.297642
3548,like,adore,psychological-positive,psychological-positive,MaxMatch,PositiveMatch,PsychologicalMatch,,0.3837868571281433,0.2508697,0.28435802
3549,like,cherish,psychological-positive,psychological-positive,MaxMatch,PositiveMatch,PsychologicalMatch,,0.24077479541301727,0.21065393,0.29103583
3550,reassure,respect,psychological-positive,psychological-positive,MaxMatch,PositiveMatch,PsychologicalMatch,,0.1745842695236206,0.31691244,0.28193337
3551,reassure,admire,psychological-positive,psychological-positive,MaxMatch,PositiveMatch,PsychologicalMatch,,0.18192902207374573,0.25037742,0.27578178
3552,reassure,adore,psychological-positive,psychological-positive,MaxMatch,PositiveMatch,PsychologicalMatch,,0.14600542187690735,0.26368046,0.24464281
3553,reassure,cherish,psychological-positive,psychological-positive,MaxMatch,PositiveMatch,PsychologicalMatch,,0.1711822897195816,0.21342048,0.35078982
3554,respect,admire,psychological-positive,psychological-positive,MaxMatch,PositiveMatch,PsychologicalMatch,,0.3862336277961731,0.47807774,0.49884307
3555,respect,adore,psychological-positive,psychological-positive,MaxMatch,PositiveMatch,PsychologicalMatch,,0.32353734970092773,0.43733788,0.3509348
3556,respect,cherish,psychological-positive,psychological-positive,MaxMatch,PositiveMatch,PsychologicalMatch,,0.34462305903434753,0.22578819,0.36439192
3557,admire,adore,psychological-positive,psychological-positive,MaxMatch,PositiveMatch,PsychologicalMatch,,0.6373083591461182,0.5473549,0.60244334
3558,admire,cherish,psychological-positive,psychological-positive,MaxMatch,PositiveMatch,PsychologicalMatch,,0.44756901264190674,0.36377406,0.38484478
3559,adore,cherish,psychological-positive,psychological-positive,MaxMatch,PositiveMatch,PsychologicalMatch,,0.47415947914123535,0.3270197,0.5708633
3560,content,rust,psychological-positive,physical-negative,MaxMismatch,PositiveMismatch,PsychologicalMismatch,,0.07224787771701813,0.2832905,0.18099374
3561,content,slaughter,psychological-positive,physical-negative,MaxMismatch,PositiveMismatch,PsychologicalMismatch,,0.04971717670559883,0.2670284,0.20934474
3562,content,slash,psychological-positive,physical-negative,MaxMismatch,PositiveMismatch,PsychologicalMismatch,,0.04539917781949043,0.28397417,0.1288323
3563,content,crash,psychological-positive,physical-negative,MaxMismatch,PositiveMismatch,PsychologicalMismatch,,0.012181469239294529,0.2647845,0.21133646
3564,content,tear,psychological-positive,physical-negative,MaxMismatch,PositiveMismatch,PsychologicalMismatch,,0.029378127306699753,0.2751295,0.136382
3565,content,burn,psychological-positive,physical-negative,MaxMismatch,PositiveMismatch,PsychologicalMismatch,,0.08631492406129837,0.2525809,0.244369
3566,content,hit,psychological-positive,physical-negative,MaxMismatch,PositiveMismatch,PsychologicalMismatch,,0.0229718666523695,0.2586452,0.21163838
3567,content,stain,psychological-positive,physical-negative,MaxMismatch,PositiveMismatch,PsychologicalMismatch,,0.04982804134488106,0.28342554,0.24808395
3568,content,delete,psychological-positive,physical-negative,MaxMismatch,PositiveMismatch,PsychologicalMismatch,,0.2802808880805969,0.34942782,0.26032227
3569,content,corrode,psychological-positive,physical-negative,MaxMismatch,PositiveMismatch,PsychologicalMismatch,,0.0850946307182312,0.20773947,0.243601
3570,content,offend,psychological-positive,psychological-negative,MaxMismatch,PositiveMismatch,PsychologicalMismatch,,0.23598584532737732,0.21882379,0.26369354
3571,content,despair,psychological-positive,psychological-negative,MaxMismatch,PositiveMismatch,PsychologicalMismatch,,0.07680365443229675,0.17278281,0.29919994
3572,content,irritate,psychological-positive,psychological-negative,MaxMismatch,PositiveMismatch,PsychologicalMismatch,,0.1504257321357727,0.17953534,0.19664043
3573,content,displease,psychological-positive,psychological-negative,MaxMismatch,PositiveMismatch,PsychologicalMismatch,,0.14013078808784485,0.25848275,0.22471449
3574,content,dishonor,psychological-positive,psychological-negative,MaxMismatch,PositiveMismatch,PsychologicalMismatch,,0.021344348788261414,0.20795827,0.18042931
3575,content,embarrass,psychological-positive,psychological-negative,MaxMismatch,PositiveMismatch,PsychologicalMismatch,,0.08628164976835251,0.24263246,0.18787614
3576,content,discourage,psychological-positive,psychological-negative,MaxMismatch,PositiveMismatch,PsychologicalMismatch,,0.10346969217061996,0.18704262,0.16670118
3577,content,dismay,psychological-positive,psychological-negative,MaxMismatch,PositiveMismatch,PsychologicalMismatch,,0.09282739460468292,0.19123502,0.29353026
3578,content,criticize,psychological-positive,psychological-negative,MaxMismatch,PositiveMismatch,PsychologicalMismatch,,0.13394351303577423,0.23615792,0.25549698
3579,content,dread,psychological-positive,psychological-negative,MaxMismatch,PositiveMismatch,PsychologicalMismatch,,0.04183998331427574,0.18409432,0.23301445
3580,encourage,rust,psychological-positive,physical-negative,MaxMismatch,PositiveMismatch,PsychologicalMismatch,,-0.006231621373444796,0.11841853,0.10482712
3581,encourage,slaughter,psychological-positive,physical-negative,MaxMismatch,PositiveMismatch,PsychologicalMismatch,,0.052453238517045975,0.27198172,0.110531226
3582,encourage,slash,psychological-positive,physical-negative,MaxMismatch,PositiveMismatch,PsychologicalMismatch,,0.18257668614387512,0.2009195,0.07208676
3583,encourage,crash,psychological-positive,physical-negative,MaxMismatch,PositiveMismatch,PsychologicalMismatch,,0.07120843231678009,0.11404762,0.1157065
3584,encourage,tear,psychological-positive,physical-negative,MaxMismatch,PositiveMismatch,PsychologicalMismatch,,0.08503666520118713,0.17441949,0.13513927
3585,encourage,burn,psychological-positive,physical-negative,MaxMismatch,PositiveMismatch,PsychologicalMismatch,,0.14576342701911926,0.22685388,0.19013134
3586,encourage,hit,psychological-positive,physical-negative,MaxMismatch,PositiveMismatch,PsychologicalMismatch,,0.04596557840704918,0.23532957,0.16896498
3587,encourage,stain,psychological-positive,physical-negative,MaxMismatch,PositiveMismatch,PsychologicalMismatch,,0.0773845911026001,0.068000205,0.13399713
3588,encourage,delete,psychological-positive,physical-negative,MaxMismatch,PositiveMismatch,PsychologicalMismatch,,0.1757393181324005,0.2446192,0.20282008
3589,encourage,corrode,psychological-positive,physical-negative,MaxMismatch,PositiveMismatch,PsychologicalMismatch,,0.12260235100984573,0.051923428,0.14808582
3590,encourage,offend,psychological-positive,psychological-negative,MaxMismatch,PositiveMismatch,PsychologicalMismatch,,0.3028319478034973,0.22548062,0.28105736
3591,encourage,despair,psychological-positive,psychological-negative,MaxMismatch,PositiveMismatch,PsychologicalMismatch,,0.1007402092218399,0.24094492,0.29080248
3592,encourage,irritate,psychological-positive,psychological-negative,MaxMismatch,PositiveMismatch,PsychologicalMismatch,,0.28100594878196716,0.25226524,0.30067432
3593,encourage,displease,psychological-positive,psychological-negative,MaxMismatch,PositiveMismatch,PsychologicalMismatch,,0.17845188081264496,0.19995148,0.22863004
3594,encourage,dishonor,psychological-positive,psychological-negative,MaxMismatch,PositiveMismatch,PsychologicalMismatch,,0.10626890510320663,0.14684744,0.10255334
3595,encourage,embarrass,psychological-positive,psychological-negative,MaxMismatch,PositiveMismatch,PsychologicalMismatch,,0.2986193597316742,0.2454176,0.3099869
3596,encourage,discourage,psychological-positive,psychological-negative,MaxMismatch,PositiveMismatch,PsychologicalMismatch,,0.6204318404197693,0.6044004,0.73266333
3597,encourage,dismay,psychological-positive,psychological-negative,MaxMismatch,PositiveMismatch,PsychologicalMismatch,,0.047071319073438644,0.26791784,0.19788583
3598,encourage,criticize,psychological-positive,psychological-negative,MaxMismatch,PositiveMismatch,PsychologicalMismatch,,0.21943362057209015,0.43622667,0.3664192
3599,encourage,dread,psychological-positive,psychological-negative,MaxMismatch,PositiveMismatch,PsychologicalMismatch,,0.07011443376541138,0.19828528,0.15457904
3600,appreciate,rust,psychological-positive,physical-negative,MaxMismatch,PositiveMismatch,PsychologicalMismatch,,0.04536361247301102,0.14408526,0.15667844
3601,appreciate,slaughter,psychological-positive,physical-negative,MaxMismatch,PositiveMismatch,PsychologicalMismatch,,-0.005746166687458754,0.19259727,0.15155494
3602,appreciate,slash,psychological-positive,physical-negative,MaxMismatch,PositiveMismatch,PsychologicalMismatch,,0.016232604160904884,0.15697604,0.14556208
3603,appreciate,crash,psychological-positive,physical-negative,MaxMismatch,PositiveMismatch,PsychologicalMismatch,,0.03983651474118233,0.17284426,0.19995129
3604,appreciate,tear,psychological-positive,physical-negative,MaxMismatch,PositiveMismatch,PsychologicalMismatch,,0.04009007662534714,0.11062511,0.1816468
3605,appreciate,burn,psychological-positive,physical-negative,MaxMismatch,PositiveMismatch,PsychologicalMismatch,,0.12202782928943634,0.16114983,0.16092673
3606,appreciate,hit,psychological-positive,physical-negative,MaxMismatch,PositiveMismatch,PsychologicalMismatch,,0.04026912897825241,0.32472044,0.3062217
3607,appreciate,stain,psychological-positive,physical-negative,MaxMismatch,PositiveMismatch,PsychologicalMismatch,,0.05546107888221741,0.15824246,0.14221302
3608,appreciate,delete,psychological-positive,physical-negative,MaxMismatch,PositiveMismatch,PsychologicalMismatch,,0.09764932841062546,0.26281336,0.18184796
3609,appreciate,corrode,psychological-positive,physical-negative,MaxMismatch,PositiveMismatch,PsychologicalMismatch,,0.14171282947063446,0.13269857,0.099711
3610,appreciate,offend,psychological-positive,psychological-negative,MaxMismatch,PositiveMismatch,PsychologicalMismatch,,0.25775018334388733,0.2541573,0.1618533
3611,appreciate,despair,psychological-positive,psychological-negative,MaxMismatch,PositiveMismatch,PsychologicalMismatch,,0.10516815632581711,0.24543858,0.09068185
3612,appreciate,irritate,psychological-positive,psychological-negative,MaxMismatch,PositiveMismatch,PsychologicalMismatch,,0.3157413601875305,0.22542089,0.12399413
3613,appreciate,displease,psychological-positive,psychological-negative,MaxMismatch,PositiveMismatch,PsychologicalMismatch,,0.23167133331298828,0.21043889,0.13974258
3614,appreciate,dishonor,psychological-positive,psychological-negative,MaxMismatch,PositiveMismatch,PsychologicalMismatch,,0.16218550503253937,0.08769876,0.13146164
3615,appreciate,embarrass,psychological-positive,psychological-negative,MaxMismatch,PositiveMismatch,PsychologicalMismatch,,0.23357124626636505,0.20989169,0.1063298
3616,appreciate,discourage,psychological-positive,psychological-negative,MaxMismatch,PositiveMismatch,PsychologicalMismatch,,0.23434576392173767,0.24410614,0.10127461
3617,appreciate,dismay,psychological-positive,psychological-negative,MaxMismatch,PositiveMismatch,PsychologicalMismatch,,0.1606377512216568,0.26288858,0.13903525
3618,appreciate,criticize,psychological-positive,psychological-negative,MaxMismatch,PositiveMismatch,PsychologicalMismatch,,0.3312365412712097,0.27829322,0.15649794
3619,appreciate,dread,psychological-positive,psychological-negative,MaxMismatch,PositiveMismatch,PsychologicalMismatch,,0.11064372211694717,0.2345775,0.16519983
3620,impress,rust,psychological-positive,physical-negative,MaxMismatch,PositiveMismatch,PsychologicalMismatch,,0.09137855470180511,0.19677308,0.12848642
3621,impress,slaughter,psychological-positive,physical-negative,MaxMismatch,PositiveMismatch,PsychologicalMismatch,,0.08857139945030212,0.18013997,0.22297539
3622,impress,slash,psychological-positive,physical-negative,MaxMismatch,PositiveMismatch,PsychologicalMismatch,,0.16103698313236237,0.1509003,0.1273291
3623,impress,crash,psychological-positive,physical-negative,MaxMismatch,PositiveMismatch,PsychologicalMismatch,,0.055946677923202515,0.24248187,0.11682687
3624,impress,tear,psychological-positive,physical-negative,MaxMismatch,PositiveMismatch,PsychologicalMismatch,,0.0878647118806839,0.259059,0.18711482
3625,impress,burn,psychological-positive,physical-negative,MaxMismatch,PositiveMismatch,PsychologicalMismatch,,0.1278340220451355,0.22104418,0.26995298
3626,impress,hit,psychological-positive,physical-negative,MaxMismatch,PositiveMismatch,PsychologicalMismatch,,0.12492427229881287,0.35330406,0.21240821
3627,impress,stain,psychological-positive,physical-negative,MaxMismatch,PositiveMismatch,PsychologicalMismatch,,0.06033647060394287,0.2829733,0.27124816
3628,impress,delete,psychological-positive,physical-negative,MaxMismatch,PositiveMismatch,PsychologicalMismatch,,0.09649927914142609,0.21548863,0.19295889
3629,impress,corrode,psychological-positive,physical-negative,MaxMismatch,PositiveMismatch,PsychologicalMismatch,,0.16466876864433289,0.1744952,0.07121796
3630,impress,offend,psychological-positive,psychological-negative,MaxMismatch,PositiveMismatch,PsychologicalMismatch,,0.3808492422103882,0.2792796,0.381539
3631,impress,despair,psychological-positive,psychological-negative,MaxMismatch,PositiveMismatch,PsychologicalMismatch,,0.1155746802687645,0.29844052,0.226856
3632,impress,irritate,psychological-positive,psychological-negative,MaxMismatch,PositiveMismatch,PsychologicalMismatch,,0.33536869287490845,0.2646553,0.38921827
3633,impress,displease,psychological-positive,psychological-negative,MaxMismatch,PositiveMismatch,PsychologicalMismatch,,0.37915587425231934,0.31016475,0.30981138
3634,impress,dishonor,psychological-positive,psychological-negative,MaxMismatch,PositiveMismatch,PsychologicalMismatch,,0.13103936612606049,0.1574472,0.19763783
3635,impress,embarrass,psychological-positive,psychological-negative,MaxMismatch,PositiveMismatch,PsychologicalMismatch,,0.48164406418800354,0.3809986,0.45760563
3636,impress,discourage,psychological-positive,psychological-negative,MaxMismatch,PositiveMismatch,PsychologicalMismatch,,0.2696007788181305,0.2862063,0.30316675
3637,impress,dismay,psychological-positive,psychological-negative,MaxMismatch,PositiveMismatch,PsychologicalMismatch,,0.2100307196378708,0.3322628,0.35433355
3638,impress,criticize,psychological-positive,psychological-negative,MaxMismatch,PositiveMismatch,PsychologicalMismatch,,0.3115272521972656,0.22196278,0.26471016
3639,impress,dread,psychological-positive,psychological-negative,MaxMismatch,PositiveMismatch,PsychologicalMismatch,,0.14040882885456085,0.11614001,0.20630775
3640,like,rust,psychological-positive,physical-negative,MaxMismatch,PositiveMismatch,PsychologicalMismatch,,0.162192702293396,0.2111639,0.16484281
3641,like,slaughter,psychological-positive,physical-negative,MaxMismatch,PositiveMismatch,PsychologicalMismatch,,0.03243323042988777,0.2625193,0.18925107
3642,like,slash,psychological-positive,physical-negative,MaxMismatch,PositiveMismatch,PsychologicalMismatch,,0.07195121049880981,0.30163965,0.18793038
3643,like,crash,psychological-positive,physical-negative,MaxMismatch,PositiveMismatch,PsychologicalMismatch,,0.0005148136988282204,0.22976944,0.24529658
3644,like,tear,psychological-positive,physical-negative,MaxMismatch,PositiveMismatch,PsychologicalMismatch,,0.13964374363422394,0.252213,0.25867397
3645,like,burn,psychological-positive,physical-negative,MaxMismatch,PositiveMismatch,PsychologicalMismatch,,0.1339176446199417,0.29436648,0.30968052
3646,like,hit,psychological-positive,physical-negative,MaxMismatch,PositiveMismatch,PsychologicalMismatch,,0.1828802227973938,0.33375105,0.28035706
3647,like,stain,psychological-positive,physical-negative,MaxMismatch,PositiveMismatch,PsychologicalMismatch,,0.09956877678632736,0.17761038,0.18008871
3648,like,delete,psychological-positive,physical-negative,MaxMismatch,PositiveMismatch,PsychologicalMismatch,,0.06497587263584137,0.30062795,0.19341047
3649,like,corrode,psychological-positive,physical-negative,MaxMismatch,PositiveMismatch,PsychologicalMismatch,,0.09805066138505936,0.11432037,0.08968564
3650,like,offend,psychological-positive,psychological-negative,MaxMismatch,PositiveMismatch,PsychologicalMismatch,,0.20634825527668,0.24580193,0.24408588
3651,like,despair,psychological-positive,psychological-negative,MaxMismatch,PositiveMismatch,PsychologicalMismatch,,0.17109067738056183,0.15875871,0.29919654
3652,like,irritate,psychological-positive,psychological-negative,MaxMismatch,PositiveMismatch,PsychologicalMismatch,,0.2366897612810135,0.24164385,0.24738976
3653,like,displease,psychological-positive,psychological-negative,MaxMismatch,PositiveMismatch,PsychologicalMismatch,,0.2302074134349823,0.23391573,0.18664292
3654,like,dishonor,psychological-positive,psychological-negative,MaxMismatch,PositiveMismatch,PsychologicalMismatch,,0.12175160646438599,0.11908397,0.17223698
3655,like,embarrass,psychological-positive,psychological-negative,MaxMismatch,PositiveMismatch,PsychologicalMismatch,,0.2125789225101471,0.26294115,0.28316694
3656,like,discourage,psychological-positive,psychological-negative,MaxMismatch,PositiveMismatch,PsychologicalMismatch,,0.271900475025177,0.23297769,0.19330135
3657,like,dismay,psychological-positive,psychological-negative,MaxMismatch,PositiveMismatch,PsychologicalMismatch,,0.13148602843284607,0.14471471,0.25840765
3658,like,criticize,psychological-positive,psychological-negative,MaxMismatch,PositiveMismatch,PsychologicalMismatch,,0.22737015783786774,0.27645248,0.22518907
3659,like,dread,psychological-positive,psychological-negative,MaxMismatch,PositiveMismatch,PsychologicalMismatch,,0.2789795994758606,0.23793049,0.27128294
3660,reassure,rust,psychological-positive,physical-negative,MaxMismatch,PositiveMismatch,PsychologicalMismatch,,-0.01921839453279972,0.23668326,0.14404666
3661,reassure,slaughter,psychological-positive,physical-negative,MaxMismatch,PositiveMismatch,PsychologicalMismatch,,0.11404922604560852,0.2600338,0.16225865
3662,reassure,slash,psychological-positive,physical-negative,MaxMismatch,PositiveMismatch,PsychologicalMismatch,,0.15387792885303497,0.18346632,0.106059566
3663,reassure,crash,psychological-positive,physical-negative,MaxMismatch,PositiveMismatch,PsychologicalMismatch,,0.07586105912923813,0.22212204,0.1473571
3664,reassure,tear,psychological-positive,physical-negative,MaxMismatch,PositiveMismatch,PsychologicalMismatch,,0.048551518470048904,0.2747642,0.18269163
3665,reassure,burn,psychological-positive,physical-negative,MaxMismatch,PositiveMismatch,PsychologicalMismatch,,0.047135405242443085,0.33701316,0.17621663
3666,reassure,hit,psychological-positive,physical-negative,MaxMismatch,PositiveMismatch,PsychologicalMismatch,,0.0724942609667778,0.27440533,0.13563386
3667,reassure,stain,psychological-positive,physical-negative,MaxMismatch,PositiveMismatch,PsychologicalMismatch,,0.031311992555856705,0.1311399,0.18331507
3668,reassure,delete,psychological-positive,physical-negative,MaxMismatch,PositiveMismatch,PsychologicalMismatch,,0.1648976057767868,0.33033,0.1873048
3669,reassure,corrode,psychological-positive,physical-negative,MaxMismatch,PositiveMismatch,PsychologicalMismatch,,0.11008816957473755,0.15818675,0.12581804
3670,reassure,offend,psychological-positive,psychological-negative,MaxMismatch,PositiveMismatch,PsychologicalMismatch,,0.38083675503730774,0.25821373,0.27224225
3671,reassure,despair,psychological-positive,psychological-negative,MaxMismatch,PositiveMismatch,PsychologicalMismatch,,0.10325780510902405,0.4146967,0.31181717
3672,reassure,irritate,psychological-positive,psychological-negative,MaxMismatch,PositiveMismatch,PsychologicalMismatch,,0.3328695297241211,0.3141947,0.34832475
3673,reassure,displease,psychological-positive,psychological-negative,MaxMismatch,PositiveMismatch,PsychologicalMismatch,,0.28374794125556946,0.22472432,0.19516161
3674,reassure,dishonor,psychological-positive,psychological-negative,MaxMismatch,PositiveMismatch,PsychologicalMismatch,,0.08325991034507751,0.1344263,0.09995721
3675,reassure,embarrass,psychological-positive,psychological-negative,MaxMismatch,PositiveMismatch,PsychologicalMismatch,,0.43422529101371765,0.21665148,0.3262263
3676,reassure,discourage,psychological-positive,psychological-negative,MaxMismatch,PositiveMismatch,PsychologicalMismatch,,0.3430783152580261,0.46146894,0.43733397
3677,reassure,dismay,psychological-positive,psychological-negative,MaxMismatch,PositiveMismatch,PsychologicalMismatch,,0.18977685272693634,0.35449052,0.31256816
3678,reassure,criticize,psychological-positive,psychological-negative,MaxMismatch,PositiveMismatch,PsychologicalMismatch,,0.26764971017837524,0.31773087,0.28931972
3679,reassure,dread,psychological-positive,psychological-negative,MaxMismatch,PositiveMismatch,PsychologicalMismatch,,0.12885738909244537,0.33208328,0.23266956
3680,respect,rust,psychological-positive,physical-negative,MaxMismatch,PositiveMismatch,PsychologicalMismatch,,0.08723562210798264,0.24459001,0.24020167
3681,respect,slaughter,psychological-positive,physical-negative,MaxMismatch,PositiveMismatch,PsychologicalMismatch,,0.009596830233931541,0.33386508,0.36015457
3682,respect,slash,psychological-positive,physical-negative,MaxMismatch,PositiveMismatch,PsychologicalMismatch,,-0.0400128997862339,0.30498493,0.24054131
3683,respect,crash,psychological-positive,physical-negative,MaxMismatch,PositiveMismatch,PsychologicalMismatch,,-0.011206088587641716,0.19730946,0.17700595
3684,respect,tear,psychological-positive,physical-negative,MaxMismatch,PositiveMismatch,PsychologicalMismatch,,0.075899638235569,0.30826142,0.29336
3685,respect,burn,psychological-positive,physical-negative,MaxMismatch,PositiveMismatch,PsychologicalMismatch,,0.08953805267810822,0.2748321,0.27311674
3686,respect,hit,psychological-positive,physical-negative,MaxMismatch,PositiveMismatch,PsychologicalMismatch,,0.04247237741947174,0.34258944,0.29469132
3687,respect,stain,psychological-positive,physical-negative,MaxMismatch,PositiveMismatch,PsychologicalMismatch,,0.03347110003232956,0.2857572,0.22626987
3688,respect,delete,psychological-positive,physical-negative,MaxMismatch,PositiveMismatch,PsychologicalMismatch,,0.07615284621715546,0.3549763,0.2879606
3689,respect,corrode,psychological-positive,physical-negative,MaxMismatch,PositiveMismatch,PsychologicalMismatch,,0.005330744199454784,0.20520082,0.13698727
3690,respect,offend,psychological-positive,psychological-negative,MaxMismatch,PositiveMismatch,PsychologicalMismatch,,0.24309730529785156,0.2767052,0.35089508
3691,respect,despair,psychological-positive,psychological-negative,MaxMismatch,PositiveMismatch,PsychologicalMismatch,,0.10603831708431244,0.23027149,0.29938847
3692,respect,irritate,psychological-positive,psychological-negative,MaxMismatch,PositiveMismatch,PsychologicalMismatch,,0.16018837690353394,0.27122355,0.31270424
3693,respect,displease,psychological-positive,psychological-negative,MaxMismatch,PositiveMismatch,PsychologicalMismatch,,0.25932931900024414,0.31667787,0.3161878
3694,respect,dishonor,psychological-positive,psychological-negative,MaxMismatch,PositiveMismatch,PsychologicalMismatch,,0.3439047932624817,0.19345441,0.33014184
3695,respect,embarrass,psychological-positive,psychological-negative,MaxMismatch,PositiveMismatch,PsychologicalMismatch,,0.21921414136886597,0.27745965,0.3079356
3696,respect,discourage,psychological-positive,psychological-negative,MaxMismatch,PositiveMismatch,PsychologicalMismatch,,0.08991896361112595,0.25594234,0.28873256
3697,respect,dismay,psychological-positive,psychological-negative,MaxMismatch,PositiveMismatch,PsychologicalMismatch,,0.2670007050037384,0.23491879,0.34475267
3698,respect,criticize,psychological-positive,psychological-negative,MaxMismatch,PositiveMismatch,PsychologicalMismatch,,0.323713093996048,0.29781443,0.2622416
3699,respect,dread,psychological-positive,psychological-negative,MaxMismatch,PositiveMismatch,PsychologicalMismatch,,0.10854419320821762,0.37652236,0.27622548
3700,admire,rust,psychological-positive,physical-negative,MaxMismatch,PositiveMismatch,PsychologicalMismatch,,0.05468083545565605,0.16308698,0.13980499
3701,admire,slaughter,psychological-positive,physical-negative,MaxMismatch,PositiveMismatch,PsychologicalMismatch,,0.053392186760902405,0.28350395,0.19587724
3702,admire,slash,psychological-positive,physical-negative,MaxMismatch,PositiveMismatch,PsychologicalMismatch,,0.08474129438400269,0.24969184,0.1348479
3703,admire,crash,psychological-positive,physical-negative,MaxMismatch,PositiveMismatch,PsychologicalMismatch,,-0.0028091350104659796,0.19116113,0.10231246
3704,admire,tear,psychological-positive,physical-negative,MaxMismatch,PositiveMismatch,PsychologicalMismatch,,0.1368437111377716,0.29572618,0.20986953
3705,admire,burn,psychological-positive,physical-negative,MaxMismatch,PositiveMismatch,PsychologicalMismatch,,0.1471272110939026,0.27179593,0.16844948
3706,admire,hit,psychological-positive,physical-negative,MaxMismatch,PositiveMismatch,PsychologicalMismatch,,0.06008660048246384,0.34144095,0.21008028
3707,admire,stain,psychological-positive,physical-negative,MaxMismatch,PositiveMismatch,PsychologicalMismatch,,0.11460684984922409,0.24848256,0.1907859
3708,admire,delete,psychological-positive,physical-negative,MaxMismatch,PositiveMismatch,PsychologicalMismatch,,0.11152772605419159,0.2720276,0.20990412
3709,admire,corrode,psychological-positive,physical-negative,MaxMismatch,PositiveMismatch,PsychologicalMismatch,,0.10804335027933121,0.20401996,0.037243303
3710,admire,offend,psychological-positive,psychological-negative,MaxMismatch,PositiveMismatch,PsychologicalMismatch,,0.24232269823551178,0.19858313,0.32487485
3711,admire,despair,psychological-positive,psychological-negative,MaxMismatch,PositiveMismatch,PsychologicalMismatch,,0.16755026578903198,0.2869776,0.20954901
3712,admire,irritate,psychological-positive,psychological-negative,MaxMismatch,PositiveMismatch,PsychologicalMismatch,,0.3049784302711487,0.26651663,0.3128013
3713,admire,displease,psychological-positive,psychological-negative,MaxMismatch,PositiveMismatch,PsychologicalMismatch,,0.291925847530365,0.33383518,0.28178275
3714,admire,dishonor,psychological-positive,psychological-negative,MaxMismatch,PositiveMismatch,PsychologicalMismatch,,0.20640476047992706,0.22223713,0.16220763
3715,admire,embarrass,psychological-positive,psychological-negative,MaxMismatch,PositiveMismatch,PsychologicalMismatch,,0.2871256470680237,0.29418758,0.35064298
3716,admire,discourage,psychological-positive,psychological-negative,MaxMismatch,PositiveMismatch,PsychologicalMismatch,,0.13922502100467682,0.22956376,0.33365673
3717,admire,dismay,psychological-positive,psychological-negative,MaxMismatch,PositiveMismatch,PsychologicalMismatch,,0.18800467252731323,0.28988367,0.2496081
3718,admire,criticize,psychological-positive,psychological-negative,MaxMismatch,PositiveMismatch,PsychologicalMismatch,,0.44617530703544617,0.32806966,0.43941444
3719,admire,dread,psychological-positive,psychological-negative,MaxMismatch,PositiveMismatch,PsychologicalMismatch,,0.16079607605934143,0.23763475,0.23750453
3720,adore,rust,psychological-positive,physical-negative,MaxMismatch,PositiveMismatch,PsychologicalMismatch,,-0.010608387179672718,0.1877082,0.19015941
3721,adore,slaughter,psychological-positive,physical-negative,MaxMismatch,PositiveMismatch,PsychologicalMismatch,,0.09478809684515,0.26258314,0.18299691
3722,adore,slash,psychological-positive,physical-negative,MaxMismatch,PositiveMismatch,PsychologicalMismatch,,0.1191374659538269,0.24233563,0.13247898
3723,adore,crash,psychological-positive,physical-negative,MaxMismatch,PositiveMismatch,PsychologicalMismatch,,-0.03575850650668144,0.22302131,0.24556181
3724,adore,tear,psychological-positive,physical-negative,MaxMismatch,PositiveMismatch,PsychologicalMismatch,,0.1416490077972412,0.2267459,0.31702584
3725,adore,burn,psychological-positive,physical-negative,MaxMismatch,PositiveMismatch,PsychologicalMismatch,,0.1076623871922493,0.22784722,0.2339424
3726,adore,hit,psychological-positive,physical-negative,MaxMismatch,PositiveMismatch,PsychologicalMismatch,,0.07686074823141098,0.36478502,0.2545092
3727,adore,stain,psychological-positive,physical-negative,MaxMismatch,PositiveMismatch,PsychologicalMismatch,,0.12470000237226486,0.14107695,0.2039055
3728,adore,delete,psychological-positive,physical-negative,MaxMismatch,PositiveMismatch,PsychologicalMismatch,,0.13948042690753937,0.33492202,0.25761575
3729,adore,corrode,psychological-positive,physical-negative,MaxMismatch,PositiveMismatch,PsychologicalMismatch,,0.09503903239965439,0.16974327,0.11177346
3730,adore,offend,psychological-positive,psychological-negative,MaxMismatch,PositiveMismatch,PsychologicalMismatch,,0.30793821811676025,0.30438018,0.34593463
3731,adore,despair,psychological-positive,psychological-negative,MaxMismatch,PositiveMismatch,PsychologicalMismatch,,0.1656564176082611,0.24525434,0.27040958
3732,adore,irritate,psychological-positive,psychological-negative,MaxMismatch,PositiveMismatch,PsychologicalMismatch,,0.34906262159347534,0.23884083,0.33309114
3733,adore,displease,psychological-positive,psychological-negative,MaxMismatch,PositiveMismatch,PsychologicalMismatch,,0.31743451952934265,0.18670739,0.33297485
3734,adore,dishonor,psychological-positive,psychological-negative,MaxMismatch,PositiveMismatch,PsychologicalMismatch,,0.15105530619621277,0.22018585,0.20779788
3735,adore,embarrass,psychological-positive,psychological-negative,MaxMismatch,PositiveMismatch,PsychologicalMismatch,,0.2477305680513382,0.19867012,0.32623374
3736,adore,discourage,psychological-positive,psychological-negative,MaxMismatch,PositiveMismatch,PsychologicalMismatch,,0.09499708563089371,0.2543769,0.25071847
3737,adore,dismay,psychological-positive,psychological-negative,MaxMismatch,PositiveMismatch,PsychologicalMismatch,,0.20937350392341614,0.24331237,0.28090733
3738,adore,criticize,psychological-positive,psychological-negative,MaxMismatch,PositiveMismatch,PsychologicalMismatch,,0.30579179525375366,0.2646812,0.3669683
3739,adore,dread,psychological-positive,psychological-negative,MaxMismatch,PositiveMismatch,PsychologicalMismatch,,0.2630346715450287,0.25891337,0.2563743
3740,cherish,rust,psychological-positive,physical-negative,MaxMismatch,PositiveMismatch,PsychologicalMismatch,,0.06100314110517502,0.31232968,0.20179409
3741,cherish,slaughter,psychological-positive,physical-negative,MaxMismatch,PositiveMismatch,PsychologicalMismatch,,0.0062046898528933525,0.19586103,0.2797689
3742,cherish,slash,psychological-positive,physical-negative,MaxMismatch,PositiveMismatch,PsychologicalMismatch,,0.01622980274260044,0.22080605,0.20426683
3743,cherish,crash,psychological-positive,physical-negative,MaxMismatch,PositiveMismatch,PsychologicalMismatch,,0.03417806699872017,0.19122726,0.23355895
3744,cherish,tear,psychological-positive,physical-negative,MaxMismatch,PositiveMismatch,PsychologicalMismatch,,0.1638384312391281,0.24936989,0.35960498
3745,cherish,burn,psychological-positive,physical-negative,MaxMismatch,PositiveMismatch,PsychologicalMismatch,,0.1335448920726776,0.29160383,0.30529374
3746,cherish,hit,psychological-positive,physical-negative,MaxMismatch,PositiveMismatch,PsychologicalMismatch,,0.04601208120584488,0.20829341,0.25441495
3747,cherish,stain,psychological-positive,physical-negative,MaxMismatch,PositiveMismatch,PsychologicalMismatch,,0.18398602306842804,0.26286438,0.32205224
3748,cherish,delete,psychological-positive,physical-negative,MaxMismatch,PositiveMismatch,PsychologicalMismatch,,0.19602829217910767,0.2947615,0.25250322
3749,cherish,corrode,psychological-positive,physical-negative,MaxMismatch,PositiveMismatch,PsychologicalMismatch,,0.20450924336910248,0.20574698,0.19902858
3750,cherish,offend,psychological-positive,psychological-negative,MaxMismatch,PositiveMismatch,PsychologicalMismatch,,0.201667919754982,0.22465256,0.3058092
3751,cherish,despair,psychological-positive,psychological-negative,MaxMismatch,PositiveMismatch,PsychologicalMismatch,,0.21068766713142395,0.30103704,0.27800375
3752,cherish,irritate,psychological-positive,psychological-negative,MaxMismatch,PositiveMismatch,PsychologicalMismatch,,0.25615954399108887,0.31083077,0.336411
3753,cherish,displease,psychological-positive,psychological-negative,MaxMismatch,PositiveMismatch,PsychologicalMismatch,,0.20100218057632446,0.3656937,0.2771654
3754,cherish,dishonor,psychological-positive,psychological-negative,MaxMismatch,PositiveMismatch,PsychologicalMismatch,,0.30558955669403076,0.21165007,0.23762399
3755,cherish,embarrass,psychological-positive,psychological-negative,MaxMismatch,PositiveMismatch,PsychologicalMismatch,,0.20208211243152618,0.21356049,0.35864094
3756,cherish,discourage,psychological-positive,psychological-negative,MaxMismatch,PositiveMismatch,PsychologicalMismatch,,0.11422570794820786,0.21075648,0.21111706
3757,cherish,dismay,psychological-positive,psychological-negative,MaxMismatch,PositiveMismatch,PsychologicalMismatch,,0.16512125730514526,0.33954066,0.26670676
3758,cherish,criticize,psychological-positive,psychological-negative,MaxMismatch,PositiveMismatch,PsychologicalMismatch,,0.20847123861312866,0.21612209,0.29371244
3759,cherish,dread,psychological-positive,psychological-negative,MaxMismatch,PositiveMismatch,PsychologicalMismatch,,0.249536395072937,0.34998846,0.296219
3760,cuddle,cuddle,physical-positive,physical-positive,SelfPair,,,A,1.0,0.99999994,1.0000002
3761,build,build,physical-positive,physical-positive,SelfPair,,,B,1.0,1.0,1.0
3762,repair,repair,physical-positive,physical-positive,SelfPair,,,C,1.0,0.9999999,0.99999994
3763,caress,caress,physical-positive,physical-positive,SelfPair,,,D,1.0,1.0,1.0000002
3764,hug,hug,physical-positive,physical-positive,SelfPair,,,E,0.9999999403953552,1.0000001,1.0000002
3765,produce,produce,physical-positive,physical-positive,SelfPair,,,F,0.9999999403953552,1.0000001,1.0
3766,sculpt,sculpt,physical-positive,physical-positive,SelfPair,,,G,0.9999999403953552,1.0,1.0
3767,twinkle,twinkle,physical-positive,physical-positive,SelfPair,,,H,1.0,1.0000001,1.0
3768,decorate,decorate,physical-positive,physical-positive,SelfPair,,,I,1.0,1.0,1.0000001
3769,clean,clean,physical-positive,physical-positive,SelfPair,,,J,1.0,1.0000001,1.0
3770,content,content,psychological-positive,psychological-positive,SelfPair,,,AA,0.9999999403953552,1.0,1.0
3771,encourage,encourage,psychological-positive,psychological-positive,SelfPair,,,BB,1.0,1.0000002,0.9999999
3772,appreciate,appreciate,psychological-positive,psychological-positive,SelfPair,,,CC,1.0,1.0,1.0
3773,impress,impress,psychological-positive,psychological-positive,SelfPair,,,DD,0.9999999403953552,1.0,0.9999998
3774,like,like,psychological-positive,psychological-positive,SelfPair,,,EE,1.0,1.0,1.0
3775,reassure,reassure,psychological-positive,psychological-positive,SelfPair,,,FF,1.0,1.0,1.0
3776,respect,respect,psychological-positive,psychological-positive,SelfPair,,,GG,1.0,1.0,1.0000001
3777,admire,admire,psychological-positive,psychological-positive,SelfPair,,,HH,1.0000001192092896,1.0000001,1.0
3778,adore,adore,psychological-positive,psychological-positive,SelfPair,,,II,1.0,1.0000001,0.99999976
3779,cherish,cherish,psychological-positive,psychological-positive,SelfPair,,,JJ,1.0,1.0,1.0
3780,rust,rust,physical-negative,physical-negative,SelfPair,,,AAA,1.0,1.0000001,1.0
3781,slaughter,slaughter,physical-negative,physical-negative,SelfPair,,,BBB,1.0,1.0,1.0
3782,slash,slash,physical-negative,physical-negative,SelfPair,,,CCC,1.0,0.9999998,1.0000002
3783,crash,crash,physical-negative,physical-negative,SelfPair,,,DDD,1.0,1.0000001,1.0000002
3784,tear,tear,physical-negative,physical-negative,SelfPair,,,EEE,1.0,1.0,1.0000002
3785,burn,burn,physical-negative,physical-negative,SelfPair,,,FFF,1.0000001192092896,1.0000001,1.0000001
3786,hit,hit,physical-negative,physical-negative,SelfPair,,,GGG,1.0,1.0,0.9999999
3787,stain,stain,physical-negative,physical-negative,SelfPair,,,HHH,1.0,1.0000004,1.0
3788,delete,delete,physical-negative,physical-negative,SelfPair,,,III,1.0,1.0000001,1.0000004
3789,corrode,corrode,physical-negative,physical-negative,SelfPair,,,JJJ,1.0,1.0,0.9999998
3790,offend,offend,psychological-negative,psychological-negative,SelfPair,,,AAAA,1.0,0.9999999,0.9999999
3791,despair,despair,psychological-negative,psychological-negative,SelfPair,,,BBBB,1.0000001192092896,1.0,1.0
3792,irritate,irritate,psychological-negative,psychological-negative,SelfPair,,,CCCC,1.0,1.0,1.0
3793,displease,displease,psychological-negative,psychological-negative,SelfPair,,,DDDD,1.0,1.0000001,0.9999999
3794,dishonor,dishonor,psychological-negative,psychological-negative,SelfPair,,,EEEE,1.0,1.0000002,0.9999998
3795,embarrass,embarrass,psychological-negative,psychological-negative,SelfPair,,,FFFF,1.0,1.0,0.99999976
3796,discourage,discourage,psychological-negative,psychological-negative,SelfPair,,,GGGG,0.9999999403953552,1.0,0.99999994
3797,dismay,dismay,psychological-negative,psychological-negative,SelfPair,,,HHHH,1.0,1.0,1.0
3798,criticize,criticize,psychological-negative,psychological-negative,SelfPair,,,IIII,1.0,1.0,1.0
3799,dread,dread,psychological-negative,psychological-negative,SelfPair,,,JJJJ,0.9999999403953552,1.0,1.0
3800,rust,offend,physical-negative,psychological-negative,ValenceMatchingOnly,NegativeMatch,PhysicalMismatch,,0.025306135416030884,0.16095227,0.22101657
3801,rust,despair,physical-negative,psychological-negative,ValenceMatchingOnly,NegativeMatch,PhysicalMismatch,,0.09055968374013901,0.25811815,0.31560093
3802,rust,irritate,physical-negative,psychological-negative,ValenceMatchingOnly,NegativeMatch,PhysicalMismatch,,0.08387015014886856,0.22121108,0.2540043
3803,rust,displease,physical-negative,psychological-negative,ValenceMatchingOnly,NegativeMatch,PhysicalMismatch,,0.002745006699115038,0.25936103,0.17439574
3804,rust,dishonor,physical-negative,psychological-negative,ValenceMatchingOnly,NegativeMatch,PhysicalMismatch,,0.05526089295744896,0.20339105,0.3476491
3805,rust,embarrass,physical-negative,psychological-negative,ValenceMatchingOnly,NegativeMatch,PhysicalMismatch,,0.07208333909511566,0.2206595,0.17574304
3806,rust,discourage,physical-negative,psychological-negative,ValenceMatchingOnly,NegativeMatch,PhysicalMismatch,,0.048118989914655685,0.1739821,0.1331195
3807,rust,dismay,physical-negative,psychological-negative,ValenceMatchingOnly,NegativeMatch,PhysicalMismatch,,0.0879153162240982,0.2281512,0.2861737
3808,rust,criticize,physical-negative,psychological-negative,ValenceMatchingOnly,NegativeMatch,PhysicalMismatch,,-0.029261549934744835,0.18737872,0.19963896
3809,rust,dread,physical-negative,psychological-negative,ValenceMatchingOnly,NegativeMatch,PhysicalMismatch,,0.13313180208206177,0.28446525,0.38134176
3810,slaughter,offend,physical-negative,psychological-negative,ValenceMatchingOnly,NegativeMatch,PhysicalMismatch,,0.19106492400169373,0.19325823,0.27796483
3811,slaughter,despair,physical-negative,psychological-negative,ValenceMatchingOnly,NegativeMatch,PhysicalMismatch,,0.1545412689447403,0.2533656,0.35305813
3812,slaughter,irritate,physical-negative,psychological-negative,ValenceMatchingOnly,NegativeMatch,PhysicalMismatch,,0.054364338517189026,0.14148548,0.22903156
3813,slaughter,displease,physical-negative,psychological-negative,ValenceMatchingOnly,NegativeMatch,PhysicalMismatch,,0.12399686127901077,0.27889323,0.25427726
3814,slaughter,dishonor,physical-negative,psychological-negative,ValenceMatchingOnly,NegativeMatch,PhysicalMismatch,,0.1721596121788025,0.31165487,0.36505872
3815,slaughter,embarrass,physical-negative,psychological-negative,ValenceMatchingOnly,NegativeMatch,PhysicalMismatch,,0.1520819365978241,0.23648608,0.23697118
3816,slaughter,discourage,physical-negative,psychological-negative,ValenceMatchingOnly,NegativeMatch,PhysicalMismatch,,0.07578577846288681,0.20999452,0.16601318
3817,slaughter,dismay,physical-negative,psychological-negative,ValenceMatchingOnly,NegativeMatch,PhysicalMismatch,,0.09571456909179688,0.20395654,0.2809716
3818,slaughter,criticize,physical-negative,psychological-negative,ValenceMatchingOnly,NegativeMatch,PhysicalMismatch,,0.13127945363521576,0.21691054,0.16065212
3819,slaughter,dread,physical-negative,psychological-negative,ValenceMatchingOnly,NegativeMatch,PhysicalMismatch,,0.1036558523774147,0.39322972,0.3082639
3820,slash,offend,physical-negative,psychological-negative,ValenceMatchingOnly,NegativeMatch,PhysicalMismatch,,0.12042120099067688,0.18806076,0.23082878
3821,slash,despair,physical-negative,psychological-negative,ValenceMatchingOnly,NegativeMatch,PhysicalMismatch,,0.12681154906749725,0.2424042,0.27941942
3822,slash,irritate,physical-negative,psychological-negative,ValenceMatchingOnly,NegativeMatch,PhysicalMismatch,,0.21075765788555145,0.25447348,0.23419565
3823,slash,displease,physical-negative,psychological-negative,ValenceMatchingOnly,NegativeMatch,PhysicalMismatch,,0.2202349305152893,0.29524493,0.2429295
3824,slash,dishonor,physical-negative,psychological-negative,ValenceMatchingOnly,NegativeMatch,PhysicalMismatch,,0.07956703007221222,0.23297888,0.28768098
3825,slash,embarrass,physical-negative,psychological-negative,ValenceMatchingOnly,NegativeMatch,PhysicalMismatch,,0.213765949010849,0.2687729,0.1730493
3826,slash,discourage,physical-negative,psychological-negative,ValenceMatchingOnly,NegativeMatch,PhysicalMismatch,,0.19760029017925262,0.1460523,0.076569244
3827,slash,dismay,physical-negative,psychological-negative,ValenceMatchingOnly,NegativeMatch,PhysicalMismatch,,0.1986454427242279,0.2389076,0.26101688
3828,slash,criticize,physical-negative,psychological-negative,ValenceMatchingOnly,NegativeMatch,PhysicalMismatch,,0.1670013815164566,0.19774798,0.094698995
3829,slash,dread,physical-negative,psychological-negative,ValenceMatchingOnly,NegativeMatch,PhysicalMismatch,,0.10258746147155762,0.40745342,0.42334658
3830,crash,offend,physical-negative,psychological-negative,ValenceMatchingOnly,NegativeMatch,PhysicalMismatch,,0.07665561139583588,0.14126438,0.17248082
3831,crash,despair,physical-negative,psychological-negative,ValenceMatchingOnly,NegativeMatch,PhysicalMismatch,,0.09051018208265305,0.33048666,0.36038426
3832,crash,irritate,physical-negative,psychological-negative,ValenceMatchingOnly,NegativeMatch,PhysicalMismatch,,-0.013610844500362873,0.20779234,0.19368944
3833,crash,displease,physical-negative,psychological-negative,ValenceMatchingOnly,NegativeMatch,PhysicalMismatch,,0.005577252246439457,0.26911372,0.16800675
3834,crash,dishonor,physical-negative,psychological-negative,ValenceMatchingOnly,NegativeMatch,PhysicalMismatch,,0.014414187520742416,0.20205067,0.2626123
3835,crash,embarrass,physical-negative,psychological-negative,ValenceMatchingOnly,NegativeMatch,PhysicalMismatch,,0.027327392250299454,0.22828425,0.22140181
3836,crash,discourage,physical-negative,psychological-negative,ValenceMatchingOnly,NegativeMatch,PhysicalMismatch,,0.021911269053816795,0.15192294,0.089023605
3837,crash,dismay,physical-negative,psychological-negative,ValenceMatchingOnly,NegativeMatch,PhysicalMismatch,,-0.0001798660960048437,0.17714545,0.27748406
3838,crash,criticize,physical-negative,psychological-negative,ValenceMatchingOnly,NegativeMatch,PhysicalMismatch,,0.04913421720266342,0.13388798,0.21204828
3839,crash,dread,physical-negative,psychological-negative,ValenceMatchingOnly,NegativeMatch,PhysicalMismatch,,0.03061460331082344,0.18117408,0.2305942
3840,tear,offend,physical-negative,psychological-negative,ValenceMatchingOnly,NegativeMatch,PhysicalMismatch,,0.17317165434360504,0.1994935,0.25372183
3841,tear,despair,physical-negative,psychological-negative,ValenceMatchingOnly,NegativeMatch,PhysicalMismatch,,0.16763737797737122,0.36301315,0.467631
3842,tear,irritate,physical-negative,psychological-negative,ValenceMatchingOnly,NegativeMatch,PhysicalMismatch,,0.24387182295322418,0.25046575,0.3191953
3843,tear,displease,physical-negative,psychological-negative,ValenceMatchingOnly,NegativeMatch,PhysicalMismatch,,0.09821400046348572,0.3019966,0.34388542
3844,tear,dishonor,physical-negative,psychological-negative,ValenceMatchingOnly,NegativeMatch,PhysicalMismatch,,0.17390912771224976,0.21125951,0.27359405
3845,tear,embarrass,physical-negative,psychological-negative,ValenceMatchingOnly,NegativeMatch,PhysicalMismatch,,0.2412809282541275,0.26364893,0.329561
3846,tear,discourage,physical-negative,psychological-negative,ValenceMatchingOnly,NegativeMatch,PhysicalMismatch,,0.13338600099086761,0.1629208,0.14441223
3847,tear,dismay,physical-negative,psychological-negative,ValenceMatchingOnly,NegativeMatch,PhysicalMismatch,,0.13898631930351257,0.23957598,0.3950994
3848,tear,criticize,physical-negative,psychological-negative,ValenceMatchingOnly,NegativeMatch,PhysicalMismatch,,0.1615738421678543,0.15975294,0.17280659
3849,tear,dread,physical-negative,psychological-negative,ValenceMatchingOnly,NegativeMatch,PhysicalMismatch,,0.1501205563545227,0.37825057,0.29519126
3850,burn,offend,physical-negative,psychological-negative,ValenceMatchingOnly,NegativeMatch,PhysicalMismatch,,0.20186729729175568,0.30752832,0.40198243
3851,burn,despair,physical-negative,psychological-negative,ValenceMatchingOnly,NegativeMatch,PhysicalMismatch,,0.05391886457800865,0.36047488,0.26267153
3852,burn,irritate,physical-negative,psychological-negative,ValenceMatchingOnly,NegativeMatch,PhysicalMismatch,,0.28403905034065247,0.29314262,0.42190352
3853,burn,displease,physical-negative,psychological-negative,ValenceMatchingOnly,NegativeMatch,PhysicalMismatch,,0.12871037423610687,0.31498265,0.35066065
3854,burn,dishonor,physical-negative,psychological-negative,ValenceMatchingOnly,NegativeMatch,PhysicalMismatch,,0.14244097471237183,0.22605337,0.21098867
3855,burn,embarrass,physical-negative,psychological-negative,ValenceMatchingOnly,NegativeMatch,PhysicalMismatch,,0.1732507348060608,0.23839721,0.3968817
3856,burn,discourage,physical-negative,psychological-negative,ValenceMatchingOnly,NegativeMatch,PhysicalMismatch,,0.09868675470352173,0.2475008,0.27407068
3857,burn,dismay,physical-negative,psychological-negative,ValenceMatchingOnly,NegativeMatch,PhysicalMismatch,,0.08261483907699585,0.20761071,0.2809593
3858,burn,criticize,physical-negative,psychological-negative,ValenceMatchingOnly,NegativeMatch,PhysicalMismatch,,0.19280339777469635,0.22951318,0.30955213
3859,burn,dread,physical-negative,psychological-negative,ValenceMatchingOnly,NegativeMatch,PhysicalMismatch,,0.05681169778108597,0.31642607,0.14231291
3860,hit,offend,physical-negative,psychological-negative,ValenceMatchingOnly,NegativeMatch,PhysicalMismatch,,0.11158190667629242,0.25509933,0.30513626
3861,hit,despair,physical-negative,psychological-negative,ValenceMatchingOnly,NegativeMatch,PhysicalMismatch,,0.07242618501186371,0.18103743,0.20220326
3862,hit,irritate,physical-negative,psychological-negative,ValenceMatchingOnly,NegativeMatch,PhysicalMismatch,,0.09659411013126373,0.2836754,0.27042383
3863,hit,displease,physical-negative,psychological-negative,ValenceMatchingOnly,NegativeMatch,PhysicalMismatch,,0.09633584320545197,0.19496644,0.22047034
3864,hit,dishonor,physical-negative,psychological-negative,ValenceMatchingOnly,NegativeMatch,PhysicalMismatch,,-0.006529046222567558,0.25194865,0.17509538
3865,hit,embarrass,physical-negative,psychological-negative,ValenceMatchingOnly,NegativeMatch,PhysicalMismatch,,0.08846348524093628,0.26765382,0.23118256
3866,hit,discourage,physical-negative,psychological-negative,ValenceMatchingOnly,NegativeMatch,PhysicalMismatch,,0.08617828786373138,0.1833849,0.16219625
3867,hit,dismay,physical-negative,psychological-negative,ValenceMatchingOnly,NegativeMatch,PhysicalMismatch,,0.05817471072077751,0.14582624,0.19537559
3868,hit,criticize,physical-negative,psychological-negative,ValenceMatchingOnly,NegativeMatch,PhysicalMismatch,,0.13241800665855408,0.20080131,0.26022905
3869,hit,dread,physical-negative,psychological-negative,ValenceMatchingOnly,NegativeMatch,PhysicalMismatch,,0.0624614916741848,0.20662391,0.1922508
3870,stain,offend,physical-negative,psychological-negative,ValenceMatchingOnly,NegativeMatch,PhysicalMismatch,,0.13331963121891022,0.15631399,0.28439772
3871,stain,despair,physical-negative,psychological-negative,ValenceMatchingOnly,NegativeMatch,PhysicalMismatch,,0.10213683545589447,0.21003667,0.29826415
3872,stain,irritate,physical-negative,psychological-negative,ValenceMatchingOnly,NegativeMatch,PhysicalMismatch,,0.16598491370677948,0.21487674,0.31338692
3873,stain,displease,physical-negative,psychological-negative,ValenceMatchingOnly,NegativeMatch,PhysicalMismatch,,0.10021106898784637,0.21646199,0.27167574
3874,stain,dishonor,physical-negative,psychological-negative,ValenceMatchingOnly,NegativeMatch,PhysicalMismatch,,0.35182857513427734,0.19008844,0.3032382
3875,stain,embarrass,physical-negative,psychological-negative,ValenceMatchingOnly,NegativeMatch,PhysicalMismatch,,0.15365731716156006,0.31611377,0.34882218
3876,stain,discourage,physical-negative,psychological-negative,ValenceMatchingOnly,NegativeMatch,PhysicalMismatch,,0.1073949784040451,0.09234259,0.19903575
3877,stain,dismay,physical-negative,psychological-negative,ValenceMatchingOnly,NegativeMatch,PhysicalMismatch,,0.04105791077017784,0.1828979,0.31737903
3878,stain,criticize,physical-negative,psychological-negative,ValenceMatchingOnly,NegativeMatch,PhysicalMismatch,,0.12150318920612335,0.15366201,0.18338853
3879,stain,dread,physical-negative,psychological-negative,ValenceMatchingOnly,NegativeMatch,PhysicalMismatch,,0.04054633527994156,0.21347716,0.33278722
3880,delete,offend,physical-negative,psychological-negative,ValenceMatchingOnly,NegativeMatch,PhysicalMismatch,,0.30680564045906067,0.26535556,0.34967738
3881,delete,despair,physical-negative,psychological-negative,ValenceMatchingOnly,NegativeMatch,PhysicalMismatch,,-0.007746697869151831,0.2628335,0.2998983
3882,delete,irritate,physical-negative,psychological-negative,ValenceMatchingOnly,NegativeMatch,PhysicalMismatch,,0.17196694016456604,0.3032055,0.34154278
3883,delete,displease,physical-negative,psychological-negative,ValenceMatchingOnly,NegativeMatch,PhysicalMismatch,,0.20678719878196716,0.3916849,0.4273218
3884,delete,dishonor,physical-negative,psychological-negative,ValenceMatchingOnly,NegativeMatch,PhysicalMismatch,,0.15671370923519135,0.1337282,0.21917431
3885,delete,embarrass,physical-negative,psychological-negative,ValenceMatchingOnly,NegativeMatch,PhysicalMismatch,,0.23312897980213165,0.32007265,0.37616828
3886,delete,discourage,physical-negative,psychological-negative,ValenceMatchingOnly,NegativeMatch,PhysicalMismatch,,0.1733209192752838,0.29882124,0.27285463
3887,delete,dismay,physical-negative,psychological-negative,ValenceMatchingOnly,NegativeMatch,PhysicalMismatch,,-0.005534453317523003,0.19923803,0.26522166
3888,delete,criticize,physical-negative,psychological-negative,ValenceMatchingOnly,NegativeMatch,PhysicalMismatch,,0.21361267566680908,0.23111288,0.3682245
3889,delete,dread,physical-negative,psychological-negative,ValenceMatchingOnly,NegativeMatch,PhysicalMismatch,,0.01563388668000698,0.22776507,0.13110991
3890,corrode,offend,physical-negative,psychological-negative,ValenceMatchingOnly,NegativeMatch,PhysicalMismatch,,0.18413592875003815,0.09978598,0.15219706
3891,corrode,despair,physical-negative,psychological-negative,ValenceMatchingOnly,NegativeMatch,PhysicalMismatch,,0.1357564926147461,0.22325803,0.2930382
3892,corrode,irritate,physical-negative,psychological-negative,ValenceMatchingOnly,NegativeMatch,PhysicalMismatch,,0.325120747089386,0.23028214,0.23305692
3893,corrode,displease,physical-negative,psychological-negative,ValenceMatchingOnly,NegativeMatch,PhysicalMismatch,,0.13371552526950836,0.24531893,0.22195461
3894,corrode,dishonor,physical-negative,psychological-negative,ValenceMatchingOnly,NegativeMatch,PhysicalMismatch,,0.1574556827545166,0.13157077,0.2160053
3895,corrode,embarrass,physical-negative,psychological-negative,ValenceMatchingOnly,NegativeMatch,PhysicalMismatch,,0.19990456104278564,0.17262328,0.17670777
3896,corrode,discourage,physical-negative,psychological-negative,ValenceMatchingOnly,NegativeMatch,PhysicalMismatch,,0.19132156670093536,0.09482733,0.19533885
3897,corrode,dismay,physical-negative,psychological-negative,ValenceMatchingOnly,NegativeMatch,PhysicalMismatch,,0.03190453723073006,0.18280986,0.2436973
3898,corrode,criticize,physical-negative,psychological-negative,ValenceMatchingOnly,NegativeMatch,PhysicalMismatch,,0.12508203089237213,0.17402108,0.16050026
3899,corrode,dread,physical-negative,psychological-negative,ValenceMatchingOnly,NegativeMatch,PhysicalMismatch,,0.16488558053970337,0.18502897,0.25345388
3900,cuddle,content,physical-positive,psychological-positive,ValenceMatchingOnly,PositiveMatch,PhysicalMismatch,,0.07249826192855835,0.27219725,0.26083064
3901,cuddle,encourage,physical-positive,psychological-positive,ValenceMatchingOnly,PositiveMatch,PhysicalMismatch,,0.15457819402217865,0.2221895,0.22919038
3902,cuddle,appreciate,physical-positive,psychological-positive,ValenceMatchingOnly,PositiveMatch,PhysicalMismatch,,0.17874619364738464,0.22204396,0.10151381
3903,cuddle,impress,physical-positive,psychological-positive,ValenceMatchingOnly,PositiveMatch,PhysicalMismatch,,0.1658775806427002,0.16919923,0.15807411
3904,cuddle,like,physical-positive,psychological-positive,ValenceMatchingOnly,PositiveMatch,PhysicalMismatch,,0.20121996104717255,0.22018844,0.22725052
3905,cuddle,reassure,physical-positive,psychological-positive,ValenceMatchingOnly,PositiveMatch,PhysicalMismatch,,0.13532646000385284,0.2642983,0.34085822
3906,cuddle,respect,physical-positive,psychological-positive,ValenceMatchingOnly,PositiveMatch,PhysicalMismatch,,0.08094801008701324,0.31799284,0.22961172
3907,cuddle,admire,physical-positive,psychological-positive,ValenceMatchingOnly,PositiveMatch,PhysicalMismatch,,0.21799065172672272,0.22331014,0.16178843
3908,cuddle,adore,physical-positive,psychological-positive,ValenceMatchingOnly,PositiveMatch,PhysicalMismatch,,0.39910730719566345,0.25749168,0.3933709
3909,cuddle,cherish,physical-positive,psychological-positive,ValenceMatchingOnly,PositiveMatch,PhysicalMismatch,,0.2685214877128601,0.25882372,0.4220982
3910,build,content,physical-positive,psychological-positive,ValenceMatchingOnly,PositiveMatch,PhysicalMismatch,,0.015693681314587593,0.29205722,0.20771831
3911,build,encourage,physical-positive,psychological-positive,ValenceMatchingOnly,PositiveMatch,PhysicalMismatch,,0.3125212490558624,0.24023323,0.21087189
3912,build,appreciate,physical-positive,psychological-positive,ValenceMatchingOnly,PositiveMatch,PhysicalMismatch,,0.21145260334014893,0.23034948,0.22625871
3913,build,impress,physical-positive,psychological-positive,ValenceMatchingOnly,PositiveMatch,PhysicalMismatch,,0.2326665073633194,0.25261027,0.20196934
3914,build,like,physical-positive,psychological-positive,ValenceMatchingOnly,PositiveMatch,PhysicalMismatch,,0.16286601126194,0.2650299,0.12921044
3915,build,reassure,physical-positive,psychological-positive,ValenceMatchingOnly,PositiveMatch,PhysicalMismatch,,0.16886182129383087,0.27057183,0.17768055
3916,build,respect,physical-positive,psychological-positive,ValenceMatchingOnly,PositiveMatch,PhysicalMismatch,,0.10371401160955429,0.23653431,0.21785033
3917,build,admire,physical-positive,psychological-positive,ValenceMatchingOnly,PositiveMatch,PhysicalMismatch,,0.18572436273097992,0.24077618,0.2141825
3918,build,adore,physical-positive,psychological-positive,ValenceMatchingOnly,PositiveMatch,PhysicalMismatch,,0.10322747379541397,0.289354,0.26108712
3919,build,cherish,physical-positive,psychological-positive,ValenceMatchingOnly,PositiveMatch,PhysicalMismatch,,0.18258586525917053,0.17439915,0.17543188
3920,repair,content,physical-positive,psychological-positive,ValenceMatchingOnly,PositiveMatch,PhysicalMismatch,,-0.0004719881108030677,0.33014894,0.1966855
3921,repair,encourage,physical-positive,psychological-positive,ValenceMatchingOnly,PositiveMatch,PhysicalMismatch,,0.06729315966367722,0.16423154,0.24845126
3922,repair,appreciate,physical-positive,psychological-positive,ValenceMatchingOnly,PositiveMatch,PhysicalMismatch,,0.05668838322162628,0.2850914,0.19676587
3923,repair,impress,physical-positive,psychological-positive,ValenceMatchingOnly,PositiveMatch,PhysicalMismatch,,0.056371401995420456,0.22987233,0.2483761
3924,repair,like,physical-positive,psychological-positive,ValenceMatchingOnly,PositiveMatch,PhysicalMismatch,,0.0345335528254509,0.19502728,0.14115596
3925,repair,reassure,physical-positive,psychological-positive,ValenceMatchingOnly,PositiveMatch,PhysicalMismatch,,0.16223527491092682,0.3210719,0.3079018
3926,repair,respect,physical-positive,psychological-positive,ValenceMatchingOnly,PositiveMatch,PhysicalMismatch,,-0.002400969620794058,0.343216,0.20195626
3927,repair,admire,physical-positive,psychological-positive,ValenceMatchingOnly,PositiveMatch,PhysicalMismatch,,0.04459216073155403,0.25643834,0.13126339
3928,repair,adore,physical-positive,psychological-positive,ValenceMatchingOnly,PositiveMatch,PhysicalMismatch,,-0.023878853768110275,0.2581241,0.17351705
3929,repair,cherish,physical-positive,psychological-positive,ValenceMatchingOnly,PositiveMatch,PhysicalMismatch,,0.08156819641590118,0.15576479,0.2135346
3930,caress,content,physical-positive,psychological-positive,ValenceMatchingOnly,PositiveMatch,PhysicalMismatch,,0.11375196278095245,0.20383888,0.22820619
3931,caress,encourage,physical-positive,psychological-positive,ValenceMatchingOnly,PositiveMatch,PhysicalMismatch,,0.07392843812704086,0.19771837,0.2394224
3932,caress,appreciate,physical-positive,psychological-positive,ValenceMatchingOnly,PositiveMatch,PhysicalMismatch,,0.19650448858737946,0.18024069,0.14304283
3933,caress,impress,physical-positive,psychological-positive,ValenceMatchingOnly,PositiveMatch,PhysicalMismatch,,0.16721338033676147,0.2959382,0.27850035
3934,caress,like,physical-positive,psychological-positive,ValenceMatchingOnly,PositiveMatch,PhysicalMismatch,,0.17980292439460754,0.1339791,0.24909954
3935,caress,reassure,physical-positive,psychological-positive,ValenceMatchingOnly,PositiveMatch,PhysicalMismatch,,0.09654669463634491,0.2662933,0.32812595
3936,caress,respect,physical-positive,psychological-positive,ValenceMatchingOnly,PositiveMatch,PhysicalMismatch,,0.11388618499040604,0.23666659,0.288904
3937,caress,admire,physical-positive,psychological-positive,ValenceMatchingOnly,PositiveMatch,PhysicalMismatch,,0.2731073498725891,0.28224155,0.28542393
3938,caress,adore,physical-positive,psychological-positive,ValenceMatchingOnly,PositiveMatch,PhysicalMismatch,,0.31671202182769775,0.32469958,0.4126093
3939,caress,cherish,physical-positive,psychological-positive,ValenceMatchingOnly,PositiveMatch,PhysicalMismatch,,0.25588417053222656,0.32210445,0.56515384
3940,hug,content,physical-positive,psychological-positive,ValenceMatchingOnly,PositiveMatch,PhysicalMismatch,,0.01855483092367649,0.25710577,0.20772389
3941,hug,encourage,physical-positive,psychological-positive,ValenceMatchingOnly,PositiveMatch,PhysicalMismatch,,0.10955783724784851,0.3512032,0.29430825
3942,hug,appreciate,physical-positive,psychological-positive,ValenceMatchingOnly,PositiveMatch,PhysicalMismatch,,0.2190270870923996,0.31237146,0.21626687
3943,hug,impress,physical-positive,psychological-positive,ValenceMatchingOnly,PositiveMatch,PhysicalMismatch,,0.15965363383293152,0.3036511,0.21861626
3944,hug,like,physical-positive,psychological-positive,ValenceMatchingOnly,PositiveMatch,PhysicalMismatch,,0.24154123663902283,0.21309572,0.25813997
3945,hug,reassure,physical-positive,psychological-positive,ValenceMatchingOnly,PositiveMatch,PhysicalMismatch,,0.12579961121082306,0.40448254,0.4365669
3946,hug,respect,physical-positive,psychological-positive,ValenceMatchingOnly,PositiveMatch,PhysicalMismatch,,0.22523483633995056,0.38922825,0.29802138
3947,hug,admire,physical-positive,psychological-positive,ValenceMatchingOnly,PositiveMatch,PhysicalMismatch,,0.27939411997795105,0.36284998,0.2979563
3948,hug,adore,physical-positive,psychological-positive,ValenceMatchingOnly,PositiveMatch,PhysicalMismatch,,0.30331656336784363,0.36665,0.42146483
3949,hug,cherish,physical-positive,psychological-positive,ValenceMatchingOnly,PositiveMatch,PhysicalMismatch,,0.3087194263935089,0.27267322,0.40877134
3950,produce,content,physical-positive,psychological-positive,ValenceMatchingOnly,PositiveMatch,PhysicalMismatch,,0.17598959803581238,0.26562333,0.28513286
3951,produce,encourage,physical-positive,psychological-positive,ValenceMatchingOnly,PositiveMatch,PhysicalMismatch,,0.21674096584320068,0.25159398,0.26714486
3952,produce,appreciate,physical-positive,psychological-positive,ValenceMatchingOnly,PositiveMatch,PhysicalMismatch,,0.1495417207479477,0.16463906,0.16196656
3953,produce,impress,physical-positive,psychological-positive,ValenceMatchingOnly,PositiveMatch,PhysicalMismatch,,0.2397904247045517,0.2963051,0.35250685
3954,produce,like,physical-positive,psychological-positive,ValenceMatchingOnly,PositiveMatch,PhysicalMismatch,,0.1287587285041809,0.18826026,0.18564239
3955,produce,reassure,physical-positive,psychological-positive,ValenceMatchingOnly,PositiveMatch,PhysicalMismatch,,0.15125541388988495,0.1744835,0.14933306
3956,produce,respect,physical-positive,psychological-positive,ValenceMatchingOnly,PositiveMatch,PhysicalMismatch,,0.01752106286585331,0.21845397,0.3038021
3957,produce,admire,physical-positive,psychological-positive,ValenceMatchingOnly,PositiveMatch,PhysicalMismatch,,0.10214372724294662,0.15312271,0.25674915
3958,produce,adore,physical-positive,psychological-positive,ValenceMatchingOnly,PositiveMatch,PhysicalMismatch,,0.12865883111953735,0.18836614,0.23858492
3959,produce,cherish,physical-positive,psychological-positive,ValenceMatchingOnly,PositiveMatch,PhysicalMismatch,,0.11752233654260635,0.28290558,0.293458
3960,sculpt,content,physical-positive,psychological-positive,ValenceMatchingOnly,PositiveMatch,PhysicalMismatch,,0.048239924013614655,0.201228,0.17031246
3961,sculpt,encourage,physical-positive,psychological-positive,ValenceMatchingOnly,PositiveMatch,PhysicalMismatch,,0.1829797476530075,0.15221997,0.15650445
3962,sculpt,appreciate,physical-positive,psychological-positive,ValenceMatchingOnly,PositiveMatch,PhysicalMismatch,,0.18506300449371338,0.19307569,0.061687298
3963,sculpt,impress,physical-positive,psychological-positive,ValenceMatchingOnly,PositiveMatch,PhysicalMismatch,,0.20867840945720673,0.1459904,0.22708116
3964,sculpt,like,physical-positive,psychological-positive,ValenceMatchingOnly,PositiveMatch,PhysicalMismatch,,0.17680759727954865,0.17285162,0.16283378
3965,sculpt,reassure,physical-positive,psychological-positive,ValenceMatchingOnly,PositiveMatch,PhysicalMismatch,,0.02898540161550045,0.17925024,0.16176772
3966,sculpt,respect,physical-positive,psychological-positive,ValenceMatchingOnly,PositiveMatch,PhysicalMismatch,,0.06369084119796753,0.18456696,0.20395248
3967,sculpt,admire,physical-positive,psychological-positive,ValenceMatchingOnly,PositiveMatch,PhysicalMismatch,,0.2643093466758728,0.23272672,0.24108873
3968,sculpt,adore,physical-positive,psychological-positive,ValenceMatchingOnly,PositiveMatch,PhysicalMismatch,,0.22879941761493683,0.2018575,0.1535724
3969,sculpt,cherish,physical-positive,psychological-positive,ValenceMatchingOnly,PositiveMatch,PhysicalMismatch,,0.19238156080245972,0.13113336,0.28761077
3970,twinkle,content,physical-positive,psychological-positive,ValenceMatchingOnly,PositiveMatch,PhysicalMismatch,,0.02507692761719227,0.2099311,0.13382928
3971,twinkle,encourage,physical-positive,psychological-positive,ValenceMatchingOnly,PositiveMatch,PhysicalMismatch,,0.04379981756210327,0.22187161,0.11687847
3972,twinkle,appreciate,physical-positive,psychological-positive,ValenceMatchingOnly,PositiveMatch,PhysicalMismatch,,0.14692756533622742,0.13543473,0.19219601
3973,twinkle,impress,physical-positive,psychological-positive,ValenceMatchingOnly,PositiveMatch,PhysicalMismatch,,0.13212239742279053,0.38667625,0.25162837
3974,twinkle,like,physical-positive,psychological-positive,ValenceMatchingOnly,PositiveMatch,PhysicalMismatch,,0.1458466798067093,0.19732252,0.18461463
3975,twinkle,reassure,physical-positive,psychological-positive,ValenceMatchingOnly,PositiveMatch,PhysicalMismatch,,0.03774683177471161,0.19205254,0.15820347
3976,twinkle,respect,physical-positive,psychological-positive,ValenceMatchingOnly,PositiveMatch,PhysicalMismatch,,0.11584992706775665,0.07940927,0.15107664
3977,twinkle,admire,physical-positive,psychological-positive,ValenceMatchingOnly,PositiveMatch,PhysicalMismatch,,0.22507242858409882,0.23859784,0.1952951
3978,twinkle,adore,physical-positive,psychological-positive,ValenceMatchingOnly,PositiveMatch,PhysicalMismatch,,0.2612311840057373,0.19347483,0.13847974
3979,twinkle,cherish,physical-positive,psychological-positive,ValenceMatchingOnly,PositiveMatch,PhysicalMismatch,,0.2488788664340973,0.23797624,0.35084763
3980,decorate,content,physical-positive,psychological-positive,ValenceMatchingOnly,PositiveMatch,PhysicalMismatch,,0.04869399219751358,0.283764,0.26878804
3981,decorate,encourage,physical-positive,psychological-positive,ValenceMatchingOnly,PositiveMatch,PhysicalMismatch,,0.2782454490661621,0.27238357,0.2040914
3982,decorate,appreciate,physical-positive,psychological-positive,ValenceMatchingOnly,PositiveMatch,PhysicalMismatch,,0.21747371554374695,0.1719116,0.15322448
3983,decorate,impress,physical-positive,psychological-positive,ValenceMatchingOnly,PositiveMatch,PhysicalMismatch,,0.22484560310840607,0.35459822,0.32672298
3984,decorate,like,physical-positive,psychological-positive,ValenceMatchingOnly,PositiveMatch,PhysicalMismatch,,0.1672777384519577,0.17116262,0.16576195
3985,decorate,reassure,physical-positive,psychological-positive,ValenceMatchingOnly,PositiveMatch,PhysicalMismatch,,0.1182078868150711,0.20486368,0.18460749
3986,decorate,respect,physical-positive,psychological-positive,ValenceMatchingOnly,PositiveMatch,PhysicalMismatch,,0.08834044635295868,0.29261598,0.2714341
3987,decorate,admire,physical-positive,psychological-positive,ValenceMatchingOnly,PositiveMatch,PhysicalMismatch,,0.3268146514892578,0.24229708,0.2678874
3988,decorate,adore,physical-positive,psychological-positive,ValenceMatchingOnly,PositiveMatch,PhysicalMismatch,,0.3065846562385559,0.22172947,0.23637779
3989,decorate,cherish,physical-positive,psychological-positive,ValenceMatchingOnly,PositiveMatch,PhysicalMismatch,,0.29243573546409607,0.23697212,0.30675885
3990,clean,content,physical-positive,psychological-positive,ValenceMatchingOnly,PositiveMatch,PhysicalMismatch,,0.06923463940620422,0.34165737,0.1967653
3991,clean,encourage,physical-positive,psychological-positive,ValenceMatchingOnly,PositiveMatch,PhysicalMismatch,,0.2407427877187729,0.2520272,0.2525077
3992,clean,appreciate,physical-positive,psychological-positive,ValenceMatchingOnly,PositiveMatch,PhysicalMismatch,,0.0926632434129715,0.2956321,0.13427955
3993,clean,impress,physical-positive,psychological-positive,ValenceMatchingOnly,PositiveMatch,PhysicalMismatch,,0.11409321427345276,0.36466604,0.32528853
3994,clean,like,physical-positive,psychological-positive,ValenceMatchingOnly,PositiveMatch,PhysicalMismatch,,0.12324865907430649,0.3333208,0.26681915
3995,clean,reassure,physical-positive,psychological-positive,ValenceMatchingOnly,PositiveMatch,PhysicalMismatch,,0.1450597643852234,0.28654915,0.18113849
3996,clean,respect,physical-positive,psychological-positive,ValenceMatchingOnly,PositiveMatch,PhysicalMismatch,,0.07213784009218216,0.51611114,0.30839938
3997,clean,admire,physical-positive,psychological-positive,ValenceMatchingOnly,PositiveMatch,PhysicalMismatch,,0.09121186286211014,0.387509,0.26973182
3998,clean,adore,physical-positive,psychological-positive,ValenceMatchingOnly,PositiveMatch,PhysicalMismatch,,0.07670101523399353,0.32793927,0.17810223
3999,clean,cherish,physical-positive,psychological-positive,ValenceMatchingOnly,PositiveMatch,PhysicalMismatch,,0.09603244066238403,0.2878315,0.23086047
4000,annoy,imagine,abstract-negative,abstract-positive,ConceptualMatchingOnly,NegativeMismatch,ConceptualMatch:abstract,,0.2306433469057083,0.25463325,0.2511361
4001,annoy,enlighten,abstract-negative,abstract-positive,ConceptualMatchingOnly,NegativeMismatch,ConceptualMatch:abstract,,0.34031128883361816,0.25178272,0.40648288
4002,annoy,admired,abstract-negative,abstract-positive,ConceptualMatchingOnly,NegativeMismatch,ConceptualMatch:abstract,,0.13824769854545593,0.21556346,0.11982218
4003,annoy,cherish,abstract-negative,abstract-positive,ConceptualMatchingOnly,NegativeMismatch,ConceptualMatch:abstract,,0.23012147843837738,0.29206806,0.24872737
4004,annoy,hope,abstract-negative,abstract-positive,ConceptualMatchingOnly,NegativeMismatch,ConceptualMatch:abstract,,0.09316068887710571,0.26298216,0.1660536
4005,annoy,believe,abstract-negative,abstract-positive,ConceptualMatchingOnly,NegativeMismatch,ConceptualMatch:abstract,,0.13709595799446106,0.23194826,0.15242186
4006,annoy,fulfill,abstract-negative,abstract-positive,ConceptualMatchingOnly,NegativeMismatch,ConceptualMatch:abstract,,0.16303661465644836,0.19625908,0.2505604
4007,annoy,esteem,abstract-negative,abstract-positive,ConceptualMatchingOnly,NegativeMismatch,ConceptualMatch:abstract,,0.08642975986003876,0.15998615,0.21400861
4008,annoy,justify,abstract-negative,abstract-positive,ConceptualMatchingOnly,NegativeMismatch,ConceptualMatch:abstract,,0.21414299309253693,0.3350234,0.2780195
4009,annoy,respect,abstract-negative,abstract-positive,ConceptualMatchingOnly,NegativeMismatch,ConceptualMatch:abstract,,0.17835699021816254,0.24841312,0.23422338
4010,befall,imagine,abstract-negative,abstract-positive,ConceptualMatchingOnly,NegativeMismatch,ConceptualMatch:abstract,,0.29377469420433044,0.24940914,0.2425757
4011,befall,enlighten,abstract-negative,abstract-positive,ConceptualMatchingOnly,NegativeMismatch,ConceptualMatch:abstract,,0.3013598322868347,0.31155798,0.2468208
4012,befall,admired,abstract-negative,abstract-positive,ConceptualMatchingOnly,NegativeMismatch,ConceptualMatch:abstract,,0.0667596310377121,0.19026063,0.1756169
4013,befall,cherish,abstract-negative,abstract-positive,ConceptualMatchingOnly,NegativeMismatch,ConceptualMatch:abstract,,0.22447121143341064,0.27791345,0.3241081
4014,befall,hope,abstract-negative,abstract-positive,ConceptualMatchingOnly,NegativeMismatch,ConceptualMatch:abstract,,0.19202715158462524,0.2934941,0.26770082
4015,befall,believe,abstract-negative,abstract-positive,ConceptualMatchingOnly,NegativeMismatch,ConceptualMatch:abstract,,0.14009280502796173,0.24945918,0.30521268
4016,befall,fulfill,abstract-negative,abstract-positive,ConceptualMatchingOnly,NegativeMismatch,ConceptualMatch:abstract,,0.17560246586799622,0.28528795,0.2197265
4017,befall,esteem,abstract-negative,abstract-positive,ConceptualMatchingOnly,NegativeMismatch,ConceptualMatch:abstract,,0.13477180898189545,0.20350844,0.19543143
4018,befall,justify,abstract-negative,abstract-positive,ConceptualMatchingOnly,NegativeMismatch,ConceptualMatch:abstract,,0.09952418506145477,0.24730459,0.21475306
4019,befall,respect,abstract-negative,abstract-positive,ConceptualMatchingOnly,NegativeMismatch,ConceptualMatch:abstract,,0.07287297397851944,0.15444656,0.22565672
4020,criticize,imagine,abstract-negative,abstract-positive,ConceptualMatchingOnly,NegativeMismatch,ConceptualMatch:abstract,,0.2540004551410675,0.20889775,0.29640517
4021,criticize,enlighten,abstract-negative,abstract-positive,ConceptualMatchingOnly,NegativeMismatch,ConceptualMatch:abstract,,0.21082139015197754,0.3047338,0.3534616
4022,criticize,admired,abstract-negative,abstract-positive,ConceptualMatchingOnly,NegativeMismatch,ConceptualMatch:abstract,,0.3070877194404602,0.29409465,0.2645245
4023,criticize,cherish,abstract-negative,abstract-positive,ConceptualMatchingOnly,NegativeMismatch,ConceptualMatch:abstract,,0.20847123861312866,0.21612209,0.29371244
4024,criticize,hope,abstract-negative,abstract-positive,ConceptualMatchingOnly,NegativeMismatch,ConceptualMatch:abstract,,0.17241685092449188,0.20636685,0.17835504
4025,criticize,believe,abstract-negative,abstract-positive,ConceptualMatchingOnly,NegativeMismatch,ConceptualMatch:abstract,,0.3331555724143982,0.21961716,0.21353576
4026,criticize,fulfill,abstract-negative,abstract-positive,ConceptualMatchingOnly,NegativeMismatch,ConceptualMatch:abstract,,0.15517310798168182,0.09654095,0.24581338
4027,criticize,esteem,abstract-negative,abstract-positive,ConceptualMatchingOnly,NegativeMismatch,ConceptualMatch:abstract,,0.19517886638641357,0.36696967,0.26451457
4028,criticize,justify,abstract-negative,abstract-positive,ConceptualMatchingOnly,NegativeMismatch,ConceptualMatch:abstract,,0.3778327703475952,0.37461528,0.5333097
4029,criticize,respect,abstract-negative,abstract-positive,ConceptualMatchingOnly,NegativeMismatch,ConceptualMatch:abstract,,0.323713093996048,0.29781443,0.2622416
4030,exploit,imagine,abstract-negative,abstract-positive,ConceptualMatchingOnly,NegativeMismatch,ConceptualMatch:abstract,,0.14510895311832428,0.19229946,0.27167058
4031,exploit,enlighten,abstract-negative,abstract-positive,ConceptualMatchingOnly,NegativeMismatch,ConceptualMatch:abstract,,0.24617956578731537,0.23952618,0.29610604
4032,exploit,admired,abstract-negative,abstract-positive,ConceptualMatchingOnly,NegativeMismatch,ConceptualMatch:abstract,,0.0794520378112793,0.16430864,0.2464183
4033,exploit,cherish,abstract-negative,abstract-positive,ConceptualMatchingOnly,NegativeMismatch,ConceptualMatch:abstract,,0.14128483831882477,0.20324378,0.2557521
4034,exploit,hope,abstract-negative,abstract-positive,ConceptualMatchingOnly,NegativeMismatch,ConceptualMatch:abstract,,0.09915691614151001,0.16562393,0.20147337
4035,exploit,believe,abstract-negative,abstract-positive,ConceptualMatchingOnly,NegativeMismatch,ConceptualMatch:abstract,,0.12275632470846176,0.22061385,0.120202005
4036,exploit,fulfill,abstract-negative,abstract-positive,ConceptualMatchingOnly,NegativeMismatch,ConceptualMatch:abstract,,0.18995526432991028,0.20541044,0.25554448
4037,exploit,esteem,abstract-negative,abstract-positive,ConceptualMatchingOnly,NegativeMismatch,ConceptualMatch:abstract,,0.06917719542980194,0.17027304,0.25495923
4038,exploit,justify,abstract-negative,abstract-positive,ConceptualMatchingOnly,NegativeMismatch,ConceptualMatch:abstract,,0.23673051595687866,0.2635204,0.33327806
4039,exploit,respect,abstract-negative,abstract-positive,ConceptualMatchingOnly,NegativeMismatch,ConceptualMatch:abstract,,0.16011059284210205,0.27366626,0.26935646
4040,loathe,imagine,abstract-negative,abstract-positive,ConceptualMatchingOnly,NegativeMismatch,ConceptualMatch:abstract,,0.24881216883659363,0.27472264,0.27391794
4041,loathe,enlighten,abstract-negative,abstract-positive,ConceptualMatchingOnly,NegativeMismatch,ConceptualMatch:abstract,,0.11025510728359222,0.32285053,0.3874036
4042,loathe,admired,abstract-negative,abstract-positive,ConceptualMatchingOnly,NegativeMismatch,ConceptualMatch:abstract,,0.3125605881214142,0.30573764,0.22724569
4043,loathe,cherish,abstract-negative,abstract-positive,ConceptualMatchingOnly,NegativeMismatch,ConceptualMatch:abstract,,0.3308005928993225,0.28660524,0.31935656
4044,loathe,hope,abstract-negative,abstract-positive,ConceptualMatchingOnly,NegativeMismatch,ConceptualMatch:abstract,,0.19923283159732819,0.2696162,0.28287062
4045,loathe,believe,abstract-negative,abstract-positive,ConceptualMatchingOnly,NegativeMismatch,ConceptualMatch:abstract,,0.2877846360206604,0.24740955,0.26616013
4046,loathe,fulfill,abstract-negative,abstract-positive,ConceptualMatchingOnly,NegativeMismatch,ConceptualMatch:abstract,,0.02553730458021164,0.16162115,0.2989745
4047,loathe,esteem,abstract-negative,abstract-positive,ConceptualMatchingOnly,NegativeMismatch,ConceptualMatch:abstract,,0.2817271947860718,0.22645018,0.26261383
4048,loathe,justify,abstract-negative,abstract-positive,ConceptualMatchingOnly,NegativeMismatch,ConceptualMatch:abstract,,0.19522738456726074,0.21726161,0.26191223
4049,loathe,respect,abstract-negative,abstract-positive,ConceptualMatchingOnly,NegativeMismatch,ConceptualMatch:abstract,,0.2584969103336334,0.3257444,0.31037572
4050,obsess,imagine,abstract-negative,abstract-positive,ConceptualMatchingOnly,NegativeMismatch,ConceptualMatch:abstract,,0.3067341148853302,0.27043727,0.3193122
4051,obsess,enlighten,abstract-negative,abstract-positive,ConceptualMatchingOnly,NegativeMismatch,ConceptualMatch:abstract,,0.22943060100078583,0.32155764,0.28702888
4052,obsess,admired,abstract-negative,abstract-positive,ConceptualMatchingOnly,NegativeMismatch,ConceptualMatch:abstract,,0.14240820705890656,0.32028005,0.20607184
4053,obsess,cherish,abstract-negative,abstract-positive,ConceptualMatchingOnly,NegativeMismatch,ConceptualMatch:abstract,,0.302019864320755,0.30655476,0.43534708
4054,obsess,hope,abstract-negative,abstract-positive,ConceptualMatchingOnly,NegativeMismatch,ConceptualMatch:abstract,,0.1645684540271759,0.17683037,0.26711544
4055,obsess,believe,abstract-negative,abstract-positive,ConceptualMatchingOnly,NegativeMismatch,ConceptualMatch:abstract,,0.21077574789524078,0.25007188,0.2463187
4056,obsess,fulfill,abstract-negative,abstract-positive,ConceptualMatchingOnly,NegativeMismatch,ConceptualMatch:abstract,,0.05628538876771927,0.26871142,0.3206036
4057,obsess,esteem,abstract-negative,abstract-positive,ConceptualMatchingOnly,NegativeMismatch,ConceptualMatch:abstract,,0.13303254544734955,0.31309336,0.28244776
4058,obsess,justify,abstract-negative,abstract-positive,ConceptualMatchingOnly,NegativeMismatch,ConceptualMatch:abstract,,0.17859548330307007,0.29415435,0.3102249
4059,obsess,respect,abstract-negative,abstract-positive,ConceptualMatchingOnly,NegativeMismatch,ConceptualMatch:abstract,,0.13006599247455597,0.3716733,0.30627534
4060,resent,imagine,abstract-negative,abstract-positive,ConceptualMatchingOnly,NegativeMismatch,ConceptualMatch:abstract,,0.3431033790111542,0.24419963,0.18710284
4061,resent,enlighten,abstract-negative,abstract-positive,ConceptualMatchingOnly,NegativeMismatch,ConceptualMatch:abstract,,0.1224779263138771,0.25206774,0.35131684
4062,resent,admired,abstract-negative,abstract-positive,ConceptualMatchingOnly,NegativeMismatch,ConceptualMatch:abstract,,0.301786869764328,0.2816381,0.28543156
4063,resent,cherish,abstract-negative,abstract-positive,ConceptualMatchingOnly,NegativeMismatch,ConceptualMatch:abstract,,0.38021835684776306,0.26082972,0.3048417
4064,resent,hope,abstract-negative,abstract-positive,ConceptualMatchingOnly,NegativeMismatch,ConceptualMatch:abstract,,0.19992496073246002,0.18489379,0.18539596
4065,resent,believe,abstract-negative,abstract-positive,ConceptualMatchingOnly,NegativeMismatch,ConceptualMatch:abstract,,0.3319774270057678,0.18979236,0.21237752
4066,resent,fulfill,abstract-negative,abstract-positive,ConceptualMatchingOnly,NegativeMismatch,ConceptualMatch:abstract,,0.13890738785266876,0.3618052,0.35024297
4067,resent,esteem,abstract-negative,abstract-positive,ConceptualMatchingOnly,NegativeMismatch,ConceptualMatch:abstract,,0.3095594048500061,0.22142906,0.27635434
4068,resent,justify,abstract-negative,abstract-positive,ConceptualMatchingOnly,NegativeMismatch,ConceptualMatch:abstract,,0.3561779856681824,0.38244247,0.40447706
4069,resent,respect,abstract-negative,abstract-positive,ConceptualMatchingOnly,NegativeMismatch,ConceptualMatch:abstract,,0.30507826805114746,0.27052253,0.33037257
4070,scorn,imagine,abstract-negative,abstract-positive,ConceptualMatchingOnly,NegativeMismatch,ConceptualMatch:abstract,,0.13772016763687134,0.16469006,0.22649106
4071,scorn,enlighten,abstract-negative,abstract-positive,ConceptualMatchingOnly,NegativeMismatch,ConceptualMatch:abstract,,0.12203322350978851,0.22605368,0.35288066
4072,scorn,admired,abstract-negative,abstract-positive,ConceptualMatchingOnly,NegativeMismatch,ConceptualMatch:abstract,,0.2331192046403885,0.2940516,0.26565185
4073,scorn,cherish,abstract-negative,abstract-positive,ConceptualMatchingOnly,NegativeMismatch,ConceptualMatch:abstract,,0.18017733097076416,0.29272276,0.41917562
4074,scorn,hope,abstract-negative,abstract-positive,ConceptualMatchingOnly,NegativeMismatch,ConceptualMatch:abstract,,0.14666585624217987,0.17479172,0.27369264
4075,scorn,believe,abstract-negative,abstract-positive,ConceptualMatchingOnly,NegativeMismatch,ConceptualMatch:abstract,,0.16354569792747498,0.17674051,0.22447088
4076,scorn,fulfill,abstract-negative,abstract-positive,ConceptualMatchingOnly,NegativeMismatch,ConceptualMatch:abstract,,0.044570185244083405,0.22972524,0.2691499
4077,scorn,esteem,abstract-negative,abstract-positive,ConceptualMatchingOnly,NegativeMismatch,ConceptualMatch:abstract,,0.32179880142211914,0.18271834,0.41544613
4078,scorn,justify,abstract-negative,abstract-positive,ConceptualMatchingOnly,NegativeMismatch,ConceptualMatch:abstract,,0.13561038672924042,0.21398982,0.33010113
4079,scorn,respect,abstract-negative,abstract-positive,ConceptualMatchingOnly,NegativeMismatch,ConceptualMatch:abstract,,0.3439379930496216,0.24125259,0.37163448
4080,violate,imagine,abstract-negative,abstract-positive,ConceptualMatchingOnly,NegativeMismatch,ConceptualMatch:abstract,,0.10399860888719559,0.15755725,0.2795596
4081,violate,enlighten,abstract-negative,abstract-positive,ConceptualMatchingOnly,NegativeMismatch,ConceptualMatch:abstract,,0.16946806013584137,0.28647178,0.31505847
4082,violate,admired,abstract-negative,abstract-positive,ConceptualMatchingOnly,NegativeMismatch,ConceptualMatch:abstract,,0.07404576241970062,0.30748114,0.19705102
4083,violate,cherish,abstract-negative,abstract-positive,ConceptualMatchingOnly,NegativeMismatch,ConceptualMatch:abstract,,0.18369720876216888,0.17984645,0.24503222
4084,violate,hope,abstract-negative,abstract-positive,ConceptualMatchingOnly,NegativeMismatch,ConceptualMatch:abstract,,0.10911619663238525,0.24017566,0.16932002
4085,violate,believe,abstract-negative,abstract-positive,ConceptualMatchingOnly,NegativeMismatch,ConceptualMatch:abstract,,0.19460409879684448,0.22527643,0.19575197
4086,violate,fulfill,abstract-negative,abstract-positive,ConceptualMatchingOnly,NegativeMismatch,ConceptualMatch:abstract,,0.2989835739135742,0.2728963,0.41579518
4087,violate,esteem,abstract-negative,abstract-positive,ConceptualMatchingOnly,NegativeMismatch,ConceptualMatch:abstract,,0.057353224605321884,0.17754638,0.19547309
4088,violate,justify,abstract-negative,abstract-positive,ConceptualMatchingOnly,NegativeMismatch,ConceptualMatch:abstract,,0.2679039239883423,0.38244334,0.3810978
4089,violate,respect,abstract-negative,abstract-positive,ConceptualMatchingOnly,NegativeMismatch,ConceptualMatch:abstract,,0.2223334163427353,0.33265916,0.3460673
4090,worry,imagine,abstract-negative,abstract-positive,ConceptualMatchingOnly,NegativeMismatch,ConceptualMatch:abstract,,0.3727254867553711,0.3917481,0.24334553
4091,worry,enlighten,abstract-negative,abstract-positive,ConceptualMatchingOnly,NegativeMismatch,ConceptualMatch:abstract,,0.16363799571990967,0.3194505,0.23714924
4092,worry,admired,abstract-negative,abstract-positive,ConceptualMatchingOnly,NegativeMismatch,ConceptualMatch:abstract,,0.11223448812961578,0.3024398,0.14956352
4093,worry,cherish,abstract-negative,abstract-positive,ConceptualMatchingOnly,NegativeMismatch,ConceptualMatch:abstract,,0.2785952091217041,0.24130055,0.22862867
4094,worry,hope,abstract-negative,abstract-positive,ConceptualMatchingOnly,NegativeMismatch,ConceptualMatch:abstract,,0.41144874691963196,0.47358063,0.3631203
4095,worry,believe,abstract-negative,abstract-positive,ConceptualMatchingOnly,NegativeMismatch,ConceptualMatch:abstract,,0.4132029414176941,0.40185595,0.26641628
4096,worry,fulfill,abstract-negative,abstract-positive,ConceptualMatchingOnly,NegativeMismatch,ConceptualMatch:abstract,,0.05336817726492882,0.16722842,0.17500395
4097,worry,esteem,abstract-negative,abstract-positive,ConceptualMatchingOnly,NegativeMismatch,ConceptualMatch:abstract,,0.0847351923584938,0.30421573,0.2428863
4098,worry,justify,abstract-negative,abstract-positive,ConceptualMatchingOnly,NegativeMismatch,ConceptualMatch:abstract,,0.23680299520492554,0.23399304,0.23495679
4099,worry,respect,abstract-negative,abstract-positive,ConceptualMatchingOnly,NegativeMismatch,ConceptualMatch:abstract,,0.15857335925102234,0.34432608,0.27511105
4100,build,bleed,concrete-positive,concrete-negative,ConceptualMatchingOnly,PositiveMismatch,ConceptualMatch:concrete,,0.10094856470823288,0.2143865,0.16209823
4101,build,kill,concrete-positive,concrete-negative,ConceptualMatchingOnly,PositiveMismatch,ConceptualMatch:concrete,,0.2084905505180359,0.40378082,0.2973858
4102,build,murder,concrete-positive,concrete-negative,ConceptualMatchingOnly,PositiveMismatch,ConceptualMatch:concrete,,0.03477306663990021,0.29545575,0.17846075
4103,build,puke,concrete-positive,concrete-negative,ConceptualMatchingOnly,PositiveMismatch,ConceptualMatch:concrete,,0.03503306955099106,0.20639654,0.17929247
4104,build,scratch,concrete-positive,concrete-negative,ConceptualMatchingOnly,PositiveMismatch,ConceptualMatch:concrete,,0.25572508573532104,0.28096908,0.15235235
4105,build,slap,concrete-positive,concrete-negative,ConceptualMatchingOnly,PositiveMismatch,ConceptualMatch:concrete,,0.08449369668960571,0.21638401,0.11980754
4106,build,smack,concrete-positive,concrete-negative,ConceptualMatchingOnly,PositiveMismatch,ConceptualMatch:concrete,,0.1652001142501831,0.1958788,0.14640415
4107,build,spit,concrete-positive,concrete-negative,ConceptualMatchingOnly,PositiveMismatch,ConceptualMatch:concrete,,0.11249775439500809,0.21167813,0.14412509
4108,build,stab,concrete-positive,concrete-negative,ConceptualMatchingOnly,PositiveMismatch,ConceptualMatch:concrete,,0.10099692642688751,0.24080339,0.135773
4109,build,vomit,concrete-positive,concrete-negative,ConceptualMatchingOnly,PositiveMismatch,ConceptualMatch:concrete,,0.00619314331561327,0.2319498,0.1293498
4110,cook,bleed,concrete-positive,concrete-negative,ConceptualMatchingOnly,PositiveMismatch,ConceptualMatch:concrete,,0.15093743801116943,0.2668607,0.28560024
4111,cook,kill,concrete-positive,concrete-negative,ConceptualMatchingOnly,PositiveMismatch,ConceptualMatch:concrete,,0.29928481578826904,0.323411,0.35895973
4112,cook,murder,concrete-positive,concrete-negative,ConceptualMatchingOnly,PositiveMismatch,ConceptualMatch:concrete,,0.16032148897647858,0.34986234,0.2758323
4113,cook,puke,concrete-positive,concrete-negative,ConceptualMatchingOnly,PositiveMismatch,ConceptualMatch:concrete,,0.1776288002729416,0.3288216,0.30976748
4114,cook,scratch,concrete-positive,concrete-negative,ConceptualMatchingOnly,PositiveMismatch,ConceptualMatch:concrete,,0.26652243733406067,0.28067392,0.26979643
4115,cook,slap,concrete-positive,concrete-negative,ConceptualMatchingOnly,PositiveMismatch,ConceptualMatch:concrete,,0.07631926238536835,0.20362301,0.24894665
4116,cook,smack,concrete-positive,concrete-negative,ConceptualMatchingOnly,PositiveMismatch,ConceptualMatch:concrete,,0.03560936078429222,0.293468,0.1982062
4117,cook,spit,concrete-positive,concrete-negative,ConceptualMatchingOnly,PositiveMismatch,ConceptualMatch:concrete,,0.1412043273448944,0.36316544,0.23719008
4118,cook,stab,concrete-positive,concrete-negative,ConceptualMatchingOnly,PositiveMismatch,ConceptualMatch:concrete,,0.13836540281772614,0.30392307,0.23605609
4119,cook,vomit,concrete-positive,concrete-negative,ConceptualMatchingOnly,PositiveMismatch,ConceptualMatch:concrete,,0.212050661444664,0.2781337,0.25221187
4120,cuddle,bleed,concrete-positive,concrete-negative,ConceptualMatchingOnly,PositiveMismatch,ConceptualMatch:concrete,,0.12889662384986877,0.3213286,0.21261732
4121,cuddle,kill,concrete-positive,concrete-negative,ConceptualMatchingOnly,PositiveMismatch,ConceptualMatch:concrete,,0.15551529824733734,0.19094113,0.2514486
4122,cuddle,murder,concrete-positive,concrete-negative,ConceptualMatchingOnly,PositiveMismatch,ConceptualMatch:concrete,,0.07608548551797867,0.16955549,0.23477082
4123,cuddle,puke,concrete-positive,concrete-negative,ConceptualMatchingOnly,PositiveMismatch,ConceptualMatch:concrete,,0.3603563904762268,0.30054846,0.30872667
4124,cuddle,scratch,concrete-positive,concrete-negative,ConceptualMatchingOnly,PositiveMismatch,ConceptualMatch:concrete,,0.05765758082270622,0.3504002,0.3099309
4125,cuddle,slap,concrete-positive,concrete-negative,ConceptualMatchingOnly,PositiveMismatch,ConceptualMatch:concrete,,0.2236180305480957,0.22111008,0.3172847
4126,cuddle,smack,concrete-positive,concrete-negative,ConceptualMatchingOnly,PositiveMismatch,ConceptualMatch:concrete,,0.2391645312309265,0.18381175,0.2671345
4127,cuddle,spit,concrete-positive,concrete-negative,ConceptualMatchingOnly,PositiveMismatch,ConceptualMatch:concrete,,0.19597050547599792,0.31963342,0.20433506
4128,cuddle,stab,concrete-positive,concrete-negative,ConceptualMatchingOnly,PositiveMismatch,ConceptualMatch:concrete,,0.0874069556593895,0.16237338,0.19005355
4129,cuddle,vomit,concrete-positive,concrete-negative,ConceptualMatchingOnly,PositiveMismatch,ConceptualMatch:concrete,,0.35094594955444336,0.26803565,0.23198916
4130,eat,bleed,concrete-positive,concrete-negative,ConceptualMatchingOnly,PositiveMismatch,ConceptualMatch:concrete,,0.2509182393550873,0.26871192,0.35740316
4131,eat,kill,concrete-positive,concrete-negative,ConceptualMatchingOnly,PositiveMismatch,ConceptualMatch:concrete,,0.3397703468799591,0.45340455,0.45974517
4132,eat,murder,concrete-positive,concrete-negative,ConceptualMatchingOnly,PositiveMismatch,ConceptualMatch:concrete,,0.04966782033443451,0.38105348,0.2890114
4133,eat,puke,concrete-positive,concrete-negative,ConceptualMatchingOnly,PositiveMismatch,ConceptualMatch:concrete,,0.35571426153182983,0.36885345,0.4748222
4134,eat,scratch,concrete-positive,concrete-negative,ConceptualMatchingOnly,PositiveMismatch,ConceptualMatch:concrete,,0.24336545169353485,0.31537184,0.21107668
4135,eat,slap,concrete-positive,concrete-negative,ConceptualMatchingOnly,PositiveMismatch,ConceptualMatch:concrete,,0.15660682320594788,0.19188304,0.25407156
4136,eat,smack,concrete-positive,concrete-negative,ConceptualMatchingOnly,PositiveMismatch,ConceptualMatch:concrete,,0.17791754007339478,0.22952905,0.20613238
4137,eat,spit,concrete-positive,concrete-negative,ConceptualMatchingOnly,PositiveMismatch,ConceptualMatch:concrete,,0.32642245292663574,0.39472938,0.3601616
4138,eat,stab,concrete-positive,concrete-negative,ConceptualMatchingOnly,PositiveMismatch,ConceptualMatch:concrete,,0.11036819964647293,0.275951,0.243384
4139,eat,vomit,concrete-positive,concrete-negative,ConceptualMatchingOnly,PositiveMismatch,ConceptualMatch:concrete,,0.3896673321723938,0.43040603,0.429892
4140,hug,bleed,concrete-positive,concrete-negative,ConceptualMatchingOnly,PositiveMismatch,ConceptualMatch:concrete,,0.12990228831768036,0.3088236,0.32993776
4141,hug,kill,concrete-positive,concrete-negative,ConceptualMatchingOnly,PositiveMismatch,ConceptualMatch:concrete,,0.18771830201148987,0.31103325,0.35213315
4142,hug,murder,concrete-positive,concrete-negative,ConceptualMatchingOnly,PositiveMismatch,ConceptualMatch:concrete,,0.07483085244894028,0.24894948,0.29065236
4143,hug,puke,concrete-positive,concrete-negative,ConceptualMatchingOnly,PositiveMismatch,ConceptualMatch:concrete,,0.28457769751548767,0.35631156,0.32725215
4144,hug,scratch,concrete-positive,concrete-negative,ConceptualMatchingOnly,PositiveMismatch,ConceptualMatch:concrete,,0.06898321956396103,0.35947526,0.276299
4145,hug,slap,concrete-positive,concrete-negative,ConceptualMatchingOnly,PositiveMismatch,ConceptualMatch:concrete,,0.30699363350868225,0.47597268,0.39354542
4146,hug,smack,concrete-positive,concrete-negative,ConceptualMatchingOnly,PositiveMismatch,ConceptualMatch:concrete,,0.3119063973426819,0.319486,0.26894397
4147,hug,spit,concrete-positive,concrete-negative,ConceptualMatchingOnly,PositiveMismatch,ConceptualMatch:concrete,,0.260571151971817,0.34268993,0.18088803
4148,hug,stab,concrete-positive,concrete-negative,ConceptualMatchingOnly,PositiveMismatch,ConceptualMatch:concrete,,0.18046049773693085,0.30949008,0.2825039
4149,hug,vomit,concrete-positive,concrete-negative,ConceptualMatchingOnly,PositiveMismatch,ConceptualMatch:concrete,,0.2373989373445511,0.41279978,0.26620117
4150,kiss,bleed,concrete-positive,concrete-negative,ConceptualMatchingOnly,PositiveMismatch,ConceptualMatch:concrete,,0.22595420479774475,0.46564212,0.3225656
4151,kiss,kill,concrete-positive,concrete-negative,ConceptualMatchingOnly,PositiveMismatch,ConceptualMatch:concrete,,0.22864674031734467,0.40198743,0.30919266
4152,kiss,murder,concrete-positive,concrete-negative,ConceptualMatchingOnly,PositiveMismatch,ConceptualMatch:concrete,,0.14980897307395935,0.3861848,0.24065156
4153,kiss,puke,concrete-positive,concrete-negative,ConceptualMatchingOnly,PositiveMismatch,ConceptualMatch:concrete,,0.3367960453033447,0.2341961,0.33350807
4154,kiss,scratch,concrete-positive,concrete-negative,ConceptualMatchingOnly,PositiveMismatch,ConceptualMatch:concrete,,0.07428742200136185,0.278926,0.34777248
4155,kiss,slap,concrete-positive,concrete-negative,ConceptualMatchingOnly,PositiveMismatch,ConceptualMatch:concrete,,0.34532248973846436,0.3836474,0.42806447
4156,kiss,smack,concrete-positive,concrete-negative,ConceptualMatchingOnly,PositiveMismatch,ConceptualMatch:concrete,,0.29866957664489746,0.35036957,0.37107444
4157,kiss,spit,concrete-positive,concrete-negative,ConceptualMatchingOnly,PositiveMismatch,ConceptualMatch:concrete,,0.27462056279182434,0.51952076,0.45119417
4158,kiss,stab,concrete-positive,concrete-negative,ConceptualMatchingOnly,PositiveMismatch,ConceptualMatch:concrete,,0.20736758410930634,0.29710147,0.23226292
4159,kiss,vomit,concrete-positive,concrete-negative,ConceptualMatchingOnly,PositiveMismatch,ConceptualMatch:concrete,,0.30669742822647095,0.34358066,0.29266685
4160,running,bleed,concrete-positive,concrete-negative,ConceptualMatchingOnly,PositiveMismatch,ConceptualMatch:concrete,,0.17564640939235687,0.3944302,0.2574788
4161,running,kill,concrete-positive,concrete-negative,ConceptualMatchingOnly,PositiveMismatch,ConceptualMatch:concrete,,0.046246010810136795,0.4440805,0.16729662
4162,running,murder,concrete-positive,concrete-negative,ConceptualMatchingOnly,PositiveMismatch,ConceptualMatch:concrete,,0.005954688880592585,0.36738902,0.20235723
4163,running,puke,concrete-positive,concrete-negative,ConceptualMatchingOnly,PositiveMismatch,ConceptualMatch:concrete,,0.13775263726711273,0.25188613,0.19563556
4164,running,scratch,concrete-positive,concrete-negative,ConceptualMatchingOnly,PositiveMismatch,ConceptualMatch:concrete,,0.16351228952407837,0.23837766,0.2216402
4165,running,slap,concrete-positive,concrete-negative,ConceptualMatchingOnly,PositiveMismatch,ConceptualMatch:concrete,,0.05025123059749603,0.22573085,0.16484903
4166,running,smack,concrete-positive,concrete-negative,ConceptualMatchingOnly,PositiveMismatch,ConceptualMatch:concrete,,0.1679372936487198,0.24741186,0.29000667
4167,running,spit,concrete-positive,concrete-negative,ConceptualMatchingOnly,PositiveMismatch,ConceptualMatch:concrete,,0.08392143994569778,0.2800361,0.18370384
4168,running,stab,concrete-positive,concrete-negative,ConceptualMatchingOnly,PositiveMismatch,ConceptualMatch:concrete,,0.03090796247124672,0.26581806,0.21812192
4169,running,vomit,concrete-positive,concrete-negative,ConceptualMatchingOnly,PositiveMismatch,ConceptualMatch:concrete,,0.08766385912895203,0.32742232,0.19560543
4170,sail,bleed,concrete-positive,concrete-negative,ConceptualMatchingOnly,PositiveMismatch,ConceptualMatch:concrete,,0.10747610777616501,0.2859334,0.21668452
4171,sail,kill,concrete-positive,concrete-negative,ConceptualMatchingOnly,PositiveMismatch,ConceptualMatch:concrete,,0.15341627597808838,0.28963572,0.18103673
4172,sail,murder,concrete-positive,concrete-negative,ConceptualMatchingOnly,PositiveMismatch,ConceptualMatch:concrete,,0.09483113884925842,0.29278272,0.18194282
4173,sail,puke,concrete-positive,concrete-negative,ConceptualMatchingOnly,PositiveMismatch,ConceptualMatch:concrete,,0.09367653727531433,0.18779965,0.22662282
4174,sail,scratch,concrete-positive,concrete-negative,ConceptualMatchingOnly,PositiveMismatch,ConceptualMatch:concrete,,0.11505302041769028,0.27129978,0.23378342
4175,sail,slap,concrete-positive,concrete-negative,ConceptualMatchingOnly,PositiveMismatch,ConceptualMatch:concrete,,0.08541873842477798,0.32049477,0.18637258
4176,sail,smack,concrete-positive,concrete-negative,ConceptualMatchingOnly,PositiveMismatch,ConceptualMatch:concrete,,0.11669740825891495,0.23068771,0.2268046
4177,sail,spit,concrete-positive,concrete-negative,ConceptualMatchingOnly,PositiveMismatch,ConceptualMatch:concrete,,0.14433631300926208,0.26027504,0.23013596
4178,sail,stab,concrete-positive,concrete-negative,ConceptualMatchingOnly,PositiveMismatch,ConceptualMatch:concrete,,0.11741487681865692,0.26503813,0.32296276
4179,sail,vomit,concrete-positive,concrete-negative,ConceptualMatchingOnly,PositiveMismatch,ConceptualMatch:concrete,,0.0618058480322361,0.20666923,0.2084282
4180,smile,bleed,concrete-positive,concrete-negative,ConceptualMatchingOnly,PositiveMismatch,ConceptualMatch:concrete,,0.13438144326210022,0.2978886,0.17070386
4181,smile,kill,concrete-positive,concrete-negative,ConceptualMatchingOnly,PositiveMismatch,ConceptualMatch:concrete,,0.07255098968744278,0.32254675,0.2736626
4182,smile,murder,concrete-positive,concrete-negative,ConceptualMatchingOnly,PositiveMismatch,ConceptualMatch:concrete,,0.06208697333931923,0.22820513,0.22486961
4183,smile,puke,concrete-positive,concrete-negative,ConceptualMatchingOnly,PositiveMismatch,ConceptualMatch:concrete,,0.21925057470798492,0.2488046,0.28982848
4184,smile,scratch,concrete-positive,concrete-negative,ConceptualMatchingOnly,PositiveMismatch,ConceptualMatch:concrete,,0.14035801589488983,0.2420258,0.24419962
4185,smile,slap,concrete-positive,concrete-negative,ConceptualMatchingOnly,PositiveMismatch,ConceptualMatch:concrete,,0.24540120363235474,0.36554995,0.30742145
4186,smile,smack,concrete-positive,concrete-negative,ConceptualMatchingOnly,PositiveMismatch,ConceptualMatch:concrete,,0.17286542057991028,0.22978386,0.22511701
4187,smile,spit,concrete-positive,concrete-negative,ConceptualMatchingOnly,PositiveMismatch,ConceptualMatch:concrete,,0.25592824816703796,0.36164677,0.24229327
4188,smile,stab,concrete-positive,concrete-negative,ConceptualMatchingOnly,PositiveMismatch,ConceptualMatch:concrete,,0.1233062818646431,0.26573676,0.18161826
4189,smile,vomit,concrete-positive,concrete-negative,ConceptualMatchingOnly,PositiveMismatch,ConceptualMatch:concrete,,0.17369922995567322,0.19411817,0.24066481
4190,swing,bleed,concrete-positive,concrete-negative,ConceptualMatchingOnly,PositiveMismatch,ConceptualMatch:concrete,,0.10509461909532547,0.19896808,0.28763002
4191,swing,kill,concrete-positive,concrete-negative,ConceptualMatchingOnly,PositiveMismatch,ConceptualMatch:concrete,,0.01847142167389393,0.20692971,0.20898652
4192,swing,murder,concrete-positive,concrete-negative,ConceptualMatchingOnly,PositiveMismatch,ConceptualMatch:concrete,,0.024007439613342285,0.28251767,0.25365055
4193,swing,puke,concrete-positive,concrete-negative,ConceptualMatchingOnly,PositiveMismatch,ConceptualMatch:concrete,,0.1391621083021164,0.19319667,0.16659918
4194,swing,scratch,concrete-positive,concrete-negative,ConceptualMatchingOnly,PositiveMismatch,ConceptualMatch:concrete,,0.08365418016910553,0.2035024,0.1714323
4195,swing,slap,concrete-positive,concrete-negative,ConceptualMatchingOnly,PositiveMismatch,ConceptualMatch:concrete,,0.15943585336208344,0.36607894,0.32198614
4196,swing,smack,concrete-positive,concrete-negative,ConceptualMatchingOnly,PositiveMismatch,ConceptualMatch:concrete,,0.2063789665699005,0.4836877,0.3431965
4197,swing,spit,concrete-positive,concrete-negative,ConceptualMatchingOnly,PositiveMismatch,ConceptualMatch:concrete,,0.026605617254972458,0.17402028,0.1788511
4198,swing,stab,concrete-positive,concrete-negative,ConceptualMatchingOnly,PositiveMismatch,ConceptualMatch:concrete,,0.15433795750141144,0.28248712,0.41038692
4199,swing,vomit,concrete-positive,concrete-negative,ConceptualMatchingOnly,PositiveMismatch,ConceptualMatch:concrete,,-0.015738246962428093,0.21848212,0.11995076
4200,annoy,befall,abstract-negative,abstract-negative,MaxMatch,NegativeMatch,AbstractMatch,,0.2298499345779419,0.2453298,0.18164122
4201,annoy,criticize,abstract-negative,abstract-negative,MaxMatch,NegativeMatch,AbstractMatch,,0.30135831236839294,0.3269484,0.42952514
4202,annoy,exploit,abstract-negative,abstract-negative,MaxMatch,NegativeMatch,AbstractMatch,,0.1898968666791916,0.2660139,0.26521564
4203,annoy,loathe,abstract-negative,abstract-negative,MaxMatch,NegativeMatch,AbstractMatch,,0.3894202709197998,0.42328745,0.3738652
4204,annoy,obsess,abstract-negative,abstract-negative,MaxMatch,NegativeMatch,AbstractMatch,,0.39849385619163513,0.3371995,0.3782096
4205,annoy,resent,abstract-negative,abstract-negative,MaxMatch,NegativeMatch,AbstractMatch,,0.3865481913089752,0.21065913,0.30693042
4206,annoy,scorn,abstract-negative,abstract-negative,MaxMatch,NegativeMatch,AbstractMatch,,0.20605286955833435,0.13043936,0.43635407
4207,annoy,violate,abstract-negative,abstract-negative,MaxMatch,NegativeMatch,AbstractMatch,,0.2512736916542053,0.3524837,0.35154155
4208,annoy,worry,abstract-negative,abstract-negative,MaxMatch,NegativeMatch,AbstractMatch,,0.34386542439460754,0.31833407,0.33251292
4209,befall,criticize,abstract-negative,abstract-negative,MaxMatch,NegativeMatch,AbstractMatch,,0.11359024047851562,0.20292145,0.23291054
4210,befall,exploit,abstract-negative,abstract-negative,MaxMatch,NegativeMatch,AbstractMatch,,0.258736789226532,0.26881966,0.20169103
4211,befall,loathe,abstract-negative,abstract-negative,MaxMatch,NegativeMatch,AbstractMatch,,0.22662398219108582,0.18381298,0.258081
4212,befall,obsess,abstract-negative,abstract-negative,MaxMatch,NegativeMatch,AbstractMatch,,0.2479192614555359,0.231406,0.22349045
4213,befall,resent,abstract-negative,abstract-negative,MaxMatch,NegativeMatch,AbstractMatch,,0.15438693761825562,0.28345424,0.21856128
4214,befall,scorn,abstract-negative,abstract-negative,MaxMatch,NegativeMatch,AbstractMatch,,0.14314007759094238,0.2578141,0.35214204
4215,befall,violate,abstract-negative,abstract-negative,MaxMatch,NegativeMatch,AbstractMatch,,0.09871334582567215,0.1982243,0.21037595
4216,befall,worry,abstract-negative,abstract-negative,MaxMatch,NegativeMatch,AbstractMatch,,0.2872614562511444,0.27008852,0.26129693
4217,criticize,exploit,abstract-negative,abstract-negative,MaxMatch,NegativeMatch,AbstractMatch,,0.25064730644226074,0.1966894,0.31691462
4218,criticize,loathe,abstract-negative,abstract-negative,MaxMatch,NegativeMatch,AbstractMatch,,0.4255521893501282,0.22483766,0.37677443
4219,criticize,obsess,abstract-negative,abstract-negative,MaxMatch,NegativeMatch,AbstractMatch,,0.3421121835708618,0.33083153,0.39309973
4220,criticize,resent,abstract-negative,abstract-negative,MaxMatch,NegativeMatch,AbstractMatch,,0.47178587317466736,0.2141158,0.37185156
4221,criticize,scorn,abstract-negative,abstract-negative,MaxMatch,NegativeMatch,AbstractMatch,,0.3659195899963379,0.21381801,0.51954055
4222,criticize,violate,abstract-negative,abstract-negative,MaxMatch,NegativeMatch,AbstractMatch,,0.30182984471321106,0.34132367,0.43197164
4223,criticize,worry,abstract-negative,abstract-negative,MaxMatch,NegativeMatch,AbstractMatch,,0.2964480519294739,0.22789456,0.28303918
4224,exploit,loathe,abstract-negative,abstract-negative,MaxMatch,NegativeMatch,AbstractMatch,,0.14062410593032837,0.11789143,0.22169119
4225,exploit,obsess,abstract-negative,abstract-negative,MaxMatch,NegativeMatch,AbstractMatch,,0.16020672023296356,0.27548695,0.23175886
4226,exploit,resent,abstract-negative,abstract-negative,MaxMatch,NegativeMatch,AbstractMatch,,0.17344486713409424,0.15313624,0.23375244
4227,exploit,scorn,abstract-negative,abstract-negative,MaxMatch,NegativeMatch,AbstractMatch,,0.0860787034034729,0.21683422,0.2785603
4228,exploit,violate,abstract-negative,abstract-negative,MaxMatch,NegativeMatch,AbstractMatch,,0.14274391531944275,0.4367705,0.4280262
4229,exploit,worry,abstract-negative,abstract-negative,MaxMatch,NegativeMatch,AbstractMatch,,0.08142942190170288,0.19987375,0.28588417
4230,loathe,obsess,abstract-negative,abstract-negative,MaxMatch,NegativeMatch,AbstractMatch,,0.4312102198600769,0.34652057,0.370361
4231,loathe,resent,abstract-negative,abstract-negative,MaxMatch,NegativeMatch,AbstractMatch,,0.5297318696975708,0.08401202,0.35056806
4232,loathe,scorn,abstract-negative,abstract-negative,MaxMatch,NegativeMatch,AbstractMatch,,0.33840328454971313,0.21469527,0.5043214
4233,loathe,violate,abstract-negative,abstract-negative,MaxMatch,NegativeMatch,AbstractMatch,,0.1497899442911148,0.23145482,0.28555152
4234,loathe,worry,abstract-negative,abstract-negative,MaxMatch,NegativeMatch,AbstractMatch,,0.36720263957977295,0.3901382,0.24884465
4235,obsess,resent,abstract-negative,abstract-negative,MaxMatch,NegativeMatch,AbstractMatch,,0.3685333728790283,0.1356669,0.18025228
4236,obsess,scorn,abstract-negative,abstract-negative,MaxMatch,NegativeMatch,AbstractMatch,,0.22409804165363312,0.21193193,0.317984
4237,obsess,violate,abstract-negative,abstract-negative,MaxMatch,NegativeMatch,AbstractMatch,,0.06616371124982834,0.25474167,0.29717383
4238,obsess,worry,abstract-negative,abstract-negative,MaxMatch,NegativeMatch,AbstractMatch,,0.5188222527503967,0.34826446,0.41703898
4239,resent,scorn,abstract-negative,abstract-negative,MaxMatch,NegativeMatch,AbstractMatch,,0.34704113006591797,0.20838808,0.36539012
4240,resent,violate,abstract-negative,abstract-negative,MaxMatch,NegativeMatch,AbstractMatch,,0.28844568133354187,0.32006702,0.38232583
4241,resent,worry,abstract-negative,abstract-negative,MaxMatch,NegativeMatch,AbstractMatch,,0.40610334277153015,0.2337265,0.17519635
4242,scorn,violate,abstract-negative,abstract-negative,MaxMatch,NegativeMatch,AbstractMatch,,0.15128327906131744,0.21490976,0.34511137
4243,scorn,worry,abstract-negative,abstract-negative,MaxMatch,NegativeMatch,AbstractMatch,,0.194162979722023,0.17279008,0.24211317
4244,violate,worry,abstract-negative,abstract-negative,MaxMatch,NegativeMatch,AbstractMatch,,0.15887022018432617,0.2681433,0.23616843
4245,bleed,kill,concrete-negative,concrete-negative,MaxMatch,NegativeMatch,ConcreteMatch,,0.30212515592575073,0.40668505,0.38707024
4246,bleed,murder,concrete-negative,concrete-negative,MaxMatch,NegativeMatch,ConcreteMatch,,0.06818684190511703,0.402364,0.2852739
4247,bleed,puke,concrete-negative,concrete-negative,MaxMatch,NegativeMatch,ConcreteMatch,,0.42314544320106506,0.33084136,0.4053291
4248,bleed,scratch,concrete-negative,concrete-negative,MaxMatch,NegativeMatch,ConcreteMatch,,0.24386385083198547,0.3040515,0.29572392
4249,bleed,slap,concrete-negative,concrete-negative,MaxMatch,NegativeMatch,ConcreteMatch,,0.2340129315853119,0.32040054,0.29975015
4250,bleed,smack,concrete-negative,concrete-negative,MaxMatch,NegativeMatch,ConcreteMatch,,0.1983630210161209,0.2646789,0.39641273
4251,bleed,spit,concrete-negative,concrete-negative,MaxMatch,NegativeMatch,ConcreteMatch,,0.3121943175792694,0.40665767,0.31781977
4252,bleed,stab,concrete-negative,concrete-negative,MaxMatch,NegativeMatch,ConcreteMatch,,0.2960246205329895,0.27671394,0.29830372
4253,bleed,vomit,concrete-negative,concrete-negative,MaxMatch,NegativeMatch,ConcreteMatch,,0.3973972201347351,0.42240295,0.38733816
4254,kill,murder,concrete-negative,concrete-negative,MaxMatch,NegativeMatch,ConcreteMatch,,0.3770580589771271,0.6834442,0.6840044
4255,kill,puke,concrete-negative,concrete-negative,MaxMatch,NegativeMatch,ConcreteMatch,,0.19808906316757202,0.40596157,0.32965532
4256,kill,scratch,concrete-negative,concrete-negative,MaxMatch,NegativeMatch,ConcreteMatch,,0.13445374369621277,0.3453783,0.2981817
4257,kill,slap,concrete-negative,concrete-negative,MaxMatch,NegativeMatch,ConcreteMatch,,0.2100762575864792,0.40305734,0.38149977
4258,kill,smack,concrete-negative,concrete-negative,MaxMatch,NegativeMatch,ConcreteMatch,,0.15585018694400787,0.30553925,0.3125266
4259,kill,spit,concrete-negative,concrete-negative,MaxMatch,NegativeMatch,ConcreteMatch,,0.23176473379135132,0.39975318,0.2572469
4260,kill,stab,concrete-negative,concrete-negative,MaxMatch,NegativeMatch,ConcreteMatch,,0.36314135789871216,0.4743751,0.413925
4261,kill,vomit,concrete-negative,concrete-negative,MaxMatch,NegativeMatch,ConcreteMatch,,0.1883782595396042,0.43202737,0.26386386
4262,murder,puke,concrete-negative,concrete-negative,MaxMatch,NegativeMatch,ConcreteMatch,,0.05483283847570419,0.29843593,0.30205038
4263,murder,scratch,concrete-negative,concrete-negative,MaxMatch,NegativeMatch,ConcreteMatch,,-0.03558893874287605,0.3808172,0.26446623
4264,murder,slap,concrete-negative,concrete-negative,MaxMatch,NegativeMatch,ConcreteMatch,,0.0668317899107933,0.37596208,0.36085045
4265,murder,smack,concrete-negative,concrete-negative,MaxMatch,NegativeMatch,ConcreteMatch,,0.04781116545200348,0.36420956,0.35044485
4266,murder,spit,concrete-negative,concrete-negative,MaxMatch,NegativeMatch,ConcreteMatch,,0.020674999803304672,0.2913437,0.21163099
4267,murder,stab,concrete-negative,concrete-negative,MaxMatch,NegativeMatch,ConcreteMatch,,0.2702140212059021,0.41968986,0.38303733
4268,murder,vomit,concrete-negative,concrete-negative,MaxMatch,NegativeMatch,ConcreteMatch,,0.10711600631475449,0.46548778,0.28748882
4269,puke,scratch,concrete-negative,concrete-negative,MaxMatch,NegativeMatch,ConcreteMatch,,0.1872626692056656,0.32027677,0.30515522
4270,puke,slap,concrete-negative,concrete-negative,MaxMatch,NegativeMatch,ConcreteMatch,,0.27319052815437317,0.32025278,0.31633902
4271,puke,smack,concrete-negative,concrete-negative,MaxMatch,NegativeMatch,ConcreteMatch,,0.35111919045448303,0.30536455,0.41218525
4272,puke,spit,concrete-negative,concrete-negative,MaxMatch,NegativeMatch,ConcreteMatch,,0.4636270999908447,0.44366953,0.47222316
4273,puke,stab,concrete-negative,concrete-negative,MaxMatch,NegativeMatch,ConcreteMatch,,0.23747245967388153,0.2504345,0.28392276
4274,puke,vomit,concrete-negative,concrete-negative,MaxMatch,NegativeMatch,ConcreteMatch,,0.6907280087471008,0.58855444,0.7779888
4275,scratch,slap,concrete-negative,concrete-negative,MaxMatch,NegativeMatch,ConcreteMatch,,0.20972934365272522,0.35422984,0.5048077
4276,scratch,smack,concrete-negative,concrete-negative,MaxMatch,NegativeMatch,ConcreteMatch,,0.09628415107727051,0.32463342,0.39171785
4277,scratch,spit,concrete-negative,concrete-negative,MaxMatch,NegativeMatch,ConcreteMatch,,0.20305877923965454,0.27103657,0.33650345
4278,scratch,stab,concrete-negative,concrete-negative,MaxMatch,NegativeMatch,ConcreteMatch,,0.169171541929245,0.28021806,0.38796374
4279,scratch,vomit,concrete-negative,concrete-negative,MaxMatch,NegativeMatch,ConcreteMatch,,0.18281129002571106,0.34709123,0.22830065
4280,slap,smack,concrete-negative,concrete-negative,MaxMatch,NegativeMatch,ConcreteMatch,,0.5249817967414856,0.6028036,0.59471697
4281,slap,spit,concrete-negative,concrete-negative,MaxMatch,NegativeMatch,ConcreteMatch,,0.3492569029331207,0.32866365,0.3608627
4282,slap,stab,concrete-negative,concrete-negative,MaxMatch,NegativeMatch,ConcreteMatch,,0.32253047823905945,0.48136824,0.42680314
4283,slap,vomit,concrete-negative,concrete-negative,MaxMatch,NegativeMatch,ConcreteMatch,,0.18130692839622498,0.34236592,0.21763879
4284,smack,spit,concrete-negative,concrete-negative,MaxMatch,NegativeMatch,ConcreteMatch,,0.3392356336116791,0.33280167,0.38048452
4285,smack,stab,concrete-negative,concrete-negative,MaxMatch,NegativeMatch,ConcreteMatch,,0.3272242248058319,0.37087658,0.33145815
4286,smack,vomit,concrete-negative,concrete-negative,MaxMatch,NegativeMatch,ConcreteMatch,,0.24408338963985443,0.31369263,0.33231527
4287,spit,stab,concrete-negative,concrete-negative,MaxMatch,NegativeMatch,ConcreteMatch,,0.2993156313896179,0.21844968,0.33146864
4288,spit,vomit,concrete-negative,concrete-negative,MaxMatch,NegativeMatch,ConcreteMatch,,0.4907104969024658,0.5123618,0.50529486
4289,stab,vomit,concrete-negative,concrete-negative,MaxMatch,NegativeMatch,ConcreteMatch,,0.23875632882118225,0.27428,0.24754936
4290,imagine,enlighten,abstract-positive,abstract-positive,MaxMatch,PositiveMatch,AbstractMatch,,0.20196698606014252,0.3196547,0.2967479
4291,imagine,admired,abstract-positive,abstract-positive,MaxMatch,PositiveMatch,AbstractMatch,,0.23469305038452148,0.2722883,0.20787361
4292,imagine,cherish,abstract-positive,abstract-positive,MaxMatch,PositiveMatch,AbstractMatch,,0.23148410022258759,0.22681463,0.21149671
4293,imagine,hope,abstract-positive,abstract-positive,MaxMatch,PositiveMatch,AbstractMatch,,0.27694639563560486,0.45836198,0.28912145
4294,imagine,believe,abstract-positive,abstract-positive,MaxMatch,PositiveMatch,AbstractMatch,,0.37945201992988586,0.4218157,0.30001292
4295,imagine,fulfill,abstract-positive,abstract-positive,MaxMatch,PositiveMatch,AbstractMatch,,0.1426963359117508,0.3247891,0.30705225
4296,imagine,esteem,abstract-positive,abstract-positive,MaxMatch,PositiveMatch,AbstractMatch,,0.11289674043655396,0.27583915,0.20918553
4297,imagine,justify,abstract-positive,abstract-positive,MaxMatch,PositiveMatch,AbstractMatch,,0.3743707537651062,0.26118317,0.27997002
4298,imagine,respect,abstract-positive,abstract-positive,MaxMatch,PositiveMatch,AbstractMatch,,0.054669614881277084,0.27257362,0.27124858
4299,enlighten,admired,abstract-positive,abstract-positive,MaxMatch,PositiveMatch,AbstractMatch,,0.11110005527734756,0.30208135,0.18753241
4300,enlighten,cherish,abstract-positive,abstract-positive,MaxMatch,PositiveMatch,AbstractMatch,,0.254953533411026,0.22873731,0.30763838
4301,enlighten,hope,abstract-positive,abstract-positive,MaxMatch,PositiveMatch,AbstractMatch,,0.23892638087272644,0.24070166,0.1825764
4302,enlighten,believe,abstract-positive,abstract-positive,MaxMatch,PositiveMatch,AbstractMatch,,0.20053958892822266,0.33986574,0.2855309
4303,enlighten,fulfill,abstract-positive,abstract-positive,MaxMatch,PositiveMatch,AbstractMatch,,0.2831318974494934,0.224608,0.34680876
4304,enlighten,esteem,abstract-positive,abstract-positive,MaxMatch,PositiveMatch,AbstractMatch,,0.18313823640346527,0.26518622,0.24688278
4305,enlighten,justify,abstract-positive,abstract-positive,MaxMatch,PositiveMatch,AbstractMatch,,0.17741659283638,0.33932418,0.3912831
4306,enlighten,respect,abstract-positive,abstract-positive,MaxMatch,PositiveMatch,AbstractMatch,,0.16524769365787506,0.24542357,0.3036965
4307,admired,cherish,abstract-positive,abstract-positive,MaxMatch,PositiveMatch,AbstractMatch,,0.35872140526771545,0.34129378,0.30537927
4308,admired,hope,abstract-positive,abstract-positive,MaxMatch,PositiveMatch,AbstractMatch,,0.10067499428987503,0.27707577,0.12303959
4309,admired,believe,abstract-positive,abstract-positive,MaxMatch,PositiveMatch,AbstractMatch,,0.21905872225761414,0.3138841,0.14831895
4310,admired,fulfill,abstract-positive,abstract-positive,MaxMatch,PositiveMatch,AbstractMatch,,0.06362214684486389,0.350727,0.22734576
4311,admired,esteem,abstract-positive,abstract-positive,MaxMatch,PositiveMatch,AbstractMatch,,0.3668663203716278,0.5163287,0.42708057
4312,admired,justify,abstract-positive,abstract-positive,MaxMatch,PositiveMatch,AbstractMatch,,0.018324967473745346,0.39183033,0.27454633
4313,admired,respect,abstract-positive,abstract-positive,MaxMatch,PositiveMatch,AbstractMatch,,0.2905406057834625,0.47268867,0.4356813
4314,cherish,hope,abstract-positive,abstract-positive,MaxMatch,PositiveMatch,AbstractMatch,,0.377777099609375,0.2632353,0.26255763
4315,cherish,believe,abstract-positive,abstract-positive,MaxMatch,PositiveMatch,AbstractMatch,,0.3114384710788727,0.25723517,0.21480775
4316,cherish,fulfill,abstract-positive,abstract-positive,MaxMatch,PositiveMatch,AbstractMatch,,0.22089290618896484,0.30301347,0.36791652
4317,cherish,esteem,abstract-positive,abstract-positive,MaxMatch,PositiveMatch,AbstractMatch,,0.3326251804828644,0.21677655,0.36725837
4318,cherish,justify,abstract-positive,abstract-positive,MaxMatch,PositiveMatch,AbstractMatch,,0.04276740178465843,0.21653613,0.30696115
4319,cherish,respect,abstract-positive,abstract-positive,MaxMatch,PositiveMatch,AbstractMatch,,0.34462305903434753,0.22578819,0.36439192
4320,hope,believe,abstract-positive,abstract-positive,MaxMatch,PositiveMatch,AbstractMatch,,0.5517997145652771,0.4328484,0.5016118
4321,hope,fulfill,abstract-positive,abstract-positive,MaxMatch,PositiveMatch,AbstractMatch,,0.09743422269821167,0.27191365,0.291078
4322,hope,esteem,abstract-positive,abstract-positive,MaxMatch,PositiveMatch,AbstractMatch,,0.21642586588859558,0.22620401,0.2073201
4323,hope,justify,abstract-positive,abstract-positive,MaxMatch,PositiveMatch,AbstractMatch,,0.08621244877576828,0.1963339,0.16065964
4324,hope,respect,abstract-positive,abstract-positive,MaxMatch,PositiveMatch,AbstractMatch,,0.25212353467941284,0.279096,0.27182347
4325,believe,fulfill,abstract-positive,abstract-positive,MaxMatch,PositiveMatch,AbstractMatch,,0.16930194199085236,0.2515099,0.34793675
4326,believe,esteem,abstract-positive,abstract-positive,MaxMatch,PositiveMatch,AbstractMatch,,0.17407575249671936,0.22595783,0.2693081
4327,believe,justify,abstract-positive,abstract-positive,MaxMatch,PositiveMatch,AbstractMatch,,0.28072410821914673,0.3393802,0.26284254
4328,believe,respect,abstract-positive,abstract-positive,MaxMatch,PositiveMatch,AbstractMatch,,0.29396718740463257,0.31564367,0.2949686
4329,fulfill,esteem,abstract-positive,abstract-positive,MaxMatch,PositiveMatch,AbstractMatch,,0.05537693202495575,0.30039454,0.22499414
4330,fulfill,justify,abstract-positive,abstract-positive,MaxMatch,PositiveMatch,AbstractMatch,,0.2953431010246277,0.39571595,0.42883176
4331,fulfill,respect,abstract-positive,abstract-positive,MaxMatch,PositiveMatch,AbstractMatch,,0.2398439198732376,0.32527697,0.29971445
4332,esteem,justify,abstract-positive,abstract-positive,MaxMatch,PositiveMatch,AbstractMatch,,0.1056937500834465,0.33108523,0.34412697
4333,esteem,respect,abstract-positive,abstract-positive,MaxMatch,PositiveMatch,AbstractMatch,,0.45085904002189636,0.41748422,0.5924475
4334,justify,respect,abstract-positive,abstract-positive,MaxMatch,PositiveMatch,AbstractMatch,,0.12450432777404785,0.48091793,0.4188996
4335,build,cook,concrete-positive,concrete-positive,MaxMatch,PositiveMatch,ConcreteMatch,,0.13647256791591644,0.20751534,0.35418144
4336,build,cuddle,concrete-positive,concrete-positive,MaxMatch,PositiveMatch,ConcreteMatch,,0.09541716426610947,0.18042557,0.13972381
4337,build,eat,concrete-positive,concrete-positive,MaxMatch,PositiveMatch,ConcreteMatch,,0.17696425318717957,0.28054008,0.31775856
4338,build,hug,concrete-positive,concrete-positive,MaxMatch,PositiveMatch,ConcreteMatch,,0.11147281527519226,0.21955049,0.20082949
4339,build,kiss,concrete-positive,concrete-positive,MaxMatch,PositiveMatch,ConcreteMatch,,0.0776812806725502,0.25462127,0.15731218
4340,build,running,concrete-positive,concrete-positive,MaxMatch,PositiveMatch,ConcreteMatch,,0.19877856969833374,0.40705574,0.23957378
4341,build,sail,concrete-positive,concrete-positive,MaxMatch,PositiveMatch,ConcreteMatch,,0.1292761266231537,0.33153734,0.27501112
4342,build,smile,concrete-positive,concrete-positive,MaxMatch,PositiveMatch,ConcreteMatch,,0.0488777719438076,0.19113943,0.23661278
4343,build,swing,concrete-positive,concrete-positive,MaxMatch,PositiveMatch,ConcreteMatch,,0.055035196244716644,0.22506234,0.15309563
4344,cook,cuddle,concrete-positive,concrete-positive,MaxMatch,PositiveMatch,ConcreteMatch,,0.2494584172964096,0.26936054,0.22124991
4345,cook,eat,concrete-positive,concrete-positive,MaxMatch,PositiveMatch,ConcreteMatch,,0.5514436364173889,0.448493,0.51563025
4346,cook,hug,concrete-positive,concrete-positive,MaxMatch,PositiveMatch,ConcreteMatch,,0.10628141462802887,0.24263023,0.15336166
4347,cook,kiss,concrete-positive,concrete-positive,MaxMatch,PositiveMatch,ConcreteMatch,,0.1834070384502411,0.42202982,0.24209355
4348,cook,running,concrete-positive,concrete-positive,MaxMatch,PositiveMatch,ConcreteMatch,,0.09944126754999161,0.26978096,0.2404847
4349,cook,sail,concrete-positive,concrete-positive,MaxMatch,PositiveMatch,ConcreteMatch,,0.19365592300891876,0.2743352,0.30299926
4350,cook,smile,concrete-positive,concrete-positive,MaxMatch,PositiveMatch,ConcreteMatch,,0.1694003939628601,0.23463228,0.21898675
4351,cook,swing,concrete-positive,concrete-positive,MaxMatch,PositiveMatch,ConcreteMatch,,0.03164191171526909,0.33530742,0.20628758
4352,cuddle,eat,concrete-positive,concrete-positive,MaxMatch,PositiveMatch,ConcreteMatch,,0.3694162368774414,0.2638327,0.19386326
4353,cuddle,hug,concrete-positive,concrete-positive,MaxMatch,PositiveMatch,ConcreteMatch,,0.5291231870651245,0.5109733,0.6714952
4354,cuddle,kiss,concrete-positive,concrete-positive,MaxMatch,PositiveMatch,ConcreteMatch,,0.5217980742454529,0.523415,0.53097314
4355,cuddle,running,concrete-positive,concrete-positive,MaxMatch,PositiveMatch,ConcreteMatch,,0.07466554641723633,0.25306848,0.18004382
4356,cuddle,sail,concrete-positive,concrete-positive,MaxMatch,PositiveMatch,ConcreteMatch,,0.15457060933113098,0.2537564,0.18423888
4357,cuddle,smile,concrete-positive,concrete-positive,MaxMatch,PositiveMatch,ConcreteMatch,,0.30860522389411926,0.32997876,0.26131177
4358,cuddle,swing,concrete-positive,concrete-positive,MaxMatch,PositiveMatch,ConcreteMatch,,0.1399492472410202,0.21633522,0.1985226
4359,eat,hug,concrete-positive,concrete-positive,MaxMatch,PositiveMatch,ConcreteMatch,,0.21027621626853943,0.3220761,0.30925703
4360,eat,kiss,concrete-positive,concrete-positive,MaxMatch,PositiveMatch,ConcreteMatch,,0.21788598597049713,0.4093795,0.38261366
4361,eat,running,concrete-positive,concrete-positive,MaxMatch,PositiveMatch,ConcreteMatch,,0.11954207718372345,0.38767934,0.18936901
4362,eat,sail,concrete-positive,concrete-positive,MaxMatch,PositiveMatch,ConcreteMatch,,0.14869436621665955,0.21905546,0.17148508
4363,eat,smile,concrete-positive,concrete-positive,MaxMatch,PositiveMatch,ConcreteMatch,,0.19070221483707428,0.29858273,0.36694926
4364,eat,swing,concrete-positive,concrete-positive,MaxMatch,PositiveMatch,ConcreteMatch,,0.06203373894095421,0.26588112,0.15482299
4365,hug,kiss,concrete-positive,concrete-positive,MaxMatch,PositiveMatch,ConcreteMatch,,0.6025069355964661,0.54126155,0.52425206
4366,hug,running,concrete-positive,concrete-positive,MaxMatch,PositiveMatch,ConcreteMatch,,0.07758209109306335,0.2347502,0.19447082
4367,hug,sail,concrete-positive,concrete-positive,MaxMatch,PositiveMatch,ConcreteMatch,,0.10344108194112778,0.26496053,0.16676715
4368,hug,smile,concrete-positive,concrete-positive,MaxMatch,PositiveMatch,ConcreteMatch,,0.5472317934036255,0.5237074,0.48190498
4369,hug,swing,concrete-positive,concrete-positive,MaxMatch,PositiveMatch,ConcreteMatch,,0.1443844884634018,0.19797018,0.21738009
4370,kiss,running,concrete-positive,concrete-positive,MaxMatch,PositiveMatch,ConcreteMatch,,0.018458291888237,0.34242278,0.22234412
4371,kiss,sail,concrete-positive,concrete-positive,MaxMatch,PositiveMatch,ConcreteMatch,,0.09221470355987549,0.25824523,0.20167488
4372,kiss,smile,concrete-positive,concrete-positive,MaxMatch,PositiveMatch,ConcreteMatch,,0.36872074007987976,0.50883245,0.39573383
4373,kiss,swing,concrete-positive,concrete-positive,MaxMatch,PositiveMatch,ConcreteMatch,,0.10239042341709137,0.313644,0.1793178
4374,running,sail,concrete-positive,concrete-positive,MaxMatch,PositiveMatch,ConcreteMatch,,0.15203696489334106,0.35080886,0.2879858
4375,running,smile,concrete-positive,concrete-positive,MaxMatch,PositiveMatch,ConcreteMatch,,0.011039906181395054,0.23362057,0.18083543
4376,running,swing,concrete-positive,concrete-positive,MaxMatch,PositiveMatch,ConcreteMatch,,0.21488580107688904,0.3282107,0.23022544
4377,sail,smile,concrete-positive,concrete-positive,MaxMatch,PositiveMatch,ConcreteMatch,,0.11942171305418015,0.24801657,0.21299078
4378,sail,swing,concrete-positive,concrete-positive,MaxMatch,PositiveMatch,ConcreteMatch,,0.2074713557958603,0.34577286,0.3851157
4379,smile,swing,concrete-positive,concrete-positive,MaxMatch,PositiveMatch,ConcreteMatch,,0.169258251786232,0.2220318,0.26002052
4380,annoy,imagine,abstract-negative,abstract-positive,MaxMismatch,NegativeMismatch,AbstractMismatch,,0.2306433469057083,0.25463325,0.2511361
4381,annoy,enlighten,abstract-negative,abstract-positive,MaxMismatch,NegativeMismatch,AbstractMismatch,,0.34031128883361816,0.25178272,0.40648288
4382,annoy,admired,abstract-negative,abstract-positive,MaxMismatch,NegativeMismatch,AbstractMismatch,,0.13824769854545593,0.21556346,0.11982218
4383,annoy,cherish,abstract-negative,abstract-positive,MaxMismatch,NegativeMismatch,AbstractMismatch,,0.23012147843837738,0.29206806,0.24872737
4384,annoy,hope,abstract-negative,abstract-positive,MaxMismatch,NegativeMismatch,AbstractMismatch,,0.09316068887710571,0.26298216,0.1660536
4385,annoy,believe,abstract-negative,abstract-positive,MaxMismatch,NegativeMismatch,AbstractMismatch,,0.13709595799446106,0.23194826,0.15242186
4386,annoy,fulfill,abstract-negative,abstract-positive,MaxMismatch,NegativeMismatch,AbstractMismatch,,0.16303661465644836,0.19625908,0.2505604
4387,annoy,esteem,abstract-negative,abstract-positive,MaxMismatch,NegativeMismatch,AbstractMismatch,,0.08642975986003876,0.15998615,0.21400861
4388,annoy,justify,abstract-negative,abstract-positive,MaxMismatch,NegativeMismatch,AbstractMismatch,,0.21414299309253693,0.3350234,0.2780195
4389,annoy,respect,abstract-negative,abstract-positive,MaxMismatch,NegativeMismatch,AbstractMismatch,,0.17835699021816254,0.24841312,0.23422338
4390,befall,imagine,abstract-negative,abstract-positive,MaxMismatch,NegativeMismatch,AbstractMismatch,,0.29377469420433044,0.24940914,0.2425757
4391,befall,enlighten,abstract-negative,abstract-positive,MaxMismatch,NegativeMismatch,AbstractMismatch,,0.3013598322868347,0.31155798,0.2468208
4392,befall,admired,abstract-negative,abstract-positive,MaxMismatch,NegativeMismatch,AbstractMismatch,,0.0667596310377121,0.19026063,0.1756169
4393,befall,cherish,abstract-negative,abstract-positive,MaxMismatch,NegativeMismatch,AbstractMismatch,,0.22447121143341064,0.27791345,0.3241081
4394,befall,hope,abstract-negative,abstract-positive,MaxMismatch,NegativeMismatch,AbstractMismatch,,0.19202715158462524,0.2934941,0.26770082
4395,befall,believe,abstract-negative,abstract-positive,MaxMismatch,NegativeMismatch,AbstractMismatch,,0.14009280502796173,0.24945918,0.30521268
4396,befall,fulfill,abstract-negative,abstract-positive,MaxMismatch,NegativeMismatch,AbstractMismatch,,0.17560246586799622,0.28528795,0.2197265
4397,befall,esteem,abstract-negative,abstract-positive,MaxMismatch,NegativeMismatch,AbstractMismatch,,0.13477180898189545,0.20350844,0.19543143
4398,befall,justify,abstract-negative,abstract-positive,MaxMismatch,NegativeMismatch,AbstractMismatch,,0.09952418506145477,0.24730459,0.21475306
4399,befall,respect,abstract-negative,abstract-positive,MaxMismatch,NegativeMismatch,AbstractMismatch,,0.07287297397851944,0.15444656,0.22565672
4400,criticize,imagine,abstract-negative,abstract-positive,MaxMismatch,NegativeMismatch,AbstractMismatch,,0.2540004551410675,0.20889775,0.29640517
4401,criticize,enlighten,abstract-negative,abstract-positive,MaxMismatch,NegativeMismatch,AbstractMismatch,,0.21082139015197754,0.3047338,0.3534616
4402,criticize,admired,abstract-negative,abstract-positive,MaxMismatch,NegativeMismatch,AbstractMismatch,,0.3070877194404602,0.29409465,0.2645245
4403,criticize,cherish,abstract-negative,abstract-positive,MaxMismatch,NegativeMismatch,AbstractMismatch,,0.20847123861312866,0.21612209,0.29371244
4404,criticize,hope,abstract-negative,abstract-positive,MaxMismatch,NegativeMismatch,AbstractMismatch,,0.17241685092449188,0.20636685,0.17835504
4405,criticize,believe,abstract-negative,abstract-positive,MaxMismatch,NegativeMismatch,AbstractMismatch,,0.3331555724143982,0.21961716,0.21353576
4406,criticize,fulfill,abstract-negative,abstract-positive,MaxMismatch,NegativeMismatch,AbstractMismatch,,0.15517310798168182,0.09654095,0.24581338
4407,criticize,esteem,abstract-negative,abstract-positive,MaxMismatch,NegativeMismatch,AbstractMismatch,,0.19517886638641357,0.36696967,0.26451457
4408,criticize,justify,abstract-negative,abstract-positive,MaxMismatch,NegativeMismatch,AbstractMismatch,,0.3778327703475952,0.37461528,0.5333097
4409,criticize,respect,abstract-negative,abstract-positive,MaxMismatch,NegativeMismatch,AbstractMismatch,,0.323713093996048,0.29781443,0.2622416
4410,exploit,imagine,abstract-negative,abstract-positive,MaxMismatch,NegativeMismatch,AbstractMismatch,,0.14510895311832428,0.19229946,0.27167058
4411,exploit,enlighten,abstract-negative,abstract-positive,MaxMismatch,NegativeMismatch,AbstractMismatch,,0.24617956578731537,0.23952618,0.29610604
4412,exploit,admired,abstract-negative,abstract-positive,MaxMismatch,NegativeMismatch,AbstractMismatch,,0.0794520378112793,0.16430864,0.2464183
4413,exploit,cherish,abstract-negative,abstract-positive,MaxMismatch,NegativeMismatch,AbstractMismatch,,0.14128483831882477,0.20324378,0.2557521
4414,exploit,hope,abstract-negative,abstract-positive,MaxMismatch,NegativeMismatch,AbstractMismatch,,0.09915691614151001,0.16562393,0.20147337
4415,exploit,believe,abstract-negative,abstract-positive,MaxMismatch,NegativeMismatch,AbstractMismatch,,0.12275632470846176,0.22061385,0.120202005
4416,exploit,fulfill,abstract-negative,abstract-positive,MaxMismatch,NegativeMismatch,AbstractMismatch,,0.18995526432991028,0.20541044,0.25554448
4417,exploit,esteem,abstract-negative,abstract-positive,MaxMismatch,NegativeMismatch,AbstractMismatch,,0.06917719542980194,0.17027304,0.25495923
4418,exploit,justify,abstract-negative,abstract-positive,MaxMismatch,NegativeMismatch,AbstractMismatch,,0.23673051595687866,0.2635204,0.33327806
4419,exploit,respect,abstract-negative,abstract-positive,MaxMismatch,NegativeMismatch,AbstractMismatch,,0.16011059284210205,0.27366626,0.26935646
4420,loathe,imagine,abstract-negative,abstract-positive,MaxMismatch,NegativeMismatch,AbstractMismatch,,0.24881216883659363,0.27472264,0.27391794
4421,loathe,enlighten,abstract-negative,abstract-positive,MaxMismatch,NegativeMismatch,AbstractMismatch,,0.11025510728359222,0.32285053,0.3874036
4422,loathe,admired,abstract-negative,abstract-positive,MaxMismatch,NegativeMismatch,AbstractMismatch,,0.3125605881214142,0.30573764,0.22724569
4423,loathe,cherish,abstract-negative,abstract-positive,MaxMismatch,NegativeMismatch,AbstractMismatch,,0.3308005928993225,0.28660524,0.31935656
4424,loathe,hope,abstract-negative,abstract-positive,MaxMismatch,NegativeMismatch,AbstractMismatch,,0.19923283159732819,0.2696162,0.28287062
4425,loathe,believe,abstract-negative,abstract-positive,MaxMismatch,NegativeMismatch,AbstractMismatch,,0.2877846360206604,0.24740955,0.26616013
4426,loathe,fulfill,abstract-negative,abstract-positive,MaxMismatch,NegativeMismatch,AbstractMismatch,,0.02553730458021164,0.16162115,0.2989745
4427,loathe,esteem,abstract-negative,abstract-positive,MaxMismatch,NegativeMismatch,AbstractMismatch,,0.2817271947860718,0.22645018,0.26261383
4428,loathe,justify,abstract-negative,abstract-positive,MaxMismatch,NegativeMismatch,AbstractMismatch,,0.19522738456726074,0.21726161,0.26191223
4429,loathe,respect,abstract-negative,abstract-positive,MaxMismatch,NegativeMismatch,AbstractMismatch,,0.2584969103336334,0.3257444,0.31037572
4430,obsess,imagine,abstract-negative,abstract-positive,MaxMismatch,NegativeMismatch,AbstractMismatch,,0.3067341148853302,0.27043727,0.3193122
4431,obsess,enlighten,abstract-negative,abstract-positive,MaxMismatch,NegativeMismatch,AbstractMismatch,,0.22943060100078583,0.32155764,0.28702888
4432,obsess,admired,abstract-negative,abstract-positive,MaxMismatch,NegativeMismatch,AbstractMismatch,,0.14240820705890656,0.32028005,0.20607184
4433,obsess,cherish,abstract-negative,abstract-positive,MaxMismatch,NegativeMismatch,AbstractMismatch,,0.302019864320755,0.30655476,0.43534708
4434,obsess,hope,abstract-negative,abstract-positive,MaxMismatch,NegativeMismatch,AbstractMismatch,,0.1645684540271759,0.17683037,0.26711544
4435,obsess,believe,abstract-negative,abstract-positive,MaxMismatch,NegativeMismatch,AbstractMismatch,,0.21077574789524078,0.25007188,0.2463187
4436,obsess,fulfill,abstract-negative,abstract-positive,MaxMismatch,NegativeMismatch,AbstractMismatch,,0.05628538876771927,0.26871142,0.3206036
4437,obsess,esteem,abstract-negative,abstract-positive,MaxMismatch,NegativeMismatch,AbstractMismatch,,0.13303254544734955,0.31309336,0.28244776
4438,obsess,justify,abstract-negative,abstract-positive,MaxMismatch,NegativeMismatch,AbstractMismatch,,0.17859548330307007,0.29415435,0.3102249
4439,obsess,respect,abstract-negative,abstract-positive,MaxMismatch,NegativeMismatch,AbstractMismatch,,0.13006599247455597,0.3716733,0.30627534
4440,resent,imagine,abstract-negative,abstract-positive,MaxMismatch,NegativeMismatch,AbstractMismatch,,0.3431033790111542,0.24419963,0.18710284
4441,resent,enlighten,abstract-negative,abstract-positive,MaxMismatch,NegativeMismatch,AbstractMismatch,,0.1224779263138771,0.25206774,0.35131684
4442,resent,admired,abstract-negative,abstract-positive,MaxMismatch,NegativeMismatch,AbstractMismatch,,0.301786869764328,0.2816381,0.28543156
4443,resent,cherish,abstract-negative,abstract-positive,MaxMismatch,NegativeMismatch,AbstractMismatch,,0.38021835684776306,0.26082972,0.3048417
4444,resent,hope,abstract-negative,abstract-positive,MaxMismatch,NegativeMismatch,AbstractMismatch,,0.19992496073246002,0.18489379,0.18539596
4445,resent,believe,abstract-negative,abstract-positive,MaxMismatch,NegativeMismatch,AbstractMismatch,,0.3319774270057678,0.18979236,0.21237752
4446,resent,fulfill,abstract-negative,abstract-positive,MaxMismatch,NegativeMismatch,AbstractMismatch,,0.13890738785266876,0.3618052,0.35024297
4447,resent,esteem,abstract-negative,abstract-positive,MaxMismatch,NegativeMismatch,AbstractMismatch,,0.3095594048500061,0.22142906,0.27635434
4448,resent,justify,abstract-negative,abstract-positive,MaxMismatch,NegativeMismatch,AbstractMismatch,,0.3561779856681824,0.38244247,0.40447706
4449,resent,respect,abstract-negative,abstract-positive,MaxMismatch,NegativeMismatch,AbstractMismatch,,0.30507826805114746,0.27052253,0.33037257
4450,scorn,imagine,abstract-negative,abstract-positive,MaxMismatch,NegativeMismatch,AbstractMismatch,,0.13772016763687134,0.16469006,0.22649106
4451,scorn,enlighten,abstract-negative,abstract-positive,MaxMismatch,NegativeMismatch,AbstractMismatch,,0.12203322350978851,0.22605368,0.35288066
4452,scorn,admired,abstract-negative,abstract-positive,MaxMismatch,NegativeMismatch,AbstractMismatch,,0.2331192046403885,0.2940516,0.26565185
4453,scorn,cherish,abstract-negative,abstract-positive,MaxMismatch,NegativeMismatch,AbstractMismatch,,0.18017733097076416,0.29272276,0.41917562
4454,scorn,hope,abstract-negative,abstract-positive,MaxMismatch,NegativeMismatch,AbstractMismatch,,0.14666585624217987,0.17479172,0.27369264
4455,scorn,believe,abstract-negative,abstract-positive,MaxMismatch,NegativeMismatch,AbstractMismatch,,0.16354569792747498,0.17674051,0.22447088
4456,scorn,fulfill,abstract-negative,abstract-positive,MaxMismatch,NegativeMismatch,AbstractMismatch,,0.044570185244083405,0.22972524,0.2691499
4457,scorn,esteem,abstract-negative,abstract-positive,MaxMismatch,NegativeMismatch,AbstractMismatch,,0.32179880142211914,0.18271834,0.41544613
4458,scorn,justify,abstract-negative,abstract-positive,MaxMismatch,NegativeMismatch,AbstractMismatch,,0.13561038672924042,0.21398982,0.33010113
4459,scorn,respect,abstract-negative,abstract-positive,MaxMismatch,NegativeMismatch,AbstractMismatch,,0.3439379930496216,0.24125259,0.37163448
4460,violate,imagine,abstract-negative,abstract-positive,MaxMismatch,NegativeMismatch,AbstractMismatch,,0.10399860888719559,0.15755725,0.2795596
4461,violate,enlighten,abstract-negative,abstract-positive,MaxMismatch,NegativeMismatch,AbstractMismatch,,0.16946806013584137,0.28647178,0.31505847
4462,violate,admired,abstract-negative,abstract-positive,MaxMismatch,NegativeMismatch,AbstractMismatch,,0.07404576241970062,0.30748114,0.19705102
4463,violate,cherish,abstract-negative,abstract-positive,MaxMismatch,NegativeMismatch,AbstractMismatch,,0.18369720876216888,0.17984645,0.24503222
4464,violate,hope,abstract-negative,abstract-positive,MaxMismatch,NegativeMismatch,AbstractMismatch,,0.10911619663238525,0.24017566,0.16932002
4465,violate,believe,abstract-negative,abstract-positive,MaxMismatch,NegativeMismatch,AbstractMismatch,,0.19460409879684448,0.22527643,0.19575197
4466,violate,fulfill,abstract-negative,abstract-positive,MaxMismatch,NegativeMismatch,AbstractMismatch,,0.2989835739135742,0.2728963,0.41579518
4467,violate,esteem,abstract-negative,abstract-positive,MaxMismatch,NegativeMismatch,AbstractMismatch,,0.057353224605321884,0.17754638,0.19547309
4468,violate,justify,abstract-negative,abstract-positive,MaxMismatch,NegativeMismatch,AbstractMismatch,,0.2679039239883423,0.38244334,0.3810978
4469,violate,respect,abstract-negative,abstract-positive,MaxMismatch,NegativeMismatch,AbstractMismatch,,0.2223334163427353,0.33265916,0.3460673
4470,worry,imagine,abstract-negative,abstract-positive,MaxMismatch,NegativeMismatch,AbstractMismatch,,0.3727254867553711,0.3917481,0.24334553
4471,worry,enlighten,abstract-negative,abstract-positive,MaxMismatch,NegativeMismatch,AbstractMismatch,,0.16363799571990967,0.3194505,0.23714924
4472,worry,admired,abstract-negative,abstract-positive,MaxMismatch,NegativeMismatch,AbstractMismatch,,0.11223448812961578,0.3024398,0.14956352
4473,worry,cherish,abstract-negative,abstract-positive,MaxMismatch,NegativeMismatch,AbstractMismatch,,0.2785952091217041,0.24130055,0.22862867
4474,worry,hope,abstract-negative,abstract-positive,MaxMismatch,NegativeMismatch,AbstractMismatch,,0.41144874691963196,0.47358063,0.3631203
4475,worry,believe,abstract-negative,abstract-positive,MaxMismatch,NegativeMismatch,AbstractMismatch,,0.4132029414176941,0.40185595,0.26641628
4476,worry,fulfill,abstract-negative,abstract-positive,MaxMismatch,NegativeMismatch,AbstractMismatch,,0.05336817726492882,0.16722842,0.17500395
4477,worry,esteem,abstract-negative,abstract-positive,MaxMismatch,NegativeMismatch,AbstractMismatch,,0.0847351923584938,0.30421573,0.2428863
4478,worry,justify,abstract-negative,abstract-positive,MaxMismatch,NegativeMismatch,AbstractMismatch,,0.23680299520492554,0.23399304,0.23495679
4479,worry,respect,abstract-negative,abstract-positive,MaxMismatch,NegativeMismatch,AbstractMismatch,,0.15857335925102234,0.34432608,0.27511105
4480,build,build,concrete-positive,concrete-positive,SelfPair,,,A,1.0,1.0,1.0
4481,cook,cook,concrete-positive,concrete-positive,SelfPair,,,B,1.0,1.0000001,0.9999999
4482,cuddle,cuddle,concrete-positive,concrete-positive,SelfPair,,,C,1.0,0.99999994,1.0000002
4483,eat,eat,concrete-positive,concrete-positive,SelfPair,,,D,1.0,1.0,1.0
4484,hug,hug,concrete-positive,concrete-positive,SelfPair,,,E,0.9999999403953552,1.0000001,1.0000002
4485,kiss,kiss,concrete-positive,concrete-positive,SelfPair,,,F,1.0,1.0,0.99999994
4486,running,running,concrete-positive,concrete-positive,SelfPair,,,G,1.0,1.0000001,1.0000002
4487,sail,sail,concrete-positive,concrete-positive,SelfPair,,,H,0.9999999403953552,1.0,1.0
4488,smile,smile,concrete-positive,concrete-positive,SelfPair,,,I,1.0,1.0,1.0000001
4489,swing,swing,concrete-positive,concrete-positive,SelfPair,,,J,1.0,1.0000001,1.0
4490,bleed,bleed,concrete-negative,concrete-negative,SelfPair,,,AA,1.0,1.0,1.0000001
4491,kill,kill,concrete-negative,concrete-negative,SelfPair,,,BB,1.0,0.99999994,0.99999994
4492,murder,murder,concrete-negative,concrete-negative,SelfPair,,,CC,1.0,1.0,1.0000001
4493,puke,puke,concrete-negative,concrete-negative,SelfPair,,,DD,1.0,0.99999994,1.0
4494,scratch,scratch,concrete-negative,concrete-negative,SelfPair,,,EE,1.0,1.0,1.0000001
4495,slap,slap,concrete-negative,concrete-negative,SelfPair,,,FF,1.0,1.0000001,1.0
4496,smack,smack,concrete-negative,concrete-negative,SelfPair,,,GG,1.0000001192092896,1.0,0.99999976
4497,spit,spit,concrete-negative,concrete-negative,SelfPair,,,HH,0.9999999403953552,1.0,1.0000001
4498,stab,stab,concrete-negative,concrete-negative,SelfPair,,,II,0.9999999403953552,1.0,1.0000001
4499,vomit,vomit,concrete-negative,concrete-negative,SelfPair,,,JJ,0.9999999403953552,1.0,1.0
4500,annoy,annoy,abstract-negative,abstract-negative,SelfPair,,,AAA,1.0,0.99999994,0.99999994
4501,befall,befall,abstract-negative,abstract-negative,SelfPair,,,BBB,1.0,0.99999994,0.9999999
4502,criticize,criticize,abstract-negative,abstract-negative,SelfPair,,,CCC,1.0,1.0,1.0
4503,exploit,exploit,abstract-negative,abstract-negative,SelfPair,,,DDD,1.0,0.9999998,1.0000001
4504,loathe,loathe,abstract-negative,abstract-negative,SelfPair,,,EEE,1.0,1.0,1.0
4505,obsess,obsess,abstract-negative,abstract-negative,SelfPair,,,FFF,1.0,1.0000002,1.0000001
4506,resent,resent,abstract-negative,abstract-negative,SelfPair,,,GGG,1.0,1.0,1.0
4507,scorn,scorn,abstract-negative,abstract-negative,SelfPair,,,HHH,1.0,1.0000001,0.9999999
4508,violate,violate,abstract-negative,abstract-negative,SelfPair,,,III,1.0,1.0,1.0000002
4509,worry,worry,abstract-negative,abstract-negative,SelfPair,,,JJJ,1.0,1.0000002,1.0000002
4510,imagine,imagine,abstract-positive,abstract-positive,SelfPair,,,AAAA,1.0,1.0,1.0000001
4511,enlighten,enlighten,abstract-positive,abstract-positive,SelfPair,,,BBBB,1.0,1.0,1.0000001
4512,admired,admired,abstract-positive,abstract-positive,SelfPair,,,CCCC,1.0,0.99999994,1.0
4513,cherish,cherish,abstract-positive,abstract-positive,SelfPair,,,DDDD,1.0,1.0,1.0
4514,hope,hope,abstract-positive,abstract-positive,SelfPair,,,EEEE,1.0,0.9999999,1.0000002
4515,believe,believe,abstract-positive,abstract-positive,SelfPair,,,FFFF,1.0,1.0000001,0.99999976
4516,fulfill,fulfill,abstract-positive,abstract-positive,SelfPair,,,GGGG,1.0,1.0,1.0
4517,esteem,esteem,abstract-positive,abstract-positive,SelfPair,,,HHHH,1.0,1.0,0.9999999
4518,justify,justify,abstract-positive,abstract-positive,SelfPair,,,IIII,1.0,0.99999976,1.0
4519,respect,respect,abstract-positive,abstract-positive,SelfPair,,,JJJJ,1.0,1.0,1.0000001
4520,bleed,annoy,concrete-negative,abstract-negative,ValenceMatchingOnly,NegativeMatch,ConcreteMismatch,,0.2749415338039398,0.23739816,0.26802102
4521,bleed,befall,concrete-negative,abstract-negative,ValenceMatchingOnly,NegativeMatch,ConcreteMismatch,,0.16123853623867035,0.34051627,0.27378964
4522,bleed,criticize,concrete-negative,abstract-negative,ValenceMatchingOnly,NegativeMatch,ConcreteMismatch,,0.18374410271644592,0.16269319,0.23909302
4523,bleed,exploit,concrete-negative,abstract-negative,ValenceMatchingOnly,NegativeMatch,ConcreteMismatch,,0.20807792246341705,0.16070224,0.30643797
4524,bleed,loathe,concrete-negative,abstract-negative,ValenceMatchingOnly,NegativeMatch,ConcreteMismatch,,0.22382204234600067,0.24516529,0.2790987
4525,bleed,obsess,concrete-negative,abstract-negative,ValenceMatchingOnly,NegativeMatch,ConcreteMismatch,,0.32954710721969604,0.30836186,0.29868898
4526,bleed,resent,concrete-negative,abstract-negative,ValenceMatchingOnly,NegativeMatch,ConcreteMismatch,,0.20190489292144775,0.31145713,0.24463761
4527,bleed,scorn,concrete-negative,abstract-negative,ValenceMatchingOnly,NegativeMatch,ConcreteMismatch,,0.10363882035017014,0.19684988,0.22143322
4528,bleed,violate,concrete-negative,abstract-negative,ValenceMatchingOnly,NegativeMatch,ConcreteMismatch,,0.19501428306102753,0.23165634,0.28027093
4529,bleed,worry,concrete-negative,abstract-negative,ValenceMatchingOnly,NegativeMatch,ConcreteMismatch,,0.27707430720329285,0.3718284,0.28311604
4530,kill,annoy,concrete-negative,abstract-negative,ValenceMatchingOnly,NegativeMatch,ConcreteMismatch,,0.3702242374420166,0.2993495,0.37275672
4531,kill,befall,concrete-negative,abstract-negative,ValenceMatchingOnly,NegativeMatch,ConcreteMismatch,,0.18843793869018555,0.26685318,0.28441843
4532,kill,criticize,concrete-negative,abstract-negative,ValenceMatchingOnly,NegativeMatch,ConcreteMismatch,,0.22508041560649872,0.24531326,0.33967048
4533,kill,exploit,concrete-negative,abstract-negative,ValenceMatchingOnly,NegativeMatch,ConcreteMismatch,,0.24945145845413208,0.33028775,0.3815027
4534,kill,loathe,concrete-negative,abstract-negative,ValenceMatchingOnly,NegativeMatch,ConcreteMismatch,,0.14981453120708466,0.27967682,0.39152062
4535,kill,obsess,concrete-negative,abstract-negative,ValenceMatchingOnly,NegativeMatch,ConcreteMismatch,,0.13475018739700317,0.33076388,0.33990952
4536,kill,resent,concrete-negative,abstract-negative,ValenceMatchingOnly,NegativeMatch,ConcreteMismatch,,0.19736693799495697,0.29649103,0.2888856
4537,kill,scorn,concrete-negative,abstract-negative,ValenceMatchingOnly,NegativeMatch,ConcreteMismatch,,0.08862195163965225,0.22063701,0.3218127
4538,kill,violate,concrete-negative,abstract-negative,ValenceMatchingOnly,NegativeMatch,ConcreteMismatch,,0.21728189289569855,0.2965687,0.3430521
4539,kill,worry,concrete-negative,abstract-negative,ValenceMatchingOnly,NegativeMatch,ConcreteMismatch,,0.1613387018442154,0.38224298,0.30451328
4540,murder,annoy,concrete-negative,abstract-negative,ValenceMatchingOnly,NegativeMatch,ConcreteMismatch,,0.048997510224580765,0.214822,0.29229003
4541,murder,befall,concrete-negative,abstract-negative,ValenceMatchingOnly,NegativeMatch,ConcreteMismatch,,0.11102701723575592,0.26924586,0.20088646
4542,murder,criticize,concrete-negative,abstract-negative,ValenceMatchingOnly,NegativeMatch,ConcreteMismatch,,0.0807306095957756,0.19981189,0.2239711
4543,murder,exploit,concrete-negative,abstract-negative,ValenceMatchingOnly,NegativeMatch,ConcreteMismatch,,0.017677081748843193,0.3022803,0.35400957
4544,murder,loathe,concrete-negative,abstract-negative,ValenceMatchingOnly,NegativeMatch,ConcreteMismatch,,0.07527198642492294,0.1958965,0.32626107
4545,murder,obsess,concrete-negative,abstract-negative,ValenceMatchingOnly,NegativeMatch,ConcreteMismatch,,0.07352948188781738,0.3173307,0.24446638
4546,murder,resent,concrete-negative,abstract-negative,ValenceMatchingOnly,NegativeMatch,ConcreteMismatch,,0.06904146075248718,0.30728757,0.2071519
4547,murder,scorn,concrete-negative,abstract-negative,ValenceMatchingOnly,NegativeMatch,ConcreteMismatch,,0.09145916998386383,0.27083546,0.35243845
4548,murder,violate,concrete-negative,abstract-negative,ValenceMatchingOnly,NegativeMatch,ConcreteMismatch,,0.033487848937511444,0.3548537,0.32512027
4549,murder,worry,concrete-negative,abstract-negative,ValenceMatchingOnly,NegativeMatch,ConcreteMismatch,,-0.0060802120715379715,0.20884204,0.17558442
4550,puke,annoy,concrete-negative,abstract-negative,ValenceMatchingOnly,NegativeMatch,ConcreteMismatch,,0.2921656370162964,0.313402,0.3187359
4551,puke,befall,concrete-negative,abstract-negative,ValenceMatchingOnly,NegativeMatch,ConcreteMismatch,,0.16061148047447205,0.24747069,0.32578132
4552,puke,criticize,concrete-negative,abstract-negative,ValenceMatchingOnly,NegativeMatch,ConcreteMismatch,,0.15504437685012817,0.24879439,0.31461778
4553,puke,exploit,concrete-negative,abstract-negative,ValenceMatchingOnly,NegativeMatch,ConcreteMismatch,,0.04795501381158829,0.2476171,0.2655496
4554,puke,loathe,concrete-negative,abstract-negative,ValenceMatchingOnly,NegativeMatch,ConcreteMismatch,,0.26370128989219666,0.36306414,0.35249314
4555,puke,obsess,concrete-negative,abstract-negative,ValenceMatchingOnly,NegativeMatch,ConcreteMismatch,,0.3478069007396698,0.3287902,0.27040312
4556,puke,resent,concrete-negative,abstract-negative,ValenceMatchingOnly,NegativeMatch,ConcreteMismatch,,0.16861273348331451,0.20189717,0.2495577
4557,puke,scorn,concrete-negative,abstract-negative,ValenceMatchingOnly,NegativeMatch,ConcreteMismatch,,0.19815444946289062,0.27239448,0.42326477
4558,puke,violate,concrete-negative,abstract-negative,ValenceMatchingOnly,NegativeMatch,ConcreteMismatch,,0.10425056517124176,0.28608045,0.23395908
4559,puke,worry,concrete-negative,abstract-negative,ValenceMatchingOnly,NegativeMatch,ConcreteMismatch,,0.1936679184436798,0.36565706,0.21195683
4560,scratch,annoy,concrete-negative,abstract-negative,ValenceMatchingOnly,NegativeMatch,ConcreteMismatch,,0.20603834092617035,0.24748844,0.35856104
4561,scratch,befall,concrete-negative,abstract-negative,ValenceMatchingOnly,NegativeMatch,ConcreteMismatch,,0.10455956310033798,0.21415913,0.11853546
4562,scratch,criticize,concrete-negative,abstract-negative,ValenceMatchingOnly,NegativeMatch,ConcreteMismatch,,0.0798160657286644,0.10985234,0.25894496
4563,scratch,exploit,concrete-negative,abstract-negative,ValenceMatchingOnly,NegativeMatch,ConcreteMismatch,,0.06846734881401062,0.22126275,0.21410513
4564,scratch,loathe,concrete-negative,abstract-negative,ValenceMatchingOnly,NegativeMatch,ConcreteMismatch,,0.12003067880868912,0.16415708,0.17337374
4565,scratch,obsess,concrete-negative,abstract-negative,ValenceMatchingOnly,NegativeMatch,ConcreteMismatch,,0.13533683121204376,0.2051027,0.20676076
4566,scratch,resent,concrete-negative,abstract-negative,ValenceMatchingOnly,NegativeMatch,ConcreteMismatch,,0.09640275686979294,0.26184404,0.16616938
4567,scratch,scorn,concrete-negative,abstract-negative,ValenceMatchingOnly,NegativeMatch,ConcreteMismatch,,0.0895986333489418,0.34847808,0.2840761
4568,scratch,violate,concrete-negative,abstract-negative,ValenceMatchingOnly,NegativeMatch,ConcreteMismatch,,0.06808625161647797,0.21109013,0.3100695
4569,scratch,worry,concrete-negative,abstract-negative,ValenceMatchingOnly,NegativeMatch,ConcreteMismatch,,0.17245294153690338,0.2922975,0.24267232
4570,slap,annoy,concrete-negative,abstract-negative,ValenceMatchingOnly,NegativeMatch,ConcreteMismatch,,0.27140745520591736,0.24955252,0.3661421
4571,slap,befall,concrete-negative,abstract-negative,ValenceMatchingOnly,NegativeMatch,ConcreteMismatch,,0.10984020680189133,0.21577498,0.1715994
4572,slap,criticize,concrete-negative,abstract-negative,ValenceMatchingOnly,NegativeMatch,ConcreteMismatch,,0.3036085069179535,0.18061197,0.2940603
4573,slap,exploit,concrete-negative,abstract-negative,ValenceMatchingOnly,NegativeMatch,ConcreteMismatch,,0.06412886828184128,0.3130747,0.2584073
4574,slap,loathe,concrete-negative,abstract-negative,ValenceMatchingOnly,NegativeMatch,ConcreteMismatch,,0.2004612535238266,0.22110137,0.25256413
4575,slap,obsess,concrete-negative,abstract-negative,ValenceMatchingOnly,NegativeMatch,ConcreteMismatch,,0.09726135432720184,0.2213501,0.124999896
4576,slap,resent,concrete-negative,abstract-negative,ValenceMatchingOnly,NegativeMatch,ConcreteMismatch,,0.23955677449703217,0.23238821,0.22002333
4577,slap,scorn,concrete-negative,abstract-negative,ValenceMatchingOnly,NegativeMatch,ConcreteMismatch,,0.34265050292015076,0.2778769,0.30088422
4578,slap,violate,concrete-negative,abstract-negative,ValenceMatchingOnly,NegativeMatch,ConcreteMismatch,,0.21845249831676483,0.22650783,0.31650215
4579,slap,worry,concrete-negative,abstract-negative,ValenceMatchingOnly,NegativeMatch,ConcreteMismatch,,0.12918944656848907,0.29878914,0.19088466
4580,smack,annoy,concrete-negative,abstract-negative,ValenceMatchingOnly,NegativeMatch,ConcreteMismatch,,0.2502734959125519,0.22715357,0.28900653
4581,smack,befall,concrete-negative,abstract-negative,ValenceMatchingOnly,NegativeMatch,ConcreteMismatch,,0.09896644949913025,0.28223062,0.15343533
4582,smack,criticize,concrete-negative,abstract-negative,ValenceMatchingOnly,NegativeMatch,ConcreteMismatch,,0.21405087411403656,0.24403656,0.19282323
4583,smack,exploit,concrete-negative,abstract-negative,ValenceMatchingOnly,NegativeMatch,ConcreteMismatch,,0.1529070883989334,0.30958384,0.29915527
4584,smack,loathe,concrete-negative,abstract-negative,ValenceMatchingOnly,NegativeMatch,ConcreteMismatch,,0.20743979513645172,0.18598808,0.18989784
4585,smack,obsess,concrete-negative,abstract-negative,ValenceMatchingOnly,NegativeMatch,ConcreteMismatch,,0.1888933926820755,0.13932632,0.18674526
4586,smack,resent,concrete-negative,abstract-negative,ValenceMatchingOnly,NegativeMatch,ConcreteMismatch,,0.2192825824022293,0.214064,0.1579355
4587,smack,scorn,concrete-negative,abstract-negative,ValenceMatchingOnly,NegativeMatch,ConcreteMismatch,,0.26776906847953796,0.36324602,0.32018906
4588,smack,violate,concrete-negative,abstract-negative,ValenceMatchingOnly,NegativeMatch,ConcreteMismatch,,0.14684046804904938,0.32341185,0.29756635
4589,smack,worry,concrete-negative,abstract-negative,ValenceMatchingOnly,NegativeMatch,ConcreteMismatch,,0.1760123372077942,0.12195207,0.17821752
4590,spit,annoy,concrete-negative,abstract-negative,ValenceMatchingOnly,NegativeMatch,ConcreteMismatch,,0.2595609128475189,0.23881926,0.2415815
4591,spit,befall,concrete-negative,abstract-negative,ValenceMatchingOnly,NegativeMatch,ConcreteMismatch,,0.06698494404554367,0.2003357,0.18494675
4592,spit,criticize,concrete-negative,abstract-negative,ValenceMatchingOnly,NegativeMatch,ConcreteMismatch,,0.22824011743068695,0.19714507,0.23614892
4593,spit,exploit,concrete-negative,abstract-negative,ValenceMatchingOnly,NegativeMatch,ConcreteMismatch,,0.09712424129247665,0.30226704,0.19472559
4594,spit,loathe,concrete-negative,abstract-negative,ValenceMatchingOnly,NegativeMatch,ConcreteMismatch,,0.18230417370796204,0.20837373,0.28893906
4595,spit,obsess,concrete-negative,abstract-negative,ValenceMatchingOnly,NegativeMatch,ConcreteMismatch,,0.1601412147283554,0.3231135,0.19748978
4596,spit,resent,concrete-negative,abstract-negative,ValenceMatchingOnly,NegativeMatch,ConcreteMismatch,,0.1912100464105606,0.1964678,0.20868716
4597,spit,scorn,concrete-negative,abstract-negative,ValenceMatchingOnly,NegativeMatch,ConcreteMismatch,,0.23785117268562317,0.18605788,0.27523142
4598,spit,violate,concrete-negative,abstract-negative,ValenceMatchingOnly,NegativeMatch,ConcreteMismatch,,0.1312340348958969,0.2851243,0.22872557
4599,spit,worry,concrete-negative,abstract-negative,ValenceMatchingOnly,NegativeMatch,ConcreteMismatch,,0.08893486112356186,0.31226897,0.15323032
4600,stab,annoy,concrete-negative,abstract-negative,ValenceMatchingOnly,NegativeMatch,ConcreteMismatch,,0.2340082824230194,0.18569767,0.31525815
4601,stab,befall,concrete-negative,abstract-negative,ValenceMatchingOnly,NegativeMatch,ConcreteMismatch,,0.10067448019981384,0.32178998,0.15670405
4602,stab,criticize,concrete-negative,abstract-negative,ValenceMatchingOnly,NegativeMatch,ConcreteMismatch,,0.21764275431632996,0.19634828,0.26769817
4603,stab,exploit,concrete-negative,abstract-negative,ValenceMatchingOnly,NegativeMatch,ConcreteMismatch,,0.09967413544654846,0.339648,0.29198036
4604,stab,loathe,concrete-negative,abstract-negative,ValenceMatchingOnly,NegativeMatch,ConcreteMismatch,,0.1285175085067749,0.14487538,0.22301729
4605,stab,obsess,concrete-negative,abstract-negative,ValenceMatchingOnly,NegativeMatch,ConcreteMismatch,,0.09874742478132248,0.17028373,0.18427145
4606,stab,resent,concrete-negative,abstract-negative,ValenceMatchingOnly,NegativeMatch,ConcreteMismatch,,0.1280869096517563,0.25372684,0.21594676
4607,stab,scorn,concrete-negative,abstract-negative,ValenceMatchingOnly,NegativeMatch,ConcreteMismatch,,0.12897039949893951,0.26076776,0.30534223
4608,stab,violate,concrete-negative,abstract-negative,ValenceMatchingOnly,NegativeMatch,ConcreteMismatch,,0.1418163925409317,0.17437604,0.24355711
4609,stab,worry,concrete-negative,abstract-negative,ValenceMatchingOnly,NegativeMatch,ConcreteMismatch,,0.10527043044567108,0.23337339,0.26400304
4610,vomit,annoy,concrete-negative,abstract-negative,ValenceMatchingOnly,NegativeMatch,ConcreteMismatch,,0.2307872623205185,0.26511952,0.20192748
4611,vomit,befall,concrete-negative,abstract-negative,ValenceMatchingOnly,NegativeMatch,ConcreteMismatch,,0.10465026646852493,0.37181467,0.32569236
4612,vomit,criticize,concrete-negative,abstract-negative,ValenceMatchingOnly,NegativeMatch,ConcreteMismatch,,0.13960912823677063,0.25455946,0.21137191
4613,vomit,exploit,concrete-negative,abstract-negative,ValenceMatchingOnly,NegativeMatch,ConcreteMismatch,,0.014061001129448414,0.34167317,0.21420054
4614,vomit,loathe,concrete-negative,abstract-negative,ValenceMatchingOnly,NegativeMatch,ConcreteMismatch,,0.1655832976102829,0.25330338,0.27294558
4615,vomit,obsess,concrete-negative,abstract-negative,ValenceMatchingOnly,NegativeMatch,ConcreteMismatch,,0.22177937626838684,0.3878137,0.22590739
4616,vomit,resent,concrete-negative,abstract-negative,ValenceMatchingOnly,NegativeMatch,ConcreteMismatch,,0.12981219589710236,0.21881211,0.16050619
4617,vomit,scorn,concrete-negative,abstract-negative,ValenceMatchingOnly,NegativeMatch,ConcreteMismatch,,0.16755685210227966,0.23880048,0.3076555
4618,vomit,violate,concrete-negative,abstract-negative,ValenceMatchingOnly,NegativeMatch,ConcreteMismatch,,0.12512846291065216,0.35143793,0.14448622
4619,vomit,worry,concrete-negative,abstract-negative,ValenceMatchingOnly,NegativeMatch,ConcreteMismatch,,0.12552765011787415,0.34033126,0.1486884
4620,build,imagine,concrete-positive,abstract-positive,ValenceMatchingOnly,PositiveMatch,ConcreteMismatch,,0.18908366560935974,0.2223619,0.16681224
4621,build,enlighten,concrete-positive,abstract-positive,ValenceMatchingOnly,PositiveMatch,ConcreteMismatch,,0.11900381743907928,0.17610838,0.14496163
4622,build,admired,concrete-positive,abstract-positive,ValenceMatchingOnly,PositiveMatch,ConcreteMismatch,,0.08718311786651611,0.2720442,0.20358317
4623,build,cherish,concrete-positive,abstract-positive,ValenceMatchingOnly,PositiveMatch,ConcreteMismatch,,0.18258586525917053,0.17439915,0.17543188
4624,build,hope,concrete-positive,abstract-positive,ValenceMatchingOnly,PositiveMatch,ConcreteMismatch,,0.1806018352508545,0.2658955,0.20611048
4625,build,believe,concrete-positive,abstract-positive,ValenceMatchingOnly,PositiveMatch,ConcreteMismatch,,0.15712092816829681,0.22916926,0.22584619
4626,build,fulfill,concrete-positive,abstract-positive,ValenceMatchingOnly,PositiveMatch,ConcreteMismatch,,0.2941861152648926,0.3526712,0.30874485
4627,build,esteem,concrete-positive,abstract-positive,ValenceMatchingOnly,PositiveMatch,ConcreteMismatch,,0.04965197667479515,0.27089685,0.18166167
4628,build,justify,concrete-positive,abstract-positive,ValenceMatchingOnly,PositiveMatch,ConcreteMismatch,,0.21210315823554993,0.2548194,0.21101788
4629,build,respect,concrete-positive,abstract-positive,ValenceMatchingOnly,PositiveMatch,ConcreteMismatch,,0.10371401160955429,0.23653431,0.21785033
4630,cook,imagine,concrete-positive,abstract-positive,ValenceMatchingOnly,PositiveMatch,ConcreteMismatch,,0.11419866234064102,0.18315512,0.24763437
4631,cook,enlighten,concrete-positive,abstract-positive,ValenceMatchingOnly,PositiveMatch,ConcreteMismatch,,0.20066262781620026,0.25255895,0.26029795
4632,cook,admired,concrete-positive,abstract-positive,ValenceMatchingOnly,PositiveMatch,ConcreteMismatch,,0.13892969489097595,0.25147387,0.19327474
4633,cook,cherish,concrete-positive,abstract-positive,ValenceMatchingOnly,PositiveMatch,ConcreteMismatch,,0.16429150104522705,0.19864964,0.19824156
4634,cook,hope,concrete-positive,abstract-positive,ValenceMatchingOnly,PositiveMatch,ConcreteMismatch,,0.03632432222366333,0.15350747,0.20911501
4635,cook,believe,concrete-positive,abstract-positive,ValenceMatchingOnly,PositiveMatch,ConcreteMismatch,,0.07650662958621979,0.2162052,0.23459737
4636,cook,fulfill,concrete-positive,abstract-positive,ValenceMatchingOnly,PositiveMatch,ConcreteMismatch,,0.11385595798492432,0.28245354,0.25932604
4637,cook,esteem,concrete-positive,abstract-positive,ValenceMatchingOnly,PositiveMatch,ConcreteMismatch,,0.02161191962659359,0.19666347,0.1905484
4638,cook,justify,concrete-positive,abstract-positive,ValenceMatchingOnly,PositiveMatch,ConcreteMismatch,,0.06964747607707977,0.21555032,0.29184923
4639,cook,respect,concrete-positive,abstract-positive,ValenceMatchingOnly,PositiveMatch,ConcreteMismatch,,0.009001004509627819,0.26799276,0.3013546
4640,cuddle,imagine,concrete-positive,abstract-positive,ValenceMatchingOnly,PositiveMatch,ConcreteMismatch,,0.18581143021583557,0.1288783,0.22321105
4641,cuddle,enlighten,concrete-positive,abstract-positive,ValenceMatchingOnly,PositiveMatch,ConcreteMismatch,,0.11679467558860779,0.09627424,0.1948658
4642,cuddle,admired,concrete-positive,abstract-positive,ValenceMatchingOnly,PositiveMatch,ConcreteMismatch,,0.09671375155448914,0.26895797,0.13493718
4643,cuddle,cherish,concrete-positive,abstract-positive,ValenceMatchingOnly,PositiveMatch,ConcreteMismatch,,0.2685214877128601,0.25882372,0.4220982
4644,cuddle,hope,concrete-positive,abstract-positive,ValenceMatchingOnly,PositiveMatch,ConcreteMismatch,,0.15351331233978271,0.17874923,0.2280462
4645,cuddle,believe,concrete-positive,abstract-positive,ValenceMatchingOnly,PositiveMatch,ConcreteMismatch,,0.08838587254285812,0.18783246,0.16642493
4646,cuddle,fulfill,concrete-positive,abstract-positive,ValenceMatchingOnly,PositiveMatch,ConcreteMismatch,,0.052026573568582535,0.2629376,0.21065573
4647,cuddle,esteem,concrete-positive,abstract-positive,ValenceMatchingOnly,PositiveMatch,ConcreteMismatch,,0.07187699526548386,0.18235359,0.1790258
4648,cuddle,justify,concrete-positive,abstract-positive,ValenceMatchingOnly,PositiveMatch,ConcreteMismatch,,-0.006694563664495945,0.22302112,0.22226252
4649,cuddle,respect,concrete-positive,abstract-positive,ValenceMatchingOnly,PositiveMatch,ConcreteMismatch,,0.08094801008701324,0.31799284,0.22961172
4650,eat,imagine,concrete-positive,abstract-positive,ValenceMatchingOnly,PositiveMatch,ConcreteMismatch,,0.2322326898574829,0.19505727,0.29215154
4651,eat,enlighten,concrete-positive,abstract-positive,ValenceMatchingOnly,PositiveMatch,ConcreteMismatch,,0.16712313890457153,0.20526624,0.30435508
4652,eat,admired,concrete-positive,abstract-positive,ValenceMatchingOnly,PositiveMatch,ConcreteMismatch,,0.10564298182725906,0.28924948,0.22887449
4653,eat,cherish,concrete-positive,abstract-positive,ValenceMatchingOnly,PositiveMatch,ConcreteMismatch,,0.28494992852211,0.24255115,0.29610008
4654,eat,hope,concrete-positive,abstract-positive,ValenceMatchingOnly,PositiveMatch,ConcreteMismatch,,0.10527047514915466,0.16041854,0.1938482
4655,eat,believe,concrete-positive,abstract-positive,ValenceMatchingOnly,PositiveMatch,ConcreteMismatch,,0.18940159678459167,0.21811706,0.25881463
4656,eat,fulfill,concrete-positive,abstract-positive,ValenceMatchingOnly,PositiveMatch,ConcreteMismatch,,0.1354086697101593,0.41001865,0.39585224
4657,eat,esteem,concrete-positive,abstract-positive,ValenceMatchingOnly,PositiveMatch,ConcreteMismatch,,0.026903873309493065,0.3089692,0.2344343
4658,eat,justify,concrete-positive,abstract-positive,ValenceMatchingOnly,PositiveMatch,ConcreteMismatch,,0.126937597990036,0.2753081,0.36375275
4659,eat,respect,concrete-positive,abstract-positive,ValenceMatchingOnly,PositiveMatch,ConcreteMismatch,,0.12433680146932602,0.2648307,0.27469084
4660,hug,imagine,concrete-positive,abstract-positive,ValenceMatchingOnly,PositiveMatch,ConcreteMismatch,,0.22070959210395813,0.2638764,0.22471136
4661,hug,enlighten,concrete-positive,abstract-positive,ValenceMatchingOnly,PositiveMatch,ConcreteMismatch,,0.04348612576723099,0.1410422,0.17367476
4662,hug,admired,concrete-positive,abstract-positive,ValenceMatchingOnly,PositiveMatch,ConcreteMismatch,,0.17788006365299225,0.38125384,0.23913337
4663,hug,cherish,concrete-positive,abstract-positive,ValenceMatchingOnly,PositiveMatch,ConcreteMismatch,,0.3087194263935089,0.27267322,0.40877134
4664,hug,hope,concrete-positive,abstract-positive,ValenceMatchingOnly,PositiveMatch,ConcreteMismatch,,0.22568902373313904,0.34258968,0.35643703
4665,hug,believe,concrete-positive,abstract-positive,ValenceMatchingOnly,PositiveMatch,ConcreteMismatch,,0.09448781609535217,0.2712576,0.2770406
4666,hug,fulfill,concrete-positive,abstract-positive,ValenceMatchingOnly,PositiveMatch,ConcreteMismatch,,0.05769418552517891,0.21735711,0.21679473
4667,hug,esteem,concrete-positive,abstract-positive,ValenceMatchingOnly,PositiveMatch,ConcreteMismatch,,0.14306840300559998,0.3067879,0.2567614
4668,hug,justify,concrete-positive,abstract-positive,ValenceMatchingOnly,PositiveMatch,ConcreteMismatch,,-0.024443455040454865,0.3165858,0.25750104
4669,hug,respect,concrete-positive,abstract-positive,ValenceMatchingOnly,PositiveMatch,ConcreteMismatch,,0.22523483633995056,0.38922825,0.29802138
4670,kiss,imagine,concrete-positive,abstract-positive,ValenceMatchingOnly,PositiveMatch,ConcreteMismatch,,0.17421022057533264,0.29163456,0.2897732
4671,kiss,enlighten,concrete-positive,abstract-positive,ValenceMatchingOnly,PositiveMatch,ConcreteMismatch,,0.07451308518648148,0.22324722,0.23864636
4672,kiss,admired,concrete-positive,abstract-positive,ValenceMatchingOnly,PositiveMatch,ConcreteMismatch,,0.09983067959547043,0.3007105,0.18586752
4673,kiss,cherish,concrete-positive,abstract-positive,ValenceMatchingOnly,PositiveMatch,ConcreteMismatch,,0.26179131865501404,0.33454484,0.43749702
4674,kiss,hope,concrete-positive,abstract-positive,ValenceMatchingOnly,PositiveMatch,ConcreteMismatch,,0.1350308656692505,0.22901452,0.22536363
4675,kiss,believe,concrete-positive,abstract-positive,ValenceMatchingOnly,PositiveMatch,ConcreteMismatch,,0.11005959659814835,0.22907737,0.287576
4676,kiss,fulfill,concrete-positive,abstract-positive,ValenceMatchingOnly,PositiveMatch,ConcreteMismatch,,0.11550113558769226,0.36181793,0.25144362
4677,kiss,esteem,concrete-positive,abstract-positive,ValenceMatchingOnly,PositiveMatch,ConcreteMismatch,,0.15536890923976898,0.33350083,0.26120532
4678,kiss,justify,concrete-positive,abstract-positive,ValenceMatchingOnly,PositiveMatch,ConcreteMismatch,,0.051800720393657684,0.28084695,0.24349444
4679,kiss,respect,concrete-positive,abstract-positive,ValenceMatchingOnly,PositiveMatch,ConcreteMismatch,,0.15604114532470703,0.45717856,0.3446061
4680,running,imagine,concrete-positive,abstract-positive,ValenceMatchingOnly,PositiveMatch,ConcreteMismatch,,0.09575135260820389,0.26998112,0.18990692
4681,running,enlighten,concrete-positive,abstract-positive,ValenceMatchingOnly,PositiveMatch,ConcreteMismatch,,-0.05390319228172302,0.2123295,0.13507381
4682,running,admired,concrete-positive,abstract-positive,ValenceMatchingOnly,PositiveMatch,ConcreteMismatch,,0.07991466671228409,0.29728064,0.13800722
4683,running,cherish,concrete-positive,abstract-positive,ValenceMatchingOnly,PositiveMatch,ConcreteMismatch,,0.035493820905685425,0.17867088,0.15540552
4684,running,hope,concrete-positive,abstract-positive,ValenceMatchingOnly,PositiveMatch,ConcreteMismatch,,0.0958700180053711,0.26062667,0.17391595
4685,running,believe,concrete-positive,abstract-positive,ValenceMatchingOnly,PositiveMatch,ConcreteMismatch,,0.05483894422650337,0.23154205,0.18922608
4686,running,fulfill,concrete-positive,abstract-positive,ValenceMatchingOnly,PositiveMatch,ConcreteMismatch,,0.04133298248052597,0.30930424,0.15820828
4687,running,esteem,concrete-positive,abstract-positive,ValenceMatchingOnly,PositiveMatch,ConcreteMismatch,,0.0009258535574190319,0.19034171,0.16501744
4688,running,justify,concrete-positive,abstract-positive,ValenceMatchingOnly,PositiveMatch,ConcreteMismatch,,-0.00764823192730546,0.23624676,0.18785223
4689,running,respect,concrete-positive,abstract-positive,ValenceMatchingOnly,PositiveMatch,ConcreteMismatch,,0.013558349572122097,0.2513753,0.23636205
4690,sail,imagine,concrete-positive,abstract-positive,ValenceMatchingOnly,PositiveMatch,ConcreteMismatch,,0.12156548351049423,0.21540835,0.22735523
4691,sail,enlighten,concrete-positive,abstract-positive,ValenceMatchingOnly,PositiveMatch,ConcreteMismatch,,0.1357114464044571,0.23218788,0.20366088
4692,sail,admired,concrete-positive,abstract-positive,ValenceMatchingOnly,PositiveMatch,ConcreteMismatch,,0.11018038541078568,0.29528233,0.21253997
4693,sail,cherish,concrete-positive,abstract-positive,ValenceMatchingOnly,PositiveMatch,ConcreteMismatch,,0.10485503822565079,0.27840382,0.23952514
4694,sail,hope,concrete-positive,abstract-positive,ValenceMatchingOnly,PositiveMatch,ConcreteMismatch,,0.09350741654634476,0.21721643,0.21903205
4695,sail,believe,concrete-positive,abstract-positive,ValenceMatchingOnly,PositiveMatch,ConcreteMismatch,,0.005534833762794733,0.24367794,0.20908833
4696,sail,fulfill,concrete-positive,abstract-positive,ValenceMatchingOnly,PositiveMatch,ConcreteMismatch,,0.1679500937461853,0.27529517,0.20268174
4697,sail,esteem,concrete-positive,abstract-positive,ValenceMatchingOnly,PositiveMatch,ConcreteMismatch,,0.019583795219659805,0.17723317,0.2064687
4698,sail,justify,concrete-positive,abstract-positive,ValenceMatchingOnly,PositiveMatch,ConcreteMismatch,,0.047652944922447205,0.19616032,0.20376645
4699,sail,respect,concrete-positive,abstract-positive,ValenceMatchingOnly,PositiveMatch,ConcreteMismatch,,-0.011885943822562695,0.15602773,0.19176666
4700,smile,imagine,concrete-positive,abstract-positive,ValenceMatchingOnly,PositiveMatch,ConcreteMismatch,,0.21014711260795593,0.29268447,0.2710802
4701,smile,enlighten,concrete-positive,abstract-positive,ValenceMatchingOnly,PositiveMatch,ConcreteMismatch,,0.16322532296180725,0.20263633,0.2502913
4702,smile,admired,concrete-positive,abstract-positive,ValenceMatchingOnly,PositiveMatch,ConcreteMismatch,,0.23418287932872772,0.2949685,0.25892636
4703,smile,cherish,concrete-positive,abstract-positive,ValenceMatchingOnly,PositiveMatch,ConcreteMismatch,,0.2578023672103882,0.31684178,0.34353775
4704,smile,hope,concrete-positive,abstract-positive,ValenceMatchingOnly,PositiveMatch,ConcreteMismatch,,0.24785275757312775,0.3187492,0.2926532
4705,smile,believe,concrete-positive,abstract-positive,ValenceMatchingOnly,PositiveMatch,ConcreteMismatch,,0.055223070085048676,0.23490363,0.22688329
4706,smile,fulfill,concrete-positive,abstract-positive,ValenceMatchingOnly,PositiveMatch,ConcreteMismatch,,0.053776808083057404,0.36621925,0.3023768
4707,smile,esteem,concrete-positive,abstract-positive,ValenceMatchingOnly,PositiveMatch,ConcreteMismatch,,0.16072918474674225,0.25053388,0.32591313
4708,smile,justify,concrete-positive,abstract-positive,ValenceMatchingOnly,PositiveMatch,ConcreteMismatch,,-0.010777298361063004,0.24010058,0.19911566
4709,smile,respect,concrete-positive,abstract-positive,ValenceMatchingOnly,PositiveMatch,ConcreteMismatch,,0.15972010791301727,0.3576941,0.30522716
4710,swing,imagine,concrete-positive,abstract-positive,ValenceMatchingOnly,PositiveMatch,ConcreteMismatch,,0.050577908754348755,0.18580763,0.2302112
4711,swing,enlighten,concrete-positive,abstract-positive,ValenceMatchingOnly,PositiveMatch,ConcreteMismatch,,0.04687292128801346,0.1653265,0.13527425
4712,swing,admired,concrete-positive,abstract-positive,ValenceMatchingOnly,PositiveMatch,ConcreteMismatch,,0.07344688475131989,0.1755847,0.19758046
4713,swing,cherish,concrete-positive,abstract-positive,ValenceMatchingOnly,PositiveMatch,ConcreteMismatch,,0.07094962894916534,0.17195018,0.1729106
4714,swing,hope,concrete-positive,abstract-positive,ValenceMatchingOnly,PositiveMatch,ConcreteMismatch,,0.0932360291481018,0.15055047,0.16680467
4715,swing,believe,concrete-positive,abstract-positive,ValenceMatchingOnly,PositiveMatch,ConcreteMismatch,,0.08612293004989624,0.1832774,0.15928
4716,swing,fulfill,concrete-positive,abstract-positive,ValenceMatchingOnly,PositiveMatch,ConcreteMismatch,,0.056955788284540176,0.2591595,0.13321123
4717,swing,esteem,concrete-positive,abstract-positive,ValenceMatchingOnly,PositiveMatch,ConcreteMismatch,,0.03713180869817734,0.15325487,0.16639763
4718,swing,justify,concrete-positive,abstract-positive,ValenceMatchingOnly,PositiveMatch,ConcreteMismatch,,0.04722539335489273,0.19426101,0.17959207
4719,swing,respect,concrete-positive,abstract-positive,ValenceMatchingOnly,PositiveMatch,ConcreteMismatch,,0.049587707966566086,0.2620046,0.22589183
